Date,Open,High,Low,Close,Volume,No_of_Trades,Delivery_Pct
2021-08-16,1699.471435546875,1734.8448501205812,1672.9896576928836,1702.4675228342082,103044,8520,72.28420738151283
2021-08-17,1686.955322265625,1709.7161468790996,1666.562462481548,1699.4714044168036,124149,13516,72.62693482549622
2021-08-18,1702.274169921875,1706.6233628772407,1647.86088642187,1680.721455417966,79837,10217,67.83692467092713
2021-08-20,1657.1875,1746.5392051737692,1626.6465244098263,1704.8836254494297,161033,6944,48.468709214696375
2021-08-23,1618.818115234375,1673.8596465731923,1569.9138736171117,1657.5259849910976,82244,17848,58.84244224430772
2021-08-24,1640.032470703125,1667.1907426837124,1606.3504088598622,1623.6021851230537,76587,17245,76.30999984570853
2021-08-25,1673.08642578125,1688.2603497577577,1632.1557052658063,1644.8650390166852,82301,11507,49.78111947573894
2021-08-26,1678.160400390625,1716.1916565965487,1664.6779481355009,1685.0708090076762,91908,14562,49.44246251248187
2021-08-27,1788.050048828125,1802.498988163459,1676.8556270582312,1691.3529379549882,540087,5561,70.0994940278682
2021-08-30,1857.2987060546875,1860.48816152335,1770.604837356248,1812.1637936915747,656830,11807,54.960400947782865
2021-08-31,1832.218505859375,1860.4882625764458,1822.7952536203516,1860.4882625764458,149686,7747,66.03519891396579
2021-09-01,1820.0889892578125,1847.199007494827,1795.250310750368,1845.9908982682116,130632,9839,74.04505299949251
2021-09-02,1830.865478515625,1853.6745587547396,1809.6027546016423,1842.6083246367323,199503,8559,77.56226444637934
2021-09-03,1786.7452392578125,1836.3260909039886,1781.236308176869,1836.3260909039886,202306,9334,52.85687611947667
2021-09-06,1789.789794921875,1809.98940660914,1778.336942016189,1792.8342540434946,87428,14035,54.70038722100118
2021-09-07,1807.6214599609375,1835.35960158726,1773.5527785728643,1805.9783605673354,238450,4663,49.81157716807935
2021-09-08,1813.855224609375,1834.39308182155,1796.3618262974767,1797.66656068919,238158,10531,66.68198323813327
2021-09-09,1806.7999267578125,1849.3253748060522,1790.0313929983122,1822.0704757487235,227286,8251,62.619648592205465
2021-09-13,1798.633056640625,1813.565239822365,1777.4187053405808,1802.499006251889,80818,4372,61.428716893011625
2021-09-14,1843.3814697265625,1852.7563503377557,1807.9596828339238,1824.7282156691094,163938,3620,76.0845139876178
2021-09-15,1842.0284423828125,1860.4883289599852,1826.8545187303935,1854.6894042982917,159852,10765,74.43079820082203
2021-09-16,1844.1064453125,1878.7549971588874,1818.8327746366865,1836.3261740674436,248127,5470,71.4463424505683
2021-09-17,1781.4295654296875,1850.8234093804733,1773.5527873398821,1837.292585499885,115350,5677,56.84510395684636
2021-09-20,1812.308837890625,1821.490468019308,1778.3367828186142,1781.429495249141,105956,15765,50.13625396461191
2021-09-21,1812.163818359375,1841.158439453125,1792.012580295102,1808.2978688802084,118562,13776,77.46694737748459
2021-09-22,1806.5098876953125,1840.191948878,1802.5955666627083,1807.3313783623214,138187,11728,58.37767704218126
2021-09-23,1834.48974609375,1842.0283951524273,1794.7671367755393,1826.6612215970754,119769,17785,61.091410525542656
2021-09-24,1815.7396240234375,1853.9642435240096,1808.394344217373,1839.2253123556316,56336,15543,75.12698812949873
2021-09-27,1792.8341064453125,1844.1063096192488,1783.265857699128,1824.7281902796497,134399,4843,62.17272096591759
2021-09-28,1740.3056640625,1807.2349204989607,1730.0125490435346,1807.2349204989607,87735,6985,73.54793865376138
2021-09-29,1759.53857421875,1777.1769681756546,1736.8743753056558,1740.547074389817,152524,12178,60.13625092708506
2021-09-30,1807.9111328125,1816.029649786886,1760.2633793667792,1773.2142148965816,70990,15746,49.80753846134026
2021-10-01,1796.6033935546875,1811.0523325272575,1758.3305173440351,1807.3313797530607,67958,8367,55.73634485976462
2021-10-04,1810.4239501953125,1829.94706430306,1783.169055722375,1797.7629902519182,169391,13320,58.64861002599861
2021-10-05,1815.01513671875,1841.7385394435405,1795.7337584630848,1795.7337584630848,159998,8609,53.82709938818899
2021-10-06,1810.5689697265625,1832.4115592297214,1797.763012931771,1816.0296465972042,60478,13176,70.23868452731499
2021-10-07,1808.781494140625,1834.3934148431238,1800.5663497643518,1816.9966385168982,64748,14452,76.84227183046542
2021-10-08,1778.0950927734375,1824.244863492248,1765.7723791260064,1814.9666085771235,62953,12906,64.85730269078378
2021-10-11,1769.251953125,1807.3799549088546,1759.5388247615347,1784.5225024648048,66749,16416,72.08191618755967
2021-10-12,1766.400634765625,1797.666477047422,1758.0404955641186,1778.5299802612808,83711,13378,60.54495389435531
2021-10-13,1746.2977294921875,1814.0968439805793,1739.677314419309,1773.456001749183,132820,14959,47.94871998263208
2021-10-14,1758.0406494140625,1784.619053954407,1750.8886187782305,1763.259705174233,92662,13309,48.74871391325593
2021-10-18,1768.1888427734375,1796.6518518372975,1765.7726240760155,1776.21073604065,92011,5352,54.44594907944501
2021-10-19,1784.3773193359375,1801.532470273358,1759.9735130728461,1781.1396102196877,93823,4169,64.65785770697816
2021-10-20,1768.913330078125,1795.6367267523613,1754.4160209940262,1794.7668646114346,93490,15845,69.58528923097823
2021-10-21,1812.163818359375,1815.7397744358382,1763.8878214300476,1778.046767013963,114209,3731,75.58240456451809
2021-10-22,1845.3143310546875,1874.0189579480475,1817.3344516891157,1824.7281034584391,338028,13110,62.207793578315474
2021-10-25,1788.19482421875,1903.9800544150437,1768.6718271977309,1855.6556875517176,335087,12064,75.13172571238101
2021-10-26,1783.7491455078125,1806.2199778559166,1757.1707416552163,1802.4023997670392,206780,15167,60.68543520799645
2021-10-27,1816.706298828125,1868.0751271752758,1803.513840345153,1855.704159377485,529236,14090,73.96937352595299
2021-10-28,1917.1728515625,1932.0084103068905,1815.8366661435387,1816.706410463989,1355503,5892,65.87102253015824
2021-10-29,2048.856201171875,2081.5718885572105,1888.8060561562895,1930.9931297056883,960349,14877,77.33742818036683
2021-11-01,2010.003662109375,2097.277515595265,1963.9988885889738,2034.4558388608446,485302,9807,53.70018434980574
2021-11-02,1993.3319091796875,2044.120869706237,1972.8907948661613,2019.958684485123,118552,7333,74.52836337270378
2021-11-03,1999.614013671875,2072.873804121557,1983.4253500891564,1996.956173382175,385323,5129,51.224596644674016
2021-11-04,2035.0841064453125,2052.5292512672468,1990.964050866681,2006.6694711708478,42743,6759,52.67372125812472
2021-11-08,2016.9625244140625,2053.157667454928,2001.7887189463258,2039.2884784431153,194599,9741,61.698798453375815
2021-11-09,2111.8232421875,2134.3905803509515,2014.5945198931338,2024.7426371204078,595914,4409,62.62202238414158
2021-11-10,2097.9541015625,2147.631694303768,2078.9143474319008,2111.82328980268,207186,11457,64.94180012039249
2021-11-11,2099.5009765625,2131.1050726246135,2060.696359401741,2108.730979964509,123304,17831,52.253167329393094
2021-11-12,2137.193603515625,2157.1998452108946,2081.330585421891,2087.8060037153004,258341,9672,71.4711513899573
2021-11-15,2076.111572265625,2156.233279249082,2065.383468290134,2155.2667918984553,91793,9273,62.14184637898481
2021-11-16,2103.99462890625,2116.558964692223,2068.4762181266724,2076.111609910369,384464,7009,51.547376909106546
2021-11-17,2118.25048828125,2135.9372557354445,2077.9963805374678,2084.9066713930724,216359,16429,60.218042741545275
2021-11-18,2077.512939453125,2148.4046453097894,2052.8191403610654,2126.272179281706,110299,12562,58.313630857712354
2021-11-22,2029.4300537109375,2111.4363584891857,1911.953476710429,2085.824445367575,240928,4036,52.901330791414566
2021-11-23,2032.716064453125,2082.780154333746,2009.665483670707,2010.2936060390678,107742,16506,53.641161586558155
2021-11-24,2015.8992919921875,2039.191494745064,1986.807929381365,2034.4558012776358,214763,12378,71.17935947552766
2021-11-25,1978.351318359375,2031.0248811833508,1971.6342781818462,2023.9694760353448,248082,11036,72.34323126911661
2021-11-26,1928.1424560546875,1994.0568527240353,1908.8127071218084,1974.5338534935972,87944,9361,65.93589073765814
2021-11-29,2013.5316162109375,2047.986797586707,1888.5647483830392,1889.4828642199209,141832,14613,68.24085158398503
2021-11-30,1992.752197265625,2091.9620373394173,1954.2375788867184,2035.4225228167304,239856,17638,52.16432111576788
2021-12-01,1950.2750244140625,2017.7357767876695,1940.996768606679,1987.0981721998976,122697,11678,75.93813803133799
2021-12-02,2042.043212890625,2067.316766683221,1950.2751537922734,1950.2751537922734,299002,15085,71.7352664598325
2021-12-03,2008.7471923828125,2059.101277163054,1994.9266121926162,2020.2485333001578,54725,9005,70.15586642053503
2021-12-06,1985.6966552734375,2016.914244233979,1966.8017801689919,2008.3607367032753,57116,8900,67.25601613630786
2021-12-07,1996.4730224609375,2027.642241852088,1966.8019057671768,1995.6032781637916,132978,14371,52.89538388869628
2021-12-08,2022.6165771484375,2048.4217444399383,2007.9260153459857,2007.9260153459857,176891,6355,75.29081358275033
2021-12-09,2223.307373046875,2295.4074226861453,2029.768284039338,2033.8758552167762,1034082,4752,56.621062721947936
2021-12-10,2188.513916015625,2292.508051875465,2160.437646558836,2222.920960924776,481269,6373,49.81800678184643
2021-12-13,2230.266357421875,2277.0442519146886,2188.6590288018715,2192.911478861643,264261,4747,61.2079842281267
2021-12-14,2196.39111328125,2241.9609024057154,2184.310020092489,2227.753584007503,71628,11145,52.49909948274968
2021-12-15,2157.248046875,2216.735387980655,2147.0031870083335,2207.36027230922,63111,10317,62.44961819205682
2021-12-16,2160.0029296875,2198.7591748005,2120.473683302109,2145.699102724029,270580,12539,56.74619462650579
2021-12-17,2126.030517578125,2186.822476635062,2097.2775193292564,2155.266759495042,169226,6049,78.24265250682707
2021-12-20,2050.547607421875,2140.76928781795,2007.0075449852172,2140.76928781795,102709,13433,59.09823725585005
2021-12-21,2127.23876953125,2145.602030149648,2029.7202851570828,2055.718701859595,240790,12648,69.9595157931304
2021-12-22,2207.891845703125,2253.8483636021265,2129.171503008355,2129.171503008355,961653,4816,63.35895176802144
2021-12-23,2187.934326171875,2229.6381650589387,2179.42918946026,2200.643541695831,93625,14485,57.41112503939281
2021-12-24,2169.32958984375,2266.799713745454,2157.2001243898385,2206.974231202597,220693,5075,78.76095464777643
2021-12-27,2121.9228515625,2191.751558474543,2102.399855437677,2174.016422266299,134745,9458,68.7012250181177
2021-12-28,2133.134033203125,2183.1978823278287,2112.3061864637416,2138.1597195449,182668,8580,71.54752730508287
2021-12-29,2151.981201171875,2175.128530027699,2118.8306321248783,2118.8306321248783,182349,14184,73.12471251760343
2021-12-30,2160.48583984375,2169.8125848302066,2138.450115888094,2151.980939489768,197252,8706,49.60998227456268
2021-12-31,2158.746337890625,2207.2155863222233,2147.5349897352953,2169.7641998000618,198115,14831,62.975278614510856
2022-01-03,2131.53955078125,2192.573370568251,2112.3549178117796,2175.9979703812223,113948,5850,58.39336436495334
2022-01-04,2145.360595703125,2162.6606273081325,2116.6075930126563,2149.3714243839663,353471,5162,46.33875026215397
2022-01-05,2151.59423828125,2174.499942848403,2126.2723151741266,2154.832065508347,222632,8721,52.41532681050992
2022-01-06,2150.67578125,2211.0812351666946,2126.3203494225495,2140.5760365468896,423469,6025,78.16843292616691
2022-01-07,2152.46435546875,2188.0792774384004,2142.2194938239695,2161.9841155465674,111305,5591,66.37767717477087
2022-01-10,2204.4609375,2219.731485066074,2148.50141342325,2167.782789172462,289826,13766,74.52309923268606
2022-01-11,2261.049072265625,2269.3125873542785,2194.216557869121,2205.524414115189,255404,4540,54.97954814507587
2022-01-12,2238.819580078125,2281.4417666987433,2218.5233456795117,2275.1112273493154,231632,3695,51.20550707757393
2022-01-13,2229.203125,2248.919373018375,2219.0550075872534,2242.2507045306743,128523,10149,75.74847647736196
2022-01-14,2263.07861328125,2275.1113341908745,2213.256140737936,2213.256140737936,190526,3046,53.88575091096659
2022-01-17,2242.63720703125,2305.942129993958,2236.4517822245334,2270.9553342658764,135524,8388,75.8733577307641
2022-01-18,2289.173583984375,2323.0490116682463,2225.8202931048045,2255.6846568441338,320744,4954,63.12743655541604
2022-01-19,2265.543212890625,2289.173782672322,2226.786973695804,2289.173782672322,242338,3465,57.59551597301414
2022-01-20,2309.179931640625,2334.0669812334872,2264.1898977091414,2270.0855650059334,209114,5573,62.07320747539862
2022-01-21,2277.769287109375,2309.1801290871217,2247.7598047357887,2309.1801290871217,415539,12840,45.43347869698088
2022-01-24,2327.688232421875,2352.4304050175947,2208.423777923256,2269.988980032892,276068,9410,55.21806076471995
2022-01-25,2319.71484375,2385.3878571514533,2281.0072087259705,2349.3861983195156,390068,6108,53.285924592759685
2022-01-27,2149.90283203125,2324.40217785581,2064.320326274355,2324.40217785581,794479,8443,48.78490239109833
2022-01-28,2194.40966796875,2238.239966466967,2116.607431337398,2165.898289327447,265768,17940,64.82376101053038
2022-01-31,2223.93603515625,2255.3468778623387,2121.5367351261716,2199.725476894094,415951,12655,69.4611012241161
2022-02-01,2210.45361328125,2294.3929094726554,2157.73167397463,2234.374178447932,725023,9317,64.26839128424959
2022-02-02,2219.7314453125,2297.533676838861,2188.0306131012985,2210.4533083455212,324514,10017,48.67922889541252
2022-02-03,2228.526611328125,2254.7666488798445,2196.4874136329904,2220.9879626963975,161075,16589,68.17711073905555
2022-02-04,2257.134521484375,2285.7426421716204,2203.5912152859596,2227.753399664095,203322,15070,67.96909056415545
2022-02-07,2182.328369140625,2265.9295223428676,2149.274549979594,2265.446278682739,191104,15069,76.24680273160705
2022-02-08,2146.810302734375,2208.3755076682896,2122.406494003236,2194.50655398452,122629,5744,70.81681692103832
2022-02-09,2165.8984375,2174.596824799197,2137.5803072119547,2165.8984375,123789,15133,72.58568582881037
2022-02-10,2162.998779296875,2242.154002171792,2136.9036197611217,2136.9036197611217,369714,5666,45.78047813287114
2022-02-11,2106.217529296875,2174.4997652769225,2097.32589298765,2149.4678376304923,242245,4763,48.27288632789016
2022-02-14,2020.9251708984375,2064.8036048548292,1939.3053564534894,2024.7911205319112,289217,9448,58.7947522474525
2022-02-15,1977.2882080078125,2064.368698461098,1957.6685847311112,2039.288397821834,378170,5719,77.63883583181607
2022-02-16,1965.15869140625,2014.1595507514833,1943.8959706209657,1989.9973680409328,565198,10252,69.49275901376598
2022-02-17,1987.001220703125,1998.6958118581647,1955.4938751088944,1965.158748473779,350822,17517,50.771362298580996
2022-02-18,1996.424560546875,2009.3756330040121,1961.969379860445,1961.969379860445,177031,3831,70.91432206827363
2022-02-21,2030.6865234375,2047.889808297201,1957.1367468632154,1977.4329797936489,375444,7712,67.51619773001852
2022-02-22,1998.01953125,2052.094456308537,1961.9695025580263,1961.9695025580263,306750,13076,60.016483057843956
2022-02-23,2026.917236328125,2048.9531952423076,2006.4277515674676,2006.4277515674676,192678,9645,49.8734098226007
2022-02-24,1976.998291015625,2028.6086222976564,1932.9747440286073,1971.6342389091794,360203,8874,67.66221338607912
2022-02-25,2060.454345703125,2077.899490058719,1996.1347994977405,1999.275883474607,313838,16270,77.96597541079322
2022-02-28,2087.080810546875,2098.823772016814,2019.185082349353,2025.7572427331856,180990,13432,55.597279550226546
2022-03-02,2106.1689453125,2138.35301758245,2080.8470268271253,2080.8470268271253,157039,7959,46.9919153412912
2022-03-03,2087.080810546875,2163.964917213551,2074.081604439607,2126.2719150825424,217987,7125,70.18121202307007
2022-03-04,2083.1669921875,2125.305940136272,2053.8826107016826,2073.1156169132805,88675,11925,56.13204245614584
2022-03-07,2038.2735595703125,2076.7881769294845,2010.4870467585295,2066.350065794508,139363,10762,73.42427879104905
2022-03-08,2063.498779296875,2085.6796158791744,2033.4893011166741,2033.4893011166741,132359,3646,56.77738737635394
2022-03-09,2070.94091796875,2091.2371537766344,2030.5900682078375,2077.9479517595673,310556,14895,58.723976174342425
2022-03-10,2085.63134765625,2104.8645876617584,2070.2159214830967,2087.612693932535,145468,8346,46.651411363584934
2022-03-11,2048.905029296875,2102.0618392248807,2039.2885263289425,2082.7804617245833,78426,9215,76.88555656758768
2022-03-14,2008.8438720703125,2054.3171471576293,1994.298190875827,2054.3171471576293,237058,3864,54.22375313353413
2022-03-15,2021.601806640625,2024.8880056347994,1972.64931035791,2008.8442191474091,178988,7230,78.73524203796912
2022-03-16,2117.525390625,2128.7851097125904,2031.5563889138682,2031.5563889138682,231640,13041,70.6159164875953
2022-03-17,2030.9283447265625,2134.004129134799,2019.9586186103847,2131.104667002822,603010,7378,63.656747230922626
2022-03-21,2021.360107421875,2053.6409294648474,2009.7138865883285,2049.243364424938,208149,13773,58.07961761866005
2022-03-22,2007.5391845703125,2030.734881893516,1989.031045464707,2029.6235157803133,96849,16329,48.48800707276343
2022-03-23,1982.0723876953125,2026.04756396453,1961.341162380745,2019.910274651116,512732,12570,68.87702760886424
2022-03-24,1970.3294677734375,1985.1650250610442,1915.5779355749705,1924.5179435992231,251286,9150,74.87284087786969
2022-03-25,1922.6334228515625,1985.9867188114893,1916.544505068805,1980.7191737395156,100470,3928,70.17115314410859
2022-03-28,1935.777587890625,1951.3380110395346,1879.4313267099508,1918.4774402741339,184576,8175,47.10506977374317
2022-03-29,1970.4744873046875,1986.1315354287099,1932.9747303442432,1942.5429788553301,149014,17704,56.7892828051599
2022-03-30,2013.676513671875,2025.2259910005673,1967.4301148155394,1983.1837887712768,149949,3022,70.352097856656
2022-03-31,2085.63134765625,2105.9759537402747,1963.902312069866,1995.7963948938352,1052222,9020,55.83456698203142
2022-04-01,2043.444580078125,2082.7805743603503,2030.5902490631538,2082.7805743603503,180591,17518,77.63266788153697
2022-04-04,2059.1494140625,2072.05187700142,2025.7572330905505,2025.7572330905505,105731,5913,47.572849974080526
2022-04-05,2133.5693359375,2189.045619064781,2056.6368434727606,2068.283063992148,350006,8248,70.58940673564149
2022-04-06,2135.4052734375,2168.7490845948964,2100.9984678474716,2144.635274152541,202906,5284,65.2744740770914
2022-04-07,2118.684814453125,2162.8534681216606,2108.5366988849455,2135.9367053025453,98294,14155,78.308448939821
2022-04-08,2163.917236328125,2171.3591432144244,2114.626371655169,2134.7293597331686,161106,4125,59.456992003689635
2022-04-11,2140.576171875,2182.2316339541453,2128.7850737167837,2164.931605242211,178038,17154,72.16458622924591
2022-04-12,2132.554443359375,2156.958250155126,2077.9479053807645,2139.6098485554585,103405,14512,57.300857429081745
2022-04-13,2152.077392578125,2157.1514513012544,2126.27222683512,2127.2387142109537,65098,9469,52.61902682751139
2022-04-18,2110.325439453125,2149.468182891573,2069.8297079089907,2149.468182891573,127137,9134,62.74925946173933
2022-04-19,2080.073974609375,2174.5964822286787,2053.785566549308,2126.3688590730017,76918,15751,47.50033834338005
2022-04-20,2065.818115234375,2104.8643415190127,2056.394864592884,2092.44488603363,55650,7259,75.29292729236009
2022-04-21,2071.666015625,2096.987941658967,2052.046271620916,2073.2124900528675,122239,14743,66.2173160698262
2022-04-22,2088.67626953125,2129.9936109257083,2063.4992224956018,2068.47653882975,163274,17527,74.10665253858416
2022-04-25,2029.6236572265625,2086.5980455555095,2024.8395915120132,2077.948030017671,171418,13835,64.66526335424194
2022-04-26,2017.880859375,2057.6033508629644,1993.3803088320003,2040.351691947288,132818,16069,66.53101904451046
2022-04-27,2019.818359375,2029.7495896311295,1974.6192450723913,2017.2508676352888,111258,17407,50.46147870671493
2022-04-28,2032.6080322265625,2044.380078819532,1989.3464824687283,2034.691073706643,115355,9638,72.32779458894011
2022-04-29,2031.348388671875,2062.4499527638054,1995.9350281206255,2026.9398440914313,101104,8741,56.24493389873077
2022-05-02,1987.55419921875,2031.2999635815304,1977.9619420314557,2025.0021101289763,48561,17778,52.22752232546747
2022-05-04,1951.801513671875,2008.4336991004318,1937.8009491240473,2002.4265634677408,70125,16922,53.00456449688365
2022-05-05,2152.02490234375,2222.6576511278877,2023.1126490696563,2033.6735694449321,2654230,9956,60.00667176062451
2022-05-06,2184.095458984375,2204.2486366865323,2110.2652882212165,2118.9853927179984,1542537,3966,73.0405093804987
2022-05-09,2233.994140625,2286.3147747701482,2157.063525038188,2183.805040561349,1109904,5518,70.95226783254776
2022-05-10,2161.18115234375,2234.2846509644514,2012.7938923337776,2223.626744997145,495998,17456,64.72918872003943
2022-05-11,2199.404052734375,2218.7820620095677,2117.047513314806,2165.4925365027875,425040,13555,49.55841214988598
2022-05-12,2163.990966796875,2202.3595246270766,2151.007793561844,2184.870821737715,185292,15041,50.01980249357156
2022-05-13,2219.36376953125,2235.786587099744,2175.375541144317,2179.0574106684735,234536,3673,56.63961145430981
2022-05-16,2181.77001953125,2275.947093324752,2155.4159753387407,2236.2221759870276,154711,13321,74.62307609708202
2022-05-17,2222.996826171875,2247.1223525850805,2189.715001333311,2204.926690979884,139859,16788,50.50420843271749
2022-05-18,2208.124267578125,2272.0717013912695,2186.2755137157055,2240.727675198515,270494,6280,55.34881505647874
2022-05-19,2204.296875,2226.5330915947184,2158.8070490935875,2179.0569725833425,147689,12667,62.103118939197024
2022-05-20,2217.958251953125,2250.755625051859,2204.248405937572,2221.0104301362694,142509,11829,48.707402293106256
2022-05-23,2225.61279296875,2265.2892184981224,2197.4661880041667,2229.6336351574228,131873,6843,78.46228375757119
2022-05-24,2212.096923828125,2242.3750657898345,2167.479006523753,2218.8307352908123,113498,15623,51.00090654198076
2022-05-25,2145.630126953125,2227.502218047069,2130.6606617490925,2212.871726084466,144343,14117,45.44629245078962
2022-05-26,2123.054443359375,2141.8512524654757,2104.6453363300257,2137.34572381637,105221,10763,49.7232455217794
2022-05-27,2213.1142578125,2234.575548486508,2115.9819706022563,2129.6435639712276,171237,11172,70.0087520489258
2022-05-30,2311.554443359375,2317.6100716821234,2222.657819581434,2235.205034156572,411157,16570,65.64943878299727
2022-05-31,2351.763916015625,2391.2466143687557,2272.071843879551,2317.6101708144506,474302,13239,78.5138402654189
2022-06-01,2379.958984375,2410.4793520047383,2325.361343218162,2351.763883469285,351443,6848,52.98413510750736
2022-06-02,2343.188720703125,2388.3395756572486,2317.7068284649054,2383.495073475388,164924,6208,54.535556167810924
2022-06-03,2243.7314453125,2373.7578516187673,2236.0772255981224,2351.5216313390642,195149,14812,73.93836738515328
2022-06-06,2289.94775390625,2303.027910167823,2219.799454944854,2243.7312490916197,193033,15997,61.845451858762225
2022-06-07,2278.466552734375,2299.1524368647647,2239.177589420114,2273.0406152144164,54080,11514,68.40685904666309
2022-06-08,2233.60595703125,2295.567085241857,2199.8881785550852,2295.567085241857,113410,6955,54.19903947590969
2022-06-09,2279.2412109375,2282.632362344339,2218.588187703947,2235.011002207478,101910,17128,49.628573262352944
2022-06-10,2260.7841796875,2289.4150015335053,2225.758283081863,2247.849262801753,175206,14689,72.81639817040443
2022-06-13,2264.756103515625,2281.08216923211,2181.9636149044386,2223.6263304643367,157963,17791,60.51787170836009
2022-06-14,2249.156982421875,2290.48048883864,2231.66828332568,2257.5378760550047,151551,11948,53.46802050947295
2022-06-15,2233.025146484375,2266.9851595346254,2223.626858054051,2266.9851595346254,283896,14762,59.369574787511354
2022-06-16,2174.164306640625,2284.6674598875297,2117.5806100564964,2249.9322811135585,359448,14841,62.199556457321364
2022-06-17,2105.56640625,2208.1731296122352,2065.6962381120256,2160.7454889032724,188864,11660,63.85153729161407
2022-06-20,2119.90576171875,2135.5536464276715,2054.0690212939458,2081.198234782734,184960,6423,53.106698335376066
2022-06-21,2158.56494140625,2193.9780632750344,2110.313652150389,2121.8919651070205,160680,11266,56.056094783561775
2022-06-22,2147.035400390625,2175.6664626055926,2119.9546738726503,2161.665895181439,95802,11734,59.235729635627564
2022-06-23,2219.509033203125,2238.1603696165967,2144.806702870749,2163.55502396271,292754,16844,50.60118767907812
2022-06-24,2219.121337890625,2238.1601379514127,2180.0746007284583,2221.640337242653,190440,16868,46.03635696761306
2022-06-27,2221.2529296875,2286.6052223122088,2202.3593695878867,2232.34679330819,289818,8172,77.82746164062877
2022-06-28,2213.74365234375,2230.650916793547,2202.213595805429,2220.6711954941766,72430,4206,56.08145213229136
2022-06-29,2238.353759765625,2252.6935336550428,2160.6479914196752,2209.044521316995,248063,12530,53.57044986076488
2022-06-30,2229.343017578125,2256.520723324476,2205.944165628767,2242.0357084725892,122566,10154,68.46275742363613
2022-07-01,2204.6845703125,2239.6134802493884,2190.0543148578668,2190.0543148578668,97053,4042,62.47971172269348
2022-07-04,2288.058349609375,2298.9099870406794,2195.6253438462854,2207.5426298144407,192539,14259,62.946969173156006
2022-07-05,2291.207275390625,2330.2055174181005,2271.3448167182464,2306.951907265072,376434,3581,60.785457433347744
2022-07-06,2438.72265625,2451.3183632548667,2296.2942770411205,2300.9450469371295,1037060,4768,57.48400881678404
2022-07-07,2482.75927734375,2508.9195933560195,2447.9758406725605,2461.0075063394434,667857,15950,60.098020762763284
2022-07-08,2508.580322265625,2531.0587660461388,2474.57182086787,2490.025736182725,534204,17155,62.08970528970028
2022-07-11,2529.653564453125,2548.207911470705,2495.9842774099284,2519.1409010737007,187883,15311,67.22713333187208
2022-07-12,2461.782470703125,2527.86143837914,2450.44638201079,2525.923637353169,204632,9721,61.148208462380765
2022-07-13,2465.561279296875,2492.2545378093696,2436.7849791391054,2462.9452950185314,187311,7494,45.11858332224228
2022-07-14,2469.09765625,2491.0431577109957,2424.8672069896315,2464.882844502829,204252,5261,76.95230259072686
2022-07-15,2479.852294921875,2495.06398520162,2442.598118644839,2451.415207662943,389496,16277,74.10898892217497
2022-07-18,2506.109619140625,2516.7190322364163,2474.66884543152,2498.7943731040295,205877,17838,56.37180507569016
2022-07-19,2510.32421875,2556.6377101056974,2476.5096858125166,2490.074292855308,210716,9961,57.04355908348508
2022-07-20,2517.73681640625,2545.1082596061037,2495.0643994021675,2505.674050695031,258551,5028,76.56345780465011
2022-07-21,2686.519287109375,2746.8333527923824,2513.328295288691,2519.141699209945,1136196,13982,63.817631152458624
2022-07-22,2612.54345703125,2713.3091184211203,2603.2906456324035,2713.3091184211203,355041,3643,47.963383347207355
2022-07-25,2580.085205078125,2628.6272177245974,2554.506324928456,2628.6272177245974,292148,3828,74.9383179662503
2022-07-26,2629.014404296875,2677.023469230589,2553.4401686827186,2593.3105644002467,544688,13920,66.65861442237458
2022-07-27,2643.305419921875,2664.4759873862836,2606.729431367754,2629.014139625894,250057,10473,45.23136408138962
2022-07-28,2637.589599609375,2662.538789503742,2602.4184613030566,2659.5835954299564,335265,5730,66.37962425556424
2022-07-29,2651.057373046875,2723.579680064815,2617.3398202481912,2672.760889160471,248397,6788,53.86260887260022
2022-08-01,2660.26171875,2720.866495878126,2639.285116317698,2658.663127450721,363460,5098,56.30734091177846
2022-08-02,2673.729248046875,2736.5140436696975,2644.468502161103,2659.534714717038,366158,10734,61.41853277930596
2022-08-03,2588.5146484375,2681.9165612251404,2583.8153864332166,2674.068372622598,461656,16305,55.63156624145298
2022-08-04,2585.3662109375,2631.5342334852944,2559.8355835302455,2605.373915258452,303228,15076,74.15736269279967
2022-08-05,2604.59814453125,2656.725036093888,2592.147915667246,2600.1413443863466,272399,14638,64.32429671648254
2022-08-08,2636.475341796875,2710.0147978229306,2592.8748176989016,2611.1384508644855,382934,12658,78.27184870100344
2022-08-10,2684.241943359375,2761.3665204443105,2659.631964427941,2761.3665204443105,1043450,10551,59.64809612444729
2022-08-11,2711.274658203125,2748.722572629071,2693.5437295086294,2708.0287464998037,326247,12154,61.65542026851682
2022-08-12,2710.257080078125,2749.4490602559385,2699.453933498689,2724.3546304765196,386571,11267,55.58899916343947
2022-08-16,2807.87353515625,2814.6558383812653,2719.7035932310537,2732.250806887739,833499,4873,48.33790487753296
2022-08-17,2801.818115234375,2833.1621420841657,2780.7445286496604,2818.6286340947076,481683,12024,51.27091719286791
2022-08-18,2800.60693359375,2843.723006434062,2784.6200751248703,2789.416085355939,459776,17086,55.569857442990546
2022-08-19,2798.52392578125,2833.7918102692643,2726.001626871553,2813.638632041265,335377,16156,61.057526658842896
2022-08-22,2780.30859375,2826.379861767806,2763.4013266251436,2785.5890543869805,232574,9655,66.18587483017201
2022-08-23,2778.903564453125,2820.372315805696,2756.5218687205997,2756.5218687205997,574029,13967,48.59599256879439
2022-08-24,2965.271728515625,2993.805803246267,2778.9038441476405,2780.7446606278136,843342,9351,71.60987653456765
2022-08-25,3046.610595703125,3075.290144728095,2946.4263799994133,2955.1464843795493,810380,7471,65.65455885073352
2022-08-26,3072.044189453125,3109.879800225423,3009.4048685060166,3053.0053897818602,519283,15821,60.49163363342143
2022-08-29,3097.0419921875,3121.7489552268644,2989.59102009824,3042.347605631522,501630,3217,67.49710272764372
2022-08-30,3161.2802734375,3171.453729225131,3057.7531549222676,3101.4021720635587,574816,9810,69.92914978388008
2022-09-01,3297.8466796875,3322.6991201583087,3143.8884804147983,3153.674233818346,1034069,16394,70.19797764349725
2022-09-02,3264.129150390625,3339.1221990734866,3255.5060296337115,3284.573047755441,560330,5204,59.55865529006593
2022-09-05,3186.907470703125,3282.634887214853,3152.4630106897266,3245.8166682909555,587410,11858,56.49879952137693
2022-09-06,3257.49169921875,3271.0078127467827,3203.7177259937953,3214.714603814631,407055,17289,64.7789410571111
2022-09-07,3207.35107421875,3274.8833854795516,3163.4598383404546,3246.785273592301,382798,10113,57.71468749554268
2022-09-08,3215.054443359375,3273.9151553111815,3208.998814557749,3232.8821199321624,363161,10700,50.03643343021083
2022-09-09,3211.566162109375,3252.5507033050903,3202.2163662793737,3229.345582090515,215708,7106,76.79980205493821
2022-09-12,3226.051513671875,3245.816991178059,3207.303192551394,3226.438979290429,179592,3174,46.82867123463733
2022-09-13,3254.391845703125,3326.8654206938777,3237.339100677068,3255.50598676392,435755,13618,68.17874513987542
2022-09-14,3186.37451171875,3251.5815622079294,3169.273512636309,3206.9636471952163,299457,8588,65.51138287099681
2022-09-15,3194.416748046875,3242.861777473413,3165.446715069004,3213.5525346703575,288585,17785,70.6048121997593
2022-09-16,3081.248779296875,3212.680271868461,3003.5915001304325,3201.247198848693,482246,6947,60.70266311764072
2022-09-19,3059.59375,3123.056726605935,3009.4531539792806,3088.854494957574,342412,4796,64.10957708732695
2022-09-20,3052.569580078125,3118.6970405569155,3033.7245122769154,3085.172987951407,252096,10718,66.7616364935887
2022-09-21,3032.319580078125,3100.4818299271255,3027.8142870382085,3064.2932989492488,199589,17987,65.59470267167902
2022-09-22,3046.3203125,3119.8112772555564,3003.5917036450805,3038.762840903812,334012,9480,56.79600764700602
2022-09-23,3027.474853515625,3073.7398524030004,3013.7165137215393,3073.7398524030004,162047,13590,65.22602619108079
2022-09-26,2908.833251953125,3028.250247534409,2873.8075908703872,3026.8453890136393,295539,14989,53.9715638789906
2022-09-27,2938.43310546875,2955.146639742705,2875.696795657819,2907.6705133992973,398174,11638,78.98300337990864
2022-09-28,2916.099609375,2974.0399030446074,2898.5626533252425,2932.8616343104827,344491,9394,62.65416993403973
2022-09-29,2903.02001953125,2955.146920721112,2880.5415722307757,2955.146920721112,291653,13164,73.9158956095658
2022-09-30,2992.352294921875,3056.88116468141,2898.9503786772675,2921.089850352869,310742,17568,45.55153487049037
2022-10-03,2901.663330078125,3027.9111153818235,2890.666214536193,2979.126879488625,388862,17677,75.86011698367642
2022-10-04,2984.98876953125,3018.1251200079373,2945.457581002931,2964.3026488086334,313948,15299,52.63385654808335
2022-10-06,3089.678466796875,3136.621648906039,2984.988720030172,3012.069441807353,507339,6429,70.76206366869975
2022-10-07,3193.593017578125,3206.9636551765643,3078.8750569914314,3104.3571873306123,601549,9827,48.10621359403079
2022-10-10,3130.081787109375,3179.8831818420563,3109.2504248318382,3179.8831818420563,204689,9711,71.66374857459016
2022-10-11,3097.623291015625,3188.651442747705,3085.9479930572593,3138.26861837126,294944,5143,53.47300849368597
2022-10-12,3146.504150390625,3158.4701653353886,3074.321068264651,3116.952687238381,223256,3451,51.26887793841543
2022-10-13,3164.2841796875,3203.863628026176,3137.4939356559876,3157.64711583128,393950,3373,68.86957442281206
2022-10-14,3094.958984375,3231.2832404949827,3076.2591569929746,3208.9985284915692,307787,9407,66.47687626109958
2022-10-17,3097.138671875,3131.243919206414,3055.233728885698,3090.8408191714057,303859,7179,74.10435119635562
2022-10-18,3111.72119140625,3172.0835081866107,3086.529776374346,3129.548867425016,210090,5051,46.36747999881492
2022-10-19,3137.590576171875,3147.6670468802226,3103.5335812370336,3126.6419530737044,263584,7958,69.19939123170562
2022-10-20,3035.37158203125,3134.3931673980314,2975.009032610713,3134.3931673980314,438628,14220,66.48426052046386
2022-10-21,2946.668701171875,3076.598355290334,2926.0795651587546,3047.725072536457,364038,7708,57.444918074642075
2022-10-24,2957.859619140625,2981.2099802520365,2952.046215894102,2964.835655726856,16594,16593,61.31586735202185
2022-10-25,2960.23291015625,2990.2688221814014,2926.6606063344125,2979.32020048845,263091,14744,53.99695566269249
2022-10-27,2944.8759765625,2982.275629103517,2912.6600361246533,2978.4000272463327,250705,12116,51.35539513983783
2022-10-28,2869.980224609375,2940.612975429667,2853.411931677222,2940.612975429667,336034,3730,73.66743076887893
2022-10-31,2954.904296875,2966.628087532287,2869.4958125059015,2869.8832780863186,319759,9759,69.88526412358533
2022-11-01,3054.1201171875,3094.8624372019144,2964.836016093307,2976.898781986437,504156,5477,64.68667900758143
2022-11-02,3072.238037109375,3085.9478836372778,3039.3921704536606,3062.6942732111256,199216,5877,58.56974411152003
2022-11-03,3124.946533203125,3185.938776185795,3037.600242280653,3060.902111525647,362379,11740,68.79737424866889
2022-11-04,3119.762939453125,3165.8827025160153,3101.450812778505,3134.3934330954276,226208,6381,69.67857740278278
2022-11-07,3160.89306640625,3180.9007698060836,3108.233222521449,3139.2380426962263,289197,14293,45.48316221329996
2022-11-09,3007.3701171875,3189.6203928179443,2993.902495081242,3189.6203928179443,251189,3879,78.80486194183965
2022-11-10,3068.411376953125,3139.2381091585926,2959.507038402753,3007.370635941708,507653,12117,50.56547624824888
2022-11-11,3057.70458984375,3121.7972602036057,3008.5328918439573,3100.481450233252,692497,8155,70.043694506955
2022-11-14,2931.117919921875,3113.610434588686,2917.4565639867365,3057.8501601819803,560133,9625,55.44717721234155
2022-11-15,2933.685791015625,2984.213862939376,2920.653888641987,2932.8621308823026,383627,3861,58.11882963521821
2022-11-16,2941.242919921875,2993.9027605066162,2918.3285160666437,2949.284841960342,468068,15427,51.67974754162289
2022-11-17,3025.10107421875,3037.503047848107,2920.169103438039,2935.7684960063043,632485,14694,78.48791138494349
2022-11-18,2996.469970703125,3060.029936722291,2967.499941010432,3027.8139958069055,485570,8635,68.41124599852819
2022-11-21,2987.071533203125,3022.969341442344,2959.9908134956286,3001.6535319834557,374330,15416,51.22634752875425
2022-11-22,2964.302978515625,3018.609906015294,2948.413102838357,2992.934039377706,318799,13183,73.25720510279288
2022-11-23,3002.91357421875,3012.166621941984,2961.347597971109,2975.493640866649,331230,7855,48.56695960894253
2022-11-24,3027.76611328125,3071.4151359455363,3004.60948179664,3017.1566982127447,549566,12238,56.49903595629747
2022-11-25,2994.726318359375,3060.7567953136627,2984.2136529174045,3042.4446697899534,340177,14674,73.88395024191128
2022-11-28,3006.837646484375,3034.499568224685,2991.141268179261,3003.5917349902707,321071,10097,74.08658028065082
2022-11-29,2921.428955078125,3016.6719285401223,2916.3907194173016,3008.4362736846247,383945,12964,70.04564219557054
2022-11-30,2907.3798828125,2978.4003416520577,2886.3547878274167,2927.9205275142954,6409415,12959,66.99743974714869
2022-12-01,2900.742919921875,2935.7685791429535,2872.2571026707105,2916.3420763839135,499243,14146,45.022735781534244
2022-12-02,2885.48291015625,2915.4218434407817,2831.321225838508,2902.1964451510503,440688,6352,76.03957158185047
2022-12-05,2883.060546875,2908.5909342233103,2855.349896759599,2882.479111930711,216805,12783,78.49333674017463
2022-12-06,2852.539794921875,2901.7597465671033,2845.369789951006,2882.4302306753625,238124,3177,62.72555916139711
2022-12-07,2876.7138671875,2901.8567860205576,2830.1581542457593,2834.0337559633163,428075,10840,46.89675817634021
2022-12-08,2895.413818359375,2901.3239693062,2868.236112826711,2896.9154248516884,224644,8296,67.75486370053218
2022-12-09,2884.07763671875,2941.3882443753314,2848.5675272986573,2916.390563662911,329565,10682,63.74154333450555
2022-12-12,2898.368896484375,2906.265577584617,2853.412007354416,2886.306132421623,197711,4848,57.63509647450109
2022-12-13,2900.064208984375,2921.8162127378487,2886.3543626062833,2889.3095562085728,120072,10626,72.1842854514937
2022-12-14,2913.193359375,2934.799889861859,2905.1514371608605,2911.546275680055,307596,11941,75.45351175643427
2022-12-15,2839.072265625,2920.217684438826,2825.3139255058636,2911.497579730474,258936,6845,78.60375806449258
2022-12-16,2750.223876953125,2836.8919733086586,2737.1437211176953,2829.18926218183,425206,7822,78.25148199067665
2022-12-19,2807.1474609375,2813.203090113739,2743.2485091794256,2747.8022950103546,397439,16786,48.60425696751452
2022-12-20,2833.888671875,2844.6918176395593,2790.7241080545605,2803.1260815445994,380570,17773,50.74789807283784
2022-12-21,2752.646484375,2859.419278521976,2743.1512116001177,2838.8786340087117,195307,11588,55.63487954340989
2022-12-22,2715.63427734375,2763.691598598107,2691.799231226476,2763.691598598107,234442,11570,68.08076727708911
2022-12-23,2597.380126953125,2697.370615538917,2583.3310690996063,2693.5435057091067,209507,6933,63.77028517600715
2022-12-26,2639.914794921875,2659.2928059657966,2557.8974577976705,2601.4979826464946,171579,9559,63.57189358746803
2022-12-27,2657.355224609375,2671.7919859597255,2624.3643473173315,2664.6219793517644,117811,9170,46.35061647565459
2022-12-28,2639.624267578125,2676.8299535090164,2623.7826492090912,2649.9914559947238,127712,12031,72.40136010425265
2022-12-29,2600.722900390625,2651.8808985379305,2595.636172324376,2640.2540915293607,225208,15833,59.37852308532271
2022-12-30,2599.560546875,2643.112585507264,2593.5534099167603,2610.702904791162,155615,3315,74.02579234798937
2023-01-02,2596.60498046875,2628.6271909411207,2579.697713188623,2601.497975553597,135840,8047,71.14334139103445
2023-01-03,2605.760986328125,2610.3150080497594,2592.777813867413,2609.588332653496,155374,5404,78.60851173020313
2023-01-04,2621.069580078125,2650.9117627283754,2606.3423398170066,2606.3423398170066,313367,7706,68.19551516790386
2023-01-05,2718.73486328125,2726.583052124454,2635.5546588927446,2640.7868636375397,361324,11269,65.233966005325
2023-01-06,2755.165771484375,2769.1178451542687,2722.901335006254,2733.2685238559106,630345,8765,65.94980113666766
2023-01-09,2773.090576171875,2792.7108138475123,2742.6184622471114,2772.0731832050187,179843,7885,75.52878294847586
2023-01-10,2753.276123046875,2775.9000452600726,2714.4233533474176,2771.055542563284,140490,6523,78.16192552431767
2023-01-11,2810.005126953125,2818.5314984932934,2737.1438581105376,2759.4285691677205,457133,10347,60.492074413018486
2023-01-12,2823.521728515625,2843.723401643952,2792.2746826202188,2817.5630841501234,212709,14636,66.9073735005731
2023-01-13,2809.7626953125,2832.1928817219346,2794.260288759989,2830.739531107637,103382,9591,45.029984157802545
2023-01-16,2783.069580078125,2826.0404099963025,2772.217942261478,2810.731735455051,97665,13993,51.7361221000551
2023-01-17,2785.540771484375,2806.7598368489184,2746.8332392844814,2789.174148785016,88725,12942,62.38345259548233
2023-01-18,2829.528564453125,2834.0338569912074,2787.5266347226334,2798.1845398258483,152461,9000,58.60405833789189
2023-01-19,2827.88134765625,2886.3545874080596,2819.9849032061625,2829.867640989405,258856,4104,78.0313494371529
2023-01-20,2842.51171875,2854.2355089113667,2820.5662179947713,2843.625859657551,131815,9160,64.17851236865367
2023-01-23,2856.028076171875,2860.2428881426117,2826.9125676177086,2848.5675893189696,260669,10982,60.77868290888406
2023-01-24,2853.46044921875,2865.474720733811,2829.1894445169805,2865.474720733811,147969,16634,75.37146087730073
2023-01-25,2783.990478515625,2855.3499091105446,2773.380828298357,2851.4743069264787,191195,12168,58.14584878513211
2023-01-27,2716.022216796875,2807.728803966004,2674.1657566116846,2798.13654573631,149121,6208,57.04597411840348
2023-01-30,2727.309814453125,2778.806784192306,2699.5021793617652,2725.517253812049,176771,9691,76.81427780183265
2023-01-31,2751.193115234375,2775.900079290891,2715.3437948386463,2727.455051729095,236077,16083,54.27332399308601
2023-02-01,2702.3603515625,2870.416088042237,2668.2066105502554,2771.0552991495038,623110,8133,71.88058386458361
2023-02-02,2743.5390625,2764.2249485992597,2666.462971647909,2689.1351513077066,236358,16995,67.5024054335546
2023-02-03,2718.58935546875,2760.397314240041,2689.667583127537,2756.521712535246,194330,15023,71.81131949608016
2023-02-06,2840.81640625,2848.567610632674,2695.578308748841,2716.797136127217,197958,11061,71.06487708350755
2023-02-07,2929.470947265625,2940.613304101595,2810.780624447686,2858.2082612355407,370039,8962,77.33706267196803
2023-02-08,2983.680419921875,2993.902366898385,2915.4699233987785,2937.657648909683,408409,8007,54.46080639934606
2023-02-09,3030.769287109375,3042.3476008923476,2973.361931901454,2987.120271831563,262690,5423,66.02336290711318
2023-02-10,3067.829345703125,3072.3831302169415,3000.732993836987,3037.454223921442,300374,9840,65.99475114431493
2023-02-13,2983.87451171875,3110.1707941957056,2912.079122230128,3095.6372858116133,1255147,4736,78.6683472298465
2023-02-14,2981.59765625,3072.383588844123,2928.647100215146,2997.778247834663,613928,7612,51.92048673369038
2023-02-15,3051.648681640625,3090.7921617343222,2978.835677343731,2984.116137018924,619722,6718,47.64575117113494
2023-02-16,3089.2421875,3105.326030043908,3037.5029966264124,3066.9092207344706,252897,15098,75.37510650588194
2023-02-17,3038.617431640625,3137.3000494329995,3024.132415411303,3092.7306231593993,353966,10486,63.58738497042766
2023-02-20,3075.435791015625,3124.607497203413,3041.3790290338256,3055.9610305922183,305386,16616,71.71326547238976
2023-02-21,3070.833251953125,3107.5062317139095,3047.1921735880414,3096.2668909218646,314522,10953,74.7487822847678
2023-02-22,3074.1279296875,3089.7270877165543,3031.980752782735,3071.366468305573,218407,8137,70.37967376157303
2023-02-23,3040.7490234375,3081.103635235784,3025.0043900813425,3079.1658342073342,155736,3639,50.67477210719054
2023-02-24,3044.285400390625,3075.2902166899567,3034.6933799672097,3055.9122065028746,141718,3676,54.46961319683386
2023-02-27,3011.391357421875,3080.1348031231587,2958.15032029246,3051.7459701163275,220001,14633,48.99371713372155
2023-02-28,3117.292236328125,3146.0200426216925,3008.2424336144413,3026.4578110137477,923123,8394,69.41256766009766
2023-03-01,3208.465576171875,3216.4590054532237,3106.9732468117204,3131.4864772507854,556560,10088,75.65668154599805
2023-03-02,3220.0439453125,3235.982548361103,3183.8071599011682,3214.811977039585,351509,11016,66.18887160357532
2023-03-03,3225.2275390625,3259.381281684191,3208.0780475237566,3232.2035753522296,446442,9574,69.14012971668126
2023-03-06,3215.248046875,3260.108190543063,3198.6799890688108,3236.0309167768287,294806,4145,47.51478668805358
2023-03-08,3274.738525390625,3293.195891104738,3197.371724054538,3215.247891383974,448991,13090,46.91341189826546
2023-03-09,3282.634765625,3327.20418688201,3274.8835619281285,3288.157450949428,333450,17222,71.00402852649886
2023-03-10,3272.364990234375,3281.327321327789,3223.5324916527093,3274.738986086716,194714,17600,74.4399120621275
2023-03-13,3172.615966796875,3295.2788558963152,3163.50839737092,3287.4791601225365,276376,15830,48.31236787984182
2023-03-14,3208.175048828125,3219.559630600472,3133.085254159455,3184.776194527988,330853,4814,70.31651542091194
2023-03-15,3199.552001953125,3243.830712002677,3183.8073672247615,3240.003601947536,228737,15024,70.33627094945385
2023-03-16,3224.45263671875,3240.6332290892165,3150.8646850043388,3179.9801947322585,257895,12348,60.613384918259364
2023-03-17,3209.53173828125,3259.381626972765,3184.3888149547192,3242.9588090691695,256724,15262,70.519332501778
2023-03-20,3196.257568359375,3225.469824357298,3164.865049648018,3197.3717093358614,175472,3795,68.94168259688428
2023-03-21,3306.227783203125,3326.1869919812784,3196.402814669772,3196.402814669772,278420,3908,63.47665787345227
2023-03-22,3206.963623046875,3320.6156973307675,3198.388995677085,3306.9058500770966,288396,9450,55.74491323937184
2023-03-23,3255.941650390625,3278.7593045626463,3198.679772550009,3207.060667287931,369001,3459,72.89433755232365
2023-03-24,3242.619384765625,3286.5106264676106,3226.4387930828843,3272.316328198316,180779,10744,62.719914013748635
2023-03-27,3221.20703125,3264.12913861653,3210.7428574543233,3249.6926142873444,171779,11084,51.471058742009674
2023-03-28,3234.819580078125,3279.728213155141,3200.27837165478,3252.598998984286,184543,16410,56.315937547552885
2023-03-29,3285.9775390625,3309.4248837504892,3229.34535239446,3236.0306711960698,1031003,6036,48.0690556722973
2023-03-31,3260.495361328125,3313.639647367817,3245.9135983171186,3285.5415333989085,329944,12219,52.90057808749847
2023-04-03,3268.82763671875,3311.7014782674137,3234.1894483489255,3282.6344670479807,323147,10281,62.02632025470366
2023-04-05,3269.215576171875,3284.572743944909,3242.9585141593907,3283.555351095153,221406,4715,48.31543873959164
2023-04-06,3291.4521484375,3360.0986103805485,3261.3192467552963,3274.9323467734234,733361,7042,58.98427167350131
2023-04-10,3291.984375,3313.542409067378,3264.9036559193332,3313.542409067378,193423,8842,69.66990223271401
2023-04-11,3175.522705078125,3277.790194000716,3165.494727436133,3277.790194000716,493329,5156,46.93508565336958
2023-04-12,3103.92138671875,3198.6314149459495,3097.1390829070833,3191.4614089876827,498526,13198,72.8010012616491
2023-04-13,3129.548583984375,3155.3696874342836,3074.3212560317097,3116.7591448207204,402975,12695,46.812601302137956
2023-04-17,3128.579833984375,3168.3047560015193,3113.0774253923187,3148.926745261449,286059,10597,56.376079980316575
2023-04-18,3107.942138671875,3158.4704425232026,3103.29136888427,3139.2376726564094,277893,8423,55.49297416006887
2023-04-19,3101.4990234375,3142.144352503958,3086.9655157940956,3113.0773372171498,266982,3809,63.564695648583054
2023-04-20,3085.269775390625,3131.244054808239,3079.165655196282,3112.108270764776,276392,7869,71.87978764231293
2023-04-21,3055.234130859375,3112.6414880567,3043.4618473280952,3098.5439378404185,267054,16061,74.73414124186154
2023-04-24,3117.34033203125,3131.4863737596247,3062.35522939794,3066.279323679603,314556,13658,78.21157601069393
2023-04-25,3232.34912109375,3250.661246312204,3110.2191631738256,3127.6108802073904,690245,15456,69.18214312074603
2023-04-26,3294.406982421875,3301.044045550611,3226.438706100245,3240.9722137853814,361730,17147,65.72080762070648
2023-04-27,3310.856689453125,3320.8523443580175,3276.3564216597683,3304.4514904700286,327674,7372,57.48755737339416
2023-04-28,3317.018798828125,3337.6898628835315,3286.0123212106237,3308.3331373322553,251132,8252,47.75193849188762
2023-05-02,3340.50439453125,3361.951883872143,3290.282554308869,3319.008571218223,331768,6093,65.69892110330157
2023-05-03,3351.616455078125,3377.2367772363896,3306.5379183197374,3341.329374719796,359375,14183,62.555951933874326
2023-05-04,3537.703857421875,3554.5899451750993,3352.9747486396745,3381.1183861825257,1282221,8312,58.520960039807534
2023-05-05,3609.03369140625,3642.805869438029,3542.1681433268445,3545.1281252277217,978769,17737,76.84057206877486
2023-05-08,3690.310302734375,3705.643543286125,3610.1493645448445,3618.34979084957,321297,14209,58.75595505080412
2023-05-09,3694.629150390625,3704.1398070962778,3653.8693961646013,3702.2957712939783,395444,13235,55.381521509725474
2023-05-10,3702.78076171875,3726.120619208383,3679.0528108917774,3696.9093691713624,253030,3682,73.72384522489136
2023-05-11,3746.4521484375,3755.8656632783227,3692.736757681983,3702.3443192030963,221052,10896,66.72553698054753
2023-05-12,3826.12744140625,3839.180218575073,3736.3103744979853,3737.426320486716,404269,5443,62.048241341387794
2023-05-15,3741.599609375,3822.682448996237,3731.4582422925946,3818.8005678599116,227276,6035,48.7334339479939
2023-05-16,3795.0244140625,3817.587850356312,3732.040981287969,3737.281426557905,268910,14912,75.39896887777607
2023-05-17,3803.175537109375,3829.5239449563214,3762.512930874978,3789.200861130088,187846,6372,57.34110656948938
2023-05-18,3782.407958984375,3818.800594895065,3775.663237848505,3804.728775676265,141795,3922,78.25917060222736
2023-05-19,3779.739013671875,3809.095738792505,3732.0404955624113,3775.226421772925,154467,8691,77.75552065289054
2023-05-22,3778.23486328125,3811.8618007894715,3697.006547875223,3755.720000072743,275112,7791,75.66342785278914
2023-05-23,3797.20751953125,3850.7774306340807,3757.9520448000467,3779.933101472805,279818,4334,67.80775347805272
2023-05-24,3776.730712890625,3837.870342837505,3768.384810326455,3796.4798786062756,205631,7178,70.7580407923608
2023-05-25,3825.545166015625,3840.150790707947,3767.3169508418882,3770.276932499463,339853,15319,46.034740867913946
2023-05-26,3886.490966796875,3893.8180650100926,3833.3577174224747,3838.210068963516,327697,5103,52.928007907287345
2023-05-29,3912.11181640625,3938.266184289019,3893.818590785161,3907.065417508407,277673,10612,75.48503998815127
2023-05-30,3910.607666015625,3940.0613008539026,3889.7908861382907,3909.054818584302,179306,14079,60.3513909353381
2023-05-31,4004.0634765625,4172.051987001415,3871.7399880099956,3894.2548524866083,1169176,12982,69.6461726955306
2023-06-01,3828.165771484375,4017.747249135777,3820.5477213953604,4009.5465851330096,421490,16702,70.74746044158033
2023-06-02,3902.794677734375,3909.2482101185374,3822.197076158725,3859.560180749841,397566,4283,57.30159412949657
2023-06-05,3913.906494140625,3948.843422925416,3860.530630719416,3915.847434628669,316713,3594,51.920612070581704
2023-06-06,3937.82861328125,3971.1157910720985,3913.858044895082,3925.552259085276,240261,11796,47.06623860762913
2023-06-07,4028.519287109375,4039.097318423098,3939.041737459014,3948.455488750436,241488,7771,74.33801958852465
2023-06-08,3990.86474609375,4048.753677432044,3964.371096973518,4046.861070839552,171143,7799,53.582931066765255
2023-06-09,4028.616943359375,4041.135916838032,3985.721961822035,4015.7094026278887,140674,12618,77.43217097552389
2023-06-12,4028.859130859375,4050.4520951114423,3976.162309063824,4034.6819526801573,197995,7682,48.61347512760869
2023-06-13,4192.2373046875,4201.990815269382,4018.523125450588,4032.934703807814,484212,16546,73.93567460945262
2023-06-14,4221.39990234375,4240.324071280067,4161.9097946521415,4199.2245634587125,282696,16861,67.57365015676017
2023-06-15,4186.26953125,4219.847901742685,4153.613297179025,4211.841520971254,144416,14356,76.15005673336258
2023-06-16,4208.83251953125,4221.545775143828,4161.376616969364,4173.022260487002,153331,7745,55.76246957255474
2023-06-19,4199.85595703125,4281.035707840856,4184.425573085809,4239.985001173978,177825,5157,61.35555845545102
2023-06-20,4246.77783203125,4254.541594064213,4184.473452171743,4184.473452171743,231190,6123,60.12867669507229
2023-06-21,4237.509765625,4312.672397788317,4195.876215237154,4264.1976959441845,304147,8423,72.98847176001811
2023-06-22,4144.39306640625,4243.866263761744,4135.173599334277,4222.613060757784,188292,17866,78.38400633360817
2023-06-23,4114.5029296875,4176.709693943344,4092.0361641942027,4153.515549621223,204714,6948,57.02178642307199
2023-06-26,4158.80517578125,4173.0224715221975,4091.7939143338585,4111.882839962686,138748,6476,54.05385452490356
2023-06-27,4167.6845703125,4218.634259436125,4143.908048721475,4187.821828394694,217841,7417,63.2765296214106
2023-06-28,4280.84130859375,4312.769684256015,4173.992441940846,4197.041109807877,339541,17063,73.33019663549732
2023-06-30,4292.390625,4312.770503617455,4246.098996881066,4290.449684179291,209317,7538,47.525433372095584
2023-07-03,4280.98779296875,4356.150919224541,4259.443159331043,4318.593523085506,247575,13116,64.9089543433283
2023-07-04,4231.93017578125,4310.92636621059,4221.545953660592,4280.987261628801,103281,12714,78.0944945845217
2023-07-05,4260.947265625,4298.164898775439,4231.930296577406,4240.955481397859,89263,7062,61.55897113479415
2023-07-06,4270.21435546875,4313.98265625827,4254.54135651229,4289.478283709927,159465,16014,71.81310216118692
2023-07-07,4269.82666015625,4299.183386440636,4224.457174080381,4270.069277728849,121844,16958,67.3851857820167
2023-07-10,4240.615234375,4295.883704673566,4221.545588729432,4284.480679232745,117305,3546,52.3249983587112
2023-07-11,4366.388671875,4389.1947248369515,4250.854367585078,4252.55269067799,300170,11194,53.92996840092859
2023-07-12,4394.7265625,4420.492360257944,4345.280909562008,4383.614487658646,204362,9651,52.60870523828991
2023-07-13,4277.15380859375,4423.40388072434,4265.217212765132,4410.5451485129315,226427,5676,70.54079699588264
2023-07-14,4254.34716796875,4331.499550587104,4226.737574481265,4295.301200865848,273514,17700,65.57045733232604
2023-07-17,4288.4599609375,4325.09521509744,4247.894017709153,4264.1493953827685,194300,12840,69.92502047696837
2023-07-18,4358.23681640625,4410.787690487418,4290.449368458719,4290.449368458719,350377,16036,74.43935155023458
2023-07-19,4360.80810546875,4478.089530951351,4352.559108273583,4362.74904598526,422756,17219,59.943462539704136
2023-07-20,4079.857177734375,4372.065882453541,4018.814690090241,4367.116389106729,1566115,6234,55.179540009177074
2023-07-21,4101.01318359375,4190.15097497346,4075.1990528333868,4079.8571207050068,413021,12970,52.31426769684803
2023-07-24,4194.4208984375,4221.545732401008,4124.49870406995,4124.49870406995,291808,12499,48.676370139276365
2023-07-25,4205.1455078125,4240.4222026551615,4145.024675231833,4206.989306853843,230780,9234,77.71399749856934
2023-07-26,4268.61376953125,4289.915782934646,4203.5439230987295,4207.328662633652,214947,10577,60.229958781553364
2023-07-27,4270.166015625,4358.915230969376,4239.013827477514,4272.009814229857,334733,12687,64.11693267249233
2023-07-28,4382.8388671875,4407.828481453763,4280.01733272946,4294.283437991522,415070,3112,53.054574833455824
2023-07-31,4418.35693359375,4471.927082987009,4372.502212527965,4372.502212527965,254120,10520,59.91379894644228
2023-08-01,4386.18603515625,4453.7791973725825,4365.175447749157,4443.540925162617,119691,12625,75.6387507193258
2023-08-02,4277.83349609375,4422.4335847775,4250.660325065931,4374.880535478817,217964,7761,46.888166860283285
2023-08-03,4243.818359375,4306.947263907799,4197.284118161611,4277.833154417661,195937,5353,70.91966436868596
2023-08-04,4306.99560546875,4317.622444996361,4183.697541105713,4183.697541105713,199490,4350,51.81967970614533
2023-08-07,4392.30078125,4407.051647297371,4287.150216606811,4328.540685193652,235866,3727,47.55256738467564
2023-08-08,4344.45556640625,4413.650379811763,4313.7402776494655,4413.650379811763,151125,17453,57.44053259223428
2023-08-09,4387.44775390625,4422.433017572486,4285.159808423468,4355.373427185722,392322,13252,74.31711052635441
2023-08-10,4372.0654296875,4415.639447262733,4346.833204274571,4386.379865258296,169628,3621,78.83844709959382
2023-08-11,4392.9794921875,4424.3743026190705,4354.500437782796,4383.177646931028,212151,5686,65.79578120000738
2023-08-14,4226.107421875,4367.116574157817,4128.575151718809,4367.116574157817,753925,17566,61.961949630305405
2023-08-16,4172.87646484375,4270.068962478593,4129.447922554905,4226.106851114403,295770,7704,58.70122366830941
2023-08-17,4186.31787109375,4213.684848899211,4149.294050514797,4182.58146571228,183884,4288,70.07127487475604
2023-08-18,4153.1279296875,4215.189699114142,4143.908461214073,4187.38534404903,230500,8279,57.9629986889465
2023-08-21,4189.71484375,4203.301428841927,4125.469516127463,4171.857809967766,294745,14582,45.24094568812353
2023-08-22,4196.60498046875,4211.598937762684,4159.436153522867,4211.598937762684,216566,6304,61.33584644594352
2023-08-23,4175.54541015625,4218.731336464663,4167.004987602522,4215.722783904401,144208,12825,73.8386230887078
2023-08-24,4208.88134765625,4260.364607410386,4188.792422946488,4206.018270732714,233683,16014,54.281711721119045
2023-08-25,4124.3916015625,4222.047710870317,4100.779418649852,4217.140802626082,220479,6546,78.12430858400975
2023-08-28,4143.43701171875,4188.038064660706,4124.877397792274,4139.3556711508245,197684,12194,54.22924994029945
2023-08-29,4196.63818359375,4207.424178155386,4124.003408797127,4153.931661335676,187724,4087,65.07037476616813
2023-08-30,4222.970703125,4241.481446111041,4201.155792041486,4212.330370880038,187244,9243,70.66826097090951
2023-08-31,4257.5634765625,4265.774553586852,4223.019637787803,4236.623474632955,432110,6403,57.93096692774808
2023-09-01,4170.013671875,4274.520105724386,4150.142162207059,4257.369648249407,164901,4150,50.17717289028056
2023-09-04,4187.357421875,4205.5284485339325,4125.120066113373,4178.320778349332,298303,8939,69.9953453537471
2023-09-05,4315.13671875,4324.076572460752,4192.993986538987,4216.655039755284,306152,15570,48.17443371131584
2023-09-06,4372.953125,4411.5299089231685,4317.323149826905,4343.413460150266,504897,4525,75.81000865874607
2023-09-07,4322.7158203125,4379.46315120858,4316.836735530903,4379.414755869404,193416,11676,68.06608797064624
2023-09-08,4332.3837890625,4387.236582408929,4309.50038604288,4338.554194541873,231272,12063,68.57525548899697
2023-09-11,4488.1484375,4545.6245486899015,4333.841787209727,4358.0375603813745,684497,13285,59.91999485743828
2023-09-12,4277.33740234375,4510.54601665502,4259.944021419196,4510.54601665502,433279,11146,77.93277572054023
2023-09-13,4218.25830078125,4298.035180061321,4139.453124112473,4293.95383930822,362583,3937,69.36728773343545
2023-09-14,4242.6474609375,4263.344533502543,4194.159128723088,4236.67111125089,138301,7217,65.14781894827067
2023-09-15,4255.4736328125,4272.478425760128,4217.7717673771085,4265.773773719309,223156,6678,72.64535280923172
2023-09-18,4198.04638671875,4261.692904497848,4183.859908891974,4253.1421117421905,105351,17488,55.54409408061508
2023-09-20,4206.548828125,4302.601722227926,4163.842784778361,4180.2644633468435,275335,3607,72.731338634709
2023-09-21,4155.1943359375,4232.930534359498,4139.4525659714045,4222.047276794778,146287,3076,53.878506120375974
2023-09-22,4068.51904296875,4194.84038894103,4047.141584419595,4194.84038894103,250138,13490,58.88127814874193
2023-09-25,4058.704345703125,4100.244630324609,4006.329672383135,4099.904439534294,274277,12164,60.86896182430876
2023-09-26,4086.203857421875,4103.499973468025,4033.828709067718,4042.37997640463,179832,6984,59.40991885517623
2023-09-27,4113.55712890625,4120.26178168009,4050.833443954798,4105.443317634192,217834,11438,51.490542359020324
2023-09-28,3985.632568359375,4129.735867795866,3972.0284953275072,4129.735867795866,259081,12161,75.8286898171993
2023-09-29,3982.280029296875,4030.573836469479,3973.8748970187357,4003.4145600446836,270878,14407,69.32934068763072
2023-10-03,3976.158447265625,4032.5174358737745,3943.3148516035003,3987.819115816894,303772,17360,68.2723444222346
2023-10-04,3884.380859375,3974.117682813987,3865.772850838924,3940.448047847521,438394,5308,49.61851497535024
2023-10-05,3952.691650390625,3990.928003104204,3884.380914196737,3917.9046519177596,310894,17586,71.52801043180635
2023-10-06,4016.14404296875,4027.70720882018,3952.886109886729,3964.5951734649375,207353,15774,64.46198236118927
2023-10-09,3983.689208984375,4005.4552516211343,3945.112427237796,4005.4552516211343,122211,13090,52.696175410560265
2023-10-10,4074.057861328125,4086.83565619148,3972.3690373930212,4003.3176242351124,244817,10170,48.91753377768147
2023-10-11,4066.964111328125,4106.706654184235,4051.9999856504523,4094.0745199364037,158952,5996,63.546700823629635
2023-10-12,4096.74609375,4117.0550553651165,4071.5306988094485,4083.1422588881032,246829,12063,57.85703732973399
2023-10-13,4109.525390625,4115.16107669405,4071.4344536831336,4081.151481018893,149733,5966,56.95199488851786
2023-10-16,4160.29638671875,4177.738164130181,4106.318021310673,4119.970727847871,264960,16295,49.259062032977276
2023-10-17,4162.3857421875,4185.949532444969,4133.866173312938,4166.61274378632,130579,9068,51.63459338673812
2023-10-18,3982.328369140625,4216.6059487361645,3967.510142491663,4176.377558076556,621225,4287,52.714656447362295
2023-10-19,3978.296142578125,4004.9695689864297,3918.1478459612545,3982.328613513487,388946,8107,75.47389553531482
2023-10-20,3901.67724609375,3978.150188345129,3887.781852361715,3974.2147456220196,204827,11673,50.37681705840134
2023-10-23,3831.131591796875,3926.844292855912,3818.79101687324,3907.896093153869,162161,4272,71.69120596715756
2023-10-25,3819.277099609375,3906.487408651467,3785.0732152643527,3837.2535978520345,261645,9737,50.81279168901463
2023-10-26,3846.24169921875,3882.291959472791,3741.054895974784,3818.7911016054286,302100,14633,64.86173722294619
2023-10-27,3895.069580078125,3969.8906746686243,3856.735962828496,3877.0444507530924,262816,3648,46.20143859703746
2023-10-30,3955.02392578125,3984.9524136913815,3877.627907591782,3922.3748603419017,114014,5987,71.78301911020685
2023-10-31,3993.01708984375,4008.2730096296914,3914.8439045526043,3983.008743387177,205697,16833,77.55233926393132
2023-11-01,3940.254150390625,4029.650792027108,3930.439858970307,4003.4148211120532,187184,9191,47.35697019261394
2023-11-02,3961.582763671875,3996.321367942416,3952.4488543643806,3973.971971496783,170196,17188,71.51994361962335
2023-11-03,4049.570068359375,4061.716349308263,3962.6513293355397,3989.3245148528886,183990,6301,59.047399773741944
2023-11-06,4084.7470703125,4104.034990471932,4024.1124386905663,4076.293066538989,231433,6641,63.03263331915295
2023-11-07,4089.70166015625,4113.3627130528075,4054.9148973122024,4094.7547033965066,122172,13306,75.03227764372899
2023-11-08,4154.5625,4166.660386102573,4098.6896053635965,4119.046962847204,216669,6695,52.17321844567602
2023-11-09,4188.52392578125,4249.206941031481,4096.698032964563,4163.648245109509,522498,8932,53.69618209696917
2023-11-10,4119.33837890625,4258.923828039177,4103.499817325007,4205.52858379887,640836,4840,55.35585278107605
2023-11-13,4142.12548828125,4185.949372868882,4083.628798725584,4116.035177128873,157036,15771,67.0976229169355
2023-11-15,4138.28662109375,4183.131073249374,4131.679233553871,4171.227717037936,95758,9359,45.589184205689286
2023-11-16,4112.9736328125,4165.591226707536,4090.9157969422013,4163.745086906045,130755,14874,67.04515890727812
2023-11-17,4163.79345703125,4176.377193736125,4096.454666005833,4121.96185570699,121481,15536,57.158292951025324
2023-11-20,4223.99072265625,4241.821558234772,4173.462193192683,4193.867945476047,243547,15434,47.31800755882351
2023-11-21,4222.3388671875,4304.54499715729,4212.378916129121,4269.612575440771,345900,10386,72.78052431263347
2023-11-22,4114.5771484375,4251.830132477839,4100.876047704187,4236.7203477372805,176385,14329,62.37267136516786
2023-11-23,4139.98779296875,4158.839205121698,4100.585437848099,4129.7365191598155,82762,17553,52.095362396836755
2023-11-24,4141.73681640625,4155.437918436777,4104.471925504162,4144.311733493194,116246,5458,56.42306785138154
2023-11-28,4134.83740234375,4167.632364409223,4076.826568548943,4167.632364409223,184551,15005,72.12279577608555
2023-11-29,4123.9541015625,4153.251313613205,4111.905084589843,4142.610980688266,78223,8404,49.05038474548262
2023-11-30,4294.68212890625,4338.651667077642,4114.285654483739,4135.565844363369,558962,10910,61.48772263569178
2023-12-01,4263.1025390625,4323.105178936477,4251.9763537050485,4323.105178936477,150704,13038,59.56170966462648
2023-12-04,4499.71142578125,4550.482882240154,4294.050683171164,4294.682194913714,798523,4552,46.9323427791941
2023-12-05,4709.4541015625,4727.38173056019,4461.718324148299,4530.7580812763335,860640,10873,48.50279538915979
2023-12-06,4604.31494140625,4747.204075925962,4588.136189989265,4717.615545591758,248801,8341,74.45535062872027
2023-12-07,4610.53466796875,4654.698744385043,4566.565121873364,4615.636107018491,177991,13418,71.20984783731846
2023-12-08,4612.4775390625,4706.295706255582,4551.892263793989,4654.358014446049,231897,17311,50.849508588083744
2023-12-11,4651.39404296875,4696.7238681022,4625.35213220875,4642.794381254228,148181,6065,57.79780519097043
2023-12-12,4587.69921875,4683.363527903279,4557.333513008628,4662.326261858487,201663,6486,74.85333506731344
2023-12-13,4632.4462890625,4642.114444845066,4542.7578581975895,4597.076410811385,166968,7993,68.86441993877416
2023-12-14,4656.787109375,4698.133336700499,4600.720158078546,4665.532432144053,150017,15178,72.6108882138707
2023-12-15,4698.279296875,4790.056321999244,4628.802561555829,4670.051051902493,371899,5647,60.22446987528482
2023-12-18,4750.07080078125,4816.729692712629,4646.536080589397,4697.210275281995,356079,16416,67.7777716814332
2023-12-19,4702.02099609375,4786.218940624046,4664.221381282218,4782.720715991753,223298,3911,67.92490245700472
2023-12-20,4483.77587890625,4756.484112116699,4433.052814625699,4716.64430647895,347680,8376,65.99658814903583
2023-12-21,4551.9404296875,4572.297787154213,4400.937953810031,4469.05439497697,191984,3419,50.7563314648282
2023-12-22,4624.33251953125,4630.1627349372575,4553.495497241093,4589.351227095208,155535,7899,73.48111327407862
2023-12-26,4636.33349609375,4687.49354530546,4612.915367527227,4636.33349609375,121004,13407,57.66512588536853
2023-12-27,4599.65087890625,4686.423719163793,4590.3224403581735,4664.123432291399,165313,4982,60.53006251111802
2023-12-28,4511.56689453125,4630.551596336792,4491.2095347427985,4612.3810419197325,478064,10746,45.11166646501544
2023-12-29,4542.56396484375,4555.34175905749,4487.905693950622,4536.879409778033,147991,13621,74.35785831509939
2024-01-01,4549.7060546875,4581.577709839854,4522.109321572284,4542.563945761302,84544,8677,66.02369586966421
2024-01-02,4568.55712890625,4579.634443871284,4469.832047911714,4566.95391447755,178550,17542,55.63485924932027
2024-01-03,4640.41455078125,4693.226686412814,4566.128165460222,4580.606440521512,291954,8057,76.6670920776933
2024-01-04,4688.22216796875,4728.3049006344245,4635.069845411876,4682.537612806967,266936,6315,72.46922473127277
2024-01-05,4695.60791015625,4761.3435067390965,4666.116636604314,4718.540190101963,118877,8994,46.343264023807386
2024-01-08,4618.45361328125,4718.587366686932,4605.869876049435,4718.587366686932,60882,3651,53.53226190531234
2024-01-09,4781.16455078125,4832.907705277255,4644.737624242345,4648.624433969744,571239,6868,55.46445719200805
2024-01-10,4796.0322265625,4817.312416453075,4735.5437458425695,4790.444937178731,241276,4829,62.53992559002185
2024-01-11,4733.98974609375,4848.844716969478,4722.474974565397,4807.936414147994,87455,7917,57.81599026605368
2024-01-12,4648.5771484375,4770.962814268961,4636.624920993819,4770.962814268961,145377,11840,68.08769012549062
2024-01-15,4618.40576171875,4672.918379188528,4591.295350731087,4672.918379188528,104057,14427,49.48406724209575
2024-01-16,4673.208984375,4705.275169214228,4615.6356070500215,4635.02126312485,192280,9708,56.75743387158576
2024-01-17,4637.984375,4726.069585192757,4597.513061228901,4662.228541884437,163852,8243,60.35924196647758
2024-01-18,4577.05908203125,4661.645597019216,4532.992277644072,4630.162530112327,151382,11223,51.82846149030652
2024-01-19,4684.0439453125,4707.024616700454,4604.364332837898,4604.364332837898,132723,16938,76.85952104252792
2024-01-23,4635.55517578125,4758.4271468030065,4601.885779018625,4616.510186335317,348426,11602,49.34661214419751
2024-01-24,4597.3681640625,4678.650995864264,4483.241498003295,4630.114733162078,293735,6561,73.74954457853931
2024-01-25,4605.18994140625,4659.265570655976,4532.992628027405,4633.077995805931,114581,16619,61.40177162917616
2024-01-29,4655.96142578125,4671.1200813074565,4581.966367325913,4616.559074946189,87854,17202,64.25826388272894
2024-01-30,4595.91015625,4722.47441394894,4582.50085078617,4688.464824548074,152802,9467,55.25960266492491
2024-01-31,4539.40576171875,4627.976354926612,4499.954542998297,4614.615444763315,292837,10632,70.45881554375327
2024-02-01,4417.408203125,4565.058595900673,4217.4804027617465,4559.228380580238,825760,9735,66.88013465938766
2024-02-02,4353.6650390625,4464.924985104125,4336.7086391595785,4417.4083491010515,315504,7132,56.040269546166854
2024-02-05,4244.591796875,4410.072571946085,4220.833476785459,4372.662019115872,290961,3242,48.09032910051852
2024-02-06,4278.4052734375,4298.422435928035,4238.613874034071,4254.112715673263,177927,15259,76.83901240700386
2024-02-07,4445.6357421875,4498.301727554171,4309.014289945201,4309.062685279545,281178,13508,60.67856560523672
2024-02-08,4324.46484375,4479.548662399655,4314.456497478662,4479.548662399655,132187,10813,49.18470436284382
2024-02-09,4362.41015625,4374.070586725353,4287.831986334723,4337.6801368312035,203496,4668,45.6843415475807
2024-02-12,4303.087890625,4423.481753235023,4275.491630448577,4357.989089970532,149594,14740,48.45492436140464
2024-02-13,4338.5068359375,4358.426741016375,4251.976427001719,4322.133550772511,290402,3852,53.03025257762135
2024-02-14,4429.40869140625,4490.334629459044,4302.553116657997,4316.1569519967525,371445,9111,54.03959375612598
2024-02-15,4342.14990234375,4458.073821233953,4334.424677654727,4445.538953830728,286311,16834,62.5320285476075
2024-02-16,4396.12841796875,4411.238678747741,4342.976568068712,4382.378920461469,185797,4057,60.10273645770456
2024-02-19,4361.8271484375,4426.931220212563,4323.250366868709,4411.5296396833955,155541,15949,63.288645748912955
2024-02-20,4396.46875,4418.332060172394,4335.348746677567,4386.994648925295,169172,5813,47.63991428059155
2024-02-21,4843.64599609375,4988.721000177692,4508.699930039831,4508.699930039831,4404765,16113,76.490452292641
2024-02-22,5271.48681640625,5295.779382380472,4937.804225077168,5052.853722638249,4222692,8926,45.93452754160715
2024-02-23,5239.46826171875,5361.951646203807,5170.088798291932,5266.627536308791,1578299,16295,71.37414075153441
2024-02-26,5146.3310546875,5278.5793875351355,4990.712517189006,5207.402178242802,1164768,16451,52.648945934899395
2024-02-27,5296.26513671875,5319.828925282263,5097.066099377709,5120.872813596517,656105,16902,53.57742793378649
2024-02-28,5274.984375,5394.892370621346,5228.002463442994,5286.06168879325,785448,4855,58.40373516111439
2024-02-29,5290.8720703125,5329.78856824943,5199.046177933362,5290.8720703125,527441,5131,67.21372774510488
2024-03-01,5334.50146484375,5368.268129252759,5300.63753528462,5342.420745920228,345570,17997,74.59560963240254
2024-03-04,5472.19140625,5504.695046930597,5333.529734494772,5334.647097554983,484602,13430,68.33306712676105
2024-03-05,5520.0966796875,5533.846176259829,5413.792512651827,5460.968482981604,340244,16841,75.41048759035763
2024-03-06,5539.384765625,5558.138434543317,5430.311157359705,5499.836283132024,401305,4718,52.41038558299879
2024-03-07,5607.45263671875,5628.101316445003,5514.412115128694,5535.837967129569,289128,7259,62.44237233006467
2024-03-11,5676.0546875,5765.985567166752,5607.452393759636,5636.894790731498,693540,4035,47.41848081084039
2024-03-12,5556.1953125,5689.318565003061,5528.987640455579,5684.460052137985,310813,10070,73.11721532258188
2024-03-13,5438.8623046875,5644.96051826794,5415.007195964058,5587.1926096893585,454668,3884,63.74564967143917
2024-03-14,5466.21533203125,5498.184250461175,5363.79797998736,5456.012455438882,354416,7225,57.133339510041125
2024-03-15,5457.615234375,5625.962684720111,5427.444062929953,5490.118871283545,810054,3719,78.7025700471215
2024-03-18,5603.5654296875,5621.2990004321655,5457.615523416995,5485.260649514187,306134,9654,59.19447550364912
2024-03-19,5469.32568359375,5623.72914127963,5452.709473225166,5623.72914127963,245880,10321,45.821107334078356
2024-03-20,5571.451171875,5606.578124613287,5402.666246998753,5519.2705544879345,272707,16657,68.56219667386725
2024-03-21,5698.93798828125,5710.695683611661,5587.289464142768,5597.0064892978,381358,3251,67.91060336786664
2024-03-22,5798.53857421875,5863.302464025491,5669.933627488103,5708.753339985688,514271,7606,47.64028619974276
2024-03-26,5762.00146484375,5817.19445315185,5709.043677030114,5714.5825712293,383434,3254,69.95328500171266
2024-03-27,6101.66064453125,6162.440450665532,5913.781857214429,5937.102718958292,1232034,15339,45.18586522959684
2024-03-28,6180.8544921875,6288.810744439715,6046.710665443635,6102.292243176702,722060,8247,49.85081538616356
2024-04-01,6320.58447265625,6382.433240918941,6216.029190402344,6240.710813086746,396061,4553,57.35053398749976
2024-04-02,6247.9013671875,6359.792814322056,6192.319794822908,6359.792814322056,280233,5835,73.78878061121299
2024-04-03,6320.001953125,6335.500799006389,6249.845311777683,6275.255239261235,217760,6004,48.92163918098236
2024-04-04,6317.8154296875,6435.051721543011,6306.397924761355,6406.434891750977,325004,13406,59.63619694909733
2024-04-05,6481.10986328125,6494.568037485026,6330.641639774601,6336.569119779106,382254,4071,47.226261761718284
2024-04-08,6510.1640625,6556.951444693539,6442.873661913691,6481.255912067614,179056,4775,68.65723349511332
2024-04-09,6345.0234375,6531.396280559057,6311.839888656147,6528.869758910285,317551,13205,45.79688540919675
2024-04-10,6453.611328125,6477.369646903586,6374.369169470076,6392.491328389836,234204,14148,51.31250872567891
2024-04-12,6561.85888671875,6581.438598094769,6454.0482996364,6461.821919991276,418148,5246,52.41180908755216
2024-04-15,6375.388671875,6538.634696331297,6361.7848365036425,6471.538826660356,333967,12359,51.78642540962616
2024-04-16,6456.81787109375,6477.369285409805,6340.359224017248,6383.794518372035,268622,9862,54.41145037683661
2024-04-18,6189.25927734375,6455.991622367827,6131.442976691901,6455.457375760898,1041299,3513,47.04310788992564
2024-04-19,6114.53564453125,6189.259476753953,6068.282507626726,6189.259476753953,286043,4664,74.70038721676758
2024-04-22,6340.650390625,6358.918683044382,6129.499618596907,6194.603688737362,384870,9767,71.83306912583467
2024-04-23,6128.96533203125,6383.891112012245,6117.256031829216,6383.891112012245,550348,8667,64.339472084517
2024-04-24,6164.33544921875,6200.919956119842,6121.774591935381,6186.635738542135,239797,15346,78.92792836491566
2024-04-25,6249.69970703125,6278.364933294718,6165.9387544011515,6193.632278079416,260935,17976,68.05774594955618
2024-04-26,6229.05029296875,6306.300639387965,6197.323827729706,6286.914985312221,163903,7319,60.66579884310143
2024-04-29,6269.32763671875,6281.036937216747,6169.534068728019,6277.781638755839,158748,7197,75.1827158549014
2024-04-30,6355.6640625,6454.534806429882,6271.368858215801,6316.067179795895,393914,5371,65.37515535610672
2024-05-02,6493.40185546875,6556.999972892316,6359.792763792439,6398.660863189183,317802,9627,64.33485631305065
2024-05-03,6532.26318359375,6621.443194400606,6473.314096520763,6543.282955018295,337954,11081,54.27308653069537
2024-05-06,6768.06103515625,6853.535093444508,6543.429208453706,6543.429208453706,689802,12408,49.05205885582547
2024-05-07,6717.44970703125,6865.23740415236,6657.085946086592,6803.801330791337,384249,4471,50.47308178941971
2024-05-08,7008.34326171875,7038.81749929884,6633.924398650749,6734.17273629019,545654,3164,63.03232734188174
2024-05-09,6811.69970703125,7026.140742868906,6788.2464463365,7026.140742868906,412297,7556,78.82020341731776
2024-05-10,7000.15283203125,7031.017048809623,6855.485416523114,6865.237173872364,509593,7345,72.81206514648453
2024-05-13,7786.04638671875,7985.665037947546,7216.299998336569,7362.576349654202,3294820,3593,64.46638663643142
2024-05-14,7880.24853515625,7918.328955219488,7719.39311533327,7835.536634734136,856307,7833,73.66912557984037
2024-05-15,7883.61279296875,7923.302634784847,7767.469746967176,7879.4197278845,460611,15839,74.6463536429553
2024-05-16,8098.9814453125,8169.681688796106,7828.321124045784,7883.613304632798,1059012,3939,70.54743433876288
2024-05-17,8163.53662109375,8181.821165257823,8030.571796860619,8093.958216629403,319044,9222,75.8976107845715
2024-05-21,8337.068359375,8386.314725950844,8142.716057590152,8142.716057590152,375839,16456,46.12636653862523
2024-05-22,8204.3486328125,8376.759511217317,8176.4094672516085,8342.628360705954,326374,15177,67.46201388084452
2024-05-23,8214.4423828125,8279.243008840427,8149.105600528364,8249.987733190814,203242,13991,52.399527565052395
2024-05-24,8213.125,8297.52626666897,8167.876466432244,8267.34438818341,163314,12133,63.91584885964449
2024-05-27,8189.8662109375,8259.737928652741,8056.023350169189,8249.937603628787,229846,13829,51.426193800486836
2024-05-28,8029.255859375,8166.804202700377,7974.157955642493,8157.441944499582,328008,16585,49.50324519416209
2024-05-29,7994.83154296875,8043.688418298427,7923.254215977076,7931.104190117819,226167,4914,70.35637594224784
2024-05-30,8059.48681640625,8085.816562222214,7907.846507861668,7940.173489437038,319976,14493,77.06004894042204
2024-05-31,8111.462890625,8143.692256991745,7964.162315691945,8121.2632159295,516112,17834,51.03339500569799
2024-06-03,8511.3330078125,8547.414506585306,8186.843312767861,8289.48054914186,537121,6833,61.649024635994266
2024-06-04,7476.42822265625,8532.787289039317,6809.066643852357,8532.787289039317,1346607,12403,77.37658171063774
2024-06-05,7618.75537109375,7703.839450798582,7058.467887754059,7655.129234188374,1097810,15044,53.50473693393248
2024-06-06,7789.2158203125,7942.513629174389,7607.394122531156,7607.394122531156,483840,10736,70.44940885429857
2024-06-07,7872.83740234375,7900.093754253955,7723.391722857895,7850.115998471572,323673,16990,70.04948004140692
2024-06-10,7861.81787109375,7996.440685090323,7795.846854513749,7975.035388158304,271789,6401,58.974336394194225
2024-06-11,7894.29052734375,8127.504160439886,7871.715306716691,7942.805514989018,434290,16467,63.5362006351891
2024-06-12,8075.4296875,8118.337416789941,7918.426405325445,7918.572586443298,436181,3157,78.68822649390103
2024-06-13,8236.9189453125,8279.144816304311,8098.883011107489,8142.717350662792,386195,7771,63.36430660540073
2024-06-14,8796.0849609375,8917.981925473774,8243.208898122772,8295.478887907946,1242412,11579,49.388063695720604
2024-06-18,8646.8828125,8922.808963468893,8582.618353829384,8922.808963468893,517839,15449,54.55273588365167
2024-06-19,8331.900390625,8692.4715715044,8309.47135165211,8682.96360933111,601292,9319,74.55360644671431
2024-06-20,8327.3173828125,8450.48187909154,8177.432692329461,8386.510736263848,409555,13388,54.25856286008416
2024-06-21,8190.89111328125,8426.00559241115,8147.592931496458,8376.75921981503,318529,17244,45.487115506684
2024-06-24,8255.1552734375,8352.721418976145,8045.93150198876,8180.798120811782,435447,11119,77.7739314799424
2024-06-25,8191.13525390625,8384.414322974624,8176.897116764992,8284.069311106705,244800,9730,57.037358899161546
2024-06-26,8182.5517578125,8225.606141246219,8031.253835687633,8216.82956089397,336425,8862,51.48406676403416
2024-06-27,8428.4921875,8475.105395739773,8120.82425254097,8172.459996590016,654170,10738,58.72882692050126
2024-06-28,8280.119140625,8503.678153881609,8227.55679322142,8503.531496609077,400414,14295,77.92459906107172
2024-07-01,8374.224609375,8431.2228700581,8251.302944335708,8280.12014957982,251582,3895,60.02687344785096
2024-07-02,8302.841796875,8454.773992575134,8205.177561811275,8376.711362035041,240074,9146,52.55858545418954
2024-07-03,8403.91796875,8428.151657565702,8318.24915991269,8324.100214421422,235527,6459,50.97065865345707
2024-07-04,8499.435546875,8590.029743631565,8367.153544347188,8464.52444986145,329126,4440,56.05005669445943
2024-07-05,8463.9404296875,8499.582911387717,8390.850819833384,8499.582911387717,222477,9583,59.46141402962608
2024-07-08,8347.0654296875,8484.029054718785,8281.192498008268,8484.029054718785,161299,5062,64.0369229563238
2024-07-09,8377.734375,8498.607592559945,8354.476815659846,8401.138591622046,195613,10859,65.83058527046785
2024-07-10,8330.7802734375,8410.842778695136,8173.533174341011,8410.842778695136,178905,14383,53.38019846364221
2024-07-11,8247.9873046875,8376.759062323597,8217.805427031542,8371.931752260238,134239,14542,64.70614210502876
2024-07-12,8005.4609375,8288.993265980449,7987.6639813701,8191.475698145385,406193,17158,58.67962129021714
2024-07-15,8046.32080078125,8059.826602362976,7913.306463584387,8006.484304802887,279190,6608,73.95055067331985
2024-07-16,8027.9384765625,8093.909491556837,7981.764289522406,8083.231127507822,212920,3409,75.31615464296969
2024-07-18,7697.20751953125,8045.101905798956,7521.871129652232,8030.279045584053,715249,6504,48.92933728941274
2024-07-19,7431.32568359375,7713.346658480715,7411.334583729742,7703.887264666443,355166,17651,57.52471385794312
2024-07-22,7525.38232421875,7567.217266603692,7240.679587548058,7338.343338874027,363722,9939,76.0968473107887
2024-07-23,7316.79150390625,7618.120781141562,6878.1091166649685,7574.140740052359,714300,4425,72.6304692445855
2024-07-24,7335.8564453125,7448.343051854654,7250.430963077731,7362.5275945915955,388681,17658,62.37736793439778
2024-07-25,7434.54443359375,7573.214610880734,7226.100624287059,7265.059084607451,304924,15517,45.1837931413119
2024-07-26,7656.34814453125,7674.632688738856,7459.460267735758,7507.829077244944,237187,11576,69.635116881907
2024-07-29,7776.34375,7796.0424905056925,7618.121485432541,7702.9132068927975,207473,6499,73.05747908653848
2024-07-30,7648.7421875,7849.189366177218,7635.625883608848,7791.653998727293,136915,17710,50.520625993403655
2024-07-31,7700.81591796875,7750.696057176179,7596.618304655566,7604.61493544025,274082,9949,52.81741924685297
2024-08-01,7576.919921875,7750.69642112672,7542.98399816497,7700.816279577062,143518,4242,60.8365523828656
2024-08-02,7390.66162109375,7586.8185998202125,7360.187379576468,7504.025799538041,195829,14024,59.24696099940566
2024-08-05,7280.36962890625,7409.287574556534,7057.151523657748,7218.348357323075,335130,6165,73.1813343087648
2024-08-06,7280.36962890625,7460.094325258601,7243.605313466783,7261.889858381633,271285,6143,62.96625154155268
2024-08-07,7675.02294921875,7718.5158818900845,7284.904089960696,7368.427795775297,470318,11733,59.71877498786171
2024-08-08,7745.1376953125,7951.582579431852,7582.966168464812,7685.359615955656,630662,11925,65.37529905437263
2024-08-09,7774.1982421875,8058.6081379941925,7724.366669012495,7947.681902847094,1288936,9019,63.74194764062729
2024-08-12,7484.18115234375,7791.605292470737,7441.419602569104,7791.605292470737,499233,16985,69.87037903192896
2024-08-13,7357.50537109375,7595.399671639135,7338.197082854693,7595.399671639135,485092,14205,45.739944709265906
2024-08-14,7564.38916015625,7620.997917756971,7266.033971235725,7411.335147146895,505429,9074,78.42395059265169
2024-08-16,7714.81005859375,7728.267292563488,7532.5983868803005,7646.3525351407325,383686,4961,75.09539984030444
2024-08-19,7628.40966796875,7786.1929087001,7615.098614648116,7757.474269496833,140445,3855,46.25576914559694
2024-08-20,7607.1015625,7685.359409551966,7543.5199187302305,7673.608733262366,180753,14484,64.70720770805072
2024-08-21,7724.90283203125,7733.143257113488,7573.019217618207,7630.749809194584,139006,11196,48.660377264871784
2024-08-22,7664.44140625,7752.64623214767,7636.210357553447,7752.64623214767,112842,14967,54.46040940589499
2024-08-23,7612.55078125,7728.607915427561,7586.331657767369,7675.095422973085,141683,7571,64.56281495206656
2024-08-26,7607.32666015625,7648.535157138285,7519.051142108937,7636.231159908038,186052,3396,56.30149469006254
2024-08-27,7721.13818359375,7835.681462421744,7644.727045551627,7644.727045551627,465311,10286,74.5378392078628
2024-08-28,7751.8486328125,7768.986496390662,7660.692249184627,7743.597492695646,153307,7050,48.50259451879936
2024-08-29,7691.4033203125,7826.111704780768,7606.252317740486,7766.593830775784,261097,16843,77.57878467061545
2024-08-30,7749.55419921875,7772.941569664241,7658.983805929007,7745.257693712444,328066,9727,49.91464749120163
2024-09-02,7518.31884765625,7760.5886324163685,7457.189842353901,7758.29376168184,278992,9148,65.9487305661545
2024-09-03,7585.35546875,7644.824232907237,7500.204941204799,7566.557840741254,199718,17888,70.74992758398592
2024-09-04,7459.533203125,7582.523586470473,7396.988559885876,7572.66083969595,301420,16417,60.99091984461781
2024-09-05,7470.32373046875,7497.567988700107,7432.532984762649,7475.108485738385,165098,10878,64.40629321844138
2024-09-06,7339.765625,7470.226140275167,7323.7997522015985,7470.226140275167,170226,7242,56.00339839709922
2024-09-09,7422.2802734375,7450.69652461356,7256.909869236925,7323.7514986371825,197525,16361,78.75607461014697
2024-09-10,7358.6123046875,7461.291199172277,7333.516060336235,7422.279827809056,175153,3026,55.03490249254774
2024-09-11,7391.08056640625,7475.010463278923,7355.535581591229,7382.242954484449,137928,15093,63.52593763741221
2024-09-12,7538.7763671875,7573.734880529152,7436.096998804594,7442.981610688988,267442,3954,69.29930202174033
2024-09-13,7503.81787109375,7684.9586540797245,7472.472120024319,7591.5565074323995,282303,8812,55.92937464696836
2024-09-16,7582.71923828125,7711.421768733576,7518.172482300267,7548.346241903323,355094,15049,73.4823895463165
2024-09-17,7688.6201171875,7698.385118441745,7580.130857891494,7635.742730757102,157996,16770,73.26104128381432
2024-09-18,7602.29833984375,7731.440493974233,7577.641709281976,7688.620863954118,164835,9942,64.93155705308784
2024-09-19,7326.38818359375,7648.77962672473,7177.325047791695,7645.996505815289,438617,11732,56.67083896736117
2024-09-20,7514.90087890625,7587.210522843349,7339.960975897575,7382.340986197739,474901,10379,58.46535742990899
2024-09-23,7753.0693359375,7771.964709238756,7567.876177484653,7567.876177484653,267031,5753,47.73973733593628
2024-09-24,7888.36376953125,7909.651282259582,7685.0562458497425,7685.0562458497425,333336,4773,59.62432839153656
2024-09-25,7986.16015625,8002.027806998283,7804.628872382134,7908.674773412391,302067,11489,76.78668372768576
2024-09-26,7880.7470703125,8020.972593532536,7775.431429028035,8020.972593532536,231382,9030,60.198029465747766
2024-09-27,7942.31494140625,7994.85045614519,7875.473318734735,7899.88582127266,339640,3775,65.92936381577174
2024-09-30,7865.708984375,8003.395510358473,7787.588969632604,7787.588969632604,266470,15522,60.79567437262371
2024-10-01,8073.80078125,8108.125144126274,7895.052613482665,7909.651481940544,368953,15100,53.749358253286296
2024-10-03,7919.70849609375,8065.890750416589,7856.72424023396,8008.277245056471,320792,16726,78.83173650205413
2024-10-04,7744.03662109375,7913.752631645632,7694.821109359695,7899.934773208204,305714,16372,64.89607069680038
2024-10-07,7575.98046875,7870.590737062212,7491.855081233185,7717.280222705044,193223,6719,55.59937960878469
2024-10-08,7963.01708984375,7984.8419642071785,7563.042521137748,7587.3577570418265,190857,5937,65.08980463651378
2024-10-09,8259.2861328125,8378.1750149887,7890.901485576595,7961.160855540147,567692,15611,63.8052122677762
2024-10-10,8310.3095703125,8417.139075038773,8245.56779692622,8299.2753086305,321074,7735,72.77926705972128
2024-10-11,8352.6884765625,8405.71223733698,8223.448125745404,8305.474128061425,226675,10131,60.219608690099776
2024-10-14,8369.0947265625,8484.809996978189,8338.579096178615,8390.674998924602,181469,4005,51.598139312829474
2024-10-15,8445.0654296875,8474.067672712494,8344.193162402427,8417.430668216375,192358,8097,62.96138496688989
2024-10-16,8563.271484375,8730.497140440928,8414.990313273749,8476.02157461168,660651,8077,56.99635510018074
2024-10-17,8486.4697265625,8607.848499939939,8222.17958941564,8568.788495402492,407941,16128,68.53751626045928
2024-10-18,8576.6015625,8642.02707823352,8358.89064442225,8465.329170018573,197602,3815,53.22397337594407
2024-10-21,8085.12841796875,8662.825520639808,8065.891174445029,8622.593524059117,337458,8839,66.44315576253214
2024-10-22,7985.37841796875,8181.118059029514,7963.407165124615,8076.876670535674,267921,13890,55.29434788007847
2024-10-23,7522.76123046875,8007.203499079187,7441.174838369889,7958.524397244454,553732,10535,70.14750671928152
2024-10-24,7468.37109375,7719.233893681087,7403.0919616027495,7592.2888707616,482630,13131,51.154743835812944
2024-10-25,7344.89208984375,7555.523358102442,7240.846191964381,7535.3587258276275,287311,4116,54.64492578580757
2024-10-28,7166.486328125,7409.390752692387,7145.051958028419,7343.281498479392,497757,8239,77.6517969294153
2024-10-29,7316.42724609375,7331.514363870439,7030.849591491173,7167.022725753097,352099,8396,67.68757090768871
2024-10-30,7252.369140625,7354.315664746477,7216.336379100177,7327.120515994576,262509,8666,78.46850189377992
2024-10-31,7254.85888671875,7304.074396587705,7146.076393712789,7284.69077416642,520624,15615,46.90136671296304
2024-11-01,7255.7861328125,7323.750634057894,7210.476624251132,7298.361631859827,39200,5517,56.295381360758476
2024-11-04,7187.87109375,7276.878985442209,7090.367460184632,7269.066984384301,331535,5747,64.10418809018731
2024-11-05,6965.22900390625,7263.696171405722,6772.028359037264,7227.028782477091,2177411,6010,58.75684041708516
2024-11-06,6995.6953125,7028.799047154673,6871.7289115656195,6981.975676892557,658234,16469,67.85619940595024
2024-11-07,6835.25732421875,7070.398383350959,6811.186689476596,7021.036488607852,418991,3839,76.75210405185504
2024-11-08,6879.88330078125,6951.60695205165,6785.69966883548,6864.844816745561,565723,12277,57.559419866499404
2024-11-11,7067.712890625,7097.349766778701,6830.9607054370035,6874.561343597193,408263,10269,64.33137666111718
2024-11-12,6800.59033203125,7136.994592272448,6772.271831169146,7124.592851172244,547081,5365,68.7348746842538
2024-11-13,6642.154296875,6834.524834435185,6622.624293061784,6776.911323186195,509564,9823,74.20166722156867
2024-11-14,6523.16748046875,6673.548505846598,6474.04971290244,6648.013121898653,599381,11448,72.30696480177367
2024-11-18,6470.1923828125,6586.933264251985,6449.783624615259,6542.893011211587,327357,10523,52.01191709528553
2024-11-19,6544.11279296875,6628.872806100735,6470.582053540799,6515.45242130403,415057,4446,67.39994162931966
2024-11-21,6601.92236328125,6669.496367862819,6460.037074904317,6544.113837509147,337186,3590,45.62962198555495
2024-11-22,6742.3916015625,6775.934476759074,6602.21519707856,6615.739819389478,254886,11153,53.674059472364135
2024-11-25,7089.24462890625,7128.40237983832,6885.302479531278,6923.385984949193,745341,14732,46.53011253271936
2024-11-26,7157.453125,7216.335891552096,7080.0654904390385,7128.450880694221,456499,3020,64.81261592813814
2024-11-27,7320.04052734375,7362.908788053173,7144.563261771035,7157.453254319097,475285,7887,71.46071867733171
2024-11-28,7221.072265625,7343.28116464603,7168.194877599963,7343.28116464603,358113,17760,62.58500126647893
2024-11-29,7246.85107421875,7296.359818010361,7201.687946419172,7260.277950051057,191937,7478,67.22581529742136
2024-12-02,7314.71875,7332.491244063479,7167.559981614858,7204.618354303641,353136,5033,52.9799161077659
2024-12-03,7360.41845703125,7455.578586623145,7304.2696988477755,7355.975572106372,339612,14154,73.9391024408141
2024-12-04,7484.09228515625,7541.022050476668,7396.988285187537,7396.988285187537,395551,5062,52.091697654426405
2024-12-05,7312.423828125,7501.474357702861,7245.631311397452,7470.226352047239,424954,5950,46.94204403135947
2024-12-06,7374.91943359375,7396.011931611918,7313.985921279808,7362.810927429874,228818,13122,65.24254264322374
2024-12-09,7391.8623046875,7460.461442955514,7355.536306938898,7397.9167965811785,209644,4892,48.21030194229642
2024-12-10,7512.45947265625,7528.815849501796,7392.3013248210555,7456.554841348341,265407,8016,66.47761437302587
2024-12-11,7547.12548828125,7604.006621671821,7470.226101937773,7521.980609572113,173332,15278,67.29569490299815
2024-12-12,7477.11083984375,7572.759227384282,7454.846825487873,7562.017724934091,118184,8291,60.185569949232885
2024-12-13,7522.22509765625,7537.214470952108,7383.659815890096,7436.048955785201,132883,13636,50.790326251722284
2024-12-16,7704.927734375,7757.072744861099,7508.602101275491,7522.224468525729,340801,6125,75.10582257179956
2024-12-17,7633.7412109375,7772.94111518589,7598.147590108218,7704.9279757893555,213086,12618,51.39175427806254
2024-12-18,7477.2080078125,7631.104526393996,7441.419372773978,7628.467785273503,201768,12674,46.960566583235334
2024-12-19,7179.13134765625,7440.931132876407,7162.726335881255,7440.931132876407,233391,6423,74.89669756608106
2024-12-20,6758.6015625,7233.376119079645,6724.179932725303,7186.845506179972,557249,3843,51.549642537465715
2024-12-23,6795.65966796875,6890.184686666327,6731.015170803712,6802.299677907828,167980,4274,49.00194435404665
2024-12-24,6716.5634765625,6851.076371305956,6681.0676009911795,6843.215259068137,159850,17960,62.30208002082956
2024-12-26,6782.0859375,6791.997794936518,6682.238802515079,6718.320671845997,119925,16845,64.43505001352791
2024-12-27,6685.99853515625,6842.2876644852895,6661.732411962116,6805.033803690994,155724,16702,76.53527412531952
2024-12-30,6544.45556640625,6723.545603901814,6511.400939980529,6651.919220399496,901044,8963,64.07958424108219
2024-12-31,6749.81298828125,6785.113372434737,6544.455202739248,6544.455202739248,362642,13910,75.82128344458101
2025-01-01,6765.6328125,6784.4304408251255,6685.364307578594,6749.569193935839,74460,10901,65.14920200291846
2025-01-02,6729.74609375,6774.860113384432,6635.318341058177,6748.1041053543095,323524,15873,56.81057038440701
2025-01-03,6640.34716796875,6769.001058242309,6607.976284487066,6737.850799905535,149381,3067,48.113968962893445
2025-01-06,6464.7236328125,6666.517766524913,6419.316376676919,6640.2495315301485,208851,5628,58.32411374633315
2025-01-07,6548.60546875,6583.466237872434,6471.9010962102975,6471.9010962102975,207775,3096,53.93583706875864
2025-01-08,6500.56103515625,6560.078905778692,6413.115643679997,6542.501904331672,162710,8143,55.88061964134453
2025-01-09,6330.11328125,6534.738687040987,6305.749412965806,6482.0076814970225,193962,4149,65.07000030721437
2025-01-10,6264.8828125,6392.121062452732,6213.47017725744,6327.720689710547,259956,17789,56.92578961566903
2025-01-13,5965.68359375,6233.879266940186,5937.120964111798,6202.729007243115,389091,13104,54.06606695311241
2025-01-14,6002.15576171875,6108.398784561242,5918.615889968365,5990.7796306275695,254776,11678,56.865242834410004
2025-01-15,6048.197265625,6083.546758630716,5963.193125857633,6044.975006139545,252993,4541,72.81196219866119
2025-01-16,6160.00732421875,6203.754342012682,6074.026673202853,6091.5059312443545,170841,8738,77.77241344902956
2025-01-17,6374.1044921875,6399.688985889162,6104.736840461562,6151.950716320375,385172,13104,67.439330506682
2025-01-20,6371.90771484375,6425.029228568264,6303.357212396295,6393.683477845595,131130,12258,77.55973295149187
2025-01-21,6133.5927734375,6388.459305961313,6116.21078513538,6371.907438126453,337700,15255,78.52320668512928
2025-01-22,6132.07958984375,6191.011474238268,5970.322421686557,6175.045600075057,303115,13566,50.57262205390795
2025-01-23,6181.48974609375,6336.460502387307,6113.086104943455,6132.0787457677825,243034,4360,55.69084304960682
2025-01-24,6033.69677734375,6229.97331061241,6007.721777579687,6210.5410526799915,145838,6793,64.00280100087382
2025-01-27,5940.34326171875,6032.622527291008,5867.789490197853,5956.651005193361,241956,3621,66.1892816088651
2025-01-28,5857.9755859375,6039.409117521376,5770.529714102393,5956.650732346561,270318,14823,58.975533587387325
2025-01-29,5967.24560546875,5994.9294780806395,5873.6479774984,5873.6479774984,119869,3029,70.61976461941433
2025-01-30,5584.9462890625,5989.803351021184,5544.567912059092,5981.063483860856,854672,11156,47.74170776287327
2025-01-31,5736.59619140625,5808.076189128727,5575.913291393714,5605.1105488915855,511763,17870,68.47642690534985
2025-02-01,5370.26318359375,5803.731553946965,5277.9839089597635,5780.881543208474,510445,5869,67.58090734961036
2025-02-03,5075.21337890625,5369.774567080035,4985.521740721426,5351.318808773841,1444875,9072,74.04653123898305
2025-02-04,5497.25634765625,5517.225966878526,5141.273400993883,5147.4742724418975,1337087,3804,65.92145367020395
2025-02-05,5609.94482421875,5669.120352883967,5507.5095752717,5542.61494699234,699315,7897,65.29108345570292
2025-02-06,5547.8876953125,5736.303584491638,5509.65781091447,5658.769570200514,384010,9557,53.89542551832736
2025-02-07,5552.13525390625,5623.517504139069,5469.425507539056,5578.5493899862295,284417,4472,75.11178960687064
2025-02-10,5449.3583984375,5589.77891153982,5427.875397852315,5541.589016672467,376402,13795,63.09494204262995
2025-02-11,5309.08447265625,5464.4943626074555,5281.546980106288,5464.4943626074555,350160,13966,46.61179442600045
2025-02-12,5321.48583984375,5380.515460619866,5103.482196180704,5295.55995334692,348968,5771,58.98770271252893
2025-02-13,5314.84619140625,5438.129335343605,5276.909065217452,5322.023562870085,297830,8394,65.13167727624393
2025-02-14,5140.052734375,5366.79626300733,5100.260352722037,5326.808390599026,296054,15827,46.50594597918537
2025-02-17,5118.71630859375,5151.966426524007,5021.164033868848,5139.320558197539,252290,13403,59.61460858064836
2025-02-18,5021.21240234375,5385.398323773863,4973.315260739852,5312.1608125711355,3924895,6527,66.11922635703868
2025-02-19,5003.43994140625,5071.892691159837,4901.786189522325,4970.336684643513,938108,11323,71.86711728268406
2025-02-20,5219.05078125,5230.1341519332955,4952.808143877087,4980.150144671361,757479,3727,55.238542869785796
2025-02-21,5167.052734375,5239.851105740207,5063.201849346942,5201.816234645933,597090,17323,62.93604040022648
2025-02-24,5263.287109375,5281.889246280648,5072.820471379893,5124.868214817729,557026,4786,48.07784068195978
2025-02-25,5177.20849609375,5265.19125822528,5118.277091306276,5262.359503046854,415818,3577,72.01626825336618
2025-02-27,5023.80029296875,5192.73481153904,4985.228538728713,5177.208078386936,541660,3971,51.33560566290131
2025-02-28,4819.4189453125,4998.704475667509,4802.4279373574545,4989.915973952133,784607,14419,77.78108162816483
2025-03-03,4968.7255859375,5024.093335871837,4775.085794443787,4838.362814248697,558162,10477,52.438670711297206
2025-03-04,5069.40283203125,5089.518830675771,4882.500796887732,4882.500796887732,506485,5912,62.68433244110352
2025-03-05,5187.4609375,5230.134179688756,4980.150171100197,4980.150171100197,445752,7223,48.207517896702264
2025-03-06,5243.8056640625,5304.348671729515,5159.436148739483,5216.463660599977,532908,8025,67.15515099467919
2025-03-07,5201.37646484375,5243.854219585025,5155.920575492718,5243.805585302253,482112,7268,50.34655304299212
2025-03-10,5039.033203125,5283.597840389376,5018.868571710189,5202.792458271884,342786,5967,72.39119470298347
2025-03-11,5008.76171875,5060.2234641934365,4960.620455056476,4980.150456848037,549888,3969,46.90964496421198
2025-03-12,5018.91796875,5056.903728898758,4916.678213196789,5033.223600463799,222937,16195,60.17266246259639
2025-03-13,4998.26416015625,5180.040026634671,4990.891775471988,5030.9282776818,367022,7896,50.87869343434474
2025-03-17,5065.7412109375,5095.817703441408,4981.127563237771,5038.741075535561,276511,3740,77.21921905548541
2025-03-18,5065.7412109375,5065.7412109375,5065.7412109375,5065.7412109375,0,3501,51.876313197954374
2025-03-19,5346.923828125,5383.24934430172,5221.101699933182,5304.9343255118,580679,14366,53.129169927562586
2025-03-20,5332.37451171875,5376.219272696838,5215.145383684869,5370.750776544832,442929,11034,49.13791238634164
2025-03-21,5329.24951171875,5441.69340742922,5305.715762993703,5341.407129179115,685475,8893,74.84853371240624
2025-03-24,5402.19384765625,5466.44736117895,5342.578232633345,5342.578232633345,310148,6611,57.41154190542814
2025-03-25,5286.91796875,5463.469474506786,5270.6593372996595,5461.56510857193,265207,11008,47.96536130604272
2025-03-26,5393.89453125,5490.714434053517,5280.47364766794,5326.027765012397,729146,13936,57.9096474193339
2025-03-27,5410.15283203125,5447.357584005827,5317.092079405455,5356.103452062492,403518,12655,78.5901393865068
2025-03-28,5415.91357421875,5492.81295559711,5374.412320776461,5429.291816051054,420034,11818,67.42773474594775
2025-04-01,5272.27099609375,5417.623147234821,5246.735611047709,5409.322895477161,380081,7022,63.5990611427422
2025-04-02,5188.29150390625,5304.2508928587595,5088.639857638583,5297.708628155563,682715,14571,74.65339223151504
2025-04-03,5202.10888671875,5228.328010242442,5119.497358200047,5126.625618337151,224578,12830,46.48679442511032
2025-04-04,4976.14697265625,5205.770885427787,4956.421955894075,5199.86325029802,457097,14555,53.29974773501763
2025-04-07,4846.90771484375,4904.326216690182,4574.366871471527,4574.366871471527,765239,4839,51.103049936937865
2025-04-08,4945.38720703125,4999.632075819624,4853.205689300051,4922.585833431446,304029,6160,62.719553858809746
2025-04-09,4917.8505859375,4971.264861748978,4853.206080818387,4954.76210343511,353532,11491,71.32840708073907
2025-04-11,5022.43310546875,5052.363216956758,4933.327465456021,5028.487597211481,416323,9875,45.610582362925946
2025-04-15,5123.20751953125,5164.220521688938,5037.2755150103785,5097.3302681698515,334196,10018,54.08026801760131
2025-04-16,5253.08203125,5329.249035327981,5129.06652461021,5155.92027604796,566818,5778,62.389210160959905
2025-04-17,5440.57080078125,5512.343564643302,5170.080248539231,5295.072272679948,1143784,14594,59.61025147567936
2025-04-21,5496.7197265625,5565.074741815542,5389.304702593434,5545.05648734858,684672,3077,67.44206192322685
2025-04-22,5548.96240234375,5569.957156703696,5460.100883890027,5516.249645550346,325345,13121,55.562790165025376
2025-04-23,5578.74560546875,5655.889120755294,5477.18958534469,5580.69860585575,376059,13357,63.05071433671061
2025-04-24,5554.8212890625,5598.275547190879,5489.395776824267,5585.581044816296,374809,6901,53.54084229651807
2025-04-25,5369.77392578125,5574.350692002594,5258.452916954361,5564.097441189591,638225,14784,71.99884627287683
2025-04-28,5405.90478515625,5427.8760383473655,5330.714274235544,5369.774279908638,205197,13619,65.37029618174591
2025-04-29,5452.28857421875,5492.81333034485,5429.340820749754,5450.823823997325,224766,12302,53.285392631791765
2025-04-30,5392.7216796875,5472.306436028746,5340.4789255248415,5458.635434939452,316444,5031,49.90134092330232
2025-05-02,5345.564453125,5433.985846394849,5324.932794695368,5408.441888339115,203903,12975,50.16339780521106
2025-05-05,5391.248046875,5407.949863147779,5320.510942660877,5402.546334353645,241475,14722,72.27739049596775
2025-05-06,5240.4404296875,5403.528752021231,5216.861395133225,5403.528752021231,400370,7443,67.43852676255764
2025-05-07,5302.8271484375,5349.49399226349,5177.563515009842,5178.054744944853,270305,3939,56.56707480972543
2025-05-08,5194.75634765625,5344.0902417165335,5118.615710882092,5307.247998116134,345691,3529,78.64997244838304
2025-05-09,5345.07275390625,5372.090399477874,5098.966564244727,5098.966564244727,321841,9083,77.45126277970098
2025-05-12,5489.0029296875,5614.757784708083,5376.511282032368,5418.265823738421,669665,7906,68.02030152973745
2025-05-13,5537.634765625,5599.038504266277,5431.037875343742,5491.950384075889,638165,11841,45.813420409466055
2025-05-14,5536.1611328125,5644.231713932176,5493.42413027881,5521.4242353870895,400038,9784,46.99545195400854
2025-05-15,5634.4072265625,5646.6879746587565,5509.6348259045335,5541.07354103095,356216,17027,62.51970007285486
2025-05-16,5717.916015625,5763.109166263961,5601.003299841603,5644.231530887565,418266,3808,69.44560676722841
2025-05-19,5735.6005859375,5809.2850744516,5721.846148081535,5766.548071113421,181786,14615,73.68330401693314
2025-05-20,5637.845703125,5794.548045139191,5609.845598125599,5794.056815226922,444180,8054,63.25180132020303
2025-05-21,5783.25,5796.0219782553295,5621.635352076785,5649.1442283190345,266662,17631,78.89387882970934
2025-05-22,5820.091796875,5854.477889530406,5724.301967334941,5790.126773275289,286074,15044,60.30288277516543
2025-05-23,5856.44287109375,5884.442975409497,5771.95132824623,5845.635813287672,208138,15032,63.963987771909444
2025-05-26,5891.31982421875,5941.916500771283,5860.3723424438995,5860.3723424438995,219984,9217,65.77355831142879
2025-05-27,5909.00439453125,5943.88171700292,5853.495416512958,5894.758727606201,244514,15273,51.70925865373672
2025-05-28,5909.49560546875,5955.671215353544,5876.091972786134,5909.004375576358,160963,3519,49.632220792234065
2025-05-29,5937.49609375,5963.531279732357,5881.495882391722,5909.495988070861,160875,7087,61.472730427280226
2025-05-30,5866.267578125,6010.689171490329,5841.2148527453,5973.355698375482,296253,5034,63.99605393121697
2025-06-02,5869.7060546875,5885.425411432834,5787.670661672786,5855.460387637041,159034,10800,72.38779134103824
2025-06-03,5889.8466796875,5973.3557652210175,5861.3553446231235,5869.706253176475,197089,13493,71.16527677492088
2025-06-04,5935.53076171875,5943.881669849944,5865.2848874387055,5903.6008188641845,171316,16058,58.95131048952039
2025-06-05,5925.7060546875,5973.355353145984,5904.583169803842,5935.03942242679,135626,16220,51.260065820458664
2025-06-06,5945.35595703125,6067.1809820121425,5920.7944600592955,5963.040234851057,336263,6399,69.917017397524
2025-06-09,6105.98779296875,6131.0405184266265,5964.513578618388,5986.618924610632,270782,5854,58.878327843070636
2025-06-10,6059.8125,6150.198808365759,6051.952821011673,6150.198808365759,207893,3809,68.85550995407584
2025-06-11,5970.408203125,6086.338459496359,5928.162431735437,6081.426160497573,294907,10543,64.63861422931036
2025-06-12,5915.39111328125,5992.022986198695,5870.197957458141,5972.373788014735,369396,8827,66.05147392762484
2025-06-13,5893.77685546875,5911.95236335776,5781.776428477012,5786.688727906474,220342,6715,75.67147720845017
2025-06-16,5908.51318359375,5938.969437117429,5836.793618844441,5895.741206309626,133245,9132,68.2769545115265
2025-06-17,5928.654296875,5977.286062173751,5908.513868821982,5934.057826352639,101944,6535,69.56260963051878
2025-06-18,5937.98681640625,5982.688735689255,5894.758586769937,5895.741046534398,165662,17037,62.10930069556081
2025-06-19,5766.05712890625,5962.057878133852,5747.390390884573,5937.987610684849,130952,14775,48.286734800849345
2025-06-20,5863.81201171875,5885.917359840334,5750.829121319545,5793.56612768794,241725,13520,60.04596774167267
2025-06-23,5819.6005859375,5854.477908601598,5776.863584926564,5796.512780793661,88496,5997,60.173804631468144
2025-06-24,5898.19775390625,5960.583954851207,5836.302782889994,5870.197647970324,228616,4435,78.20040421234103
2025-06-25,5861.84619140625,5958.6184783170875,5836.793467383647,5944.864041598797,138938,15794,71.55573187164734
2025-06-26,5907.0400390625,5919.32078758446,5848.583676097974,5880.022392314189,110098,14869,67.40165743969399
2025-06-27,5963.0400390625,6066.689552880952,5924.232875120994,5953.706670519607,241168,14339,67.84740378792114
2025-06-30,5973.84716796875,6025.9175404549505,5953.706740875031,5983.180536621937,157658,13116,64.57699072882694
2025-07-01,5845.14453125,6036.724190648899,5817.635657079902,6007.250396895222,365605,13504,61.54379431654886
2025-07-02,5802.40771484375,5884.443110067159,5739.530286169521,5874.127281925294,284183,16208,55.210729799475985
2025-07-03,5768.5126953125,5834.337501679857,5759.670557143751,5825.986593409371,193225,13050,70.55547778394153
2025-07-04,5759.17919921875,5797.986360318911,5738.54754395031,5788.652992459378,153889,14642,50.54213330202508
2025-07-07,5741.4951171875,5759.179393729145,5700.231805256994,5759.179393729145,89857,12924,61.41375726774437
2025-07-08,5737.5654296875,5781.776122210777,5719.881152678189,5745.425108358305,242940,13178,52.202670315895126
2025-07-09,5794.54833984375,5835.8116545730545,5718.898929506692,5738.056897059583,204872,8799,59.4579671420379
2025-07-10,5790.126953125,5825.004276758823,5724.302145140037,5794.548022318019,189571,3987,60.44533727275354
2025-07-11,5655.52978515625,5793.565385749397,5617.705083214356,5776.863569307522,280804,8221,76.53129076056656
2025-07-14,5548.44189453125,5681.0739716913595,5479.178476458748,5655.530016090153,456678,16917,63.8945934056078
2025-07-15,5509.63427734375,5624.582068080059,5492.441231720798,5579.880149460383,454138,16491,78.73117670125075
2025-07-16,5453.63427734375,5519.4590830692105,5405.984977676812,5509.634485199739,590118,4194,46.28340924449074
2025-07-17,5538.6171875,5564.652372505543,5372.090249445676,5470.336230598669,1071876,8498,65.46350623153509
2025-07-18,5547.4599609375,5627.039214782526,5531.740602153297,5584.302208087975,425486,9254,61.09337684613284
2025-07-21,5733.63525390625,5742.9686217801545,5536.652068778045,5566.617091952161,428913,13261,45.99633396032201
2025-07-22,5654.05615234375,5769.00394901173,5630.477117129806,5747.881063299237,346363,14245,76.63262724163984
2025-07-23,5610.828125,5686.4775323936265,5575.45957089389,5670.2669450949925,186980,9171,60.56032005335127
2025-07-24,5599.0390625,5633.916389525575,5555.810826186612,5610.82858149456,116292,14571,46.65261741113946
2025-07-25,5544.0205078125,5609.845312707668,5512.0905651394705,5599.038255187566,340538,6002,63.523589921835956
2025-07-28,5448.23095703125,5545.003249749234,5428.090530628015,5541.073410451042,265335,13950,73.16588366524856
2025-07-29,5481.14306640625,5493.915043438565,5381.914629462885,5447.73943416789,209954,9196,68.71041469260662
2025-07-30,5456.58203125,5511.599783095517,5374.055403481725,5511.599783095517,331867,9917,52.654068053119786
2025-07-31,5413.353515625,5476.722172931318,5393.213089659426,5413.353515625,255793,14984,57.842934964317124
2025-08-01,5293.001953125,5441.844606656033,5266.47553962442,5441.844606656033,382061,15810,71.71248508602784
2025-08-04,5003.1767578125,5269.914605578057,4926.544889946153,5216.861773978277,1957165,17164,70.40966358675169
2025-08-05,4994.826171875,5009.5630704938285,4931.457507814037,4981.071733164093,614211,11682,49.81807266338261
2025-08-06,5007.59814453125,5034.124562012581,4936.369801294343,5034.124562012581,385429,8833,65.2019379352787
2025-08-07,5028.720703125,5049.843589735762,4929.001029125354,5003.176747223612,355953,13512,60.28588374854227
2025-08-08,4943.34912109375,5062.946277249243,4927.107531986214,5062.946277249243,348746,4119,74.9469496645551
2025-08-11,4967.95751953125,5042.275092886632,4924.1544464939725,4977.800906730638,429040,3995,55.77226881053578
2025-08-12,4992.07373046875,5009.791827116376,4938.427271174547,4999.948440089917,273262,17754,58.231949512162664
2025-08-13,5007.3310546875,5022.096135446359,4959.5906269005245,5017.666611218701,231709,6662,55.830878648612156
2025-08-14,4951.2236328125,5025.541204239407,4944.825431298926,5020.127341420229,237754,10123,54.534347218570815
2025-08-18,4958.6064453125,5010.284229606079,4925.13892786523,5010.284229606079,307068,8749,65.4732476593418
2025-08-19,4988.62841796875,5002.409159454852,4929.07592797524,4959.09825764139,204663,15246,74.52622058504754
2025-08-20,5041.29052734375,5059.992962181108,4990.597085547752,5004.377827006858,312054,8734,62.30524245508673
2025-08-21,5060.97705078125,5113.639167326382,5031.939061284402,5069.343929110851,377717,3161,48.980216319781434
2025-08-22,4983.70703125,5089.031276231977,4971.8949663922085,5089.031276231977,219900,9888,73.0588068756571
2025-08-25,5020.619140625,5033.415542708742,4965.988347113641,5020.126971314086,246352,10692,68.68726575382574
2025-08-26,4943.34912109375,5029.4787603003815,4932.521395022059,5020.61971169627,482397,17317,75.7096845943937
2025-08-28,4922.185546875,4960.574755219791,4875.429459788396,4943.34882839841,335387,6943,67.4414406133919
2025-08-29,4920.708984375,4981.245812248388,4862.140833830829,4924.646339033432,251338,8060,63.72989322353459
2025-09-01,5047.09814453125,5059.993077603238,4939.017947733091,4963.035715840001,242505,5181,59.28790765961992
2025-09-02,5067.57275390625,5093.460669801359,5017.174419553102,5047.0982202978485,306762,12666,59.1245116251019
2025-09-03,5107.14306640625,5128.306349498236,5067.572937098471,5069.344554592045,213167,9620,57.784167044011944
2025-09-04,5081.94384765625,5140.019833236688,5064.422810361913,5138.248215760775,350954,7775,51.222496160440286
2025-09-05,5037.2548828125,5103.993336584021,4990.597323488958,5081.943764690878,259197,10982,71.39503751623056
2025-09-08,5028.29736328125,5106.06012327719,5017.7652272065925,5059.501093406698,101582,15052,63.62395592729119
2025-09-09,5051.52783203125,5069.344459169919,5011.268474103701,5030.955248702419,150868,4458,47.894868593384516
2025-09-10,5081.0576171875,5113.639322859393,5040.7982622450345,5049.460250172558,184147,3889,53.26680322024222
2025-09-11,5136.3779296875,5154.981835219188,5076.333268249965,5100.548096694225,178386,13043,62.42817651613542
2025-09-12,5166.39990234375,5182.5429599764,5119.54528676871,5142.185075577723,196396,5953,73.47142677210101
2025-09-15,5255.1875,5298.990574156232,5159.116422987138,5166.400433573928,435154,12736,45.19891458498282
2025-09-16,5265.22802734375,5292.690982621459,5233.335547645954,5285.899141304158,154462,14536,68.48749558516351
2025-09-17,5301.451171875,5330.981332839733,5248.198832775903,5291.411205527469,196332,6110,60.039405011709334
2025-09-18,5350.865234375,5385.612198628601,5311.491685924853,5325.370957880357,293576,8150,46.7438409655058
2025-09-19,5351.7509765625,5379.11588077567,5333.147071277891,5373.307897944162,272034,3594,73.82685424853918
2025-09-22,5278.8115234375,5369.862855521753,5257.353131481031,5344.95927802696,155891,17408,64.41027663942319
2025-09-23,5215.71533203125,5291.213817165226,5202.229700440611,5276.252158252082,167342,3199,73.58105562549768
2025-09-24,5155.27734375,5266.015457434612,5141.79219073069,5215.026900453944,137979,6452,56.9442931178471
2025-09-25,5119.25048828125,5182.543274671736,5102.811839676786,5154.981790969778,308529,16400,77.22560847846813
2025-09-26,5092.37744140625,5128.404331879866,5040.798192621265,5119.446754098514,348241,12438,58.5510804710366
2025-09-29,5126.2392578125,5163.841191107013,5086.176958225394,5092.378100227155,228230,10438,59.69245047568602
2025-09-30,5102.12255859375,5150.65074457166,5094.051269686215,5119.545545725182,215173,11084,73.62655517625578
2025-10-01,5117.57666015625,5126.435708038805,5062.453695553682,5103.795919005608,94280,17122,51.51376784884525
2025-10-03,5102.31982421875,5126.928292552013,5067.867968552182,5108.7180259853985,291382,9282,60.459215802780605
2025-10-06,5136.279296875,5162.3642722232535,5094.937071794749,5109.209982834359,156474,5656,60.36477916518106
2025-10-07,5137.755859375,5259.321689173412,5127.9124723467885,5151.044431863085,382453,5100,47.6822214036803
2025-10-08,5048.18115234375,5154.489734668626,5021.111837399916,5154.489734668626,399870,8248,67.41002507409283
2025-10-09,5065.89892578125,5081.156175047666,4995.518711423268,5039.813951228991,212517,5258,77.22556193865952
2025-10-10,5104.78076171875,5128.404891738273,5066.88371981243,5070.328905440278,180079,12262,74.81481355812376
2025-10-13,5066.88330078125,5094.444783524694,5021.111552653746,5079.1875341488585,284296,13980,52.57844373698549
2025-10-14,5039.322265625,5088.53920346683,5001.917392865209,5088.53920346683,299352,10817,67.18314879262624
2025-10-15,5092.4765625,5146.123024789794,5017.666816921572,5039.322269589012,218559,5583,73.95475796131876
2025-10-16,5130.373046875,5177.621302103319,4997.979498370647,5108.71759656202,542569,3894,52.657348205330166
2025-10-17,5120.5302734375,5145.138742648561,5094.937465457997,5126.928475432375,145812,4432,78.27389829453872
2025-10-20,5149.56787109375,5190.910096189026,5122.006387696899,5146.122685669144,141485,10358,56.21908712178492
2025-10-21,5157.9345703125,5179.590020798545,5138.247797143368,5165.809279580153,26961,4614,51.631105455467875
2025-10-23,5100.35107421875,5196.816268713286,5084.109485349772,5161.872244177,333500,9642,58.17795412475872
2025-10-24,5099.85888671875,5128.40470947784,5070.820894601745,5116.592644887872,245669,16474,64.82475665305566
2025-10-27,5155.96630859375,5157.934986069349,5090.999951898983,5116.59275908177,72330,3648,64.07920108685835
2025-10-28,5094.44482421875,5192.386522607267,5060.9773091915185,5177.621442448193,236636,12447,46.39169720626495
2025-10-29,5206.16748046875,5216.995206368761,5094.445035955004,5094.445035955004,193168,6045,66.53129065437497
2025-10-30,5196.32421875,5222.901364782629,5154.981991588132,5214.534485476061,121312,17165,67.99674392080556
2025-10-31,5138.248046875,5212.565619200491,5122.990796927383,5201.245724078065,146857,10588,63.161850568055485
2025-11-03,5173.68408203125,5196.323871583518,5123.482809545787,5133.326196307642,79178,13190,54.467750599663205
2025-11-04,5161.8720703125,5187.957045496192,5143.661804618225,5180.574505349864,101847,14374,66.28457709807674
2025-11-06,5146.12255859375,5197.800338686744,5090.999593161224,5175.652718646889,302941,8199,50.74733747628224
2025-11-07,4937.93505859375,5070.328612940577,4884.780769116213,5019.143000851098,1147124,10338,65.15113453912407
2025-11-10,4913.81884765625,4930.552605751233,4844.4229684976435,4886.2573637351015,207748,7913,51.12661613427257
2025-11-11,4900.5302734375,4947.7785315724805,4863.617571769547,4942.8568380167535,202095,4484,46.80341392619184
2025-11-12,4846.8837890625,4921.69353072959,4834.0873858826035,4915.787498492715,322415,7396,46.86967772125226
2025-11-13,4836.0556640625,4881.335240807233,4819.3219074394465,4855.74243656021,308690,9202,71.34614088933748
2025-11-14,4874.9375,4885.273056537102,4822.275378596668,4836.056120646138,120184,6754,74.4288591859525
2025-11-17,4962.54345703125,4980.7537226178965,4848.852339449754,4877.398161180174,201519,10708,47.89140089070094
2025-11-18,5000.9326171875,5015.205527914636,4920.216846178864,4962.5434090248555,185933,13161,53.62033537691362
2025-11-19,5003.3935546875,5019.14297370678,4958.113975007071,5001.917046654443,241340,14148,64.63921320995037
2025-11-20,5066.39111328125,5090.999579928235,5003.393438664969,5003.393438664969,315841,9681,67.22845778193177
2025-11-21,5012.2529296875,5051.626479802877,4989.120968994715,5049.657802297108,195539,12225,78.34516519452077
2025-11-24,4977.80078125,5020.1273451403995,4945.809773658419,5012.252635579394,453211,9137,78.46511104246937
2025-11-25,4991.08935546875,5012.252637421729,4956.145331778948,4963.527871995103,179842,3178,72.7819303922596
2025-11-26,5116.1005859375,5124.959634571158,4978.785332115801,4991.089566329215,157689,5085,55.754368333916446
2025-11-27,5158.4267578125,5182.050885698675,5107.241147392455,5153.012895171919,123457,6171,47.88017669902515
2025-11-28,5093.95263671875,5178.113593325407,5089.03094334994,5177.621423988527,82669,9798,71.83531967825627
2025-12-01,5108.22607421875,5137.75623747659,5067.868184433035,5136.279729313698,68252,4764,75.37722490035635
2025-12-02,5101.82763671875,5139.7246778172785,5080.172184662449,5090.015571960767,149427,5906,48.89238477146333
2025-12-03,5027.01806640625,5101.827812450283,5008.8077992771105,5101.827812450283,81229,4376,53.37967339035603
2025-12-04,5091.4921875,5100.84340563074,5015.205934328177,5020.127628081198,90233,9971,76.87739202863429
2025-12-05,5092.4765625,5112.655507031023,5059.993383498841,5091.492223742389,99564,5264,49.61255565640148
2025-12-08,4978.29296875,5112.655201124568,4969.926089810925,5090.507580403485,130551,16188,65.1895014775981
2025-12-09,5036.86083984375,5047.688564924517,4902.99078429973,4971.894489359152,113585,8043,78.26095895757422
2025-12-10,5071.31298828125,5110.686536326912,5018.1586984196065,5029.478593482734,118196,15001,46.71368533010089
2025-12-11,5160.39599609375,5175.1610776276375,5066.391643661332,5073.282015043813,197330,13237,65.72462872333912
2025-12-12,5195.33984375,5216.0109571866715,5148.09158446618,5187.465133869363,200377,6479,70.21393580383435
2025-12-15,5202.22998046875,5215.026383448143,5119.053361102693,5205.182996540918,191017,5414,63.52487995249702
2025-12-16,5159.90380859375,5197.30868168161,5145.1387271117,5197.30868168161,71299,9884,45.040734618612056
2025-12-17,5090.01513671875,5180.082122796833,5071.31270245117,5155.965825978111,85858,9414,61.25318388933921
2025-12-18,5017.66650390625,5103.79613982421,4996.011052589734,5103.79613982421,362593,11659,70.08016858706384
2025-12-19,5095.92138671875,5110.194297691789,5020.127307758475,5026.03333988525,351488,8920,53.33687304995847
2025-12-22,5099.85888671875,5151.044499941945,5089.031160844613,5099.366717360835,67499,6992,78.91751272993731
2025-12-23,5122.49853515625,5133.326260730178,5070.32858466369,5103.7961000740115,64953,9664,47.274843519925845
2025-12-24,5133.326171875,5183.527444121524,5120.529769145493,5130.865325196249,103441,11978,47.27721186994593
2025-12-26,5101.82763671875,5162.364468603412,5083.61737021686,5133.326476073371,54254,11665,62.553218874771076
2025-12-29,5084.109375,5136.77149534124,5074.265988020329,5136.77149534124,53679,7238,52.654336306277706
2025-12-30,5058.0244140625,5088.04674443691,5020.127374081687,5074.266002625705,107504,13735,57.576229721618716
2025-12-31,5089.03076171875,5125.943460667387,5060.977110517786,5069.343988946143,106827,6991,47.572352658865626
2026-01-01,5095.42919921875,5114.131634220229,5065.406869347955,5101.827400666624,37884,4941,63.08936628660531
2026-01-02,5123.97509765625,5138.248008791783,5075.74250140514,5075.74250140514,63490,17466,74.8767816102968
2026-01-05,5087.5546875,5167.286124026555,5050.6419854043725,5148.091518936829,101498,10146,54.20533953138184
2026-01-06,5142.677734375,5172.207896501758,5079.680055171249,5087.554765071717,122892,13366,58.86831304179675
2026-01-07,5216.0107421875,5224.377621090801,5100.35094558304,5133.326291848993,123203,7217,76.44393469359633
2026-01-08,4942.36474609375,5283.930284212557,4905.452043847481,5228.807315524796,681840,3236,59.73008935726154
2026-01-09,5013.23681640625,5057.532056292031,4905.451732684183,4970.910253848726,329338,9947,57.645876473578205
2026-01-12,4968.94140625,4996.01071858595,4873.460559101377,4995.518549270751,172796,10664,48.051094386261916
2026-01-13,4888.2255859375,5001.916696524649,4845.899025286008,4970.910030000881,113004,3847,56.03854039629914
2026-01-14,4857.71142578125,4913.81873100304,4847.868038900235,4882.81206232784,107017,5614,78.42691575028915
2026-01-15,4857.71142578125,4857.71142578125,4857.71142578125,4857.71142578125,0,3544,75.06771597113757
2026-01-16,4796.1904296875,4882.320067983582,4776.011485858133,4857.711599898987,186282,3484,50.47586613629123
2026-01-19,4789.2998046875,4864.601713033732,4763.214829900897,4801.111868741811,238177,9652,62.717735810643475
2026-01-20,4618.025390625,4778.964781303288,4599.815123178221,4778.964781303288,413609,8874,62.31456724682363
2026-01-21,4633.7744140625,4677.085316711199,4564.870705303207,4619.00933361408,349292,9867,64.58450121194268
2026-01-22,4681.02294921875,4731.71639509926,4645.094584662661,4651.000617192429,145026,11949,60.18790926185133
2026-01-23,4620.97802734375,4700.2172926970725,4595.3852211426765,4685.452212196453,114255,4895,66.19263963616261
2026-01-27,4633.7744140625,4702.185953473513,4576.682769661942,4620.978011007202,178884,7820,65.4275527586119
2026-01-28,4964.51220703125,4995.518875916247,4675.608800118655,4684.4678483715115,419235,10504,69.03592149061191
2026-01-29,5388.27001953125,5460.618913655391,4905.451889355862,4970.910412611036,2492153,3480,46.760473336354615
2026-01-30,5491.13330078125,5517.710445017352,5315.428847220354,5354.802394236802,634906,12817,47.18858068030137
2026-02-02,5382.36376953125,5450.283136776615,5284.422073286122,5404.019219957308,156864,13363,70.13422790323995
2026-02-03,5579.7236328125,5678.649667053949,5520.171144537797,5553.146489284946,646658,12574,45.38155866823667
2026-02-04,5664.869140625,5775.115073509449,5495.070717209221,5572.341304096981,509746,4934,51.88465362741277
2026-02-05,5679.63427734375,5749.030155429145,5574.310036845348,5659.947503418814,205411,3505,69.22284627682279
2026-02-06,5724.9140625,5753.459885713979,5636.815746029272,5678.650142118724,304093,13283,70.02890439737592
2026-02-09,5724.42138671875,5758.381069951799,5657.978528219306,5753.459376729618,137449,9324,74.04368276597779
2026-02-10,5778.068359375,5791.849101629045,5715.070680499361,5758.381584726363,155125,13444,61.507760208766186
2026-02-11,5734.26513671875,5769.209160811706,5690.462064264199,5759.365773743268,91365,16783,71.17331420163413
2026-02-12,5697.8447265625,5772.654469884388,5669.791072816792,5727.867057764047,169801,7721,57.4145201691307
2026-02-13,5689.9697265625,5763.302958052666,5636.815437965601,5697.844435984262,152957,5978,61.60355550905537
2026-02-16,5795.78662109375,5821.379428863525,5652.565331459045,5690.4623737335205,188248,11370,45.13697865102676
2026-02-17,5744.6005859375,5846.971809538853,5715.070425283264,5829.745882490549,116120,17160,70.58372259601617
2026-02-18,5789.38818359375,5816.457498402699,5681.110924357958,5744.600771818945,178419,3102,47.67432712022865
2026-02-19,5629.92529296875,5815.473141159083,5605.808994397593,5792.833350663711,136031,10697,58.99516822904685
2026-02-20,5893.23583984375,6148.179565001514,5629.925235675017,5635.339098564467,4034978,13910,48.890593363749346
2026-02-23,5824.82421875,5994.622643377694,5684.555954927123,5994.622643377694,831004,9655,76.88179727444536
2026-02-24,5961.15478515625,5979.857219257631,5789.387693014611,5789.387693014611,782563,7402,74.88703526953465
2026-02-25,6070.9091796875,6083.213413938995,5951.804192133031,6005.450653469548,363747,16757,49.257468214868965
2026-02-26,6036.94970703125,6108.314268218233,6014.802084593911,6073.370241705986,283878,10950,68.00383986245085
2026-02-27,5977.888671875,6032.027298081673,5944.421157492693,6032.027298081673,602254,11043,61.95999804313567
2026-03-02,5889.29833984375,5977.888821305548,5743.616214773238,5748.537908187783,275442,6833,45.858449162476305
2026-03-04,5739.18701171875,5818.918449494106,5702.766478413957,5807.598554007482,275613,4627,48.51745541401369
2026-03-05,5836.14453125,5906.524752869898,5742.140179296151,5752.475736317254,268401,11309,76.57871449350881
2026-03-06,5967.0615234375,6022.184493630918,5777.084144020899,5807.59864537797,377080,13249,66.1593833289939
2026-03-09,5888.80615234375,5906.032079241538,5761.3342933001195,5888.313983003813,249926,16487,54.75539173292209
2026-03-10,6127.01611328125,6152.116749619698,5937.530917392963,5938.023086732933,474110,17647,50.15616055027301
2026-03-11,6181.6474609375,6225.942705482435,6084.197922938644,6132.430522554239,599883,3544,70.75537680269092
2026-03-12,6308.626953125,6328.805897194131,6049.745865799072,6144.242384366711,596298,9604,53.366906223180976
2026-03-13,6292.38525390625,6451.355956840292,6240.215301859785,6338.649173645568,1070957,5928,68.33232774740728
2026-03-16,6120.6181640625,6316.501569441792,6065.987365074808,6299.76781119331,371084,13427,69.77378325077308
2026-03-17,6211.66943359375,6238.246578781458,6079.768046365865,6139.812707715872,297126,17794,61.3032721591172
2026-03-18,6238.24658203125,6315.025001502404,6182.139275494637,6221.5128239413825,280678,3169,60.06030267452427
2026-03-19,6116.6806640625,6222.989243354221,6081.736640313833,6162.9445828283415,212355,6042,76.06316640387612
2026-03-20,6198.380859375,6280.080972338018,6152.116939986303,6152.116939986303,274862,3298,52.03699040587129
2026-03-23,5946.88232421875,6165.89768747931,5881.423799918403,6165.89768747931,274731,10592,60.69406252383747
2026-03-24,6065.4951171875,6146.703060577303,5950.327488380142,6102.8999880821975,280421,5282,72.53989712773364
2026-03-25,6115.2041015625,6191.490349911972,6088.626956976233,6102.899867957746,231844,8353,68.1959119825636
2026-03-27,6009.3876953125,6093.056483863124,5893.235730030457,6093.056483863124,425645,3610,75.53289001369427
2026-03-30,5848.4482421875,6004.465922299713,5818.425912576001,5901.1103613420955,342351,17041,51.13429781480377
2026-04-01,5968.0458984375,6091.5804127462425,5917.8446217064575,6083.213533291069,339497,5899,71.3884584449643
2026-04-02,6045.80810546875,6061.557524173977,5823.839735591967,5927.195295845015,275527,11904,59.52024758182286
2026-04-06,6096.501953125,6149.656244796712,5992.654216618229,6053.683218167232,259645,10036,47.460333892014944
2026-04-07,6170.8193359375,6181.647061682485,5986.255828920706,6078.291497753081,253657,15639,66.53087953862823
2026-04-08,6462.18359375,6481.378198483911,6270.237546410891,6298.783368835682,626418,14072,63.606839737203636
2026-04-09,6510.41650390625,6537.977988954538,6381.9602968061945,6472.027292588992,591302,13889,51.470103064629164
2026-04-10,6752.07177734375,6797.351360659999,6508.940101710846,6537.97809535931,798909,11662,68.05335196640644
2026-04-13,6721.556640625,6770.773574363193,6583.257056820678,6619.677587786941,320237,15822,74.07988532779544
2026-04-15,6765.35986328125,6883.480506900303,6736.814041073312,6782.093621127283,499662,17010,65.58631544484334
2026-04-16,6775.69580078125,6798.827761457993,6627.060649198775,6765.852413259232,548523,3347,51.10383380026513
2026-04-17,6919.4091796875,6972.07130232969,6726.478786456296,6772.250537911657,558816,12902,67.97695540709212
2026-04-20,7045.896484375,7204.867185999275,6883.972766621481,6944.017427916099,559841,11721,59.23103636153124
2026-04-21,7141.37744140625,7185.672683978722,7071.4893920141285,7087.238811595452,260767,17271,64.61919650842216
2026-04-22,7468.177734375,7699.989498767422,7048.849447193802,7139.4086078057035,1729200,6264,48.53978183971439
2026-04-23,7456.85791015625,7530.191144174683,7415.515684266663,7468.177805340303,376857,12601,50.31331056058085
2026-04-24,7213.7265625,7475.068501825067,7189.6102630142595,7456.858234866447,343502,7392,51.04288987346744
2026-04-27,7314.12890625,7357.931979573212,7168.446774748082,7215.69503361357,267337,9072,55.50821827503033
2026-04-28,7173.86083984375,7372.697268170923,7137.932475319286,7332.339379253031,296110,6277,68.29839250898755
2026-04-29,7150.728515625,7257.529265015228,7099.050733661987,7225.046087781334,361430,8279,58.988980349669966
2026-04-30,7145.8759765625,7220.003320717712,7019.3653092042705,7165.643268337223,327820,17800,47.73033755254755
2026-05-01,7145.8759765625,7145.8759765625,7145.8759765625,7145.8759765625,0,17738,75.98347399887857
2026-05-04,7152.30029296875,7277.328412510041,7101.399517029015,7184.422141862758,364239,8183,48.68815947028072
2026-05-05,7242.73583984375,7263.491496590027,7131.05063925664,7163.666671286504,324323,5293,78.47283778805227
2026-05-06,7098.9287109375,7303.026000016316,7051.981392626392,7303.026000016316,282411,11063,67.3454489657594
2026-05-07,7104.36474609375,7194.800107010219,6918.552201259912,7099.42292309285,367185,17870,55.75998623642038
2026-05-08,6930.90673828125,7126.108746239974,6910.151081738803,7126.108746239974,443952,13305,60.278539162955965
2026-05-11,6313.1787109375,6609.1939005932,6249.9233782564825,6584.4847862646775,2419336,9977,73.87439571370338
2026-05-12,6254.865234375,6328.4983954654535,6099.691995566929,6285.998718594454,976463,6741,61.6790162729068
2026-05-13,6231.638671875,6320.591484003271,6140.2149482987215,6270.184890463917,367052,10685,54.3747738814931
2026-05-14,6354.19580078125,6364.079446450532,6147.627606293261,6276.114999993923,327209,7804,62.34306552791385
2026-05-15,6306.75439453125,6358.643535059833,6233.615415500484,6350.242436117111,249403,10354,68.27532774990712
2026-05-18,6338.8759765625,6370.009459568927,6152.569260793882,6236.58024668424,370285,13159,48.34890467469131
2026-05-19,6255.359375,6388.294409908754,6236.580448135566,6355.678379038948,344676,17956,62.77196836838288
2026-05-20,6528.14794921875,6546.926875946253,6186.66799214758,6187.162174429883,546490,5543,76.66025770163884
2026-05-21,6521.2294921875,6639.833241666509,6489.6018256597645,6595.35683561188,498808,10496,52.22327912110129
2026-05-22,6611.6650390625,6662.565816327126,6517.276219086348,6523.700589032369,371775,8620,54.716014462389936
2026-05-25,6676.40283203125,6746.576718200638,6634.397336789011,6655.647175558614,263153,11405,62.60719160351802
2026-05-26,6724.83251953125,6742.623081752232,6643.786624968998,6676.402655707466,200573,15580,52.85732810870688
2026-05-27,7135.00390625,7159.713020761185,6728.786063686106,6761.896277131094,636096,13680,63.58735728169698
2026-05-28,7135.00390625,7135.00390625,7135.00390625,7135.00390625,0,9692,66.32748762174968
2026-05-29,7168.6083984375,7254.596118093375,7038.1442720630685,7195.2942424686335,1105117,17107,59.389673034767725
2026-06-01,6945.73193359375,7169.596506053229,6922.50536647323,7168.6081414949085,452205,17281,64.58021305597126
2026-06-02,7062.85302734375,7085.585411842618,6876.052128635666,6888.900867700243,511846,6368,78.44359909669575
2026-06-03,7112.271484375,7162.678077718958,7000.586287357994,7062.853255606413,309040,11474,63.5475987629158
2026-06-04,7072.73681640625,7241.747156764756,7039.626603528999,7108.317940692252,298566,10851,55.15667285542656
2026-06-05,7084.10302734375,7133.02707336447,7025.789517945315,7091.515761589313,249982,10989,65.24922161436191
2026-06-08,6877.04052734375,7046.545047383913,6812.796831701706,7022.824298223773,240753,7837,78.52591681842699
2026-06-09,6850.35498046875,6981.313288780987,6827.622594874928,6918.552137250217,254364,4532,77.70504352084481
2026-06-10,6721.86767578125,6870.616548771262,6690.240008434536,6825.1517769603615,463997,9258,60.18876944242099
2026-06-11,6640.82177734375,6736.19896167381,6575.589713449616,6703.088747424515,262862,16947,64.77187351961658
2026-06-12,6691.72216796875,6774.744789947832,6643.786487421304,6704.076724810875,188800,8529,67.29149849528349
2026-06-15,6841.95361328125,6896.313663657626,6741.634611223027,6799.948119808595,227935,13697,78.24740881745373
2026-06-16,6939.3076171875,6997.12694429268,6858.261722783657,6874.075555838066,366666,11215,72.01319234466435
2026-06-17,7080.64404296875,7103.87061122807,6898.784955321312,6939.307904199273,298071,12368,66.74784660195863
2026-06-18,7144.8876953125,7169.596810319114,7007.010833575594,7091.516006898214,239735,10583,61.31504308426821
2026-06-19,7163.66650390625,7219.014920603097,7099.422805954552,7203.201087261141,241827,15382,69.9764236317646
2026-06-22,7173.55029296875,7205.672142585929,7116.225145959631,7165.643376139906,150159,14476,76.73587472139803
2026-06-23,7075.2080078125,7200.236130043174,7026.283959983106,7169.102645060832,186185,14331,65.48087355843818
2026-06-24,6886.43017578125,7115.236574876099,6854.308327096228,7091.021642790467,280561,9282,68.8998780180656
2026-06-25,6911.63330078125,7015.411578570758,6881.982364269962,6958.086434648934,231515,17797,54.425458046411855
2026-06-26,6911.63330078125,6911.63330078125,6911.63330078125,6911.63330078125,0,6780,70.88211815436573
2026-06-29,7045.0625,7183.433536756454,6806.372461595118,6918.551837822671,915384,10568,64.97595168771707
2026-06-30,6949.19140625,7017.388562704452,6911.633551970737,6987.73762511556,367996,7220,72.30530718492888
2026-07-01,6856.28515625,6991.196922694879,6834.541135284525,6964.016896488035,146578,7015,63.330258930927144
2026-07-02,6781.16943359375,6880.005892325622,6751.024313680529,6869.133881865117,264804,17572,71.52310381793437
2026-07-03,6869.6279296875,6893.842861602808,6673.437562945112,6800.936592213465,345071,5291,64.53548418984279
2026-07-06,6990.70263671875,7002.563011614922,6810.820284126808,6904.220736434162,238108,13423,67.0707839724987
2026-07-07,6896.80810546875,7024.307137513099,6788.088000624731,7024.307137513099,229515,10093,60.30700149793741
2026-07-08,6692.7109375,6862.709649934468,6646.751983266263,6828.116888683268,331230,10734,53.864341021043714
2026-07-09,6740.646484375,6781.6636147417985,6701.11190088893,6701.11190088893,119092,5265,65.42729783515898
2026-07-10,6756.46044921875,6830.587794697305,6732.739698665612,6755.472084612369,110261,6698,49.467409379812516
2026-07-13,6727.7978515625,6792.041550747393,6637.362490402229,6720.879299342589,297882,9671,54.72814198021849
2026-07-14,6811.80859375,6839.482801617818,6665.530637877249,6699.6292154286675,187662,8757,74.4345190155876
2026-07-15,7120.67236328125,7185.410240968102,6845.9070198164445,6859.24994117175,763817,15673,50.45371180789211
2026-07-16,7578.28515625,7832.294844565128,7107.329450093739,7126.602558740218,2577801,6335,47.028778009815596
2026-07-17,7418.66455078125,7616.831649426552,7397.908894564036,7578.285430737441,366304,4216,76.3035892525157
2026-07-20,7429.53662109375,7485.873402709068,7330.205979824636,7408.286782414288,272955,3395,63.04465083097304
2026-07-21,7444.36181640625,7544.186636302297,7405.321416545914,7437.937446808979,254098,17150,49.80662933114987
2026-07-22,7418.66455078125,7550.117040156937,7398.403076854922,7444.362029907324,212131,9025,69.84224388166861
2026-07-23,7440.40869140625,7595.087750944651,7398.897378303293,7431.513410027045,304111,12425,46.130150808467604
2026-07-24,7289.68310546875,7494.76875991723,7247.677609979302,7410.757768938335,258917,11130,61.015270558878
2026-07-27,7242.2412109375,7347.5020350882805,7140.933844970787,7332.67656689803,370848,9986,51.332018346070306
2026-07-28,7159.21875,7264.479576516877,7106.341245599503,7242.241373731622,293933,11090,46.922309518178814
2026-07-29,7225.439453125,7371.223232529409,7002.563234442326,7162.678300635644,570622,13200,61.73840150565874
2026-07-30,7206.66015625,7246.688920746759,7111.282976646608,7246.688920746759,335960,11380,65.6615489647871
2026-08-03,7512.55908203125,7567.907497844137,7158.724566656011,7159.218748940055,1207164,11962,46.445332148655424
2026-08-04,7610.4072265625,7802.64413637632,7512.064951362115,7512.559133649554,718380,4195,59.468863499032075
2026-08-05,7601.017578125,7741.859526617662,7585.697927587202,7657.848539797477,267379,15637,59.76328725065071
2026-08-06,7645.0,7693.924046541694,7581.744667097609,7646.9767291532,159592,12146,69.78825611243107
2026-08-07,7600.0,7670.0,7580.0,7657.5,179322,15878,46.947704719136404
2026-08-10,7649.5,7723.5,7535.0,7639.5,202217,15342,49.82031229167397
2026-08-11,7611.5,7714.0,7561.5,7649.5,147983,8561,77.17376794451455
2026-08-12,7710.0,7741.0,7585.5,7611.5,224512,16931,60.198387146914456
2026-08-13,7710.0,7772.0,7659.0,7750.0,131083,14105,57.77104081857681
2026-08-14,7649.0,7825.0,7639.0,7710.0,163080,12698,71.04685668604691
