Date,Open,High,Low,Close,Volume,No_of_Trades,Delivery_Pct
2021-08-10,15.300000190734863,16.5,15.25,16.149999618530273,4296863,7189,72.4959374806875
2021-08-11,16.049999237060547,16.049999237060547,14.550000190734863,15.399999618530273,4807543,10520,72.72026402249828
2021-08-12,16.799999237060547,16.850000381469727,15.550000190734863,15.949999809265137,3550323,15467,78.60647749057571
2021-08-13,16.0,17.100000381469727,16.0,16.75,2728353,7201,68.11810224194362
2021-08-16,15.199999809265137,15.600000381469727,15.199999809265137,15.199999809265137,3263232,9561,58.002865299234486
2021-08-17,15.949999809265137,15.949999809265137,15.25,15.699999809265137,3055423,3699,74.84812734303897
2021-08-18,15.350000381469727,16.299999237060547,15.199999809265137,15.800000190734863,2883943,3813,51.772165664719886
2021-08-20,14.600000381469727,15.199999809265137,14.600000381469727,14.699999809265137,2883397,15475,78.30881861160813
2021-08-23,13.899999618530273,15.199999809265137,13.899999618530273,14.649999618530273,1476471,14332,76.18057127832314
2021-08-24,14.550000190734863,14.550000190734863,13.25,13.550000190734863,3617193,6065,71.57394674345078
2021-08-25,15.25,15.25,14.25,14.800000190734863,5661407,6911,76.97826096944502
2021-08-26,15.050000190734863,16.0,14.949999809265137,15.449999809265137,9377339,12566,72.86702825387852
2021-08-27,14.5,15.25,14.300000190734863,14.899999618530273,4446191,8135,65.86116529257174
2021-08-30,14.449999809265137,14.800000190734863,14.0,14.649999618530273,2068647,12126,48.581428339058974
2021-08-31,14.600000381469727,15.100000381469727,14.5,15.100000381469727,1741918,12791,58.14577253139819
2021-09-01,14.399999618530273,14.899999618530273,14.199999809265137,14.649999618530273,1297322,5527,54.46359089690539
2021-09-02,14.600000381469727,14.850000381469727,14.199999809265137,14.300000190734863,1833024,15853,66.82401047775608
2021-09-03,14.5,14.75,14.0,14.0,1752232,11125,60.47289502731775
2021-09-06,14.350000381469727,14.800000190734863,14.199999809265137,14.699999809265137,1335754,17734,65.76376632807768
2021-09-07,14.149999618530273,14.550000190734863,14.050000190734863,14.350000381469727,1361130,11532,73.81096558370507
2021-09-08,14.649999618530273,14.850000381469727,14.100000381469727,14.149999618530273,1842113,15861,74.98102310181531
2021-09-09,14.5,14.800000190734863,14.399999618530273,14.600000381469727,1193264,13968,64.18147040451407
2021-09-13,14.550000190734863,14.850000381469727,14.149999618530273,14.649999618530273,2030947,10475,59.59783976391665
2021-09-14,15.100000381469727,15.25,14.300000190734863,14.600000381469727,2711910,12177,63.958395626700295
2021-09-15,15.850000381469727,15.850000381469727,15.199999809265137,15.300000190734863,4091479,15135,68.2004506076254
2021-09-16,15.550000190734863,16.399999618530273,15.100000381469727,16.299999237060547,3498001,16219,50.13638133159598
2021-09-17,15.75,16.0,14.850000381469727,15.699999809265137,3077766,17441,51.98544252700574
2021-09-20,15.0,15.600000381469727,15.0,15.600000381469727,2134185,6027,61.00761267997121
2021-09-21,15.199999809265137,15.600000381469727,14.25,14.800000190734863,2474835,10578,61.183347691097396
2021-09-22,14.899999618530273,15.199999809265137,14.699999809265137,14.899999618530273,1368274,14762,61.15201820803779
2021-09-23,14.649999618530273,15.100000381469727,14.5,15.100000381469727,1706511,17521,55.711682701955255
2021-09-24,14.649999618530273,15.100000381469727,14.600000381469727,15.0,1428668,8478,61.15490722363442
2021-09-27,14.600000381469727,15.0,14.399999618530273,14.850000381469727,1887602,10099,58.39734812345855
2021-09-28,14.449999809265137,14.850000381469727,14.300000190734863,14.850000381469727,1683546,7739,51.77010215837113
2021-09-29,15.149999618530273,15.149999618530273,14.25,14.449999809265137,2993303,6063,57.928310740412364
2021-09-30,15.899999618530273,15.899999618530273,15.0,15.699999809265137,5767711,15652,57.84876761915044
2021-10-01,16.049999237060547,16.200000762939453,15.350000381469727,15.649999618530273,2545504,3087,73.02100530900063
2021-10-04,16.850000381469727,16.850000381469727,16.399999618530273,16.700000762939453,3336606,14796,76.95173296432964
2021-10-05,17.25,17.649999618530273,17.0,17.649999618530273,6626027,6718,72.35764213885493
2021-10-06,16.399999618530273,17.399999618530273,16.399999618530273,17.299999237060547,2969667,16150,53.81330063300456
2021-10-07,15.899999618530273,16.5,15.649999618530273,16.5,2318280,14966,57.73904209960334
2021-10-08,16.600000381469727,16.649999618530273,15.800000190734863,16.049999237060547,3765705,9998,57.61520720617219
2021-10-11,15.800000190734863,16.850000381469727,15.800000190734863,16.700000762939453,7371612,12491,62.4591429810514
2021-10-12,15.050000190734863,16.399999618530273,15.050000190734863,15.899999618530273,10500108,12613,75.51772924330416
2021-10-13,14.399999618530273,15.699999809265137,14.300000190734863,15.100000381469727,14637709,3335,74.99397557748472
2021-10-14,14.699999809265137,14.850000381469727,14.300000190734863,14.449999809265137,7589504,3770,61.46310962061164
2021-10-18,14.199999809265137,15.300000190734863,14.0,15.0,25331866,15091,64.77351652767346
2021-10-19,13.649999618530273,14.600000381469727,13.5,14.25,13182065,15429,72.96248820672893
2021-10-20,13.949999809265137,14.149999618530273,13.5,13.649999618530273,5709378,3960,61.402782642624736
2021-10-21,13.949999809265137,14.25,13.699999809265137,14.25,3609524,7795,64.23704467103671
2021-10-22,13.75,14.300000190734863,13.600000381469727,14.300000190734863,3623325,6119,75.89289420960148
2021-10-25,13.5,14.0,13.350000381469727,14.0,3705614,7859,68.99050610959915
2021-10-26,14.149999618530273,14.149999618530273,13.399999618530273,13.5,4172178,4025,53.99496339778567
2021-10-27,13.850000381469727,14.399999618530273,13.75,14.25,3743277,5324,74.60030816579565
2021-10-28,13.600000381469727,13.899999618530273,13.5,13.899999618530273,2983513,13469,76.54987176802064
2021-10-29,13.449999809265137,13.649999618530273,13.100000381469727,13.600000381469727,2175096,13609,48.80081576524671
2021-11-01,13.399999618530273,13.800000190734863,13.199999809265137,13.550000190734863,2862841,4464,47.257997509672386
2021-11-02,13.899999618530273,14.050000190734863,13.399999618530273,13.5,2411166,8135,61.36938166628005
2021-11-03,13.5,14.0,13.350000381469727,14.0,2509927,17162,70.21819829435897
2021-11-04,13.800000190734863,13.899999618530273,13.600000381469727,13.600000381469727,784630,6594,51.183206999159545
2021-11-08,13.75,13.949999809265137,13.699999809265137,13.899999618530273,2074797,10707,63.91016374068508
2021-11-09,13.899999618530273,14.0,13.75,13.75,1904010,6206,55.62900083683178
2021-11-10,14.550000190734863,14.550000190734863,13.300000190734863,13.949999809265137,5363598,12304,58.31941820900139
2021-11-11,14.699999809265137,15.25,14.449999809265137,15.0,13421695,8538,67.78758453135805
2021-11-12,14.0,14.649999618530273,14.0,14.5,7396583,4631,62.642397322921155
2021-11-15,13.899999618530273,14.149999618530273,13.600000381469727,14.0,3064095,9510,78.02002750255102
2021-11-16,13.75,14.149999618530273,13.75,14.100000381469727,1418469,5936,68.61034695115191
2021-11-17,13.550000190734863,13.800000190734863,13.5,13.75,1363685,3449,77.37167056893765
2021-11-18,13.449999809265137,13.800000190734863,13.199999809265137,13.550000190734863,1456198,9620,48.66642949354904
2021-11-22,13.100000381469727,13.699999809265137,13.0,13.699999809265137,1981288,10342,58.594382609232085
2021-11-23,13.399999618530273,13.5,12.899999618530273,13.100000381469727,1119723,11352,59.091248893662616
2021-11-24,13.699999809265137,14.0,13.5,13.699999809265137,1638367,14045,58.69682958890345
2021-11-25,13.600000381469727,13.899999618530273,13.449999809265137,13.899999618530273,1391304,8684,46.576826401728354
2021-11-26,13.100000381469727,13.5,13.0,13.449999809265137,1939675,14906,45.20715784964314
2021-11-29,12.550000190734863,13.050000190734863,12.449999809265137,12.949999809265137,2783554,6286,51.34202710777161
2021-11-30,12.550000190734863,13.0,12.5,12.949999809265137,2817052,5168,64.70667725992483
2021-12-01,12.449999809265137,12.75,12.0,12.5,2004596,10613,50.09149702959439
2021-12-02,12.800000190734863,12.850000381469727,12.5,12.550000190734863,1808332,8902,71.27410326388538
2021-12-03,13.300000190734863,13.399999618530273,12.75,12.899999618530273,5901295,6000,77.99563348135734
2021-12-06,13.300000190734863,13.899999618530273,13.25,13.899999618530273,3167564,6038,59.670552897448246
2021-12-07,13.949999809265137,13.949999809265137,13.399999618530273,13.600000381469727,3972472,3694,50.913428314513595
2021-12-08,14.25,14.449999809265137,13.800000190734863,14.399999618530273,5212845,14509,54.1830023745897
2021-12-09,14.949999809265137,14.949999809265137,14.0,14.550000190734863,8507086,17244,49.872659192291806
2021-12-10,15.0,15.600000381469727,14.649999618530273,15.25,13582661,14052,53.82067897469208
2021-12-13,14.5,15.5,14.5,15.300000190734863,7175779,15907,75.28084518035868
2021-12-14,14.5,14.699999809265137,14.25,14.300000190734863,3199571,6077,69.85965824365817
2021-12-15,14.600000381469727,15.149999618530273,14.300000190734863,14.399999618530273,7112942,5002,66.71099935322518
2021-12-16,14.25,14.800000190734863,14.050000190734863,14.699999809265137,3053559,17547,49.98044655249008
2021-12-17,13.800000190734863,14.699999809265137,13.75,14.649999618530273,4241989,11429,72.83274778250575
2021-12-20,13.300000190734863,13.600000381469727,13.149999618530273,13.600000381469727,4931786,14111,67.21662614134408
2021-12-21,13.5,13.800000190734863,13.300000190734863,13.300000190734863,2589631,10710,47.96914415256298
2021-12-22,14.100000381469727,14.149999618530273,13.449999809265137,13.649999618530273,2907879,4492,72.09186213586861
2021-12-23,14.050000190734863,14.350000381469727,14.0,14.300000190734863,1839796,17862,57.29678576235583
2021-12-24,13.649999618530273,14.149999618530273,13.449999809265137,14.0,2974577,16059,55.82181588511327
2021-12-27,14.300000190734863,14.300000190734863,13.75,13.899999618530273,4114283,12775,56.17117773169146
2021-12-28,15.0,15.0,14.149999618530273,14.550000190734863,4148183,16792,64.38396825797011
2021-12-29,14.899999618530273,15.699999809265137,14.800000190734863,15.550000190734863,8265842,5829,52.980151813611876
2021-12-30,14.649999618530273,15.100000381469727,14.600000381469727,14.899999618530273,3443868,15120,64.25382406343593
2021-12-31,15.149999618530273,15.350000381469727,14.600000381469727,14.600000381469727,6237650,14492,70.25190726234442
2022-01-03,15.100000381469727,15.300000190734863,14.5,15.100000381469727,5711339,17167,56.014298766860854
2022-01-04,15.850000381469727,15.850000381469727,15.600000381469727,15.75,18954363,11379,56.972862616465946
2022-01-05,16.600000381469727,16.600000381469727,16.25,16.600000381469727,29669652,8510,64.2366301527624
2022-01-06,17.399999618530273,17.399999618530273,16.799999237060547,17.0,23189809,8925,65.02583380772776
2022-01-07,16.850000381469727,18.25,16.549999237060547,18.25,50360627,15166,49.105781272437035
2022-01-10,17.200000762939453,17.450000762939453,16.149999618530273,17.450000762939453,28333601,9862,76.81185403597657
2022-01-11,16.350000381469727,17.299999237060547,16.350000381469727,17.299999237060547,11606154,7734,63.86570946837551
2022-01-12,15.899999618530273,16.799999237060547,15.550000190734863,16.399999618530273,12552628,9560,45.610938975282224
2022-01-13,16.649999618530273,16.649999618530273,15.899999618530273,16.25,22393588,15937,53.9459373621624
2022-01-14,16.899999618530273,17.399999618530273,16.350000381469727,16.899999618530273,14325573,15517,57.66085306262062
2022-01-17,16.950000762939453,17.450000762939453,16.5,17.200000762939453,15269285,17817,55.10333673394861
2022-01-18,16.399999618530273,17.25,16.299999237060547,17.100000381469727,15383855,8284,46.721333659518386
2022-01-19,16.149999618530273,16.5,15.899999618530273,16.350000381469727,8133972,16720,60.77165186429734
2022-01-20,16.600000381469727,16.799999237060547,16.200000762939453,16.299999237060547,9971038,10233,54.271527872858215
2022-01-21,16.399999618530273,16.850000381469727,16.149999618530273,16.75,5958965,17611,62.50624682521353
2022-01-24,15.600000381469727,16.649999618530273,15.600000381469727,16.399999618530273,7747223,11000,67.47662603153475
2022-01-25,15.449999809265137,15.699999809265137,14.850000381469727,15.050000190734863,11794075,11233,70.7074842776431
2022-01-27,16.200000762939453,16.200000762939453,14.949999809265137,15.300000190734863,8906318,4522,72.04235691299395
2022-01-28,17.0,17.0,16.600000381469727,16.899999618530273,14860841,11198,65.72119971352271
2022-01-31,16.799999237060547,17.799999237060547,16.700000762939453,17.5,8323919,14249,49.412495150698504
2022-02-01,16.200000762939453,17.149999618530273,16.0,17.149999618530273,7908621,11394,61.416625161453936
2022-02-02,16.350000381469727,16.649999618530273,16.25,16.25,3039044,4373,50.76811835622765
2022-02-03,16.799999237060547,17.100000381469727,15.949999809265137,16.350000381469727,11049101,12448,63.1394343907675
2022-02-04,16.549999237060547,17.149999618530273,16.450000762939453,17.149999618530273,7366985,8592,58.50006551034659
2022-02-07,16.799999237060547,17.200000762939453,16.600000381469727,16.649999618530273,10642300,5388,47.909495903786386
2022-02-08,16.450000762939453,17.0,16.200000762939453,17.0,5120132,6402,70.46392730485601
2022-02-09,16.950000762939453,17.149999618530273,16.299999237060547,16.549999237060547,13299919,16912,65.87738657352486
2022-02-10,16.149999618530273,16.899999618530273,16.149999618530273,16.799999237060547,13403659,5899,72.05475227952347
2022-02-11,15.399999618530273,16.350000381469727,15.350000381469727,15.899999618530273,8710950,13885,51.78138318121866
2022-02-14,14.649999618530273,15.050000190734863,14.649999618530273,14.649999618530273,10068334,15840,68.6331731642868
2022-02-15,14.75,14.899999618530273,13.949999809265137,14.449999809265137,7039098,15287,65.2276661155845
2022-02-16,15.25,15.449999809265137,14.850000381469727,15.100000381469727,3944053,11609,66.40202683624838
2022-02-17,14.850000381469727,15.5,14.75,15.5,2951826,14240,50.21811581618116
2022-02-18,14.399999618530273,15.0,14.399999618530273,14.699999809265137,2460879,7682,62.40243058123879
2022-02-21,13.899999618530273,14.600000381469727,13.800000190734863,14.149999618530273,4107976,13033,45.70790271300116
2022-02-22,13.350000381469727,13.649999618530273,13.25,13.399999618530273,5972626,16093,75.05399406860623
2022-02-23,14.0,14.0,13.399999618530273,13.399999618530273,3187830,12921,74.84740189110448
2022-02-24,13.300000190734863,13.850000381469727,13.300000190734863,13.449999809265137,5918300,11971,68.81280230884765
2022-02-25,13.600000381469727,13.899999618530273,13.399999618530273,13.399999618530273,3832696,7510,76.20939818262269
2022-02-28,13.5,13.699999809265137,13.149999618530273,13.449999809265137,6053392,11211,61.852421790716996
2022-03-02,13.800000190734863,13.899999618530273,13.300000190734863,13.300000190734863,3922370,4723,61.15229115355318
2022-03-03,14.449999809265137,14.449999809265137,14.100000381469727,14.199999809265137,4973578,3717,57.12339122981032
2022-03-04,14.550000190734863,14.949999809265137,14.149999618530273,14.949999809265137,6747706,13896,57.76299853721141
2022-03-07,14.449999809265137,14.649999618530273,14.0,14.449999809265137,6706742,12815,76.03719103331835
2022-03-08,14.899999618530273,15.149999618530273,14.550000190734863,14.550000190734863,7136031,3049,70.55163382607803
2022-03-09,15.600000381469727,15.600000381469727,15.050000190734863,15.300000190734863,5773839,11581,71.90375569127119
2022-03-10,15.550000190734863,16.350000381469727,15.350000381469727,16.100000381469727,17533285,10722,46.28770729515428
2022-03-11,16.299999237060547,16.299999237060547,15.399999618530273,15.75,9887810,12920,73.34866408608279
2022-03-14,16.450000762939453,17.0,15.75,16.299999237060547,19677598,14230,66.13074326078907
2022-03-15,15.699999809265137,16.700000762939453,15.649999618530273,16.5,11017715,13257,50.75247435768902
2022-03-16,15.800000190734863,16.100000381469727,15.699999809265137,15.899999618530273,4067885,11989,70.93649893171366
2022-03-17,15.550000190734863,16.0,15.5,15.949999809265137,3912553,4563,76.39072989174572
2022-03-21,15.800000190734863,16.100000381469727,15.699999809265137,15.800000190734863,5033008,14505,45.319198426706805
2022-03-22,15.449999809265137,15.850000381469727,15.399999618530273,15.800000190734863,5223182,13935,78.00228595368101
2022-03-23,15.149999618530273,15.600000381469727,15.100000381469727,15.550000190734863,3702958,8223,73.95333784769954
2022-03-24,15.0,15.300000190734863,14.949999809265137,15.050000190734863,4594683,17574,71.81386487228154
2022-03-25,14.649999618530273,15.100000381469727,14.5,15.050000190734863,4751508,17366,73.17682969255068
2022-03-28,14.25,14.800000190734863,14.199999809265137,14.699999809265137,6424300,11272,72.54698583774734
2022-03-29,14.350000381469727,14.949999809265137,14.199999809265137,14.399999618530273,8141829,7192,62.78692193492196
2022-03-30,14.5,14.949999809265137,14.350000381469727,14.399999618530273,4691674,4086,68.94385031846423
2022-03-31,14.199999809265137,14.5,14.149999618530273,14.399999618530273,4789009,5168,77.68728957814369
2022-04-01,14.899999618530273,14.899999618530273,14.25,14.300000190734863,2465562,15049,48.86677499275647
2022-04-04,15.600000381469727,15.600000381469727,15.0,15.0,4150853,16909,73.19366695758757
2022-04-05,15.850000381469727,16.200000762939453,15.75,15.800000190734863,7531536,15460,54.026840293646366
2022-04-06,16.600000381469727,16.600000381469727,15.75,15.800000190734863,13097667,12990,64.67000615721258
2022-04-07,18.0,18.25,16.899999618530273,17.200000762939453,42584485,16163,58.756910254431816
2022-04-08,17.399999618530273,18.700000762939453,16.950000762939453,18.5,18381825,15278,69.2834529217189
2022-04-11,17.950000762939453,18.149999618530273,17.350000381469727,17.450000762939453,12519330,12594,72.29358524799045
2022-04-12,17.25,18.149999618530273,16.899999618530273,18.0,13262357,13355,73.52986831033023
2022-04-13,17.149999618530273,17.649999618530273,17.0,17.350000381469727,5796178,6759,48.722915045552654
2022-04-18,17.299999237060547,17.600000381469727,16.649999618530273,17.0,10048053,11538,71.86352278983749
2022-04-19,17.049999237060547,18.149999618530273,16.799999237060547,17.450000762939453,12560780,16056,69.28171098494826
2022-04-20,18.5,18.75,17.100000381469727,17.100000381469727,16012172,8338,60.162757570743125
2022-04-21,20.350000381469727,20.350000381469727,19.049999237060547,19.450000762939453,24663563,6745,70.72571563659413
2022-04-22,21.850000381469727,22.350000381469727,20.350000381469727,21.0,105114535,15332,57.0686994027715
2022-04-25,20.799999237060547,21.75,20.799999237060547,21.5,33689188,7991,71.57378334809783
2022-04-26,20.0,20.549999237060547,19.799999237060547,20.0,32415661,15243,67.48489084956464
2022-04-27,19.0,20.0,19.0,19.549999237060547,24481114,9920,59.819488611466184
2022-04-28,18.049999237060547,19.25,18.049999237060547,18.75,23334674,15944,51.0226573068917
2022-04-29,17.149999618530273,18.100000381469727,17.149999618530273,17.850000381469727,31866168,11844,69.31636306854429
2022-05-02,17.549999237060547,17.649999618530273,16.350000381469727,16.5,21873794,15174,52.21508129100471
2022-05-04,16.700000762939453,17.899999618530273,16.700000762939453,17.799999237060547,12802920,13665,54.4617922171194
2022-05-05,16.100000381469727,17.149999618530273,15.949999809265137,16.75,8227318,7761,67.07418582660574
2022-05-06,15.899999618530273,16.149999618530273,15.5,15.649999618530273,9240742,10855,76.03114206457761
2022-05-09,16.100000381469727,16.649999618530273,15.449999809265137,15.649999618530273,11000217,14257,68.08394364580825
2022-05-10,15.300000190734863,16.399999618530273,15.300000190734863,16.100000381469727,9043504,5803,56.22330008025608
2022-05-11,14.600000381469727,15.5,14.550000190734863,14.899999618530273,13529257,8120,50.367779800085486
2022-05-12,13.949999809265137,14.550000190734863,13.899999618530273,14.399999618530273,8534641,10829,51.77507372515195
2022-05-13,14.5,14.600000381469727,14.199999809265137,14.300000190734863,11536988,10557,75.46613167381983
2022-05-16,15.050000190734863,15.199999809265137,14.449999809265137,14.850000381469727,9946061,17072,54.647248744233465
2022-05-17,15.800000190734863,15.800000190734863,14.800000190734863,15.149999618530273,9213879,16136,57.76693523063215
2022-05-18,16.049999237060547,16.450000762939453,15.5,16.200000762939453,13718719,7055,76.30480592867025
2022-05-19,15.399999618530273,15.800000190734863,15.300000190734863,15.449999809265137,8089506,10344,53.982167611200445
2022-05-20,15.850000381469727,16.149999618530273,15.649999618530273,15.699999809265137,12170165,4536,75.4517184279219
2022-05-23,15.100000381469727,16.200000762939453,15.100000381469727,15.850000381469727,6148571,9408,53.85373314520507
2022-05-24,14.350000381469727,15.199999809265137,14.350000381469727,15.0,7745058,5939,45.92905095403705
2022-05-25,13.649999618530273,14.25,13.649999618530273,13.899999618530273,9006020,15750,49.42338996582652
2022-05-26,13.800000190734863,14.100000381469727,13.050000190734863,13.800000190734863,8763753,15325,78.30603395872186
2022-05-27,13.550000190734863,14.199999809265137,13.399999618530273,14.149999618530273,6373577,5024,78.49121563468793
2022-05-30,13.800000190734863,14.050000190734863,13.649999618530273,13.75,4828112,17010,48.06301537703095
2022-05-31,14.050000190734863,14.449999809265137,13.75,13.899999618530273,5814630,6500,76.27844304654141
2022-06-01,14.699999809265137,14.75,14.100000381469727,14.100000381469727,8010219,6437,63.89641999953166
2022-06-02,14.550000190734863,15.050000190734863,14.449999809265137,14.850000381469727,6684567,9259,65.62785114928165
2022-06-03,14.149999618530273,14.800000190734863,14.100000381469727,14.649999618530273,3394548,9103,56.44449780396113
2022-06-06,14.600000381469727,14.850000381469727,13.899999618530273,14.050000190734863,8576320,15837,49.851052870707846
2022-06-07,14.350000381469727,14.850000381469727,14.0,14.600000381469727,4732026,6436,49.540534133992026
2022-06-08,14.100000381469727,14.449999809265137,14.0,14.449999809265137,3303355,11678,64.40161578453313
2022-06-09,14.300000190734863,14.5,13.850000381469727,14.100000381469727,6327038,13417,55.804268214290715
2022-06-10,14.149999618530273,14.600000381469727,14.0,14.050000190734863,5424330,9145,62.01550906163504
2022-06-13,13.350000381469727,13.850000381469727,13.050000190734863,13.800000190734863,5503632,10256,47.99770387531736
2022-06-14,13.350000381469727,13.75,13.25,13.399999618530273,4931369,14381,54.1577809208488
2022-06-15,13.5,13.75,13.449999809265137,13.600000381469727,3549272,16509,76.10194840839239
2022-06-16,12.899999618530273,13.800000190734863,12.800000190734863,13.75,4078461,4071,59.0058807403432
2022-06-17,12.550000190734863,13.0,12.350000381469727,12.800000190734863,5282470,17492,67.02589127830417
2022-06-20,11.399999618530273,12.699999809265137,11.300000190734863,12.600000381469727,6506811,6029,57.836359221824715
2022-06-21,12.5,12.5,11.399999618530273,11.399999618530273,5194134,10750,62.58485508920236
2022-06-22,12.600000381469727,12.949999809265137,12.050000190734863,12.699999809265137,5298056,9427,53.31892405792695
2022-06-23,12.649999618530273,12.899999618530273,12.300000190734863,12.75,3009208,4257,46.74695835206599
2022-06-24,13.350000381469727,13.449999809265137,12.75,12.899999618530273,5232449,14739,63.93874973765605
2022-06-27,13.5,13.699999809265137,13.449999809265137,13.699999809265137,2930148,9461,72.3086084472006
2022-06-28,13.350000381469727,13.550000190734863,13.25,13.399999618530273,2607197,9619,64.49903851590005
2022-06-29,13.300000190734863,13.699999809265137,13.0,13.0,4117473,14581,60.86549904532713
2022-06-30,12.949999809265137,13.399999618530273,12.899999618530273,13.300000190734863,2291813,3795,48.57736779833768
2022-07-01,13.050000190734863,13.100000381469727,12.800000190734863,12.949999809265137,1703344,3042,59.002226502211364
2022-07-04,13.0,13.25,12.949999809265137,13.199999809265137,1949917,14634,62.04093718468928
2022-07-05,13.199999809265137,13.600000381469727,13.0,13.100000381469727,3338386,17428,73.89403423892779
2022-07-06,11.949999809265137,12.800000190734863,11.899999618530273,12.75,16990925,5031,69.22548202817221
2022-07-07,11.850000381469727,12.199999809265137,11.550000190734863,11.550000190734863,10705882,14523,72.28577277889366
2022-07-08,12.050000190734863,12.25,11.800000190734863,11.850000381469727,9014469,3431,72.42400013385972
2022-07-11,12.149999618530273,12.350000381469727,11.899999618530273,12.050000190734863,6663124,17310,50.61416043936072
2022-07-12,12.25,12.550000190734863,12.0,12.050000190734863,4469857,9429,71.15513763994194
2022-07-13,12.350000381469727,12.449999809265137,12.199999809265137,12.449999809265137,2875292,14320,48.58110556967747
2022-07-14,12.050000190734863,12.449999809265137,11.899999618530273,12.350000381469727,3061425,14480,63.8568313286093
2022-07-15,12.0,12.25,11.850000381469727,12.199999809265137,4473596,8384,77.96184438838506
2022-07-18,12.0,12.100000381469727,11.899999618530273,12.0,3102132,4107,51.31231573414371
2022-07-19,12.0,12.25,11.949999809265137,12.0,4041902,5285,76.37882507820628
2022-07-20,12.100000381469727,12.300000190734863,12.050000190734863,12.100000381469727,5412325,12813,47.081929419617
2022-07-21,12.199999809265137,13.199999809265137,12.050000190734863,12.199999809265137,17713314,3049,70.53584327277662
2022-07-22,12.050000190734863,12.399999618530273,12.0,12.350000381469727,6083722,14242,50.85231607964598
2022-07-25,11.75,12.149999618530273,11.699999809265137,12.149999618530273,5509405,16819,63.102641027398704
2022-07-26,11.25,11.800000190734863,11.199999809265137,11.75,7613756,7960,73.10260207750746
2022-07-27,10.899999618530273,11.350000381469727,10.850000381469727,11.25,8285741,6848,58.2713866139553
2022-07-28,10.649999618530273,11.0,10.600000381469727,11.0,12506227,9799,78.32394159691131
2022-07-29,9.949999809265137,10.75,9.699999809265137,10.75,21009035,5962,53.880765069880006
2022-08-01,10.899999618530273,10.899999618530273,9.699999809265137,9.949999809265137,20042487,8867,76.66776984377191
2022-08-02,11.550000190734863,11.800000190734863,10.899999618530273,10.899999618530273,15709189,8713,46.87154668185625
2022-08-03,11.050000190734863,11.850000381469727,11.0,11.699999809265137,8932008,15516,50.50895694675488
2022-08-04,10.850000381469727,11.350000381469727,10.649999618530273,11.199999809265137,7422311,12293,57.96994279880326
2022-08-05,10.949999809265137,11.300000190734863,10.800000190734863,10.899999618530273,9345646,15877,76.46338549833482
2022-08-08,10.899999618530273,11.199999809265137,10.800000190734863,11.100000381469727,5408209,14327,75.01529861793547
2022-08-10,10.600000381469727,10.949999809265137,10.550000190734863,10.949999809265137,6117954,16344,72.88215653686083
2022-08-11,10.550000190734863,10.899999618530273,10.449999809265137,10.800000190734863,5604187,7416,63.535290972278624
2022-08-12,10.699999809265137,10.899999618530273,10.600000381469727,10.850000381469727,5847261,11021,68.72376962338649
2022-08-16,10.149999618530273,10.5,10.0,10.0,16235780,17152,65.11558064324419
2022-08-17,8.949999809265137,9.5,8.350000381469727,9.5,80190296,12002,58.446646803883084
2022-08-18,9.75,9.949999809265137,8.850000381469727,8.949999809265137,42088130,16734,73.77139246855101
2022-08-19,9.949999809265137,10.449999809265137,9.800000190734863,9.949999809265137,17289359,14061,55.759891538787876
2022-08-22,9.699999809265137,10.100000381469727,9.600000381469727,9.800000190734863,12146057,7796,46.216650173497456
2022-08-23,9.75,9.850000381469727,9.5,9.600000381469727,6786169,3825,50.198184345055076
2022-08-24,9.75,9.949999809265137,9.699999809265137,9.75,5784750,10302,63.70633165617927
2022-08-25,9.899999618530273,10.050000190734863,9.800000190734863,9.899999618530273,6805742,4130,45.13858367453745
2022-08-26,9.949999809265137,10.199999809265137,9.899999618530273,10.149999618530273,6603415,7658,55.5444849867912
2022-08-29,9.800000190734863,9.850000381469727,9.550000190734863,9.800000190734863,4087229,6309,66.97461327034682
2022-08-30,10.0,10.199999809265137,9.850000381469727,9.850000381469727,7666538,12296,45.80771132465068
2022-09-01,10.050000190734863,10.149999618530273,9.850000381469727,9.949999809265137,5750094,4664,73.75546171983972
2022-09-02,10.649999618530273,10.949999809265137,10.050000190734863,10.25,19224145,9330,57.86419017398544
2022-09-05,11.699999809265137,11.899999618530273,10.949999809265137,11.0,24342074,6224,63.574135778306086
2022-09-06,11.850000381469727,12.199999809265137,11.399999618530273,11.949999809265137,24999522,12329,49.08310851558587
2022-09-07,11.899999618530273,12.199999809265137,11.75,11.800000190734863,11981898,14939,75.73803461071043
2022-09-08,11.899999618530273,12.199999809265137,11.800000190734863,12.199999809265137,5674811,8474,64.83293609222096
2022-09-09,11.399999618530273,12.0,11.300000190734863,11.899999618530273,9377476,11928,46.92814989524581
2022-09-12,11.25,11.649999618530273,11.199999809265137,11.5,7030525,14644,73.95502543760188
2022-09-13,11.199999809265137,11.399999618530273,11.199999809265137,11.300000190734863,5666442,16612,63.23295443608491
2022-09-14,11.199999809265137,11.449999809265137,10.949999809265137,11.050000190734863,4174006,6633,46.32083011132322
2022-09-15,11.25,11.449999809265137,11.149999618530273,11.199999809265137,4755149,8870,59.5049554484412
2022-09-16,11.149999618530273,11.300000190734863,10.899999618530273,11.300000190734863,7743333,4413,46.14618307988476
2022-09-19,10.899999618530273,11.149999618530273,10.850000381469727,11.100000381469727,4986564,12640,57.83488862431332
2022-09-20,11.5,11.75,10.899999618530273,11.0,11650486,4212,57.46727465001599
2022-09-21,11.25,11.800000190734863,11.199999809265137,11.449999809265137,11088583,5111,53.313931812771614
2022-09-22,11.149999618530273,11.350000381469727,11.0,11.100000381469727,11286409,6300,77.80315481138192
2022-09-23,10.949999809265137,11.300000190734863,10.899999618530273,11.199999809265137,5303489,7901,74.2482397056972
2022-09-26,10.350000381469727,10.800000190734863,10.199999809265137,10.75,5361427,6366,65.19085812482979
2022-09-27,10.550000190734863,10.75,10.25,10.399999618530273,4862157,12620,74.84455650908262
2022-09-28,10.25,10.649999618530273,10.199999809265137,10.550000190734863,4720428,11813,45.46019098482613
2022-09-29,10.25,10.449999809265137,10.050000190734863,10.399999618530273,2678366,6126,57.40471273380685
2022-09-30,10.399999618530273,10.649999618530273,10.199999809265137,10.350000381469727,4352618,6633,60.57260594340176
2022-10-03,10.25,10.600000381469727,10.199999809265137,10.399999618530273,2815205,6414,59.442783275389615
2022-10-04,10.350000381469727,10.600000381469727,10.350000381469727,10.550000190734863,2399121,9200,51.782940010097114
2022-10-06,10.899999618530273,11.050000190734863,10.399999618530273,10.5,7860017,13220,48.5499771304733
2022-10-07,11.050000190734863,11.300000190734863,10.850000381469727,11.0,7318134,14938,52.93056243856174
2022-10-10,11.100000381469727,11.199999809265137,10.800000190734863,10.899999618530273,4638414,15516,72.17904163338694
2022-10-11,11.0,11.449999809265137,10.899999618530273,11.100000381469727,7244611,17065,77.22277854417186
2022-10-12,10.949999809265137,11.199999809265137,10.699999809265137,11.149999618530273,3766903,16081,61.22248544532139
2022-10-13,10.75,11.100000381469727,10.75,11.100000381469727,2858462,6966,76.03040840534901
2022-10-14,10.649999618530273,11.100000381469727,10.600000381469727,10.899999618530273,2609745,8394,45.585660683618464
2022-10-17,10.550000190734863,10.850000381469727,10.5,10.699999809265137,2218263,5050,49.726227579428134
2022-10-18,10.600000381469727,10.699999809265137,10.550000190734863,10.649999618530273,2433230,8715,78.1187315361419
2022-10-19,10.550000190734863,10.75,10.5,10.699999809265137,2083630,8252,51.778746298635625
2022-10-20,10.399999618530273,10.600000381469727,10.300000190734863,10.550000190734863,2191953,12394,47.12718434972052
2022-10-21,10.350000381469727,10.600000381469727,10.25,10.5,2503301,6537,63.07211066838478
2022-10-24,10.5,10.600000381469727,10.449999809265137,10.5,741538,11821,49.102040556294284
2022-10-25,10.399999618530273,10.699999809265137,10.350000381469727,10.600000381469727,1737602,3304,70.28592965637269
2022-10-27,10.399999618530273,10.600000381469727,10.350000381469727,10.5,1415153,14043,61.138516814448536
2022-10-28,10.149999618530273,10.449999809265137,10.100000381469727,10.449999809265137,2534688,6650,76.6602285403193
2022-10-31,10.25,10.350000381469727,10.100000381469727,10.149999618530273,2625105,4843,74.66458884552459
2022-11-01,10.5,10.600000381469727,10.25,10.350000381469727,4759780,3277,66.47167429948692
2022-11-02,10.550000190734863,10.699999809265137,10.399999618530273,10.5,3282703,10795,75.79559642628816
2022-11-03,10.600000381469727,10.699999809265137,10.449999809265137,10.5,2304964,11325,78.6508560011944
2022-11-04,10.550000190734863,10.699999809265137,10.5,10.600000381469727,2157697,4274,58.6334428428917
2022-11-07,11.149999618530273,11.300000190734863,10.699999809265137,10.800000190734863,7461491,15534,75.0735355878573
2022-11-09,11.050000190734863,11.5,11.0,11.350000381469727,3997451,13929,52.16121713638413
2022-11-10,10.850000381469727,11.100000381469727,10.699999809265137,11.050000190734863,3231755,11857,48.51855329948842
2022-11-11,10.699999809265137,11.050000190734863,10.649999618530273,11.050000190734863,3058747,12375,57.21204583090591
2022-11-14,10.600000381469727,10.800000190734863,10.449999809265137,10.600000381469727,3996042,13709,59.050563821662124
2022-11-15,10.699999809265137,10.800000190734863,10.550000190734863,10.600000381469727,2721676,6289,62.697120762349776
2022-11-16,11.050000190734863,11.5,10.699999809265137,10.699999809265137,9254653,4899,49.046625180032834
2022-11-17,10.899999618530273,11.25,10.850000381469727,11.050000190734863,3063561,7452,50.61629499199863
2022-11-18,10.75,11.050000190734863,10.75,10.899999618530273,2238909,10123,63.499053060210564
2022-11-21,10.800000190734863,10.899999618530273,10.649999618530273,10.699999809265137,2072809,9499,70.492560331312
2022-11-22,10.699999809265137,10.899999618530273,10.649999618530273,10.75,1811034,7310,48.86304436781967
2022-11-23,10.600000381469727,10.800000190734863,10.550000190734863,10.800000190734863,2668508,9499,56.945148290046944
2022-11-24,11.0,11.100000381469727,10.649999618530273,10.699999809265137,6205265,11651,59.75611454689337
2022-11-25,11.25,11.550000190734863,10.899999618530273,11.0,6682739,8630,69.35799092622334
2022-11-28,11.300000190734863,11.649999618530273,11.25,11.25,8117129,15787,56.53101254772105
2022-11-29,11.300000190734863,11.550000190734863,11.25,11.399999618530273,4188205,4268,76.7609441025248
2022-11-30,11.149999618530273,11.350000381469727,11.100000381469727,11.300000190734863,3056815,8940,57.258033765904685
2022-12-01,11.25,11.449999809265137,11.199999809265137,11.300000190734863,3356459,6901,56.51543095498985
2022-12-02,13.5,13.5,11.25,11.300000190734863,51802190,5374,73.43279281323957
2022-12-05,16.200000762939453,16.200000762939453,14.600000381469727,14.800000190734863,188055128,12264,51.78158909103556
2022-12-06,16.799999237060547,17.450000762939453,15.300000190734863,16.5,104477915,7462,78.04188552579899
2022-12-07,15.899999618530273,17.0,15.800000190734863,16.700000762939453,26908812,3531,55.182871104006225
2022-12-08,15.100000381469727,15.899999618530273,15.0,15.100000381469727,14328685,16531,66.86563659519258
2022-12-09,15.449999809265137,16.0,15.199999809265137,15.399999618530273,17054670,6795,53.562589309762174
2022-12-12,15.449999809265137,15.800000190734863,15.300000190734863,15.75,8504974,10357,57.011513797822815
2022-12-13,14.949999809265137,15.649999618530273,14.899999618530273,15.600000381469727,10816673,15854,58.56959415047407
2022-12-14,15.699999809265137,15.949999809265137,14.75,15.100000381469727,21826890,9169,51.3220724866295
2022-12-15,15.600000381469727,16.299999237060547,15.5,15.75,12531074,17736,48.3451177267404
2022-12-16,17.149999618530273,17.149999618530273,15.600000381469727,15.600000381469727,33125996,11923,56.00585433827625
2022-12-19,18.850000381469727,18.850000381469727,18.5,18.5,13691673,4444,52.202494704200966
2022-12-20,18.799999237060547,20.149999618530273,17.799999237060547,18.5,134646089,15002,75.5257743815362
2022-12-21,17.899999618530273,19.700000762939453,17.899999618530273,19.399999618530273,78462198,15580,54.14291680340055
2022-12-22,17.049999237060547,17.899999618530273,17.049999237060547,17.899999618530273,23935585,11454,67.08237556079158
2022-12-23,16.200000762939453,16.899999618530273,16.200000762939453,16.649999618530273,27242123,5185,68.21769152720259
2022-12-26,16.700000762939453,17.0,15.399999618530273,15.600000381469727,55171997,10176,67.96353044932746
2022-12-27,17.350000381469727,17.5,16.850000381469727,17.200000762939453,28188781,4885,78.59603341368438
2022-12-28,17.049999237060547,17.450000762939453,16.899999618530273,17.399999618530273,16307302,4097,56.498770288110556
2022-12-29,17.149999618530273,17.600000381469727,16.700000762939453,16.899999618530273,23671321,4265,68.98128140817536
2022-12-30,17.200000762939453,17.649999618530273,17.100000381469727,17.350000381469727,10879640,10154,69.88950273904878
2023-01-02,17.200000762939453,17.5,17.149999618530273,17.200000762939453,9088600,15728,56.432306237780246
2023-01-03,16.950000762939453,17.399999618530273,16.899999618530273,17.25,8675417,16853,49.17864016206761
2023-01-04,16.399999618530273,17.049999237060547,16.200000762939453,17.0,12750269,16792,64.23898317394173
2023-01-05,16.299999237060547,16.600000381469727,16.0,16.450000762939453,7134848,16722,62.615002567547094
2023-01-06,16.100000381469727,16.5,15.949999809265137,16.450000762939453,6816651,12083,64.54915338807908
2023-01-09,15.949999809265137,16.450000762939453,15.850000381469727,16.25,5193156,13411,59.562329081414354
2023-01-10,15.649999618530273,16.0,15.550000190734863,16.0,5203977,16017,60.96261417670593
2023-01-11,16.399999618530273,16.399999618530273,15.600000381469727,15.699999809265137,9491940,7477,66.83155206368426
2023-01-12,15.949999809265137,16.899999618530273,15.850000381469727,16.799999237060547,9950613,14648,48.785342100752125
2023-01-13,15.949999809265137,16.149999618530273,15.699999809265137,16.100000381469727,5965267,8070,56.80259051888859
2023-01-16,15.800000190734863,16.100000381469727,15.75,16.0,4066955,4001,65.40220884222228
2023-01-17,15.949999809265137,16.149999618530273,15.75,15.899999618530273,3949525,9299,49.09033692787521
2023-01-18,16.200000762939453,16.600000381469727,16.0,16.049999237060547,8147736,11215,55.792659541295755
2023-01-19,15.899999618530273,16.200000762939453,15.850000381469727,16.0,3491006,3141,68.00526358894841
2023-01-20,15.75,16.149999618530273,15.75,16.0,2825951,13877,65.93693556889257
2023-01-23,15.350000381469727,15.899999618530273,15.199999809265137,15.800000190734863,4139867,12379,53.60531729494524
2023-01-24,15.350000381469727,15.850000381469727,15.25,15.25,2937375,8259,64.28750277275519
2023-01-25,15.100000381469727,15.550000190734863,15.0,15.550000190734863,3566442,6300,58.86357241753849
2023-01-27,14.350000381469727,15.350000381469727,14.350000381469727,15.300000190734863,8919949,14913,50.741167950677834
2023-01-30,14.25,14.949999809265137,13.899999618530273,14.050000190734863,7027392,15884,53.18859300588651
2023-01-31,14.899999618530273,14.949999809265137,14.25,14.350000381469727,8397510,12701,58.13325689959858
2023-02-01,14.350000381469727,15.350000381469727,14.149999618530273,15.100000381469727,8078173,6931,54.581701914565095
2023-02-02,14.199999809265137,14.600000381469727,14.050000190734863,14.449999809265137,4622166,10597,65.99616412152004
2023-02-03,14.050000190734863,14.350000381469727,13.5,14.25,8049745,3452,72.80470240477752
2023-02-06,14.050000190734863,14.399999618530273,13.949999809265137,14.100000381469727,5650200,9722,70.08316172517763
2023-02-07,13.75,14.199999809265137,13.550000190734863,14.050000190734863,4214742,13032,63.792967570631276
2023-02-08,13.5,14.050000190734863,13.449999809265137,13.850000381469727,7732034,10039,65.58137230861104
2023-02-09,13.75,13.850000381469727,13.350000381469727,13.550000190734863,4393871,6007,62.11232767495399
2023-02-10,13.949999809265137,14.25,13.699999809265137,13.75,4848961,10288,61.19792114803042
2023-02-13,13.699999809265137,14.300000190734863,13.600000381469727,14.100000381469727,6910266,17725,52.23088062708248
2023-02-14,13.5,13.949999809265137,13.399999618530273,13.550000190734863,3211552,14794,63.36371413431932
2023-02-15,13.399999618530273,13.600000381469727,13.199999809265137,13.600000381469727,4833529,15748,55.27559965028398
2023-02-16,13.75,13.949999809265137,13.399999618530273,13.5,4252074,9407,50.94217021045688
2023-02-17,13.449999809265137,13.850000381469727,13.399999618530273,13.699999809265137,2808131,4173,56.88611935837569
2023-02-20,13.100000381469727,13.649999618530273,13.050000190734863,13.449999809265137,3386246,3436,52.78408082192426
2023-02-21,13.050000190734863,13.199999809265137,12.949999809265137,13.149999618530273,2509087,17428,73.102739136904
2023-02-22,12.449999809265137,13.0,12.350000381469727,13.0,4670260,4869,48.805775104144004
2023-02-23,12.5,12.850000381469727,12.399999618530273,12.5,4045048,3430,59.85385416943801
2023-02-24,12.649999618530273,12.949999809265137,12.600000381469727,12.699999809265137,3030281,4124,47.73392039898473
2023-02-27,12.449999809265137,12.699999809265137,12.199999809265137,12.699999809265137,2818876,13313,76.7207996394711
2023-02-28,12.5,12.649999618530273,12.399999618530273,12.449999809265137,2827363,6102,69.65796339026491
2023-03-01,13.100000381469727,13.350000381469727,12.5,12.550000190734863,4364854,15324,58.78823148996111
2023-03-02,12.949999809265137,13.350000381469727,12.850000381469727,13.100000381469727,3036764,10537,68.85966507057711
2023-03-03,13.0,13.25,12.899999618530273,13.0,3887400,3597,71.25338380943707
2023-03-06,13.25,13.600000381469727,13.050000190734863,13.050000190734863,4976953,4851,50.045703649291184
2023-03-08,14.550000190734863,14.550000190734863,13.100000381469727,13.149999618530273,14657513,10819,74.18446553434521
2023-03-09,13.75,15.699999809265137,13.649999618530273,15.449999809265137,22141680,14364,60.5063672592426
2023-03-10,13.800000190734863,14.199999809265137,13.399999618530273,13.550000190734863,10798951,15283,51.117024111918354
2023-03-13,13.0,13.949999809265137,12.699999809265137,13.800000190734863,7318607,5464,59.10703613031883
2023-03-14,12.850000381469727,13.25,12.699999809265137,13.100000381469727,5314646,9892,74.20226534541638
2023-03-15,12.75,13.300000190734863,12.649999618530273,13.050000190734863,4558322,10005,60.36589173535709
2023-03-16,12.699999809265137,12.850000381469727,12.350000381469727,12.75,5286507,14714,63.596145515151846
2023-03-17,12.850000381469727,13.0,12.699999809265137,12.850000381469727,3235889,11427,74.18314257444862
2023-03-20,12.550000190734863,12.850000381469727,12.449999809265137,12.800000190734863,3143188,12003,71.7065648841537
2023-03-21,12.550000190734863,12.800000190734863,12.5,12.600000381469727,4122415,4792,67.43312650548536
2023-03-22,12.5,12.75,12.449999809265137,12.600000381469727,4075227,3749,52.66779885609874
2023-03-23,12.649999618530273,13.0,12.5,12.550000190734863,5718491,5804,64.39228702039142
2023-03-24,12.600000381469727,13.25,12.550000190734863,12.850000381469727,5420416,12254,60.61608042331438
2023-03-27,12.050000190734863,12.800000190734863,12.0,12.649999618530273,4236535,7044,69.94807462795721
2023-03-28,11.649999618530273,12.199999809265137,11.449999809265137,12.100000381469727,5111247,5975,69.31121724587868
2023-03-29,12.699999809265137,12.800000190734863,11.649999618530273,11.699999809265137,9198488,9104,69.46638662355151
2023-03-31,12.899999618530273,13.300000190734863,12.800000190734863,12.949999809265137,8858508,10014,77.9530225419364
2023-04-03,13.350000381469727,13.5,13.050000190734863,13.100000381469727,5845855,12917,45.987231338414524
2023-04-05,13.350000381469727,13.699999809265137,13.25,13.449999809265137,7869304,3327,70.65636637177255
2023-04-06,13.399999618530273,14.199999809265137,13.25,13.550000190734863,13689036,14028,60.53432874789361
2023-04-10,13.25,13.75,13.199999809265137,13.600000381469727,4548047,7449,62.185889623496124
2023-04-11,14.0,14.149999618530273,13.25,13.350000381469727,14416135,8753,63.531036005817064
2023-04-12,14.050000190734863,14.699999809265137,13.949999809265137,14.199999809265137,16577445,16351,66.04733423765276
2023-04-13,13.800000190734863,14.149999618530273,13.649999618530273,14.0,5638311,9592,78.42119697440219
2023-04-17,13.949999809265137,14.300000190734863,13.600000381469727,13.699999809265137,8856329,5024,64.63229547686336
2023-04-18,13.850000381469727,14.449999809265137,13.800000190734863,14.050000190734863,9407682,8979,77.54562355508935
2023-04-19,14.899999618530273,15.050000190734863,13.899999618530273,13.949999809265137,26046175,12784,51.48148077004701
2023-04-20,14.449999809265137,15.149999618530273,14.399999618530273,15.050000190734863,15056097,7021,75.56416618637789
2023-04-21,14.399999618530273,14.800000190734863,14.100000381469727,14.649999618530273,7521575,11850,66.44609225999115
2023-04-24,14.25,14.5,14.100000381469727,14.399999618530273,5161103,16740,72.08057783121468
2023-04-25,14.5,14.899999618530273,14.25,14.25,9320600,8396,74.8959883794015
2023-04-26,14.449999809265137,14.800000190734863,14.350000381469727,14.550000190734863,7590224,10850,49.57949118043639
2023-04-27,14.649999618530273,14.899999618530273,14.350000381469727,14.550000190734863,7387378,11478,65.44665197242989
2023-04-28,14.600000381469727,14.899999618530273,14.550000190734863,14.75,4826579,17732,65.53292258809009
2023-05-02,14.399999618530273,14.850000381469727,14.350000381469727,14.600000381469727,8057999,11347,73.62705846232156
2023-05-03,14.550000190734863,15.0,14.25,14.350000381469727,15797148,6624,69.73512573483045
2023-05-04,14.75,15.399999618530273,14.5,14.550000190734863,20197356,5699,57.051565024946754
2023-05-05,14.5,15.050000190734863,14.399999618530273,14.75,8779419,10732,74.40778017035976
2023-05-08,14.550000190734863,14.699999809265137,14.449999809265137,14.600000381469727,5355017,13216,58.61805215343965
2023-05-09,14.199999809265137,14.75,14.100000381469727,14.600000381469727,6440524,10615,67.7491575689049
2023-05-10,13.75,14.300000190734863,13.649999618530273,14.199999809265137,9231385,3299,63.94019834731388
2023-05-11,13.800000190734863,14.050000190734863,13.75,13.850000381469727,4594155,10968,54.75359620769111
2023-05-12,13.649999618530273,13.949999809265137,13.5,13.800000190734863,4999342,15841,52.77656973197826
2023-05-15,13.699999809265137,13.75,13.449999809265137,13.75,3406419,17972,74.04064498205148
2023-05-16,13.699999809265137,14.0,13.649999618530273,13.75,4011684,6798,74.32232400450937
2023-05-17,13.550000190734863,13.850000381469727,13.449999809265137,13.699999809265137,3929490,10715,61.08302556110961
2023-05-18,13.399999618530273,13.649999618530273,13.300000190734863,13.649999618530273,3462645,8611,47.34385910661592
2023-05-19,13.600000381469727,13.649999618530273,13.149999618530273,13.449999809265137,4516937,3823,71.94102813897129
2023-05-22,13.399999618530273,13.699999809265137,13.350000381469727,13.699999809265137,4260037,16729,54.17850685822394
2023-05-23,13.5,13.699999809265137,13.350000381469727,13.449999809265137,3882749,15709,74.84072386337654
2023-05-24,13.449999809265137,13.800000190734863,13.350000381469727,13.449999809265137,4156768,14866,68.98411022265859
2023-05-25,13.5,13.649999618530273,13.399999618530273,13.5,2736592,11404,53.976053072953604
2023-05-26,13.800000190734863,13.949999809265137,13.5,13.550000190734863,6013090,17748,63.37140128456609
2023-05-29,15.350000381469727,15.550000190734863,13.800000190734863,13.899999618530273,48749281,16882,77.3424843166558
2023-05-30,14.600000381469727,15.449999809265137,14.5,15.350000381469727,21098935,16135,51.23274595389983
2023-05-31,14.75,14.949999809265137,14.399999618530273,14.550000190734863,9553630,4704,75.03423586392006
2023-06-01,14.75,15.0,14.699999809265137,14.800000190734863,6613919,8932,47.68555609680594
2023-06-02,14.850000381469727,15.100000381469727,14.75,14.800000190734863,8360595,16219,77.99617247532689
2023-06-05,14.899999618530273,15.449999809265137,14.800000190734863,14.949999809265137,11940310,7959,62.69759551798812
2023-06-06,14.899999618530273,15.149999618530273,14.75,14.899999618530273,5426160,17497,45.04503514561822
2023-06-07,15.550000190734863,16.100000381469727,14.899999618530273,14.949999809265137,34973877,10094,70.49645091583537
2023-06-08,15.149999618530273,15.800000190734863,15.050000190734863,15.600000381469727,14200868,3255,70.83880241229132
2023-06-09,16.450000762939453,16.649999618530273,15.350000381469727,15.399999618530273,46155605,13370,76.58721091570034
2023-06-12,15.949999809265137,16.700000762939453,15.850000381469727,16.549999237060547,19721907,13493,78.63021163376816
2023-06-13,15.899999618530273,16.149999618530273,15.699999809265137,16.100000381469727,12966347,13766,62.19759080330559
2023-06-14,15.899999618530273,16.299999237060547,15.800000190734863,16.0,12350499,7142,72.73963024681595
2023-06-15,15.899999618530273,16.049999237060547,15.699999809265137,15.949999809265137,10252582,4106,52.24320373121074
2023-06-16,16.200000762939453,16.850000381469727,15.899999618530273,15.949999809265137,20545492,5978,50.64960016207858
2023-06-19,16.049999237060547,16.649999618530273,15.899999618530273,16.350000381469727,12815921,15585,54.09880950078003
2023-06-20,16.399999618530273,16.5,15.75,16.049999237060547,15501941,13166,47.27444080917145
2023-06-21,16.25,16.649999618530273,16.049999237060547,16.5,12584983,11821,54.43988981614475
2023-06-22,16.899999618530273,17.350000381469727,16.200000762939453,16.299999237060547,52023020,10530,78.95713869417287
2023-06-23,16.0,16.950000762939453,15.899999618530273,16.950000762939453,22294270,13354,72.91769484499436
2023-06-26,15.699999809265137,16.100000381469727,15.399999618530273,16.0,12740971,6932,55.73023610132962
2023-06-27,15.800000190734863,16.049999237060547,15.600000381469727,15.800000190734863,6150012,17939,78.39545166172432
2023-06-28,15.649999618530273,15.949999809265137,15.550000190734863,15.800000190734863,6306524,4478,60.701658161578166
2023-06-30,16.600000381469727,16.899999618530273,15.850000381469727,15.850000381469727,27110215,8787,74.37969228637246
2023-07-03,16.850000381469727,16.950000762939453,16.5,16.799999237060547,17664797,3947,77.46900151617943
2023-07-04,16.950000762939453,17.75,16.850000381469727,17.0,33545478,12262,48.08431897180329
2023-07-05,17.049999237060547,17.350000381469727,16.600000381469727,17.0,17509456,13619,47.21504700474644
2023-07-06,17.350000381469727,17.549999237060547,16.899999618530273,17.0,13793971,12154,75.71462096523764
2023-07-07,17.100000381469727,18.100000381469727,17.049999237060547,17.299999237060547,26570878,10019,66.1978446941647
2023-07-10,16.700000762939453,17.25,16.600000381469727,17.200000762939453,11161318,12334,68.36832584776947
2023-07-11,16.649999618530273,16.899999618530273,16.549999237060547,16.799999237060547,8757980,4046,58.880016944825414
2023-07-12,17.049999237060547,17.399999618530273,16.75,16.799999237060547,13183892,17334,68.94097636786378
2023-07-13,16.600000381469727,17.200000762939453,16.5,17.149999618530273,9758949,14918,73.7891872600158
2023-07-14,17.0,17.149999618530273,16.399999618530273,16.649999618530273,12465805,16525,56.47519482267538
2023-07-17,17.25,17.75,17.049999237060547,17.100000381469727,17676163,9024,64.498506862771
2023-07-18,17.049999237060547,17.5,16.75,17.350000381469727,9155716,9756,57.570732429030514
2023-07-19,17.049999237060547,17.25,16.850000381469727,17.100000381469727,7603084,5792,77.20495725922896
2023-07-20,18.0,18.850000381469727,17.149999618530273,17.200000762939453,82107909,6634,72.8253943891046
2023-07-21,18.899999618530273,19.100000381469727,17.899999618530273,18.0,44060889,15973,76.23387378732987
2023-07-24,19.200000762939453,20.200000762939453,19.100000381469727,19.200000762939453,53795933,14713,53.83224688780547
2023-07-25,18.75,19.450000762939453,18.399999618530273,19.399999618530273,24738839,17522,60.39067334410911
2023-07-26,18.600000381469727,19.100000381469727,18.299999237060547,18.799999237060547,18505262,11245,49.62853354826372
2023-07-27,18.399999618530273,18.75,18.299999237060547,18.700000762939453,11929359,16386,51.523949649179606
2023-07-28,18.25,18.549999237060547,18.049999237060547,18.399999618530273,12807706,3297,62.498006827925025
2023-07-31,16.100000381469727,18.75,15.899999618530273,18.450000762939453,77825310,17279,66.46957516011368
2023-08-01,16.25,16.549999237060547,16.049999237060547,16.100000381469727,17777851,14513,72.46331591425417
2023-08-02,16.25,16.549999237060547,16.0,16.25,15185799,17242,62.62415369592068
2023-08-03,16.399999618530273,16.549999237060547,16.049999237060547,16.299999237060547,12580847,10043,55.49809865749734
2023-08-04,16.350000381469727,16.700000762939453,16.25,16.450000762939453,12216148,5005,64.59251019400664
2023-08-07,16.450000762939453,16.600000381469727,16.299999237060547,16.450000762939453,8097029,6446,47.053993109214815
2023-08-08,17.200000762939453,17.299999237060547,16.649999618530273,16.799999237060547,23264832,13418,59.756848723513315
2023-08-09,19.049999237060547,19.399999618530273,17.350000381469727,17.350000381469727,70809386,4283,61.35529957160541
2023-08-10,19.850000381469727,20.899999618530273,18.850000381469727,19.0,99860354,4897,71.26568869483931
2023-08-11,20.75,20.950000762939453,20.0,20.049999237060547,43373411,7429,78.66969738722332
2023-08-14,21.549999237060547,22.049999237060547,19.850000381469727,20.899999618530273,57049523,17977,77.33559304302634
2023-08-16,20.850000381469727,21.649999618530273,20.25,21.600000381469727,21541192,5228,49.406598824246494
2023-08-17,20.649999618530273,21.0,20.299999237060547,20.799999237060547,11844168,14614,53.903508081124926
2023-08-18,20.25,20.799999237060547,19.75,20.5,12490593,16982,59.000537630056925
2023-08-21,21.0,21.350000381469727,19.950000762939453,20.299999237060547,15335186,17745,46.80772909298578
2023-08-22,21.25,21.649999618530273,20.799999237060547,20.899999618530273,20495509,13828,76.8252067528288
2023-08-23,21.950000762939453,22.450000762939453,21.25,21.450000762939453,25203021,9685,64.58311447924697
2023-08-24,25.0,25.350000381469727,21.700000762939453,22.0,106789991,17404,53.57198690296981
2023-08-25,23.549999237060547,24.899999618530273,23.299999237060547,24.899999618530273,46257430,14174,65.20622597358961
2023-08-28,23.799999237060547,24.75,23.549999237060547,23.850000381469727,22659183,3957,65.97079462159581
2023-08-29,23.600000381469727,24.25,23.5,24.049999237060547,16259080,4753,46.88881410694151
2023-08-30,24.399999618530273,24.899999618530273,23.649999618530273,23.75,26279471,14564,69.68477372225695
2023-08-31,23.950000762939453,24.850000381469727,23.799999237060547,24.5,13247252,13596,73.35503708933157
2023-09-01,25.100000381469727,25.399999618530273,23.950000762939453,24.100000381469727,32851932,9183,74.86610264727355
2023-09-04,28.350000381469727,28.549999237060547,25.350000381469727,25.350000381469727,54382833,8042,53.818180858199746
2023-09-05,28.350000381469727,29.549999237060547,27.100000381469727,28.649999618530273,41217227,11139,77.60485605688474
2023-09-06,29.149999618530273,29.850000381469727,28.549999237060547,28.600000381469727,38365421,11494,47.45563206203061
2023-09-07,28.25,29.399999618530273,27.799999237060547,29.399999618530273,22565652,10911,58.618571483426464
2023-09-08,27.5,28.899999618530273,27.399999618530273,28.399999618530273,15446292,6593,69.84076056346093
2023-09-11,27.899999618530273,28.799999237060547,27.700000762939453,28.149999618530273,22412983,6241,49.670578540088975
2023-09-12,24.950000762939453,28.149999618530273,23.899999618530273,28.149999618530273,40774029,13843,47.37678748473616
2023-09-13,25.799999237060547,26.0,24.100000381469727,24.950000762939453,25747641,7202,47.488756691355924
2023-09-14,27.600000381469727,27.850000381469727,26.049999237060547,26.299999237060547,33518857,7094,60.45049856625161
2023-09-15,27.0,27.850000381469727,26.799999237060547,27.799999237060547,14383138,10113,62.289212672105094
2023-09-18,25.950000762939453,27.100000381469727,25.75,27.049999237060547,12772322,8176,72.6521855960804
2023-09-20,26.700000762939453,27.0,25.5,25.899999618530273,26186624,14491,66.44856801715056
2023-09-21,25.75,26.700000762939453,25.350000381469727,26.600000381469727,16845712,6913,48.74932626519721
2023-09-22,25.799999237060547,26.25,24.850000381469727,25.799999237060547,20859652,5048,50.13528565863321
2023-09-25,26.850000381469727,27.649999618530273,25.850000381469727,25.950000762939453,33648862,17599,60.80920182549639
2023-09-26,25.850000381469727,26.950000762939453,25.649999618530273,26.950000762939453,18038804,13257,64.29141359837428
2023-09-27,26.75,27.0,25.399999618530273,25.899999618530273,26510806,12071,71.15262284281953
2023-09-28,26.399999618530273,27.5,26.25,26.899999618530273,24127963,9417,53.75563593168076
2023-09-29,26.25,26.799999237060547,26.049999237060547,26.549999237060547,12322059,11220,49.293979220190906
2023-10-03,25.700000762939453,26.450000762939453,25.399999618530273,26.299999237060547,17269835,13114,50.622323050639906
2023-10-04,25.950000762939453,26.899999618530273,25.25,25.5,29299112,11061,50.92014446100743
2023-10-05,25.399999618530273,26.399999618530273,25.0,26.299999237060547,16887648,7756,68.1195019043611
2023-10-06,25.700000762939453,26.049999237060547,25.399999618530273,25.600000381469727,11269360,3475,56.435505554541365
2023-10-09,24.899999618530273,25.850000381469727,24.75,25.549999237060547,19705981,8561,72.42414016703324
2023-10-10,25.149999618530273,25.5,24.950000762939453,25.100000381469727,10976585,4993,62.67583030361026
2023-10-11,25.299999237060547,25.75,25.0,25.299999237060547,16086328,12091,61.88951701710015
2023-10-12,25.350000381469727,26.100000381469727,25.149999618530273,25.399999618530273,14937695,14338,66.56264638036039
2023-10-13,25.850000381469727,26.0,25.049999237060547,25.25,19530664,4254,45.95418346963602
2023-10-16,26.049999237060547,27.25,25.700000762939453,26.200000762939453,40340005,9867,71.82204787890505
2023-10-17,26.600000381469727,27.100000381469727,26.200000762939453,26.25,22711809,8546,54.68879161843935
2023-10-18,26.700000762939453,28.149999618530273,26.5,26.850000381469727,60855612,8297,71.66102013945718
2023-10-19,26.5,26.75,26.049999237060547,26.700000762939453,16679682,16833,76.54290887922133
2023-10-20,26.299999237060547,27.399999618530273,26.049999237060547,26.5,21455062,6783,55.56737690584939
2023-10-23,24.049999237060547,26.600000381469727,23.950000762939453,26.600000381469727,26899396,12831,68.70869062990539
2023-10-25,23.549999237060547,24.950000762939453,23.0,24.299999237060547,35757770,8673,62.303014958891254
2023-10-26,25.350000381469727,25.799999237060547,22.5,23.399999618530273,51286926,16847,69.07722886962989
2023-10-27,25.75,26.299999237060547,25.25,26.100000381469727,23671579,17051,60.77733878541214
2023-10-30,26.399999618530273,27.200000762939453,25.200000762939453,25.899999618530273,31814555,14992,64.32756047273976
2023-10-31,26.649999618530273,27.299999237060547,26.100000381469727,26.899999618530273,24482815,15088,65.117514892463
2023-11-01,28.200000762939453,28.450000762939453,26.350000381469727,26.649999618530273,65937995,10140,78.69529541670803
2023-11-02,28.850000381469727,29.149999618530273,27.850000381469727,28.799999237060547,39642873,14505,63.85607879443537
2023-11-03,29.25,31.0,28.5,29.100000381469727,80878322,16417,45.93315408011633
2023-11-06,34.0,34.95000076293945,30.0,30.25,166057440,8611,50.13730612651193
2023-11-07,34.25,35.150001525878906,33.400001525878906,34.5,66030077,9829,57.53694051779682
2023-11-08,34.0,35.849998474121094,33.5,34.5,42298490,6343,77.64454595746605
2023-11-09,31.700000762939453,34.20000076293945,31.299999237060547,34.20000076293945,43178165,15293,61.459291234039156
2023-11-10,32.400001525878906,33.25,30.75,31.100000381469727,28935705,12467,62.978956613163405
2023-11-13,33.20000076293945,33.70000076293945,32.400001525878906,33.20000076293945,13421614,15379,50.37111471264528
2023-11-15,33.20000076293945,34.150001525878906,32.849998474121094,33.599998474121094,16426849,13753,60.19330268506919
2023-11-16,32.349998474121094,33.599998474121094,31.950000762939453,33.20000076293945,15056498,6755,60.20137451744007
2023-11-17,32.95000076293945,33.5,32.20000076293945,32.400001525878906,15979940,4066,55.85331716098331
2023-11-20,32.900001525878906,34.099998474121094,32.599998474121094,33.20000076293945,18483353,11839,45.856492376554435
2023-11-21,32.400001525878906,33.20000076293945,32.04999923706055,33.20000076293945,10044056,6983,51.5038942181979
2023-11-22,31.899999618530273,32.650001525878906,31.100000381469727,32.349998474121094,10978969,14724,54.05217944083662
2023-11-23,33.0,33.29999923706055,31.700000762939453,31.799999237060547,22258349,14324,71.37876997076147
2023-11-24,32.45000076293945,33.20000076293945,32.349998474121094,33.099998474121094,8684915,3014,72.54125838620958
2023-11-28,32.04999923706055,32.70000076293945,32.0,32.5,7831317,15798,54.74067569589816
2023-11-29,31.399999618530273,32.5,31.25,32.25,13114908,4315,55.46627546324642
2023-11-30,31.600000381469727,32.0,31.100000381469727,31.450000762939453,8320684,7916,56.037150795610295
2023-12-01,31.299999237060547,31.850000381469727,31.049999237060547,31.799999237060547,8437922,12395,60.76241301631641
2023-12-04,33.29999923706055,33.95000076293945,31.450000762939453,31.799999237060547,27353240,5946,74.38756061879832
2023-12-05,32.45000076293945,33.900001525878906,32.25,33.54999923706055,12504109,10952,67.11692503494686
2023-12-06,30.25,32.5,30.0,32.5,25495408,15385,68.33785649192643
2023-12-07,29.149999618530273,30.600000381469727,28.0,29.0,51977091,16473,71.38582705840092
2023-12-08,26.950000762939453,28.399999618530273,26.549999237060547,27.450000762939453,50267681,15769,70.42452977515288
2023-12-11,28.350000381469727,28.850000381469727,26.450000762939453,26.5,32764618,9525,61.07494996489427
2023-12-12,28.200000762939453,29.299999237060547,28.0,29.0,15157918,10807,78.8905148511598
2023-12-13,27.899999618530273,28.600000381469727,27.600000381469727,28.450000762939453,11868756,8938,61.41632468252209
2023-12-14,28.049999237060547,28.700000762939453,27.850000381469727,28.299999237060547,13485611,16765,57.30361265527429
2023-12-15,28.0,28.450000762939453,27.75,28.399999618530273,8307076,7174,47.81449012420717
2023-12-18,29.700000762939453,30.75,29.399999618530273,30.200000762939453,43168728,6188,50.26286241559209
2023-12-19,29.149999618530273,29.950000762939453,28.75,29.850000381469727,10277561,11774,66.03415288515151
2023-12-20,27.350000381469727,29.350000381469727,27.200000762939453,29.299999237060547,15753042,8526,55.7661571890479
2023-12-21,28.149999618530273,28.350000381469727,26.950000762939453,27.299999237060547,9858083,15382,59.19929172874161
2023-12-22,27.899999618530273,28.600000381469727,27.549999237060547,28.299999237060547,10197421,10636,63.93797289228125
2023-12-26,27.75,28.149999618530273,27.600000381469727,28.0,5266229,6634,72.18025237141487
2023-12-27,28.0,28.549999237060547,27.700000762939453,27.799999237060547,10220964,13818,73.54829068889495
2023-12-28,27.700000762939453,28.25,27.5,28.200000762939453,6303846,10016,47.802348874046146
2023-12-29,27.799999237060547,28.549999237060547,27.600000381469727,27.75,16473860,7110,64.22954197579523
2024-01-01,28.100000381469727,28.5,27.850000381469727,27.899999618530273,8071505,6489,54.022307832649844
2024-01-02,28.0,28.299999237060547,27.700000762939453,28.149999618530273,5486660,17120,55.25998403059238
2024-01-03,28.149999618530273,28.25,27.75,28.0,7270661,13027,72.44821857808178
2024-01-04,28.5,29.0,28.100000381469727,28.299999237060547,12816485,9716,73.14628879978505
2024-01-05,28.549999237060547,29.25,28.350000381469727,28.700000762939453,12301646,16470,55.34601280840323
2024-01-08,28.149999618530273,28.850000381469727,27.899999618530273,28.75,8248563,4744,60.09485760725357
2024-01-09,28.149999618530273,28.899999618530273,28.049999237060547,28.450000762939453,9636674,15825,63.994709479010154
2024-01-10,28.100000381469727,28.399999618530273,27.899999618530273,28.100000381469727,6493106,8938,74.95653999318533
2024-01-11,28.0,28.299999237060547,27.899999618530273,28.149999618530273,5991775,17499,45.997743690699124
2024-01-12,27.75,28.25,27.75,28.049999237060547,6161862,10030,51.208479003610606
2024-01-15,27.399999618530273,28.149999618530273,27.299999237060547,28.0,8655749,4417,78.91161634937646
2024-01-16,27.149999618530273,27.850000381469727,26.5,27.399999618530273,12306694,8811,45.19228898568266
2024-01-17,26.649999618530273,27.149999618530273,26.549999237060547,26.950000762939453,5764886,5580,50.843717055086856
2024-01-18,26.450000762939453,26.950000762939453,25.600000381469727,26.649999618530273,9461065,10659,76.40213749108263
2024-01-19,26.350000381469727,27.0,26.200000762939453,26.600000381469727,8412431,6297,54.731945226191606
2024-01-23,25.049999237060547,26.799999237060547,24.850000381469727,26.600000381469727,9189789,17556,58.96047208758553
2024-01-24,26.5,26.799999237060547,24.75,25.25,8843048,9324,61.85802488069319
2024-01-25,27.950000762939453,28.25,26.799999237060547,26.799999237060547,18314637,9494,60.09290513895273
2024-01-29,30.649999618530273,31.450000762939453,27.799999237060547,28.200000762939453,53356261,3083,56.48878402392107
2024-01-30,30.850000381469727,31.700000762939453,29.399999618530273,30.850000381469727,39009948,11058,66.29312285017826
2024-01-31,31.0,31.850000381469727,30.850000381469727,31.100000381469727,18970750,9150,67.43001092094136
2024-02-01,30.0,31.299999237060547,29.450000762939453,31.299999237060547,15790122,14595,48.416483998945594
2024-02-02,31.200000762939453,31.700000762939453,30.200000762939453,30.299999237060547,29422716,17858,74.11344894759186
2024-02-05,33.650001525878906,35.45000076293945,31.299999237060547,31.600000381469727,92989812,14425,48.01421720731081
2024-02-06,35.54999923706055,36.20000076293945,33.650001525878906,34.54999923706055,58417087,11628,76.30986149196237
2024-02-07,37.45000076293945,39.150001525878906,35.599998474121094,36.25,84981693,5690,63.43196022342589
2024-02-08,36.150001525878906,38.349998474121094,35.5,38.0,33302601,4611,59.39497076722092
2024-02-09,37.849998474121094,39.29999923706055,33.0,36.29999923706055,94479877,17392,70.69219191895169
2024-02-12,36.349998474121094,40.400001525878906,35.75,38.20000076293945,65554694,7762,73.9735962171354
2024-02-13,35.70000076293945,37.099998474121094,34.04999923706055,36.45000076293945,27035649,16279,55.485662685771956
2024-02-14,36.95000076293945,37.400001525878906,34.5,34.900001525878906,19988062,9667,68.67912717105321
2024-02-15,37.20000076293945,38.25,36.599998474121094,37.29999923706055,20367510,7151,64.88512794622748
2024-02-16,36.400001525878906,37.599998474121094,36.25,37.5,11155240,13648,45.52401565126088
2024-02-19,37.349998474121094,38.650001525878906,36.650001525878906,36.75,20215161,15933,46.19504070150129
2024-02-20,38.900001525878906,40.5,37.04999923706055,37.5,39728972,3473,70.6292654617208
2024-02-21,38.400001525878906,40.150001525878906,38.04999923706055,39.29999923706055,36880167,4292,59.2336744445056
2024-02-22,37.45000076293945,38.099998474121094,35.79999923706055,38.099998474121094,20363194,10530,69.03986507308495
2024-02-23,37.29999923706055,38.5,37.04999923706055,37.5,15403072,3014,63.16310353366639
2024-02-26,36.45000076293945,37.599998474121094,36.349998474121094,37.349998474121094,9533316,6848,76.03315180344728
2024-02-27,35.25,36.650001525878906,35.04999923706055,36.5,11819290,4195,65.28077658631096
2024-02-28,34.0,36.650001525878906,33.650001525878906,35.349998474121094,15864927,10188,63.33999687490951
2024-02-29,34.400001525878906,34.79999923706055,33.0,34.099998474121094,10543855,14587,46.88205465356674
2024-03-01,34.349998474121094,35.5,34.20000076293945,34.95000076293945,6047408,10162,57.39575193361257
2024-03-04,35.099998474121094,36.25,34.20000076293945,34.79999923706055,12629293,5379,45.9017777130305
2024-03-05,33.95000076293945,35.25,33.599998474121094,35.0,6934302,11125,45.17299882669562
2024-03-06,32.349998474121094,33.70000076293945,31.450000762939453,33.45000076293945,15645394,10754,52.40193762096695
2024-03-07,33.20000076293945,33.5,32.5,32.599998474121094,6468937,10719,56.520552444244444
2024-03-11,31.200000762939453,33.95000076293945,31.049999237060547,33.650001525878906,9062899,3958,60.737494292567845
2024-03-12,30.700000762939453,31.700000762939453,30.0,31.200000762939453,13114894,9105,46.47312355974136
2024-03-13,27.850000381469727,31.100000381469727,27.450000762939453,30.850000381469727,19641202,7782,74.42899276293272
2024-03-14,29.850000381469727,30.299999237060547,26.799999237060547,27.600000381469727,16205106,3115,70.9457763296337
2024-03-15,29.399999618530273,30.5,28.25,29.799999237060547,8745871,14580,70.71924604214314
2024-03-18,29.75,30.700000762939453,29.350000381469727,29.850000381469727,11011729,17593,58.63580318569615
2024-03-19,28.899999618530273,30.200000762939453,28.75,29.75,8457068,12961,76.19583952007719
2024-03-20,28.799999237060547,29.200000762939453,28.100000381469727,29.0,9514770,12006,72.05910656225853
2024-03-21,29.799999237060547,29.950000762939453,29.100000381469727,29.149999618530273,9029748,15448,58.54751075605958
2024-03-22,30.350000381469727,30.649999618530273,29.75,29.799999237060547,11266581,3958,56.55793648200291
2024-03-26,29.149999618530273,30.450000762939453,29.049999237060547,30.450000762939453,10302896,3516,54.97455371870504
2024-03-27,28.649999618530273,29.850000381469727,28.5,29.299999237060547,14531503,3832,66.37059949477937
2024-03-28,29.049999237060547,29.850000381469727,28.950000762939453,29.0,9750067,14136,66.91015369625609
2024-04-01,31.899999618530273,32.150001525878906,29.299999237060547,29.299999237060547,21898245,17710,61.08897408249497
2024-04-02,32.400001525878906,32.650001525878906,31.350000381469727,32.0,16292349,12976,65.8104387246442
2024-04-03,33.5,33.70000076293945,32.04999923706055,32.150001525878906,19291258,11770,53.487559171908956
2024-04-04,33.349998474121094,34.150001525878906,32.45000076293945,33.849998474121094,14701990,5891,65.80221350230457
2024-04-05,33.45000076293945,34.04999923706055,32.849998474121094,33.45000076293945,13289140,3257,55.25265368246381
2024-04-08,32.400001525878906,33.75,32.25,33.75,9408339,4483,52.43729460998047
2024-04-09,33.29999923706055,33.599998474121094,31.350000381469727,32.599998474121094,21759635,14474,60.19306775622162
2024-04-10,33.45000076293945,34.5,32.75,33.5,19882027,14463,47.02351593025202
2024-04-12,32.54999923706055,33.70000076293945,32.349998474121094,33.20000076293945,10699121,12007,47.368256791225186
2024-04-15,30.899999618530273,31.799999237060547,30.399999618530273,31.200000762939453,16409979,7918,62.06450937334726
2024-04-16,30.899999618530273,31.5,29.700000762939453,30.5,7607942,5974,75.93247709905906
2024-04-18,30.75,31.850000381469727,30.600000381469727,31.200000762939453,9840312,8204,56.635997826433545
2024-04-19,30.600000381469727,30.799999237060547,29.850000381469727,30.25,7092636,5645,57.77065851382983
2024-04-22,31.899999618530273,32.5,31.0,31.100000381469727,14229035,15212,54.03271092954077
2024-04-23,33.099998474121094,33.349998474121094,31.600000381469727,32.150001525878906,17890259,15218,72.82264353891367
2024-04-24,33.95000076293945,34.849998474121094,32.599998474121094,33.400001525878906,25781117,3269,56.08041733038846
2024-04-25,34.29999923706055,34.79999923706055,33.79999923706055,34.20000076293945,20441903,12652,62.09288507786755
2024-04-26,34.099998474121094,34.849998474121094,33.599998474121094,34.45000076293945,18261924,16764,56.40508070177957
2024-04-29,36.29999923706055,36.75,34.29999923706055,34.45000076293945,47040496,7229,73.53512052953401
2024-04-30,35.900001525878906,37.5,35.599998474121094,36.79999923706055,27684772,6138,63.99663955159302
2024-05-02,35.900001525878906,37.0,35.79999923706055,36.29999923706055,21930961,11342,70.09412495938685
2024-05-03,35.29999923706055,36.849998474121094,34.75,36.20000076293945,17772543,5636,60.37650714786379
2024-05-06,34.099998474121094,35.70000076293945,33.900001525878906,35.54999923706055,14564063,4566,50.89495254393211
2024-05-07,32.79999923706055,34.150001525878906,32.400001525878906,33.95000076293945,18421284,9368,57.05969161142809
2024-05-08,33.150001525878906,33.70000076293945,32.099998474121094,32.5,12172588,10623,75.45090112322359
2024-05-09,31.600000381469727,33.349998474121094,31.299999237060547,33.20000076293945,12024231,10304,75.49209542590725
2024-05-10,31.950000762939453,32.400001525878906,30.649999618530273,31.950000762939453,17316928,15362,72.65117151652993
2024-05-13,31.450000762939453,32.25,30.649999618530273,32.25,10910974,17562,77.43109389738852
2024-05-14,32.54999923706055,32.900001525878906,31.399999618530273,31.649999618530273,12002624,7908,73.38116592753893
2024-05-15,32.25,32.95000076293945,32.099998474121094,32.70000076293945,7061272,7579,62.36011823904937
2024-05-16,32.0,32.650001525878906,31.799999237060547,32.5,5655530,4164,78.80257895586135
2024-05-17,33.0,33.29999923706055,31.799999237060547,31.950000762939453,12654649,15498,70.25796842582514
2024-05-21,32.70000076293945,33.599998474121094,32.599998474121094,33.599998474121094,7143274,15460,60.05602474526489
2024-05-22,32.54999923706055,33.349998474121094,32.04999923706055,32.79999923706055,7969258,5879,78.63553073260228
2024-05-23,32.400001525878906,33.20000076293945,32.29999923706055,32.54999923706055,7055676,5643,71.28457864396331
2024-05-24,32.70000076293945,33.25,32.29999923706055,32.5,8945276,17097,70.41276107364058
2024-05-27,31.799999237060547,32.849998474121094,31.200000762939453,32.79999923706055,10074504,3863,72.57617805294495
2024-05-28,31.200000762939453,32.25,31.0,31.799999237060547,9132500,6970,69.40892849761815
2024-05-29,31.25,31.700000762939453,31.0,31.100000381469727,7150540,12097,64.72666709732772
2024-05-30,30.75,31.299999237060547,30.649999618530273,31.149999618530273,5744860,5746,65.9515486547538
2024-05-31,30.75,31.200000762939453,30.200000762939453,30.950000762939453,7501420,7828,49.68021295205644
2024-06-03,32.650001525878906,33.29999923706055,31.600000381469727,32.849998474121094,19123305,3240,76.49521406296276
2024-06-04,29.100000381469727,32.5,27.549999237060547,32.5,22558924,13166,58.3355930467579
2024-06-05,31.5,31.850000381469727,28.25,29.950000762939453,20279166,15671,65.21288059881321
2024-06-06,32.29999923706055,32.599998474121094,31.649999618530273,31.950000762939453,12555040,16296,66.72996445581117
2024-06-07,33.650001525878906,34.25,32.150001525878906,32.29999923706055,28939792,9850,78.42735892505888
2024-06-10,33.25,34.4900016784668,33.11000061035156,33.95000076293945,14099329,17201,75.08280563348788
2024-06-11,36.27000045776367,36.689998626708984,32.849998474121094,33.5,65742192,9418,64.1874095347706
2024-06-12,36.459999084472656,37.310001373291016,35.83000183105469,36.70000076293945,43560590,6203,76.67317853770508
2024-06-13,41.72999954223633,42.9900016784668,37.04999923706055,37.04999923706055,229723759,13394,62.843776113315556
2024-06-14,41.59000015258789,43.5,41.060001373291016,42.04999923706055,81926632,7720,50.67385958321336
2024-06-18,40.33000183105469,42.400001525878906,39.599998474121094,41.95000076293945,33705395,7370,55.251361930179904
2024-06-19,42.52000045776367,43.95000076293945,38.72999954223633,40.5,84128082,13131,51.50652464117084
2024-06-20,42.939998626708984,44.400001525878906,42.0,42.599998474121094,33542685,6246,49.17495139543261
2024-06-21,42.68000030517578,44.2400016784668,42.0,43.0,31392105,15949,67.20064859737695
2024-06-24,41.13999938964844,43.099998474121094,41.0,42.400001525878906,21271997,12262,72.6939023109312
2024-06-25,41.400001525878906,43.119998931884766,41.25,41.75,18801736,7063,46.77058302953034
2024-06-26,41.130001068115234,42.22999954223633,40.86000061035156,41.779998779296875,22035391,15212,75.24013490005066
2024-06-27,39.9900016784668,41.58000183105469,39.29999923706055,41.279998779296875,20908432,11522,70.1134246866458
2024-06-28,40.11000061035156,41.2400016784668,39.650001525878906,40.0,21297501,3125,67.50925953821796
2024-07-01,41.290000915527344,41.779998779296875,39.97999954223633,40.38999938964844,17986877,5562,45.75649812440533
2024-07-02,41.90999984741211,43.08000183105469,40.40999984741211,41.599998474121094,29963521,8702,77.9720335658996
2024-07-03,41.68000030517578,42.63999938964844,41.310001373291016,42.25,19720859,9459,50.7977464541815
2024-07-04,41.02000045776367,42.09000015258789,40.95000076293945,42.0099983215332,16131485,16336,49.03746499355504
2024-07-05,40.880001068115234,41.68000030517578,40.650001525878906,40.79999923706055,14704341,12875,62.58412230897311
2024-07-08,40.66999816894531,41.97999954223633,40.400001525878906,40.869998931884766,17391753,15128,65.39379086756605
2024-07-09,42.33000183105469,44.29999923706055,40.150001525878906,40.900001525878906,65845795,9483,46.49903724115846
2024-07-10,41.459999084472656,42.9900016784668,40.599998474121094,42.58000183105469,23906592,6891,53.14414303328691
2024-07-11,44.06999969482422,44.95000076293945,41.540000915527344,41.779998779296875,77839139,9189,72.81381338520836
2024-07-12,42.880001068115234,44.66999816894531,42.709999084472656,44.29999923706055,24974775,9997,75.75618736117947
2024-07-15,41.88999938964844,43.18000030517578,41.54999923706055,43.099998474121094,17428133,16289,75.0534460426202
2024-07-16,41.84000015258789,43.20000076293945,41.45000076293945,41.880001068115234,16178643,9887,77.00349269191557
2024-07-18,40.79999923706055,42.0,40.34000015258789,42.0,17045277,9724,48.350667415100006
2024-07-19,39.220001220703125,40.75,39.04999923706055,40.75,18312614,8741,57.47333393956683
2024-07-22,39.97999954223633,40.54999923706055,38.599998474121094,39.04999923706055,17143503,17170,52.181560485869696
2024-07-23,39.11000061035156,40.63999938964844,37.04999923706055,40.18000030517578,21390491,3359,71.04353969262911
2024-07-24,41.650001525878906,42.25,39.11000061035156,39.11000061035156,25915030,16183,53.383423976936285
2024-07-25,42.47999954223633,44.5,41.0,41.0,49109065,13041,75.49311491517382
2024-07-26,43.33000183105469,44.189998626708984,42.400001525878906,42.810001373291016,29364049,16052,75.5519126724342
2024-07-29,43.650001525878906,45.400001525878906,43.470001220703125,43.849998474121094,45893841,14616,46.02497268446721
2024-07-30,45.150001525878906,45.5,43.29999923706055,43.900001525878906,46916687,14036,58.427792087601375
2024-07-31,44.290000915527344,46.099998474121094,44.20000076293945,45.75,39664782,3065,78.96373600468627
2024-08-01,42.75,44.599998474121094,42.310001373291016,44.58000183105469,25418133,16626,76.51848388840247
2024-08-02,42.630001068115234,43.2400016784668,41.27000045776367,41.70000076293945,18210491,11553,55.16789767818106
2024-08-05,39.790000915527344,41.380001068115234,39.56999969482422,41.0,26321045,14934,56.260200281201236
2024-08-06,38.90999984741211,41.29999923706055,38.599998474121094,40.25,17677863,15939,59.01888683489222
2024-08-07,40.209999084472656,40.36000061035156,39.099998474121094,39.599998474121094,21732567,5120,46.280613278986095
2024-08-08,39.72999954223633,40.75,39.56999969482422,40.5,15171361,5748,48.44444983203808
2024-08-09,39.529998779296875,40.400001525878906,39.20000076293945,40.400001525878906,11626581,9804,63.125410833443865
2024-08-12,39.119998931884766,40.5,38.599998474121094,39.400001525878906,23701558,14529,47.62623813299488
2024-08-13,40.43000030517578,41.63999938964844,39.849998474121094,40.2599983215332,39288591,17380,56.54269639271133
2024-08-14,39.189998626708984,40.79999923706055,39.04999923706055,40.79999923706055,17817658,8371,73.17014459016704
2024-08-16,39.61000061035156,39.88999938964844,38.90999984741211,39.810001373291016,14033500,7914,78.77251236153258
2024-08-19,41.040000915527344,41.84000015258789,39.68000030517578,39.9900016784668,27503437,16100,56.68530406077611
2024-08-20,42.040000915527344,42.650001525878906,40.90999984741211,41.31999969482422,22106691,10436,66.09808474630219
2024-08-21,41.84000015258789,42.4900016784668,41.70000076293945,42.38999938964844,13567863,12811,69.42406650566424
2024-08-22,41.869998931884766,42.869998931884766,41.369998931884766,42.04999923706055,16387040,3551,66.68140220385959
2024-08-23,41.29999923706055,43.04999923706055,41.060001373291016,42.27000045776367,19317065,10906,64.4142670158997
2024-08-26,40.599998474121094,41.70000076293945,40.5,41.70000076293945,9143885,6770,48.81257858632889
2024-08-27,40.560001373291016,40.900001525878906,40.0,40.34000015258789,10108629,7540,72.76043283903384
2024-08-28,41.09000015258789,41.91999816894531,40.4900016784668,40.880001068115234,18021140,14497,47.05365358398331
2024-08-29,40.7400016784668,41.45000076293945,40.29999923706055,41.189998626708984,12639536,10550,74.72161153593566
2024-08-30,42.650001525878906,44.7400016784668,42.310001373291016,43.369998931884766,88926797,10056,77.1040551329985
2024-09-02,41.650001525878906,42.95000076293945,41.400001525878906,42.900001525878906,15093817,3238,75.87397297193168
2024-09-03,41.38999938964844,41.790000915527344,41.25,41.4900016784668,9347223,10396,78.20238240204766
2024-09-04,40.150001525878906,41.97999954223633,40.040000915527344,40.93000030517578,21411587,14385,71.45976228510646
2024-09-05,40.060001373291016,40.720001220703125,40.0,40.400001525878906,9872089,16046,59.47305104428403
2024-09-06,39.06999969482422,40.2400016784668,39.0,40.2400016784668,15100533,6858,73.61486446062574
2024-09-09,38.97999954223633,39.4900016784668,38.15999984741211,38.95000076293945,10822167,13653,57.18724620874424
2024-09-10,39.529998779296875,39.79999923706055,39.11000061035156,39.29999923706055,6893804,4184,61.48875390928808
2024-09-11,38.470001220703125,39.880001068115234,38.29999923706055,39.560001373291016,7494141,10397,61.333492336906076
2024-09-12,39.04999923706055,39.34000015258789,38.2400016784668,38.599998474121094,9202999,6651,47.41300706046801
2024-09-13,38.43000030517578,39.5,38.349998474121094,39.20000076293945,9026769,3976,66.14347974709662
2024-09-16,39.18000030517578,39.900001525878906,39.04999923706055,39.20000076293945,14045464,9841,70.07816207620942
2024-09-17,38.93000030517578,39.45000076293945,38.70000076293945,39.400001525878906,6650340,16310,78.17269279619087
2024-09-18,38.7599983215332,39.95000076293945,38.599998474121094,39.02000045776367,10999418,15184,48.41460423352499
2024-09-19,37.720001220703125,39.34000015258789,37.34000015258789,39.20000076293945,13382658,10795,58.4000009613424
2024-09-20,38.72999954223633,38.95000076293945,37.81999969482422,38.099998474121094,13170322,8914,75.86043370492725
2024-09-23,39.13999938964844,39.56999969482422,38.5099983215332,39.0,9582628,16507,75.33620664867121
2024-09-24,40.619998931884766,41.0,38.95000076293945,39.13999938964844,24490957,8593,78.26004388118292
2024-09-25,40.650001525878906,41.939998626708984,40.40999984741211,40.70000076293945,28208341,8427,72.50844344803468
2024-09-26,40.0099983215332,40.790000915527344,39.79999923706055,40.790000915527344,8325315,6728,70.12259227289375
2024-09-27,42.65999984741211,43.880001068115234,41.0,41.0,82838738,14024,54.064789131182735
2024-09-30,42.720001220703125,43.290000915527344,41.5,42.400001525878906,40286388,4434,52.137825568068564
2024-10-01,43.33000183105469,44.84000015258789,42.380001068115234,42.900001525878906,44873864,15809,58.75301221892297
2024-10-03,41.290000915527344,43.59000015258789,41.11000061035156,42.720001220703125,20657355,14046,69.78176423770155
2024-10-04,40.45000076293945,41.939998626708984,39.939998626708984,41.290000915527344,24769576,7527,77.59804986494538
2024-10-07,37.869998931884766,40.75,37.54999923706055,40.75,26336169,9949,64.24706098000544
2024-10-08,39.189998626708984,39.47999954223633,37.20000076293945,37.79999923706055,17859951,10100,53.8070769994825
2024-10-09,39.130001068115234,39.720001220703125,38.93000030517578,39.45000076293945,10066324,3117,56.381995508040674
2024-10-10,39.0099983215332,39.400001525878906,38.7599983215332,39.380001068115234,11129906,4735,69.09952097951953
2024-10-11,38.709999084472656,39.400001525878906,38.43000030517578,39.130001068115234,8071610,8272,58.02513318940369
2024-10-14,38.790000915527344,39.18000030517578,38.52000045776367,38.939998626708984,7438828,13174,52.17355649254364
2024-10-15,38.599998474121094,39.369998931884766,38.45000076293945,38.84000015258789,8575188,6144,67.34897717629374
2024-10-16,38.38999938964844,38.939998626708984,38.029998779296875,38.58000183105469,6543724,6358,73.80556123494517
2024-10-17,37.52000045776367,38.470001220703125,37.349998474121094,38.470001220703125,7824578,14928,74.64036786351275
2024-10-18,37.34000015258789,37.56999969482422,36.619998931884766,37.400001525878906,8020539,16030,75.44331484855935
2024-10-21,36.27000045776367,37.84000015258789,36.04999923706055,37.529998779296875,7788764,3786,78.92086428324907
2024-10-22,34.029998779296875,36.2400016784668,33.900001525878906,36.20000076293945,15661543,8939,68.78338214006786
2024-10-23,34.630001068115234,35.08000183105469,33.31999969482422,34.02000045776367,10141169,3687,49.49265851505197
2024-10-24,33.459999084472656,34.90999984741211,33.0,34.63999938964844,10868042,10511,76.71060534977772
2024-10-25,32.15999984741211,33.540000915527344,31.610000610351562,33.400001525878906,12191538,4483,57.77734791447192
2024-10-28,33.619998931884766,34.0,31.860000610351562,32.4900016784668,10854683,16961,50.38824587367608
2024-10-29,33.4900016784668,34.349998474121094,32.9900016784668,33.75,7514441,6893,53.259501685732815
2024-10-30,34.349998474121094,34.75,33.349998474121094,33.5,7161610,9186,54.06718679281068
2024-10-31,34.84000015258789,35.040000915527344,34.09000015258789,34.400001525878906,5940552,3978,48.017790816342725
2024-11-01,35.290000915527344,35.400001525878906,34.849998474121094,34.849998474121094,2056349,11777,56.59190049828516
2024-11-04,33.2599983215332,35.0,33.099998474121094,34.9900016784668,13732157,10651,50.07594956956309
2024-11-05,33.93000030517578,34.369998931884766,32.90999984741211,33.0,12404205,11435,54.74508597166589
2024-11-06,35.11000061035156,35.25,33.97999954223633,34.25,7979307,17788,72.38387304662352
2024-11-07,34.56999969482422,35.630001068115234,34.470001220703125,35.150001525878906,7736739,17000,69.01515075651292
2024-11-08,34.66999816894531,35.2599983215332,33.79999923706055,34.5,14592813,9443,62.653304468362144
2024-11-11,33.060001373291016,34.45000076293945,32.90999984741211,34.45000076293945,9668621,13901,78.47780832236552
2024-11-12,31.979999542236328,33.560001373291016,31.799999237060547,33.20000076293945,7328416,3087,54.82780555893614
2024-11-13,30.510000228881836,32.150001525878906,30.34000015258789,32.11000061035156,12981837,11516,49.079152200409325
2024-11-14,30.90999984741211,31.799999237060547,30.739999771118164,30.739999771118164,7738544,11994,50.506990514411754
2024-11-18,30.75,31.18000030517578,30.149999618530273,30.6200008392334,8712459,17567,72.94148728300632
2024-11-19,31.1299991607666,31.850000381469727,30.75,30.75,8809137,7305,49.83379156308156
2024-11-21,30.049999237060547,31.18000030517578,29.90999984741211,31.18000030517578,8802590,16132,59.531844432816484
2024-11-22,30.860000610351562,31.139999389648438,29.760000228881836,29.799999237060547,7395579,5184,76.07604645331811
2024-11-25,31.1299991607666,32.119998931884766,31.0,31.5,7527743,7244,77.62844884161578
2024-11-26,32.45000076293945,32.709999084472656,30.93000030517578,31.270000457763672,9027395,11621,50.754620979430186
2024-11-27,33.40999984741211,33.900001525878906,32.220001220703125,32.599998474121094,11998184,16519,78.59881243349676
2024-11-28,33.09000015258789,33.849998474121094,33.0,33.630001068115234,6849763,5915,63.223471614568965
2024-11-29,33.540000915527344,33.70000076293945,32.849998474121094,33.09000015258789,6206266,8563,78.70343919098691
2024-12-02,33.619998931884766,34.0,32.95000076293945,33.25,7462641,5774,49.11807373330433
2024-12-03,34.54999923706055,34.810001373291016,33.65999984741211,33.75,8593069,12196,57.47563422528457
2024-12-04,33.9900016784668,34.84000015258789,33.849998474121094,34.72999954223633,8529106,7182,72.0943880706951
2024-12-05,33.93000030517578,34.279998779296875,33.70000076293945,34.25,6194025,5902,48.580303032382524
2024-12-06,33.810001373291016,34.290000915527344,33.68000030517578,33.97999954223633,6177301,12090,57.93174105690151
2024-12-09,33.959999084472656,34.72999954223633,33.779998779296875,34.04999923706055,7417504,10193,76.24965240308323
2024-12-10,34.619998931884766,34.84000015258789,33.7599983215332,34.04999923706055,12487283,8457,61.6574244260956
2024-12-11,34.22999954223633,35.380001068115234,34.150001525878906,34.880001068115234,8854436,17667,70.42637285331503
2024-12-12,33.54999923706055,34.470001220703125,33.5,34.279998779296875,6270183,7585,73.74080522746799
2024-12-13,33.29999923706055,33.54999923706055,32.7400016784668,33.47999954223633,4995838,16914,77.94397388047491
2024-12-16,33.060001373291016,33.7400016784668,32.91999816894531,33.45000076293945,4589942,14475,59.9001357329399
2024-12-17,32.40999984741211,33.25,32.15999984741211,33.209999084472656,5814772,8090,60.04699896771848
2024-12-18,31.950000762939453,32.45000076293945,31.799999237060547,32.33000183105469,5311169,16535,74.72800371703318
2024-12-19,32.459999084472656,32.720001220703125,31.18000030517578,31.290000915527344,8797904,4566,53.321664197979246
2024-12-20,31.09000015258789,32.790000915527344,31.0,32.650001525878906,6303979,10797,75.23447710014261
2024-12-23,31.100000381469727,31.540000915527344,30.610000610351562,31.389999389648438,6162345,6263,57.233560130048915
2024-12-24,31.06999969482422,31.479999542236328,31.0,31.09000015258789,2689911,4124,77.75766355899742
2024-12-26,30.829999923706055,31.290000915527344,30.75,31.200000762939453,2788364,14730,50.062595715081216
2024-12-27,30.84000015258789,31.09000015258789,30.709999084472656,30.850000381469727,2899218,7884,76.23613110963042
2024-12-30,29.860000610351562,30.940000534057617,29.75,30.84000015258789,5281461,7586,70.6259099746271
2024-12-31,30.360000610351562,30.469999313354492,29.68000030517578,29.770000457763672,4898340,5112,65.58455478423977
2025-01-01,31.190000534057617,31.709999084472656,30.299999237060547,30.350000381469727,5997269,3747,57.82004883456892
2025-01-02,30.899999618530273,31.489999771118164,30.68000030517578,31.329999923706055,3888739,3614,52.79233231847159
2025-01-03,30.780000686645508,31.450000762939453,30.709999084472656,30.709999084472656,3999422,10354,68.37242979022155
2025-01-06,28.93000030517578,30.889999389648438,28.84000015258789,30.84000015258789,8057205,7537,57.14428858364923
2025-01-07,29.8799991607666,30.09000015258789,28.959999084472656,29.18000030517578,6177743,14154,64.0433559095935
2025-01-08,29.56999969482422,30.010000228881836,29.3799991607666,29.920000076293945,4782473,12662,76.24955807772223
2025-01-09,29.06999969482422,29.809999465942383,29.010000228881836,29.600000381469727,3442420,13740,71.58269020112962
2025-01-10,27.959999084472656,29.31999969482422,27.850000381469727,29.100000381469727,5532985,7860,64.73068583147341
2025-01-13,26.110000610351562,27.760000228881836,25.920000076293945,27.600000381469727,10962369,8568,61.1892016521862
2025-01-14,27.90999984741211,28.100000381469727,26.290000915527344,26.290000915527344,8230621,16747,54.062169398730234
2025-01-15,28.420000076293945,28.579999923706055,27.360000610351562,28.079999923706055,7003283,14009,63.10286130886032
2025-01-16,29.950000762939453,30.350000381469727,29.09000015258789,29.09000015258789,13565257,15106,55.68013342033751
2025-01-17,29.3799991607666,29.790000915527344,28.940000534057617,29.790000915527344,6038129,3783,47.705524380966175
2025-01-20,30.110000610351562,30.860000610351562,29.90999984741211,29.90999984741211,8619955,14070,51.17204594216798
2025-01-21,29.65999984741211,30.68000030517578,29.34000015258789,30.3700008392334,6191586,10054,58.41433226524184
2025-01-22,29.049999237060547,29.700000762939453,28.260000228881836,29.700000762939453,4276199,12918,69.50430581470648
2025-01-23,29.020000457763672,29.459999084472656,28.600000381469727,28.860000610351562,2910564,6966,47.01196567873479
2025-01-24,28.200000762939453,29.229999542236328,27.81999969482422,29.15999984741211,3929298,12211,56.51414569833405
2025-01-27,26.549999237060547,28.0,26.399999618530273,28.0,6963058,4328,61.080726267785195
2025-01-28,26.459999084472656,27.09000015258789,25.299999237060547,26.850000381469727,8358912,9518,75.11716965847998
2025-01-29,27.270000457763672,28.100000381469727,26.520000457763672,26.770000457763672,13232458,16678,68.15795377729762
2025-01-30,27.389999389648438,27.899999618530273,27.110000610351562,27.700000762939453,4894848,9861,49.93641560764711
2025-01-31,27.719999313354492,27.8799991607666,27.110000610351562,27.670000076293945,3992839,14954,54.9862892696434
2025-02-01,27.549999237060547,28.579999923706055,27.40999984741211,27.729999542236328,4623183,9855,65.28402408578583
2025-02-03,26.65999984741211,27.3799991607666,26.5,27.1299991607666,3432683,15188,53.37679160735285
2025-02-04,27.030000686645508,27.670000076293945,26.579999923706055,26.81999969482422,4046779,16420,72.65689738224584
2025-02-05,27.190000534057617,27.649999618530273,27.09000015258789,27.18000030517578,3747607,14864,62.63600606527582
2025-02-06,27.420000076293945,27.5,27.059999465942383,27.280000686645508,3748444,8163,49.57702835164644
2025-02-07,27.010000228881836,27.6299991607666,26.81999969482422,27.510000228881836,3500930,15846,53.88494912174866
2025-02-10,26.110000610351562,26.889999389648438,26.0,26.75,3776910,9180,67.44013468375867
2025-02-11,24.90999984741211,26.239999771118164,24.75,26.190000534057617,7079677,7170,60.9781721013232
2025-02-12,23.959999084472656,24.860000610351562,23.360000610351562,24.860000610351562,12135467,12506,66.09465604914995
2025-02-13,23.540000915527344,24.329999923706055,23.40999984741211,23.799999237060547,6316684,4963,49.330605908405936
2025-02-14,22.049999237060547,23.719999313354492,21.5,23.709999084472656,10641555,13502,71.74672262872106
2025-02-17,21.989999771118164,22.540000915527344,21.350000381469727,22.149999618530273,9898018,12973,48.90431946826088
2025-02-18,21.100000381469727,22.200000762939453,20.639999389648438,22.0,9325605,3194,54.77184348448761
2025-02-19,22.420000076293945,22.489999771118164,20.780000686645508,21.100000381469727,8725086,10178,56.29929622673778
2025-02-20,22.25,22.520000457763672,21.559999465942383,22.399999618530273,11311652,7344,75.79623858046205
2025-02-21,21.700000762939453,22.989999771118164,21.600000381469727,22.200000762939453,9215157,11393,49.59778534827464
2025-02-24,21.280000686645508,21.700000762939453,20.969999313354492,21.670000076293945,6766121,11147,74.51319213945425
2025-02-25,20.690000534057617,21.489999771118164,20.610000610351562,21.260000228881836,6633952,15726,68.02788075312475
2025-02-27,19.739999771118164,20.700000762939453,19.6200008392334,20.649999618530273,8403861,17457,55.59835722576973
2025-02-28,18.6200008392334,19.579999923706055,18.25,19.450000762939453,27352312,14054,75.83602199540321
2025-03-03,18.829999923706055,19.270000457763672,17.719999313354492,18.899999618530273,12790878,7378,74.40753251104974
2025-03-04,19.030000686645508,19.489999771118164,18.1200008392334,18.549999237060547,11092088,11719,67.04255333735966
2025-03-05,20.049999237060547,20.190000534057617,19.049999237060547,19.049999237060547,9364000,13175,62.25564088855626
2025-03-06,20.530000686645508,20.75,20.190000534057617,20.299999237060547,7852495,17085,78.51339617390376
2025-03-07,20.700000762939453,21.1299991607666,20.270000457763672,20.31999969482422,8199452,9501,64.99560038299911
2025-03-10,19.739999771118164,21.100000381469727,19.700000762939453,20.81999969482422,7720186,14939,74.63050009871827
2025-03-11,19.229999542236328,19.59000015258789,18.899999618530273,19.59000015258789,7216365,8755,74.60047817784195
2025-03-12,19.09000015258789,19.56999969482422,18.989999771118164,19.399999618530273,7051133,12833,52.70516982916142
2025-03-13,19.09000015258789,19.399999618530273,19.010000228881836,19.100000381469727,5937946,17889,62.331782926311945
2025-03-17,18.450000762939453,19.299999237060547,18.25,19.299999237060547,8100817,3007,46.75426258283617
2025-03-18,18.450000762939453,18.450000762939453,18.450000762939453,18.450000762939453,0,6897,54.232400330934944
2025-03-19,20.450000762939453,20.610000610351562,19.549999237060547,19.549999237060547,15115163,6831,51.71204806594484
2025-03-20,20.06999969482422,20.899999618530273,19.950000762939453,20.600000381469727,8917518,6736,69.97018588319912
2025-03-21,20.829999923706055,21.040000915527344,20.020000457763672,20.100000381469727,11902963,9213,71.73798531954854
2025-03-24,20.93000030517578,21.6200008392334,20.850000381469727,21.059999465942383,10192782,10448,68.72231221189458
2025-03-25,20.079999923706055,21.170000076293945,20.0,21.06999969482422,12278933,12867,48.05538160745601
2025-03-26,19.559999465942383,20.229999542236328,19.450000762939453,20.100000381469727,11412910,16689,46.51215955515449
2025-03-27,20.200000762939453,20.43000030517578,19.229999542236328,19.520000457763672,18237716,3976,69.34279684505236
2025-03-28,19.469999313354492,20.780000686645508,19.299999237060547,20.200000762939453,11627998,13600,66.52102224652677
2025-04-01,19.139999389648438,19.309999465942383,18.31999969482422,18.670000076293945,21754531,12888,48.238426420920575
2025-04-02,19.350000381469727,19.549999237060547,18.520000457763672,19.309999465942383,9087295,17937,76.77451053463955
2025-04-03,19.6200008392334,19.81999969482422,19.059999465942383,19.260000228881836,6488974,15680,56.518261662152064
2025-04-04,18.420000076293945,19.6299991607666,18.209999084472656,19.6200008392334,12386618,6409,63.636039774881986
2025-04-07,17.510000228881836,17.690000534057617,16.5,16.739999771118164,12998803,3276,52.48162725926676
2025-04-08,17.8700008392334,18.399999618530273,17.639999389648438,18.020000457763672,6318184,17566,51.86932508906564
2025-04-09,17.559999465942383,18.09000015258789,17.420000076293945,17.940000534057617,4450719,8446,77.70545270792167
2025-04-11,18.219999313354492,18.299999237060547,17.809999465942383,18.100000381469727,5329925,10833,73.83665338652386
2025-04-15,19.1200008392334,19.200000762939453,18.479999542236328,18.520000457763672,5979365,8623,56.04169675900488
2025-04-16,19.34000015258789,19.600000381469727,19.18000030517578,19.270000457763672,4647962,16289,47.195481135310736
2025-04-17,19.350000381469727,19.649999618530273,19.1200008392334,19.299999237060547,6083262,8918,58.22754774696259
2025-04-21,19.93000030517578,20.0,19.040000915527344,19.479999542236328,7912690,7986,71.1527055162629
2025-04-22,20.829999923706055,21.25,19.68000030517578,19.979999542236328,20623167,9304,58.044067381216806
2025-04-23,20.65999984741211,21.059999465942383,20.0,20.969999313354492,11219608,4671,65.86871181443311
2025-04-24,21.8700008392334,22.200000762939453,20.579999923706055,20.65999984741211,30287514,3737,75.02745149955584
2025-04-25,20.530000686645508,21.899999618530273,20.299999237060547,21.8700008392334,16111257,3088,57.19545775801236
2025-04-28,20.510000228881836,20.709999084472656,19.979999542236328,20.5,7259507,17450,50.511276874930225
2025-04-29,20.260000228881836,21.049999237060547,20.190000534057617,20.59000015258789,6391377,12861,56.694625197889486
2025-04-30,19.530000686645508,20.260000228881836,19.399999618530273,20.25,8153672,14523,51.00538495827685
2025-05-02,19.6299991607666,20.139999389648438,19.239999771118164,19.399999618530273,7985018,9521,66.78541008044462
2025-05-05,19.65999984741211,19.84000015258789,19.3700008392334,19.719999313354492,5436060,14433,55.73865678341934
2025-05-06,18.84000015258789,19.920000076293945,18.649999618530273,19.81999969482422,5601789,17107,50.71951822051764
2025-05-07,19.1200008392334,19.299999237060547,18.510000228881836,18.59000015258789,6908088,5936,76.60394704639164
2025-05-08,18.739999771118164,19.579999923706055,18.649999618530273,19.0,5246002,9602,74.01807889615426
2025-05-09,19.1299991607666,19.799999237060547,18.010000228881836,18.010000228881836,8666315,9511,78.39021974972744
2025-05-12,20.520000457763672,20.670000076293945,19.600000381469727,19.709999084472656,10236329,17641,68.2941636137297
2025-05-13,20.75,21.450000762939453,20.399999618530273,20.68000030517578,8881271,6819,56.16674403571291
2025-05-14,21.549999237060547,21.75,20.8700008392334,20.959999084472656,11093389,16981,49.92255572187666
2025-05-15,22.280000686645508,22.950000762939453,21.850000381469727,21.850000381469727,15482160,11372,76.72112432517147
2025-05-16,22.969999313354492,23.25,21.93000030517578,22.459999084472656,11972895,6291,60.370986857521565
2025-05-19,23.229999542236328,23.889999389648438,22.719999313354492,23.09000015258789,14927498,13880,70.68747380691153
2025-05-20,22.6299991607666,23.670000076293945,22.450000762939453,23.399999618530273,10342570,4031,70.75619380515965
2025-05-21,22.8700008392334,23.229999542236328,22.18000030517578,22.6299991607666,6857959,14516,68.0092025931809
2025-05-22,23.100000381469727,23.649999618530273,22.600000381469727,22.799999237060547,8782553,9660,46.653423300094076
2025-05-23,23.81999969482422,24.010000228881836,22.809999465942383,23.079999923706055,12859901,14685,55.14287423020825
2025-05-26,23.969999313354492,24.3799991607666,23.75,23.989999771118164,7910521,10689,53.76400625181792
2025-05-27,23.559999465942383,24.059999465942383,23.3799991607666,24.0,7563103,8062,77.24960614057294
2025-05-28,24.010000228881836,24.270000457763672,23.450000762939453,23.649999618530273,8860380,3143,46.7399642600222
2025-05-29,24.709999084472656,25.700000762939453,23.600000381469727,24.200000762939453,37105553,13764,62.17638318902945
2025-05-30,24.15999984741211,24.709999084472656,24.030000686645508,24.690000534057617,11982122,5498,45.41295398389116
2025-06-02,24.34000015258789,24.850000381469727,23.809999465942383,24.139999389648438,10278981,9518,63.22212022410773
2025-06-03,24.040000915527344,24.600000381469727,23.899999618530273,24.450000762939453,6593534,3704,69.67456115401092
2025-06-04,24.43000030517578,24.549999237060547,23.649999618530273,24.049999237060547,9427936,7468,66.34159539662389
2025-06-05,24.360000610351562,25.239999771118164,24.260000228881836,24.260000228881836,8415770,17567,64.08003885717196
2025-06-06,24.18000030517578,24.540000915527344,24.110000610351562,24.31999969482422,5134090,16820,55.59058011419407
2025-06-09,24.43000030517578,25.149999618530273,24.260000228881836,24.270000457763672,13102953,10095,70.33736216931032
2025-06-10,25.190000534057617,25.889999389648438,24.420000076293945,24.6200008392334,17405188,11834,64.79939221164717
2025-06-11,25.65999984741211,26.149999618530273,25.190000534057617,25.34000015258789,18416379,6810,46.34379779199031
2025-06-12,24.940000534057617,26.809999465942383,24.700000762939453,26.299999237060547,16277080,15460,68.44084056859808
2025-06-13,24.8799991607666,25.399999618530273,23.940000534057617,24.100000381469727,12627913,8170,56.799877530040476
2025-06-16,24.3700008392334,25.040000915527344,23.700000762939453,24.600000381469727,9221724,5966,71.2197449817946
2025-06-17,23.56999969482422,24.6299991607666,23.459999084472656,24.3700008392334,6825375,11076,47.93528276575562
2025-06-18,23.360000610351562,23.8700008392334,23.06999969482422,23.56999969482422,6807546,5727,56.530701098424444
2025-06-19,22.610000610351562,23.520000457763672,22.5,23.3799991607666,7752917,3150,67.82153363979988
2025-06-20,23.020000457763672,23.190000534057617,22.5,22.549999237060547,7111575,6457,74.27573466627298
2025-06-23,23.110000610351562,23.209999084472656,22.510000228881836,22.6200008392334,4616052,7081,48.35335414059998
2025-06-24,23.299999237060547,23.75,23.200000762939453,23.56999969482422,5734719,11200,58.1158189848197
2025-06-25,24.329999923706055,24.440000534057617,23.34000015258789,23.40999984741211,8473377,15463,65.97470150560223
2025-06-26,24.450000762939453,24.65999984741211,24.200000762939453,24.5,6040203,10930,76.95392317742733
2025-06-27,25.920000076293945,26.450000762939453,24.540000915527344,24.600000381469727,29737816,6481,45.6125619927599
2025-06-30,25.90999984741211,26.18000030517578,25.610000610351562,26.049999237060547,7648926,12618,78.00707472673585
2025-07-01,25.709999084472656,26.600000381469727,25.59000015258789,26.399999618530273,10796344,15697,66.57586762031457
2025-07-02,27.25,27.530000686645508,25.760000228881836,25.969999313354492,42049459,16416,68.2462589251746
2025-07-03,27.6200008392334,27.799999237060547,27.010000228881836,27.399999618530273,16279676,14054,51.310808225515395
2025-07-04,27.649999618530273,27.799999237060547,27.0,27.75,10447525,16963,49.65644051771952
2025-07-07,28.530000686645508,29.6200008392334,27.280000686645508,27.639999389648438,26187324,5359,51.286583821022894
2025-07-08,29.1299991607666,29.309999465942383,28.1299991607666,28.709999084472656,16433564,5367,64.29122179957372
2025-07-09,28.360000610351562,29.639999389648438,28.15999984741211,29.1200008392334,12740807,4912,64.17870207165882
2025-07-10,27.889999389648438,28.639999389648438,27.799999237060547,28.350000381469727,7143140,16601,67.89586269598247
2025-07-11,27.670000076293945,28.450000762939453,27.520000457763672,27.709999084472656,7286118,11907,70.50913389733026
2025-07-14,27.260000228881836,27.850000381469727,27.059999465942383,27.670000076293945,6721609,8475,60.58560622920811
2025-07-15,27.469999313354492,28.079999923706055,27.360000610351562,27.459999084472656,4663466,15418,68.08388763539932
2025-07-16,27.549999237060547,27.790000915527344,27.25,27.5,5165777,6402,60.12178628847772
2025-07-17,26.850000381469727,27.93000030517578,26.709999084472656,27.59000015258789,7494251,5955,67.59158198292764
2025-07-18,26.479999542236328,26.93000030517578,26.280000686645508,26.93000030517578,5720567,12318,67.04842714015109
2025-07-21,25.799999237060547,26.469999313354492,25.729999542236328,26.399999618530273,6313650,7282,67.92469038283231
2025-07-22,25.979999542236328,26.649999618530273,25.739999771118164,25.889999389648438,6976529,9169,66.60836577488917
2025-07-23,25.84000015258789,26.200000762939453,25.540000915527344,26.100000381469727,4203439,16317,48.08282390315336
2025-07-24,25.549999237060547,26.030000686645508,25.479999542236328,25.850000381469727,3816934,16335,59.323872763546646
2025-07-25,25.06999969482422,26.479999542236328,24.90999984741211,26.25,6414077,16524,65.31648894033079
2025-07-28,24.059999465942383,25.100000381469727,23.920000076293945,25.06999969482422,6813775,9929,53.15141041886123
2025-07-29,24.200000762939453,24.420000076293945,23.65999984741211,23.950000762939453,6778047,7148,45.12588547615042
2025-07-30,23.829999923706055,24.350000381469727,23.799999237060547,24.25,3480954,16118,54.13630993903518
2025-07-31,23.34000015258789,23.68000030517578,23.149999618530273,23.399999618530273,5209743,11444,57.816099430539865
2025-08-01,22.979999542236328,23.479999542236328,22.899999618530273,23.200000762939453,3791091,12763,71.22607768074373
2025-08-04,23.06999969482422,23.149999618530273,22.6299991607666,23.0,4239826,16102,73.09781852219555
2025-08-05,23.049999237060547,23.270000457763672,22.860000610351562,23.149999618530273,3766037,12494,52.675635020379914
2025-08-06,22.780000686645508,23.1299991607666,22.600000381469727,23.040000915527344,3298084,11000,60.66271455581992
2025-08-07,22.719999313354492,22.950000762939453,22.0,22.68000030517578,5706180,8185,64.56205886728984
2025-08-08,22.739999771118164,22.959999084472656,22.600000381469727,22.81999969482422,3826979,5680,69.35039982923391
2025-08-11,23.239999771118164,23.299999237060547,22.479999542236328,22.860000610351562,5479331,8506,62.56068753502912
2025-08-12,22.649999618530273,23.649999618530273,22.549999237060547,23.5,6560056,12875,67.13101905028898
2025-08-13,22.079999923706055,22.809999465942383,22.0,22.5,5342010,6413,71.28521056154017
2025-08-14,21.440000534057617,22.3799991607666,21.360000610351562,22.049999237060547,6137608,16551,66.95989832274401
2025-08-18,21.280000686645508,21.8799991607666,21.170000076293945,21.8799991607666,5734648,16925,68.85543390279287
2025-08-19,21.540000915527344,21.649999618530273,21.040000915527344,21.299999237060547,6464858,16332,74.31662365608119
2025-08-20,21.649999618530273,21.920000076293945,21.420000076293945,21.540000915527344,7673667,15625,63.75288340399635
2025-08-21,21.399999618530273,21.809999465942383,21.34000015258789,21.639999389648438,3932070,3882,50.973647666251445
2025-08-22,21.139999389648438,21.459999084472656,21.100000381469727,21.299999237060547,3250517,7735,68.20566873395202
2025-08-25,21.09000015258789,21.239999771118164,20.90999984741211,21.200000762939453,3832409,12337,57.689712929230964
2025-08-26,20.649999618530273,21.170000076293945,20.549999237060547,21.049999237060547,3591690,5666,52.724713500237655
2025-08-28,20.389999389648438,20.719999313354492,20.280000686645508,20.600000381469727,3139323,15874,69.27598256544614
2025-08-29,20.219999313354492,20.479999542236328,20.09000015258789,20.389999389648438,3165898,6438,49.60518320811583
2025-09-01,20.31999969482422,20.5,20.15999984741211,20.399999618530273,4543198,5183,46.337848616016174
2025-09-02,21.209999084472656,23.079999923706055,21.020000457763672,21.700000762939453,109962129,5358,52.824098033323544
2025-09-03,21.530000686645508,21.770000457763672,21.110000610351562,21.350000381469727,13139703,5066,49.08627430435361
2025-09-04,21.200000762939453,21.84000015258789,21.110000610351562,21.799999237060547,6641444,12259,67.13506779935842
2025-09-05,21.149999618530273,21.520000457763672,20.809999465942383,21.110000610351562,9820743,15175,70.13555467087602
2025-09-08,21.059999465942383,21.3799991607666,21.0,21.290000915527344,5299259,6479,58.77117869925131
2025-09-09,20.729999542236328,21.170000076293945,20.65999984741211,21.100000381469727,4694198,3195,73.82937441849438
2025-09-10,20.8700008392334,21.149999618530273,20.719999313354492,20.850000381469727,4814333,17276,78.65098107568602
2025-09-11,20.799999237060547,21.239999771118164,20.719999313354492,20.93000030517578,4898866,8541,45.128391429409
2025-09-12,20.90999984741211,21.049999237060547,20.75,20.799999237060547,3960819,7727,51.62658062683043
2025-09-15,21.3799991607666,21.600000381469727,20.899999618530273,20.979999542236328,7487062,3982,70.03816514606609
2025-09-16,21.350000381469727,21.6200008392334,21.270000457763672,21.479999542236328,3811601,13547,68.51158033133848
2025-09-17,21.440000534057617,21.549999237060547,21.299999237060547,21.3799991607666,4456969,9652,49.74710805923603
2025-09-18,22.06999969482422,22.700000762939453,21.459999084472656,21.549999237060547,13383620,12245,64.57899423424189
2025-09-19,22.010000228881836,22.139999389648438,21.760000228881836,22.079999923706055,5152641,16860,67.75506557901832
2025-09-22,21.59000015258789,22.010000228881836,21.459999084472656,22.010000228881836,4161105,12252,49.02799329163664
2025-09-23,21.239999771118164,21.610000610351562,20.959999084472656,21.450000762939453,5111206,6873,60.53277665486826
2025-09-24,20.829999923706055,21.5,20.760000228881836,21.219999313354492,6201890,9941,76.57398647388669
2025-09-25,20.450000762939453,20.979999542236328,20.309999465942383,20.979999542236328,3825174,3733,76.28993876623804
2025-09-26,20.020000457763672,20.43000030517578,19.84000015258789,20.3700008392334,5931607,5670,47.891737910746286
2025-09-29,19.450000762939453,20.170000076293945,19.3799991607666,19.989999771118164,11075921,17693,61.244706805650054
2025-09-30,19.790000915527344,19.889999389648438,19.5,19.549999237060547,3885734,5635,56.948592428580085
2025-10-01,20.229999542236328,20.350000381469727,19.670000076293945,19.75,4418271,12155,70.40517575932195
2025-10-03,20.649999618530273,20.790000915527344,20.260000228881836,20.260000228881836,5846484,11096,69.16896834046938
2025-10-06,20.270000457763672,20.799999237060547,20.200000762939453,20.690000534057617,3943842,10627,50.43013382086801
2025-10-07,21.479999542236328,21.600000381469727,20.200000762939453,20.299999237060547,15189030,6308,72.87748469015247
2025-10-08,22.09000015258789,22.350000381469727,21.329999923706055,21.520000457763672,14399024,13598,69.05853031447994
2025-10-09,22.040000915527344,22.25,21.719999313354492,22.209999084472656,6108024,9939,69.48896756179286
2025-10-10,22.25,22.81999969482422,21.860000610351562,22.030000686645508,8296772,15942,50.480055329025355
2025-10-13,21.84000015258789,22.219999313354492,21.639999389648438,22.219999313354492,5976915,4993,69.73213293937692
2025-10-14,21.139999389648438,21.959999084472656,21.040000915527344,21.920000076293945,5703047,10441,62.33585140179092
2025-10-15,21.43000030517578,21.68000030517578,21.09000015258789,21.190000534057617,4761606,17810,73.20511302415707
2025-10-16,21.420000076293945,21.780000686645508,21.290000915527344,21.5,4021884,7015,50.88752428481746
2025-10-17,21.059999465942383,21.450000762939453,21.010000228881836,21.40999984741211,3182682,3341,58.135729087694585
2025-10-20,21.34000015258789,21.420000076293945,20.959999084472656,21.110000610351562,3172419,5565,47.448866050123605
2025-10-21,22.100000381469727,22.350000381469727,21.43000030517578,21.5,6078332,9763,58.5232932501979
2025-10-23,22.520000457763672,23.299999237060547,22.219999313354492,22.25,14201121,10464,47.312161019832224
2025-10-24,22.420000076293945,22.709999084472656,22.200000762939453,22.690000534057617,4549140,3025,59.795428130937
2025-10-27,22.100000381469727,22.520000457763672,21.959999084472656,22.489999771118164,5333300,17856,52.94332896072832
2025-10-28,21.989999771118164,22.290000915527344,21.860000610351562,22.200000762939453,3127126,15468,71.58224101562146
2025-10-29,22.65999984741211,23.100000381469727,21.93000030517578,22.020000457763672,10134854,12231,66.83491803595557
2025-10-30,22.309999465942383,22.700000762939453,22.219999313354492,22.65999984741211,3791479,3587,47.448881956127416
2025-10-31,22.09000015258789,22.6200008392334,22.020000457763672,22.309999465942383,4593778,5137,62.56602871040786
2025-11-03,22.450000762939453,22.81999969482422,21.920000076293945,22.0,7093323,16532,51.95934020320544
2025-11-04,21.940000534057617,22.479999542236328,21.889999389648438,22.450000762939453,3872250,3988,47.3417405005613
2025-11-06,21.260000228881836,21.950000762939453,21.200000762939453,21.950000762939453,4772145,11047,64.09984612466977
2025-11-07,21.1299991607666,21.25,20.81999969482422,21.079999923706055,4383664,12385,48.411358325761036
2025-11-10,21.520000457763672,22.1299991607666,21.360000610351562,21.8700008392334,5850818,5815,66.90401333720382
2025-11-11,21.200000762939453,21.559999465942383,21.110000610351562,21.5,3696191,6582,71.93926205310252
2025-11-12,21.010000228881836,21.600000381469727,20.8799991607666,21.25,4797063,5595,55.34980240288256
2025-11-13,20.959999084472656,21.239999771118164,20.899999618530273,21.010000228881836,4070467,12320,55.94785024429264
2025-11-14,21.030000686645508,21.299999237060547,20.940000534057617,20.969999313354492,3066225,17197,63.85469456941006
2025-11-17,21.100000381469727,21.34000015258789,20.959999084472656,21.030000686645508,3021662,4441,73.53824732146217
2025-11-18,20.8799991607666,21.100000381469727,20.75,21.0,3542193,11720,45.220706896902634
2025-11-19,20.979999542236328,21.18000030517578,20.729999542236328,20.920000076293945,3880242,5022,46.78515520314358
2025-11-20,20.940000534057617,21.299999237060547,20.81999969482422,21.299999237060547,2818029,13189,59.70293058317533
2025-11-21,20.729999542236328,20.93000030517578,20.670000076293945,20.93000030517578,2800215,16540,54.57151896972908
2025-11-24,20.440000534057617,20.950000762939453,20.34000015258789,20.799999237060547,3557813,9757,68.1483760686469
2025-11-25,20.350000381469727,20.459999084472656,20.25,20.43000030517578,2597477,11222,77.91834512967809
2025-11-26,20.969999313354492,21.200000762939453,20.350000381469727,20.3799991607666,4466864,8478,58.202583410665454
2025-11-27,20.959999084472656,21.25,20.899999618530273,21.079999923706055,3178487,15391,54.96399278262393
2025-11-28,20.540000915527344,21.030000686645508,20.469999313354492,20.93000030517578,2777355,9520,68.72311337016927
2025-12-01,20.18000030517578,20.75,20.010000228881836,20.399999618530273,3160941,10907,63.31730475812256
2025-12-02,20.020000457763672,20.209999084472656,19.93000030517578,20.170000076293945,3985312,12329,59.14495396050383
2025-12-03,19.780000686645508,20.139999389648438,19.700000762939453,20.020000457763672,3162292,8055,45.91796822809929
2025-12-04,19.780000686645508,20.149999618530273,19.68000030517578,19.770000457763672,3467581,9544,51.815949146001856
2025-12-05,19.559999465942383,19.770000457763672,19.5,19.739999771118164,2709554,15084,57.51170977673026
2025-12-08,18.729999542236328,19.68000030517578,18.510000228881836,19.610000610351562,5966483,8302,62.5380033892546
2025-12-09,19.0,19.100000381469727,18.190000534057617,18.700000762939453,5590141,6556,64.36815051665369
2025-12-10,19.829999923706055,20.149999618530273,19.020000457763672,19.100000381469727,11788760,5504,56.84176526096611
2025-12-11,19.90999984741211,20.239999771118164,19.31999969482422,19.770000457763672,5331686,12799,62.89024896508339
2025-12-12,19.469999313354492,20.100000381469727,19.3799991607666,20.059999465942383,4068142,16761,61.755978165636535
2025-12-15,19.06999969482422,19.5,19.020000457763672,19.5,3914882,10729,63.66928225238932
2025-12-16,18.739999771118164,19.15999984741211,18.700000762939453,19.040000915527344,3992019,7048,64.51135749409077
2025-12-17,18.559999465942383,18.8700008392334,18.5,18.639999389648438,3212174,8296,56.24337520004468
2025-12-18,18.739999771118164,19.100000381469727,18.260000228881836,18.739999771118164,5213224,11822,72.56530096328082
2025-12-19,18.469999313354492,18.799999237060547,18.280000686645508,18.719999313354492,6427398,8649,67.39115916506559
2025-12-22,18.770000457763672,19.030000686645508,18.559999465942383,18.610000610351562,5233563,5724,53.191318818355526
2025-12-23,18.850000381469727,18.979999542236328,18.690000534057617,18.81999969482422,3763063,4115,69.68158016297664
2025-12-24,18.559999465942383,19.06999969482422,18.5,18.850000381469727,3449129,7971,74.92225468477345
2025-12-26,18.43000030517578,18.790000915527344,18.350000381469727,18.540000915527344,3739779,7148,53.16046957398191
2025-12-29,18.450000762939453,18.81999969482422,18.31999969482422,18.450000762939453,4738886,4485,48.04445238082561
2025-12-30,18.15999984741211,18.5,18.0,18.459999084472656,3551063,3894,63.420623706351535
2025-12-31,18.559999465942383,18.75,18.139999389648438,18.15999984741211,5891139,8962,46.81321177645925
2026-01-01,18.459999084472656,18.6299991607666,18.389999389648438,18.559999465942383,1683805,10271,47.59404651354029
2026-01-02,18.68000030517578,18.799999237060547,18.3799991607666,18.459999084472656,3624719,10931,58.5196456886147
2026-01-05,18.459999084472656,18.790000915527344,18.350000381469727,18.68000030517578,3815832,17201,75.60541015904612
2026-01-06,18.270000457763672,18.479999542236328,18.200000762939453,18.440000534057617,3244309,13760,58.84511872321887
2026-01-07,18.360000610351562,18.440000534057617,18.170000076293945,18.209999084472656,3032510,16902,63.855828811533286
2026-01-08,18.030000686645508,18.350000381469727,18.0,18.350000381469727,3458144,17027,48.76616439584281
2026-01-09,17.549999237060547,18.09000015258789,17.5,18.040000915527344,5343493,17532,49.88532712397699
2026-01-12,17.260000228881836,17.559999465942383,16.950000762939453,17.549999237060547,5460435,9194,48.9643020211707
2026-01-13,17.200000762939453,17.489999771118164,17.149999618530273,17.329999923706055,2767176,11016,67.95882687228043
2026-01-14,17.829999923706055,18.049999237060547,17.079999923706055,17.200000762939453,5347572,8892,51.843324474270894
2026-01-15,17.829999923706055,17.829999923706055,17.829999923706055,17.829999923706055,0,11863,74.76695559858405
2026-01-16,17.579999923706055,17.860000610351562,17.440000534057617,17.860000610351562,2632072,8633,53.98957986183308
2026-01-19,17.1200008392334,17.579999923706055,17.0,17.579999923706055,3101824,13400,75.3885903739344
2026-01-20,16.280000686645508,17.100000381469727,16.18000030517578,17.010000228881836,5606796,10808,46.754229671904476
2026-01-21,15.770000457763672,16.469999313354492,15.720000267028809,16.270000457763672,6960089,10573,77.23319937769818
2026-01-22,16.260000228881836,16.399999618530273,15.850000381469727,15.850000381469727,4095811,10011,78.61276793153368
2026-01-23,15.670000076293945,16.329999923706055,15.600000381469727,16.31999969482422,3869643,4950,51.35945797506267
2026-01-27,16.09000015258789,16.280000686645508,15.640000343322754,15.800000190734863,6671675,8347,72.09937756891517
2026-01-28,16.56999969482422,16.780000686645508,16.09000015258789,16.09000015258789,5439846,15006,60.80458762980436
2026-01-29,16.209999084472656,16.6200008392334,16.030000686645508,16.559999465942383,3462653,6431,52.844478239673116
2026-01-30,16.40999984741211,16.68000030517578,15.829999923706055,16.0,6846804,8491,61.44085409037949
2026-02-02,16.059999465942383,16.18000030517578,15.5600004196167,16.15999984741211,4913637,10831,67.3030483072273
2026-02-03,16.329999923706055,16.90999984741211,16.139999389648438,16.75,3903858,16441,51.14173724617952
2026-02-04,16.56999969482422,16.850000381469727,15.979999542236328,16.329999923706055,5934472,16911,53.85897588014426
2026-02-05,16.34000015258789,16.790000915527344,16.239999771118164,16.549999237060547,3332155,6762,47.97667302613637
2026-02-06,16.15999984741211,16.360000610351562,15.920000076293945,16.360000610351562,3121689,17594,65.3401969893878
2026-02-09,17.139999389648438,17.25,16.270000457763672,16.34000015258789,7335911,6944,75.21819001525202
2026-02-10,17.65999984741211,17.829999923706055,17.0,17.100000381469727,5982960,10273,55.30717604929009
2026-02-11,17.139999389648438,17.709999084472656,16.979999542236328,17.709999084472656,4856213,7581,48.88613559871231
2026-02-12,17.3700008392334,18.1200008392334,16.770000457763672,17.1299991607666,14157270,14280,58.72923066347169
2026-02-13,16.3700008392334,17.25,16.280000686645508,17.25,7330657,7972,58.514815106003766
2026-02-16,16.260000228881836,16.579999923706055,16.100000381469727,16.3700008392334,4576316,8920,63.66120573209919
2026-02-17,16.3799991607666,16.600000381469727,16.06999969482422,16.139999389648438,4187191,14837,52.837861331937965
2026-02-18,16.239999771118164,16.549999237060547,16.200000762939453,16.3799991607666,3621061,10907,53.745680217825566
2026-02-19,15.819999694824219,16.290000915527344,15.770000457763672,16.239999771118164,4893789,4718,52.74034723796787
2026-02-20,15.550000190734863,15.850000381469727,15.5,15.649999618530273,4041039,11125,56.846738902183034
2026-02-23,15.460000038146973,15.729999542236328,15.359999656677246,15.550000190734863,3645397,12967,73.98948046785229
2026-02-24,15.239999771118164,15.470000267028809,15.079999923706055,15.460000038146973,3767251,6951,62.42746620693518
2026-02-25,14.930000305175781,15.34000015258789,14.850000381469727,15.239999771118164,5044364,8036,54.797938060467565
2026-02-26,15.539999961853027,15.75,14.899999618530273,14.930000305175781,9192867,17016,73.05832426375326
2026-02-27,16.15999984741211,16.3700008392334,15.5,15.59000015258789,12975758,6673,58.892225348261476
2026-03-02,15.609999656677246,16.030000686645508,15.25,15.260000228881836,8027655,6288,58.10080615877531
2026-03-04,17.209999084472656,17.5,15.149999618530273,15.350000381469727,52217797,8444,74.57341294535138
2026-03-05,16.799999237060547,17.65999984741211,16.299999237060547,17.65999984741211,19706728,16518,72.50521964504779
2026-03-06,16.1299991607666,16.75,16.030000686645508,16.709999084472656,6880366,8676,68.3696010371426
2026-03-09,16.40999984741211,17.190000534057617,15.699999809265137,15.9399995803833,21769292,13766,76.45003606624736
2026-03-10,16.649999618530273,16.75,16.200000762939453,16.5,7359957,9089,74.72473270973802
2026-03-11,16.56999969482422,17.200000762939453,16.399999618530273,16.649999618530273,9117608,9110,71.13652303956465
2026-03-12,16.530000686645508,17.0,16.239999771118164,16.56999969482422,11315756,8477,46.76223611758297
2026-03-13,16.18000030517578,16.75,15.949999809265137,16.549999237060547,8064540,13037,61.47787523044458
2026-03-16,15.5600004196167,16.18000030517578,15.199999809265137,16.170000076293945,9543595,14326,69.3388748046464
2026-03-17,15.760000228881836,16.139999389648438,15.600000381469727,15.649999618530273,5628437,5854,70.67264519339938
2026-03-18,15.9399995803833,16.25,15.75,15.760000228881836,6624244,12564,52.40706220400775
2026-03-19,15.649999618530273,16.299999237060547,15.5,15.75,8437123,17043,57.24802986534442
2026-03-20,16.15999984741211,16.8799991607666,15.850000381469727,16.049999237060547,18446377,3424,58.604726140164914
2026-03-23,15.319999694824219,16.290000915527344,15.210000038146973,16.149999618530273,11590199,11124,78.7486355721089
2026-03-24,15.670000076293945,16.0,15.020000457763672,15.850000381469727,12329705,3062,70.57384892430488
2026-03-25,16.149999618530273,16.440000534057617,15.729999542236328,15.729999542236328,12901913,14214,74.92254114910153
2026-03-27,16.459999084472656,17.149999618530273,15.520000457763672,16.149999618530273,33711113,14488,56.346788087632326
2026-03-30,16.469999313354492,17.31999969482422,16.100000381469727,16.420000076293945,29076792,12189,48.596049156428556
2026-04-01,16.959999084472656,17.280000686645508,16.5,16.760000228881836,14421710,3228,76.80626570274033
2026-04-02,17.079999923706055,17.229999542236328,16.40999984741211,16.850000381469727,10199606,15545,46.20526447045313
2026-04-06,17.350000381469727,17.479999542236328,16.850000381469727,17.079999923706055,11333793,7379,67.94380071460114
2026-04-07,17.15999984741211,17.68000030517578,17.100000381469727,17.200000762939453,8519933,14499,46.750282323391275
2026-04-08,17.200000762939453,17.649999618530273,17.049999237060547,17.559999465942383,11961778,17170,67.25638610107643
2026-04-09,17.469999313354492,17.739999771118164,17.020000457763672,17.209999084472656,13080341,11865,64.98727919491975
2026-04-10,17.770000457763672,18.18000030517578,17.479999542236328,17.479999542236328,11434691,17536,49.84055065520231
2026-04-13,18.040000915527344,18.3700008392334,17.229999542236328,17.5,11796261,8876,56.83120555050213
2026-04-15,18.850000381469727,19.200000762939453,18.209999084472656,18.309999465942383,14847883,17864,68.8485275217472
2026-04-16,18.8700008392334,19.280000686645508,18.479999542236328,19.0,11640866,17096,72.9619553074665
2026-04-17,18.780000686645508,19.290000915527344,18.549999237060547,19.0,10386065,15828,50.685438263171704
2026-04-20,18.25,18.950000762939453,18.0,18.780000686645508,12936938,12909,46.17467603064263
2026-04-21,18.600000381469727,18.799999237060547,18.25,18.299999237060547,9284182,6065,78.56816255219985
2026-04-22,19.219999313354492,19.31999969482422,18.5,18.690000534057617,12641013,16469,65.81553228521787
2026-04-23,19.729999542236328,20.299999237060547,19.299999237060547,19.309999465942383,23453292,9384,50.812841985581976
2026-04-24,19.040000915527344,19.979999542236328,18.90999984741211,19.75,10740695,9841,54.80337911774915
2026-04-27,19.510000228881836,19.649999618530273,19.040000915527344,19.190000534057617,7899470,4926,66.10812065272538
2026-04-28,19.40999984741211,19.6299991607666,19.309999465942383,19.389999389648438,5238508,14486,71.86026935432284
2026-04-29,19.649999618530273,20.149999618530273,19.510000228881836,19.709999084472656,11694641,10450,52.43193498390164
2026-04-30,20.299999237060547,20.6299991607666,19.59000015258789,19.709999084472656,31563341,8828,62.08169790510934
2026-05-01,20.299999237060547,20.299999237060547,20.299999237060547,20.299999237060547,0,4621,50.193173208202474
2026-05-04,20.309999465942383,20.75,20.079999923706055,20.5,14021826,12022,51.43386321508139
2026-05-05,20.40999984741211,21.020000457763672,20.030000686645508,20.350000381469727,17465151,15973,48.81052094483479
2026-05-06,20.399999618530273,20.790000915527344,20.149999618530273,20.600000381469727,10979699,5358,72.18441856999662
2026-05-07,20.229999542236328,20.579999923706055,20.149999618530273,20.389999389648438,7960886,10403,70.72860485389822
2026-05-08,19.770000457763672,20.229999542236328,19.639999389648438,20.149999618530273,7980526,11656,51.20869406931834
2026-05-11,18.959999084472656,19.700000762939453,18.899999618530273,19.700000762939453,9647807,6601,69.18068522984652
2026-05-12,19.049999237060547,19.6299991607666,18.670000076293945,18.899999618530273,10707403,12490,66.62134260527532
2026-05-13,18.729999542236328,19.290000915527344,18.610000610351562,19.049999237060547,8284982,15610,62.80261029435246
2026-05-14,17.780000686645508,18.520000457763672,17.700000762939453,18.360000610351562,13976056,11478,50.84007904926502
2026-05-15,17.81999969482422,18.149999618530273,17.649999618530273,17.850000381469727,7116804,12913,48.49689267715152
2026-05-18,17.270000457763672,17.81999969482422,17.059999465942383,17.81999969482422,7707914,13676,65.74844372097536
2026-05-19,17.719999313354492,18.020000457763672,17.239999771118164,17.270000457763672,7145318,6745,67.78134932541975
2026-05-20,18.079999923706055,18.34000015258789,17.540000915527344,17.75,10444841,17887,55.18018519072967
2026-05-21,18.520000457763672,18.950000762939453,18.149999618530273,18.219999313354492,9226516,6861,55.64787200400829
2026-05-22,18.530000686645508,18.649999618530273,18.25,18.520000457763672,4135932,13762,65.81560479473197
2026-05-25,18.540000915527344,18.75,18.40999984741211,18.670000076293945,3537481,3958,73.77733075718976
2026-05-26,18.469999313354492,18.81999969482422,18.389999389648438,18.530000686645508,4524749,5749,72.97842226348004
2026-05-27,18.329999923706055,18.6200008392334,18.260000228881836,18.420000076293945,4367319,4260,62.42204232267517
2026-05-28,18.329999923706055,18.329999923706055,18.329999923706055,18.329999923706055,0,7096,50.68015386486738
2026-05-29,18.3799991607666,18.68000030517578,18.299999237060547,18.399999618530273,5794124,9791,57.625134727013034
2026-06-01,19.040000915527344,19.479999542236328,18.760000228881836,19.229999542236328,12499312,14647,57.26414190136555
2026-06-02,18.719999313354492,18.989999771118164,18.510000228881836,18.979999542236328,5429888,12915,76.51264794630232
2026-06-03,18.479999542236328,18.979999542236328,18.06999969482422,18.799999237060547,5372079,13307,46.64807531864852
2026-06-04,19.309999465942383,19.549999237060547,18.450000762939453,18.540000915527344,14126072,17639,52.00823658353823
2026-06-05,19.75,20.15999984741211,19.260000228881836,19.5,15803490,10871,54.692080683146365
2026-06-08,19.440000534057617,20.399999618530273,19.299999237060547,19.5,14412028,17966,45.12065726165983
2026-06-09,19.309999465942383,19.559999465942383,18.950000762939453,19.459999084472656,6618226,13250,75.2481008489317
2026-06-10,18.790000915527344,19.440000534057617,18.700000762939453,19.309999465942383,4215495,15289,46.45416773483715
2026-06-11,18.510000228881836,19.270000457763672,18.43000030517578,18.93000030517578,8039272,16479,66.30810629243852
2026-06-12,18.940000534057617,19.079999923706055,18.56999969482422,18.75,6827572,16677,69.13949658679667
2026-06-15,19.81999969482422,20.3799991607666,19.350000381469727,19.600000381469727,21072726,13104,63.875605824039496
2026-06-16,19.8700008392334,20.0,19.610000610351562,20.0,6323246,7297,57.242200689464426
2026-06-17,19.399999618530273,19.93000030517578,19.360000610351562,19.899999618530273,5632770,8559,46.859707537014685
2026-06-18,19.399999618530273,19.799999237060547,19.299999237060547,19.450000762939453,5989157,5670,75.93327702623816
2026-06-19,19.190000534057617,19.549999237060547,19.1200008392334,19.43000030517578,3212593,7534,47.43227032799061
2026-06-22,19.170000076293945,19.5,19.139999389648438,19.299999237060547,3360729,9385,49.19621891898309
2026-06-23,18.799999237060547,19.270000457763672,18.68000030517578,19.219999313354492,4756344,13383,61.73984891622483
2026-06-24,18.829999923706055,18.920000076293945,18.56999969482422,18.809999465942383,4059412,17391,75.8780304285109
2026-06-25,18.149999618530273,18.950000762939453,18.049999237060547,18.850000381469727,5672956,12003,73.87382947269998
2026-06-26,18.149999618530273,18.149999618530273,18.149999618530273,18.149999618530273,0,8394,46.45054856233645
2026-06-29,18.010000228881836,18.18000030517578,17.8799991607666,18.059999465942383,4166436,4144,76.29953195789939
2026-06-30,17.649999618530273,18.079999923706055,17.469999313354492,18.049999237060547,7158610,17550,76.86127968705195
2026-07-01,17.729999542236328,18.200000762939453,17.639999389648438,17.739999771118164,7732151,9088,47.717666128693956
2026-07-02,18.079999923706055,18.219999313354492,17.610000610351562,17.75,5490697,6474,57.4710720142176
2026-07-03,17.8799991607666,18.389999389648438,17.850000381469727,18.170000076293945,4742001,6543,77.24082955545387
2026-07-06,17.829999923706055,18.25,17.719999313354492,17.979999542236328,7522543,7824,78.20589073929168
2026-07-07,17.479999542236328,17.899999618530273,17.43000030517578,17.8799991607666,4105041,10029,62.232429403123845
2026-07-08,17.270000457763672,17.600000381469727,17.059999465942383,17.399999618530273,4875834,14382,61.76454012212602
2026-07-09,17.239999771118164,17.6299991607666,17.200000762939453,17.270000457763672,4468412,9356,49.107014729157115
2026-07-10,17.350000381469727,17.579999923706055,17.299999237060547,17.31999969482422,2706153,13211,75.23144311090266
2026-07-13,17.700000762939453,17.969999313354492,17.079999923706055,17.350000381469727,6390264,17002,57.144257830146834
2026-07-14,17.5,17.81999969482422,17.389999389648438,17.6299991607666,3158266,3304,49.14986138144596
2026-07-15,17.18000030517578,17.56999969482422,17.0,17.459999084472656,3259004,14869,62.29048439226226
2026-07-16,17.139999389648438,17.34000015258789,17.100000381469727,17.200000762939453,2398100,13930,45.36175286002103
2026-07-17,17.3799991607666,17.850000381469727,17.059999465942383,17.139999389648438,6419113,12902,49.54084691617797
2026-07-20,17.239999771118164,17.479999542236328,17.200000762939453,17.479999542236328,2641626,15765,45.10366941537746
2026-07-21,17.350000381469727,17.520000457763672,17.110000610351562,17.260000228881836,5503726,8426,49.33074377763666
2026-07-22,17.030000686645508,17.3799991607666,17.010000228881836,17.350000381469727,2657684,15797,49.58074238445768
2026-07-23,16.81999969482422,17.09000015258789,16.75,17.030000686645508,3091828,13601,69.34842311222366
2026-07-24,17.290000915527344,17.399999618530273,16.579999923706055,16.729999542236328,5751687,13110,76.75117730257739
2026-07-27,16.93000030517578,17.479999542236328,16.850000381469727,17.299999237060547,4178249,16222,46.16859113460326
2026-07-28,16.799999237060547,17.010000228881836,16.75,16.93000030517578,2418622,6343,47.573941309821556
2026-07-29,16.920000076293945,17.010000228881836,16.729999542236328,16.799999237060547,2839839,12901,67.46582133543123
2026-07-30,16.649999618530273,17.059999465942383,16.610000610351562,16.8799991607666,2497147,9184,46.15831584987314
2026-07-31,16.75,16.84000015258789,16.600000381469727,16.68000030517578,2460458,3969,45.02061643995903
2026-08-03,17.520000457763672,17.649999618530273,16.899999618530273,16.899999618530273,8736035,13235,64.18251784013755
2026-08-04,18.059999465942383,18.579999923706055,17.3799991607666,17.520000457763672,19356962,11680,77.92653099524802
2026-08-05,17.790000915527344,18.5,17.709999084472656,18.299999237060547,5327532,11558,51.48290762554529
2026-08-06,17.530000686645508,17.809999465942383,17.459999084472656,17.799999237060547,4374149,17058,55.421019776272274
2026-08-07,17.56999969482422,17.799999237060547,17.440000534057617,17.459999084472656,3712581,15513,68.2883869267799
2026-08-10,18.100000381469727,18.479999542236328,17.43000030517578,17.649999618530273,8752215,10046,74.89340062611168
