Date,Open,High,Low,Close,Volume,No_of_Trades,Delivery_Pct
2021-08-10,2224.913330078125,2268.0395679171356,2197.089920603237,2262.2830004395723,540988,12999,69.01917416666491
2021-08-11,2196.849853515625,2245.92449287416,2178.5727066753448,2229.710256390572,342718,5207,65.75945233322525
2021-08-12,2210.402099609375,2277.823663991348,2157.58908052762,2200.9351014937497,581279,17723,68.30613073169201
2021-08-13,2202.953125,2238.1775975183104,2199.012493020674,2221.59850420336,402404,15570,52.36517508683668
2021-08-16,2195.504638671875,2213.285116304048,2174.3602868930743,2203.2894637669265,213247,4099,65.62809539456926
2021-08-17,2212.37158203125,2217.994150498983,2175.1767969272246,2190.3623308361744,311819,6976,49.96148463747762
2021-08-18,2188.152587890625,2228.711262439753,2180.3196585248766,2222.079717004046,595739,3174,48.49712288555443
2021-08-20,2149.226806640625,2180.1265285663994,2121.6430906247356,2172.0530913075954,368653,3919,63.225828118481175
2021-08-23,2191.1787109375,2208.6226997603194,2140.0957605367266,2157.3956772450324,468896,16341,51.610097561735394
2021-08-24,2198.48388671875,2236.495710768945,2167.19981083159,2191.3236873885667,214555,6334,58.18796463641222
2021-08-25,2186.517822265625,2258.600827395261,2175.9456481799452,2207.4218937532196,667584,8371,71.04710868904446
2021-08-26,2183.9228515625,2203.9617859312193,2158.261349011403,2191.2752241285057,195573,6161,72.93419267629791
2021-08-27,2201.751220703125,2214.822130104856,2178.3481803672516,2196.1286530505936,424254,6004,65.15651182432391
2021-08-30,2184.259033203125,2227.3647622662234,2163.787648346991,2218.474525351029,502465,5848,69.00321919956849
2021-08-31,2205.643798828125,2214.3418618924266,2163.451306129527,2188.82443061077,479245,5735,45.46646568061426
2021-09-01,2239.090087890625,2246.1062132779093,2187.526810613753,2209.3919866308997,326228,4714,66.14699271735246
2021-09-02,2296.132080078125,2315.306112411271,2235.9186026606344,2248.0286413158833,773514,17379,64.35584371468047
2021-09-03,2317.37255859375,2321.985918146134,2280.850500325633,2306.46413724027,282897,10075,58.047121481976546
2021-09-06,2358.7001953125,2366.148773126029,2319.294815911895,2329.7229187089233,483625,14094,72.63522406150983
2021-09-07,2378.1142578125,2411.368406060022,2342.5052106310713,2358.555644247651,581368,8209,67.54504188127102
2021-09-08,2380.373046875,2387.3891730969585,2330.347393480703,2380.6614258297773,300343,12636,49.1164918688156
2021-09-09,2360.670166015625,2399.2587397681814,2347.022498172325,2373.9334850473556,201670,10530,69.53481572278291
2021-09-13,2353.365478515625,2364.321998798341,2322.0333126409723,2360.4775727840347,315006,8557,55.362265043311915
2021-09-14,2376.336669921875,2405.602326369623,2340.8719212642454,2364.3228343813194,289098,5888,78.26494925440684
2021-09-15,2403.488037109375,2416.2227033061954,2373.9340004639234,2375.8562142294813,246814,8474,61.901986361550016
2021-09-16,2413.0029296875,2433.9551069068284,2382.4399181729136,2417.183838534711,178220,12588,53.51235308141558
2021-09-17,2393.252197265625,2425.833624754276,2355.672826573982,2419.1058769835627,367766,15431,69.31835308176554
2021-09-20,2383.640869140625,2412.329763933599,2355.095811852318,2364.8030835783666,270310,7631,57.98924686177449
2021-09-21,2436.789306640625,2450.3410020396727,2162.489607605124,2369.1275034429473,376048,9967,47.727401751556094
2021-09-22,2587.49169921875,2604.599447314657,2430.9274941958192,2444.0946105244184,1389658,10177,57.35508636794387
2021-09-23,2545.539794921875,2617.863091078814,2531.699714405028,2613.153526355866,390853,11420,46.47107495395133
2021-09-24,2552.891357421875,2566.058471188424,2513.2938116021487,2561.156968212937,268417,11190,77.60535938375281
2021-09-27,2526.557861328125,2593.066411765334,2511.1320486804584,2580.6201243606674,404496,13998,73.56323870994508
2021-09-28,2446.93017578125,2535.736598144406,2414.1084675200796,2535.736598144406,542365,9284,76.25118440725072
2021-09-29,2407.5244140625,2468.1222442868248,2392.819433201375,2445.8727158881966,441157,8088,74.32809132123249
2021-09-30,2435.108642578125,2447.074612374982,2394.742148812087,2408.5341280402554,413871,16903,64.9488766021881
2021-10-01,2442.556396484375,2453.705327710817,2403.8718530294746,2435.107819794301,402272,17184,52.409223592360014
2021-10-04,2422.75830078125,2457.0216676300065,2412.666678413173,2455.628109565367,217508,15752,52.19060686968917
2021-10-05,2438.520263671875,2447.1221230883593,2409.110534718988,2424.199865401654,397877,12298,76.75846187926282
2021-10-06,2410.6962890625,2449.2367681259766,2407.572691757824,2428.2364893118333,379718,14615,61.29977316943889
2021-10-07,2452.40771484375,2468.1219025909822,2419.1054629367222,2439.1924982702976,755920,8092,52.40910835486312
2021-10-08,2478.598388671875,2487.7289038465756,2446.016959959194,2469.948426927422,424939,10180,53.13929692647392
2021-10-11,2502.145263671875,2534.4385449053157,2485.5661719389905,2496.9553809874897,358617,6113,77.01548289889266
2021-10-12,2492.774658203125,2528.479918046059,2477.3009788880154,2502.14544987995,383090,14751,55.426398291123476
2021-10-13,2490.900390625,2537.27379268233,2478.6943814684855,2516.6099969469396,183555,10313,74.1426934867231
2021-10-14,2495.033447265625,2517.955940090315,2484.461271641618,2496.9556610154445,186385,5798,76.66508616756641
2021-10-18,2508.344482421875,2536.168475207349,2494.071953684331,2509.2093846170974,263232,4971,76.25846673232088
2021-10-19,2483.88427734375,2527.710840528101,2461.3944724686185,2513.2942387760395,222999,11814,63.5958060919379
2021-10-20,2390.464599609375,2477.0123071289518,2347.2628992475243,2462.8359829344995,407538,9465,57.44073173690425
2021-10-21,2390.512939453125,2419.9229020205366,2378.7393809011896,2412.3781196210048,187612,7647,52.34871647261666
2021-10-22,2387.3408203125,2415.5974966566437,2358.267344101603,2402.862833522945,320289,13483,53.06646789981996
2021-10-25,2320.448486328125,2393.059923293989,2309.491727124368,2387.341384295065,411407,16272,73.44656283127006
2021-10-26,2395.270263671875,2407.476272815633,2287.914683566922,2329.6266238473822,550532,6383,71.02861191752187
2021-10-27,2388.974853515625,2415.9339442657306,2383.5927966058466,2404.6890424351814,191670,15704,58.29136921387927
2021-10-28,2393.78076171875,2411.4171668609806,2359.6135997809292,2401.709893494997,468321,14907,69.86259703001573
2021-10-29,2364.4189453125,2406.082784530471,2354.8557448846605,2400.8447993712143,320297,5771,71.86964779081688
2021-11-01,2417.7119140625,2423.8629028502323,2367.2057119714264,2373.74128421163,179081,9947,77.65702205684376
2021-11-02,2424.103271484375,2497.916312963469,2415.2611367746044,2431.5999506724033,420628,7566,75.15040516919365
2021-11-03,2345.965087890625,2431.599782794952,2329.482202983899,2431.599782794952,442430,9869,71.13811028395921
2021-11-04,2342.505859375,2364.1788665759286,2337.9406016680628,2359.2290253275814,30732,6989,48.88727141270197
2021-11-08,2363.45751953125,2380.5650306386488,2335.4892214167044,2344.283253639274,332479,6794,78.38565698301397
2021-11-09,2399.835693359375,2414.973126191247,2355.432603981596,2371.4349391171986,299420,8220,70.5051080580808
2021-11-10,2421.4609375,2428.6211375827947,2393.348558292415,2399.8360304172425,328992,14678,64.04369041588821
2021-11-11,2287.337646484375,2431.599850021594,2275.2278433543797,2417.0391779793395,448712,14771,62.58085982518412
2021-11-12,2269.894287109375,2348.2245017381097,2254.756852994006,2330.6843003028407,954647,7996,67.14983663533148
2021-11-15,2302.619384765625,2347.98357222422,2253.7951194702396,2253.7951194702396,663262,13363,47.127598053141206
2021-11-16,2263.98291015625,2319.534686602969,2255.7172991389994,2306.655951399062,278117,8599,47.00484002887217
2021-11-17,2235.6298828125,2272.0697393877704,2229.709117127998,2270.144256557781,186764,13988,75.11605352498324
2021-11-18,2225.040283203125,2249.6865636029056,2214.3539918531465,2238.374349150211,207450,15491,70.96700778790033
2021-11-22,2161.692626953125,2242.370210427599,2146.384889661455,2228.747506511395,333113,17764,68.14914831082211
2021-11-23,2211.94677734375,2223.8364938260906,2134.301534447124,2154.615474087388,154234,4207,60.70339571326228
2021-11-24,2174.111572265625,2232.164947208793,2162.943673869139,2219.216117588874,253061,9399,69.07678056805784
2021-11-25,2157.503662109375,2184.7492930708,2143.928913189491,2174.1109526811674,206643,5049,46.79452785284128
2021-11-26,2084.3359375,2150.1394316693104,2066.428846513427,2137.2867349884527,396413,10864,59.96786603885407
2021-11-29,2082.602294921875,2122.844935261313,2008.3268847421314,2079.521569235572,457626,4262,74.97826579888472
2021-11-30,2093.722412109375,2156.5413050350617,2081.447456020448,2089.149389252716,554262,9819,49.14764594112465
2021-12-01,2093.673583984375,2134.2050891690583,2081.687501087558,2114.7095766718803,243491,9734,49.83536266724064
2021-12-02,2124.7705078125,2132.3281226668037,2077.3073044669104,2101.1351567860584,265922,10977,78.80977860912418
2021-12-03,2119.235107421875,2144.6995776606177,2110.0890615295375,2118.031680330778,248680,8665,59.77066115384743
2021-12-06,2044.381591796875,2137.9600193454203,2037.161030488433,2135.3124801989916,316007,16215,47.04444691392378
2021-12-07,2070.038330078125,2102.5790364523473,2050.6391848587955,2053.0460383621507,168085,13911,77.4768887667388
2021-12-08,2147.58740234375,2156.444577074272,2080.1473137214257,2097.910082310312,396175,8955,61.00559098128362
2021-12-09,2159.814453125,2166.746380814314,2122.8452689889154,2160.3921921138895,309641,10665,52.134547968802856
2021-12-10,2163.42529296875,2185.4240386531287,2139.2124290252214,2139.2124290252214,192820,6851,51.112349728469084
2021-12-13,2156.1083984375,2183.7872245872054,2145.8550574632422,2174.8336790325116,194878,4568,65.48362721326717
2021-12-14,2167.083251953125,2170.789901292396,2114.5176993289074,2146.9138615630054,164727,9094,47.00274998145549
2021-12-15,2164.05078125,2175.7961826608025,2135.4092164561243,2170.7899729662063,126826,12284,55.696355620378775
2021-12-16,2168.912353515625,2192.1624674863892,2148.3095437124816,2174.4960663635343,172410,7796,74.0761213812941
2021-12-17,2123.9521484375,2168.334627323522,2113.2176743146324,2166.168458864657,159488,9543,69.19557491454304
2021-12-20,2035.9580078125,2106.4788372591324,1989.1207181772932,2106.4788372591324,425250,11158,49.690215278376236
2021-12-21,2017.376708984375,2053.575884834333,1988.0612761583618,2041.9748022914698,586903,13589,51.90709735059835
2021-12-22,2057.66796875,2106.478927979031,2028.5932151990173,2031.3850722284078,346356,3041,61.52671253661768
2021-12-23,2064.06982421875,2088.86042063383,2039.2792278036698,2071.771757085571,267180,12481,62.04953922680066
2021-12-24,2120.4384765625,2134.2539132084667,2071.14615126717,2087.223889755959,497114,8689,54.77619047103403
2021-12-27,2106.86376953125,2125.2040452919978,2096.6106647979414,2115.143441883172,121942,8231,67.60060292785434
2021-12-28,2158.611328125,2170.308781454117,2113.6513352551574,2113.6513352551574,184586,14461,45.17894981374803
2021-12-29,2174.495849609375,2189.274024664295,2138.345096736217,2161.450891191777,464278,6708,72.87498290395102
2021-12-30,2178.780517578125,2212.1394186009884,2155.3858506706615,2160.3920597717847,240569,7410,59.3748170754949
2021-12-31,2236.834228515625,2243.669789387984,2166.1690736421215,2178.4922158254963,208841,16998,65.65202002523138
2022-01-03,2240.732666015625,2248.0014113781945,2214.3054587451165,2238.373996340172,128470,12589,70.47293134960383
2022-01-04,2226.86962890625,2272.214619764972,2204.7265708730733,2240.7330147005864,454070,13837,51.88871178647227
2022-01-05,2254.06689453125,2258.976735532741,2215.41267930313,2226.869445061935,128569,4002,54.58138465421944
2022-01-06,2279.8681640625,2286.5109861730284,2217.241784569195,2226.869199247818,191619,17004,70.62445375522606
2022-01-07,2295.03173828125,2313.468146555035,2273.0329979261082,2275.391667920593,221924,14611,70.02259695435939
2022-01-10,2316.019287109375,2320.2073071794894,2274.188210675526,2306.7289244821814,134056,4671,56.30148599841587
2022-01-11,2330.701171875,2346.97164682436,2291.325132316378,2291.325132316378,174747,16620,76.40797242564051
2022-01-12,2359.39111328125,2363.530949733649,2302.6375352445843,2343.3133733815484,238933,12384,56.65626481654506
2022-01-13,2377.2978515625,2383.1224851819647,2337.1515743297246,2358.716891895032,155323,12732,78.86160617250923
2022-01-14,2396.9853515625,2402.039743808992,2357.320453703649,2368.3437954990463,121057,12153,50.50456610953506
2022-01-17,2420.57275390625,2426.6380722085823,2378.019627713299,2393.375307233146,212752,11642,61.971071917841485
2022-01-18,2412.91943359375,2442.9087418391555,2382.785573074883,2411.6678224454877,209807,6144,67.97708353689625
2022-01-19,2410.945068359375,2417.7324420057203,2366.3700960575015,2406.8534175495406,169006,15244,46.24431023682937
2022-01-20,2386.0107421875,2416.2889185469785,2366.418856578483,2397.130219649786,149634,5953,60.97058566398347
2022-01-21,2352.65185546875,2391.45039315563,2333.9265763315366,2369.3073339597445,95473,15318,62.725984686733604
2022-01-24,2270.6259765625,2367.670373131467,2245.20969331449,2350.0521555179403,141089,16449,58.9084346263611
2022-01-25,2250.023193359375,2266.967302278628,2193.4621317504057,2238.3739275038906,318424,14169,51.12662740291194
2022-01-27,2167.853515625,2237.363415914065,2139.2601355597885,2233.9456360394383,213736,12853,54.79444403740994
2022-01-28,2171.222900390625,2246.076056584116,2161.2104821972644,2173.9668078508175,244455,9778,51.731377810827325
2022-01-31,2249.974853515625,2274.9579460326013,2193.124926391141,2194.184035957158,194481,7837,78.01987374052663
2022-02-01,2304.466064453125,2336.477218869667,2233.56024801135,2271.10716597361,143675,7083,68.48441156068372
2022-02-02,2234.282470703125,2297.053173275147,2229.516946999944,2296.3311171066553,160659,13206,54.445756584818774
2022-02-03,2246.60546875,2267.256226864811,2195.0987986280184,2195.0987986280184,148853,14837,73.93759259609095
2022-02-04,2205.1591796875,2257.8210873299877,2191.5844319113944,2256.7622128151256,75715,15777,72.62313902161672
2022-02-07,2161.547607421875,2218.9752905769396,2152.6904308334,2213.2467894540378,67721,11332,77.72317860027053
2022-02-08,2162.461669921875,2194.9541947011467,2141.8590963758515,2178.491456506232,95043,6635,46.60507993491682
2022-02-09,2208.048095703125,2212.8618042178473,2162.702867476696,2175.6998804664468,80941,14205,74.09983010239684
2022-02-10,2186.723388671875,2223.8368920573166,2164.724647469487,2223.644390731967,140576,13078,72.87890185720266
2022-02-11,2097.86181640625,2173.7258901370824,2085.297993398383,2166.168275690841,230260,13059,55.53900595898942
2022-02-14,2007.2679443359375,2067.487475197469,1997.6887129381828,2036.1983748743405,277290,7766,53.13396381692797
2022-02-15,2047.558837890625,2055.453271832121,1959.2753645543723,1997.6887770733729,433392,17598,57.96070446512244
2022-02-16,1928.27490234375,2081.4470458088817,1920.6692212713779,2073.167375198211,609354,9657,47.64294468942186
2022-02-17,1930.970703125,1980.359392244783,1906.950348171538,1928.2750972657723,747232,12992,73.17451939031778
2022-02-18,1902.8106689453125,1934.1479563621397,1889.8618408854554,1925.4832815949624,397389,12251,72.55386088983086
2022-02-21,1886.3104248046875,1921.785862744337,1838.654041500573,1905.2856810945118,755992,3450,56.730011486771645
2022-02-22,1843.070068359375,1853.8436912457478,1800.4607577282,1844.1377033334663,367425,7676,70.4348780509255
2022-02-23,1849.67041015625,1880.7781545443377,1833.4614547460992,1855.7852310611656,246039,8550,63.52378167842511
2022-02-24,1706.0216064453125,1814.9228720272451,1698.5480424510513,1776.1959529630994,455920,5237,74.55748484438915
2022-02-25,1717.6685791015625,1776.6324538032156,1701.6052407037157,1737.3717813326573,353499,9112,51.89183226142014
2022-02-28,1768.965087890625,1775.710702911456,1691.753897335156,1706.312880961104,379707,10586,77.9541440087502
2022-03-02,1753.5810546875,1761.6370732690805,1728.6367093621113,1732.5191051158724,347685,4336,72.86796839978548
2022-03-03,1745.1368408203125,1781.4372637638942,1718.0571075251141,1781.4372637638942,397981,9364,57.461967033760644
2022-03-04,1714.902587890625,1743.2441459524614,1700.7318681003603,1731.6454183798423,317802,6984,64.44551870958409
2022-03-07,1771.1488037109375,1786.8724574650396,1640.8459099495678,1698.5479633698094,809797,5968,76.43163086344761
2022-03-08,1825.5992431640625,1838.2654859750437,1754.8425694070863,1758.0455927282787,407231,13830,52.117600058500514
2022-03-09,1884.272216796875,1904.9944803412066,1824.8230320902508,1842.8276897082117,275690,13084,51.05312778472484
2022-03-10,1901.16064453125,1960.6098286933632,1881.4574389592813,1940.2272512663528,346265,16991,59.14602129681968
2022-03-11,1912.3221435546875,1919.8442836955574,1870.101098893031,1887.8145256763696,165045,14730,65.80715150781363
2022-03-14,1919.1165771484375,1937.8976412093252,1887.28088745956,1913.050334332821,184271,7944,46.87720139544223
2022-03-15,1946.2447509765625,1978.129017727706,1919.0679833951071,1919.1165607297385,332922,14243,61.470934942306
2022-03-16,1998.5601806640625,2009.1396133114317,1962.6479048433748,1962.6479048433748,255679,6678,48.57853134330809
2022-03-17,2069.8017578125,2081.9828190669364,2010.498081596124,2023.5042465425738,445339,14059,58.09204310248235
2022-03-21,1994.9207763671875,2087.7584771854704,1989.9706266153,2070.2876949496085,209437,15075,58.5064095418546
2022-03-22,1990.16455078125,2007.1014549057722,1937.5095582425743,1982.4483365943759,458904,12230,70.88561022793347
2022-03-23,2007.2469482421875,2019.2337015582027,1986.233459976214,2008.5087741077164,182251,11197,64.21677744347691
2022-03-24,2004.189697265625,2050.2448074773174,1986.96168421084,1989.7278675499506,154912,10409,60.13952220353811
2022-03-25,1989.2911376953125,2036.316609721765,1975.168875492751,2006.2280420852662,122599,11317,50.77267825712505
2022-03-28,1991.2320556640625,2001.3747659359603,1970.31560370999,1976.9157230755293,119058,14080,56.28293777732099
2022-03-29,2039.76220703125,2062.522704305056,1994.532202589439,1996.1821733603576,271766,10589,48.099874919373235
2022-03-30,2045.0029296875,2062.522284010078,2030.05580415547,2057.911940081114,182513,17697,73.89132164021046
2022-03-31,2073.39306640625,2102.122885078771,2043.2559268952725,2047.9634257632251,614432,17964,60.379303790978696
2022-04-01,2045.5859375,2086.7878170060326,2018.8458880802546,2062.6199970732055,387626,4309,72.79541625245535
2022-04-04,2067.327392578125,2077.081960392124,2030.493206140338,2058.834650917643,173629,17988,68.17798794337116
2022-04-05,2060.095458984375,2130.463855109872,2047.962976893772,2079.2647806875275,284782,7568,69.51002111632417
2022-04-06,2032.142578125,2056.6501968355687,2010.6924876885503,2047.9633853187956,234199,8094,56.969309816592784
2022-04-07,2006.3734130859375,2071.063971682058,1995.8425572418862,2026.6104948526322,189762,15965,53.53798103171597
2022-04-08,2054.27294921875,2070.287834010675,2009.5282369241233,2014.9636865476612,165700,17028,49.24355215756925
2022-04-11,2022.8739013671875,2062.522967072203,2015.9827903371522,2062.522967072203,231104,8064,59.21183855308734
2022-04-12,2024.184326171875,2057.427343755853,2013.216509474264,2022.7284275915547,564251,7648,73.32523980622835
2022-04-13,2033.7442626953125,2042.2370020797662,2020.7866741065654,2034.277902457974,125824,11389,63.3712262605131
2022-04-18,2022.9705810546875,2038.25751239767,1994.5805657034343,1994.5805657034343,327161,14716,62.11094846245837
2022-04-19,2036.26708984375,2108.0913793432533,2013.9919015063417,2028.4053841165903,422178,11268,76.06421624694183
2022-04-20,2034.666748046875,2079.0230753239553,2021.4665067518222,2037.238740633248,114057,9626,53.98311131634744
2022-04-21,2097.755615234375,2119.5455148635697,2038.3064279256657,2046.022642396064,130115,9974,60.407182821675384
2022-04-22,2059.465576171875,2090.8157341988053,2047.9638832745873,2075.4318822769133,184013,9813,71.81187899094853
2022-04-25,1970.5098876953125,2052.4285790411554,1956.7274303699546,2038.2577399687027,312483,13390,61.760420184161205
2022-04-26,2073.19921875,2082.953784938609,1980.0217257724719,1983.8555439764195,257446,14482,74.36472744336776
2022-04-27,2137.84130859375,2159.534052609137,2039.6650841603152,2042.1401588366023,634985,5804,57.75951018501577
2022-04-28,2079.022216796875,2166.230596446134,2067.5691058384436,2157.2525593287805,374264,12152,63.854273957110294
2022-04-29,2081.158447265625,2122.408907121502,2069.317186181882,2091.4468920382724,258394,15387,69.85790005607588
2022-05-02,2042.0919189453125,2084.7497017866476,2021.8550699880757,2072.2290682436856,295744,16410,64.51489520373823
2022-05-04,2036.80224609375,2082.4689819202667,2020.7387833222056,2057.670127099714,309381,13138,72.01926263198638
2022-05-05,1993.416015625,2063.250557245198,1986.379173785636,2052.8166193454517,142750,9240,73.22496873024352
2022-05-06,1936.19921875,1972.062919689849,1919.9902642883244,1972.062919689849,162946,14110,74.02323628053665
2022-05-09,1927.4150390625,1949.9328825989505,1889.7557602887787,1916.8839478731861,152261,3294,54.410840101545205
2022-05-10,1893.250244140625,1951.2921073932173,1882.864883009694,1926.6388709403375,171896,17030,64.97479830754568
2022-05-11,1890.677978515625,1918.7768862532132,1870.3439800431217,1895.5795500904082,231369,5969,73.52158145464159
2022-05-12,1854.0379638671875,1885.8736550505812,1825.211224046638,1873.255869401761,289535,3303,57.27407954700726
2022-05-13,1832.5394287109375,1892.1341105541228,1826.5702213621705,1854.0381010645715,259808,14562,48.856378756824455
2022-05-16,1990.16455078125,2014.9634011113462,1832.5393775795578,1871.3147578721944,812845,4876,68.93938944768357
2022-05-17,2064.657958984375,2077.0816724551364,1960.7554165047877,1990.6983692548995,333457,10177,55.759797282956995
2022-05-18,2064.027099609375,2117.4100381116095,2043.450450706492,2072.2286127685584,237552,4473,68.06919659696925
2022-05-19,2040.6357421875,2049.905009675863,1984.9719153606052,1997.4926656784687,264762,8028,52.72224272703591
2022-05-20,2051.021484375,2079.9939635804535,2036.3655794923825,2057.718760639732,159199,7445,61.67336943160353
2022-05-23,2020.5445556640625,2093.8247833343576,2012.1003913912753,2060.5817661461774,149785,16236,65.13788297243165
2022-05-24,2006.6160888671875,2043.1592799537814,1988.7085863959298,2025.4944272096752,222222,14695,72.18910727819879
2022-05-25,2097.949462890625,2111.052547669262,2016.9044570375752,2016.9044570375752,846419,14638,52.22389743038891
2022-05-26,2135.172119140625,2146.576656398246,2086.7876684157945,2097.8040608922493,524240,8768,58.31447139531546
2022-05-27,2169.482421875,2207.1417032544473,2135.511463381638,2140.170385081819,270278,12685,53.37987878608122
2022-05-30,2218.54638671875,2235.289217374289,2178.945905080082,2183.8474768094443,362076,4182,69.83470233746192
2022-05-31,2270.1337890625,2300.7076559833595,2209.0832099008217,2222.6715951989813,1278865,8015,53.176662437367696
2022-06-01,2265.572021484375,2305.172506033177,2252.663008058062,2271.201542786372,321645,10922,61.87407989822226
2022-06-02,2260.13720703125,2287.6535499228617,2199.5231023791825,2266.3489466180663,227887,12765,65.3614545625481
2022-06-03,2199.716796875,2282.071967059749,2193.5533993969602,2266.590962806085,325652,5908,53.02652360515047
2022-06-06,2201.852783203125,2242.0840712007484,2178.849630384642,2196.271838004249,440009,3920,71.14834465290399
2022-06-07,2180.83837890625,2199.570983396212,2140.46161044891,2164.435353745862,328004,7005,73.66416905936762
2022-06-08,2153.80712890625,2198.4060925299605,2140.4128192281214,2180.8381609790167,368661,5115,75.84952953518436
2022-06-09,2155.45703125,2167.346865149724,2123.6699242935942,2152.593812519723,163572,7022,67.51190157564253
2022-06-10,2133.085205078125,2149.391314372415,2107.170261233918,2134.4441857475153,612393,5984,67.56739523990967
2022-06-13,2059.51318359375,2115.9050600243786,2029.7158523886715,2076.110515317498,239888,8258,76.09295621924208
2022-06-14,2050.244873046875,2080.9642363213184,2030.2018617088243,2049.90506861503,341946,16965,65.56071474253304
2022-06-15,2092.465576171875,2111.05244892565,2053.689963459456,2062.4739302371618,125847,4826,58.81533612977045
2022-06-16,2045.876953125,2125.6115566878557,2034.8119836660403,2106.199579001209,221686,3293,46.364801133498624
2022-06-17,2020.3499755859375,2069.9474319914943,1999.1908743947506,2045.8767713685927,366179,17958,72.20077995871684
2022-06-20,2013.0706787109375,2050.875458149904,1992.979329045391,2001.374914673498,271465,12892,76.78357823726665
2022-06-21,2011.275146484375,2043.1108402233765,2003.607509375006,2026.5620803245263,214519,5540,58.87820459535984
2022-06-22,2016.37060546875,2033.4046632864176,1993.4646139692043,2011.080888940075,123407,10923,71.97436717612588
2022-06-23,2069.899169921875,2081.9345006885987,1999.4335997289106,2025.639768269047,227039,13336,50.48119205483163
2022-06-24,2073.20556640625,2095.522623872612,2045.0539716985952,2090.70917813013,174940,4715,66.24686535924691
2022-06-27,2104.565673828125,2118.5200335108902,2071.9895157718734,2091.389299729769,193622,9576,48.73579705376285
2022-06-28,2110.44921875,2118.7148124263495,2052.1038516228264,2104.2742390992116,201321,9814,53.58792928670506
2022-06-29,2114.43603515625,2120.8054519591537,2065.5233583860145,2090.7090138689937,194755,9877,73.42803868812828
2022-06-30,2089.8828125,2125.0360466809484,2073.2545215094087,2120.8545802653166,224617,10323,45.19323182358068
2022-07-01,2112.15087890625,2118.90916952849,2051.3257884902937,2066.3983410959345,142057,4017,58.08169827457881
2022-07-04,2127.369873046875,2151.9722238558775,2094.40482639745,2126.689224388976,122854,9583,50.86177820886246
2022-07-05,2134.905517578125,2148.0818935602674,2119.3954219169773,2141.08049711535,114463,9081,73.35066773286042
2022-07-06,2165.001953125,2179.1994204839957,2134.127530277893,2139.330087043637,169720,11413,57.76276998767537
2022-07-07,2217.5615234375,2232.634076814792,2173.3649547256673,2177.54642024095,219399,15714,51.599644880442845
2022-07-08,2226.021728515625,2231.2242858581126,2188.0001365620155,2225.827291422283,127305,3038,62.75665551369164
2022-07-11,2216.9296875,2251.1589247489387,2190.479833144362,2232.682890377349,354685,6158,59.962095922326405
2022-07-12,2234.919921875,2260.8835695795456,2202.586855772411,2207.40030234218,235389,13588,51.82451187052342
2022-07-13,2231.61279296875,2278.0459775949857,2227.723102110008,2250.1861617824,282284,13281,45.55594686640012
2022-07-14,2221.353759765625,2258.5002572510894,2207.3993998737587,2236.669416394705,139498,10235,59.37621301060467
2022-07-15,2231.272705078125,2238.0796644397324,2219.4576260271656,2226.8481340115,148568,5274,74.55972430601031
2022-07-18,2228.1123046875,2258.938058521081,2192.813311220421,2244.3517172047586,175312,10514,45.44016272517803
2022-07-19,2228.79296875,2235.065048078384,2203.0724341969217,2217.1238956151833,146413,14968,65.53407498324611
2022-07-20,2213.137451171875,2250.8675117428124,2205.2122985402625,2238.6151241637313,257671,4132,46.223376098500886
2022-07-21,2189.945068359375,2230.738162071732,2175.3100560394355,2203.0241090555837,446625,13037,51.099530960337574
2022-07-22,2208.760986328125,2231.7102586790093,2179.102091822805,2179.2967663032605,334395,11937,57.19283919063609
2022-07-25,2284.31884765625,2295.307037068972,2197.6758678159044,2208.3725202698756,389315,16148,47.584866258494564
2022-07-26,2190.528076171875,2299.7798702569694,2178.2270229918017,2299.7798702569694,475472,4138,73.13001515482748
2022-07-27,2204.43408203125,2212.262133986945,2148.1308901558127,2192.813675666181,179322,16005,68.91808872341025
2022-07-28,2215.811279296875,2234.14154537224,2194.5639820174165,2207.3999164287206,164924,5983,47.24415986648201
2022-07-29,2247.511962890625,2259.9103523019203,2219.6521475295754,2233.6549394309427,253196,6005,71.04368570088624
2022-08-01,2315.28955078125,2341.544961080961,2247.511742785421,2260.8825535861997,486720,4961,49.71892386777853
2022-08-02,2371.739013671875,2382.4356635900344,2309.503959602584,2315.2898273040105,530559,7118,73.67021435403225
2022-08-03,2323.118408203125,2381.998664816861,2309.504487016501,2372.711978240111,394738,6892,73.04930918595764
2022-08-04,2255.972412109375,2353.263368697655,2235.6002002627724,2325.0631051884684,520016,14097,61.20946949912549
2022-08-05,2103.15625,2207.3512665126227,2071.8442807805072,2207.302597887091,2552684,17958,77.78671728534471
2022-08-08,2090.709228515625,2113.0749551462573,2050.4023469172243,2108.2128406613374,802737,17068,57.497849690136626
2022-08-10,2104.22509765625,2110.0596330579397,2071.2600675998447,2086.818828671017,617955,7205,73.98121688786915
2022-08-11,2112.944580078125,2137.446204189513,2099.841084674155,2118.935959030169,317405,5103,51.942603362482586
2022-08-12,2126.535400390625,2145.2404466337216,2103.3975890338806,2121.859079367959,285537,4835,54.540873321204224
2022-08-16,2149.57568359375,2175.246571416115,2128.9221901808432,2138.226073428758,455781,16735,73.04578402335548
2022-08-17,2157.759521484375,2172.0318039763115,2145.484207358974,2157.9055599047006,341792,16706,73.04901425450947
2022-08-18,2159.318359375,2176.416035152638,2140.905624136076,2156.9315585621935,279811,13197,48.32718486708447
2022-08-19,2112.944580078125,2167.647130502127,2104.322607588582,2158.8791196371744,232484,10005,70.77537858762815
2022-08-22,2062.821044921875,2112.0680976061894,2053.8582349828594,2096.529278082111,215818,6203,57.86911707781809
2022-08-23,2077.09375,2090.2945291039255,2045.8698319007585,2051.617656765634,335758,11140,63.65885013314133
2022-08-24,2062.723876953125,2086.7871546496435,2042.508735282266,2076.070694004851,235037,11590,57.85922397214016
2022-08-25,2018.8836669921875,2077.6293991880516,2003.2473302310837,2067.302533617196,478266,15064,71.93144942463407
2022-08-26,1994.6741943359375,2039.2936857401098,1989.121167017733,2020.5398801982506,656308,5442,70.15112634724586
2022-08-29,1957.848388671875,1979.6222613144719,1924.0915187480718,1948.4471075929841,557397,8374,68.8235043463597
2022-08-30,1993.310302734375,1999.1068857546475,1964.0835938783127,1973.2412008475194,486602,9052,51.739810088270964
2022-09-01,1976.3099365234375,2011.7229399777646,1967.931637495095,1991.3130034851358,333559,11040,58.40648126067978
2022-09-02,1942.2125244140625,1986.052594974329,1937.146608274397,1976.4077556663096,343896,14952,67.75753811181693
2022-09-05,1923.6044921875,1947.3268129885967,1918.0027065050092,1942.6018523281211,335536,5450,56.10435809027737
2022-09-06,1954.682373046875,1963.0606727288514,1896.1315549303897,1908.504147829191,540282,5174,58.375297069973
2022-09-07,1955.023193359375,1960.965933486164,1935.7822774162591,1951.369854889163,354190,14723,54.73920385021246
2022-09-08,1933.541748046875,1963.0607740046505,1928.9629441832296,1963.0607740046505,293010,15851,73.69925859161515
2022-09-09,1938.510498046875,1958.189770559596,1933.9315749902917,1943.2354595293857,276451,4416,77.16057179105475
2022-09-12,1948.8856201171875,1984.493541492069,1940.6534779834078,1947.4730434180883,527950,14848,75.97929267273214
2022-09-13,1946.9859619140625,1967.9317703609738,1944.5504027923287,1958.676645698385,265632,4768,58.437853265046556
2022-09-14,1910.3067626953125,1936.075054210444,1902.6591294569112,1919.3183330729246,435689,10468,66.72155696303699
2022-09-15,1979.0869140625,1986.344952811579,1872.458165476259,1918.8311951132825,1517469,10697,65.69614906613245
2022-09-16,1859.890625,1985.7604107867323,1853.4607717317099,1984.055519143878,1459860,14585,71.33759578911672
2022-09-19,1864.956298828125,1889.9937979635945,1837.4344819247892,1870.022214016041,774043,16293,76.84458008139617
2022-09-20,1852.9248046875,1897.5930585457386,1851.025115953803,1874.3090872497708,423128,16618,77.82060223316093
2022-09-21,1874.26025390625,1894.8651090828348,1860.7672793564084,1865.2000447903608,458709,16463,56.502755945992746
2022-09-22,1868.902099609375,1883.0771026851282,1832.514866476069,1865.638473844589,320021,13280,54.453665883245414
2022-09-23,1841.33154296875,1882.200179419232,1836.4116657377083,1872.4579424657163,233915,16898,56.25179095076604
2022-09-26,1833.635009765625,1860.620956464194,1792.6688589840965,1836.4115232972597,565792,8609,45.607508708066455
2022-09-27,1818.5831298828125,1849.0763758528476,1802.362402230502,1836.411469168924,203840,16926,47.51486076825485
2022-09-28,1832.3199462890625,1859.7442477626191,1796.9068203554461,1812.0072874067823,430893,12743,57.49826671507248
2022-09-29,1796.517333984375,1849.7585661968587,1790.6719915487092,1841.5264231694814,411001,15166,64.42834604450923
2022-09-30,1835.0963134765625,1841.2826095705223,1777.9580753789435,1797.4425474378909,249460,16617,47.94115291535188
2022-10-03,1822.090576171875,1838.3600638788714,1814.0044721475667,1835.0964383716341,315528,4552,62.54646430089758
2022-10-04,1867.0509033203125,1880.2516816078517,1836.898728327256,1843.2311821772307,344261,8913,60.912716557200156
2022-10-06,1868.999267578125,1885.1227161566262,1860.961922664279,1876.4034622741485,111328,15539,59.81847891802348
2022-10-07,1866.125244140625,1878.254279990353,1855.895896678617,1866.6123559245302,158312,7430,71.22670013851625
2022-10-10,1852.5836181640625,1856.1883169243113,1822.7723990777451,1855.896002267827,217568,9081,70.84487453023453
2022-10-11,1859.15966796875,1869.6813308975732,1833.8786119665901,1852.9733716116907,286411,13852,74.55868320105752
2022-10-12,1891.1630859375,1905.5816449308309,1851.073873975871,1868.4637440367228,319953,17566,78.17360341588841
2022-10-13,1873.3348388671875,1897.300718900114,1862.033867355802,1897.300718900114,124382,14182,49.336873745590545
2022-10-14,1852.6812744140625,1902.5616022154993,1848.1512290749904,1899.7363295304121,223746,6907,69.3989815015644
2022-10-17,1858.9649658203125,1874.406387588191,1847.6639947526678,1847.6639947526678,93937,3374,60.327713128586915
2022-10-18,1865.199951171875,1880.154260530831,1856.139623586951,1865.6383042482673,108922,9804,64.63425156689073
2022-10-19,1866.6126708984375,1882.1028520252034,1858.3317691747231,1870.5095658272442,213886,12517,67.29291608777592
2022-10-20,1888.6300048828125,1894.816301474635,1847.8100088494364,1852.973441930114,446283,16705,60.92327564901666
2022-10-21,1882.0054931640625,1896.3752935173702,1871.483829064664,1889.9940803672296,113548,9962,65.1005117758807
2022-10-24,1900.1256103515625,1952.1491710121718,1862.7154027459685,1894.8647794670026,120823,10676,46.32395137091323
2022-10-25,1897.00830078125,1904.607293049377,1868.6097756684196,1899.68741589935,230136,5053,59.92784932142864
2022-10-27,1894.1343994140625,1905.825083633154,1875.7215479842355,1903.6330803420744,154436,4644,50.09569001723362
2022-10-28,1893.8907470703125,1907.5298779648517,1883.0281297516906,1897.7876416116094,135454,17523,63.45139903472675
2022-10-31,1912.15771484375,1923.117732315151,1895.839466608553,1896.326578496171,296991,16573,46.85919500245323
2022-11-01,1896.228759765625,1923.0685474723307,1884.0022065258727,1916.2977413041365,303701,11774,74.90398011416877
2022-11-02,1902.6102294921875,1913.2292921770584,1883.2719117937165,1894.8651982308913,229485,4795,45.77255998189155
2022-11-03,1846.7384033203125,1899.7361958508586,1834.3658100245436,1899.7361958508586,282168,8858,70.57905981614869
2022-11-04,1866.3199462890625,1871.093665313106,1844.2538787403416,1846.1535670313676,182035,13727,77.47404366279389
2022-11-07,1914.49560546875,1917.4669162095545,1866.4176927315593,1873.4808141050978,483950,17265,68.54287103861861
2022-11-09,1884.6845703125,1919.2207540790748,1875.2832875039526,1919.2207540790748,217440,17719,54.7252845222896
2022-11-10,1832.5634765625,1879.2774538302906,1824.233816639305,1879.2774538302906,227990,4693,76.29967195435137
2022-11-11,1840.7470703125,1865.6385354172214,1830.907433936574,1846.7385703337177,233261,14297,60.183343660157654
2022-11-14,1827.20556640625,1856.4322815378657,1815.0764082723445,1841.2830532917883,228319,4854,70.02683257991559
2022-11-15,1912.595703125,1930.0830879088544,1749.997881194486,1753.6024609057254,2670070,13476,71.38992078525268
2022-11-16,1905.8739013671875,1923.1176135544656,1889.9940072419772,1897.7877969625627,589534,6567,47.830878370476675
2022-11-17,1927.355224609375,1945.6219170082882,1877.4750241349207,1909.478245433061,496438,10715,77.30921797748871
2022-11-18,1921.8995361328125,1934.32088657544,1907.4809798142135,1927.0142098444826,199730,10324,68.59298841233829
2022-11-21,1899.495849609375,1924.9258663209553,1887.9766065156612,1911.4054785716983,190135,14421,77.3634850945812
2022-11-22,1903.8887939453125,1911.1614587642953,1885.5361295381108,1898.7637281000757,101070,6905,62.580667797511865
2022-11-23,1900.27685546875,1914.675850624253,1886.1219110785946,1908.3793885444525,135991,7782,74.69050163311026
2022-11-24,1928.3914794921875,1935.8105986493908,1902.375645041856,1909.7947641990595,193083,9166,47.36537996365996
2022-11-25,1978.1290283203125,1983.6445993908744,1921.2164619531777,1930.9296346432823,519779,5490,58.54229720649256
2022-11-28,1995.8470458984375,2018.3485728543817,1982.2290616300031,1987.5493203468911,459052,6701,49.25662623183811
2022-11-29,1986.5732421875,2024.4499688693286,1981.8386811436246,1991.45425752457,370078,5505,66.54987289442424
2022-11-30,1993.4556884765625,2004.0962074704319,1968.5625081721307,1981.6923928626127,302927,16956,78.39393259248021
2022-12-01,2014.68798828125,2021.2285013293588,1981.692276116203,2001.1186223083587,339095,17623,57.23611477025519
2022-12-02,2011.8565673828125,2030.5021390884926,1991.4540210290986,2011.0757956862635,235809,8046,66.82328306114356
2022-12-05,2015.1761474609375,2037.0430020076903,2009.5141217010769,2014.883238858889,256146,14134,50.525517566177015
2022-12-06,2014.638916015625,2018.2019615886718,1983.8885219007893,2011.0758704425782,296224,10167,67.41353173936369
2022-12-07,2020.7403564453125,2048.0740424262153,2014.0532700783676,2023.6201078378492,289788,9812,46.32401112392843
2022-12-08,2033.968017578125,2038.2632158877063,2010.9783868967068,2018.7880117001891,129422,6658,48.36039083585453
2022-12-09,2009.12353515625,2040.8012755578611,1986.670746482096,2039.044062451883,215945,13740,51.40814861523904
2022-12-12,2010.24609375,2030.6486417875283,1989.550637136693,2008.0496369278865,170585,9628,60.82657086521876
2022-12-13,2048.90380859375,2064.6693920708535,2003.6567031798709,2010.978225846789,466641,16271,58.8359174413496
2022-12-14,2096.981689453125,2102.741191628049,2035.7735727369143,2060.715606218347,709221,15051,50.164867437006144
2022-12-15,2096.688720703125,2111.478099901261,2069.550231324317,2091.8565638197297,440013,9378,63.597366417574165
2022-12-16,2073.260498046875,2093.3701418822557,2057.8364391197465,2074.431894273938,249764,15065,61.151458711182045
2022-12-19,2083.461669921875,2096.6892708866017,2046.609999293059,2073.260394195434,249934,7297,58.969629789558184
2022-12-20,2091.80810546875,2105.377233583985,2059.837453101271,2079.3126577933076,135732,11461,73.65679891713486
2022-12-21,2083.16845703125,2130.563162914833,2077.50643165837,2094.3947921393924,500211,8752,45.58812828609255
2022-12-22,2101.423095703125,2117.384108589817,2064.6691515294897,2086.145615517031,342093,10238,66.6730432572821
2022-12-23,2024.3524169921875,2088.049672293802,2006.4878517471748,2079.3127017998263,341079,4675,76.26387198180005
2022-12-26,2038.7022705078125,2067.158731244396,2010.0019973495707,2023.7665551212494,133092,13235,58.69684862325123
2022-12-27,2046.072998046875,2059.300598741225,2026.7441275055794,2048.90413025437,123887,13499,70.87460301436543
2022-12-28,2042.55859375,2053.931264210469,2022.9368166635668,2051.002654993439,76920,11692,61.691411700614054
2022-12-29,2050.1240234375,2061.7407438494024,2002.1435028063436,2039.2880747639215,259714,17638,70.09126300182842
2022-12-30,2080.532958984375,2108.5987994868037,2055.5909208890907,2059.7886420912755,271528,15344,60.81892661157072
2023-01-02,2077.35986328125,2087.5611363722755,2052.466688227833,2086.438598319832,128747,12910,56.59970744103693
2023-01-03,2078.922119140625,2090.4899823320857,2050.075271228623,2075.74945921511,241824,16485,47.90541313792129
2023-01-04,2072.2841796875,2083.022414778999,2056.860121617175,2069.501905263269,99638,12667,65.40072750452299
2023-01-05,2125.34033203125,2179.8613666044453,2074.675490092296,2082.0458706370373,1559767,11772,71.21193030628424
2023-01-06,2158.775390625,2168.732852681888,2119.629790208969,2125.340435214835,311477,5367,54.38582595527383
2023-01-09,2158.43408203125,2185.5725780162506,2145.8897758752764,2169.611560741,281731,13211,61.82084474015324
2023-01-10,2137.445068359375,2171.905077766743,2123.2412687573933,2152.0881115921843,192283,15139,76.26401533042356
2023-01-11,2139.6416015625,2159.0679442822584,2128.122359473504,2144.717809065728,115237,3514,55.62383453132944
2023-01-12,2161.5576171875,2166.1945817044425,2123.241647231709,2139.8370991870834,290124,3304,51.312771927130655
2023-01-13,2180.251708984375,2198.8484240062435,2144.913207659643,2162.2896689180134,352864,4458,67.70323665575972
2023-01-16,2170.88037109375,2201.24014268227,2162.289736663415,2184.6935487969918,338265,4252,51.023588715863774
2023-01-17,2187.427001953125,2195.480677180666,2162.777874741559,2172.100661610514,344793,12146,72.15749594113507
2023-01-18,2182.887451171875,2193.186201343567,2155.4560537067864,2191.575561853141,290433,4461,70.71557473675482
2023-01-19,2164.09619140625,2191.381023585473,2155.4566976255414,2176.9331683446367,164111,7971,56.45340498999717
2023-01-20,2172.393798828125,2181.814063995812,2154.480375498325,2166.1948134258196,67099,14775,67.11969755299054
2023-01-23,2193.91845703125,2206.120994142821,2171.124260705317,2174.101727426701,295614,8072,64.64559681363625
2023-01-24,2195.77392578125,2206.219252451908,2175.029607588948,2205.243049242858,161586,9192,68.3212210304867
2023-01-25,2186.54833984375,2201.2400040264824,2159.21465640677,2176.93264515949,232378,9349,50.84556066336585
2023-01-27,2078.09228515625,2185.9138665660716,2053.9312591749854,2184.352084652648,452570,10776,74.78916217957395
2023-01-30,2122.509521484375,2130.9535826937663,2075.7006320204146,2078.3851904585345,364619,8410,65.73174930876712
2023-01-31,2168.440185546875,2181.7652637084648,2127.1467430973094,2128.0740884581883,239814,15007,65.75809507915392
2023-02-01,2196.359375,2225.7431851894453,2170.1484633834484,2181.8140433764956,182168,16876,78.96914700918921
2023-02-02,2223.644287109375,2230.4288508675127,2175.956671190389,2191.673636153123,129598,3340,60.02888443190307
2023-02-03,2236.774169921875,2245.1693734303376,2182.5948988595123,2223.790621262386,125318,5120,72.88032454384657
2023-02-06,2245.608642578125,2252.588398621813,2203.4853405761596,2236.0906634290186,259975,7207,53.90114813552431
2023-02-07,2219.836669921875,2253.46681417766,2210.7093152579405,2240.38578986545,203117,12505,71.65924859585076
2023-02-08,2274.260009765625,2294.0769777072996,2204.266304537482,2211.099725322142,252144,3800,74.88865254479913
2023-02-09,2247.658203125,2269.476432143245,2237.993890247432,2260.9835150189015,109459,14991,47.669288380896404
2023-02-10,2253.32080078125,2264.303085632886,2209.3428035536426,2240.3861097337676,141462,10008,60.31310671714892
2023-02-13,2003.41259765625,2108.5496126128573,1987.158793946947,2031.4784337788556,2111387,8905,60.29412614543904
2023-02-14,1948.1107177734375,2032.1129159250454,1934.1510861232666,2004.1447948076686,1146004,15461,52.81310030725531
2023-02-15,1971.5887451171875,1976.8114082144468,1927.0739046467768,1945.5729069488357,412836,9685,64.71664033140348
2023-02-16,1952.9918212890625,1984.1815806077907,1948.5989075116709,1980.7160120727942,230533,14762,71.30232704036933
2023-02-17,1984.537353515625,2001.3617556365693,1943.797017749461,1954.312224298497,265356,14377,51.203098484319526
2023-02-20,2012.6595458984375,2025.6201493769904,1983.0212879179003,1987.7163782902855,307256,14059,52.88686432705925
2023-02-21,2008.20849609375,2052.3722599222433,2003.3666589430761,2024.7882360621754,172343,9589,51.615811993548796
2023-02-22,2007.8662109375,2028.3585868713444,1967.0770430379482,2003.268913049089,176624,17205,56.40726140798695
2023-02-23,2015.153564453125,2025.7666819460717,1988.3031557109566,2007.915285545533,140384,17840,52.508211153814095
2023-02-24,2003.75830078125,2025.7668737700606,1977.2990574930423,2025.7668737700606,215043,6047,68.1791047831122
2023-02-27,1999.2098388671875,2004.6875042646259,1963.262502978551,2003.7583011665797,118904,10165,74.46685834039812
2023-02-28,1970.35400390625,2008.2088182078357,1960.0833372933157,2005.225386334803,312408,15399,61.25024036782042
2023-03-01,2006.203369140625,2014.517717574411,1968.0551822091359,1975.8804513232874,79526,10095,55.900910342771056
2023-03-02,2009.9696044921875,2030.6575665471341,1992.7539149557556,2004.2472802770124,139979,15519,75.88873412454518
2023-03-03,2004.4429931640625,2034.0322972768886,1999.943486502116,2020.0445784800736,124272,4998,55.920792429450216
2023-03-06,2013.1485595703125,2020.8269622465548,2002.290902241975,2014.0288068960558,105182,10977,51.23277349702448
2023-03-08,2002.14404296875,2015.6915166211409,1985.7110490113707,2002.2907906495755,107358,5824,50.25059054344174
2023-03-09,1939.346435546875,2012.0725134527313,1932.8416560926578,2012.0725134527313,358124,13828,62.42625635523331
2023-03-10,1981.4071044921875,1990.063784712963,1913.8163652746284,1926.9725514300994,1084600,17559,67.20341126674052
2023-03-13,1931.0810546875,1981.407396576677,1924.4296464917497,1981.407396576677,185050,15410,69.2348043668099
2023-03-14,1920.761474609375,1957.8337155261381,1915.234853729785,1933.770914486094,201685,9622,76.67573521149964
2023-03-15,1918.658203125,1944.5794075006372,1912.3001718630512,1936.5585542856782,119470,10203,78.94897164171809
2023-03-16,1936.90087890625,1944.6283561389441,1901.2469243934443,1925.0162274019815,162807,13611,69.23442292054943
2023-03-17,1919.685546875,1959.0074817707798,1909.0724286692641,1952.4049100559114,144111,13387,76.63187784563715
2023-03-20,1929.515869140625,1941.351565783755,1906.4803029038358,1937.4389308998018,225452,6710,62.17008797331873
2023-03-21,1922.6199951171875,1951.7690544717216,1917.3379139415963,1927.1683378199166,111253,11858,51.67098531818955
2023-03-22,1949.1771240234375,1970.6966190699934,1929.1738229804612,1931.6681758497934,197126,8746,51.38086468532423
2023-03-23,1935.678466796875,1961.2083875115823,1927.657493020921,1949.1769865497265,119288,9074,75.23782295183325
2023-03-24,1924.674072265625,1945.0197024534461,1913.2784990423409,1941.1070674860794,168922,9750,61.269617395029115
2023-03-27,1894.25341796875,1933.7709368402925,1867.207304037973,1873.5163803566816,258069,17351,52.5054977435971
2023-03-28,1923.843017578125,1931.8638729853092,1897.6772663870581,1900.562787448332,92824,16788,47.54212762403273
2023-03-29,1921.83740234375,1925.9456213284182,1907.409560794153,1925.9456213284182,165672,8286,52.1261714244387
2023-03-31,1908.828125,1947.4654012940816,1906.6272674895777,1931.6682306870462,267682,8942,49.106568871345466
2023-04-03,1901.34521484375,1925.016611183017,1896.0141774843114,1925.016611183017,149416,7197,56.17277107120018
2023-04-05,1917.3868408203125,1923.0602096480761,1890.2429339954224,1901.3451319498245,268522,16947,75.6946023929967
2023-04-06,1926.7281494140625,1942.1341493395714,1910.7352781341242,1917.1911018411283,230663,10127,60.31776419905047
2023-04-10,1947.2205810546875,1957.6869513500778,1917.191155111286,1926.728202949212,285379,6208,52.03792468951226
2023-04-11,1945.9490966796875,1962.4310482068506,1908.9258108161534,1957.4424623202758,398582,7687,46.70715194561165
2023-04-12,2004.785400390625,2009.8717783485965,1947.7097393402871,1952.4049493046837,551810,9138,72.54654548481328
2023-04-13,2024.5440673828125,2029.9239404933842,1996.2752557027986,2013.050702101137,225413,3329,75.71083692485948
2023-04-17,2038.0423583984375,2042.8841956108236,1996.8617866313195,2019.6529293212584,101100,5260,68.99418250401737
2023-04-18,2078.978271484375,2085.4342140116555,2010.1159989652683,2044.2536398720797,351555,4015,72.68032542938923
2023-04-19,1979.695556640625,2083.380266759942,1973.1418212452388,2079.6144987839243,308906,7319,71.72631988877313
2023-04-20,1997.20458984375,2004.6874087816586,1972.0658382465615,1990.5530625610038,117880,8349,50.508764578019296
2023-04-21,1991.0911865234375,2004.6874982751972,1970.5498517913024,1995.0526580078592,136050,13422,69.98692103412515
2023-04-24,2006.643798828125,2024.055073024403,1984.4885977927863,1991.0911696149028,132571,9215,54.64003683995898
2023-04-25,1995.6883544921875,2024.201586028522,1972.9461639557612,2024.201586028522,155835,6549,52.303727852814774
2023-04-26,2016.914306640625,2030.608528596362,1985.1241485290927,1994.4656119819833,166336,17167,75.08807995971085
2023-04-27,2038.5806884765625,2043.373570692068,2006.3014506437055,2014.7134723697234,216628,13180,69.47688931625038
2023-04-28,2038.7271728515625,2046.6013977711643,2022.0005643591971,2038.5805445768942,146522,10215,77.21139138407216
2023-05-02,2066.849609375,2070.9088729992895,2022.0009314617837,2047.2864327599978,186729,3772,59.76108874067474
2023-05-03,2049.14453125,2073.109419004044,2041.4661288668312,2058.0458707962393,239071,16881,55.18057097470266
2023-05-04,2083.722412109375,2098.1502518364555,2054.1820693789705,2058.779367157473,239919,16990,64.94942609071725
2023-05-05,2092.4775390625,2107.932497945998,2073.696935334346,2083.7230643849016,321964,10752,47.9604437381838
2023-05-08,2127.69091796875,2132.3861278467684,2084.602976201747,2088.368983005895,316743,5505,67.3324399464266
2023-05-09,2110.6220703125,2138.6462233418206,2097.9549620966136,2132.2881913839797,285261,4014,48.857461578135776
2023-05-10,2152.04736328125,2160.7528814495968,2099.1778301224167,2115.7575747286,271872,7629,56.41681577790528
2023-05-11,2171.169921875,2191.075547483712,2153.954471572598,2161.7307856870552,334372,12327,54.217740882894674
2023-05-12,2146.275634765625,2183.9836980050945,2139.2329403368676,2168.577699463574,200289,3583,71.15093049292165
2023-05-15,2156.742431640625,2178.3108828328145,2139.282438815193,2144.613356980801,146279,16101,64.69731281010081
2023-05-16,2174.300048828125,2191.075374138064,2153.9053454696505,2160.7524560138318,157620,10026,72.60105549587566
2023-05-17,2156.2529296875,2178.1638277196625,2147.1562448792565,2178.0169606305867,160463,17294,56.768134146488784
2023-05-18,2142.216796875,2171.5126061193173,2135.320729350662,2157.329303061331,84498,16730,63.165729779562355
2023-05-19,2102.01416015625,2181.2939731761708,2095.4115887127796,2142.2165795798064,229849,3614,49.87681708711959
2023-05-22,2241.010986328125,2249.1784698243137,2083.5763597866226,2102.0145116902872,620100,4067,48.623385296005566
2023-05-23,2356.335693359375,2369.1007140020142,2232.011847895536,2249.765335344605,1246510,16161,77.52474244382014
2023-05-24,2324.692626953125,2355.3577663662327,2316.3293202737923,2346.652247343692,226394,3659,74.41683643850178
2023-05-25,2392.331787109375,2399.423438118899,2288.89149824632,2325.0833723638902,599950,15966,61.63678403324187
2023-05-26,2415.26953125,2437.5226427527195,2349.0482318145537,2409.156039078923,607382,8244,69.73668706571067
2023-05-29,2230.69091796875,2315.7417692719414,2199.1942555534292,2274.757015217137,1599906,16087,49.9222027484802
2023-05-30,2176.941162109375,2249.667118822949,2165.6923369582896,2233.1363321677086,1030231,17064,61.213426231289255
2023-05-31,2224.13720703125,2230.201742956584,2166.6214301091372,2176.354061006439,781049,12868,70.05963692129524
2023-06-01,2237.4404296875,2259.3513309355544,2230.2021498123104,2231.1313529464032,210324,8008,71.76767634760358
2023-06-02,2236.16845703125,2261.600580472572,2222.620864982476,2241.8415858292524,187306,14152,45.07570532177899
2023-06-05,2229.468505859375,2239.983713246888,2211.030116451902,2235.092919113161,195366,8345,55.0341820521128
2023-06-06,2247.173095703125,2258.5195938972847,2230.2019458985205,2238.8097906443477,156238,3745,46.62477179905137
2023-06-07,2250.058349609375,2267.5672936039923,2238.026950670604,2254.6556474194676,193743,17055,74.80563489580152
2023-06-08,2226.43603515625,2258.764230939332,2223.354930489933,2250.058713228441,134983,11921,72.3177688023976
2023-06-09,2215.6279296875,2234.9952858204033,2199.145855882559,2226.289766702415,125145,7605,58.622472832234266
2023-06-12,2249.422607421875,2254.6068964052865,2201.884236862069,2225.3110904704204,140398,16558,78.20075602349922
2023-06-13,2271.8720703125,2277.1540331133974,2238.1255865743506,2254.6563772879645,263139,5490,71.719157644544
2023-06-14,2272.2138671875,2291.434830304479,2258.7152283987857,2279.1099342781977,184903,10541,76.54138542941917
2023-06-15,2278.865478515625,2293.684488904746,2267.3721125439292,2274.952843291218,111923,17118,59.77620179498351
2023-06-16,2317.258056640625,2321.121735904603,2259.5466909412594,2282.777961032106,298093,8707,67.73938179307176
2023-06-19,2295.591796875,2347.58083526602,2285.956838340287,2324.10502691336,189575,17981,70.4860520289854
2023-06-20,2399.86328125,2413.8999533374567,2288.891230669982,2288.891230669982,924144,16097,71.37424997209527
2023-06-21,2422.312255859375,2469.85086708177,2399.863560096468,2399.863560096468,674493,10972,78.42660773872038
2023-06-22,2409.106689453125,2435.027892019967,2380.348922506041,2429.696975480134,288293,16336,51.2129807378485
2023-06-23,2344.695556640625,2401.770978297174,2333.6423146400753,2381.3275552724563,361412,5962,59.44331707880442
2023-06-26,2336.968505859375,2358.4392871998225,2298.5270477696104,2342.544203269358,203888,15174,66.57829751847466
2023-06-27,2308.112548828125,2360.1995101621005,2298.624455276371,2347.5813558974814,153590,8481,67.81794063091317
2023-06-28,2309.4326171875,2326.745977864736,2290.700974202065,2326.745977864736,144001,11487,51.719791186220654
2023-06-30,2318.62744140625,2341.2230044047074,2309.4328445370857,2309.872968219748,273165,5584,67.86513302867883
2023-07-03,2297.45068359375,2329.925510848717,2288.989704752806,2327.9691930766307,100760,16882,52.480725719624665
2023-07-04,2309.481689453125,2322.931371828872,2274.2190198990556,2307.476416319085,178503,17854,45.44901508088292
2023-07-05,2365.334716796875,2372.0352004120855,2298.7222427012175,2316.2311905128936,279656,15820,65.82499825877952
2023-07-06,2390.6201171875,2418.008563701923,2353.4500826322114,2369.8831983025257,300078,6299,45.52097545384243
2023-07-07,2336.968505859375,2400.4022132529076,2298.722631810161,2386.7079870974308,214715,13885,77.1964785190996
2023-07-10,2234.701904296875,2347.581345117968,2226.2896422868725,2347.581345117968,505755,5709,57.493640270097536
2023-07-11,2293.199951171875,2296.3355011945187,2234.1134810000012,2251.604333548683,445508,4117,52.73181489067788
2023-07-12,2351.0126953125,2376.489429707592,2279.7268327262336,2300.794132322175,537467,17376,54.12944065850954
2023-07-13,2339.890869140625,2390.8933760949626,2325.2417956857976,2364.240842042937,372433,13797,60.05624156644062
2023-07-14,2385.357421875,2390.8445751639906,2339.5482921282055,2340.920020643664,156736,5144,55.92255127268849
2023-07-17,2370.757080078125,2399.712416575993,2366.3966868236107,2385.945133347593,145317,10299,63.389530734903595
2023-07-18,2354.539794921875,2393.9309320785205,2345.427155564588,2366.494452434276,144521,14293,66.86993792719062
2023-07-19,2381.290283203125,2388.933349969696,2341.9484289344578,2361.4478302347547,175193,7936,45.195399778844916
2023-07-20,2360.9580078125,2385.9938432119543,2347.876829867505,2385.9938432119543,177734,17795,52.58883764156809
2023-07-21,2367.278076171875,2376.1950274295677,2336.8531724600825,2356.6465842245893,186630,5191,56.551228148164405
2023-07-24,2326.074462890625,2396.5273221049665,2316.9615849948827,2366.3961904869648,378015,6207,66.27539686379228
2023-07-25,2337.294921875,2345.47673121595,2312.5040467487374,2335.531099756617,286513,4625,71.42937358834956
2023-07-26,2451.98876953125,2466.0007818923827,2347.093168491978,2349.199802734485,994808,12592,50.35783442736651
2023-07-27,2423.278076171875,2459.3862989621393,2400.0551041546437,2457.96552913664,387145,14410,53.350790915465495
2023-07-28,2414.802490234375,2427.198045518745,2391.1386180425516,2424.6012346992557,229314,5240,62.78868461976134
2023-07-31,2491.18359375,2497.7977454647125,2408.8741501891336,2415.096208636325,357183,8269,66.08030073326918
2023-08-01,2472.811279296875,2518.2773584828997,2464.3842632624483,2501.6194926874873,262291,13171,56.11066697383088
2023-08-02,2419.848876953125,2477.5633835316844,2386.0432100890343,2474.133823125182,261565,14861,48.4655763860953
2023-08-03,2428.66748046875,2445.7662390622822,2400.838906968787,2417.3498845218955,154693,13409,67.23838712559922
2023-08-04,2432.587158203125,2460.415494541496,2421.269561416233,2437.143478319871,149437,14556,46.42105045209723
2023-08-07,2322.645263671875,2438.907259731584,2316.4229658519344,2386.9739191266126,741339,7915,63.941478003010324
2023-08-08,2324.653564453125,2331.4638818413896,2288.0063633603813,2322.645013631435,461480,15916,70.36694407182924
2023-08-09,2307.60400390625,2337.000233255374,2273.308402998938,2332.002778575172,306590,12153,53.34390688226999
2023-08-10,2316.276123046875,2325.241877833125,2293.4940439657034,2304.370505926236,179744,10992,74.46117669832869
2023-08-11,2307.88427734375,2331.441127386711,2286.9775250040884,2316.276453098089,263796,17663,68.59415382357595
2023-08-14,2324.030517578125,2328.202043161361,2260.083580078765,2301.7005865149204,167052,9682,51.79334181782883
2023-08-16,2324.96240234375,2345.7220158000287,2284.572324334079,2321.330769995862,207978,17364,60.67204076723176
2023-08-17,2309.7978515625,2330.262957595125,2299.1480981339864,2324.962523409326,200039,17186,75.00948842966223
2023-08-18,2336.0048828125,2340.9616839902446,2285.112421428607,2306.6079485857754,199171,7148,77.85874080457373
2023-08-21,2338.11572265625,2365.1568329602756,2324.9630036702424,2336.054402330533,196530,8400,67.84798095028869
2023-08-22,2341.69775390625,2350.7769550897906,2331.538768080262,2341.1087368953454,64480,5893,66.89363899491923
2023-08-23,2336.44677734375,2360.592644109538,2329.7234036131003,2350.7772900799764,114954,17165,60.34583286825371
2023-08-24,2338.1640625,2353.6232424399955,2327.2200404907676,2344.8876747079057,66216,13068,77.51771685838548
2023-08-25,2331.686279296875,2343.611837591761,2300.2280243381133,2334.090992906351,85596,3113,76.88842898566843
2023-08-28,2320.447509765625,2350.28608460457,2305.2825989084977,2327.2200069314827,130905,15516,53.31443772075239
2023-08-29,2319.66259765625,2339.5878136780357,2312.104823201824,2336.0541904780303,52529,12421,45.264154687446776
2023-08-30,2325.944091796875,2338.262407417004,2314.9509446502275,2323.244869792301,80154,15893,77.12835637451388
2023-08-31,2280.25390625,2340.765708437218,2270.7821853369123,2325.944427799803,371331,17288,57.52633132740841
2023-09-01,2318.190185546875,2322.459720443994,2280.3028260338338,2292.8665261584924,100941,11681,76.81892956035688
2023-09-04,2339.8818359375,2342.8755664396217,2309.552491926328,2333.0110890426913,292921,10281,66.05250008053272
2023-09-05,2363.39013671875,2379.2418377633217,2331.1466025940135,2331.1466025940135,211498,4963,56.87127761875309
2023-09-06,2371.634765625,2388.0263578788886,2359.6600824017632,2366.0400621127046,185472,5493,59.22999729443354
2023-09-07,2355.831298828125,2382.774628164757,2316.471886360477,2370.701698895583,177246,3291,46.43178434445152
2023-09-08,2358.040283203125,2370.3585990105867,2342.1885841337044,2356.7644790331237,75008,5647,76.0696734878965
2023-09-11,2387.486572265625,2394.946337037331,2347.2436215203256,2378.161986117324,180304,12957,45.03827958177545
2023-09-12,2348.028564453125,2405.742884768215,2313.4785717660884,2405.742884768215,291455,16378,67.92814088680976
2023-09-13,2357.45166015625,2379.0454379350217,2306.6080809142477,2355.341215366459,156948,16080,60.68936522499115
2023-09-14,2456.390380859375,2473.4198748344666,2362.5555086750596,2363.4387946075467,510275,12675,62.8199376397164
2023-09-15,2491.970947265625,2497.025758116304,2446.9674587201043,2458.7458821074456,466711,4304,53.165432369776475
2023-09-18,2480.241455078125,2490.744074500002,2448.538056576839,2478.4257585517134,220169,6054,60.4737501163432
2023-09-20,2503.20947265625,2529.6618005272626,2454.96686986186,2457.6660918820166,487129,9339,78.52944991702772
2023-09-21,2482.597412109375,2497.0259338477663,2469.8865772358554,2488.192115685569,120153,6145,70.12728367533826
2023-09-22,2500.16650390625,2511.650418234924,2456.635559991972,2474.450328663013,152790,17602,45.43543383200138
2023-09-25,2515.037353515625,2531.2815728440155,2488.6339072086084,2505.5653930300923,316861,9808,57.85539592513611
2023-09-26,2508.019287109375,2525.245281861943,2495.8483436095776,2507.8230279495733,97834,5942,55.264180049063455
2023-09-27,2508.60791015625,2517.687111473108,2466.4999029719984,2506.7919740398243,152126,13113,60.57273989001609
2023-09-28,2497.712646484375,2523.42882152856,2469.4935086825467,2508.607783367,229380,12671,76.25706851738775
2023-09-29,2510.57080078125,2521.3185633730463,2471.309392495149,2485.7379121137674,340383,15066,71.68417977492985
2023-10-03,2471.70166015625,2510.2269131314897,2432.391131168372,2510.2269131314897,160421,8108,56.762379750444516
2023-10-04,2482.401123046875,2491.2838261634593,2450.9919921820606,2475.432126283184,94099,10326,66.25472734648827
2023-10-05,2537.514404296875,2561.807405556462,2480.2417175954483,2482.3030377978134,309033,14393,48.58334071124009
2023-10-06,2514.74267578125,2550.028823468145,2506.69413388775,2550.028823468145,77637,4374,48.82409517143268
2023-10-09,2496.28955078125,2506.1049033843415,2464.63503863628,2464.63503863628,167254,13397,74.75292659967693
2023-10-10,2519.257080078125,2532.311545412506,2493.0992643582736,2496.043869788618,170493,7502,77.60028915567727
2023-10-11,2538.544677734375,2555.9178038199893,2519.6009993878315,2527.2570223027583,274965,13202,70.71240440934793
2023-10-12,2547.427978515625,2556.654315358353,2533.3428497705763,2542.2257930052933,161807,17438,73.95259490329514
2023-10-13,2537.514404296875,2569.6596887918845,2525.1960870447733,2540.2136266590514,124851,5967,59.730133804367064
2023-10-16,2546.789794921875,2551.7957211979274,2484.36428872068,2527.944363608923,228937,8371,66.40374687989112
2023-10-17,2568.186767578125,2588.3082385260905,2548.8996973761678,2563.7698593212544,260441,15181,48.36380050148392
2023-10-18,2539.5263671875,2578.8857895202173,2518.7178664461776,2565.782436850945,165439,9302,69.02550902975365
2023-10-19,2528.533203125,2541.194912746811,2501.001089805444,2519.650260659901,105214,8708,64.13931444307303
2023-10-20,2493.835205078125,2533.979893201357,2481.7131512273686,2524.0665328694085,204557,15652,68.44357291247057
2023-10-23,2519.5029296875,2542.8635183471574,2442.943174343636,2452.8076522856254,1026913,3385,60.926860268682965
2023-10-25,2544.97412109375,2591.253418684231,2507.822910885686,2516.7549787501243,821381,5497,54.63595363543571
2023-10-26,2508.8037109375,2539.2312989809516,2469.8368154664367,2538.249763882776,563889,6563,59.34833699491593
2023-10-27,2551.599609375,2569.119873087458,2509.835228743296,2512.7307103462617,207553,13336,45.38924532684428
2023-10-30,2529.07275390625,2559.8439804289537,2516.0185265403843,2559.8439804289537,325343,12171,72.02865882656158
2023-10-31,2510.5419921875,2551.8797677917355,2501.940205825361,2535.9050216906194,190106,3962,75.97950431194451
2023-11-01,2515.654052734375,2532.1695317967465,2504.545411221843,2523.7151079894556,162750,5929,77.70340004834603
2023-11-02,2495.94384765625,2543.818892791542,2487.538624166173,2530.400199855013,137560,11013,53.14438145521472
2023-11-03,2500.56396484375,2510.6895449843223,2490.2418204296673,2502.5300875892895,147094,5697,70.66711091346005
2023-11-06,2521.9951171875,2535.8071794826897,2501.89155719459,2507.8883284418334,365431,6709,45.16011806815828
2023-11-07,2515.506591796875,2524.354143807408,2503.4148893814377,2521.4539208664555,159650,4891,52.43710307230391
2023-11-08,2556.451416015625,2583.9771378569776,2515.5559618492307,2519.7831742759167,507671,5447,64.97505049482899
2023-11-09,2540.37744140625,2572.6218959730763,2522.9773065958652,2562.7420831553895,88418,17794,46.149986811429415
2023-11-10,2523.075927734375,2539.9845334246397,2503.857032078397,2536.2980536954315,103882,7638,58.157487501208266
2023-11-13,2529.859375,2538.264598180925,2496.9760183499416,2528.876313575453,177737,8077,62.94294644984538
2023-11-15,2590.170166015625,2611.0110192222287,2541.557828888454,2547.1612307404093,399100,13833,59.862373427585574
2023-11-16,2608.995361328125,2637.3075733822457,2579.2085573962395,2590.3171975431046,466453,12962,57.18666885174957
2023-11-17,2598.869873046875,2628.6566780173252,2590.4156899893683,2596.264856640738,150179,8899,76.31743541955282
2023-11-20,2454.409423828125,2603.7855600880803,2442.0229938155444,2599.2144204415144,615859,8395,65.9432877390949
2023-11-21,2424.376708984375,2471.317889544399,2420.297100288575,2457.6534324619975,354926,6474,54.70306587212986
2023-11-22,2457.751953125,2470.5807126569366,2427.326010159673,2428.1617083690985,231313,14535,74.75431333460806
2023-11-23,2509.85400390625,2518.8489191678545,2459.521071279038,2459.570272347095,340499,10118,49.31061904141201
2023-11-24,2527.3037109375,2542.0496331904633,2504.054162848847,2529.367996049768,294957,14080,65.91556868727739
2023-11-28,2575.5712890625,2585.3037394977705,2527.253924343313,2527.3031254071393,423349,7276,54.09111214539411
2023-11-29,2538.8056640625,2604.130056319055,2531.383501329394,2580.7823444135893,139545,14914,68.81491345595255
2023-11-30,2532.759521484375,2564.3158912488225,2525.239197103858,2546.030851571344,494056,17757,67.9517723475622
2023-12-01,2516.342041015625,2554.484868660315,2504.8402714437107,2544.1627246845856,265697,7001,68.4770699574969
2023-12-04,2517.424072265625,2548.095544710158,2486.1626668873414,2546.620952381043,261846,3380,47.76343251205797
2023-12-05,2547.06298828125,2565.6919545558744,2505.037111749064,2527.4509605672765,468561,5335,75.15495275280374
2023-12-06,2538.903076171875,2588.400306791092,2532.3658147716874,2573.1136561426547,246881,10527,77.21750117253137
2023-12-07,2576.259765625,2632.6384329984344,2534.332292856596,2539.247599863688,450303,8776,50.14010236961291
2023-12-08,2561.513916015625,2599.2144178131543,2516.8338220765777,2599.2144178131543,244484,16826,65.10157153917487
2023-12-11,2528.875732421875,2560.7760203164735,2521.5519744930957,2560.7760203164735,740486,17662,48.35797814062422
2023-12-12,2552.223876953125,2570.705478682363,2528.8761694507516,2528.8761694507516,158815,4275,63.04732031723549
2023-12-13,2537.18310546875,2563.9715289799597,2492.0606826024186,2560.825780458588,263801,16258,48.297566501207555
2023-12-14,2568.49365234375,2576.210780274228,2533.398408644987,2553.010435417364,320109,11249,49.67487129443235
2023-12-15,2527.6474609375,2587.4176429395816,2520.5694667542125,2575.620905965693,168934,10372,67.20378533089041
2023-12-18,2482.08251953125,2533.4964355931356,2466.5009012949986,2531.186385447978,270428,17523,48.18093757551286
2023-12-19,2467.091064453125,2502.18630955604,2462.568885866208,2477.364008411081,177234,3185,47.80097606995989
2023-12-20,2394.3935546875,2498.6472707671437,2379.0579398785167,2482.230192347517,260386,3779,61.28357114716163
2023-12-21,2437.598876953125,2444.185339612019,2366.7200617598173,2376.059144038828,160725,6978,72.3361169234513
2023-12-22,2459.225830078125,2470.776798408551,2419.706580466923,2453.7205917228366,269113,10496,74.3563926153501
2023-12-26,2472.30126953125,2509.4610422200253,2444.5297821654235,2467.4843641849407,129665,3703,51.7007625534662
2023-12-27,2494.8623046875,2501.399566562264,2465.5670289075015,2485.179054537003,86308,7411,48.65482047376903
2023-12-28,2479.722900390625,2508.477443093337,2455.3429324228414,2488.3246866692143,274384,11657,72.67244431806506
2023-12-29,2525.042724609375,2531.3834234359597,2477.315039634415,2477.4134417888836,160522,8106,78.47528346314449
2024-01-01,2532.612060546875,2552.027524184255,2523.076412482981,2528.4340493844006,119304,8970,69.55071628188037
2024-01-02,2479.03466796875,2549.0777809231563,2473.627831179287,2549.0777809231563,307356,9429,74.13515554679944
2024-01-03,2463.453857421875,2491.8152793173845,2447.8232746820345,2486.9491726157557,142806,5949,59.47386270876336
2024-01-04,2457.751953125,2474.7587236936038,2447.8229367769454,2467.041835546662,120156,14520,57.8168112750477
2024-01-05,2534.872802734375,2560.333994800236,2467.188935169442,2467.4347004982833,339025,17442,71.27022849134303
2024-01-08,2501.6943359375,2541.2133504855997,2492.060287613538,2535.3641840048626,137028,7213,62.11402911366893
2024-01-09,2579.061767578125,2599.1653266466296,2506.806749504181,2506.9541127226435,375050,6899,48.49652930273143
2024-01-10,2604.916259765625,2615.9264999266143,2543.0325899273707,2578.7667293786953,333853,15363,61.55594689725646
2024-01-11,2620.350341796875,2676.8763761819137,2596.3145369159374,2611.0112578549993,646356,5377,61.19752941698062
2024-01-12,2587.319091796875,2633.129847076073,2559.2036809646947,2620.841580102599,187537,17249,75.20295166050965
2024-01-15,2633.719970703125,2660.5573557133616,2560.9242238772454,2609.880731047457,330871,14866,46.48528440670107
2024-01-16,2562.693603515625,2630.2790720472076,2555.8121739924095,2630.2790720472076,145483,15292,60.00053939620781
2024-01-17,2512.557861328125,2562.4482330597584,2506.216922571824,2542.688600667395,156785,11857,69.05417346958285
2024-01-18,2519.045654296875,2547.013703324211,2468.2706286288108,2511.7218948159716,237036,15818,71.71081688776496
2024-01-19,2597.198974609375,2607.078789516392,2528.4338788220816,2540.132213285772,216875,9959,66.54351819687727
2024-01-23,2577.537841796875,2735.5157639670856,2562.69375836015,2732.7141829236266,333172,10131,72.48319348431053
2024-01-24,2668.569091796875,2685.772664494533,2566.576482232189,2577.53751969176,262223,7491,52.511195913712086
2024-01-25,2484.196044921875,2709.218693155095,2452.7380815512774,2664.0962729474795,911365,9308,55.99372905535067
2024-01-29,2466.205810546875,2506.8062898302637,2442.3665742612343,2506.8062898302637,599618,12696,74.35380024755624
2024-01-30,2410.61376953125,2498.6961616211697,2408.500283651762,2487.145190873044,301527,9599,49.73962145964287
2024-01-31,2412.67822265625,2425.261455438792,2382.9406179968423,2415.8731719171783,404937,5865,63.1697297515672
2024-02-01,2395.229248046875,2451.7552820147366,2380.3359629252645,2423.197298591665,234190,15756,65.40392228651183
2024-02-02,2414.823974609375,2440.7703333140867,2392.9148914359052,2412.362279870783,264382,3188,70.24181277528409
2024-02-05,2373.664794921875,2443.9707053543016,2363.2271123490427,2421.224548237985,414992,8109,47.95584510569956
2024-02-06,2345.650390625,2383.560490216218,2341.6626374034904,2374.9938404664904,373510,11887,64.97510738471814
2024-02-07,2313.40234375,2367.1658574714993,2308.0851788324435,2366.033573957543,467803,7413,46.354762730553574
2024-02-08,2276.082275390625,2329.4024713407625,2268.697193380922,2313.4014603197384,194937,12856,69.5248419277252
2024-02-09,2262.297119140625,2294.299145853169,2244.425314228786,2294.299145853169,268270,5176,63.72363546531327
2024-02-12,2308.577392578125,2320.787302674503,2245.1642304390675,2274.556722227483,612117,3506,56.455120553665694
2024-02-13,2280.119873046875,2315.9127646896113,2258.0136654432276,2313.9926911747743,221202,12463,45.137624907431956
2024-02-14,2315.027099609375,2325.7107109293397,2250.5799770538492,2274.5567404529475,119297,6478,52.28521316813723
2024-02-15,2299.07568359375,2337.2810003182635,2294.2998988032264,2328.7636311886827,127649,4547,70.1378063764758
2024-02-16,2303.89990234375,2323.1504015791097,2296.9578757141376,2304.146071795865,135488,4812,52.81144881320153
2024-02-19,2288.243896484375,2309.0204565011068,2277.560044818033,2304.1463488431464,135084,16116,71.3044219914697
2024-02-20,2259.39306640625,2291.8381600550815,2242.6535395658907,2288.3917868820663,237725,4144,68.46108159730295
2024-02-21,2223.205810546875,2276.575304643224,2216.5099527473603,2259.392723369383,209004,13904,50.52310748464948
2024-02-22,2245.410400390625,2251.958412425963,2218.2824755015818,2232.806474882116,114899,16409,74.86811381900075
2024-02-23,2297.74609375,2317.1442021075063,2251.4662281377223,2251.4662281377223,303936,14988,77.2778968164003
2024-02-26,2255.059814453125,2297.2533552213995,2232.3139010395407,2297.204073250403,721204,13779,46.5258302394721
2024-02-27,2254.173583984375,2279.7259240247045,2242.3574507495546,2259.6385936854485,177543,14083,69.07565210101085
2024-02-28,2195.044189453125,2264.513271696914,2184.0158437324735,2254.174152508821,282334,11397,51.036366210481646
2024-02-29,2194.7978515625,2205.6785909056507,2160.8757445278798,2194.847133539596,478956,16675,69.12532141496793
2024-03-01,2216.3623046875,2228.71981977459,2176.187399061299,2207.5002037581853,1018688,4027,55.12177683445837
2024-03-04,2204.053955078125,2235.0220280976077,2198.8843959120786,2235.0220280976077,351156,15605,55.278735259432054
2024-03-05,2237.040771484375,2288.3916321297365,2199.7706136737656,2199.7706136737656,586091,16799,69.96269406206757
2024-03-06,2246.641357421875,2251.9585223115373,2201.0507192312602,2246.838244936326,272361,11446,54.24320223100012
2024-03-07,2232.412841796875,2254.912832375968,2224.3878115010093,2245.0660514485617,137523,14940,61.755207507263165
2024-03-11,2212.2265625,2229.1632151181075,2160.1864784399377,2215.5253297064055,863296,8200,61.04366782453168
2024-03-12,2308.47900390625,2321.8707208480314,2199.770649013784,2203.561755468598,1134190,5342,47.432584758759454
2024-03-13,2250.383056640625,2342.3521281893886,2235.7114502641703,2327.7295633941367,634895,10697,62.995122559014334
2024-03-14,2233.003662109375,2257.916065013024,2178.8956509972472,2225.372407173272,402650,8196,74.83601543198495
2024-03-15,2232.26513671875,2251.1216251940573,2198.786083058213,2217.98730501058,282792,17619,47.557260201217964
2024-03-18,2225.716796875,2244.9670575818313,2198.785760035704,2227.833758209037,285308,16103,58.280312111037766
2024-03-19,2249.496826171875,2264.7593347320258,2211.7836117787497,2225.716949317147,365379,4190,52.307673843164764
2024-03-20,2245.45947265625,2287.406848956343,2213.6545675929096,2255.8478729775056,206430,6108,48.53681696653475
2024-03-21,2274.162841796875,2287.3081472316157,2239.502228562379,2249.5951768144623,256352,10919,49.55252846334095
2024-03-22,2241.176513671875,2277.5110373929933,2224.7324383910423,2269.6828950107915,312564,16139,46.31101612971628
2024-03-26,2231.673828125,2253.878362170658,2218.4792408286216,2237.188120356249,146934,15891,76.94468827638941
2024-03-27,2255.74951171875,2277.5107495351963,2220.8424870957424,2239.9453830050707,264660,14002,74.02014871586002
2024-03-28,2281.84326171875,2297.2533735726993,2240.1420595276,2272.045525006642,271784,13239,78.35667687033688
2024-04-01,2249.74267578125,2301.733713370468,2246.6900783433007,2285.387965205723,308787,5141,63.10676899385156
2024-04-02,2296.712158203125,2310.054593213216,2249.0045570754414,2262.7900491065516,263542,13486,75.96302040579877
2024-04-03,2282.58203125,2318.2766066121562,2275.1476647152836,2293.3149246472176,224993,10131,54.28076464675428
2024-04-04,2306.854248046875,2321.77202270451,2284.1573734094413,2299.1737120212074,460684,5196,45.12577445668524
2024-04-05,2367.658447265625,2379.9669232859287,2276.5757247153774,2313.0088137354765,553111,9242,62.079944312450756
2024-04-08,2404.33740234375,2413.2980679155335,2362.2424196673105,2390.3057414516034,452062,8787,57.191452968532374
2024-04-09,2396.213623046875,2423.7846037106565,2377.5540252847545,2408.1283215651015,374663,13992,53.57773546902724
2024-04-10,2381.985107421875,2434.4192052743197,2366.7718820404366,2400.1030845104688,253135,13250,56.07334926747734
2024-04-12,2356.383544921875,2396.263000688406,2348.8506145927117,2377.849571661367,621524,10571,70.27458334738395
2024-04-15,2350.869140625,2365.1962517620673,2299.321398195587,2311.0389687283814,117328,9450,63.17999446919876
2024-04-16,2316.06103515625,2358.25433984961,2309.0697257541415,2343.5334530042032,110919,16519,48.28764777386583
2024-04-18,2298.5830078125,2352.5924476984046,2290.6070204689686,2318.9165107810513,179830,5508,62.44215148921542
2024-04-19,2312.41748046875,2319.6056772071265,2230.5908913507114,2284.452724313825,162894,6489,58.14588560255751
2024-04-22,2331.077392578125,2355.497212909988,2305.3772024580408,2330.732659142843,107992,6140,55.94613095467915
2024-04-23,2309.21728515625,2343.4348422424655,2296.761205858917,2343.4348422424655,431125,6855,53.62524543548424
2024-04-24,2296.957763671875,2313.9434550392684,2275.5903043505427,2305.2292010993815,346795,15491,51.83486245034651
2024-04-25,2354.118896484375,2368.150557793547,2277.1171260115666,2306.854353127165,426499,7523,76.01909612003521
2024-04-26,2339.3974609375,2364.7529131561555,2324.528730660992,2360.1249757826217,263222,9783,53.389150114403826
2024-04-29,2359.2880859375,2373.07357558822,2325.9076035860585,2344.468636483004,272166,14643,51.68719825692826
2024-04-30,2392.668701171875,2440.0318036907947,2361.257572740325,2361.8975172068476,378091,15431,49.59209189211747
2024-05-02,2422.849365234375,2429.2004898985588,2389.96097763708,2402.564903410897,183928,5563,47.637855596145016
2024-05-03,2407.09423828125,2436.5852912204955,2385.8743829570662,2423.587591939744,325984,8290,52.7220725417731
2024-05-06,2427.920166015625,2436.486815369496,2390.010068176196,2416.9411039701276,269106,15629,57.72157018422349
2024-05-07,2406.552734375,2451.8479167732203,2365.1962634896686,2440.031782234554,574612,9295,69.70561054417917
2024-05-08,2430.628173828125,2441.016574008055,2380.508163648018,2412.460914207235,281864,6987,68.17429390108305
2024-05-09,2403.64794921875,2451.7986006328733,2393.751888600547,2438.0623925030663,389824,5802,61.793736033861265
2024-05-10,2439.785400390625,2450.469250599295,2380.0155064652636,2403.598491515898,265916,8270,69.27706057718112
2024-05-13,2434.911376953125,2451.3061666010663,2389.8130844286407,2437.2745075762996,160684,7609,54.40496943152887
2024-05-14,2449.533935546875,2479.419006627859,2424.6708180260835,2434.9116126508147,354234,8230,53.75462254286967
2024-05-15,2478.04052734375,2489.265759370834,2437.5701690357987,2456.7713883030974,285072,4369,67.5311653409056
2024-05-16,2551.98974609375,2559.1779430711567,2477.2527872790597,2486.3117761657063,422441,16579,52.22774478861175
2024-05-17,2623.723388671875,2633.0285461870662,2550.611058995589,2560.1131039989586,795308,5005,71.32001026425657
2024-05-21,3005.926513671875,3125.6634558727274,2822.4809522907603,2853.5968735731904,3398051,5513,66.24589956256126
2024-05-22,3065.794677734375,3116.2594207033444,2984.066411072434,3005.1384222205,1357297,15182,69.87261494667513
2024-05-23,3006.074462890625,3081.008317801701,2996.966190983306,3065.1058635505096,438393,15325,53.9830197406981
2024-05-24,2997.212158203125,3058.2621928128056,2955.7078372083797,2999.3291196949535,488048,10247,55.92974586111862
2024-05-27,3054.421875,3066.287292983787,2950.587627946666,3008.0436854250615,383275,10843,74.3875816328632
2024-05-28,3052.058349609375,3073.868868338322,3011.4896693181304,3061.363507430081,211945,9541,59.57692997365875
2024-05-29,3051.76318359375,3072.1952513712995,3019.613544190479,3049.49837619385,275707,8983,60.27554006059514
2024-05-30,3043.934814453125,3096.811969153287,3022.1240549137574,3052.501464030267,277774,14945,70.77278261766699
2024-05-31,3003.316650390625,3067.7637660034557,2975.696389299452,3052.501259704931,832453,4811,64.5567479240159
2024-06-03,3003.1689453125,3090.8545578841367,2993.420730540753,3090.8545578841367,462034,4010,53.73932602130792
2024-06-04,2853.1533203125,2994.2577027131647,2737.3551102927267,2978.6011808340354,1011350,16815,72.50567956346303
2024-06-05,3075.1494140625,3094.744410230378,2863.2960371403137,2875.2597787584054,417163,16528,66.97509011926957
2024-06-06,3060.871337890625,3106.6588615232176,3028.376966280398,3071.2104561302426,282371,6130,49.8418768597648
2024-06-07,3152.840576171875,3177.4084860266094,3057.4746505422668,3072.195539422014,513847,6486,50.947260041776865
2024-06-10,3200.745361328125,3217.6817761199222,3135.756608448035,3185.4335691983624,453385,4018,47.5005204982956
2024-06-11,3164.115234375,3233.1903018124613,3151.954364580992,3203.7975665451117,341546,9586,69.04904938561532
2024-06-12,3160.028076171875,3198.4305119333803,3148.9997324434157,3195.6733659012993,149694,4829,57.86120490778941
2024-06-13,3141.172119140625,3195.230845475994,3133.393018658185,3173.666493318146,207395,11195,59.25189025231471
2024-06-14,3190.947021484375,3206.7509080855093,3126.3520607002015,3170.662562347921,142332,8433,60.69075977374801
2024-06-18,3294.33837890625,3310.4869998185873,3190.9472025288105,3190.9472025288105,470456,12706,46.57149223017634
2024-06-19,3239.196044921875,3312.4066918998833,3226.5428395870863,3312.4066918998833,410371,10217,72.01030069872083
2024-06-20,3271.3955078125,3281.3406105831646,3199.267850037643,3238.6056849352162,189573,10708,51.75897449913764
2024-06-21,3168.792236328125,3270.0169382033223,3153.5787695401714,3270.0169382033223,332444,10645,67.59704096635994
2024-06-24,3173.616943359375,3189.371790115115,3113.650154055293,3152.003311046321,210892,17890,46.307571397472636
2024-06-25,3135.854736328125,3189.3720824671204,3120.198452089437,3160.8164201048025,128516,9733,45.860024858465316
2024-06-26,3126.844970703125,3165.7890334552226,3099.717043881885,3131.2760216771962,367983,16023,46.18460810475477
2024-06-27,3150.72314453125,3163.277787891754,3098.7813847456346,3150.870750057892,462919,8627,60.10513290907695
2024-06-28,3179.525390625,3204.339229148842,3131.1776027091705,3150.7235579598464,254300,12025,71.78963406888501
2024-07-01,3142.009033203125,3199.071317423956,3135.2148509486587,3190.25825672589,172686,9662,71.82170440425395
2024-07-02,3081.697021484375,3150.4275853765243,3071.9488066623676,3131.275648749525,279208,14557,57.97607350543647
2024-07-03,3064.613037109375,3118.5734334201798,3040.3898649187972,3099.7659896104333,350920,11929,70.95381825322184
2024-07-04,3099.5693359375,3116.505748798861,3044.230482569613,3068.256528675277,115820,15232,49.235489273759654
2024-07-05,3132.794921875,3150.048709800354,3087.9844179471584,3103.709965086546,122584,14613,52.965072043678404
2024-07-08,3121.308837890625,3164.8375825016146,3066.244511395645,3143.1471068583014,362156,5633,67.33584941829884
2024-07-09,3142.99951171875,3154.978474331174,3078.914011458898,3120.421552588364,362892,9627,57.711682771786556
2024-07-10,3133.287841796875,3163.851694249897,3079.110996638232,3163.851694249897,156173,7095,77.58387109665007
2024-07-11,3105.5830078125,3153.0063706451483,3095.8223901894203,3153.0063706451483,126876,11300,76.66735187906738
2024-07-12,3078.96337890625,3135.2601271573285,3067.32958735123,3110.6118557174127,196245,11942,46.94065004453295
2024-07-15,3111.696044921875,3134.520244831399,3050.6667888667353,3083.9912953786634,737446,7620,67.63242784848691
2024-07-16,3070.38525390625,3121.160683568905,3056.8287071516575,3114.850823543605,354447,17959,54.47606994913063
2024-07-18,3125.302001953125,3133.288137856778,3047.610846102661,3076.1041504446657,1028345,17774,61.615782114361664
2024-07-19,3095.4775390625,3125.3019457540677,3050.8641703751136,3125.3019457540677,311203,8650,54.38593487401448
2024-07-22,3119.1396484375,3150.0486730136877,3060.1811835228405,3062.5966656630326,186323,17840,58.77755959334934
2024-07-23,3130.083251953125,3140.5833168278737,3003.1940286472673,3100.7518158571784,391870,12604,66.84914718217408
2024-07-24,3092.32275390625,3140.1403999389618,3079.3085148797386,3130.0839534505562,93541,17768,46.886987150333525
2024-07-25,3116.47802734375,3127.323266537769,3047.2163861274025,3090.3508601945227,209481,16081,53.0681674354673
2024-07-26,3233.951904296875,3253.571832092943,3119.090959315412,3120.569855602727,431978,16292,56.06393202655085
2024-07-29,3258.649169921875,3268.3606848302993,3195.8947691937906,3249.6279991555557,416452,8726,56.50766344332476
2024-07-30,3214.873779296875,3281.029830678716,3208.268091235837,3259.487146931064,159736,4734,73.31456533614103
2024-07-31,3276.543701171875,3305.579313543395,3229.120335936794,3229.120335936794,300188,17769,53.59087691499012
2024-08-01,3298.7763671875,3327.5161511439733,3274.2758927256696,3275.26182343712,266017,4274,67.01116078879868
2024-08-02,3246.029052734375,3322.5864756916817,3229.76119610265,3282.9027648173223,167969,9852,56.586588566468194
2024-08-05,3111.15380859375,3194.4156118161413,3084.0407131230886,3155.0277267190027,292270,3319,60.01961439596553
2024-08-06,3106.61865234375,3183.422807230014,3091.0902420126954,3112.0906165063225,424685,11104,78.85521122755577
2024-08-07,3164.49267578125,3179.725499108833,3128.2597191120385,3128.2597191120385,214676,14233,65.35696181763029
2024-08-08,3084.23828125,3164.8381308439225,3060.329457364341,3158.9225455526253,328216,17709,63.58593043473014
2024-08-09,3015.9130859375,3123.379547178963,2971.1519222164834,3105.6821367945736,334503,11303,53.91725367666278
2024-08-12,2804.6279296875,2947.8343771492664,2714.3168136118315,2932.2075185278413,1703248,6326,73.24736934869838
2024-08-13,2741.6767578125,2826.4668171593553,2722.155277403112,2826.417472472065,389574,16935,57.71280604600441
2024-08-14,2742.317138671875,2772.9796824221844,2722.746556978291,2759.6696168010244,209425,13254,50.00583982893471
2024-08-16,2792.6982421875,2797.7756893552128,2747.098944214068,2755.627149066257,155757,8904,45.06632300100735
2024-08-19,2762.87353515625,2807.338863474626,2756.711468534602,2802.5572441996637,182764,12981,67.33881174545714
2024-08-20,2805.576416015625,2821.7192826343794,2770.822091384446,2770.9700959851407,230637,5490,64.47481055594514
2024-08-21,2808.83447265625,2821.620478253081,2783.9041360831557,2805.5762022406934,215462,15364,62.06922910903026
2024-08-22,2833.468505859375,2837.960951268552,2800.0963641695353,2823.792525220335,120508,3339,70.60521390136834
2024-08-23,2817.029296875,2875.2823625057595,2809.96991161256,2836.4800895949634,209028,8055,61.892911727189734
2024-08-26,2824.433837890625,2838.8985123083585,2800.836510288019,2823.989583137815,89686,9773,55.583648131210204
2024-08-27,2785.385009765625,2827.593795361857,2767.5634743039213,2815.400049769689,229411,17596,49.47642608624356
2024-08-28,2784.7431640625,2801.034274701758,2770.5255639245274,2799.257014422058,371026,15608,59.79908998700327
2024-08-29,2815.597412109375,2829.5684176515265,2764.6013978495284,2784.7430373031266,309827,6689,65.71239077459944
2024-08-30,2793.92578125,2843.5396236416645,2785.38538539754,2830.704201729393,294445,9378,56.660388796948396
2024-09-02,2858.793701171875,2878.0962473702043,2798.9610387380826,2798.9610387380826,341410,13007,63.41181991486736
2024-09-03,2889.055908203125,2902.779838912749,2833.66603322435,2880.1698474717596,523409,9215,56.65899456945775
2024-09-04,2917.491455078125,2922.5269865086048,2853.5120030782246,2879.281437619892,390368,9494,51.51900505336911
2024-09-05,2920.107666015625,2941.2860622620287,2907.8153303802846,2939.064547109263,278379,8321,77.22107422819096
2024-09-06,2936.05322265625,2950.1722343707347,2896.954699119789,2922.5267114248245,282058,9824,67.72651612129664
2024-09-09,2935.065673828125,2947.6542592743476,2890.6847874649347,2942.174473870147,118553,16880,58.412753383213555
2024-09-10,3038.391357421875,3060.7545157703885,2932.9927946610724,2947.1609814186827,352228,6337,71.78208767493638
2024-09-11,3024.66650390625,3059.569067354291,3014.3488496991245,3041.994368137243,230572,17674,50.48647101623497
2024-09-12,3070.825439453125,3074.5773804201917,3026.5925503173917,3027.1850508568746,146885,17606,73.96430060881208
2024-09-13,3070.28173828125,3079.9083032928547,3052.509618259826,3074.5767637063495,230976,8168,71.91899436230216
2024-09-16,3030.8876953125,3084.895158115996,3014.8928316683923,3070.2333002130067,112050,4129,77.226975314899
2024-09-17,3037.05810546875,3052.756716421041,2987.246846324717,3036.0707653824466,79109,7184,56.59891750943411
2024-09-18,2997.120361328125,3048.7582980182947,2976.435633942294,3037.058221130093,189021,16601,66.94960913342665
2024-09-19,3050.930419921875,3061.7417461460577,2988.5305718543736,3001.5139981567286,144376,16613,74.2435942549296
2024-09-20,3038.93408203125,3085.4378984567243,3019.286109913812,3059.816470357907,195270,7085,61.560479400118936
2024-09-23,3089.831298828125,3115.8478057976554,3029.7023856666183,3055.817482012138,134339,14413,60.42520288744856
2024-09-24,3080.6982421875,3095.409752924339,3060.852852673102,3088.3995424534514,219838,16112,52.73617735259449
2024-09-25,2993.12109375,3091.2134153601087,2976.9779889570614,3080.550095564301,258276,13282,52.848225777190315
2024-09-26,2975.201416015625,3009.906324452011,2936.3494862785897,2999.045583245197,481194,13855,59.23453413171097
2024-09-27,3004.179931640625,3045.697634615349,2944.594096126589,2944.594096126589,197281,10481,76.35616392068991
2024-09-30,3011.535400390625,3021.2607970887702,2947.210287356202,2996.5772938445807,238611,3436,75.81595888132317
2024-10-01,3023.334228515625,3066.135277388992,2991.6405147610953,3011.5353214343763,387160,4374,55.66310859476251
2024-10-03,2927.21630859375,3014.497069473662,2912.6530433768658,2989.8629843167582,390760,8119,61.415754668143634
2024-10-04,2823.3486328125,2949.135674116456,2811.1054700681784,2927.216770540943,189359,9160,61.03703367881384
2024-10-07,2778.572509765625,2859.336979566951,2763.564988193334,2823.3484805030175,217603,16799,72.58156721504716
2024-10-08,2966.3154296875,2995.540553040595,2743.8182339443015,2801.0839617488245,671184,9742,50.477149183365256
2024-10-09,3000.180908203125,3021.0632960159423,2927.463406021544,2947.309038516023,375908,5153,48.92666757970526
2024-10-10,3021.113037109375,3030.147103608304,2979.7927529129556,2998.552216897497,237013,7337,48.20123541301181
2024-10-11,2985.124267578125,3041.205239210432,2944.643319333129,3027.0370519545954,194685,17767,73.99337966918594
2024-10-14,2940.891357421875,3010.2025851544104,2929.783781149038,3001.7113637614643,87636,3272,71.55673963707474
2024-10-15,2989.86328125,2995.8367371421646,2935.5595750481975,2953.2331076965015,171020,9424,72.92858702497959
2024-10-16,2989.073486328125,2997.416703470774,2943.211584376685,2973.917959591451,316759,10483,75.45820422983024
2024-10-17,2933.140625,2988.974756301357,2907.914037037867,2988.974756301357,98754,3184,58.14760324181907
2024-10-18,2960.68701171875,2974.9542676411834,2889.4011115160547,2921.5390769120545,64462,12612,49.86233576621747
2024-10-21,2931.955810546875,2986.5063504836044,2924.25450963996,2962.0202680576954,66257,12595,76.3216377024195
2024-10-22,2919.07080078125,2951.899856802213,2891.9189499368445,2924.501170950131,152063,9837,55.01207065026448
2024-10-23,2907.815185546875,2931.412515574316,2878.194984985329,2912.6530552186705,104177,11727,62.966301017519925
2024-10-24,2902.68115234375,2929.6355861080724,2873.2091940872965,2907.8646880272795,143709,10392,68.73605723262781
2024-10-25,2870.740966796875,2924.4521757615826,2843.5396968342034,2902.6812767477263,199209,13266,59.815698984547154
2024-10-28,2890.734130859375,2942.2238159853796,2813.9190298349713,2848.5747606223354,210522,10806,67.91789609903103
2024-10-29,2863.829345703125,2920.107730822192,2812.9813310780028,2892.906463138011,239175,12017,61.973342202960566
2024-10-30,2843.9833984375,2877.8986231854033,2822.311334076885,2864.322698454406,165386,10120,46.964074843583994
2024-10-31,2805.423828125,2850.6079667593312,2789.802113476023,2847.93848977024,189753,4181,68.63865974323724
2024-11-01,2821.34228515625,2833.9483770488787,2803.001609066831,2829.2519898731935,5866,13605,72.19148126888652
2024-11-04,2759.597412109375,2825.742226311205,2754.554878412532,2821.391984938084,104527,13097,50.195275583663374
2024-11-05,2761.17919921875,2788.0721489479297,2714.511986249726,2759.597402990592,198349,9258,56.39180688417268
2024-11-06,2837.260498046875,2849.8173477337327,2768.2485156271787,2768.29775817497,105834,3565,51.295344749524766
2024-11-07,2834.244873046875,2860.6434627146004,2816.8434271360434,2818.3264966835,113236,5565,61.360055429160845
2024-11-08,2797.119140625,2837.6068980890145,2783.227671819016,2827.719766039924,87623,13370,46.62922776419945
2024-11-11,2751.143798828125,2845.466935927618,2739.0815467846637,2794.301030879723,137581,7147,60.17264377162647
2024-11-12,2711.29833984375,2791.2851283999103,2699.186605077377,2762.464239775162,96922,12007,56.14980942437211
2024-11-13,2622.759521484375,2715.25369188269,2614.5039108935766,2684.356403627311,683520,12112,53.18374207160505
2024-11-14,2707.788330078125,2728.847965918193,2631.113586237007,2644.8073582721618,259506,17889,69.89501027547466
2024-11-18,2715.74755859375,2738.6856529796655,2689.25000068889,2693.995871585809,95252,8736,51.988942757845365
2024-11-19,2738.388916015625,2780.2115249886347,2698.3460387534906,2699.680897882901,112631,16874,49.76539584984438
2024-11-21,2691.227294921875,2733.297081237089,2681.043502771933,2733.297081237089,137138,13428,46.28159461118945
2024-11-22,2736.06591796875,2744.5687061335498,2681.489000970225,2699.780194042641,51770,9523,67.89303545338348
2024-11-25,2714.7587890625,2773.1918254084007,2704.1301240411317,2754.949876984644,542821,13026,68.97647000280595
2024-11-26,2731.2705078125,2763.4531681189433,2715.5005818385252,2719.9497908748526,109810,10296,67.8132986317234
2024-11-27,2705.465087890625,2728.798571358455,2679.066255986878,2721.482191242488,175045,8971,60.159857959124636
2024-11-28,2687.272705078125,2729.4907059073435,2657.660796195145,2716.044352662376,350475,3767,74.93625620489559
2024-11-29,2748.7705078125,2763.4035093275043,2678.4236703878837,2692.4633475149053,358331,12789,57.72031973581021
2024-12-02,2783.177734375,2791.2851330571766,2736.065654391816,2743.678696552092,112519,12842,77.71951361706911
2024-12-03,2810.12060546875,2820.3043996938236,2775.31794914656,2803.001918714107,156803,4929,49.12727454367993
2024-12-04,2843.29150390625,2866.279081917489,2811.553719001242,2820.748798482741,265662,5553,55.279147253579374
2024-12-05,2807.055419921875,2868.5038416825796,2791.137042678129,2861.3356718067676,200966,6783,54.851417734222885
2024-12-06,2775.02099609375,2813.729258602867,2769.3853797279685,2807.0554452100914,124949,17344,71.76902334917833
2024-12-09,2825.544189453125,2861.8299099427118,2651.777871722107,2768.544737554157,259452,4122,62.74140600649999
2024-12-10,2787.281494140625,2837.0630592058274,2769.435172504584,2828.955659197851,164762,8551,67.8515992599985
2024-12-11,2788.56640625,2816.3493416668703,2780.3107964723117,2787.281272293203,78310,8049,78.38993629830686
2024-12-12,2781.69482421875,2799.9860165773034,2758.608518153975,2788.1709433037854,323402,10146,76.4827891960694
2024-12-13,2822.6279296875,2828.6094513422136,2765.4307754433116,2768.5946093548664,151666,3423,64.1401957890073
2024-12-16,2831.822509765625,2851.448561222644,2805.4734023818487,2805.4734023818487,197693,11943,57.55062625206155
2024-12-17,2776.75146484375,2847.4939407102815,2770.374313149378,2841.561661667135,130327,9707,59.114281767964336
2024-12-18,2799.19482421875,2807.945031169183,2757.026309653263,2773.1918643972763,82709,12680,68.37817197729473
2024-12-19,2787.676513671875,2792.1257225073155,2730.4793657555947,2782.386802169063,288316,11595,48.04438775027557
2024-12-20,2758.558837890625,2820.353402271497,2737.252023815097,2789.060490038013,311015,10740,64.055629644178
2024-12-23,2784.957763671875,2808.934057545681,2737.400564630019,2776.306523614316,208021,17573,52.46828826847096
2024-12-24,2777.443359375,2811.8506241645932,2743.728386876162,2784.9576756271663,108820,10275,68.00436978765907
2024-12-26,2792.81787109375,2800.3321872771826,2758.509574483808,2768.3967055751477,176683,3089,48.58783064026934
2024-12-27,2831.18017578125,2859.3585012604767,2793.114718554926,2797.959316556983,189148,10164,49.190991781419626
2024-12-30,2819.068359375,2858.8640635275096,2803.100738610682,2837.557246940275,248102,3940,72.2440693017827
2024-12-31,2877.254150390625,2884.026690439427,2800.2827373556706,2825.742100225088,243400,9433,71.14939546085533
2025-01-01,2840.96826171875,2894.952096130948,2828.757799177094,2886.795212663366,139805,16706,45.43980834785947
2025-01-02,2859.16064453125,2867.268043826441,2803.743225958907,2840.968178318707,166636,6101,48.876616378603686
2025-01-03,2786.885498046875,2882.939118176918,2768.396611809297,2865.7353658296574,182657,3673,61.10532805875238
2025-01-06,2692.46337890625,2802.9520642718967,2680.1044655543883,2794.8941493204934,125879,11618,49.327961116106735
2025-01-07,2707.640380859375,2727.5628538043766,2680.2530755322746,2692.4635378135513,72013,3767,60.345022025818345
2025-01-08,2742.59130859375,2763.9970931094995,2612.13065680614,2707.2448135023506,313590,6759,65.6941983693773
2025-01-09,2747.68310546875,2755.7410204352636,2723.4596352536773,2727.8593601381854,110398,6730,70.87334525528912
2025-01-10,2701.806640625,2751.6379235651107,2690.8815544452113,2739.723882942578,150365,14359,66.09674990008506
2025-01-13,2566.4521484375,2689.0525785275513,2555.8729660535128,2669.525493896273,85981,11727,52.936719605170246
2025-01-14,2674.81494140625,2692.31511408176,2580.5410557097416,2582.518481806071,240699,11955,65.49789301674437
2025-01-15,2650.0478515625,2712.8806192734496,2644.80762369462,2690.733300322515,108563,15203,53.75959911739504
2025-01-16,2694.540283203125,2700.8184675438356,2628.593157345339,2672.7885915844504,238405,10755,63.2058692249634
2025-01-17,2675.3095703125,2699.087928433796,2653.706091456572,2694.5399927802114,125847,5059,75.81010041231825
2025-01-20,2690.782470703125,2701.114473434334,2617.8154019088006,2689.2994011804153,129653,9133,71.64699052399291
2025-01-21,2651.333251953125,2792.1259064913033,2636.700249208669,2690.782809672834,497006,10641,66.69748399235706
2025-01-22,2677.880126953125,2688.3110991344633,2615.3440191854697,2638.875440820111,309114,14136,58.19962749215839
2025-01-23,2698.098876953125,2734.730742800739,2633.9809821227554,2659.6380368405526,67208,16275,62.47480800049546
2025-01-24,2622.264892578125,2708.8267746428814,2600.4144774238916,2698.0991407205383,310533,9286,69.1237028811431
2025-01-27,2535.70263671875,2711.248673841237,2516.917090179385,2641.0995364883465,585706,5076,54.15455556965229
2025-01-28,2675.605712890625,2727.562631735157,2564.227284812245,2572.680829632586,1213880,8338,49.283468656557204
2025-01-29,2706.20703125,2718.9613351408175,2652.22319327827,2659.638542374109,234076,16975,52.17572773841947
2025-01-30,2737.49560546875,2747.6943029408403,2681.403131979713,2710.1673314987015,131284,15117,69.06691374382075
2025-01-31,2743.981201171875,2759.4771101773513,2721.554171405658,2741.7037845742557,175591,14412,69.26193559405637
2025-02-01,2726.70263671875,2789.0331599223905,2683.333580683298,2748.3870438673366,163099,7295,51.80664452868372
2025-02-03,2703.97900390625,2742.892105296846,2654.619422609253,2727.841719021735,72927,14756,51.687234376649286
2025-02-04,2747.991455078125,2794.5289811532634,2707.7908571349144,2722.890799106103,191141,4437,54.76200217724848
2025-02-05,2797.103271484375,2810.6191023837314,2714.0289327695,2747.9914737818813,179435,3310,75.25778566168246
2025-02-06,2735.41650390625,2812.00524581677,2722.9899457813854,2809.529845462746,80327,11581,47.42011652920549
2025-02-07,2692.393798828125,2737.7431807598023,2658.629483713581,2726.257468388497,102316,12889,47.99555674526459
2025-02-10,2643.677978515625,2714.9695075458153,2631.053436916529,2714.9695075458153,84051,14754,63.5126491352421
2025-02-11,2627.043212890625,2641.549203620976,2595.110549176117,2641.549203620976,137041,10953,64.63396410448055
2025-02-12,2612.042236328125,2626.300444486152,2564.5641098342626,2626.300444486152,104575,12900,70.72884319508739
2025-02-13,2605.4580078125,2657.985810387706,2594.3680207400807,2614.022796416036,116780,9475,56.976695500226704
2025-02-14,2599.17041015625,2614.0228125,2565.554521199226,2610.8543483476637,118172,14653,63.39917177414502
2025-02-17,2644.27197265625,2652.34168037692,2540.7506909722138,2599.170133983656,103825,14443,54.67382530337482
2025-02-18,2621.99365234375,2673.8779478802135,2585.605266570499,2654.6193811723747,111918,12539,72.55080359389608
2025-02-19,2649.22265625,2653.925916285333,2588.822895796245,2614.3690723358177,91434,17768,63.96744118609388
2025-02-20,2695.265625,2722.940554285894,2640.262177455759,2653.6293401767985,163987,11356,54.4996346138369
2025-02-21,2681.848876953125,2711.058602583591,2651.153911036364,2693.2357191480523,138341,15600,48.91479232954015
2025-02-24,2656.302490234375,2673.4323085591004,2631.1029636735816,2673.4323085591004,97190,13053,51.653241700369165
2025-02-25,2652.341796875,2693.5821098552374,2639.7172556697183,2651.5496204517135,214443,5593,48.90525503022197
2025-02-27,2659.421630859375,2691.1067544117886,2624.666914267498,2667.491339068807,176216,6356,46.010231978014176
2025-02-28,2589.911865234375,2656.7972204955513,2575.653658161297,2644.8657443417087,479267,10019,61.35506192877989
2025-03-03,2557.0888671875,2614.023082042594,2544.7118639581317,2602.1411589424006,164139,12363,59.46415101209861
2025-03-04,2502.035888671875,2527.136548202727,2450.4982400275044,2525.8988478656706,516915,16640,73.10015106191142
2025-03-05,2472.628173828125,2578.822862610903,2460.597823262757,2511.4424080005947,396362,11946,50.63962710840946
2025-03-06,2532.532470703125,2542.681611853483,2489.312078499607,2503.1247637175543,459239,12217,64.50980347818947
2025-03-07,2534.4140625,2585.605294833732,2505.1547811903383,2537.483413977555,285474,12174,62.11718856117832
2025-03-10,2530.700927734375,2574.41640186299,2510.0559918164154,2554.2665460223116,322788,3543,64.82218815839067
2025-03-11,2506.887451171875,2533.770201852598,2476.390470994295,2529.611577677999,124177,9766,64.03649657404495
2025-03-12,2519.313720703125,2528.9677808104516,2470.449227464574,2506.5900678663606,219588,13685,60.39846635811273
2025-03-13,2474.4599609375,2534.7110656418386,2468.9645233359665,2520.5519678018263,285875,4050,73.45621033266575
2025-03-17,2504.065185546875,2533.819543105285,2478.07348448923,2478.07348448923,65292,10808,72.89022098371603
2025-03-18,2504.065185546875,2504.065185546875,2504.065185546875,2504.065185546875,0,17562,78.0086258662238
2025-03-19,2593.922607421875,2606.002513420275,2515.056444800474,2543.6224213053456,200741,6991,67.63302424613937
2025-03-20,2574.663818359375,2622.934123578111,2557.9795238602424,2622.934123578111,119281,12699,49.550244805753614
2025-03-21,2584.169677734375,2607.3888859245812,2560.05918032701,2594.1205942885144,475457,4960,58.288296261967304
2025-03-24,2584.714111328125,2626.8950329015606,2575.4067020644397,2604.1213481082186,299553,8587,65.61396592338963
2025-03-25,2540.156494140625,2603.972502717732,2527.2350988860544,2591.644816711557,239756,15717,60.28993556853603
2025-03-26,2555.653076171875,2573.426403717525,2529.8593541740192,2530.8495143909167,481573,16459,72.85217517181101
2025-03-27,2525.15576171875,2557.4350772483153,2454.1117754808047,2514.0660170926826,817417,9413,54.69491855317534
2025-03-28,2529.6611328125,2574.317209356081,2515.1551419548073,2534.8099171089652,237119,8862,64.24346300197632
2025-04-01,2498.718994140625,2559.465181575435,2491.1441230429255,2538.7709286573036,136364,8478,49.61442568950189
2025-04-02,2541.840087890625,2552.286083548756,2486.8862023733723,2497.183770711914,179614,16355,60.80193603196924
2025-04-03,2457.4287109375,2513.026098654903,2427.9218943708065,2513.026098654903,413289,14812,63.711165719520864
2025-04-04,2364.552001953125,2449.6562187642267,2349.0558505141516,2436.2890566974047,506413,11635,66.13185408819284
2025-04-07,2250.831787109375,2272.4173246409873,2130.8739932250605,2130.8739932250605,718412,8147,56.676813477015145
2025-04-08,2297.2705078125,2309.3008561389775,2251.1289511981845,2268.4567526699097,618936,17212,61.53213898729505
2025-04-09,2258.158935546875,2304.052705342448,2209.5915404283396,2302.914118066575,319655,7439,54.44571597462459
2025-04-11,2314.499267578125,2346.6794712984624,2289.6957083629413,2346.6794712984624,345899,16846,59.83640905490413
2025-04-15,2468.6669921875,2480.1529454808474,2336.7777216681275,2366.482523214756,677918,10949,76.77835329694275
2025-04-16,2465.696533203125,2490.747631070194,2447.4776847934177,2470.4493498390516,162181,10405,65.69053999539528
2025-04-17,2479.26171875,2494.0152489322168,2443.7150687004473,2470.449390764836,108472,5654,68.43782188990699
2025-04-21,2501.83740234375,2513.02625949056,2441.8338471010206,2479.063720717161,187025,12073,78.21504070948825
2025-04-22,2510.25390625,2520.848571263885,2479.5589423053298,2501.837545168397,85371,6305,76.1789260112478
2025-04-23,2551.642578125,2559.5638589263194,2513.6205269739894,2521.9377751200523,157427,7179,52.27893012096634
2025-04-24,2552.633056640625,2589.4669686137613,2530.354451607881,2551.6428964169477,126270,13046,45.893225800201286
2025-04-25,2493.42138671875,2580.8525814075983,2457.3796518532786,2552.732128203842,478982,9006,69.45083050229299
2025-04-28,2552.23681640625,2560.554064700673,2477.8756948621167,2496.09454433481,109531,4848,64.89082094945815
2025-04-29,2572.138916015625,2583.3277738090683,2540.156695535332,2556.5934503545473,105285,10238,49.0563346750327
2025-04-30,2648.777587890625,2663.5308778420786,2549.6624574138855,2595.7049056739806,571639,5224,64.47674020009786
2025-05-02,2636.004150390625,2698.1862525587217,2612.6365172463097,2646.6979277392525,192610,3346,67.194580423156
2025-05-05,2672.838134765625,2705.414547799671,2652.04477221814,2652.04477221814,192910,7073,62.99572742998271
2025-05-06,2705.018310546875,2722.3461124893834,2670.758915749244,2688.2847013662904,164430,12679,70.3267493938177
2025-05-07,2745.4169921875,2747.6944088740497,2628.974303903071,2677.293925702707,253173,8221,74.99556550847373
2025-05-08,2719.078857421875,2788.5880509091794,2708.0879831714474,2772.4483922778986,330257,9967,48.71067205599554
2025-05-09,2714.821044921875,2789.776117093824,2643.727500493526,2643.727500493526,90038,5162,51.23536428018419
2025-05-12,2724.2275390625,2787.300689260448,2708.0878810399026,2757.5958861777435,165127,17395,66.23549067392702
2025-05-13,2669.570556640625,2742.644173547818,2657.8866199255644,2727.69290212064,105065,8044,52.60885001066667
2025-05-14,2710.26611328125,2719.9697303794446,2670.560839253165,2703.1370090774967,143468,3429,53.09881347946504
2025-05-15,2672.244140625,2728.683266629079,2662.342539571653,2713.1378013229855,339036,6315,65.83968906418
2025-05-16,2683.036865234375,2701.1568440239876,2663.6298716619417,2683.3339616220696,196160,3823,77.81019506292594
2025-05-19,2664.124755859375,2736.8024076151983,2654.6191225818907,2693.136252245556,477345,9708,76.20113943220291
2025-05-20,2618.67626953125,2683.2346572730166,2604.120964956907,2665.510888845625,155011,5714,70.17393716537545
2025-05-21,2639.37109375,2663.7288893310824,2612.4385432465356,2627.7860261600813,502954,3950,72.38483800945122
2025-05-22,2623.528564453125,2661.2535230565536,2600.9528635296447,2652.044984842437,376080,15616,46.42585255415573
2025-05-23,2634.023681640625,2659.371875278915,2604.2200095748676,2639.7666582019256,343247,10611,61.191051531380175
2025-05-26,2467.47900390625,2484.212613136294,2359.5515514881995,2435.793880260584,5053005,7957,64.58011413233135
2025-05-27,2454.211181640625,2499.9565347794723,2443.220306666065,2486.193162882306,1506038,15339,73.87045745090057
2025-05-28,2453.61669921875,2470.449420722672,2427.5754405444336,2467.478940457274,508542,6316,74.45225205202306
2025-05-29,2463.518310546875,2488.6682802052073,2446.685588971595,2463.518310546875,426994,7828,71.54507702282112
2025-05-30,2447.87353515625,2471.6373754620886,2435.991615003331,2463.5181117052507,518888,17258,73.0216521489343
2025-06-02,2425.991455078125,2454.904082810939,2413.1193732614743,2448.170945513028,494551,11233,60.892301870117066
2025-06-03,2424.90234375,2445.4977243761473,2416.485982001582,2440.645794325237,408472,3762,71.63741100930838
2025-06-04,2447.08154296875,2457.478223885021,2401.633291658657,2425.8922137966233,700256,12506,68.83542351500812
2025-06-05,2435.991943359375,2459.7557868684266,2430.843158946744,2453.616842309585,224091,6701,71.90690581531484
2025-06-06,2468.171875,2475.4000916151745,2428.9616825917897,2435.8928028483124,168337,6848,60.611417556550506
2025-06-09,2478.07373046875,2487.282268105178,2468.4692254722167,2487.282268105178,195356,4233,48.474583587607654
2025-06-10,2482.925537109375,2502.332529820467,2475.499336438173,2485.3018246288384,184160,14052,74.08569801620129
2025-06-11,2471.6376953125,2530.552223694753,2464.5085906458403,2492.2330745904296,263851,10174,52.668127454608396
2025-06-12,2444.705322265625,2477.7765733887186,2434.4077537719804,2471.4396453523696,248130,3353,45.66442119525234
2025-06-13,2439.556396484375,2447.9727569678403,2397.2766104033312,2425.892139351796,473465,15044,55.92851517292134
2025-06-16,2434.011474609375,2443.615979094146,2393.216927421347,2439.1602587079665,204331,11031,66.59991703490931
2025-06-17,2423.61474609375,2457.181317386499,2416.9807219967643,2442.6257710202967,127269,6812,70.89064018258499
2025-06-18,2419.85205078125,2430.644940374942,2407.0790828248028,2429.852763986864,198705,17294,66.07828096081957
2025-06-19,2380.048095703125,2443.220366703553,2376.384551201024,2420.4466814212096,195547,11978,69.7211834232689
2025-06-20,2396.583740234375,2411.535256504012,2367.4731259704754,2376.3845681008534,370213,10857,67.81373285350664
2025-06-23,2374.601806640625,2388.2660638110838,2368.3637499173396,2377.374303155229,290119,3711,67.66503802606151
2025-06-24,2370.245361328125,2401.2374216635426,2364.700367919336,2401.1383089554774,176516,4103,67.53408412147996
2025-06-25,2375.88916015625,2387.671968651951,2364.700302677618,2382.325200806809,351031,14430,68.1123135785505
2025-06-26,2409.356689453125,2415.0005538389114,2362.6211797273163,2375.8892287562394,203299,15390,54.436293760682716
2025-06-27,2439.556396484375,2444.606067731477,2406.2869218779465,2421.63440275956,178550,12280,47.92812247545696
2025-06-30,2421.23876953125,2470.152586395183,2411.8322476929297,2450.6464789307533,803443,7897,69.83783086267191
2025-07-01,2452.428466796875,2459.9535381541787,2412.0298883003434,2421.238425137819,1086266,16697,46.262693037751504
2025-07-02,2540.94873046875,2561.4449956280264,2458.567460759545,2459.557620832344,1363309,8375,58.32383229452209
2025-07-03,2525.205322265625,2566.494949611953,2517.1849288527665,2540.7507873087466,188962,14910,47.54054744263438
2025-07-04,2582.23828125,2596.397618222459,2525.0072241152147,2530.3539916558366,359789,8837,66.20858109293098
2025-07-07,2577.18896484375,2592.536447633703,2561.8414820537973,2582.1397657437346,127405,10418,74.2285902503962
2025-07-08,2596.695068359375,2600.1606289844494,2572.4361439838535,2577.1889611887636,167327,6119,57.63055386121255
2025-07-09,2595.1103515625,2606.8934010788494,2583.6246401440335,2590.2586640628974,108777,12263,78.87518087630282
2025-07-10,2610.35888671875,2614.0224304137187,2589.26843012571,2594.2192301833115,141487,15496,55.72113692581175
2025-07-11,2633.365966796875,2640.8034530521854,2600.244458182162,2614.326050404415,249530,11184,45.462679829028666
2025-07-14,2627.713134765625,2656.2731261585695,2607.3840086919354,2639.7121322091525,400590,7531,45.19783484662678
2025-07-15,2649.728271484375,2655.4799755846266,2627.5150774279664,2627.7133619612873,927036,17962,62.180280607315886
2025-07-16,2630.787353515625,2662.3223414072904,2611.251606101236,2656.6699006780427,200466,14495,59.717941350686964
2025-07-17,2719.243896484375,2755.8362274189294,2620.969826940709,2620.969826940709,1207633,12394,50.10445334216512
2025-07-18,2722.417236328125,2738.283872035156,2687.9072552442035,2705.856483730041,341791,13138,51.33380247573133
2025-07-21,2750.8779296875,2755.340420921672,2688.5023157232167,2724.1029822824667,297175,8994,53.086162267449424
2025-07-22,2733.920654296875,2777.9507177113082,2707.3442307190767,2750.878219616229,221399,9377,50.77775233858573
2025-07-23,2717.557861328125,2732.928664258953,2696.336333478787,2727.0779393404428,206170,4391,71.40082272019274
2025-07-24,2704.26953125,2747.6052285258393,2697.3278786211954,2717.756267485358,819543,6243,69.94441000045626
2025-07-25,2663.4130859375,2712.3022038163526,2637.8280883883945,2696.4355686982267,294012,9006,46.74159712608104
2025-07-28,2670.45361328125,2718.747874953055,2569.2047987601513,2607.086339602169,576744,4507,54.64767335847214
2025-07-29,2712.79833984375,2727.078216206346,2646.4558190660946,2657.066584068019,593468,8936,65.47877044227067
2025-07-30,2736.102294921875,2738.9780258402725,2689.494051904318,2712.7981734130963,375440,17909,46.47911507130458
2025-07-31,2657.746337890625,2709.1892018721524,2634.606953474111,2706.20988823373,388204,5198,72.10763989293447
2025-08-01,2558.03857421875,2679.495300905867,2538.375056976097,2679.495300905867,370249,6617,73.39085256973149
2025-08-04,2561.216552734375,2590.8111158715933,2533.4096262215553,2560.521428062986,310342,8673,52.398443836570785
2025-08-05,2527.550537109375,2567.9698446012612,2493.288429457666,2562.209789606062,532752,12925,45.91059563765404
2025-08-06,2383.649658203125,2522.4857324407076,2373.5200395800357,2522.4857324407076,346497,10745,68.23560283932767
2025-08-07,2408.278564453125,2421.188923767719,2345.8123844446104,2380.5710441377482,335816,4580,52.615283605394985
2025-08-08,2411.65478515625,2425.0616954300426,2381.365098982126,2413.243849282668,71460,13127,53.1710041081946
2025-08-11,2399.538818359375,2431.4175667890904,2374.6120432319003,2431.4175667890904,210938,13236,62.45546736534822
2025-08-12,2394.970947265625,2412.250868857534,2364.8798319457114,2412.250868857534,117087,8516,65.97621267757297
2025-08-13,2395.666015625,2408.278394187666,2374.612248876522,2408.1789867555603,121774,10288,67.26089226046483
2025-08-14,2383.15283203125,2418.20946954733,2370.5404533098467,2415.6273008516046,60859,6098,68.32889931388111
2025-08-18,2419.69921875,2439.1641647734978,2379.0813399286894,2413.6411840555093,377614,3663,61.4680774491382
2025-08-19,2408.874755859375,2429.2334013520235,2385.6359613836953,2411.35751750482,161493,16074,62.27610475492803
2025-08-20,2404.405517578125,2430.1268283823874,2394.673044518589,2426.154410191325,40830,14210,62.2982994621178
2025-08-21,2397.3544921875,2427.544774890835,2376.49929569374,2423.671763953436,195842,9802,69.9189204779274
2025-08-22,2379.577880859375,2416.620486166878,2371.7322095336417,2398.446867084346,175280,17335,72.8531492721714
2025-08-25,2350.77783203125,2388.019251939287,2344.719797410012,2388.019251939287,84278,15668,46.29858896389915
2025-08-26,2308.27294921875,2360.60951040263,2287.1197738566498,2360.410937984479,574342,6798,60.92393064920436
2025-08-28,2302.91015625,2341.1446832884517,2291.4894533683846,2307.975086684718,179320,15618,49.68595101914884
2025-08-29,2273.61328125,2316.3167735466773,2239.549991825577,2316.3167735466773,263321,11121,60.49788930310291
2025-09-01,2306.981689453125,2315.919629704988,2251.3678389970873,2287.0201925744386,396559,10652,52.625445000117715
2025-09-02,2344.322509765625,2361.6024305674064,2305.9885802260374,2326.34722186886,267893,13902,64.96721417633898
2025-09-03,2347.202392578125,2374.9099100454177,2321.3816766030745,2363.0920639473866,190293,11746,72.44311007950576
2025-09-04,2321.77880859375,2415.031462401858,2314.5293400372393,2383.4506922382725,123615,8806,64.7184453713493
2025-09-05,2293.177734375,2340.8467511325343,2288.112804361649,2340.8467511325343,133849,7700,67.48537645159705
2025-09-08,2304.896240234375,2342.038495671156,2281.4591184596206,2289.1059749604638,117741,16822,70.84550447260261
2025-09-09,2283.94189453125,2333.7956944923776,2279.2743516336986,2323.3680967084756,140929,7229,78.40172403699421
2025-09-10,2367.064453125,2373.5196320405917,2280.0684064489406,2304.0023206419132,306475,12948,49.422917135485775
2025-09-11,2394.87158203125,2402.3198660309326,2342.038469351601,2366.5681028324566,204861,5008,58.77289516352931
2025-09-12,2372.228759765625,2433.702076099014,2353.6577534094804,2397.85090531949,270845,9387,55.09799252337799
2025-09-15,2387.026123046875,2402.419243118431,2366.6674803715914,2373.519804581872,84132,3399,61.33645576807682
2025-09-16,2449.194580078125,2462.4029200949753,2391.495346783523,2393.2827411445237,276970,8927,59.75309656358585
2025-09-17,2493.387451171875,2499.6440580923813,2443.0371008769403,2460.912982102869,198387,9166,58.01881204924183
2025-09-18,2491.30224609375,2517.3215375954214,2474.0220809293687,2500.6373321618426,178054,7740,53.685722143949334
2025-09-19,2505.3046875,2532.4164889912195,2472.830218662014,2483.3572234030357,160221,7807,51.1181517001021
2025-09-22,2518.512939453125,2527.450879695664,2462.799681625109,2507.5887902678,83835,8529,58.0817706480379
2025-09-23,2479.285400390625,2534.2041280895874,2458.2316333449917,2522.4854464218656,68337,16403,62.572035690532516
2025-09-24,2399.638671875,2472.035899580563,2383.947570844782,2471.8373271537857,216496,14693,63.425879485443176
2025-09-25,2369.547607421875,2434.0994072887743,2361.801342946411,2399.4401532661886,97649,11386,78.14520927694453
2025-09-26,2335.980224609375,2370.440900323626,2327.8368166602677,2368.6535062901958,39308,14387,74.4941696778589
2025-09-29,2270.534912109375,2353.657711925174,2257.326573504608,2353.657711925174,220889,11454,67.15536012479777
2025-09-30,2278.976318359375,2306.2866928675535,2268.548720819889,2291.4892899324627,147091,9747,56.50849673070438
2025-10-01,2289.70166015625,2297.0505359212634,2254.3470456296013,2254.3470456296013,88479,14386,78.02490966817773
2025-10-03,2286.921142578125,2301.0231783041813,2279.1748788122986,2299.0369692594645,71524,9902,52.24635781153232
2025-10-06,2280.664306640625,2295.5608729805376,2268.2505013573646,2293.9718089214266,34460,4442,62.76219377093353
2025-10-07,2263.880859375,2296.0573445563473,2258.61735762832,2282.7498427428936,171438,13733,58.47189826283919
2025-10-08,2268.548828125,2328.8302273084587,2257.227290500882,2265.7680868248394,159035,9404,45.56352286514218
2025-10-09,2259.7099609375,2289.1059521431134,2254.5458658492603,2278.181802263038,97984,4211,58.97246896374319
2025-10-10,2271.528076171875,2290.7942073781405,2261.696195693844,2276.19561904585,68858,5703,74.55501512075179
2025-10-13,2202.904541015625,2271.528164792714,2198.832957693167,2271.428757351387,142559,17049,66.49889747860979
2025-10-14,2216.609130859375,2229.519488700402,2184.829788481463,2222.7663299536675,318022,9533,56.43632882073925
2025-10-15,2196.647705078125,2217.1057543745865,2191.781590102895,2209.6574707652653,78536,5828,46.7837339768748
2025-10-16,2259.0146484375,2278.6781650782195,2199.527788746491,2199.726361145459,202210,4344,64.70782792682428
2025-10-17,2252.857666015625,2282.5513950031655,2238.0605052406627,2264.278368311935,137144,15486,53.78473494791077
2025-10-20,2267.257568359375,2308.9679572648038,2246.9983335881707,2257.326523381892,223692,10411,52.3042453361959
2025-10-21,2295.56103515625,2312.9403637806213,2270.435442996443,2283.1472289959847,36071,17120,70.87415819586803
2025-10-23,2332.206298828125,2347.3016798217327,2284.140142380024,2308.967752623285,217822,8472,75.77906525011821
2025-10-24,2310.457763671875,2333.100596178662,2303.20805187728,2331.809511756528,104864,8884,70.94315726259846
2025-10-27,2311.450927734375,2330.816467193374,2289.106074512453,2315.820490937125,190402,15303,75.53067178331867
2025-10-28,2320.289306640625,2356.63702910398,2299.0369668671356,2322.871475378933,145725,10994,61.906212105287636
2025-10-29,2313.337646484375,2338.1652602847876,2305.392810068243,2331.6109157157784,68601,12390,69.88168554982916
2025-10-30,2310.556884765625,2332.8023272164214,2290.098836339322,2330.1209937225426,95329,17366,54.79554212037865
2025-10-31,2264.079833984375,2328.2342433582376,2254.545933185062,2310.55717608098,186483,11752,51.24251360736581
2025-11-03,2281.061767578125,2304.995684464305,2160.2009910806287,2244.3168988468974,369951,6037,52.10649046335831
2025-11-04,2347.997314453125,2356.1407238904135,2268.648109405013,2282.1544292940657,252932,13896,76.63437777283855
2025-11-06,2324.658935546875,2347.9968900264557,2272.620117105355,2347.9968900264557,153013,11788,61.04783757170688
2025-11-07,2309.537841796875,2327.245164666079,2279.0967319902657,2326.051448038245,81220,9384,72.84447606377016
2025-11-10,2306.5537109375,2334.2090805418175,2279.097010777946,2309.040722079772,114804,5797,58.74082592137418
2025-11-11,2329.33447265625,2336.795505560338,2286.2593941155496,2293.0241125230223,89352,7711,76.25233082238628
2025-11-12,2356.492919921875,2373.80242086547,2328.6383942558296,2329.8321110670795,102408,10782,66.3820961903577
2025-11-13,2326.1513671875,2382.5567327025124,2317.8944414183106,2367.4357531612595,69203,15110,69.0076076930634
2025-11-14,2317.49658203125,2340.1779295670012,2307.9463620051138,2326.8476468663625,37646,13132,66.063806565009
2025-11-17,2349.529052734375,2362.660422084792,2324.7582777437447,2336.1985282085766,87309,7695,52.38360998474913
2025-11-18,2296.605712890625,2347.738565862657,2289.244014037066,2347.738565862657,80740,7322,46.657776296416905
2025-11-19,2305.55908203125,2321.674866885829,2278.997606711588,2278.997606711588,89635,17481,48.61630257845335
2025-11-20,2287.751708984375,2323.863158523886,2250.4465426981396,2323.863158523886,275808,7111,77.21354477819744
2025-11-21,2307.44873046875,2359.6759597636883,2283.274935763518,2293.819959208122,239909,3537,63.55847933643846
2025-11-24,2253.23193359375,2335.800697606236,2245.0745862055037,2313.915001120999,380797,13592,74.88724881099807
2025-11-25,2292.825439453125,2305.9568101600125,2245.771138453938,2260.1958035735756,125025,6926,71.94897899070895
2025-11-26,2300.982666015625,2316.601047124045,2261.190488479687,2310.9307103996093,103409,16244,61.4506472576396
2025-11-27,2288.4482421875,2338.5865361904903,2279.0971767604096,2307.9465081118074,81802,5294,46.02217555719842
2025-11-28,2296.904052734375,2312.820925010408,2246.666424613147,2288.0503896797104,135265,9846,59.00283261267279
2025-12-01,2288.14990234375,2310.831250395654,2278.20185745355,2310.831250395654,236377,3647,72.68240721324297
2025-12-02,2432.893798828125,2453.1877119484147,2285.4635887514905,2295.411633001079,1912517,15891,58.93228606176204
2025-12-03,2396.0859375,2417.275076590743,2377.880968690399,2409.416219102569,447022,15767,52.17579944896832
2025-12-04,2391.31103515625,2407.4268190065677,2365.843943558381,2368.6294446506768,77893,8734,49.33764473877741
2025-12-05,2370.619140625,2397.081037665034,2346.5449201255296,2382.9546193652327,150389,5596,53.01937755889716
2025-12-08,2344.45556640625,2375.3940815234237,2331.5231087346124,2370.618971654845,221495,10461,67.46410972539493
2025-12-09,2312.522705078125,2344.7542746662784,2295.0140482202396,2330.8270112613873,55431,13862,69.56742399092636
2025-12-10,2302.7734375,2320.0829381424273,2289.0450872290135,2313.915198998125,42649,12909,76.88030654847637
2025-12-11,2305.160888671875,2315.307845776668,2288.2492125398244,2312.820834580778,37081,15217,55.53058863658221
2025-12-12,2336.795654296875,2343.7592854505906,2298.1971930418435,2317.8943697367895,39400,10842,71.53044642016053
2025-12-15,2368.2314453125,2379.3732059875974,2325.653768534503,2327.8422896340844,47746,5425,54.38412617259129
2025-12-16,2364.749755859375,2384.34735495504,2343.162304991012,2367.8335039318695,105414,4809,52.344138688454926
2025-12-17,2384.148193359375,2406.2328012715807,2357.6863006003987,2360.6707136391333,98368,9503,70.14629510951382
2025-12-18,2354.403564453125,2378.1795357357973,2328.14082500085,2378.1795357357973,95449,11735,66.57131885475657
2025-12-19,2353.1103515625,2373.106018179157,2335.800851261648,2362.6605714422544,108298,11607,57.073911801859566
2025-12-22,2327.84228515625,2349.131002068214,2308.4435994466144,2340.277340098324,111185,8237,74.73608204450005
2025-12-23,2297.8984375,2336.596471875545,2287.5525695593124,2328.0410574410957,106481,10401,69.56369800771215
2025-12-24,2287.25439453125,2298.595311240733,2280.0918509038947,2297.9983314083756,68924,7025,73.71025274994399
2025-12-26,2281.484375,2296.008616778404,2278.102137098156,2288.945408200103,36589,14571,78.88719064352932
2025-12-29,2295.312255859375,2303.9670056221225,2278.102091051235,2281.484328884714,55904,9086,66.84955488701078
2025-12-30,2297.699951171875,2316.3027471206447,2279.893047413511,2297.003636582344,63911,11916,56.25472973099933
2025-12-31,2307.64794921875,2314.810493041652,2280.0919131534197,2288.0503491504646,92837,10018,68.0215878768632
2026-01-01,2304.265625,2325.753255666101,2293.0242859996215,2303.0719082194696,23501,5085,55.515848294247874
2026-01-02,2356.2939453125,2367.634619027878,2297.9983067035287,2297.9983067035287,81569,15510,55.01590560313201
2026-01-05,2386.436279296875,2394.4942924277425,2315.9047414922243,2348.733288085542,145909,12905,63.626376167080366
2026-01-06,2374.896484375,2388.326343162462,2362.660342238659,2387.0330489270154,59732,16566,47.19307214936981
2026-01-07,2385.143310546875,2401.1595168988497,2363.5558591041736,2374.598285944706,68466,5176,77.25855990916294
2026-01-08,2363.357177734375,2400.960839203742,2358.383154864676,2385.143543626983,176616,9725,47.73944373398262
2026-01-09,2347.837890625,2372.0114425166153,2329.234854609546,2351.71753051887,186141,17254,48.727730990315095
2026-01-12,2400.861083984375,2405.43728183484,2327.84253080791,2327.84253080791,88855,11674,55.265805579661304
2026-01-13,2383.451904296875,2414.8878223254533,2369.6242194765105,2400.960559910394,164064,4464,48.91895913587165
2026-01-14,2413.89306640625,2420.3592955146946,2375.8915839125984,2378.975332071775,334361,11934,70.53942315754927
2026-01-15,2413.89306640625,2413.89306640625,2413.89306640625,2413.89306640625,0,9476,48.65548406108429
2026-01-16,2434.684326171875,2441.4490450407384,2387.3317798341936,2425.8306636706884,166001,14448,66.55463752262453
2026-01-19,2418.966552734375,2455.1773368913578,2387.928460174475,2432.6946595910513,267844,4088,74.2326032149037
2026-01-20,2399.567626953125,2415.782743270971,2372.608332400469,2390.5148103808497,71552,11004,76.4486623481792
2026-01-21,2404.641357421875,2418.8671101605305,2369.624288053623,2388.5255733067793,63910,16247,71.46856431604287
2026-01-22,2413.89306640625,2427.0244369443462,2402.4528149066946,2423.3437089493614,42174,11913,76.15900283415436
2026-01-23,2395.88720703125,2424.3387146184123,2384.148707511824,2424.3387146184123,45883,16145,48.12006147464074
2026-01-27,2405.635986328125,2462.1409256404904,2390.216517904922,2397.478638704478,205686,6852,55.755285155810576
2026-01-28,2397.777099609375,2442.2448078209272,2388.2268801977457,2407.426653737941,149142,9375,50.870100481818795
2026-01-29,2351.91650390625,2411.6047676524818,2335.900298857645,2406.9292355667935,106826,11071,60.98824488617551
2026-01-30,2293.8203125,2368.0325840239916,2278.0027748968932,2351.717887032711,606036,9731,62.18836708833477
2026-02-02,2285.847900390625,2319.231762555162,2218.3826514811403,2282.260283556741,173624,6086,54.90106081584851
2026-02-03,2562.983642578125,2742.957636013549,2398.45615705391,2513.7549997617352,2320342,16004,47.52793842354028
2026-02-04,2654.26611328125,2678.282660131542,2469.4092092025294,2479.175282982516,325950,3006,64.25658825302969
2026-02-05,2678.48193359375,2735.3838322744696,2561.488792122248,2638.8198643156575,511866,16755,61.13569384997922
2026-02-06,2695.4228515625,2735.4834346238304,2582.017333009233,2651.674901294534,178896,13710,53.03307906130742
2026-02-09,2669.313720703125,2715.054493733153,2635.7303598211693,2698.611697202928,233651,3953,46.77984287747806
2026-02-10,2706.883056640625,2765.3795041598637,2658.750456612078,2668.915046130685,236311,17884,75.58640276230356
2026-02-11,2670.310546875,2744.7515306769396,2641.8095991104665,2709.57385891413,100643,11853,52.99570736288086
2026-02-12,2632.143310546875,2685.2585812019506,2599.955238051663,2670.310582516334,111780,6786,63.194101984084035
2026-02-13,2602.745361328125,2632.143089608906,2562.186510291114,2632.143089608906,200893,16403,75.46188735110077
2026-02-16,2566.7705078125,2603.941244733327,2539.664853502826,2603.941244733327,130560,5988,62.389299708590116
2026-02-17,2538.568603515625,2578.0314159754266,2511.2636908612585,2567.1693012969376,114832,17388,61.73340704113373
2026-02-18,2530.49658203125,2552.420310513191,2511.0641863313476,2544.348294981699,71073,16851,64.52736368873417
2026-02-19,2525.314697265625,2620.882126933852,2504.9852754756134,2526.211479763237,172303,16735,52.03585606200054
2026-02-20,2486.151123046875,2530.197842661215,2474.591240390513,2521.2290436915614,65423,10418,58.1263533916124
2026-02-23,2500.3017578125,2526.211620587759,2479.47431159162,2510.86510687703,187765,15458,55.39026044377718
2026-02-24,2509.768798828125,2559.794715506254,2466.6188637332025,2500.3017336747134,544353,16300,55.36824900854076
2026-02-25,2508.274169921875,2516.6449518363347,2467.61556499254,2509.7689697847604,241035,14205,49.238277485661975
2026-02-26,2453.86328125,2499.405043624405,2423.9672849224207,2499.405043624405,137623,11844,55.276736762559906
2026-02-27,2375.635498046875,2456.255183293106,2366.766449511668,2456.255183293106,169884,6679,47.28174164386026
2026-03-02,2294.617431640625,2329.2965921839195,2267.5115341069536,2291.926597379303,146832,6013,68.8139786598387
2026-03-04,2248.97607421875,2273.39113653097,2237.316684957066,2262.1302632138354,114580,9535,57.2172093757204
2026-03-05,2300.5966796875,2358.495113558345,2197.854007804124,2252.1650680740513,155723,14732,59.92367498346748
2026-03-06,2241.900634765625,2275.483754098691,2222.268979880238,2272.0956386219473,77512,7476,70.76031434815367
2026-03-09,2235.024658203125,2245.8867725155515,2139.3574732039046,2212.303653106964,118689,5728,52.48651266083827
2026-03-10,2234.6259765625,2272.5939892453566,2228.746527931261,2248.079174920234,108794,12660,56.71586593692762
2026-03-11,2168.0576171875,2239.209986738124,2162.576684865711,2237.3166710719233,83539,8194,59.238264256690876
2026-03-12,2272.294677734375,2300.7956211071614,2144.638936310246,2154.7037744301037,204206,7749,68.22106584813473
2026-03-13,2217.98388671875,2288.1399697266006,2203.334897389526,2266.9137639829964,105894,6778,60.64730371686154
2026-03-16,2158.291748046875,2217.9839920318545,2106.0732600960287,2185.397403618958,228941,9656,53.89111034145802
2026-03-17,2143.443115234375,2173.3391105742617,2131.7837257106657,2158.2916055630585,118968,10862,54.63055075268924
2026-03-18,2164.669189453125,2177.4248620176095,2122.615540548059,2157.494199665046,123075,8713,63.14758158356166
2026-03-19,2113.447509765625,2170.6484140829466,2091.2247723182663,2137.5635628414016,102348,14192,78.01133889183492
2026-03-20,2097.80224609375,2152.412073667711,2083.053505305364,2124.010875985835,128499,14483,60.783980181864024
2026-03-23,2033.126953125,2086.740487077431,2025.3540672788843,2082.7543543418487,106792,16021,65.27690980343466
2026-03-24,2050.466796875,2086.9397657914387,2008.4130231084832,2086.7405078115266,211705,3015,65.04768943849842
2026-03-25,2200.145751953125,2221.2722042952073,2056.943999016084,2071.792244383013,187325,12918,71.47174009377704
2026-03-27,2143.04443359375,2172.4421600717856,2109.660574711913,2167.2602366056867,132801,15752,75.76022537758195
2026-03-30,2075.778564453125,2124.4094311366043,2037.9103045159102,2100.6918933591874,336244,6887,58.123074658601965
2026-04-01,2120.22412109375,2165.068114828438,2087.836792285364,2164.968364191333,128406,7109,78.11380429299686
2026-04-02,2060.033447265625,2092.719785913988,2011.0040609402035,2077.971045430602,194886,5305,64.46932803988973
2026-04-06,2120.72216796875,2141.7488702092887,2036.814008730395,2060.0331567590806,142315,7966,54.55855120144224
2026-04-07,2120.024658203125,2132.4813233549585,2069.101957038975,2092.7197455080027,84345,4045,64.92060267369078
2026-04-08,2214.994140625,2237.2168780952134,2182.507306545451,2202.3382185258,323695,7897,47.65725689792644
2026-04-09,2213.200439453125,2240.904110482285,2167.4596638644375,2192.3729933341438,232676,4676,60.578151656925925
2026-04-10,2261.0341796875,2283.057661694615,2224.361950948669,2239.210198964557,238026,16571,45.024612704069725
2026-04-13,2226.553955078125,2265.518253330659,2206.52354244064,2228.248012690111,134847,4666,76.30403662324214
2026-04-15,2314.0498046875,2355.904198430031,2230.3410172024373,2262.1303284653804,102416,16767,59.37703663463796
2026-04-16,2334.279296875,2351.8183787119037,2272.0957218064154,2324.9119820063015,80523,11511,59.53408913806646
2026-04-17,2321.722900390625,2356.800817385897,2299.998429820994,2339.760003798739,729753,16616,57.235357672567346
2026-04-20,2274.0888671875,2335.873928434487,2264.123534728308,2332.88432869673,168809,7458,59.43110954925586
2026-04-21,2296.112060546875,2306.6751656489555,2252.16485260968,2267.112849419036,139527,15391,74.22582528151582
2026-04-22,2301.692626953125,2311.8572166850836,2280.5661722899063,2296.1121871464775,63978,3779,67.47914946907058
2026-04-23,2257.546142578125,2303.087903013474,2248.378086086869,2292.0262875255494,84308,7095,57.73412267605519
2026-04-24,2217.684814453125,2276.081755407813,2179.4180381247315,2267.1129568970114,134893,7360,55.71161411185318
2026-04-27,2215.69189453125,2248.0792246270903,2207.8193793025753,2242.1000252247813,113788,13831,56.50550669068713
2026-04-28,2181.710205078125,2239.808139873749,2177.4250636167358,2229.2447905311847,83857,13262,59.23683023884637
2026-04-29,2192.273193359375,2240.1067848646703,2185.5964698706066,2208.317474494467,158595,11551,64.00935083634064
2026-04-30,2153.308837890625,2192.2731373319757,2128.893776183767,2192.2731373319757,138178,15411,62.933400462525505
2026-05-04,2197.355712890625,2207.7195608854295,2164.9683837890625,2174.9337158203125,84821,9512,63.98526031677568
2026-05-05,2164.469970703125,2220.1760756701065,2157.3944881220878,2193.469182269185,58790,12861,57.87961688788907
2026-05-06,2222.568115234375,2230.839389716018,2180.4147108762277,2185.895643650368,68805,3377,60.39668620245007
2026-05-07,2250.570556640625,2275.0853714961268,2220.9735682721266,2247.182440965294,90321,16797,48.71607891752492
2026-05-08,2254.65625,2292.0262430939224,2229.543663299729,2256.151049723757,154989,12558,52.72338954552363
2026-05-11,2174.335693359375,2242.199701646917,2141.0515817726227,2242.199701646917,344913,7873,72.38344116284574
2026-05-12,2103.282958984375,2197.3555908154267,2076.8748305686795,2174.335577784432,130998,5012,77.87186282547604
2026-05-13,2097.80224609375,2144.3403003030967,2056.545623484579,2107.069810701909,502422,4150,53.10814574440588
2026-05-14,2183.50390625,2189.483105215631,2112.6503011895825,2112.6503011895825,124061,9468,68.50609326100532
2026-05-15,2140.852294921875,2201.441561368178,2124.608755310141,2185.198021756444,39566,9630,57.62312882809083
2026-05-18,2109.760498046875,2140.852284682889,2086.740484212794,2123.811469943974,196600,4346,75.28873925097328
2026-05-19,2120.62255859375,2140.4534711050137,2097.8020466107846,2111.653760178645,129225,4750,55.317693139834844
2026-05-20,2147.529052734375,2162.377300143242,2100.592241549492,2111.6538574218753,316780,5337,47.11236447062079
2026-05-21,2197.754150390625,2212.3036319545045,2162.4769735771506,2169.4527057499804,79073,10635,74.65731716724264
2026-05-22,2200.644287109375,2210.310610371449,2194.665087983032,2203.3348780573824,42717,9771,68.67025559478226
2026-05-25,2211.40673828125,2241.103230546292,2202.437940224077,2221.670834755751,94164,11373,48.611308619186765
2026-05-26,2195.0634765625,2234.9248017583295,2180.4144882118767,2209.214198348175,97457,12852,54.946958492185495
2026-05-27,2187.09130859375,2226.255110995717,2179.4180518118324,2209.314047035589,56430,8721,68.12380791613822
2026-05-28,2187.09130859375,2187.09130859375,2187.09130859375,2187.09130859375,0,14602,48.86525314530567
2026-05-29,2197.85400390625,2343.3478531786654,2158.490941945562,2193.369604442374,638688,13125,68.75213669584164
2026-06-01,2160.184814453125,2232.3339589485054,2147.628643007869,2222.268877030812,79759,4286,75.81588384459508
2026-06-02,2142.84521484375,2160.1847937998928,2123.6120769846234,2152.511537441007,1203331,6617,58.99879226386029
2026-06-03,2192.771484375,2208.3174991051656,2137.563644215063,2137.563644215063,111771,11061,48.197780875926426
2026-06-04,2184.301025390625,2197.355707638052,2168.95451141688,2192.7715575969396,141678,15031,49.26328196751912
2026-06-05,2134.573974609375,2228.2480892747726,2127.598242666207,2196.359028963148,196497,5776,49.256252514769976
2026-06-08,2087.338623046875,2172.442464475128,2046.3810095411354,2126.601935408222,98814,5461,54.137916310022305
2026-06-09,2120.42333984375,2148.027260150888,2088.8332868339426,2088.8332868339426,64424,7997,67.22473147632961
2026-06-10,2075.97802734375,2142.446746767356,2068.3047699421068,2122.6158323183267,134815,5256,56.309075818388955
2026-06-11,1967.156494140625,2073.187527003561,1963.1703614270675,2071.991735848341,233996,6199,55.09291382870947
2026-06-12,2006.1209716796875,2019.9728075656792,1983.1010789618658,2003.0317430720352,158591,12998,63.84603120727607
2026-06-15,2184.89892578125,2201.839989287878,2043.1919608728915,2053.555808288668,1031761,11342,75.82149800855895
2026-06-16,2222.8671875,2231.237969567904,2169.751916072963,2187.8887727495908,205361,16060,66.51648753210459
2026-06-17,2248.178955078125,2259.240571190755,2212.303758986453,2238.2136228304385,131013,12444,60.631366096463154
2026-06-18,2226.454345703125,2260.834739851137,2210.410307743924,2256.1510826405433,57655,16491,61.09659729616775
2026-06-19,2235.92138671875,2250.9691346466834,2195.36253605065,2221.770664605049,130532,6006,51.18719465079806
2026-06-22,2241.203125,2257.1476559026232,2228.5472022548893,2246.18579090707,77685,4822,64.01168839682282
2026-06-23,2216.5888671875,2252.165054118039,2192.373061530834,2241.2031888103843,111094,12561,58.91982096152343
2026-06-24,2215.99072265625,2237.216927464311,2198.3521345150425,2224.2619964812216,61692,12153,67.99911959954676
2026-06-25,2225.856689453125,2279.0714658908146,2212.303740392483,2239.4093952195244,102982,17166,45.644464330680826
2026-06-26,2225.856689453125,2225.856689453125,2225.856689453125,2225.856689453125,0,4220,75.90982584103637
2026-06-29,2160.08544921875,2222.9665478006855,2152.5116996245984,2213.300224475108,73755,7271,50.294365438159275
2026-06-30,2172.8408203125,2200.3452330432324,2135.1720612300246,2192.372967706119,102008,12547,50.07391161491674
2026-07-01,2161.779541015625,2186.393862642681,2145.5360010345,2173.339180274566,60581,11060,58.2406996437768
2026-07-02,2222.46826171875,2230.241269224761,2166.662403328854,2170.3495274564825,102898,14213,57.59793869302487
2026-07-03,2212.7021484375,2262.1302908774483,2202.8365673940966,2222.767230749845,65691,9920,45.82838262144063
2026-07-06,2203.03564453125,2233.1308950691964,2190.977740167341,2212.3034508897654,52810,10016,58.78877818403244
2026-07-07,2247.182373046875,2268.1095703125,2196.3591796875003,2196.3591796875003,126415,17056,52.20203506640449
2026-07-08,2159.786376953125,2267.1129501543323,2149.62178732996,2227.2516235582125,376475,3964,58.985806689570374
2026-07-09,2194.166748046875,2210.6095450947005,2144.838356903398,2177.3251917607477,246999,12360,65.11802169936476
2026-07-10,2245.089599609375,2267.113081143899,2212.303753907453,2212.303753907453,205849,11389,76.19542329847015
2026-07-13,2208.417236328125,2249.0755946784493,2183.404156658932,2213.399902135197,159719,12529,49.18799785261555
2026-07-14,2157.494384765625,2226.95270036459,2135.371396315098,2216.2898437500003,136470,16148,58.07417446219958
2026-07-15,2123.512451171875,2182.2084013185004,2114.8426611842065,2161.4804625622382,99364,12636,69.70441665202543
2026-07-16,2137.5634765625,2158.490671437937,2117.8320727353885,2137.463725935885,175213,14432,55.44286653462447
2026-07-17,2061.985107421875,2151.441147323308,2054.6967756486843,2151.441147323308,314551,4403,73.44014343354422
2026-07-20,2051.9013671875,2077.759944087204,2043.8143920153307,2075.6632170754942,187139,10984,50.99174150162529
2026-07-21,2034.32958984375,2076.661561432443,2016.7578625449685,2055.695266821827,189402,9106,52.12287181885776
2026-07-22,2011.46630859375,2050.8032168816967,1988.8027913973601,2036.725750226212,260388,9166,78.7532864392046
2026-07-23,2008.171630859375,2026.941382832641,1992.7963242234557,2018.7545929758653,130689,11599,73.10137441504831
2026-07-24,2010.268310546875,2026.7418278669759,1978.9186835143505,1998.7867681722591,64236,14247,59.654209280282
2026-07-27,2021.949462890625,2048.7064970798237,2001.7819330628884,2044.5132869174272,177608,8686,73.59670592708935
2026-07-28,2009.96875,2051.7017094331154,2003.7787497967213,2032.7322045770427,152769,14677,77.06130185369368
2026-07-29,2078.358642578125,2086.745306100356,2019.7529099083895,2019.7529099083895,143039,14944,70.2617000716215
2026-07-30,2303.197265625,2332.250656837684,2204.456100298633,2217.3352979503247,4223176,10853,52.541629342702194
2026-07-31,2469.530029296875,2507.1694719982984,2317.274791994359,2325.761149483352,3395027,15274,66.75413948453607
2026-08-03,2488.199951171875,2517.8522336947594,2438.180508304669,2474.5219885265074,541456,17445,70.48679156651073
2026-08-04,2491.89990234375,2530.0,2412.39990234375,2479.699951171875,275218,16396,60.86284759908518
2026-08-05,2501.60009765625,2558.0,2420.0,2469.800048828125,169031,15815,59.508797075895956
2026-08-06,2465.699951171875,2521.699951171875,2397.300048828125,2488.0,126576,12290,59.37873557564213
2026-08-07,2466.300048828125,2498.800048828125,2430.0,2430.0,116753,15044,65.96159121243633
2026-08-10,2524.60009765625,2547.0,2475.10009765625,2482.0,441366,14309,68.77303031248726
