Date,Open,High,Low,Close,Volume,No_of_Trades,Delivery_Pct
2021-08-10,67.06764221191406,71.31841228165077,66.5953387941685,70.41673199519026,49698860,13269,76.17951558151327
2021-08-11,69.25743103027344,69.64386168144604,66.55239681705261,67.41113742114361,40957244,16656,74.67658390840487
2021-08-12,70.03031158447266,70.41674230572549,68.78513355172184,69.3433163559431,26238192,15515,60.61981677835045
2021-08-13,69.51504516601562,70.33085262261828,68.52749877109893,69.98735509097877,16845526,10744,47.67057296933223
2021-08-16,68.26988220214844,70.20204867956772,67.9693242826619,69.42918077826576,19778854,17966,60.69384827268467
2021-08-17,67.02470397949219,68.44162067591432,65.99421136648357,68.09812968991538,26249389,3507,75.47400011083153
2021-08-18,67.6258316040039,68.35575990463342,66.6382784670714,67.23940090122116,29876996,11885,48.75982386005596
2021-08-20,63.675621032714844,67.19645641640298,63.203311050653085,66.38065541284679,37053960,16684,53.9021721391192
2021-08-23,62.859806060791016,64.74903921446013,62.25869029242887,64.66316646921845,31136268,16499,46.243321396447755
2021-08-24,64.83491516113281,64.96372756119108,62.688063665731065,62.98862156475314,25626609,8782,46.89537859971233
2021-08-25,64.49142456054688,65.69366283784834,64.31967904307731,65.17841973376815,22570604,6318,58.11604705303708
2021-08-26,63.63268280029297,64.96373346915955,63.50387038852017,64.49142347654976,16730240,17771,64.05308521239772
2021-08-27,64.01911926269531,64.53436235189446,62.90275377637105,63.546809275787815,18449906,15167,69.7198510622034
2021-08-30,66.08009338378906,66.25184545255534,64.19086648906057,64.36261200615533,21909937,8054,45.82388306077101
2021-08-31,66.423583984375,67.36819733240128,65.26428548672135,65.95128058619727,26501208,12873,63.591505522966365
2021-09-01,67.2823257446289,67.66876295163317,65.95128172495895,66.29477272895703,19437409,9254,64.85395995673628
2021-09-02,67.32527160644531,67.79757505634622,66.81002850124815,67.58288988320811,23249453,17448,66.8952195816234
2021-09-03,68.01225280761719,68.95687270768003,67.19645185938563,67.45407665970656,24039114,6278,55.09891704944015
2021-09-06,67.754638671875,68.8709975871334,67.58288661067824,68.35575450688559,14905577,16315,48.10997503075566
2021-09-07,67.06764221191406,68.05519525144912,65.86540401385709,67.8405100929272,16964984,7453,64.886053893023
2021-09-08,68.14105987548828,69.12861279721108,66.68120359236437,66.98176146810515,28788968,6579,55.91438028649075
2021-09-09,67.96932220458984,68.48456527248119,67.62582464210526,68.09813460948045,11453820,5966,62.88653155079112
2021-09-13,67.19646453857422,67.84052010923148,66.98177934835513,67.62583491901239,10280673,11765,48.33217836739927
2021-09-14,67.53995513916016,67.8834527181725,67.06764514905926,67.58288824174208,12162777,5034,75.20085139057595
2021-09-15,69.81561279296875,70.28791618785515,67.36819686293525,67.53994891244275,38935049,10619,70.4206076633787
2021-09-16,73.76582336425781,74.32400609874864,69.0427497752406,69.77267801957264,83100665,9228,78.07103054878087
2021-09-17,70.67436218261719,74.4098829147431,69.7726818275616,74.3240101551358,63908701,4127,61.769704023087186
2021-09-20,67.19646453857422,70.54555481632639,66.98177934835513,69.90149924566913,30466537,6893,72.29131171444625
2021-09-21,67.53995513916016,67.92638582075443,66.03715896369359,67.4111427280716,24543270,9908,56.18994460368167
2021-09-22,68.4416275024414,68.82806472774026,67.45408099168836,67.92638442038086,20402969,13684,56.322942294507584
2021-09-23,68.39868927001953,69.64386050423565,68.22693722110198,68.87099266328357,20391244,5463,67.41554714614709
2021-09-24,66.85295867919922,68.87099790804805,66.72414627061924,68.74219205113933,23102595,10917,76.22396934245928
2021-09-27,66.98177337646484,68.35575716103239,66.81002786027071,67.11058578944619,25777269,11820,71.26038366276586
2021-09-28,68.22693634033203,68.44162148495444,67.15351061722001,67.32526266392034,22838831,9871,61.33265135910971
2021-09-29,70.15910339355469,70.4167281905298,67.1105782382598,67.79756677740886,53912004,5493,54.81441214412143
2021-09-30,70.2020492553711,71.87659092886739,69.77267892353396,70.11617649933794,37128256,10494,56.89045207031878
2021-10-01,70.80316162109375,71.70484189432553,68.69924971911428,69.94442099960483,39414564,15508,53.93184451370336
2021-10-04,72.43477630615234,72.73533423903997,71.06079250461495,71.23253802293029,37506487,6614,59.89078958768667
2021-10-05,71.57603454589844,72.90708522388148,70.97491868907017,72.09127764484717,27059658,11535,68.60875165809082
2021-10-06,70.67436218261719,73.67995463057369,70.4167373521237,71.87659392046251,37820587,4135,46.36032570545786
2021-10-07,72.13421630859375,72.86414456804881,71.36134839495311,71.61897321672379,25229829,14408,53.40647451771757
2021-10-08,75.65504455566406,76.34203964730624,71.57602675925666,72.77826489379511,81657382,15795,78.01076617912418
2021-10-11,75.13980865478516,77.4584058440357,74.79631107631472,77.02903550886549,73810234,15176,64.47088836166945
2021-10-12,75.65504455566406,76.2132272486645,74.10931542697529,75.09686186266364,50251340,8827,78.00401521894896
2021-10-13,75.44036102294922,76.55672643284089,75.18274277182329,76.38497438041938,37149033,9640,46.4974439812237
2021-10-14,76.2132339477539,76.72847703593966,75.65505120568962,75.78386361565389,35030330,10182,62.05127439244605
2021-10-18,79.90581512451172,80.29224577226607,76.64259823716307,77.71602398278159,109088221,3946,50.47897195910319
2021-10-19,76.72848510742188,81.49449891576329,76.0414964347966,81.15100130361465,80356848,17946,74.48181332726408
2021-10-20,79.17588806152344,79.94875598372295,74.62456638932004,76.51379326432199,76835176,15458,78.53871468399598
2021-10-21,81.966796875,82.35323411949746,78.48890098455236,80.16344272235993,130557379,3854,48.523427586127745
2021-10-22,81.19393157958984,83.64134113686983,80.54987608811241,82.61084841950318,82861993,15491,64.45141784804986
2021-10-25,82.86846923828125,86.04580688892521,80.80749045466338,82.00972862441304,142700372,14582,64.30528850599491
2021-10-26,85.78820037841797,88.79379293836084,82.86848058128196,83.21197818418122,148211296,14070,70.99351800243394
2021-10-27,88.1067886352539,89.09434168474434,84.92945087776764,86.64693216325668,70719485,4148,67.59334211970295
2021-10-28,83.98483276367188,87.11923069229395,83.64133521553401,86.04580494915741,62486211,17966,62.45553527844905
2021-10-29,83.72721099853516,86.86161559240428,79.86287818321816,83.21196793349377,76217130,13118,72.00356625809184
2021-11-01,85.05826568603516,85.35882360914742,83.5125298647845,84.50008294215735,30772894,13980,52.97923869867627
2021-11-02,87.84916687011719,88.27853717436669,84.84357474037066,84.97238059030877,61862153,4190,59.052825031195226
2021-11-03,86.64693450927734,89.60958718629318,86.04581211207771,88.19266377706639,69238647,13981,59.4454965861313
2021-11-04,88.1067886352539,88.66497136337208,87.59154555994142,87.89210347456778,10830881,7490,59.307536117853886
2021-11-08,90.72594451904297,91.3699999606571,87.11923011500146,88.45028064833893,66190588,4196,55.8943187272788
2021-11-09,91.32707214355469,92.05700042829142,89.91014867808246,91.19825972820783,53688615,5628,45.450591415720965
2021-11-10,86.47518157958984,92.74399099928404,85.23001024702722,90.42539384497044,113046964,7024,67.85443761310749
2021-11-11,86.99042510986328,88.53615425369348,86.08874486220923,87.84916570699255,52639047,13168,57.292383470673826
2021-11-12,87.03335571289062,88.23559382472958,85.70231175651266,87.80622353847785,25655521,9202,75.08531970894148
2021-11-15,84.92945861816406,87.97798424674437,84.15659065892125,87.59155354295885,25227908,11374,58.83447554334264
2021-11-16,83.08316040039062,85.83112794283575,82.48204454787808,85.01532692132994,29306507,15854,68.26475336433444
2021-11-17,83.77014923095703,84.88650809435094,82.00972835758654,82.43909866312364,36609592,11911,78.60536532192542
2021-11-18,82.6537857055664,84.75769763013058,82.1385426374763,84.07070905656747,33211505,17150,76.9554367897872
2021-11-22,78.01658630371094,83.21196982768127,76.8143480901333,82.86847225927748,48614287,17990,61.538113395279204
2021-11-23,80.20638275146484,80.54988034206096,76.77141994884683,77.28666305890522,39536347,10787,54.0475930606018
2021-11-24,80.16343688964844,81.79504540491,79.69113347185635,80.50693445365157,30226185,10404,69.51192796519884
2021-11-25,79.90581512451172,80.37811852158138,79.04707452801689,80.07756062314236,31171968,13574,64.03551395816038
2021-11-26,76.29911041259766,79.00414494664876,75.56918212288143,79.00414494664876,51003702,10038,50.70142337486072
2021-11-29,74.0663833618164,76.08442264163017,73.0358971704945,75.65505230330079,33701300,11613,49.23492231549137
2021-11-30,73.63701629638672,76.21323844086672,73.16470628256336,74.2381321760967,30142735,4810,55.53214038325739
2021-12-01,75.18275451660156,75.52624557176172,73.5940789039622,74.3669468814164,30727942,8117,65.61979674042469
2021-12-02,75.65504455566406,75.91266935294757,74.23812127394629,74.79630396694672,21585217,14855,67.77991795504951
2021-12-03,76.08441925048828,77.80190052725628,75.18274551118776,75.39743067078375,28211821,7845,67.49010861005901
2021-12-06,74.75337219238281,77.24371470243005,74.49574739053682,76.59965924948594,24712723,3161,72.72132395830954
2021-12-07,76.90023040771484,77.28666109250882,75.39743421980495,75.95561041969148,21988255,3320,51.79277500503191
2021-12-08,79.09001159667969,79.26176365560205,77.15784515758325,77.50134272375685,29858717,15265,63.2678357649377
2021-12-09,79.21881103515625,79.77699366985722,78.14538541137364,79.30468377472484,21178261,5079,65.31965189570693
2021-12-10,80.89336395263672,81.32273426353537,78.27420898715758,79.17588270904213,33983368,15071,72.77173354380751
2021-12-13,79.99169158935547,81.83798526791188,79.7340667777723,81.5803604563287,22565314,13892,48.5954310648745
2021-12-14,79.30469512939453,79.9058174957822,78.14539660005755,79.26176202929821,16368468,17133,55.72616054831569
2021-12-15,77.5013427734375,79.90581918652285,77.24371796072437,78.9182661400174,19024060,16720,49.74388369583151
2021-12-16,76.12734985351562,78.74650455823483,75.56916719458519,78.1453888034915,18541507,3529,66.78808232360295
2021-12-17,72.90708923339844,76.08442731137914,72.69240405105725,75.91268178617493,29601923,7191,45.86754917950351
2021-12-20,68.82805633544922,71.91952100253764,67.92637613803281,71.87658135440526,34196245,5429,67.28668551537004
2021-12-21,67.79756927490234,70.63141593933746,67.45407826850983,69.38624466198715,27610330,5541,57.06324556293869
2021-12-22,68.5704345703125,70.28791574453032,67.5828815848031,68.26987667515853,39202046,6484,67.32294860608764
2021-12-23,69.729736328125,70.41673145075197,68.8709957006768,69.38624531848255,23073036,3424,73.74994497354876
2021-12-24,68.22693634033203,70.1161695440116,67.7116933035724,69.90148439938919,23406108,4136,50.4803199665718
2021-12-27,68.5704345703125,68.78511971708973,66.16596485740999,67.41113608804962,26525913,12203,50.65114862980316
2021-12-28,69.47211456298828,69.72973280721202,68.78511947505024,69.55798731106286,20504216,3109,70.49825673198885
2021-12-29,69.51504516601562,69.90148234598651,69.04274179272296,69.12861453771522,19184063,7437,58.71134682864611
2021-12-30,68.82805633544922,69.21448696195885,68.35574641267482,69.17155386549692,20421280,8690,48.49614954779773
2021-12-31,70.37378692626953,70.67435136640319,68.7851181858186,68.7851181858186,22468020,7114,65.32316501438982
2022-01-03,71.96247100830078,72.22008927916298,70.07323759695439,70.07323759695439,21177306,3654,51.816631396571644
2022-01-04,72.04834747314453,72.69240301095273,71.36135227881377,72.22009299589136,24456776,4422,54.90344009967139
2022-01-05,72.90708923339844,73.72289030562618,71.66191124481651,71.96247574143162,33925654,13157,73.29619164360454
2022-01-06,74.36692810058594,74.96805039865096,71.490148654262,71.661894138469,34206729,7026,70.56903438259397
2022-01-07,75.22567749023438,76.0414850155354,74.28106411243358,74.79630717744574,39877581,16760,65.08661647109275
2022-01-10,79.13294982910156,79.39056808535483,75.31155012046992,75.65504768047865,42535778,13295,64.7784938691319
2022-01-11,79.17588806152344,79.81994357141112,78.40302669099539,79.17588806152344,27427262,4989,49.24660490994754
2022-01-12,79.648193359375,80.2922488312837,79.09001064005325,79.51938095465906,23947845,11753,67.47020555245126
2022-01-13,80.63574981689453,81.2798053161482,79.17588675425006,79.51938433085296,25289041,7871,67.65500885730332
2022-01-14,80.37812042236328,81.2368610391656,79.81993771110758,79.94875011396212,17230925,17449,52.60923165476008
2022-01-17,80.5069351196289,81.32273610817269,79.99169204519751,79.99169204519751,14506863,8972,64.05166542707921
2022-01-18,79.21881103515625,82.35321516693547,78.74650114002387,80.59279452326396,36750278,3545,59.980365121119085
2022-01-19,82.31028747558594,82.73965778745823,78.57476707263112,79.21882254043956,35333475,14619,52.45902762511719
2022-01-20,83.04021453857422,83.72720964866755,82.05266807636256,82.39615907973831,37096905,15140,71.98011090847598
2022-01-21,79.60525512695312,82.18147706053311,78.61770862708441,82.09560430641469,39203300,13220,70.69586614262991
2022-01-24,79.51937866210938,80.3781192665634,77.88777020331254,79.26176041177568,56181631,5206,72.8866253086915
2022-01-25,84.58594512939453,85.61643118035346,78.61770086022221,79.00413149141417,65620823,14613,45.36291024895274
2022-01-27,88.8796615600586,89.30903190575935,82.52497913335294,83.29784706594863,94518500,3360,56.213937351450454
2022-01-28,88.7079086303711,91.4558759925783,88.23559866889596,89.69545510163022,56977661,6019,70.15678711088886
2022-01-31,92.35755920410156,93.08748744370612,88.49322629266085,89.26608763361203,61044762,14039,60.82768019045001
2022-02-01,91.15532684326172,93.8603613653598,87.93504921020966,93.25923894285377,86624214,4341,73.05020928498794
2022-02-02,93.94622802734375,94.63321661346724,91.19825402783619,91.75643675833547,47769665,6221,77.7137814357445
2022-02-03,94.07504272460938,96.0930819824564,93.17336240326408,93.68860549331653,54520992,15959,73.17867471490874
2022-02-04,91.49881744384766,95.62076856822988,91.15531987889803,94.28972451259784,45581685,10961,53.95009156297569
2022-02-07,96.9947509765625,100.64439863294348,92.95867265958607,93.43098262402142,177298544,16496,72.86560560748445
2022-02-08,101.2884521484375,101.58901660273894,95.74957784447056,97.89642936564704,115380004,4251,59.901516967419205
2022-02-09,98.6263656616211,102.01839527428895,98.32580773433949,101.76077044994962,61784484,8501,67.97402949723194
2022-02-10,98.49755096435547,99.95741401562451,97.55293754981156,99.09867335664435,40178477,5748,70.34138911051944
2022-02-11,97.510009765625,99.14161186533055,96.60832940385372,97.6388156301595,33757340,9404,50.640369133113566
2022-02-14,91.11238098144531,94.80496836982962,90.38245274467292,93.6027301583786,50506830,3707,67.79729925110371
2022-02-15,94.59027862548828,94.89083652586953,89.35196226335364,91.5417468675635,61851795,8186,48.67961913898531
2022-02-16,91.88523864746094,95.53488597691616,91.58468076595753,95.36314048796291,45599684,14789,76.99401242144685
2022-02-17,90.76888275146484,93.001613650016,90.5112644912505,92.8298615915353,29911159,12568,73.66549490179719
2022-02-18,90.46833038330078,92.48636969451411,90.16777245212799,90.4253972798027,31422298,17311,56.69904339672003
2022-02-21,89.09434509277344,91.1123843700827,88.27854407162864,90.46832886338794,40170256,12093,57.288231800586495
2022-02-22,90.03894805908203,90.8547555370653,85.05825665062221,86.90454364718978,51955994,9568,75.80958387383836
2022-02-23,92.52930450439453,93.55979065778892,90.03895532340837,90.16776773050047,62092144,3170,74.24595037418757
2022-02-24,86.30343627929688,90.68301233238962,85.95993870516442,88.27854241680502,70341673,6947,67.62270399747653
2022-02-25,91.7135009765625,93.30216981565155,88.49322364665049,89.30902461622647,61465709,9302,47.80257071834822
2022-02-28,91.49881744384766,92.74398874616006,89.39489895332561,89.73839651827524,41283452,14322,78.71983785791288
2022-03-02,88.5361557006836,91.37000233819346,87.37685718594625,90.98356513216707,47475131,17254,64.13585004398828
2022-03-03,88.1067886352539,90.42539230166682,87.72035796668733,89.73839716680274,41511333,8301,64.8330727965157
2022-03-04,86.34637451171875,88.57909887932315,85.91700418903824,86.34637451171875,47496069,17109,64.36969105099396
2022-03-07,79.69113159179688,86.30343169825878,78.14539586608505,84.24245291453333,84678404,5616,59.932163212338054
2022-03-08,83.68426513671875,84.6288849961478,79.17587718673126,80.46398802958483,72203819,6457,59.50877177942142
2022-03-09,84.88651275634766,85.18707067639619,83.04021903080483,84.15658450718085,51266334,8153,68.82914292929074
2022-03-10,87.46272277832031,90.55418741515517,86.90454011641407,87.76328065729433,71291981,5547,49.97990680088351
2022-03-11,89.65252685546875,89.91014512430829,86.68986762627902,87.41980243383607,40767554,11259,68.85059229113325
2022-03-14,91.79937744140625,92.31462052469823,88.9225975539941,90.12482923111827,45750608,4296,53.41827295300729
2022-03-15,90.94063568115234,93.51685761800272,90.3824529511672,92.22874664957753,46827034,10527,53.21092568773595
2022-03-16,92.48636627197266,93.34510693021444,91.8423107782913,92.31462076099281,27985666,4607,58.7127054069527
2022-03-17,92.7010498046875,94.2897252358059,92.27167948312496,94.24678558298118,32425892,3307,75.9046042041519
2022-03-21,91.45587921142578,93.04454810335574,90.81182372402137,92.65811743158157,24879006,15999,77.96324749667721
2022-03-22,91.7135009765625,92.27167713907711,88.87965430557153,91.19825136243978,32477182,8655,49.33380765792548
2022-03-23,91.24119567871094,93.73154491815825,90.94063775622121,92.09993634392234,27104882,9560,65.74178047591239
2022-03-24,91.15532684326172,92.74399583189975,90.2107133812341,90.5542044207557,26545928,16776,52.58841452350811
2022-03-25,93.17335510253906,93.60272540255076,91.2841284031559,91.6705590524981,40572355,3062,60.84726603894345
2022-03-28,96.13601684570312,96.47951442925357,92.14287791090248,93.55979479658195,46409385,16169,68.79674237907757
2022-03-29,95.79252624511719,97.12357037881976,95.06259141990925,96.60832727701,32359109,4611,56.03520097118539
2022-03-30,97.89643859863281,98.71223963295282,96.22189687485113,96.8230127368057,100828273,14169,75.78537667604498
2022-03-31,95.83545684814453,97.38119266491756,95.36315341367096,96.95182233266631,28030563,9115,50.209013881688364
2022-04-01,99.6139144897461,99.95741205694151,95.62076919340048,95.83545435393873,30941452,14732,75.0292063456543
2022-04-04,99.69978332519531,100.47265118309173,98.92691546729888,99.78565607570138,29356607,13863,57.344437373316936
2022-04-05,99.6139144897461,101.20258336739488,98.32580352651661,99.95741205694151,28093579,7974,76.772177601609
2022-04-06,102.96300506591797,103.86467881584404,98.8839869855258,99.3133573097776,36964790,15117,59.72109613289612
2022-04-07,102.36188507080078,105.28160465421388,101.28845923511004,102.92006781569424,44284867,4256,66.34102103589413
2022-04-08,103.30650329589844,103.77880672459125,101.28845751768038,102.87713296890247,27463874,13348,51.130422152481096
2022-04-11,103.30650329589844,105.36747562414209,102.70538090710133,103.69293396952631,17762107,10297,61.05996110323576
2022-04-12,103.17768859863281,103.82174407483942,100.55852704139083,102.96300343989728,23810157,5985,47.091376282044216
2022-04-13,102.57656860351562,104.294049913255,102.27601068464548,103.77880683066743,18304816,9758,64.80718450244825
2022-04-18,97.81056213378906,101.93251335601354,97.25237939645528,101.93251335601354,41375448,6034,59.43443726509082
2022-04-19,97.08062744140625,100.21502538977055,95.83544964052255,98.75516899057816,29839721,13011,59.86663526166781
2022-04-20,96.6941909790039,98.32579944164485,95.66370487189955,97.68174398678691,21822195,4565,52.0932551939973
2022-04-21,97.81056213378906,98.3258052176082,97.0376942322247,97.51000421420049,19921166,8540,56.813417656794634
2022-04-22,95.7066421508789,97.85349376082837,95.49195698988396,96.99475311684859,17387240,5427,64.91262165352853
2022-04-25,95.44902038574219,96.60831890223483,93.64566640990132,94.76202527510237,24586074,7342,66.2907751364484
2022-04-26,99.1845474243164,99.52804500278684,96.65126506748078,96.95182299176564,28059744,9941,70.339800903324
2022-04-27,99.69978332519531,100.08622052997897,96.86594324846962,97.89642935788426,21756038,10201,56.012196905762295
2022-04-28,99.35628509521484,100.30090499936459,98.54048414345371,100.25796534856838,20065882,7603,67.1379653928629
2022-04-29,96.95182037353516,100.77321363268284,96.43657729557958,100.12915814732057,18089520,8332,49.16220208920845
2022-05-02,96.82300567626953,97.2523759896898,95.19139717493832,95.66370714036903,14526547,14924,50.24782616533035
2022-05-04,92.87281036376953,98.96986817760892,92.35756724107512,97.72469675179144,31618133,5605,77.24230518078427
2022-05-05,90.89769744873047,94.8908428235867,90.51126677283234,94.20384767568859,26515557,16842,61.481495520500815
2022-05-06,90.12481689453125,90.85475159358951,87.59153492663496,89.48076149065894,25132051,17828,53.69382550029451
2022-05-09,88.66497802734375,90.03896184866802,87.24805454998649,89.26609390177573,19017700,15364,47.14580721293659
2022-05-10,86.7328109741211,90.25364654491446,86.04581579128119,88.45029237954923,16040305,15586,55.719911523083944
2022-05-11,86.9474868774414,87.84916713980176,83.46958478167538,87.59154233579282,26776508,3777,58.4003046505057
2022-05-12,82.48204040527344,86.13168809485774,81.92385768359104,85.87406328433629,24799413,14343,78.82004294748339
2022-05-13,81.58036804199219,85.27295574245632,80.72162732576069,84.15659019068669,31856215,13105,49.51229810431657
2022-05-16,85.74524688720703,86.2604899325917,81.150986025715,82.43909691501206,38507596,12698,47.78219077894267
2022-05-17,87.7203598022461,88.32147564407721,85.44469574102034,86.51812156691255,27647316,8078,58.9813882354335
2022-05-18,85.4017562866211,88.19266344045408,85.10119836500411,87.72036000696207,20090443,12096,47.157129286820464
2022-05-19,82.69673156738281,84.07071536935113,81.7950512167656,83.72721778094116,18567831,16164,48.987388109651214
2022-05-20,85.4017562866211,85.83112661798002,84.15658494634874,84.32833045822379,17897990,6375,71.51969680888688
2022-05-23,83.42665100097656,86.73280101651963,83.16902619907103,85.83112076152112,18586212,15668,67.11145430068181
2022-05-24,82.2673568725586,84.45714159857381,81.79504689449408,83.512528194116,20019543,8423,62.98892655414396
2022-05-25,80.63574981689453,83.8130876592108,79.86288190745584,82.65378907088845,30311221,10607,62.51348552872663
2022-05-26,84.45714569091797,85.01532845067591,79.47645361167928,81.49449292618424,36341295,7152,74.73901451372987
2022-05-27,84.71477508544922,85.74526135003275,84.2854047165941,85.27295787529525,22370919,15876,73.62085605549983
2022-05-30,87.20510864257812,87.5915392834545,85.57350022794435,85.70231262546004,25342786,9965,53.86280854435769
2022-05-31,86.08875274658203,87.9779796126215,85.61644275423646,87.03336617960177,17234246,8892,74.19270521232238
2022-06-01,87.46272277832031,88.02090544022656,85.87405408802591,86.73279462890616,20994336,5327,61.81497096833786
2022-06-02,89.00846099853516,90.89768762354026,87.59153775394603,87.59153775394603,44232880,3572,62.56414167197516
2022-06-03,87.7203598022461,90.2536421306832,87.59154739280477,89.91014455606343,16672450,9400,69.14142882936909
2022-06-06,87.63448333740234,87.97797434581264,85.18706731661729,87.59154368551555,18544374,3074,46.467711634270074
2022-06-07,87.50567626953125,88.6649748727879,86.64693559279722,87.07630593116424,17522351,12428,77.17262190319803
2022-06-08,88.92259979248047,90.46832908126768,87.07630602517472,87.93504670283586,31448826,16903,56.46589196415751
2022-06-09,90.21070861816406,90.46832688420318,87.97797766913082,88.6220331617355,25588925,7554,77.67976201254058
2022-06-10,90.25364685058594,90.55420478721946,88.36441991888519,88.4502926791131,15753322,16994,57.673130458726376
2022-06-13,85.83112335205078,88.40734524217743,84.585952059158,87.76328976964577,22147285,6996,65.12609918680667
2022-06-14,86.34637451171875,87.72035823396213,85.10119664494256,85.10119664494256,18606407,6676,61.27735157029684
2022-06-15,85.9599380493164,87.67741935520353,85.35882221292441,86.73280594729985,15884977,16119,60.41492030390772
2022-06-16,83.72721099853516,87.72035621803028,83.34078033767187,87.24804625326756,24322328,11187,59.3989575414888
2022-06-17,84.0810546875,85.7175598729829,83.24068241731551,84.83296174580856,21919900,7501,59.90724829038312
2022-06-20,80.63111877441406,84.92141824206197,79.48113853614029,84.56757764959713,21703028,17926,58.32461453898644
2022-06-21,84.96566009521484,86.11563370971159,81.16188512284793,81.47149314409904,28648481,15620,46.62847660158823
2022-06-22,84.43488311767578,85.4521722483961,83.32913552970754,84.5675741780215,19542639,17658,71.75871259692536
2022-06-23,85.31948852539062,86.55792728020835,83.5060663745399,84.21374084232984,27634072,5297,57.197080964868995
2022-06-24,88.41558837890625,88.76942901265193,85.67333527803761,86.07140852185728,38285373,12912,65.83382802532137
2022-06-27,88.45980834960938,90.00785499572753,88.10596776642137,89.43286489166552,14457696,7693,71.11571678120393
2022-06-28,89.83094787597656,90.05209742097016,87.97328629887157,87.97328629887157,16394684,3919,63.25329735965099
2022-06-29,89.47710418701172,90.05209433407467,88.19443282064846,88.72519710959783,16413604,12489,74.02768675745631
2022-06-30,86.15985107421875,90.49438285162327,85.85024310775003,89.30017008975501,24612161,15392,57.472909161733206
2022-07-01,85.76178741455078,86.51370123657695,84.56758126919783,86.33677755829798,32287305,16656,48.96804735487228
2022-07-04,87.08869171142578,88.41558903612368,85.76179438672789,85.80602699713067,23659060,6786,56.86450308878398
2022-07-05,87.26560974121094,89.12326452545051,87.08868606002962,87.22137713367852,19396972,4337,74.45776245947454
2022-07-06,87.9732894897461,89.07903725482058,87.3098408307014,87.61945560408127,24812084,15074,76.43745875746086
2022-07-07,92.88279724121094,93.59047839596114,88.90210593087332,89.07902284508704,65399001,5877,78.58624262832534
2022-07-08,93.41355895996094,94.03278168562541,91.95397073033149,93.6347084872094,19420027,5169,69.87923931715811
2022-07-11,96.90772247314453,97.26155630638638,92.35204100620426,92.79434004670432,34213586,3010,64.9018718983915
2022-07-12,96.64234924316406,97.7480969461751,95.62506000660424,96.24428276965945,29735635,10625,77.24106849351764
2022-07-13,95.93466186523438,97.74809068152972,95.66928648288858,96.86349257581452,15508962,6437,54.14746626342237
2022-07-14,93.0597152709961,95.53659259336617,91.73281815164378,95.53659259336617,33537636,3900,53.677589366235225
2022-07-15,92.04244232177734,94.12124667224873,91.37899369403445,93.7674060543295,15017788,9369,71.39365911454082
2022-07-18,95.53660583496094,95.80198799519309,92.21936257680258,92.97126969886207,22589938,16575,73.14995886021461
2022-07-19,99.69420623779297,99.95958837553736,94.6962322181746,95.18275713877516,41577121,8968,63.02471628468173
2022-07-20,99.11922454833984,101.19802883304004,98.41154333489168,100.57880608403583,25996979,17191,64.78318684417411
2022-07-21,100.7999496459961,101.10956437662387,98.32307904360866,98.58845442121384,21547010,7895,70.63707201179804
2022-07-22,102.70184326171875,103.0114512626098,100.53458050653323,101.55186972284514,32483787,14700,58.97388670370889
2022-07-25,101.90570831298828,103.23260559179775,101.06534273598837,102.34800740592478,20171737,11814,48.3092542967785
2022-07-26,103.05567169189453,103.40951225779352,101.37493406558487,102.61337267175765,28833389,6244,73.40612692974679
2022-07-27,104.60372924804688,105.04602831463481,102.61338344840117,103.27683204828307,18506988,6620,48.031552995362844
2022-07-28,103.63066864013672,106.01908080768463,103.05567852603876,105.17871531327464,26055143,3872,77.60629588900247
2022-07-29,102.83453369140625,105.93062717888945,102.25954355108402,104.78064689824498,25401430,13427,60.23350019624122
2022-08-01,102.8787612915039,104.82487440363786,100.26919285824715,103.94027630740463,41880847,13275,54.80456152466945
2022-08-02,107.69981384277344,109.29209305091094,102.56914239339493,102.87875711366159,70155980,7664,63.12758219382232
2022-08-03,107.08060455322266,108.27481065904989,105.39986678441676,107.47867100551572,23838755,6891,65.08372598145486
2022-08-04,104.91333770751953,108.18635486407263,102.70184236482751,107.43444104839878,32572271,15904,51.76591786636498
2022-08-05,104.29412078857422,106.59407457483921,103.98451279312572,105.3556358440971,33906201,12461,69.4169964438489
2022-08-08,104.60372924804688,105.88639384157263,103.0556825149891,104.29412125122495,14890797,13634,59.74278753696342
2022-08-10,104.95757293701172,105.88639695478626,104.16143324395614,104.60373232354831,14205845,8995,60.880648992958115
2022-08-11,108.98249053955078,109.99977977266025,105.79793851546977,105.93062958917072,35838299,17250,54.477179911713634
2022-08-12,108.93826293945312,109.77862847787773,108.1863558657656,108.80557186787338,19478756,15357,46.191051849243
2022-08-16,107.52290344238281,110.7959137641806,107.08060438543997,109.69016612182351,23764633,6354,53.20816245561639
2022-08-17,111.99011993408203,112.34396052963426,107.34597983344754,108.14211948620306,35845276,8534,77.40668981942707
2022-08-18,109.6017074584961,112.34396025670479,108.8498004128668,111.14975415494675,26352284,17188,46.03630694025173
2022-08-19,106.46138763427734,110.13247136282796,105.7537131528009,109.86708921418155,28211583,7418,60.35898446643767
2022-08-22,104.60372924804688,106.15177598110465,104.07297171793098,106.15177598110465,20822630,8578,67.66652614910359
2022-08-23,109.2036361694336,109.64593523330161,103.49798094511546,103.49798094511546,28448397,12117,67.40834240613192
2022-08-24,109.29210662841797,110.22093065776426,107.08061120290526,108.80557493522579,29911175,10809,72.72580179112263
2022-08-25,111.37090301513672,113.22855768994783,109.73439786706379,109.77862372304264,39474725,10868,75.7338191351195
2022-08-26,113.49394989013672,114.59969762192314,111.72475351927847,111.90167045678487,28327799,15340,69.11439643595385
2022-08-29,111.72474670410156,112.25550423319328,108.053663108716,109.73440090829654,25846031,16192,47.1187991341714
2022-08-30,115.74967193603516,116.14773839917345,112.6535716992836,112.6535716992836,27509622,6578,74.2909805551482
2022-09-01,118.04961395263672,118.40346129199533,114.5996867557393,114.5996867557393,30532175,8149,61.38933613024676
2022-09-02,116.01504516601562,119.1553713845151,115.66121129543693,119.11113877621852,18175077,5105,58.29955562220165
2022-09-05,118.40345764160156,119.24382311258894,116.10349724931412,116.10349724931412,17447942,10592,56.93647412718255
2022-09-06,118.04961395263672,119.86304276039905,116.855414614278,119.0226772635031,21626208,4799,62.96700203425644
2022-09-07,118.71306610107422,119.06691345108068,117.3419363028287,118.00538489895754,13349849,12473,63.08489692964794
2022-09-08,122.3841552734375,123.71105245313694,119.42074617295029,119.7303609140386,36381561,10792,54.09867718414643
2022-09-09,122.1187744140625,125.34755218591351,121.76492706370726,123.40143900159663,27775278,17541,73.06208232401742
2022-09-12,122.82645416259766,123.75527138877924,122.42837421092429,122.95913848122471,12457738,10634,48.503792234939546
2022-09-13,122.64952087402344,123.62258418086657,122.38415224297148,123.40143465639275,9812372,12202,62.801560540543576
2022-09-14,124.24180603027344,125.48025152468088,119.86304793802097,120.30534700790297,20471796,7796,51.21587338236482
2022-09-15,123.88797760009766,125.43602441249257,122.91491420457633,125.43602441249257,15780850,3367,76.34521971030848
2022-09-16,121.41109466552734,124.7725702957369,119.15536670986722,123.40144047971631,23988729,8936,50.472756098212926
2022-09-19,124.77256774902344,126.89559784166694,120.61495927715717,121.01302573229081,30261992,6491,54.857534762260116
2022-09-20,125.25910186767578,126.76291600422982,124.99371972642591,126.4090686499312,13983845,7536,64.21880938080054
2022-09-21,125.03795623779297,126.71868735503611,123.84374331382239,125.2591057794248,20073329,7586,77.9539512988068
2022-09-22,122.47261047363281,125.34755444483497,120.08419818175184,124.55142151350682,34947454,13606,72.74806746574552
2022-09-23,117.2092514038086,122.95913920852374,116.5015702051875,122.42837493508387,41820198,13896,60.26592906600862
2022-09-26,113.36124420166016,115.3958225866228,110.13246644792758,114.99775613036614,37331411,9078,45.85495477737404
2022-09-27,113.00740814208984,116.28041843762402,111.9016605086056,114.51122222404923,26721004,11562,58.956398456776775
2022-09-28,111.85742950439453,113.44970881897693,109.69016681133053,111.85742950439453,24312345,3435,69.17232527382407
2022-09-29,112.74202728271484,115.17467210383144,110.57476459620838,113.93624013951234,26109674,13737,45.330325381619595
2022-09-30,117.12078857421875,118.22653625145985,111.76897386574076,112.87472154298186,32119561,12764,70.82840485803558
2022-10-03,113.27279663085938,118.31500342294967,112.25550740117144,116.67849143438946,20511123,7132,64.37208258440656
2022-10-04,118.3592300415039,118.71306388701494,115.44005357340191,116.1035021571571,20696678,17533,63.07441940570064
2022-10-06,119.33228302001953,120.21688115507645,118.62461531029108,119.42074823268376,16669962,10734,56.39446332190239
2022-10-07,119.6861343383789,120.1284334205622,115.44006044983992,118.75730356621463,23951985,10404,59.67189913812136
2022-10-10,116.9438705444336,118.93421634472882,116.41311976309267,117.16502007779972,21143008,10472,45.54549590993375
2022-10-11,114.6439208984375,117.78423340276296,114.20162184172732,117.34193434605278,14200008,12219,52.80677505641527
2022-10-12,117.60731506347656,117.91692979860385,114.55545430850484,115.17467028086354,17414129,14439,70.5446467554647
2022-10-13,114.99775695800781,117.47463442283647,114.29007575407158,116.76695321890024,14625936,14472,74.72623383239673
2022-10-14,115.39582061767578,118.71306352637417,114.99775416821116,117.65154849516988,15403899,14119,56.05259869182832
2022-10-17,120.43804168701172,120.96880601567278,114.6439341715992,115.48429977706458,29422436,14520,57.356211357947984
2022-10-18,124.41873168945312,125.39179511063463,120.96880410144118,121.6322527528202,34071231,12611,45.188110207105275
2022-10-19,121.89762115478516,124.72833238159684,121.36685689442854,124.46295025141853,20570748,15556,48.150627360919614
2022-10-20,124.46295928955078,125.48025527945802,120.03996845838056,121.18994877406418,29793676,12708,55.00913885624874
2022-10-21,126.98406219482422,128.17826155215474,124.37450045336566,124.72833430044965,33334153,16112,56.77881350037701
2022-10-24,127.78018188476562,128.62054730810206,127.4263480742749,128.001331390796,3680722,6157,59.50333210441647
2022-10-25,131.23013305664062,134.10507687117934,126.05522879131264,127.64750806509784,42782169,13685,68.80497593728202
2022-10-27,132.42434692382812,132.99934384858662,130.2570840484086,131.23014746083234,25452543,13483,78.32016121757533
2022-10-28,130.03591918945312,133.7512284667155,129.2840054140293,132.68971345862562,22803412,4215,78.11114004568012
2022-10-31,130.65513610839844,131.45128249371123,128.26672394825152,130.92051823683605,21373095,5880,68.68213106885646
2022-11-01,130.65513610839844,134.28199370195557,129.68208630132156,131.27435207615568,24827995,8883,54.530364144931454
2022-11-02,130.08016967773438,131.4512996048973,129.19557146639025,130.16862140013026,15335247,6300,64.02606708293042
2022-11-03,131.05320739746094,132.60125412303694,128.70902775503293,128.97440989328234,18083411,9691,61.56803955701741
2022-11-04,127.86865234375,132.38009435352393,127.0282868858613,131.71664580815465,23545798,16628,67.937591029528
2022-11-07,140.0761260986328,142.95107016098387,134.45892230072658,140.65110951194424,144518304,3061,78.9498497741045
2022-11-09,147.10867309570312,147.72788909292052,139.10305724468117,141.18186826879997,69954072,6717,62.777945257004774
2022-11-10,146.3567657470703,148.7451781264027,144.49911767332156,146.8432974442058,46061789,11169,67.24495031829315
2022-11-11,143.08375549316406,149.32017535643314,142.7741407312689,148.56826150491457,31378106,16535,75.91367514813828
2022-11-14,144.98562622070312,145.9586895501962,141.44723374675897,143.52604472435962,23748826,5145,61.3969755047312
2022-11-15,144.145263671875,146.40099161997964,143.12798121385543,145.07409441496472,22971749,12783,72.31628319040877
2022-11-16,144.45486450195312,146.04714369414862,143.43756864404443,145.29522995125504,24432791,8626,54.30407166257557
2022-11-17,144.8087158203125,145.87023091073848,143.8798850544785,144.10103459406295,15703511,15469,69.25176147349575
2022-11-18,144.2779541015625,146.57790104038642,143.03950867490747,145.16255219293225,22895310,11871,71.0613752790635
2022-11-21,143.2164306640625,145.3394742572519,142.59721467775998,143.9241118617923,20237825,15116,68.52915855170959
2022-11-22,147.50672912597656,148.03749337056556,143.26065566295108,143.92410421973958,26399821,6999,46.327976232379484
2022-11-23,149.36441040039062,150.69130769089608,147.1086823069519,148.4798122067203,35103723,9121,66.97722250318935
2022-11-24,150.73550415039062,152.06240124149582,149.49707226451721,149.62975657446964,25279589,9135,49.37337010839968
2022-11-25,148.47979736328125,152.77009007494584,147.55096665320264,151.22204339078013,26429948,5379,78.47047587029363
2022-11-28,148.47979736328125,149.3643954685188,147.06443499574283,149.01054812768626,18058295,16873,53.0151098479993
2022-11-29,148.43557739257812,149.93939159990038,147.81636136578626,148.74517865702552,18315044,10596,76.58772209608927
2022-11-30,147.06443786621094,149.23170056676534,145.47215854612537,149.01055103613945,17302122,10670,53.30151264545019
2022-12-01,151.9297332763672,152.68164710804353,147.28559295787562,148.17019111377877,32085764,4553,75.10388133455824
2022-12-02,151.4431915283203,154.1412184241325,150.91244076878243,151.973955785754,24459293,13257,78.48840224187887
2022-12-05,152.1066436767578,152.5047101302426,150.6470621813483,152.41625841718823,17705726,3851,71.05899670325556
2022-12-06,154.27391052246094,155.82195727052763,152.46049513018568,152.90279420106188,39901296,12310,58.48174829633375
2022-12-07,156.13156127929688,156.48539511249967,153.3450827236121,154.6719798449659,25334920,16260,70.75897274270093
2022-12-08,166.5255889892578,167.54287138472188,156.22002672985107,156.57386056360494,93033779,7887,62.80255877827702
2022-12-09,166.83522033691406,174.4427565036303,163.5179771979078,167.189054205916,99220254,8404,54.553649429167336
2022-12-12,168.1178741455078,168.69285752003978,164.22563434794313,166.74674437020545,35305416,10363,60.362116569555766
2022-12-13,170.72744750976562,172.23126170535,168.07365298888845,169.04671637903553,32717387,3745,49.223233390824824
2022-12-14,169.53321838378906,172.36394306734132,168.9582350250088,171.96586312891353,26004525,13981,62.07169617435132
2022-12-15,163.25257873535156,170.90434674561862,162.58913017384072,169.44476530945295,41881637,8445,48.75971547003394
2022-12-16,160.99685668945312,163.60641842522494,160.1122585757748,163.03143505049246,25933520,14321,72.01238831243214
2022-12-19,161.39492797851562,162.89874211726334,159.97957905294572,161.5718449069748,21588072,14444,60.85054771893111
2022-12-20,162.45645141601562,163.42951481951258,158.47575958008704,160.95263719979982,17522529,3810,71.30046761961499
2022-12-21,157.06039428710938,165.15446144793927,155.2469654948553,163.34103265568518,28163349,4968,76.39360638281929
2022-12-22,156.22003173828125,159.36034423273847,153.61045651357483,157.8565301442287,24089989,11322,54.411260390561374
2022-12-23,149.5413360595703,155.37967637950018,148.70097042615973,153.92009467399222,29192377,6851,60.917663128922364
2022-12-26,156.66232299804688,157.6353727725947,147.81634233181938,149.54130586215467,31320528,13698,67.09662288648953
2022-12-27,157.10462951660156,157.90076241533563,154.71620382460745,157.8122972053003,20811376,12576,52.71857341690818
2022-12-28,160.8199462890625,163.5621924539516,156.13157339683048,157.41423801410897,30796600,4005,75.4199416684199
2022-12-29,163.96026611328125,166.30444572028642,158.51997960401297,160.59879057467498,28566813,5105,71.30283576210508
2022-12-30,164.26988220214844,166.65829463038088,162.8545331881094,165.33139733715205,27013708,11463,69.27964095619365
2023-01-02,164.75637817382812,166.0832751792549,163.7390958688253,165.06599287425212,14679657,7947,74.31542526602404
2023-01-03,165.86215209960938,167.98518224732578,164.80063702575117,164.97755395507812,19758561,11254,56.64670497162639
2023-01-04,161.6160888671875,166.74676114031513,160.3776567830762,165.50832905620382,24902705,5226,50.42994965698148
2023-01-05,162.81028747558594,164.09295205623062,160.5545595590612,162.4122210192336,21073286,12488,46.84388701130165
2023-01-06,162.1026153564453,163.91604431239966,160.28918640049096,163.60642955239638,16229775,13839,48.321906354524344
2023-01-09,163.78334045410156,166.03906841387968,161.35069556565185,163.03144013277316,15758981,11694,57.51234581731141
2023-01-10,159.8468780517578,164.3583338761062,157.72384795670925,164.3583338761062,18392517,4002,58.32066383726456
2023-01-11,160.3334197998047,161.26225058650022,156.70656187000202,160.11227025525324,17867902,5431,64.42485262743045
2023-01-12,160.73147583007812,162.01414040550168,158.962279588695,160.90839275463722,14044249,10635,58.30869141490843
2023-01-13,163.56219482421875,163.87180958020915,160.33341693070398,160.8199486195903,15651311,13017,63.73263125160548
2023-01-16,164.3583221435547,166.30443517474393,163.29680717180557,164.0929400261436,18924642,7002,51.61918718875591
2023-01-17,160.8199462890625,165.1987044297909,158.60845091516973,164.18142195695884,18380191,17028,46.79405006006006
2023-01-18,157.67962646484375,161.30648442224023,156.88349349756018,161.08533487600624,21152950,6609,78.71281848919062
2023-01-19,157.37001037597656,157.72385774571,155.68927923790795,157.41424298443036,10865755,13683,58.505660962753765
2023-01-20,158.65267944335938,160.81994215447594,157.28154964721747,157.8565330304885,20620881,9361,75.6250491815341
2023-01-23,159.7141876220703,161.08531735920062,159.09497165952956,159.6257224140378,12719955,12682,51.977769563318255
2023-01-24,157.41424560546875,161.0853362019084,157.06041172774076,160.1122727913106,15302459,12876,52.35528767899436
2023-01-25,150.16053771972656,157.98923683799913,147.15290937368897,157.81230640761137,42652626,13702,67.48469021868416
2023-01-27,139.10305786132812,150.9124484588888,138.08577539695395,150.9124484588888,46482837,17162,46.86319185680979
2023-01-30,140.56263732910156,144.89717626086937,135.34351376604022,139.8549696240667,52599629,17717,55.845193879564505
2023-01-31,148.47979736328125,149.40861457546396,141.00493257570724,141.97799589062691,40527508,5197,71.63410259533742
2023-02-01,136.75889587402344,150.29323840213064,133.66280197582148,149.93940449863825,70595394,16247,65.95458829067118
2023-02-02,136.2723388671875,138.3511362860994,129.593620568352,133.5743119851273,58831062,5439,56.23567352810682
2023-02-03,144.72024536132812,145.38369389416204,134.23775314339437,138.88189287323175,72557245,11379,54.20291187347934
2023-02-06,148.52401733398438,149.32016373206577,144.7202562576584,146.4009872682259,39343917,8475,65.73088920377073
2023-02-07,149.09902954101562,150.8239933341137,147.3298331382694,148.52403261138468,26650769,9783,54.97052057393424
2023-02-08,148.61248779296875,149.89515239874544,146.88752411637964,149.05478686378115,21655466,11749,47.585737765598395
2023-02-09,149.89515686035156,151.22205411228367,145.3394816945434,148.61249221639656,24268013,13696,59.4000865573992
2023-02-10,149.76248168945312,153.78740629927438,149.14326563361084,150.20478080046868,34741224,15300,77.98216331970244
2023-02-13,146.1356201171875,150.9566776134396,145.1625701947489,149.93939508136805,22382470,6967,54.684035617529474
2023-02-14,149.3201904296875,149.85094129207445,144.80873386095735,146.8433125781866,20137499,5485,57.79103653484315
2023-02-15,149.98362731933594,150.38169380925154,148.2586635311034,148.61249741149567,15662905,13563,73.89334493275734
2023-02-16,150.4701385498047,151.5758861479135,149.5413078678142,150.73550717503443,16113489,5358,50.55204202797367
2023-02-17,147.5509796142578,149.6297772454326,145.56063370263894,149.49709291715018,19597310,16399,56.72914582772204
2023-02-20,145.2952423095703,148.96631913619396,144.4548767887898,147.72788715798018,17285378,11970,75.05426726860043
2023-02-21,141.44723510742188,145.51639189075965,141.09340125578217,145.51639189075965,34585035,14867,78.12417969748034
2023-02-22,138.9703826904297,140.96072864145043,137.6434853897492,140.38573171241714,22746525,5264,55.32482701841998
2023-02-23,137.5550079345703,140.12033708853247,135.4761969492624,139.4126693894368,28791025,17459,64.83829999216563
2023-02-24,136.75889587402344,139.50114237083483,135.9185167319072,138.43962716245952,22601120,9836,58.10333552257143
2023-02-27,140.65110778808594,141.00494165380292,135.87428311142284,136.67041605823445,29046654,14071,77.19257766127312
2023-02-28,140.65110778808594,142.64145365301167,139.05882839656599,141.75685549082246,179242251,13309,75.98242787960749
2023-03-01,145.4279327392578,145.69331488799486,139.41267602333417,139.67804467417443,25974322,5228,70.26281753383734
2023-03-02,145.64907836914062,147.15290600563637,144.0125799086841,145.4721614406989,16266106,8685,62.876059481130056
2023-03-03,152.94700622558594,153.69892001040668,148.6124809309256,148.6124809309256,34946790,13162,64.59077838538224
2023-03-06,153.1239471435547,156.04311027797274,152.5489502398839,153.52201361662108,23752197,15323,56.25101437431202
2023-03-08,153.9200897216797,154.49507316343497,151.0451455171081,151.2662950713059,14441376,14527,49.9848400585137
2023-03-09,151.7528076171875,154.804668379956,151.22204335501215,154.45083453710305,11038443,11391,53.808322264072864
2023-03-10,148.43557739257812,151.00090671695742,146.88753057664994,151.00090671695742,18452431,4421,53.06367163350432
2023-03-13,144.98562622070312,150.3816801426264,144.58755976696364,147.72788578716828,18595906,11756,62.60602691463174
2023-03-14,143.65872192382812,145.87021711045045,142.4202900184778,145.0740842424246,22898154,7837,72.00793912781278
2023-03-15,140.82801818847656,145.9144573851243,140.12033699197244,145.42792571890922,19255062,11872,67.89225873548021
2023-03-16,141.31455993652344,142.81837415019655,137.6434828709776,140.38572914346452,24291234,4335,52.7266694357705
2023-03-17,141.57994079589844,143.8798879552073,139.89919616243355,143.3491371482423,26762767,15893,68.83604916180029
2023-03-20,140.42994689941406,141.27031238600463,137.73192002318476,141.27031238600463,26144673,5063,67.75226773205112
2023-03-21,144.2337188720703,144.54332009967695,140.91647608981432,141.09339300528887,25702421,11586,56.1775349961034
2023-03-22,148.08172607421875,148.83363990678467,144.3664165146094,144.9414134153647,27468538,14602,65.91695403610362
2023-03-23,143.9241180419922,147.81635804769346,143.52605156926847,147.0202116043493,20129946,7504,45.46060939816146
2023-03-24,141.35879516601562,145.02987229962082,140.7837982368443,143.7472076082345,18610261,9558,49.858569036030055
2023-03-27,142.64144897460938,143.6587314286031,140.20880410837572,141.0934022415516,50783785,3920,46.35104115603657
2023-03-28,142.19915771484375,143.12798850525107,140.429961351362,142.8626063511494,31049605,12239,49.21738385064686
2023-03-29,145.47216796875,145.95869966722015,141.53570876821345,141.80109092173328,38390279,13702,73.13010313932901
2023-03-31,149.36441040039062,150.20477598479798,146.75483493074543,147.06444969768893,28240603,4125,57.29483372592361
2023-04-03,149.67401123046875,150.60284203067792,148.70096131902355,149.58555951009947,16659059,11317,53.842239348625355
2023-04-05,147.72789001464844,150.11630230332992,146.04715894058648,149.93938537414917,34861706,17600,48.46964226059297
2023-04-06,147.63941955566406,149.71823051889575,146.31252238710664,147.8163499764552,27208238,13024,54.03537014568529
2023-04-10,147.02020263671875,148.74516624523693,146.2683023447472,148.17018287502952,15331631,9179,67.29083056673869
2023-04-11,151.1335906982422,153.83160410339178,150.55859383483156,153.03547121300267,25897114,9199,64.74719811365472
2023-04-12,150.73550415039062,152.28355075668,149.67398917708553,151.2662683859908,14553551,16371,46.93636442546352
2023-04-13,151.62010192871094,152.06240095825547,149.05477295651067,150.3816700451443,20601286,12555,72.0636764230997
2023-04-17,155.99888610839844,156.39695256855356,151.00089855966232,151.2662806990645,26681555,5647,63.68453179102166
2023-04-18,157.37001037597656,158.16615683445406,155.46812969353593,156.79502695976808,22020172,10476,64.40333947166417
2023-04-19,156.79501342773438,158.4757444207492,156.0873322472402,157.8122958448914,15390111,16935,64.06512482763338
2023-04-20,157.23731994628906,158.166150696184,156.04310705386752,156.66233655239512,22349098,5684,46.1075107793752
2023-04-21,156.08734130859375,157.59115546826007,154.45084282521145,156.8834877445794,9950240,16709,71.783842084979
2023-04-24,159.4045867919922,159.7142015492089,155.91042673634564,156.13157627781564,15791156,3078,59.575612713141076
2023-04-25,162.85452270507812,163.60642302410255,159.40458186601933,159.66996400716178,27156717,17685,52.9552612653225
2023-04-26,162.36798095703125,163.03142951978302,160.81993431061042,162.63336308171108,14202887,6654,46.89038676671851
2023-04-27,164.31410217285156,164.53525170471275,162.10260685423984,162.3679889920525,18033465,15308,62.270873382499076
2023-04-28,166.0832977294922,166.74674632228644,164.09295195110946,164.4025666935719,16456548,4955,48.93615093474602
2023-05-02,166.39291381835938,167.49866148196386,165.59676740182638,167.1890467369961,12929639,5392,52.38379994408821
2023-05-03,163.25257873535156,163.78332948582295,159.71418640729365,161.83721640497018,25426587,8380,49.29485598574141
2023-05-04,163.82757568359375,164.66794123166028,162.76606059667304,163.29682488908173,19411660,14458,57.4856367368863
2023-05-05,162.23529052734375,166.65828114693215,161.88145667693516,163.82756984997482,17390789,7093,66.71203293903059
2023-05-08,161.88145446777344,163.8718002194264,158.16614509760046,162.8545177899622,22633379,12743,68.59447464609732
2023-05-09,157.32579040527344,163.56219672415077,156.61810916757264,162.76606376792296,18841858,13017,53.35434301772721
2023-05-10,157.85653686523438,158.3873011533753,152.85856272647652,155.68927410146938,26166068,4965,78.09768597107885
2023-05-11,157.90077209472656,160.02380228675747,157.45847301322874,158.69690504226395,15838880,15341,58.60978293076451
2023-05-12,158.12191772460938,159.7141970781987,157.19308697685756,157.9007681893302,16182905,10912,50.88457053497131
2023-05-15,162.6333770751953,163.20836047989533,156.83925642903975,158.2546053859539,20342506,5636,64.39513531307963
2023-05-16,164.9775390625,166.74673519185657,162.67757869517834,164.00447579219576,47421816,11321,68.42047431441968
2023-05-17,164.44679260253906,168.07365045897026,162.54491195703045,166.92367015098745,40572322,10259,53.136339784242935
2023-05-18,159.5372772216797,165.9506136270763,159.0507455534152,165.81791580960623,31727394,10635,45.20819606131307
2023-05-19,160.90838623046875,161.30646616695637,157.45845909881035,160.1122533532847,18643969,8919,54.42326097307621
2023-05-22,160.156494140625,161.21800919707587,158.60844741308105,160.9968596645696,13737270,7114,60.37583226090591
2023-05-23,162.1468505859375,163.34105004119039,160.15650466261886,160.33342160066775,14267334,6105,69.35857350683793
2023-05-24,161.5718536376953,163.73912999659498,160.99687021465897,161.3949366996762,12655399,8926,72.3567956302536
2023-05-25,160.8199462890625,161.83722876189455,159.09498259700544,160.95263061233743,13210338,13467,65.70513862035064
2023-05-26,162.36798095703125,163.38526335409242,160.51031958216805,160.99685122776512,15666509,10576,58.01691867784207
2023-05-29,162.54490661621094,163.96026902536093,161.9256906239189,163.6506542802668,11239265,4765,55.9553728563794
2023-05-30,162.45645141601562,163.29683049080714,161.61608583912124,161.88146799442924,8962430,9953,45.657866875532946
2023-05-31,163.65065002441406,164.13718168352528,161.08532090967623,162.36798546704514,15821118,9152,66.44248103703154
2023-06-01,163.51797485351562,165.55253981795195,162.85452623522636,163.6506591780148,11592705,6856,62.77543457300066
2023-06-02,165.1986846923828,165.50829940689465,163.7391033191583,164.35831925028702,9643005,13550,45.780164648618126
2023-06-05,164.2256317138672,166.12752572584466,164.04871479361006,165.68522667625396,6213398,16797,61.69497147614591
2023-06-06,163.91603088378906,164.66793117121767,163.11988449381687,164.1814130137798,8102412,17543,46.07180729918073
2023-06-07,165.77369689941406,166.56984337632062,163.9160487824267,163.9160487824267,12778032,15656,71.79812389511548
2023-06-08,165.81793212890625,167.32174638962775,164.62373264152336,165.81793212890625,13367812,3505,66.30668415845734
2023-06-09,163.51797485351562,166.08330411174202,162.85452623522636,165.95061978724286,10197155,17734,53.77177956140686
2023-06-12,165.41983032226562,165.77366413235325,163.38525216952513,163.56216907456897,7693347,17470,58.956228525230756
2023-06-13,165.64097595214844,166.92364035607085,165.2429095506407,165.9505906521513,7274187,15854,47.77862519003444
2023-06-14,165.81793212890625,166.65829773067142,164.88910130678786,166.56984600821576,12464768,11750,50.419143905860665
2023-06-15,162.23529052734375,166.21598208497332,161.57184193440548,165.41984917260586,14951075,5609,66.51132573792717
2023-06-16,166.39291381835938,166.7467476715543,162.32375701713642,162.5449065498573,15225297,11159,58.76646682550533
2023-06-19,171.39088439941406,172.40816683023928,166.56982738298393,166.92366122903724,33267447,7722,68.60206174120952
2023-06-20,172.452392578125,174.0889044213137,171.1697280648153,172.4966251815968,28783695,14743,73.83430341298647
2023-06-21,175.23890686035156,175.5927407372375,172.4966470718454,172.85048094873133,19593213,3713,59.08636719293091
2023-06-22,170.99282836914062,175.63696874557724,170.06399759427393,175.50427092179808,19689242,14619,52.679662010592466
2023-06-23,170.01976013183594,171.7447238085379,168.56017859721806,170.99282348684548,14090074,11794,70.09649196628406
2023-06-26,168.73709106445312,170.28513777146645,167.10057914645202,169.7986061068259,13686846,13990,47.782271914108314
2023-06-27,168.9140167236328,169.93131271101552,168.560182857176,169.04671454697672,11963762,12189,71.07451676578802
2023-06-28,168.07363891601562,169.7986025105745,167.36595773679008,169.22361914502017,19223838,15661,77.27367423957827
2023-06-30,173.40281677246094,173.99494059132755,168.8479753957246,169.9866857399087,17037322,11666,61.48085455898544
2023-07-03,181.37379455566406,181.96591839207468,173.0839774442763,174.54153228812683,27140339,14622,56.6655743120843
2023-07-04,184.33444213867188,186.47520931597583,179.77960061214452,182.83133609475394,31824698,5548,76.67525947547747
2023-07-05,186.93067932128906,187.56835430668755,183.83339287776943,184.56217024691293,20060420,13513,52.99542637529049
2023-07-06,187.15841674804688,187.56834966420882,184.7443565415483,186.70293264113982,16656768,16141,53.76460891981094
2023-07-07,190.39236450195312,191.75881687876142,184.37996848388775,186.29300737152832,27442860,11194,54.02450292675857
2023-07-10,185.29092407226562,192.03209701065646,184.83543997779077,191.07557763220495,19991207,3905,68.34441029803124
2023-07-11,186.61184692382812,188.3426809956015,185.10874100860934,185.83751837050886,12758317,13758,64.83754959762703
2023-07-12,186.47518920898438,188.2060371425972,185.56422100190554,186.61184278020923,14552433,17856,62.56118697863907
2023-07-13,179.46075439453125,188.06940201563563,177.86655987579812,186.74850076588277,31426517,16777,61.1364601149242
2023-07-14,180.73609924316406,182.239205229121,177.68436387823206,179.68849129256867,16740705,14013,78.17534787297627
2023-07-17,183.5601043701172,184.01558850006785,179.14190274948675,180.82719959041322,20040400,11597,47.9838092517449
2023-07-18,180.32615661621094,184.51661599406572,179.00525547545408,184.42551361183203,18873958,15061,47.135263345387415
2023-07-19,182.1936492919922,182.8313242844597,179.0052604293823,180.28061041431732,15994698,17653,73.77405089268491
2023-07-20,181.32823181152344,184.60770915090436,180.91829888163485,182.19364886357096,26224512,8996,78.83934835715874
2023-07-21,179.0963592529297,183.87894245174613,178.73196362142806,181.32822863232295,25136493,13751,64.4382662210345
2023-07-24,180.69056701660156,183.69675127226625,179.5063054521081,180.28062016330813,20374723,14600,48.88209080060485
2023-07-25,178.68641662597656,182.55803168736256,178.18539520883863,182.55803168736256,14054071,14390,60.19124507479798
2023-07-26,180.1439666748047,180.82719284424138,178.23092784027318,179.77958494454728,15919450,6714,73.62863674548603
2023-07-27,181.5104217529297,184.78991297582675,179.46074321368707,179.46074321368707,23760784,10193,45.78892886241645
2023-07-28,183.1957244873047,183.8333994956591,179.9162331582354,181.0093923011676,14094619,15466,72.12335937271413
2023-07-31,184.19778442382812,185.6097880454555,182.92243438509735,184.01559354690556,14250110,16619,76.75772247191138
2023-08-01,183.1957244873047,184.83545625156668,182.05701415086017,184.7443677648147,11501548,4362,47.08812398887741
2023-08-02,177.4110565185547,183.01350537482148,175.49801774309836,182.92241689520594,24788813,6337,54.99168634661188
2023-08-03,176.0901641845703,178.00318915506128,174.08603682965355,177.6388074179027,21237820,9363,74.83575378185253
2023-08-04,174.31378173828125,178.6864182567109,172.71958728669097,177.36551706259058,32781495,9043,62.591650052944345
2023-08-07,172.53738403320312,176.68229242386784,170.98874076094174,172.1730022868849,36759947,9207,52.74128641541642
2023-08-08,177.50216674804688,178.95970758879554,172.67403230622148,173.53944935233352,27985916,7671,46.93880056675936
2023-08-09,176.7733917236328,178.13984409887306,175.22474847841502,177.6388087812305,18258446,13000,69.2250730167896
2023-08-10,174.81480407714844,177.45662037952172,173.76719613500188,176.27235885778697,19638255,16818,49.65113783706128
2023-08-11,175.49803161621094,177.22887966898813,174.4504236660539,175.81687607074883,16329445,8270,78.90309972126738
2023-08-14,171.94525146484375,175.45248467072548,170.7609899992037,175.45248467072548,23911976,16977,60.7720549829083
2023-08-16,170.12330627441406,171.71750057685168,169.21233810159256,171.26201649044094,18788329,10804,72.10349968961536
2023-08-17,172.9928741455078,173.67610036867376,169.44010334515414,170.35107164270875,18843899,6428,55.472128104251915
2023-08-18,174.6326141357422,175.4980312099913,172.173002593039,172.8106776003661,15291405,14609,74.60091988660271
2023-08-21,173.90383911132812,175.22475423769404,172.9928708312263,175.22475423769404,11518119,12190,68.99159829800912
2023-08-22,173.31170654296875,174.72371008592253,172.94732480942616,174.31377716061908,10826294,4452,45.09064813022563
2023-08-23,176.13572692871094,177.36552579748218,173.31171962956537,173.53946170529412,18722788,9314,45.3985784331809
2023-08-24,174.76925659179688,177.59324970171582,173.7671860010139,177.36550764928987,15902958,16624,47.68722768953729
2023-08-25,172.85621643066406,174.81479250600165,171.9907994183119,173.5394425825639,9756340,4876,57.983742114943254
2023-08-28,173.22061157226562,173.9493889708103,172.62848775485148,173.311713959686,8300624,13520,78.90060926740124
2023-08-29,174.13157653808594,174.54152337341867,172.35519121930977,173.7671947958707,7538838,4463,53.682412996541096
2023-08-30,174.58705139160156,175.27027754716528,174.22266966874295,174.49596291102276,8630672,6661,77.22061472539986
2023-08-31,170.48770141601562,175.7257688224421,169.85002642485293,174.45041884011673,24500769,16330,55.356011637910235
2023-09-01,173.63055419921875,174.72371332035488,169.7133879398979,170.4877026130778,15838571,12637,71.67288583962666
2023-09-04,178.04873657226562,178.45866949294566,173.26615339703062,174.1315704296378,16612736,10181,76.13500290871502
2023-09-05,178.36758422851562,180.73609331310203,177.18332273608632,178.2764818443779,14710293,6257,72.06371955280504
2023-09-06,177.63880920410156,179.9617810275943,176.72784095177283,179.00526158259464,15607001,7163,78.74793674892462
2023-09-07,178.7775115966797,179.23299570265849,177.18331722575388,177.63880133173268,10535198,9465,78.59237995086593
2023-09-08,180.1895294189453,182.19365686439912,178.73197460392097,178.95971667500146,15379639,8235,46.680268340489675
2023-09-11,184.74436950683594,186.4752036744432,180.59946106303948,181.0093940079704,22766508,9802,55.84133340839987
2023-09-12,182.14808654785156,186.20189220745308,180.23506169177236,186.20189220745308,21077042,10054,59.893266546705206
2023-09-13,190.07351684570312,190.8022942144211,180.4628130779203,182.10254478219554,38949196,15581,52.6828713021786
2023-09-14,193.03416442871094,194.21842592035324,190.8478462135807,191.48552120130435,29826455,3163,67.97205544002226
2023-09-15,192.0321044921875,193.7173873672399,190.62010096424976,193.26190325501946,16238012,15274,66.02195128229359
2023-09-18,197.9989471435547,200.09416291840014,191.0755831475859,191.21222281976384,36322604,16047,48.67975263928126
2023-09-20,194.4461669921875,198.7277149168861,194.0362340664677,197.63455581487594,29729690,8888,59.26088005580462
2023-09-21,188.70706176757812,198.13558843240116,188.06938679175812,193.8995917570586,22066890,7205,62.356466739254515
2023-09-22,196.177001953125,198.59106205561923,190.11905525209133,191.03002342665837,37302904,13459,59.55518129584573
2023-09-25,198.04449462890625,199.9119823463457,194.9927592909042,197.0424378807169,22756990,16283,73.37402434708623
2023-09-26,194.62835693359375,198.5910742973422,193.89959346923402,198.13559018198134,11773544,12686,46.13312865779422
2023-09-27,195.72152709960938,196.99687704406335,192.85196887418013,194.94719855458754,14556599,3062,74.32632218412809
2023-09-28,191.89544677734375,197.22461633543057,191.0755809531481,195.72152435764798,26793595,4317,50.53177341557193
2023-09-29,194.9016571044922,196.13146981975027,193.12527177155363,193.35301383732198,9613748,17625,65.32642181967445
2023-10-03,198.45443725585938,198.77326780067887,193.12526747532294,194.49171983953514,12939332,7812,63.17430843289072
2023-10-04,193.48965454101562,197.95340739386992,192.12320213917153,197.63456293999727,21610557,6999,52.89108251759848
2023-10-05,193.62631225585938,195.35714644171128,191.30334034306753,194.85611110361532,11700848,10487,67.97508618738132
2023-10-06,196.1314697265625,196.76914473035637,193.48965342474142,194.9472082050753,14552427,10673,66.8050646745915
2023-10-09,192.8975372314453,196.13147747157848,191.5766359785101,193.48966106543494,12102991,10439,50.76059600005554
2023-10-10,195.2205047607422,195.44824683024837,193.03417255331928,193.26191462282546,12358739,15908,54.45863673589986
2023-10-11,188.75262451171875,192.16875555585074,187.9327586212362,191.30333847139187,43037191,10820,61.17431380474844
2023-10-12,189.253662109375,190.80230542119014,188.98036884251988,189.4814041817088,14176014,11289,60.23494427448408
2023-10-13,185.3820343017578,188.5248719066718,183.28680459839114,188.47932071524102,27835260,13517,70.37594505364342
2023-10-16,187.47726440429688,188.11493938486913,183.514547046008,183.514547046008,15730299,12381,55.51741647534631
2023-10-17,188.8892822265625,189.61804574503782,187.4772785840386,187.84166034327626,12501262,17926,69.1585449548798
2023-10-18,185.5186767578125,190.07351796375212,184.92655296114924,188.57042592590096,20282190,7850,76.50626073934424
2023-10-19,186.88511657714844,187.65944509029944,183.2867950460052,184.47105646012446,12922522,13255,66.322431766656
2023-10-20,184.28887939453125,187.29507739370473,183.28680876138264,186.01971350603628,17030658,4911,48.431528553781696
2023-10-23,177.82098388671875,185.6097645151383,176.72782486349362,184.2888634495633,15784543,10085,67.86084216940492
2023-10-25,177.4566192626953,180.59945696962802,176.4545486197788,178.45867600533933,14959554,5362,71.25339868898358
2023-10-26,172.3096466064453,176.5456574978884,171.1253989488867,176.317915425239,29658835,8797,70.32559826621593
2023-10-27,179.32411193847656,179.91623576188755,173.53945778551684,173.53945778551684,14885363,16638,52.749930814490895
2023-10-30,180.59945678710938,182.0570115571017,177.27442821217196,179.59738614520558,11946838,7015,56.259762827616484
2023-10-31,178.73194885253906,181.96588857599642,178.23091358829566,181.7381465377286,9074535,5898,62.068997274116946
2023-11-01,178.0942840576172,180.55389543078826,177.6843511454673,178.91414988191698,7915346,6881,67.44998140185243
2023-11-02,182.10255432128906,182.7402432399915,179.2785609824516,179.4607518591068,14242502,5132,68.97757400863912
2023-11-03,185.65533447265625,186.06526741027432,183.10462056041683,183.42346501204895,19177688,8565,59.252427063818764
2023-11-06,178.18539428710938,183.74229224160194,177.41106571872874,182.19364900511295,37345564,5843,47.31479642691529
2023-11-07,174.22267150878906,179.0963570300587,173.67608501845666,179.0963570300587,51310933,8302,67.09959858832622
2023-11-08,175.36138916015625,176.77339273604576,174.4959720976022,176.04461535168934,22372624,11191,75.83257765847219
2023-11-09,175.81687927246094,177.0922293132919,175.4069463236419,176.09017253843126,13121704,12074,55.19774393186565
2023-11-10,177.50216674804688,177.86654848316599,174.678159649921,175.36138582847352,10091704,7270,66.74378445874855
2023-11-13,179.18743896484375,179.73402543520618,176.18124117839312,177.82098668920904,14626408,16458,71.01745291442286
2023-11-15,180.09841918945312,181.60152513330738,179.68848625941007,181.10048981868928,18154099,13396,57.17149847811126
2023-11-16,180.69056701660156,182.1936591444339,179.41520306242668,180.55391343207938,13256095,10493,58.08935777612046
2023-11-17,179.278564453125,180.37172363449153,176.50010835445823,177.63881873093862,16351676,5576,70.22559871520437
2023-11-20,180.05288696289062,181.0094065005935,178.54979476098165,179.91624727190754,10307666,16178,46.16604955024138
2023-11-21,178.322021484375,180.96382364996091,177.31995092486514,180.3716998922414,8970682,7273,61.505761411729054
2023-11-22,177.31996154785156,179.27855159508968,175.63467865169466,178.95970715243374,15231149,14542,68.05625567921939
2023-11-23,177.04669189453125,179.09637053745612,176.68229624006975,177.72991810883954,5846991,15603,77.28753518729896
2023-11-24,175.90797424316406,178.09429247818372,175.58912979626552,177.1833242302135,5469063,9209,78.94214047470655
2023-11-28,179.05081176757812,180.9182994543964,175.58912964815661,175.86242290237166,12382178,12134,69.01918418166301
2023-11-29,179.82513427734375,180.69056527013342,179.00526837922743,179.68849459441535,7617440,8204,69.8493647277378
2023-11-30,179.55186462402344,183.83341302408232,178.86863837187764,180.23509087616924,21558187,6126,63.52694825174562
2023-12-01,183.8789520263672,185.70088857792783,180.69056306113606,180.827202742394,21923402,16928,73.3595683418298
2023-12-04,190.4379119873047,191.30332902904834,186.88512753660194,186.88512753660194,35929143,3503,71.57454992060832
2023-12-05,192.07766723632812,195.58488677121042,190.48347274767087,190.89340569327103,24365491,8313,58.54053716440851
2023-12-06,190.89340209960938,192.76088981693462,189.48139851332576,192.21430329957565,22088409,8230,66.25150928829711
2023-12-07,192.35093688964844,194.26397573957252,189.5269437067511,189.93687663165707,14842658,10528,64.21659228092653
2023-12-08,193.12527465820312,196.49585450190023,189.9368856897894,192.2143063815135,29505509,6460,73.43896765584378
2023-12-11,196.0403594970703,197.9078471408241,193.94512979676782,194.03623217949612,16170438,15390,46.25672363928285
2023-12-12,196.86024475097656,197.81675029503637,194.99275705495134,196.90578204334332,18271153,15922,63.408303648608076
2023-12-13,201.3695526123047,202.82709360365644,195.5393469460767,197.31574631408068,34720253,15256,71.87087287052621
2023-12-14,200.5041046142578,204.42125671954196,200.0486205182693,204.05687500285973,18247186,16001,70.92761158446399
2023-12-15,204.69456481933594,206.2432080780841,199.1832040776601,202.1438509165476,23378701,3490,72.97819868968685
2023-12-18,204.33016967773438,207.29081632248455,203.0548058598329,204.46680934738345,12657351,9271,64.240002311327
2023-12-19,205.9699249267578,208.15624314586148,201.82501664861292,205.15004516938978,17582770,14250,78.93431009328326
2023-12-20,199.7753448486328,209.06721844386098,197.81675472348311,207.19973070602902,24608319,10266,56.580220481415566
2023-12-21,204.83120727539062,205.78771277425727,195.94926724103885,197.68010127736792,16908481,10248,52.934627132295546
2023-12-22,203.6925048828125,206.5620492908007,201.6883636261459,204.96785486408007,11469899,4865,60.01099881198595
2023-12-26,205.2866973876953,206.47094497338335,203.05481409096288,203.05481409096288,9215256,16066,45.88474368510452
2023-12-27,211.34463500976562,212.93882945488238,205.10449690734245,205.87882548365099,27861855,6223,46.38114040671282
2023-12-28,212.21005249023438,214.94295725868628,210.93470249173248,213.16657193924704,35086844,16536,60.328237488904406
2023-12-29,210.52476501464844,212.84772289749895,208.93057060077805,212.34670148764314,11051281,6300,50.44391425790055
2024-01-01,212.93881225585938,215.67171679818057,210.52475213691753,211.75455084079928,13199707,13236,45.805534213754505
2024-01-02,210.16038513183594,214.8063290463043,208.47510210816372,212.89329004616482,12803886,15294,45.45424398974141
2024-01-03,212.11895751953125,214.48746657294544,207.01752988094805,209.88707423998108,21410875,15328,62.0373991987785
2024-01-04,216.5826873779297,218.7234681865688,212.16448609213043,212.3011396609229,14698523,6513,64.74773515476835
2024-01-05,213.75869750976562,218.08579676219222,210.34256652100777,217.72141501683376,14545656,16783,78.65655034409895
2024-01-08,203.55584716796875,210.88914416185884,202.87262099897785,210.88914416185884,27673291,14308,78.03015600880879
2024-01-09,203.32810974121094,207.10863630253584,202.87262561817943,206.78979185630487,13420799,5398,70.87994311323547
2024-01-10,203.9202423095703,204.96785020607032,199.91197378759952,203.41920700678997,13503894,15739,47.091375360838505
2024-01-11,205.92437744140625,207.15417624918712,204.05688973299178,204.96785799072833,11247115,7976,59.78240113725944
2024-01-12,209.43161010742188,211.5723912082824,205.1956130017895,206.69870516178204,17600195,10365,68.023516390706
2024-01-15,210.52476501464844,212.4833411630089,208.2928817150122,210.1603693798862,12678381,10855,49.2080716066692
2024-01-16,210.6614227294922,213.39432767300994,208.97612578754692,210.52478304242564,13977706,15314,61.90828960704049
2024-01-17,205.42335510253906,212.43780835037597,204.55793798304867,208.61174420612613,34099113,5000,72.59090860653589
2024-01-18,207.42747497558594,209.70489567997373,202.23495854963633,204.92231220075936,16224153,4626,56.512738064436704
2024-01-19,210.1148223876953,210.8891509643039,208.15624620018767,209.11276564768283,9445978,11986,58.24289968512839
2024-01-23,202.59933471679688,214.76076650306007,201.73391765304265,213.16657205393872,36926359,16247,45.69383897119286
2024-01-24,208.29287719726562,208.61172163323303,200.09416324661456,203.14591233279899,36236660,17472,60.19751982724644
2024-01-25,206.83534240722656,210.75250863320412,203.4192114950843,207.70075945824814,20473287,13244,56.60716140075617
2024-01-29,213.39430236816406,214.7607546778855,207.38190664528108,207.38190664528108,20641625,14399,50.03097378342345
2024-01-30,216.30941772460938,220.81870798097543,212.98438902553968,214.07754819370828,22612702,13031,45.376698937858464
2024-01-31,225.5557403564453,227.74205855849806,211.39018153405232,217.63030559839189,63750711,3827,71.47630755040953
2024-02-01,233.16232299804688,234.52878928615743,221.3652868297661,227.74206463967707,43749140,7624,64.9485188913586
2024-02-02,232.52464294433594,237.762710317225,231.84141676526343,236.2140531911096,29946219,5319,58.28551084134776
2024-02-05,234.52877807617188,239.12915644178688,232.98012099042666,234.71095503884894,21283536,13071,74.82026316875165
2024-02-06,228.01536560058594,235.30309801499234,224.28039005420356,235.02981864841024,17506394,17222,75.1166070588757
2024-02-07,222.86839294433594,230.38388155116886,221.04645631237642,230.38388155116886,55656306,8405,52.405048353197856
2024-02-08,230.56607055664062,233.48115228796485,225.0547098420582,225.92012690296266,33645402,15166,77.9208855625944
2024-02-09,240.04014587402344,242.7730507606347,225.46465314542996,230.7938232344312,46201039,12355,61.388452673955754
2024-02-12,232.0236053466797,243.59289908491945,230.52051332764006,242.40865150641406,26620786,15337,61.0923716310641
2024-02-13,236.4873809814453,237.30724690777353,227.0133021313356,232.02362788178763,18922366,14230,55.29797950857812
2024-02-14,243.95729064941406,246.8724002224433,229.88284761226245,232.38801034514702,30063655,12875,54.12132270765552
2024-02-15,251.15396118164062,252.33820880309779,245.09599999340455,245.87032857691656,32254489,3504,60.26730112830947
2024-02-16,251.1083984375,255.75434218149374,250.106327778906,251.51834527982564,20666587,11869,52.515686982305624
2024-02-19,246.59913635253906,252.33822567178692,245.73370532478165,251.10841287464893,14006706,5309,75.84517180375528
2024-02-20,248.9220733642578,250.3340630261611,245.73368450140364,246.05252894779798,14006722,11503,77.33950261524376
2024-02-21,250.60736083984375,254.61561541507066,248.69432203332485,249.149806139613,19624058,13836,58.61694770055399
2024-02-22,251.06285095214844,252.29266362865516,246.0980629546208,250.7440065100105,11871556,4249,49.52479543642946
2024-02-23,244.913818359375,255.20774841316387,241.67986440756826,251.42723575450043,23264484,13602,70.49757250744223
2024-02-26,245.55148315429688,248.1477482532015,242.95524585593725,244.9138220531653,12448638,17846,69.38287055298683
2024-02-27,246.2802734375,248.78543614015518,243.5929059635247,245.5514821527643,15572873,17185,71.17276975639084
2024-02-28,238.44593811035156,247.28234120638757,237.44386748081996,246.28027057685597,13653858,16943,67.01120846771732
2024-02-29,241.81651306152344,243.77508907675423,235.3486334619225,238.12707527416356,16296464,9915,75.87198409068037
2024-03-01,247.009033203125,247.96556653733847,241.77096581279275,242.77303643887825,9702235,9610,69.76347416427332
2024-03-04,248.8765411376953,251.65498322594468,247.87447048600785,249.1953577900341,11707996,13729,55.393872960061515
2024-03-05,253.34027099609375,253.7957551123037,248.01110127632825,248.6487901592399,14431461,9613,52.317737850648236
2024-03-06,257.39404296875,258.9426999638606,247.14565114959984,253.11250928907472,32754392,4996,53.50815124825837
2024-03-07,256.6653137207031,259.1704764988111,254.34235571940306,257.39407722684354,10994198,10576,55.03637126931821
2024-03-11,252.7025909423828,260.17254182943736,251.88272506466834,258.5783473670027,18217736,17113,55.43832444206639
2024-03-12,247.4189910888672,254.61563496055916,246.73576487698733,252.33821425429298,12003823,4229,75.30350407101128
2024-03-13,237.67160034179688,249.1042680534335,235.39417981763143,247.78335302920013,20711328,7765,78.43536568753454
2024-03-14,236.12298583984375,240.358982719728,232.84349451973992,236.76064694618228,13623004,11356,58.127819387369776
2024-03-15,231.3859405517578,238.2182025759239,227.87870715257682,235.48529776625747,17126874,11745,62.4109030781013
2024-03-18,231.8414306640625,234.93871730142996,229.74620080924424,230.88491117596362,10806790,7298,66.56151168888027
2024-03-19,226.92221069335938,233.02569556642706,226.3756241493884,231.20375895355474,11016984,10311,51.49956295226667
2024-03-20,227.60543823242188,230.47498285409276,222.09407716672587,227.65097552778704,17342930,17445,67.86747772374045
2024-03-21,232.9345703125,234.39211111957226,230.47495890659465,230.9304430151057,10121220,14991,66.75351210726674
2024-03-22,236.66954040527344,237.6716110411254,231.06709122372814,232.75238804758675,11402546,3830,72.16509538365796
2024-03-26,238.26373291015625,240.26787416559418,235.94077501000527,235.94077501000527,8259347,11286,70.75342557272023
2024-03-27,235.71304321289062,240.31342192156157,234.75653763601312,237.76272184952444,19196992,17521,46.24157552786406
2024-03-28,240.54115295410156,242.68193388090106,235.7130323962512,235.7130323962512,11966752,10872,73.62480964142537
2024-04-01,243.00079345703125,244.36724590383744,241.4977013256537,242.31756723362818,7378701,3390,55.13280683869955
2024-04-02,247.14569091796875,247.92001954012176,242.68195176747312,243.22853831255446,10897757,7946,68.42778318668189
2024-04-03,249.83303833007812,251.1539533904184,243.91174480539078,246.78128918416888,18329459,14014,70.98187020326016
2024-04-04,245.4604034423828,252.06492318384022,244.4583328180528,251.65497635553197,14291037,5561,64.95064631882889
2024-04-05,244.9593505859375,246.69018465646272,242.45418796265142,245.46039979092112,11296905,5543,52.89605166106146
2024-04-08,243.7751007080078,248.19330212561772,243.22851421707418,247.78335530728157,15992006,12785,45.2349258140547
2024-04-09,241.86207580566406,245.8703306355547,240.0401392647551,245.05046475225475,10451503,13043,52.4767616322356
2024-04-10,246.69021606445312,248.10223367586084,241.72545527743875,241.862094968724,15233408,15153,66.78401401269267
2024-04-12,244.09396362304688,248.01111613694746,242.68194609786255,245.77923271356832,11496987,16490,65.05492872451738
2024-04-15,238.12709045410156,242.77303400071565,236.85174048850308,241.5432213265319,11835728,11231,47.62745801876738
2024-04-16,232.0236053466797,236.39625562971142,231.38593036588324,235.75856674864292,11074547,3645,68.38236319724089
2024-04-18,235.94078063964844,239.94903544561836,232.52464964583112,232.52464964583112,13204672,12787,66.96426348578572
2024-04-19,234.07330322265625,234.66542702571752,228.74413339401545,233.66335638947436,9169415,14212,74.28043657143111
2024-04-22,238.03599548339844,238.67368438632803,234.84760656984062,235.8496772170678,9419094,16386,68.83964311741322
2024-04-23,236.98838806152344,240.08567459564296,236.57846902349675,239.58465317120638,14502060,17550,76.68757109120335
2024-04-24,236.03189086914062,238.53705368118167,235.4397670373129,237.99046714389988,8677169,14237,51.91304819497758
2024-04-25,244.7316131591797,245.50594172658953,235.4852910438716,235.9407751658133,23475720,8879,75.3224338190698
2024-04-26,244.18504333496094,248.42106819885112,243.54738220100555,245.96144265211143,14775940,9418,68.1276622864205
2024-04-29,248.3299560546875,249.51420368591084,241.40659163999737,245.14156710849886,22257247,3357,54.24315788013258
2024-04-30,256.43756103515625,259.44374512423155,248.32994921262613,249.0131753965564,39453521,17634,77.08588239949515
2024-05-02,254.52452087402344,258.62387795689244,254.1601391378773,256.3920224476571,12366464,9557,63.927641696077345
2024-05-03,251.1995086669922,257.3485446905722,249.83305621730773,257.1208026156248,19568548,16031,74.27619064454541
2024-05-06,242.04428100585938,251.42724308783207,236.5784713735152,251.42724308783207,34253148,14673,52.418073927987884
2024-05-07,235.986328125,244.45835003590315,234.84761774454634,242.864155503268,17373412,5354,71.19490965265634
2024-05-08,239.12916564941406,242.4997592949761,235.1209109091138,235.98631406637531,31407247,15403,52.37762331102381
2024-05-09,239.2657928466797,247.51007176032542,236.8061953800484,245.9614146957276,33562988,14020,47.689595693402154
2024-05-10,232.1602783203125,242.95525830541064,226.23898433192198,242.0442899995044,39476449,17542,63.30363862956808
2024-05-13,235.986328125,238.49149096199807,229.15407974255118,237.12503850545366,31581807,5612,72.2596233660935
2024-05-14,237.62608337402344,239.76686440993365,234.665436439405,236.57847540342146,12196792,9485,75.40944076479364
2024-05-15,240.40451049804688,243.8662064546939,237.5349661317321,237.99045024703742,19280956,4737,54.54578836667659
2024-05-16,239.4935302734375,243.3196077706074,235.9862972011222,240.99662221856042,15531360,4239,55.34914796605076
2024-05-17,238.12709045410156,241.08773721020785,236.76063810512943,239.17469836153802,13847808,7053,54.06534317908636
2024-05-21,241.86207580566406,243.04632343703673,237.07949238577805,238.21820272384616,17185189,16726,55.099290936235576
2024-05-22,239.9034881591797,244.09394756381374,239.12915960606077,243.22851662787895,16912682,3416,64.1319038414539
2024-05-23,245.27821350097656,247.78337631296426,241.04221648808843,241.86208239372064,24738523,17633,49.3901604056291
2024-05-24,245.0049285888672,247.96557548149818,243.91175553906214,245.0049285888672,16509527,9962,78.72619469382565
2024-05-27,246.4624481201172,249.05871318432872,241.99870926966378,245.50594258092883,13764764,5658,62.11517215361292
2024-05-28,240.76890563964844,247.60116774974682,239.2202762416869,246.87240424488792,12897363,6108,58.98820678790307
2024-05-29,239.94903564453125,242.49976346902312,238.4914808591852,239.49355151164468,15041927,15029,72.30966422752492
2024-05-30,239.44801330566406,243.592907778911,237.89935613953602,238.44594265702506,9840965,16558,70.02476509859187
2024-05-31,241.3154754638672,242.63639050059948,238.21818908180336,239.94902313643811,17253924,7512,72.02719165051283
2024-06-03,270.51202392578125,273.01718652963814,252.33819682485654,252.33819682485654,74818392,16246,51.83576982602154
2024-06-04,226.14785766601562,266.00271677130536,216.44605180963663,266.00271677130536,84878240,13542,60.384119194784766
2024-06-05,236.85174560546875,239.44801068471457,215.39844048307276,234.11884084848256,70386788,10326,64.48157944258705
2024-06-06,244.9593505859375,249.60529410195866,238.17265397772525,239.22026187826336,31690680,10166,64.54351115396595
2024-06-07,246.69021606445312,247.78338919583024,243.00080539701364,244.45836030533394,19749116,5649,78.26268762295886
2024-06-10,251.7916259765625,254.61563319283545,248.1022155782441,249.05872114801687,21735106,3032,71.80665957026407
2024-06-11,250.33407592773438,254.43343324838864,249.60531241316983,251.88273314686663,13094039,13970,49.426404289575046
2024-06-12,258.16839599609375,259.53484836848014,249.3775579605169,250.4251658859042,29504096,15824,74.83701946780691
2024-06-13,257.5307312011719,259.8081517890827,256.2098161399659,259.6259470218321,14322702,9038,61.11659466656915
2024-06-14,260.7646789550781,261.90338934352826,256.528681870153,257.8040319451078,13911039,10384,47.66579196364475
2024-06-18,261.7211608886719,262.7687965917254,259.71704746659816,260.76465536910763,10174646,10257,45.62106515535095
2024-06-19,258.66943359375,264.6362642315944,257.485158243885,261.4478755059125,33193685,16910,71.03130395588597
2024-06-20,259.80816650390625,262.085587220804,258.3961489791022,258.71499343957703,13675594,16398,60.58129906880293
2024-06-21,254.47900390625,261.2657011606947,253.7957776712058,259.80817409970433,15165917,10636,54.15606466877738
2024-06-24,255.61770629882812,256.98415872615556,249.14982591603575,254.6156356253455,17778427,6332,73.18501718539393
2024-06-25,255.66323852539062,258.2139663528384,254.1601464452322,255.98208297888976,13386910,3482,73.27204924874164
2024-06-26,255.9365234375,258.3505835746358,254.34232910913107,256.8930289143042,16075754,11916,49.07907166210886
2024-06-27,254.93447875976562,257.71292089400134,252.33821360123224,255.0711184416788,14743494,14782,78.79497303747827
2024-06-28,257.8841247558594,262.9406706184032,255.54312865499534,255.6367742143524,15270017,3687,72.99331798933407
2024-07-01,254.84083557128906,258.72688347102957,254.4662819020273,257.7436765171408,12001891,8680,69.98816128354139
2024-07-02,248.1455841064453,256.10497076646334,247.39647679261793,255.63677155116818,13960959,17362,53.31271292835961
2024-07-03,250.8143310546875,252.59348239796037,246.3196013396365,250.29929476017895,18643235,17285,47.056069953689004
2024-07-04,252.96803283691406,254.18536795481538,248.6137858064735,251.00159039769855,12965149,15105,53.689330975503474
2024-07-05,256.3858947753906,256.9477395839334,251.8443849664873,252.8275919489766,15355368,14997,72.1789109946983
2024-07-08,245.6641387939453,250.95478431511683,244.915002888828,250.95478431511683,22806599,16970,45.87421993485085
2024-07-09,245.05548095703125,247.86467625156376,244.4936361828023,247.4900940176696,13578992,13093,67.76697841079636
2024-07-10,240.23300170898438,246.74098211768566,238.3602191690725,246.74098211768566,18117284,6471,73.79063874122919
2024-07-11,240.3734893798828,242.5740028379568,239.29662260806145,242.24628624742655,9469388,15923,59.93941676473432
2024-07-12,234.6614532470703,242.62083993509847,234.14643125077197,240.74804306732716,19538619,16646,62.63017774200744
2024-07-15,242.10580444335938,242.80810327107355,234.70826250675907,236.53425088946096,29164529,13392,66.69355306530986
2024-07-16,241.77809143066406,244.3063501018925,240.6075933671473,243.27630609067518,18989023,4328,49.91558557475877
2024-07-18,239.20297241210938,242.38673559819614,238.59431915727964,241.77808234336644,18903883,4828,63.9025100214666
2024-07-19,234.6614532470703,240.88849711708752,232.92911042905936,239.71799907473044,13018805,17580,59.06663418569664
2024-07-22,236.90879821777344,239.90528456658757,231.0563081432237,233.81868060075,14680632,11024,60.88816382659998
2024-07-23,235.129638671875,238.87523218771017,228.34075042442376,238.87523218771017,9028466,14481,65.86019977169161
2024-07-24,233.1163787841797,236.8151496059131,230.40082913994647,235.97239676137332,21869220,6206,78.48219495578542
2024-07-25,229.745361328125,233.2568554530405,229.2771621114696,232.46091106940383,16680821,9695,51.39505931874533
2024-07-26,233.8186798095703,234.75507821832977,228.52803451540183,230.35400855482158,16144925,8480,66.44719707592638
2024-07-29,239.6243438720703,244.165881808959,235.31691982253705,237.84519263461394,32691314,11223,72.56639461812716
2024-07-30,239.95208740234375,241.5439760957549,238.68794386070675,240.2329954886582,11358547,10792,56.65660531081132
2024-07-31,237.5174560546875,241.02895016719503,235.5042051455056,241.02895016719503,17796739,13252,52.00593256778295
2024-08-01,235.27011108398438,242.01219136957357,234.3337126319088,241.68444619602454,33759802,9128,52.50730821131283
2024-08-02,228.20030212402344,234.099615286915,227.12344960902627,234.099615286915,26445597,11951,70.4180935292051
2024-08-05,224.6887969970703,226.32749422460012,216.54213363786894,223.19056810488374,33533629,15543,69.21651344325022
2024-08-06,224.26742553710938,230.68176054232413,223.51830393026364,226.1870451895559,22617452,7441,70.1421422975748
2024-08-07,227.91937255859375,228.90259376953193,223.7992251744699,227.54481890123927,15128074,9601,73.45586023857712
2024-08-08,225.99977111816406,229.18352012573217,225.20382672211883,228.0130220658459,10738946,15160,50.08654996864695
2024-08-09,230.21356201171875,234.28688664959253,226.7020678644278,227.73209757464937,18588035,6109,67.21960674428254
2024-08-12,229.27716064453125,231.2435887689188,227.0766186250077,228.48121626598714,11628884,12896,56.14260414630742
2024-08-13,226.3743133544922,230.8690285352208,225.6720145540129,229.46443093426223,10527254,12295,64.18120292624792
2024-08-14,224.22059631347656,227.91936717361034,223.5651202844399,226.51476955925781,13196198,10138,76.96552981581185
2024-08-16,227.96620178222656,228.2471241773369,225.20382918830575,226.14022764646919,8039046,8294,45.86045084247289
2024-08-19,231.6181640625,233.58459224928592,228.38757795509,228.38757795509,10533731,15832,58.55350319737751
2024-08-20,238.17294311523438,238.82841914957214,231.24358625540455,231.61815419524464,25268902,17193,46.28951571391837
2024-08-21,237.28335571289062,239.1561525670991,235.0828279821793,238.64114486283663,14318532,10176,72.57624977742901
2024-08-22,237.9388427734375,240.4671013459156,237.3769980095718,238.17294237699724,11102262,17308,71.76873096680725
2024-08-23,236.44061279296875,238.87525452120911,235.78513672407533,237.9388560547023,6941785,14210,67.3907758434766
2024-08-26,235.41055297851562,237.56427216472025,235.0359993323521,237.14289574070983,12148085,9794,66.55869463879768
2024-08-27,235.22328186035156,236.44060267236554,234.19325216426748,235.5978498039053,7571973,15065,76.10704388023797
2024-08-28,233.9591522216797,235.6446579561797,232.2736321988736,235.2232815225547,16568081,9894,75.18690729829343
2024-08-29,233.91233825683594,234.7550911558418,231.89907299406727,233.9591610375155,9988780,6235,46.66406062462005
2024-08-30,234.19325256347656,237.70474666855685,233.77186184022204,234.5209834403004,12909590,6092,51.99626369749915
2024-09-02,237.75155639648438,239.6711760415785,232.32045691634366,235.03600665641403,17493446,6988,49.63036233118104
2024-09-03,234.7550811767578,238.45385208030902,234.42735030254536,237.56427643843813,9389384,8609,61.074648777904386
2024-09-04,228.0130157470703,233.58458350006646,226.9361632771396,232.17998586712764,17943213,15164,58.020365360981636
2024-09-05,228.34075927734375,229.51125729642322,225.53156403155305,229.41761173957448,14160225,13499,61.42006020536332
2024-09-06,220.84957885742188,228.66849729625292,220.10045724413763,228.0130212427441,21276104,3336,57.843936372592516
2024-09-09,220.5686492919922,222.11370095988633,216.77623285734506,220.84957167387452,15982999,8454,77.5207164464774
2024-09-10,220.7091064453125,222.3478036930011,220.05363040389827,222.20734964423593,10135668,11418,70.94243006372207
2024-09-11,217.99356079101562,222.11370823250905,217.0103395663869,220.99003295649325,11565080,16141,46.98720686255606
2024-09-12,222.02008056640625,222.76918790371067,218.36811799966767,220.05363808521574,8287067,11268,54.67510282942439
2024-09-13,224.22059631347656,225.81247075208157,221.64550068716366,223.61194306257948,15452772,5718,51.73797770777976
2024-09-16,223.93968200683594,226.56160050581875,223.37785151382226,225.15700284082507,6992312,17104,78.19552906675543
2024-09-17,224.26742553710938,225.3442780237396,223.0501047120233,224.7356247553497,6653415,12993,63.05002337508499
2024-09-18,222.76918029785156,225.57837558175035,222.02007298612344,223.7992242839369,10071196,9773,73.18318246824933
2024-09-19,220.84957885742188,226.23386991346203,216.30804068613503,223.61195141112034,15897092,8987,61.757121161259505
2024-09-20,220.52183532714844,224.26742913312972,220.05363610140077,222.7691858954146,17417523,16106,72.44716038376876
2024-09-23,228.9494171142578,229.79216998953999,220.9900304252141,222.20735124708202,16696706,3082,60.53624709920159
2024-09-24,228.10665893554688,231.3840533783662,226.51477020410422,228.76213496644957,10357559,16323,78.60907651809313
2024-09-25,227.73208618164062,229.55806018922064,225.25063615701978,228.1066541115965,9323772,4413,52.625417886310835
2024-09-26,229.55807495117188,230.30719657095102,226.32750314719985,228.48122244595,7377443,10844,65.3361522774025
2024-09-27,233.7250518798828,234.0996055334139,229.04305976921455,229.60489024951113,21539028,12439,53.190364868050395
2024-09-30,232.03953552246094,235.5978524403572,230.49446952858568,231.7586131337285,12929732,7518,66.48643677790888
2024-10-01,233.0789337158203,235.4105566327472,232.3204532831667,234.09960456251946,8742175,12499,50.54319743071346
2024-10-03,229.47378540039062,233.88422807018594,228.0130062093671,230.15735221910182,13127876,17806,77.12013957485829
2024-10-04,234.65208435058594,239.43708100557993,228.7995940332404,231.97398420983637,41064802,9097,72.86696598837173
2024-10-07,227.23580932617188,237.17099741632018,223.8366783926908,235.97240854771374,18620251,14451,61.31373751378722
2024-10-08,231.51515197753906,232.87292683751633,225.53156660720245,227.5448175076888,14466416,15852,77.39295486842686
2024-10-09,230.65365600585938,234.56779437902702,228.71530449931078,232.77927004259246,19792122,16273,48.24602913298266
2024-10-10,230.4008331298828,236.05667327604678,229.3146075380567,231.3746811957334,17374776,8121,69.44220969354836
2024-10-11,227.00169372558594,232.41407522275028,226.73014448204822,231.11248204516173,9419288,4525,69.3702826645059
2024-10-14,228.99623107910156,230.11990629899404,227.17025706073812,228.29393228063057,6326914,3737,51.400201664617285
2024-10-15,228.3032989501953,232.35790586701216,226.77696493691687,229.47379698778772,10652623,11882,47.860189729239025
2024-10-16,228.6216583251953,229.9700742759498,227.26388353444864,228.2845543375067,5229639,14836,71.67849967343268
2024-10-17,226.5709686279297,229.5955315323192,224.48278985787044,228.6216691713261,10781332,5816,71.12834438608523
2024-10-18,232.19871520996094,232.9291048277634,222.72236785917573,225.34427198036116,10982434,12821,49.147946704389476
2024-10-21,230.13864135742188,235.2232778682293,229.26778340570715,232.22680581218486,7677386,16283,57.00306056969498
2024-10-22,218.78948974609375,229.8858169731551,218.27448203484371,229.4176177532505,10255996,10365,68.53479294268504
2024-10-23,222.82537841796875,224.58579776397505,214.67870058313528,218.7894891511878,16390552,16817,77.23933132276797
2024-10-24,229.20225524902344,230.07309895917373,221.27095914304238,221.67360362279618,11899296,13161,74.34721305406944
2024-10-25,224.28614807128906,230.2603601286639,219.35132451790872,228.4812088895186,13124438,3041,53.8569831234745
2024-10-28,234.0247039794922,237.45192580993566,224.64198730649207,224.73563286884345,34626442,6146,55.12089014034767
2024-10-29,238.3695831298828,238.78160072707027,231.76797131094375,234.00596299720638,15007577,9893,78.37929272414755
2024-10-30,235.4854736328125,240.0832076505375,234.670811569389,238.50067772633028,13781718,7325,53.33787756914622
2024-10-31,234.99855041503906,238.01374013915046,232.41408166822106,235.4573764897727,7738588,17105,67.61148165292994
2024-11-01,237.5642852783203,238.03248450602229,235.97241076179492,236.06605632265791,1782431,9762,66.03713706753786
2024-11-04,236.5810546875,239.34344145235542,231.80543132676343,237.3769990584424,15810287,10246,74.75504587881383
2024-11-05,241.4971466064453,243.4635890021698,235.4573796600142,237.5642761033022,16900651,3138,75.07789855130176
2024-11-06,245.8513946533203,247.20918379800722,242.62083723829085,243.51039859462708,21915311,9486,62.76035381157661
2024-11-07,246.0386962890625,249.4565449655765,244.39999897790796,246.27279590494174,11833629,15320,71.56262966959538
2024-11-08,240.27984619140625,245.99188240908308,237.9856585753894,245.99188240908308,13569792,17061,60.440625934079364
2024-11-11,241.9185333251953,243.04219426373336,236.72151932669888,239.71799136105088,9319722,11257,66.99188546748206
2024-11-12,236.6278839111328,243.9317946310679,235.9724078580772,242.527196965246,6461353,6162,51.52804198355064
2024-11-13,227.82574462890625,236.76835264035046,226.5147782323312,234.24006540706517,15240064,15737,74.81918485981842
2024-11-14,226.1402130126953,231.1967586442408,225.5315597695983,227.96618703029196,6939685,6819,45.22137452292469
2024-11-18,226.04656982421875,228.34075735292416,221.13047818551703,226.14021538027822,15402466,13598,66.67086196959171
2024-11-19,222.1136932373047,230.35400185228323,221.2241176325281,227.0766075169865,12811548,5493,68.8486793885444
2024-11-21,213.967041015625,222.30098131797897,205.8672003205091,222.1137044898497,32722184,5154,65.10920841405836
2024-11-22,220.99002075195312,222.86281753798661,214.43523200083587,214.43523200083587,16249864,14457,56.26708516763705
2024-11-25,231.38404846191406,232.50772367505792,225.48473573252681,226.60841094567067,18985964,15359,62.055065762707386
2024-11-26,231.75860595703125,234.09960197679925,229.79216358510382,231.38405230919068,5822108,3441,76.49171335370362
2024-11-27,230.775390625,233.95915386562845,229.0898705903504,231.75861183590447,9255064,5433,76.50976490941096
2024-11-28,233.1632080078125,235.97240328501505,229.9794590756387,231.7117875902633,12657927,3547,77.87145070714621
2024-11-29,230.7285614013672,234.52097780132783,228.7153105448515,233.58457939582178,9029433,5433,63.58741370882258
2024-12-02,230.73794555664062,231.75861643822552,228.76214425506936,230.35401876284234,7689533,5930,72.8277531546903
2024-12-03,238.3602294921875,238.78160593912463,231.45896316527103,231.94589436242174,15697277,7967,64.07157519481545
2024-12-04,243.99734497070312,245.05547976542303,238.05120924420055,238.7815988741629,16236326,11346,55.57561633743215
2024-12-05,243.4448699951172,245.69222047372548,242.10579854467525,244.3531775998953,12264971,8083,78.1984618370331
2024-12-06,247.77102661132812,249.9715686044495,241.59079134984688,244.6808946922816,18607200,14094,73.70061048235053
2024-12-09,246.2072296142578,247.95829008670324,244.69964187543135,246.2727843620186,9706145,8719,75.57525737191024
2024-12-10,246.2072296142578,247.63057350112317,244.39998752276372,246.83462912911747,10964378,9428,77.49103810984056
2024-12-11,244.1846160888672,248.14559186163552,243.45422643324463,246.20724019134803,9109708,5187,59.72115868444746
2024-12-12,242.7144775390625,244.5872743454546,241.59078802458265,242.76128602857773,8971686,16999,70.13362269313349
2024-12-13,241.5814208984375,242.43354689571146,235.13900944042646,241.590794027218,12263775,12925,60.26248371189971
2024-12-16,242.60208129882812,243.0890267486346,240.22364997327682,240.3172955272097,5025258,13398,74.06532670574256
2024-12-17,239.70863342285156,242.8080955765066,237.47064180098968,241.13196300263954,8889901,17963,62.23357030625834
2024-12-18,234.72698974609375,239.53071820311385,233.84677294696743,238.0792977974251,9707392,16556,52.64538429246078
2024-12-19,232.51708984375,235.03600388465875,229.2771593055961,230.3540117754026,6211727,14475,57.53628224652361
2024-12-20,225.28810119628906,234.09025525944105,222.64746497915803,232.226817187413,10949542,7315,55.07679662717875
2024-12-23,230.58810424804688,231.57132541823773,223.8460386769326,225.7281943028424,11064641,5433,45.959723467406604
2024-12-24,229.37078857421875,231.92715224285024,227.81636377831,230.0730873844817,7643411,15557,53.11630464764796
2024-12-26,230.99075317382812,232.8822819648289,229.40825186136888,229.40825186136888,5185131,12700,48.416129961558845
2024-12-27,229.4082489013672,232.4234528890351,229.0430540973108,230.4944601850313,4851649,8198,74.7918176925427
2024-12-30,225.67202758789062,231.5713407102976,224.47343870891157,228.48122295205522,24354060,8191,53.58189701982995
2024-12-31,225.25064086914062,226.5147701523845,222.91900367942003,224.7356188848683,11001016,5679,59.387192085502825
2025-01-01,225.87802124023438,226.40240205357657,223.5838480377095,224.7356140590365,4349210,13642,50.462750890166916
2025-01-02,225.78439331054688,226.53351494021484,220.10046205786585,225.39110766984018,14134494,7872,50.963014443025266
2025-01-03,226.27130126953125,229.5112459124941,225.48473006891777,227.0766044382465,11308123,14399,75.04474334956356
2025-01-06,213.46139526367188,226.03721948950425,212.79654608256573,223.9865046140647,29034063,5294,54.3317930141488
2025-01-07,217.67518615722656,218.85504303974912,214.669340898575,215.74619338187134,10569432,10386,66.28815242023336
2025-01-08,218.13400268554688,219.54797340280442,215.28735785906647,217.72198510669847,9535741,17307,48.74488551270141
2025-01-09,216.34547424316406,218.32127538567246,215.09070385003122,216.86986933526782,5382497,3357,54.34980771981584
2025-01-10,211.06419372558594,216.44848452764992,210.6896400807646,215.4746364781311,8065484,15631,49.76238483199369
2025-01-13,203.84457397460938,210.1558901697066,202.58980352322692,209.75324570820715,14375458,9676,53.595941311573306
2025-01-14,209.49105834960938,212.0474220682376,203.99440412604034,203.99440412604034,10793343,6953,68.8837097789878
2025-01-15,207.89918518066406,211.52304256303339,207.1781543827644,210.57728528455655,8409931,16054,66.05011271679618
2025-01-16,214.29478454589844,216.26121265870995,210.68964490661835,210.68964490661835,13044666,3498,71.63572209313382
2025-01-17,213.49884033203125,214.34159319696687,211.47621631021858,213.48948149159634,6060015,15884,52.093661951716875
2025-01-20,217.3568115234375,220.54993378291863,212.38453785976418,214.4352528257553,8569679,9792,69.08009268869242
2025-01-21,215.00645446777344,218.55539840201837,213.86404718493532,218.55539840201837,5923042,15949,54.7694892490276
2025-01-22,213.85467529296875,216.40168013320607,209.3037784095762,215.3716361579976,9955733,9493,61.04475584963436
2025-01-23,214.58506774902344,216.5421370394514,211.17657803375093,213.03064292529814,7731880,8882,52.375951814387626
2025-01-24,210.88629150390625,215.3809924263625,210.31508790416743,213.8359407703064,7498269,8587,46.502191735406
2025-01-27,205.65182495117188,210.56791685991428,204.5562404689632,208.8168563142013,7821158,7637,67.6228629516192
2025-01-28,207.6557159423828,210.9612013407784,206.1013053684012,210.22145284923283,12792946,9618,57.074147707155944
2025-01-29,208.4329071044922,210.59598502561803,207.0095918877311,208.53591149541748,8514453,7708,73.48022333308154
2025-01-30,208.24563598632812,211.4762075525378,207.59015997537776,209.65959240197145,10812716,8571,52.431226162625805
2025-01-31,199.81805419921875,204.60305059941464,197.6268853702765,204.60305059941464,50873400,17068,59.51187474039149
2025-02-01,197.43023681640625,202.6553416450726,194.40567396077972,202.26205602850277,16153674,4907,69.74655187848566
2025-02-03,194.7615203857422,197.6643470319998,193.41310432035255,197.6643470319998,13272380,5912,65.14675090011454
2025-02-04,199.34986877441406,200.8574708755953,196.74668218305362,197.11187701311334,12129201,5208,63.99613620631263
2025-02-05,206.02639770507812,207.04706861975205,200.50163809648052,201.32567333167768,15759413,7517,69.36964858295829
2025-02-06,205.73609924316406,208.4235580853371,204.14421052871026,207.5058916518668,10170330,16624,53.15590120665209
2025-02-07,202.5617218017578,206.77551487334236,201.3724917563848,206.00766127746647,9557681,5047,45.23894046355566
2025-02-10,201.54103088378906,203.3482872907427,200.052160803405,202.73026089530947,4292326,7090,69.71528996940673
2025-02-11,197.37405395507812,203.18909431613068,196.17546514404057,202.26205475471485,5669659,17292,48.30316351918415
2025-02-12,199.02210998535156,200.5765347611708,192.62652147625653,199.35921398145325,8728432,7314,49.5528426083733
2025-02-13,197.39279174804688,200.58591382105539,197.11186936160425,199.43413346547132,5986171,4419,56.999658598313246
2025-02-14,192.11151123046875,199.32177650533725,189.38658828625415,198.23555086397036,10600160,10545,49.128350660098235
2025-02-17,193.79702758789062,194.2558536793502,187.44823301425194,191.94294838759242,7113238,12728,59.437971382129376
2025-02-18,192.9823455810547,194.10602081943068,190.36980029462288,192.45796475569963,6382336,12651,76.76362638748421
2025-02-19,195.60426330566406,196.54066171572293,190.5758084159058,191.21255247635906,5908141,17016,68.74368268988563
2025-02-20,199.9866180419922,200.34243972665473,193.93747794305676,195.24843001982617,5212633,10576,61.78403217126017
2025-02-21,196.89649963378906,201.27883737787872,195.82900600728215,198.54455570802426,7935366,9529,73.5844369395274
2025-02-24,195.36080932617188,196.10055780016455,193.3662760949203,194.7708737420989,4609750,3705,48.15850640669634
2025-02-25,191.74630737304688,196.24102262113215,191.35302175348147,195.36080582521183,5449460,16007,60.514520715950546
2025-02-27,190.25743103027344,195.2484365048198,188.946478909962,193.83447998303342,9246629,10577,68.2681142080366
2025-02-28,184.5360565185547,189.1524941967514,183.54346212108695,189.1524941967514,14293523,11593,68.68593360958229
2025-03-03,183.44981384277344,186.52119944952545,180.7623407206362,185.50052862344444,11080593,8789,60.639560487516825
2025-03-04,183.45916748046875,185.06977382471484,178.57116683149252,181.6706431592656,15521855,16919,73.27708221796264
2025-03-05,192.16769409179688,192.654625294225,183.4310947005035,183.44045354136122,9984238,5560,74.105893653258
2025-03-06,193.9842987060547,196.9995027395975,193.1228138805147,193.83447153075056,7708374,5079,49.404998597172806
2025-03-07,192.80442810058594,194.8645160460194,191.51220800281195,193.69401802625308,6253445,7052,54.602002665828124
2025-03-10,191.05337524414062,193.6846526112393,190.1169767910347,192.89808133982385,9737436,5071,57.68919141867707
2025-03-11,189.67686462402344,191.77440226129087,188.59063901070783,190.08888222137116,12900521,7180,73.05049920072334
2025-03-12,189.52703857421875,191.77440340360025,188.31909087325974,190.6132641940045,13928062,13548,46.79020892246729
2025-03-13,192.4486083984375,194.72404971388497,189.43340432543613,190.74435640573844,8576303,15675,48.252582584463866
2025-03-17,192.6546173095703,193.82511534207362,191.30620128999757,193.74082862462075,6086364,5447,61.33124619122675
2025-03-18,192.6546173095703,192.6546173095703,192.6546173095703,192.6546173095703,0,12462,75.30307720632169
2025-03-19,200.16452026367188,200.37990218693568,196.10055456735824,196.64366736324394,8786037,7106,56.602008951549315
2025-03-20,201.934326171875,203.9007686920348,200.99792769338114,200.99792769338114,8936273,8392,48.66815171515921
2025-03-21,202.9175262451172,203.37636659546163,200.72635746341754,201.8874965993046,9614502,13690,68.02207030617127
2025-03-24,210.193359375,210.8207446164125,203.29210743115624,204.79033636506023,13453091,7499,52.886970405664705
2025-03-25,208.8824005126953,211.53239544354392,206.6631265613817,211.53239544354392,9683595,16335,78.75967903169442
2025-03-26,206.32601928710938,210.68963924465876,205.5675388719575,208.81684245137293,8824925,7013,61.96061252160203
2025-03-27,216.28929138183594,217.2444217194313,205.0712429161873,205.53944210092746,38539990,6696,75.06231964874527
2025-03-28,213.99513244628906,218.88313340266657,212.4313487799983,216.28930574621728,12275939,4343,51.06618777964352
2025-04-01,214.0419464111328,216.8136776532802,212.36578528601908,213.42392004248845,5686405,4098,54.67542170114693
2025-04-02,216.79495239257812,217.8718047916766,211.9163106482189,215.37162288409692,11817603,17315,68.50546415638746
2025-04-03,221.7204132080078,223.33101960778248,213.7329359558757,213.7329359558757,10557954,4730,59.602333923745746
2025-04-04,219.41688537597656,226.92679044223314,218.02164658166058,223.7055775803936,13578143,15627,48.20173281373099
2025-04-07,214.7723388671875,215.69000530389536,205.07125081421566,206.00764921976003,13391046,11660,51.06273616032357
2025-04-08,220.8402099609375,221.55188193693482,216.42978120413142,217.24444329422664,9329948,5608,59.51538208326507
2025-04-09,215.56829833984375,220.87767595690258,214.48207268406802,220.05364072999592,9003748,16653,65.71045300098181
2025-04-11,217.71263122558594,219.64160967203637,215.89601601654243,217.73136319458905,7672071,8679,71.19693369454154
2025-04-15,220.00680541992188,221.0742990447567,217.05715611896682,220.99002661634222,11313564,14592,62.90630870481431
2025-04-16,225.47537231445312,225.952944659628,218.53667078752116,220.00680889688536,10650464,12025,62.19251571964671
2025-04-17,227.3668975830078,229.10859921197834,225.7188415111574,225.7188415111574,10250305,5831,58.30040493219377
2025-04-21,233.55648803710938,234.70825407244584,227.5448120025041,227.5448120025041,13025589,14851,52.02613669329805
2025-04-22,236.39378356933594,240.91658975389663,233.90296028711882,235.04536752818663,15802728,3527,70.7213054230821
2025-04-23,235.47610473632812,237.6579147038866,231.81478359508304,237.6579147038866,12117005,7207,59.44596313431201
2025-04-24,235.98175048828125,239.52133521994097,234.56779407894064,234.56779407894064,10518406,4100,47.84190618380554
2025-04-25,231.09375,237.62044785411177,229.42696202603943,235.5510154349868,12840481,16963,49.69604166158136
2025-04-28,236.48741149902344,237.33016431776284,230.91584404816695,231.09374773651464,5675324,5001,72.60014265285173
2025-04-29,237.1148223876953,242.9392220306477,235.7195835196552,237.84521205329838,13432236,10451,75.16284980026767
2025-04-30,234.0340576171875,236.6185264822357,233.2100366977039,235.97240926597365,8286634,4954,67.99412746260359
2025-05-02,231.84288024902344,236.05667311849305,230.65366454899782,233.63140465170284,4318300,4689,66.43316543006462
2025-05-05,233.28494262695312,234.839353142909,231.7679674725853,232.78865260809815,5921479,4464,70.32489385206945
2025-05-06,209.66896057128906,235.5978334896569,207.50588264216069,234.09959039580173,53589794,9945,60.149331431703665
2025-05-07,210.221435546875,212.97444906021013,207.18749966289857,209.6689639338738,29513047,9055,70.7321157804841
2025-05-08,203.4512939453125,212.22534279405497,202.26206392060908,210.68964991730113,18639419,14309,63.795738531672065
2025-05-09,206.09193420410156,206.4758610029605,199.03149608296408,199.44351369263646,14465684,15649,56.16782541973133
2025-05-12,212.4219970703125,214.435248050662,210.22145496669702,212.56245112445535,13866067,13198,72.06481973566417
2025-05-13,217.9467315673828,219.2857744453713,212.00059590382034,212.0942414608473,13441966,4839,57.731995002847384
2025-05-14,218.71458435058594,220.32517647694013,215.69938031534832,219.06104719140387,7853997,9408,65.32873479838457
2025-05-15,219.4730682373047,220.84957507022165,218.08718827558712,219.58543147646327,6356741,12203,55.103963022643
2025-05-16,221.8515167236328,222.86282875358194,219.88508857232026,219.95998787382203,5559444,10186,67.93990250627724
2025-05-19,224.71688842773438,227.35753882578393,221.17730354954884,221.9264251418661,10070720,3879,56.97125971471774
2025-05-20,221.39266967773438,227.26389172135424,220.7278348067048,226.58968372168948,11889209,14309,58.539712220815744
2025-05-21,225.95294189453125,226.32749554769103,220.17536535029046,221.92642582568672,13019580,4695,49.79253619168429
2025-05-22,225.88739013671875,226.87997019020625,222.90964997625616,224.63261966488759,9266003,11114,60.36421266060294
2025-05-23,227.582275390625,228.38757863761245,225.46602001519588,225.8873964644588,5933979,4952,74.74791952687067
2025-05-26,226.15895080566406,229.6142632678042,225.48474279898764,228.71531449613366,5619161,7553,50.52749096696941
2025-05-27,226.1495819091797,227.08598034838704,222.49763371159347,226.87997154869691,7621172,13501,53.015777246991505
2025-05-28,227.57290649414062,228.01301489387913,225.52219167159444,226.60841726619608,4536627,3165,63.18930665480006
2025-05-29,227.76956176757812,229.4176178787536,225.85930094787085,229.4176178787536,9793256,8302,75.1762051762797
2025-05-30,233.67822265625,235.53228748021368,226.75823907906826,227.27326105469862,18896253,3255,56.17160298848061
2025-06-02,238.56622314453125,239.95208876869415,234.28687562010387,235.50419639151835,15650468,3474,67.18816793898186
2025-06-03,237.52682495117188,241.49714507912,234.7550793608991,240.46710110914898,17004787,7477,47.26534635111915
2025-06-04,238.41641235351562,239.84911514184486,235.79449380915875,238.73478440056363,8495549,13628,78.1426639167376
2025-06-05,234.69891357421875,239.718009979701,232.788666969048,238.7816115032178,20759942,12424,65.5514830474255
2025-06-06,238.46701049804688,241.0533706371505,233.4977468457484,235.87098376734542,27877160,12796,51.338069110596685
2025-06-09,240.24937438964844,242.34168893544017,238.89322844214362,240.22999686420263,11809052,9292,66.03120738677504
2025-06-10,239.19351196289062,241.57644503216252,238.31203410077657,241.57644503216252,6397250,9175,75.05185099280446
2025-06-11,234.989501953125,239.0676065569645,234.54392231437953,238.29266809482073,16318275,9515,65.53550686079438
2025-06-12,233.11996459960938,236.54904752568126,231.67664197626513,235.58037819528886,9393665,13470,58.6304242942809
2025-06-13,231.72508239746094,232.71312927011232,227.45324702934474,227.6372965702105,7993912,13122,51.02363103032835
2025-06-16,233.0812225341797,237.27556274213265,228.89657847973226,231.02764816917357,7304944,10330,61.344597833159085
2025-06-17,230.58204650878906,235.1735445675329,230.05897156117788,233.3524414522915,7272466,12583,48.771695295761226
2025-06-18,229.09999084472656,232.12224937575462,228.20881678452656,230.58205382079765,6655986,16438,59.52718398487392
2025-06-19,224.40194702148438,229.56495647330706,223.29766454459408,229.09998453934801,12080316,3945,60.31303092605617
2025-06-20,226.8139190673828,229.52619616379215,224.05322032875986,224.05322032875986,8178646,17697,51.48081291187741
2025-06-23,226.52333068847656,228.40253678909505,224.6247322817678,224.72160512789253,5706955,16093,51.833720391164526
2025-06-24,230.36895751953125,233.0618571956258,228.60597216486934,228.60597216486934,6407993,9572,75.97531157514418
2025-06-25,231.57009887695312,233.42994230691576,230.54331170235392,231.41510822927583,4912539,9689,55.79035731686275
2025-06-26,231.84132385253906,232.48064918517147,227.74385654925246,232.0447509240936,8947066,11125,58.44382156922151
2025-06-27,233.76898193359375,237.41117346083814,231.511980517208,231.511980517208,16042284,11613,70.53400309074317
2025-06-30,240.98556518554688,241.8573617080649,234.7182731662012,234.85388628705337,19051358,3889,78.52544432316886
2025-07-01,239.78440856933594,241.576452810318,235.8903683566729,240.9952452779126,12791194,15477,46.699289211954216
2025-07-02,235.43508911132812,240.01689101063613,234.417983334929,240.01689101063613,16461168,8211,57.66640919496755
2025-07-03,234.72796630859375,237.03338933350773,233.67210547330137,236.25845088969805,6572424,14821,50.7008884669445
2025-07-04,233.2362060546875,235.90972815274284,231.7541431243749,235.61913917089439,11400183,17488,50.724509536163055
2025-07-07,233.53648376464844,237.3239843686808,232.58719196577556,233.3524342281819,8397404,13166,61.33935158900464
2025-07-08,232.24815368652344,234.67952316916217,230.93076280396028,234.41797831095715,5872650,4633,66.06784814617546
2025-07-09,233.5752410888672,234.51485152470795,231.88975112771834,232.48064001231182,5927854,3927,65.60767064332461
2025-07-10,231.3569793701172,234.3211051567992,230.83390443511723,233.44930867155895,4169988,16091,72.45852794817057
2025-07-11,230.0008544921875,232.935921461455,228.6156496256952,230.5433069671949,6155645,14915,74.12366342970998
2025-07-14,233.371826171875,234.22425995945167,229.03219147104446,230.0008608548464,5818162,11206,57.65973551429643
2025-07-15,236.66529846191406,237.6048941163773,233.19746047713366,233.5461820281373,7854584,11142,69.84137407661532
2025-07-16,241.2761688232422,242.6516775570647,235.48353012036222,235.48353012036222,13157847,17098,57.53618891936742
2025-07-17,238.79637145996094,242.71948526979455,237.8083245878372,242.2157730709658,6291020,6039,71.69278364575175
2025-07-18,237.0430908203125,239.7456718908371,236.35532905601718,237.3433759636239,5337640,3888,52.363700741474105
2025-07-21,235.76443481445312,237.78895022840902,233.2265258224265,236.5587507839792,4973875,16767,55.71657984369254
2025-07-22,231.9769287109375,236.56842668986755,231.3569809264201,235.7838068917291,7142245,16327,59.16237793298278
2025-07-23,235.4544677734375,235.87098850232985,230.96952391931185,231.9769335473855,4865685,16429,69.10441607497087
2025-07-24,239.12571716308594,239.50349761966973,231.80257921655667,235.45446681734734,11426887,4537,48.273046878364234
2025-07-25,235.8225555419922,241.19867351010882,234.8151458991221,238.5348327384108,8703652,14131,71.7914583378078
2025-07-28,232.8099822998047,239.50349089088246,230.330191189773,231.65726343676943,11840807,15613,75.85764072653885
2025-07-29,234.66983032226562,235.7547500401276,231.53135110247382,231.7057044899195,5783053,3145,51.39616362917165
2025-07-30,232.16098022460938,236.25844741680726,231.4829146390137,234.4567218432409,3131598,3974,74.90708244966099
2025-07-31,230.41737365722656,233.40087703024108,229.09030137696672,230.05897072739785,5770571,5077,69.60148997754939
2025-08-01,227.7632293701172,231.13419457506217,227.20139937250613,230.29145696900625,4770791,7875,59.461320185619144
2025-08-04,233.61398315429688,234.3211076345009,227.7922857369679,227.7922857369679,5286235,12977,73.01460567573547
2025-08-05,233.1102752685547,234.67952968060447,231.99631141829195,232.4806460976621,2784149,6004,62.16864283191036
2025-08-06,234.17581176757812,235.82254668115422,231.85101127555555,233.11026958664715,5567926,5241,64.13123681580691
2025-08-07,234.46641540527344,234.90231364971635,229.86523606574292,233.44930964775932,5526019,16532,50.32968923187024
2025-08-08,231.72508239746094,234.9507530970147,231.03732065749742,233.4493126528542,4393052,17633,59.73996874105013
2025-08-11,236.32626342773438,237.26587388337288,231.72508399720988,231.72508399720988,8071890,5721,59.89788690696378
2025-08-12,235.46414184570312,237.64364783205343,235.03792497679038,235.9678540344837,5778309,16699,47.063039657305346
2025-08-13,234.2339324951172,237.20775448594006,233.6914800255691,235.4641467047346,4734249,9960,70.25956055485977
2025-08-14,235.1638641357422,236.1615923918356,233.83677706464286,234.40830321910295,5398813,4470,62.7667062451802
2025-08-18,235.1638641357422,238.0311171576754,233.99176770926667,236.35532330725462,6339208,9449,61.407205284202234
2025-08-19,239.3097686767578,239.55193601709442,234.05958251194724,235.09605104261266,5767582,16014,63.54925846656475
2025-08-20,237.207763671875,240.714342114905,236.88810100121486,239.35821088851822,7335347,7715,77.13252702497786
2025-08-21,235.73538208007812,239.59068209304414,235.53195500574915,237.4111759772079,4378842,15409,60.92437093243752
2025-08-22,232.70343017578125,236.9074663224391,232.48064036736443,235.58037928278506,5946024,11332,45.83124703472535
2025-08-25,233.5268096923828,235.32853528248663,232.95529832075795,233.93364904747446,6139415,15286,53.10373378178099
2025-08-26,227.77291870117188,233.52681721560194,227.0754755611972,232.49033387843448,9059590,8749,45.99499612536211
2025-08-28,225.9324493408203,229.19686039021508,224.45038638612218,228.14101432353604,7496201,12214,51.012811970263854
2025-08-29,225.53529357910156,227.12391077149542,223.57857729237878,225.21563090992987,5698267,12628,77.17254355348419
2025-09-01,227.07546997070312,227.92790373873493,225.6999612509291,225.6999612509291,5022461,14709,54.8443035944341
2025-09-02,229.25497436523438,231.02764105772866,226.11648033546592,226.6686289622998,3798598,7547,64.27871709293079
2025-09-03,230.9501495361328,231.57979349537771,229.57464080373794,230.22364750827288,5983296,3798,49.78626978238536
2025-09-04,226.61050415039062,233.23619878294684,226.2521012301374,232.23847056111694,4012532,3330,60.49029199624338
2025-09-05,226.92047119140625,228.17974427248086,224.46005760467474,227.63729181434925,3555014,9027,46.033462508883765
2025-09-08,227.28857421875,229.38090354855385,226.86235734259873,227.44356486111795,4845778,6782,46.43141872567964
2025-09-09,227.14328002929688,228.32505781265033,226.14555178640813,227.28857451875786,8815989,9186,49.63360057158561
2025-09-10,230.55299377441406,232.7228185063132,227.97634445739092,228.3153698719015,12351617,10862,67.78593945588578
2025-09-11,230.8048553466797,234.0305261283106,230.20427028530085,231.51197984945884,8641633,3471,57.29499300532101
2025-09-12,230.0395965576172,231.76382684408009,228.13131672697202,231.0276434480726,7047846,15206,78.84986371543377
2025-09-15,231.56040954589844,232.48064246618284,229.57463443535556,229.57463443535556,7165608,10598,76.22256758866409
2025-09-16,233.04248046875,233.3040253391156,230.3495807834204,231.56041750454781,7020684,12248,63.19871710218371
2025-09-17,238.1861114501953,239.261335045068,232.27722236472886,233.13933751516038,13825961,14887,57.34160691847701
2025-09-18,241.15023803710938,244.346849931907,238.30234770866642,238.88355524616478,19663095,7841,58.297075125250004
2025-09-19,244.1821746826172,246.42947991773343,241.1986712723093,241.683005953579,16173486,6471,52.93012157302274
2025-09-22,243.27162170410156,246.7104008772898,242.17702060095812,244.10467794227628,8447174,6304,76.66699984034989
2025-09-23,245.296142578125,246.47792040234873,241.33428836744656,243.27162712444004,10937835,10513,67.82605425913891
2025-09-24,246.40042114257812,250.40103034169803,245.66423774773963,246.52635288960212,19015206,8182,51.37688190943996
2025-09-25,244.89898681640625,248.30869221186427,244.10467087199734,246.40041245155803,10254514,7729,50.450427714801585
2025-09-26,240.6658935546875,245.05396446397492,239.42599798715983,244.89898860357476,7652782,4714,56.80532326959892
2025-09-29,246.03233337402344,247.3884645508886,240.5302837834819,240.71433332478247,11711402,9046,65.58158737282906
2025-09-30,250.43978881835938,251.95091068042697,245.80953560151912,246.042021572884,16041674,11535,45.148457728636934
2025-10-01,251.46656799316406,252.8711208072126,247.30128685155077,251.6602841253902,10553753,16705,50.353797882604695
2025-10-03,255.68028259277344,257.0364137483974,249.7229425381475,251.95089974372596,12224432,17906,49.390956306577316
2025-10-06,258.24725341796875,263.5264836139839,257.0848383788126,258.39254790750266,13935656,5356,73.99544083529145
2025-10-07,253.6460723876953,258.92530254959246,253.40390505288968,257.7144658755644,8742344,10229,76.41242159775793
2025-10-08,253.6945037841797,254.9537917104516,250.40103381648365,254.275711322348,6051759,13983,56.502199460360444
2025-10-09,255.87400817871094,257.4723067269567,252.43524373971428,253.7913749454548,5413923,4438,50.15397618898691
2025-10-10,258.5863037109375,260.4751912716117,255.77713885005593,256.2130518971427,9459957,4326,47.73204332621376
2025-10-13,259.70025634765625,260.7657985355095,256.3583352951718,258.0535066426611,5443095,17465,70.56912062213765
2025-10-14,255.68028259277344,260.28146193033336,255.29279120993053,259.6033815718003,4141172,7707,73.88497471816521
2025-10-15,259.9908447265625,261.9281834049444,255.05062518440022,255.05062518440022,8534350,17514,49.07621647930789
2025-10-16,257.81134033203125,260.86264285735166,257.1817111698925,259.99084635889477,6996551,14008,45.94370260635886
2025-10-17,256.2130432128906,259.1190512644546,254.37257735918863,257.8113417289623,6919725,12549,52.230364452470496
2025-10-20,262.9453125,264.5436110493597,256.7458048783912,257.47230690641317,17154442,13957,49.92102671886005
2025-10-21,261.7344665527344,264.1561398940386,260.66892437027207,262.99372486563567,1137999,7714,69.20382453163253
2025-10-23,258.537841796875,263.1874723812638,257.90821263606136,261.54072267318895,7342137,4450,63.687667884427924
2025-10-24,257.85980224609375,260.1846028590178,256.01930676447876,258.5378530790813,6541279,15583,51.17522743951814
2025-10-27,265.07635498046875,271.1305382641513,257.9566295265697,258.63470987891884,11187429,14691,70.61831413131029
2025-10-28,268.2729797363281,268.8057360372307,264.7857642754487,265.8028552358778,10922577,9261,56.17824712479833
2025-10-29,265.9966125488281,269.1932096168241,265.46382666320017,267.8855000666647,6127929,11677,72.73146746584686
2025-10-30,264.2045593261719,267.93394215287185,262.8484281786742,265.99660349603465,13926080,12586,71.47131933922982
2025-10-31,269.67755126953125,271.8570573889964,263.52649475341866,265.22166617966934,23120256,12993,71.98429014131231
2025-11-03,282.0765380859375,284.06229851010926,274.1334372663629,275.5864413508136,38572616,16565,76.11148661403394
2025-11-04,279.0736389160156,283.1420323510202,277.0394274177924,281.83435240921557,11837387,8076,60.20883095836589
2025-11-06,277.37847900390625,281.39845096251065,275.8286021052492,280.4297815960304,7681719,11745,58.59989426446151
2025-11-07,279.9938659667969,281.5921940558604,274.23030102641405,275.1020975358942,6951797,10220,48.877014301233174
2025-11-10,278.6861877441406,282.70615969096286,276.70039781181043,279.9938677359018,7071136,10416,69.40397900262343
2025-11-11,276.8941345214844,279.8485641601157,272.14766070599575,278.44401136529183,9114319,3428,76.5872310009754
2025-11-12,276.0707702636719,280.8656954665129,274.90835519587915,277.91123615314103,11257140,5828,64.65051330926481
2025-11-13,274.3755798339844,278.20183540205323,273.4069105318344,275.8770054277404,6205108,4137,74.979828826483
2025-11-14,277.76593017578125,278.4440105308656,272.48667050653836,272.48667050653836,5767810,16212,56.58031932780228
2025-11-17,278.9283447265625,283.23890549781976,278.637726191397,279.9454356960371,9325390,17668,60.995582467309426
2025-11-18,279.4126892089844,280.7688204030857,276.0707680865178,278.73460883121226,6702634,12336,47.918230710154944
2025-11-19,284.1107177734375,284.5950524641944,278.0081124944776,278.8314873810531,11205111,3192,47.762322806443144
2025-11-20,279.21893310546875,285.70902941159494,278.68617680096304,285.70902941159494,7321372,15560,64.230217751786
2025-11-21,275.2474060058594,278.928367488244,274.4240310978625,278.0081197272868,7072694,11426,52.863621611794414
2025-11-24,273.06787109375,276.89412667204715,272.1960746317728,275.24737702941366,8839228,4677,62.82209469299289
2025-11-25,278.2502746582031,278.8799038321733,271.90550215201887,272.92259315909047,7981354,8038,63.824897274275216
2025-11-26,279.3642272949219,283.8201121002517,277.9596745111543,278.0080961528063,5874557,14602,56.186607407412296
2025-11-27,278.8799133300781,280.81725212300876,277.1363202410181,280.1876229275951,5143734,10305,68.82971144323801
2025-11-28,280.7203674316406,283.28736487316536,278.0081050605055,278.0081050605055,7906532,10291,69.59091051600112
2025-12-01,286.29022216796875,288.4213066191189,280.91411895732824,280.91411895732824,13719693,11175,65.60755493071586
2025-12-02,287.5979309082031,294.427067724168,286.5323886857005,287.694803757784,20755587,7117,49.36390387788547
2025-12-03,278.00811767578125,288.3244408688829,276.26452458113795,286.72614227188586,13931844,9000,67.9694251277066
2025-12-04,279.1705322265625,280.76883082039194,276.5551130283369,277.0394477271606,8269764,8909,66.66728942991303
2025-12-05,283.4326477050781,284.7887788348606,277.572180607836,278.1049664683716,7376690,11299,70.85086126112235
2025-12-08,276.2645263671875,284.1107249052521,274.0850202040708,281.97966994929345,6379707,6965,51.41737284477822
2025-12-09,280.7688293457031,281.253164041983,272.5351395089461,273.9881435977856,7821588,11297,65.21775510660724
2025-12-10,277.1363220214844,281.737501684255,276.0707797662381,279.8970357314356,5900048,16601,46.04568622729162
2025-12-11,276.0707702636719,279.6064075494969,274.61776620965253,278.87990552248726,8448904,5334,78.15286086539446
2025-12-12,275.53802490234375,277.47536371814806,273.6975293781742,276.3613702499051,7963115,16608,64.92105792885314
2025-12-15,276.1676330566406,277.7659315455735,273.5522140300654,274.81150190122617,6089175,9052,51.117825259274056
2025-12-16,273.9881286621094,275.9254673416202,271.7117498013957,275.8770161377671,5839387,13135,54.23215754710011
2025-12-17,278.5893249511719,279.3642486454785,273.26164325884275,273.35851611099207,13792834,6576,64.82909063040823
2025-12-18,279.0736389160156,281.3984393876528,276.8456817278885,278.97676607106365,5853204,16871,73.1218123572187
2025-12-19,282.8998718261719,283.48107934842596,279.31581296824965,280.81723863608374,7073187,10876,52.37941612666362
2025-12-22,284.7887878417969,286.48395919799805,283.0936164855957,283.3357838221959,5388164,17797,60.110181068570874
2025-12-23,283.3357849121094,285.7574582874265,281.93120252984835,285.7574582874265,3676651,17936,65.83667080321307
2025-12-24,281.4468688964844,284.5950442960488,280.81723972886005,284.401328162172,3727361,14058,64.68978031289966
2025-12-26,279.1705322265625,282.6092967636332,278.4924518236317,280.13920162420993,3481149,16223,46.564950363990114
2025-12-29,278.5893249511719,281.0594200930378,278.1534118972219,278.9767867983252,7261978,3377,69.51109406057394
2025-12-30,283.82012939453125,284.59505307683304,276.55510901753814,277.2816110552374,11505161,6860,65.48389605432742
2025-12-31,286.6292419433594,289.34153373901364,282.9483104024358,283.5295178987504,7666538,13844,60.761533307108934
2026-01-01,291.3273010253906,293.4099341728016,286.38708152962926,287.2104563724965,8464712,10860,60.12820872345865
2026-01-02,295.4925842285156,296.3644103246392,291.5694850417342,291.5694850417342,10317519,16116,69.10927233759914
2026-01-05,297.2362060546875,302.0311017631688,295.1051215877334,299.12509361447337,16328380,8747,62.53975483171541
2026-01-06,295.4925842285156,298.7376325822988,292.9256162691745,297.86583604761887,9161270,9532,47.577363237769255
2026-01-07,298.5923156738281,299.8031523148412,294.7176384225862,294.95980575078886,6706773,10864,51.81137226156698
2026-01-08,290.1648864746094,299.6094124583085,289.34154119185075,297.381484820064,8064971,17620,72.32979824594818
2026-01-09,291.2304382324219,295.92849055782153,287.9853899523143,290.1648960202524,10210825,7679,51.32882133093041
2026-01-12,292.7319030761719,294.4754961630863,286.43555200689536,291.61790962245243,5639635,8692,58.93093246862138
2026-01-13,292.3928527832031,294.1848970148927,289.29309900074315,293.6036894855011,5669755,4015,54.249255819569335
2026-01-14,298.0595703125,298.7376211194809,289.97117534147196,293.07089951933295,11134333,3746,67.20015043807769
2026-01-15,298.0595703125,298.0595703125,298.0595703125,298.0595703125,0,5736,72.18131197214036
2026-01-16,298.5923156738281,303.5325350814498,296.5096825635739,298.05955937635895,16690141,3965,73.91324840576078
2026-01-19,297.52679443359375,299.5125844013212,294.57236464640187,298.1080019744272,9436591,5323,46.469613676613676
2026-01-20,292.5865783691406,300.43280636575025,290.7945636410126,297.3330820446133,8244610,9053,47.75941964981127
2026-01-21,289.6805725097656,295.9769236155112,288.0338522651294,291.95695151413173,7777440,15346,54.27575132850253
2026-01-22,295.7347412109375,298.3501602847641,291.7147693141943,292.489722532319,7472657,5449,45.5002455424623
2026-01-23,286.8714294433594,296.84874174096547,285.37000373695156,296.84874174096547,7810191,5475,74.8460827462501
2026-01-27,292.53814697265625,294.0880238622834,286.7261308076366,287.6948001684732,11451625,17776,78.89833722822422
2026-01-28,296.6065673828125,296.9455780068308,291.0367186092663,293.99114830804854,10161294,5506,61.029145301681694
2026-01-29,292.97406005859375,299.56099988880686,291.6663505089571,297.3814938265601,16319863,7714,56.917654549093
2026-01-30,290.01959228515625,294.4754771276659,288.17912646539673,292.92560028312664,11708481,9308,77.80141401338437
2026-02-02,268.9026184082031,270.50091692897746,262.0250600869773,270.25874959063464,16234606,10584,75.64319007598773
2026-02-03,276.4582214355469,285.75745293486824,273.06787877360773,280.91410627495526,15500999,8850,78.6989932515852
2026-02-04,281.73748779296875,283.432659164092,273.4069254283032,277.03943550928153,9434395,14962,51.70596642038729
2026-02-05,281.35003662109375,283.9170045966024,279.9938758236683,282.27025480626804,4970798,14109,67.85357771191417
2026-02-06,280.1391906738281,282.17337268021816,275.7801785548045,280.9625359804894,4988298,17795,62.189826865770414
2026-02-09,281.4953308105469,285.75747021674516,280.8172504125737,282.85146204504946,8780025,8209,45.213050110485604
2026-02-10,281.2531433105469,283.3357764387485,279.1220589794223,281.4953106408364,7522576,13057,58.63859432758393
2026-02-11,282.0765380859375,283.5295421703882,276.84569973276,280.9141229937994,7047693,8825,76.58282365781206
2026-02-12,280.7688293457031,282.8514626274176,278.7830393540895,282.0765389379474,6441099,15976,48.2528322356352
2026-02-13,278.44403076171875,278.97678710696346,275.6833170603506,278.2987067026119,6295039,17950,72.96827139365894
2026-02-16,283.38421630859375,284.2075911968291,275.295850605802,276.9425708208292,6149012,10012,67.38877424364686
2026-02-17,293.7489929199219,295.4441643547442,282.0765385790087,283.38421860814515,17496015,6372,49.920963517368406
2026-02-18,295.5894470214844,297.3814912360094,293.74898116390835,293.74898116390835,7867687,4745,49.33273035052135
2026-02-19,294.9114074707031,296.36441155501643,293.5068250312894,294.08803257730347,7342206,12513,59.94026656007212
2026-02-20,299.36724853515625,300.91712539575593,293.07089780764204,293.99114550777875,14797240,3565,57.06537708870604
2026-02-23,303.5325622558594,305.3730282026827,299.99692485985383,301.2077616092697,10075556,14279,65.9439983042514
2026-02-24,303.2903747558594,304.3559169368413,297.38148589899805,303.14508026787144,12952576,9172,71.68973027772721
2026-02-25,305.9542236328125,306.53543116179355,301.7889276429841,303.19351004123473,9318353,17043,59.44349730199657
2026-02-26,314.2847900390625,315.30188105660324,306.0995220088683,306.0995220088683,20502406,17808,57.460602382666565
2026-02-27,311.86309814453125,314.8175277340744,309.4898464954978,314.8175277340744,14686416,16135,60.92679944206355
2026-03-02,305.3245849609375,310.16793161601936,301.449907636872,302.2248312771083,9823313,14003,66.95851508349446
2026-03-04,289.9227294921875,300.6749653697821,287.4042127891081,300.43279802822116,17339156,15892,46.73657968633195
2026-03-05,292.3928527832031,294.08802416642027,289.09938286524124,291.6178995568667,10288116,12139,57.33496529394253
2026-03-06,286.09649658203125,290.2133412928706,284.74036541310204,289.632133774346,9115653,7893,57.60021929352736
2026-03-09,279.02520751953125,279.80016077271523,268.36984417016413,276.21607218516874,11662512,15870,77.68462900552917
2026-03-10,285.1762390136719,286.87141030654016,281.39843461613935,281.88276927124457,8965568,16774,67.5781887898307
2026-03-11,280.23602294921875,287.88853423996557,279.4610993164189,285.75744990760336,6444909,9276,50.56883555415678
2026-03-12,280.1391906738281,284.1591626046391,274.0850071751842,278.0081062577283,8115474,16966,62.958757524395466
2026-03-13,272.2445068359375,278.49243591851234,271.2274158510729,277.1847263940848,6237801,3440,73.21379152614495
2026-03-16,271.1789855957031,273.6490805156037,263.9623874000071,271.22740723670455,9554841,7314,66.27166890189534
2026-03-17,274.3755798339844,275.05366017006577,268.6119856616155,271.760160893603,5072811,3430,55.71919626528209
2026-03-18,274.2787170410156,277.91122705717277,273.6975095261421,274.4240115293735,5349893,4664,66.8565298281036
2026-03-19,264.05926513671875,271.9054926180383,262.6546827843525,271.2274122628045,6659439,10481,66.38205355530042
2026-03-20,271.1789855957031,274.9083387960547,266.62622800679617,267.20743550602026,9423497,9233,55.760230482882406
2026-03-23,257.5691833496094,266.8199937056975,256.69738681610755,266.5778263596446,9657083,6777,69.55123426687766
2026-03-24,262.0250549316406,265.17323026815757,257.6660429272326,261.9281820859209,9976659,7763,48.04730560448372
2026-03-25,264.1561584472656,268.75733811891126,262.4125357821965,265.31854399586746,13583867,6946,62.98014564116465
2026-03-27,252.14462280273438,261.05639274706283,250.25573528595717,261.05639274706283,19957366,9395,69.44320714714277
2026-03-30,239.84254455566406,247.97936144064658,238.87387517503655,246.62323022005674,15950618,12812,53.567574539153945
2026-04-01,244.1337432861328,248.22152926269226,242.5548074628455,245.07335376960447,11199966,15594,45.70107737187536
2026-04-02,241.74111938476562,243.11662808104438,233.44931215608722,241.1502304930587,14887386,16390,77.4011354697795
2026-04-06,251.62156677246094,252.52242219812146,244.0175062524364,244.6955718600392,22152306,6038,55.237807095775
2026-04-07,250.01356506347656,250.88536156589578,246.83633077899935,249.90699606306214,9211553,12744,75.93050166303858
2026-04-08,267.3333740234375,268.5926323358116,259.61307823213457,259.61307823213457,15760765,3690,69.9531346402992
2026-04-09,265.64788818359375,271.83769987141113,263.7783633265774,267.34305964244624,14149060,12602,70.56601261799076
2026-04-10,267.53680419921875,269.919722648226,265.07637564373084,268.7379447966714,10543042,8981,76.59982037378289
2026-04-13,267.0815124511719,267.70144545878077,258.344125618883,261.5116637285725,12303610,15198,46.01990444057571
2026-04-15,270.3265686035156,274.1334321388243,268.2826608576679,271.0143155800874,13447615,9003,75.79679477922134
2026-04-16,270.63653564453125,273.1163267401009,268.3601568290633,271.6148715564579,7908505,5017,73.03373776278589
2026-04-17,271.65362548828125,273.54254248006146,267.76925206939626,270.25873930758485,6831951,3913,54.46608657108852
2026-04-20,272.2057800292969,277.28159789885814,268.9316729382499,271.71174920744005,12006723,5180,63.01293276066234
2026-04-21,275.1505126953125,276.26450607936454,272.5351232285034,273.26162522952404,7814738,11826,57.90273331888963
2026-04-22,273.9106140136719,276.16763009224377,272.5447867199161,274.3755859311553,7482697,12313,49.04248166959366
2026-04-23,267.6820983886719,272.6707398852657,265.46383718596434,272.1961013390341,8177124,13470,58.91538664386742
2026-04-24,265.54132080078125,268.12765128576956,261.10479883797325,267.5464733530359,7797230,7096,52.55682694482197
2026-04-27,265.40570068359375,268.5151505220122,264.1561385301708,266.56811570599496,6045069,17659,63.21847053283354
2026-04-28,259.4386901855469,263.53617203889917,257.2882431191795,261.54071561063705,12427177,10009,66.8535275915716
2026-04-29,259.8455505371094,263.2940110236837,259.02217568556074,260.76579823497707,5919525,9885,45.289695131061976
2026-04-30,255.20562744140625,257.87916439891745,251.8540396524661,257.5691831015218,12323040,4280,63.437182772252015
2026-05-01,255.20562744140625,255.20562744140625,255.20562744140625,255.20562744140625,0,9872,69.92903706655964
2026-05-04,256.79425048828125,263.0906012606085,255.92245398593982,256.64895599813144,6230309,14406,58.13767579387722
2026-05-05,255.1475067138672,257.47230729475535,253.3554624630881,257.08484545818123,6130906,11383,46.241585706283374
2026-05-06,261.8313293457031,262.8968716075566,254.56630878049,260.2814819409465,17657931,17534,58.098718624306386
2026-05-07,261.8797607421875,263.3811863875065,258.7315854020833,262.7515572317741,10221403,11463,66.07326623675402
2026-05-08,255.6318359375,261.2985575558183,251.1759510085043,261.2985575558183,16922683,4110,73.08310234292125
2026-05-11,257.6660461425781,261.2501345488376,254.13040894050417,257.56917329564953,26039714,6976,64.74742423046237
2026-05-12,251.80560302734375,259.07062296972015,251.0306498299585,255.6802803299445,9935242,4303,48.041392320819156
2026-05-13,253.45233154296875,256.0192994287174,250.0135671475338,252.53211338997204,14028629,14002,66.92381740706995
2026-05-14,259.4096374511719,261.6375946702412,254.4209962620036,255.53496009081715,11352510,17071,47.64974265115695
2026-05-15,253.2101593017578,261.7828888641775,252.58053014369764,259.6033828514323,10676841,15315,71.54559743956132
2026-05-18,251.90245056152344,252.67740377198575,247.30128596776285,251.85402891900054,7299311,15752,63.77715859340013
2026-05-19,252.43524169921875,254.17883472658505,251.56344518553558,252.047779866631,7957982,5775,53.444833965151815
2026-05-20,255.2928009033203,256.0193029315727,248.60898815568675,250.35261076035846,13610643,10700,52.28272925697627
2026-05-21,254.85691833496094,259.02218482059834,254.27571079799117,257.61763196448493,8207070,7310,46.77036617245775
2026-05-22,257.0848388671875,258.58629409240336,254.51787100907055,255.1959513767735,18828819,14482,48.23242974294236
2026-05-25,263.7202453613281,264.44674741466514,258.9253199847263,259.6034003924185,11731542,14005,72.66016950626675
2026-05-26,262.073486328125,265.60915317911787,261.34698430035,264.3498652607753,10164821,11120,73.01547462886668
2026-05-27,262.4609680175781,265.65756499697585,261.34697463370605,262.07347663460934,10007296,16439,73.24675434426344
2026-05-28,262.4609680175781,262.4609680175781,262.4609680175781,262.4609680175781,0,3078,46.24809210325345
2026-05-29,260.08770751953125,265.4153886791492,258.7799980498823,264.01080636703716,17624514,12515,50.84756134885898
2026-06-01,256.0677490234375,263.23589631342816,254.95378518131778,261.9281867763995,12975542,11482,62.23440538644641
2026-06-02,257.4722900390625,258.0050758949077,252.8226891889006,255.2443624569935,12303559,6139,58.78829771269562
2026-06-03,260.4267578125,261.44384879430294,252.62895189338917,255.6318327578467,17903043,7621,58.086899163869
2026-06-04,262.79998779296875,263.6718138735858,258.00509215679057,259.11905601803744,16143314,12113,55.740651475308006
2026-06-05,263.70001220703125,269.3999938964844,262.79998779296875,264.95001220703125,23279313,10307,62.8366259872001
2026-06-08,259.25,266.5,258.0,260.8500061035156,11172071,16603,64.94318702777667
2026-06-09,273.75,274.20001220703125,260.3999938964844,260.3999938964844,32633870,15113,47.51713498950145
2026-06-10,269.29998779296875,275.0,268.5,273.3999938964844,11888452,5140,45.48598583221344
2026-06-11,267.6000061035156,268.6000061035156,262.1000061035156,266.20001220703125,21062711,11563,77.48611385694514
2026-06-12,274.75,276.1000061035156,268.6499938964844,270.04998779296875,27384601,17096,55.082930712453404
2026-06-15,276.04998779296875,282.5,275.3999938964844,278.54998779296875,9344475,6703,64.71347774627051
2026-06-16,275.3500061035156,278.1000061035156,273.1000061035156,278.1000061035156,9933682,17722,62.61379372696338
2026-06-17,281.8500061035156,282.3999938964844,274.0,277.0,11929170,5283,54.85678633828643
2026-06-18,283.0,287.1000061035156,281.75,283.79998779296875,12399938,17022,77.03859336696456
2026-06-19,281.04998779296875,282.5,278.1000061035156,281.95001220703125,4914684,10247,49.08849276128202
2026-06-22,286.04998779296875,286.5,280.3999938964844,282.0,10870558,14790,53.18763623003697
2026-06-23,277.79998779296875,287.20001220703125,276.8999938964844,287.0,9673161,6299,59.51785797870186
2026-06-24,279.8999938964844,282.20001220703125,274.0,274.0,9376653,6362,55.44658660796033
2026-06-25,279.1499938964844,282.3999938964844,278.0,282.3999938964844,10406847,5469,78.748122772128
2026-06-26,279.1499938964844,279.1499938964844,279.1499938964844,279.1499938964844,0,7230,60.069808891646275
2026-06-29,272.79998779296875,279.8999938964844,271.45001220703125,279.5,13102878,17448,55.847350440018744
2026-06-30,272.3999938964844,276.0,271.8999938964844,273.79998779296875,11512561,5590,50.80118783929852
2026-07-01,271.6499938964844,274.1000061035156,270.6000061035156,273.70001220703125,8585773,4660,78.33596034911615
2026-07-02,260.25,273.5,257.70001220703125,273.5,26105222,8537,63.16351029781657
2026-07-03,252.1999969482422,258.25,250.0,258.25,39345727,15007,73.32625263643511
2026-07-06,249.9499969482422,253.5,249.5,252.89999389648438,12248902,12094,58.01486167323357
2026-07-07,247.85000610351562,251.85000610351562,246.35000610351562,251.14999389648438,12317114,12956,69.90677182690388
2026-07-08,240.4499969482422,246.0,239.0,244.9499969482422,17045169,5303,47.88740578997518
2026-07-09,244.60000610351562,246.1999969482422,240.14999389648438,240.64999389648438,10797792,6779,78.68156906127521
2026-07-10,250.9499969482422,254.35000610351562,245.35000610351562,245.5,18239487,10473,47.25888930762364
2026-07-13,250.64999389648438,252.6999969482422,247.0,249.0,18662940,5114,66.75876696557776
2026-07-14,246.60000610351562,251.14999389648438,245.6999969482422,249.8000030517578,9026197,15533,55.84043521915573
2026-07-15,248.14999389648438,250.39999389648438,246.9499969482422,248.0,8127491,14320,76.19912942342339
2026-07-16,248.3000030517578,249.60000610351562,247.0500030517578,249.1999969482422,5277402,8059,78.31023202478303
2026-07-17,246.8000030517578,249.0,245.60000610351562,249.0,6785854,11990,65.4055152861711
2026-07-20,254.85000610351562,256.1499938964844,246.0500030517578,247.5,15040259,17393,57.17903408648996
2026-07-21,247.6999969482422,257.0,247.3000030517578,254.85000610351562,13458334,5834,67.21012805605721
2026-07-22,245.75,247.9499969482422,244.39999389648438,247.9499969482422,8257873,12829,75.4720129183256
2026-07-23,243.14999389648438,246.0,242.25,245.0,6041550,11458,47.77854262809442
2026-07-24,246.4499969482422,247.10000610351562,239.25,242.0,8475748,13574,49.593423835697706
2026-07-27,244.0,247.6999969482422,241.89999389648438,243.5,14707217,16546,64.04260162867641
2026-07-28,239.1999969482422,244.6999969482422,238.4499969482422,242.8000030517578,8526492,16216,59.34033913439854
2026-07-29,243.35000610351562,244.89999389648438,239.35000610351562,239.89999389648438,10011406,11586,64.92968712734323
2026-07-30,241.64999389648438,243.0,240.10000610351562,243.0,9423237,14978,63.91135155669867
2026-07-31,242.60000610351562,244.5,242.10000610351562,243.0,7775343,8901,60.42348343529295
2026-08-03,247.25,248.47999572753906,244.0,244.0500030517578,8511143,4057,75.88050849823847
2026-08-04,245.0,249.14999389648438,245.0,247.19000244140625,4143561,8055,71.11940493323615
2026-08-05,245.60000610351562,249.83999633789062,245.60000610351562,247.5,9244171,11934,77.10380509991984
2026-08-06,251.0,251.0,245.60000610351562,246.11000061035156,9633422,9582,46.75388709299738
2026-08-07,250.6999969482422,251.25,248.02000427246094,249.99000549316406,7479873,15988,59.08575047969843
2026-08-10,247.80999755859375,250.97999572753906,246.1699981689453,250.11000061035156,6887816,10289,66.95868853171818
