Date,Open,High,Low,Close,Volume,No_of_Trades,Delivery_Pct
2021-08-13,284.72906494140625,294.0550717826039,280.39911037532204,294.0550717826039,331589,14072,47.4513858509769
2021-08-16,291.5332336425781,294.4833063883389,284.25323555687714,293.0082554946685,299100,16450,52.716232102201076
2021-08-17,299.669677734375,304.5230191605621,296.00587935178385,300.2406642036167,638876,7568,78.67511162609618
2021-08-18,295.7679748535156,303.4762196914587,291.48561983705594,295.00667891166535,393826,15771,78.66555977805018
2021-08-20,295.625244140625,301.3826501449742,289.10654217216023,290.72433239788006,371159,17037,56.747899281603566
2021-08-23,281.3507385253906,300.1455201949009,280.87492126793467,299.76487219725226,241195,7599,69.40895922430775
2021-08-24,295.3873596191406,295.3873596191406,271.2158477668339,281.4934893287338,449955,7300,73.24834238777207
2021-08-25,300.8116760253906,308.8054001437541,295.3873476727972,299.52696362171525,683834,11653,70.42535608375321
2021-08-26,302.57220458984375,311.9457812961488,300.71650567553024,303.38107069146605,375914,6796,77.05086276541321
2021-08-27,296.6244812011719,304.237557096829,292.7227739963317,304.237557096829,244764,11280,48.95734354995547
2021-08-30,301.1447448730469,305.23676154841235,300.2406804942295,300.716497737485,178549,15564,72.48270349511918
2021-08-31,299.7648620605469,306.71178216785785,291.29532097254895,303.9996471253357,259008,11695,77.30692795188986
2021-09-01,296.6720886230469,302.334326149246,295.48254536473473,299.76490109465846,322763,3376,73.83556731882628
2021-09-02,294.7687683105469,300.4310048551775,291.2001391542449,297.86158024600866,306112,3887,74.27217928271266
2021-09-03,298.1946716308594,299.19387622330254,293.5792385711015,295.67284605436686,268717,4288,45.05619648893128
2021-09-06,289.9154357910156,299.76485837449343,289.2968791931619,298.81322390346327,346550,5677,78.90843179181144
2021-09-07,286.1089172363281,292.7227888734505,284.53872606136264,289.7727160056352,273922,17781,49.41179321083807
2021-09-08,285.728271484375,289.4396403930914,283.58709376301,286.10891949319023,217034,17270,71.54239882099122
2021-09-09,286.3944396972656,290.0106395001587,284.8242194002578,285.7758539843436,185036,4469,49.43077173407815
2021-09-13,282.15960693359375,286.53713109568514,278.1627307330803,285.53789752476786,419670,10051,46.74035243279294
2021-09-14,287.9170227050781,290.81952551981806,281.3031799795202,284.2532529053289,359346,4029,59.266324869859474
2021-09-15,290.0106506347656,295.76802847289935,288.58319870383156,290.2485592899213,349519,11321,64.60212148952205
2021-09-16,287.2984313964844,297.4809315129215,285.9661489898722,292.6275900645115,372836,9466,68.69017212688834
2021-09-17,287.5363464355469,290.1533412019564,279.3998834147963,287.3936070747858,430111,3947,78.09425243386738
2021-09-20,279.352294921875,289.15414766396367,277.591794336041,284.63388380411726,275895,16183,77.25261329774412
2021-09-21,278.1627502441406,282.0168873595988,272.64328181016543,278.495828124476,243813,15699,58.49512321284229
2021-09-22,285.58551025390625,289.2968788785721,279.06680832612255,279.06680832612255,254155,10347,76.80378766187339
2021-09-23,281.160400390625,289.1541236928241,278.7337151999864,287.8694114203187,248548,14777,54.72858561709091
2021-09-24,286.06134033203125,295.19703746246205,283.4443454220505,286.8702354761596,649321,12258,77.85528877246378
2021-09-27,282.01690673828125,290.0582013189275,280.58945490296844,288.3452707331849,269272,5027,57.1143472217667
2021-09-28,275.3554382324219,283.5870705456492,274.5465431289255,283.3967320360339,397090,6418,49.71475203222145
2021-09-29,272.21502685546875,279.01923650745437,271.21582228473557,273.1190912130495,460675,12746,61.24923334799385
2021-09-30,279.2571716308594,283.58709723714276,272.02474320844135,273.02394787402005,506663,14833,73.70217645760287
2021-10-01,289.0589904785156,290.7719210276817,277.8772846739969,279.78055374710647,618080,5998,68.18526661431648
2021-10-04,303.4762268066406,303.4762268066406,293.1034168874462,293.1509869943352,1082602,9134,76.65678986971879
2021-10-05,298.95599365234375,309.09089599063253,297.19546389367804,303.4762578491865,779669,9424,69.23434374676191
2021-10-06,289.58233642578125,302.61973932792324,286.96534182467497,300.62130127876304,531842,14246,56.028478062504426
2021-10-07,294.9591064453125,299.3366016382861,291.20013878876085,297.86157987216393,631738,14830,56.81970627060629
2021-10-08,303.4762268066406,312.94500140388953,289.82026634788696,296.33896827853727,1336761,6941,72.04300266587626
2021-10-11,301.0971374511719,308.99572089714883,298.8132205546117,304.4278580624494,595343,12710,76.28157985587133
2021-10-12,310.994140625,313.0877481257556,302.61976870513763,303.4762339403267,1486133,4292,60.48570491343169
2021-10-13,313.23046875,321.22419220278067,308.3295572137149,312.9925601410388,1060734,11226,47.6807740613922
2021-10-14,309.8521728515625,318.7023613378251,307.61582615703185,315.8474580788271,396139,8405,57.99437406264959
2021-10-18,315.18133544921875,321.65243796924693,309.32876046000695,311.8506149377029,886921,5114,66.27806596305274
2021-10-19,302.57220458984375,317.7031875164673,296.90996762900454,316.0378271211123,470583,15795,74.55711838932012
2021-10-20,292.960693359375,309.2336494913004,287.39362559824514,303.57141246966955,529017,12578,54.503979556861324
2021-10-21,287.86944580078125,298.5753342809756,286.3468247419485,293.10343572443185,386484,17048,56.155755497371594
2021-10-22,279.8757019042969,291.057406865629,277.8772637199132,289.29687729744387,356315,9927,47.757253121205345
2021-10-25,285.63311767578125,289.01143791055466,267.55206038376775,281.6838399176844,566003,15032,62.06019350898676
2021-10-26,297.8616027832031,299.28905455372967,284.8241983290952,285.4903541053065,588906,7378,62.77044432927081
2021-10-27,289.344482421875,298.7180888428516,287.48881241589186,297.8616235291992,237220,6923,51.612458804700175
2021-10-28,281.588623046875,289.10652926274327,280.73215786509377,289.10652926274327,252834,5663,58.13878158733632
2021-10-29,280.3990783691406,286.0137156853694,276.3546320506129,280.63698697611284,211906,14995,76.0091800750348
2021-11-01,282.3975524902344,284.4435609628077,279.0668315678559,282.34998237940454,147635,17664,65.11466774897053
2021-11-02,288.1549072265625,290.67676181694117,285.2524336963259,285.39517305916746,237279,16111,66.02575636267338
2021-11-03,288.1549072265625,292.5324316170405,284.5387078405386,288.1549072265625,226503,11981,77.06065645012127
2021-11-04,289.2492980957031,289.96302392185646,288.7258817315771,289.96302392185646,30711,12141,62.524261292681345
2021-11-08,298.5753173828125,300.71649495766934,285.77582204092545,292.10421455098816,600590,12435,70.91286617189276
2021-11-09,298.71807861328125,301.7633207815199,297.05271815537174,299.66971316065815,242329,6769,74.22051332737222
2021-11-10,312.6119384765625,319.17821082802806,296.6244902259003,297.8616034799515,1664849,4620,51.379348107111646
2021-11-11,296.6720886230469,307.853795251181,293.1510289618096,307.853795251181,1087906,12103,68.50834394504977
2021-11-12,293.53167724609375,299.1938851753205,291.20016107186,297.8616026650071,244481,7399,70.3790392985418
2021-11-15,289.58233642578125,295.0066641247051,287.7266667699431,294.81632562799376,268464,7502,53.93421844517859
2021-11-16,289.2492980957031,294.43568834080367,288.3452337659443,292.05660225362595,174440,7308,55.43545301596817
2021-11-17,287.2508850097656,292.1042268589212,284.53872082568626,291.58081044917634,253752,8260,51.868040927839644
2021-11-18,282.8733825683594,290.1533813913227,277.16357501441433,289.2969160665475,338680,8159,49.03932580710598
2021-11-22,274.73687744140625,284.4911305578037,266.4576461064667,283.5394961074234,310666,17178,62.821345537645364
2021-11-23,278.3055114746094,281.1604148754435,268.9794762736038,273.1190920131291,176099,12867,53.295806216553046
2021-11-24,287.5363464355469,298.81322060093623,282.68300487861717,283.4918999783686,1110824,16732,75.34841947141503
2021-11-25,285.15728759765625,290.2485382573724,281.16043990561855,290.2485382573724,224100,15002,46.887888766640884
2021-11-26,274.73687744140625,284.91934863552757,272.1674528087481,279.3047111865999,432366,6367,53.27033672714237
2021-11-29,260.7002868652344,276.9256437209097,239.05058713945886,275.97400920640484,378417,8605,73.04213342270809
2021-11-30,264.2689208984375,270.6448548317463,260.7478615167972,260.7478615167972,178774,15963,76.30471170007696
2021-12-01,271.16827392578125,273.11911311712817,266.1721925882728,271.2158440361726,159893,8830,50.87571022048232
2021-12-02,275.4981689453125,277.87725503292313,270.6924266649703,273.07151275258093,150946,13490,50.240185528787705
2021-12-03,274.78448486328125,280.20881358370895,273.9755896622936,276.64018391015986,155150,13027,78.36501481479726
2021-12-06,266.12457275390625,277.782094968772,264.55438169246463,277.782094968772,192067,9454,57.78573284721767
2021-12-07,272.0247497558594,275.0223928663281,267.409316247191,268.31338071234654,185830,13797,76.89052035828365
2021-12-08,278.1627502441406,280.2563577420374,273.499747044185,273.499747044185,181700,3512,48.62821917523662
2021-12-09,288.6307067871094,295.4824861996749,277.7345101476879,278.1627282099872,576719,16164,75.68528189878761
2021-12-10,286.06134033203125,290.77191374504827,284.0629020470025,289.1065533477878,207873,14018,69.09536782484366
2021-12-13,287.0129699707031,294.6736160513762,283.68224923274437,285.4903489678917,277211,7039,76.19548027550617
2021-12-14,287.7742614746094,291.6283985506678,281.6838065996888,281.6838065996888,344842,4355,72.02459522671347
2021-12-15,287.8218688964844,292.7703509189001,284.966965369159,286.91780449619915,238277,16666,67.21668442435117
2021-12-16,293.1985778808594,294.6735996518049,280.3039137451594,288.7258843793174,451731,6318,52.42570993914815
2021-12-17,283.5395202636719,296.43415654825566,282.2072086863698,294.48331737540525,246458,13092,54.04655661992433
2021-12-20,270.1690368652344,281.68382046978155,265.9818507476484,280.827355202345,238967,9694,63.476721124731
2021-12-21,275.6885070800781,276.8780501222918,270.3593484426451,270.3593484426451,184211,7833,52.7768042109596
2021-12-22,278.6861877441406,281.54109143479275,276.9256579932554,277.6869540274631,116877,13125,47.883999603673246
2021-12-23,278.87646484375,284.0628842293939,277.6393516714428,280.16117716365596,160367,7474,61.43317355557929
2021-12-24,275.4981689453125,282.8257657117846,274.0707172927461,280.35151037235386,129897,8959,71.98293273938563
2021-12-27,279.92327880859375,282.1596256634837,271.21582905258975,275.498184248157,120747,17270,46.969689934160016
2021-12-28,287.583984375,290.24854960722,280.30395653683127,282.2548248689771,461305,4445,77.62508457328482
2021-12-29,296.8147888183594,301.0019747264826,288.5831563659483,288.5831563659483,1324112,3086,50.35555731393046
2021-12-30,292.7227783203125,299.6696985610848,291.05741794353753,294.9591252060122,316411,15355,68.52278576125809
2021-12-31,292.53240966796875,297.3381808279679,290.4864015098756,293.67438256817655,184889,14272,69.70219412524474
2022-01-03,292.437255859375,295.3873284726879,291.62838980739684,292.53242511301323,227429,13354,53.34001644974198
2022-01-04,329.21795654296875,334.9753334703588,293.43649465941,294.05505125665024,5997409,14723,47.16117299374481
2022-01-05,317.3700866699219,330.69296886895904,315.4668177843451,326.4106138764114,1427398,13611,54.59957354002126
2022-01-06,318.9402770996094,333.0244842516556,309.4715318364053,309.4715318364053,1693154,13061,55.31565155809343
2022-01-07,315.56201171875,322.2710234485247,302.9528543655737,320.32018430485425,731717,12457,77.9828401157687
2022-01-10,323.603271484375,328.2187042094377,319.225776404846,319.225776404846,961211,3507,56.01482383580884
2022-01-11,318.2741394042969,327.36223638498154,315.942623487831,325.173488862992,660543,17509,45.63677331661452
2022-01-12,326.1251525878906,332.1204382812059,318.6072168548515,319.8919292295848,928916,8074,62.76832085188999
2022-01-13,335.3559875488281,341.96985885283846,323.55572571347614,327.3622636630464,2287417,6222,46.58142309258776
2022-01-14,348.5361633300781,355.38794389135705,338.4964301736536,338.7819089297142,2195634,7655,75.77245423548575
2022-01-17,359.95574951171875,365.4276478849967,342.6359900005374,349.7256786399383,2150245,8257,54.41328358926286
2022-01-18,359.5751037597656,375.8956297229657,356.1016436225404,363.52438114980475,2345168,6228,74.33702439855789
2022-01-19,373.8971862792969,378.4650492680538,356.3871174263452,359.62266889239385,1180308,12833,70.97554779931626
2022-01-20,380.93927001953125,385.8877809229681,374.3729979280482,377.79888785799835,1562587,14004,65.13115686759618
2022-01-21,366.4268493652344,384.2224259743632,361.62110679940065,380.653796630948,1288626,11327,78.08577800399289
2022-01-24,338.11572265625,366.9978352340058,332.69142348858486,361.906584904553,1017695,9744,59.77315779171317
2022-01-25,342.8739013671875,349.96359006327975,323.55573248542515,331.26397780295287,664813,5387,68.48885382259107
2022-01-27,350.8676452636719,361.52593404118363,332.0728642370132,332.1204343444995,877969,15651,66.72279365935023
2022-01-28,358.4331359863281,366.28412077275004,352.1047722395284,354.2935200178986,706904,9104,64.96215819236228
2022-01-31,359.0992736816406,365.14215838487,351.9620151443412,360.66946475153065,527354,5391,59.82427473545174
2022-02-01,360.19366455078125,363.52438535904474,344.6820335460721,362.5727508423981,641695,5368,67.3885210846675
2022-02-02,356.3871154785156,365.14216437793084,354.2935079899138,362.57273964569947,565192,11077,50.67329575066776
2022-02-03,374.18267822265625,378.65534272306076,351.15311286272413,357.8145540281417,2062634,14002,59.23614357176677
2022-02-04,388.45721435546875,391.45485722090905,367.66399473077945,375.8004580857717,1966527,4624,56.716436748697575
2022-02-07,398.35418701171875,410.72543487517845,389.6943076989812,389.7418778049015,2191708,14917,78.9421700773974
2022-02-08,383.93695068359375,404.0164154025241,372.5649067907188,400.82846306043984,1008644,7951,49.76099530095206
2022-02-09,396.3081970214844,398.3542053772227,376.0383648549747,385.9353577937122,857515,8799,75.11062775224201
2022-02-10,391.0265808105469,398.4969168815981,386.45874717098303,397.8307611651051,534470,10196,45.388889568473
2022-02-11,392.9299011230469,404.92050229909194,382.7949989419735,386.3636285157023,1140097,11563,72.37185795889097
2022-02-14,362.7630920410156,387.1725117649278,358.81378553450537,385.31681282713186,780635,8302,52.13210574806504
2022-02-15,378.0843811035156,382.55707493959085,352.43784835527504,363.5243846440888,671872,16575,68.02815412722012
2022-02-16,378.8457336425781,389.0282062649196,376.51421729549054,377.32311250008723,465581,11254,60.91486948399539
2022-02-17,380.79656982421875,388.2669070550403,379.0836392038442,381.60546502223326,429047,14974,65.37714534308284
2022-02-18,373.5641174316406,386.2684440214991,371.3277995535475,376.847268126649,384715,17209,75.16190121565239
2022-02-21,353.62738037109375,370.85197035483026,347.53692547649854,366.379276659498,400965,9186,63.31969821569406
2022-02-22,346.2046203613281,351.9144273758079,335.0705141080406,342.5884208687897,625076,5863,57.08211301128745
2022-02-23,368.6156311035156,371.1374567319681,350.8676534040081,352.00959738438905,714269,11011,48.47737423235427
2022-02-24,329.7413635253906,360.66948564537677,325.459008154931,347.3466022706135,982546,17987,73.92638785676262
2022-02-25,352.1047668457031,354.9596703606683,340.39967405097815,340.39967405097815,618452,3218,49.15885568227708
2022-02-28,356.14923095703125,361.38322099113594,340.35209159123536,342.5884385959419,550704,16200,60.27913713077087
2022-03-02,366.6171875,371.137451330305,352.7709172785398,355.95886958875417,861511,15486,77.70027340013027
2022-03-03,384.0321044921875,394.54768351545727,370.1858336422524,370.85198943253425,2128088,13906,73.03014803447381
2022-03-04,377.4658203125,389.07577288129136,373.99236018021105,380.6538017101385,841495,3214,67.67395451491836
2022-03-07,389.36126708984375,394.6428562234198,371.4705493150908,377.0376171946627,1126357,13159,64.85910140284176
2022-03-08,388.9805908203125,413.485178498901,386.41116612670254,395.8799407492355,2106223,4251,77.57005244800604
2022-03-09,401.78009033203125,412.4383791164924,390.9314339927619,392.0734069889733,1899667,16486,71.26811566212548
2022-03-10,402.5413818359375,416.81589892231824,399.73404852565085,408.63183665114406,1193703,8124,64.536305958747
2022-03-11,429.2823181152344,435.6582516822094,402.54138351989917,403.4930179963055,2665306,7919,68.71431833433262
2022-03-14,512.8834228515625,515.1197406822229,427.3790576417092,430.5194398595243,10954584,9132,47.5742405377758
2022-03-15,501.0355224609375,539.5767164963943,482.573820509059,520.4488878750224,7582654,8476,56.166524434553715
2022-03-16,507.26873779296875,514.8342433741559,491.4240588680397,509.50511362609694,1187692,13221,50.90543091906929
2022-03-17,497.5620422363281,512.7406231256762,493.4224556679407,511.02769275541783,553125,8930,71.74158937217143
2022-03-21,507.0308532714844,522.0666668523602,504.36628827083666,506.221987174503,1237179,6311,45.810468490185116
2022-03-22,507.9825134277344,514.8342938347745,495.80160275030966,511.59871311715,502111,14068,56.236098970538585
2022-03-23,507.7922058105469,515.7859597858828,504.3663444400699,507.3163885044713,319302,12388,72.38343130266946
2022-03-24,519.1641845703125,535.7702180428004,509.21959252997317,510.0760868045133,1178608,12798,72.39033061913528
2022-03-25,499.7508544921875,524.3030116777654,494.61200523055516,522.8279898973649,780994,5930,48.69126980484485
2022-03-28,514.0729370117188,526.2538462485808,499.60808188156403,504.17591558499265,586703,4753,59.235845773618685
2022-03-29,507.4591064453125,519.116629284422,504.366294263508,514.8342739557695,273310,10754,77.33854999776949
2022-03-30,512.6564331054688,534.9374377208493,504.5717126384993,510.20210310161787,742627,8702,62.40469020362225
2022-03-31,514.6294555664062,524.5428219199191,505.2935440512983,512.0307913053156,434638,15735,62.05283418167792
2022-04-01,518.0942993164062,532.0019142509893,512.030788569021,512.030788569021,457955,14223,58.606142294267016
2022-04-04,539.7978515625,552.3098821870556,520.6929667603515,520.6929667603515,1491354,5848,50.463977807004945
2022-04-05,536.0924072265625,559.1915414697178,533.2050154461681,541.1453428422527,898842,14655,52.114608463521684
2022-04-06,545.1876831054688,562.5601445987417,532.3869250969589,535.1299236901632,1307019,13545,46.56664291875562
2022-04-07,535.7555541992188,556.304134995966,529.3551457574072,548.8931512065354,680136,14131,65.07076604358977
2022-04-08,528.4888916015625,542.059667519867,522.617885446866,540.7121945938056,401971,3018,71.8137749429163
2022-04-11,532.1463012695312,538.9797713008711,527.3820933279559,528.3926686503183,315646,7010,49.97079838868446
2022-04-12,519.0086669921875,530.0770020323547,508.1809479311544,527.7189536880137,477907,17609,62.005651030958944
2022-04-13,517.7574462890625,526.4677324909547,512.9932384235447,521.6554131811654,307634,6712,65.05610487093313
2022-04-18,520.2117309570312,533.1087705413161,508.7583872033395,512.993251804066,406359,6988,72.75120256757323
2022-04-19,519.3455200195312,547.834487971923,512.367656434469,525.5053127508962,610994,12594,70.59561982789455
2022-04-20,517.6611938476562,532.7237776343392,512.8007628195124,521.1742106395568,275530,3434,47.1358275512473
2022-04-21,542.5408935546875,553.4167235025192,521.6554158928094,521.6554158928094,968118,7129,53.380001416599455
2022-04-22,548.315673828125,557.0740714730413,530.31758786325,530.31758786325,1019092,6832,53.087719818861814
2022-04-25,527.7189331054688,556.9778585246441,515.2550141236253,547.4494426249162,845414,14625,50.004942136976894
2022-04-26,526.2271728515625,541.7709893836079,521.7035804673395,533.2050365976509,387317,3842,67.08383379340606
2022-04-27,499.7593688964844,528.3926692810205,496.92008870616587,522.2328769611477,535457,13391,76.4990090895965
2022-04-28,500.91436767578125,508.85469515468867,492.87775855670805,503.0799115336651,456261,11056,54.82344008446516
2022-04-29,502.4061279296875,516.8430856288164,498.65249543026147,507.3146700497388,343984,10071,57.55207314681883
2022-05-02,499.614990234375,504.23486397966127,487.0067365602132,497.83445550547486,453873,11844,47.69941929872335
2022-05-04,475.98651123046875,508.6140610227301,466.7949927104608,500.57745219040936,484641,11857,67.51454192849027
2022-05-05,500.91436767578125,506.59286965663904,479.4995450811521,479.4995450811521,599918,15490,68.36571431100424
2022-05-06,475.6977844238281,492.7815187152251,472.762281266246,492.7815187152251,347713,5534,75.62707337623287
2022-05-09,443.16650390625,470.6929472903479,438.979780166955,470.6929472903479,558162,10028,67.17513439176176
2022-05-10,396.4388732910156,450.96244718043215,391.7228060702346,441.7709287131147,1034224,10854,59.50839151634817
2022-05-11,357.79595947265625,406.15977107588685,338.40231751015244,395.66892030402744,1692828,13040,55.946054318609015
2022-05-12,346.67950439453125,363.3782293627383,332.5312734844278,353.12799482439,1484059,3450,49.128811308733766
2022-05-13,291.6746826171875,307.0259940694893,291.6746826171875,307.0259940694893,171233,7694,54.67808051531172
2022-05-16,277.0933532714844,277.0933532714844,277.0933532714844,277.0933532714844,64006,12660,76.13826506860424
2022-05-17,290.90472412109375,290.90472412109375,263.2819974598582,263.2819974598582,456491,9342,75.62273049689713
2022-05-18,289.46099853515625,296.4388613427369,276.3714844975574,283.92683148086815,720600,10238,47.012283172905015
2022-05-19,275.0240478515625,281.5206789031742,275.0240478515625,275.0240478515625,150630,16687,69.21074973098251
2022-05-20,268.9605407714844,277.1895951280209,264.7738170539916,274.30220351210403,179795,6367,67.32566507348281
2022-05-23,255.53416442871094,274.1097058756435,255.53416442871094,273.9172307196531,140549,15178,53.97581400854158
2022-05-24,242.78150939941406,250.3368565970598,242.78150939941406,250.3368565970598,73424,14225,73.75683217089005
2022-05-25,230.6544647216797,237.96919613972048,230.6544647216797,231.6169286089991,44244,11783,50.20741481617312
2022-05-26,236.57362365722656,240.3272268992009,219.1530216272707,219.1530216272707,284124,14794,62.85578921102268
2022-05-27,233.30125427246094,247.59384972270425,227.23774317093645,242.54091401407763,446854,10672,57.393697172327975
2022-05-30,222.8585205078125,230.99133758128,216.55437898245,230.99133758128,535209,12694,73.76964961459261
2022-05-31,238.73916625976562,256.20789433888984,220.01924689653376,222.0404122150383,2626527,8738,75.47254750995133
2022-06-01,263.9557189941406,271.41481406143174,240.6159699126168,241.14532798363123,2477674,7999,55.88228897304098
2022-06-02,268.8642883300781,274.30220332867185,265.6400284867138,266.21751268392427,1404689,10296,66.00253961274846
2022-06-03,254.7642059326172,273.0510200221223,253.03175329037109,269.63425555584286,794307,10914,54.53613848598237
2022-06-06,261.6458435058594,267.94997093851356,247.35324727342817,255.9191709738527,988641,9709,54.022058729517646
2022-06-07,254.86044311523438,266.1693945678504,252.8392923107198,258.1328440544975,403450,12059,64.8907593005906
2022-06-08,249.27813720703125,262.65637885067883,247.35320950659084,254.95666804891727,407520,16880,63.82557930132246
2022-06-09,252.16552734375,253.94609133108654,244.4658165851622,245.42828042998568,311131,17499,52.44533147123765
2022-06-10,250.5774688720703,259.67273461863255,243.93645950472242,243.93645950472242,643790,3006,55.358473531426554
2022-06-13,238.83541870117188,249.27815823121762,236.766127123087,249.27815823121762,333483,9981,77.13795729210248
2022-06-14,237.2954864501953,244.32147612293173,236.09240652972792,238.8835460707986,397853,4880,47.094350036970106
2022-06-15,240.08660888671875,243.50335855463268,236.76611147999859,239.6535030834132,368583,10140,45.395145970363785
2022-06-16,224.783447265625,244.61019483664413,221.36669747607021,241.57843941953752,513262,9615,50.17615250658009
2022-06-17,216.07315063476562,226.17902182258317,213.9076068088047,226.08276955590463,522846,8518,55.81063488430871
2022-06-20,197.3050994873047,218.04619946817687,190.85659429492634,217.5168413860042,602454,16936,64.37674822017394
2022-06-21,214.29258728027344,217.5168473072503,198.31569491799848,201.10683442938588,593604,7775,51.23558118807156
2022-06-22,206.4966278076172,214.58131850235534,204.66793762916532,211.74205300158619,287956,6649,47.772048717271176
2022-06-23,205.29356384277344,210.97209528360975,201.78056160731163,208.51780926947274,208450,7687,76.28889973669835
2022-06-24,214.48509216308594,219.2492856680103,205.197306449129,208.0846982322388,454155,6956,54.20983939791912
2022-06-27,216.69873046875,220.88545410062602,210.73145752175665,216.55436676531963,287912,16227,78.74751515308628
2022-06-28,217.03561401367188,219.8748796411672,213.2820105991572,213.7632425592762,199781,16505,64.65915370568493
2022-06-29,209.28778076171875,216.4581341756593,207.50723128479936,215.59192250429678,394155,11011,75.14478645863446
2022-06-30,205.10105895996094,211.50143789558464,204.42732249428826,209.28776803159823,131554,5322,64.19510649366721
2022-07-01,204.47544860839844,206.73724460346213,198.74879145289458,204.9085544176993,131086,17553,72.9413177487257
2022-07-04,208.1328125,210.49084605123267,203.65736136574276,206.4966268533916,121875,9162,68.85246748678767
2022-07-05,210.2021026611328,218.47929779106667,208.13281122166592,208.85465912185668,291344,17900,56.056152438077675
2022-07-06,205.96726989746094,212.31953736684267,201.73243470856195,210.77958928758852,192238,5955,73.4344992737602
2022-07-07,207.65158081054688,210.4908463015725,204.52357322012148,210.4908463015725,228280,3854,45.807260292647626
2022-07-08,217.27621459960938,220.3560959889532,208.18093413497184,208.18093413497184,655737,15399,67.4182826575323
2022-07-11,219.1530303955078,225.0721922813319,214.2444732431543,216.55438076355196,457593,9659,72.72356944598158
2022-07-12,217.90182495117188,226.41963649169156,215.64004355766798,217.51684525875578,536130,10856,46.33142789807896
2022-07-13,212.8970184326172,223.0510158338911,211.83831692097,221.07796183968546,302561,4961,52.415978041014355
2022-07-14,207.45909118652344,214.1963383112983,206.2078852118586,213.66698024285932,245954,14115,73.1350928194262
2022-07-15,210.8758544921875,211.74206616116038,203.6092488299045,208.37344238132374,301735,10380,67.30602722598064
2022-07-18,210.73146057128906,213.4263623339069,209.8171228355883,212.70451443424318,188209,6910,75.65032013233349
2022-07-19,211.4051971435547,214.62945719556996,208.32531549320177,210.68334919334538,209916,11941,63.51519210994364
2022-07-20,221.41482543945312,226.17901885689153,212.51203427168187,212.51203427168187,793195,16850,73.35709522741703
2022-07-21,232.050048828125,239.1722757113121,224.25408547579764,224.25408547579764,1135257,10001,48.52951917722353
2022-07-22,228.15206909179688,237.72858190332744,227.14147906552742,234.84119022029108,345929,3644,52.36839781535294
2022-07-25,221.36669921875,228.10394658627717,217.75745955757472,227.9114567415546,288225,10892,75.856283946806
2022-07-26,215.35130310058594,224.5428365164993,213.66699123276013,219.53802704645227,254973,13751,53.14665282397742
2022-07-27,213.3301239013672,215.3031778922187,210.68334809769743,215.15881417734127,220700,4749,62.75143359655304
2022-07-28,219.73049926757812,225.21654025977637,215.59190178713635,216.55436563440037,508070,14094,61.18967358244284
2022-07-29,216.84312438964844,224.2540936458895,211.98267865024533,222.3291658034355,567953,4728,67.2128381042118
2022-08-01,221.55918884277344,223.24350068297744,217.22810125367738,219.44177118086657,309781,9050,46.325611394514546
2022-08-02,224.783447265625,229.06640869262918,219.92300162296542,221.36669747607021,396699,10970,50.82876043259534
2022-08-03,222.8585205078125,227.09335582238916,219.441770702216,226.61212386909483,209451,7526,65.82606321826125
2022-08-04,217.949951171875,225.40904653219906,215.1106855525713,224.68719859410317,248661,11236,70.06753125127258
2022-08-05,219.34552001953125,225.69778772325603,217.03561250146797,217.9499502821166,326486,10737,75.72532848414912
2022-08-08,219.1530303955078,221.07795822451718,215.5919168490473,220.40423642157066,181527,14881,49.03630183627087
2022-08-10,212.9451446533203,220.21175026683252,212.22329670534296,220.21175026683252,243612,9466,78.8642296629619
2022-08-11,215.39942932128906,217.51684701877835,214.6294552441928,216.5543830939165,156629,11866,70.11859983688035
2022-08-12,213.9557342529297,217.13186815433752,213.4263761550227,217.0356158870693,146721,5560,76.04649655301934
2022-08-16,222.04042053222656,224.44658030107607,213.666987473837,217.03561115022632,561997,9149,60.34620534235284
2022-08-17,220.1636199951172,223.7728596671683,218.47930814816002,221.3666998858009,201661,8127,48.627447485916726
2022-08-18,217.949951171875,219.7305152935917,216.55438142876307,218.47930926368542,182014,13554,71.81030336438369
2022-08-19,218.62367248535156,223.29162834895666,217.37248114429227,218.57556103841378,225350,9839,49.08452188972266
2022-08-22,214.34071350097656,219.73051736395698,213.6669916896125,219.73051736395698,145457,3368,74.23379756884066
2022-08-23,217.46871948242188,219.3455211865883,212.99326813509933,214.0519696339972,279349,7702,69.28447291196984
2022-08-24,217.7574462890625,220.69296397182327,217.27621436356182,218.23867821456318,126683,13398,77.33916442480171
2022-08-25,220.83734130859375,225.60153472796452,218.5755599307277,219.44177157569194,382510,13732,70.29835512143154
2022-08-26,221.60731506347656,224.1578385480998,220.16361919987085,222.13667315067207,128522,9096,76.3606300159386
2022-08-29,218.76803588867188,220.16360553298588,213.85946438270364,216.5543660980189,117340,10035,70.69333748637662
2022-08-30,223.38787841796875,225.60153365255485,220.40423443547675,222.13667240318068,293223,6747,56.07339557846049
2022-09-01,224.0134735107422,229.01828287109015,221.3185716440829,221.36669777645844,297884,4988,71.27866211943035
2022-09-02,223.2916259765625,228.68142971937579,222.1847983601439,224.3022160140942,256772,3400,65.6237788017811
2022-09-05,226.2752685546875,227.7670758494779,223.82098267475556,225.4571683660323,140030,13346,63.69049641033424
2022-09-06,234.26370239257812,237.7285782331425,226.37150151799625,226.37150151799625,810184,4862,58.94361381737662
2022-09-07,230.79885864257812,239.17229208834343,229.83639469051235,233.30125610632845,387448,9069,49.40858198380569
2022-09-08,230.51010131835938,236.23675851828938,228.48892127789773,231.95379715125097,323725,8866,67.15585785968706
2022-09-09,226.13088989257812,233.39749525951405,225.21655212670635,230.51010356558191,235800,10910,55.586542486872624
2022-09-12,226.17901611328125,229.74012959998575,223.82098249951972,227.91145406752585,197910,12945,51.08469207651573
2022-09-13,224.20596313476562,227.95958116587795,223.86910958053397,227.62271292561263,208253,3194,52.57842304342226
2022-09-14,221.0779571533203,223.29162708316184,218.96053948887638,222.76226899554243,257686,17975,76.61147755812816
2022-09-15,222.04042053222656,229.83638405771248,221.3185726015717,222.37728877427898,286971,8316,65.59974001312263
2022-09-16,212.99327087402344,223.19537973131511,211.54957497747927,221.3667041367728,292937,15300,54.89481158256182
2022-09-19,211.50144958496094,217.27623319137626,210.3464958008847,215.8806634236994,313291,13276,46.51471176184567
2022-09-20,224.350341796875,226.17901733924694,213.5707343280499,213.6669865928205,591267,9342,70.44123387012617
2022-09-21,225.26466369628906,234.74492366688253,224.44656356148198,226.3233651040029,773824,8592,65.52989568364825
2022-09-22,221.12608337402344,227.09335668020708,218.47930762090672,225.21655499247655,290447,10121,56.96779708242633
2022-09-23,215.73626708984375,222.13666053323826,212.8970016565638,221.99228214345817,203409,8329,64.06695070258425
2022-09-26,207.2666015625,215.1106762771645,204.9566794485749,215.1106762771645,366485,14515,61.23055691652108
2022-09-27,206.92974853515625,210.202120079438,203.6573769908745,208.85467642850654,323781,7434,77.32901993049836
2022-09-28,201.87680053710938,206.64099384618964,200.1924887328665,205.9672720616992,339512,12284,48.8772145791883
2022-09-29,201.73243713378906,207.7959478894187,200.19248903602164,207.69971031207916,275259,13473,67.94408837206609
2022-09-30,206.0635223388672,207.65158186457694,200.2406129345426,203.07987843998023,271581,16747,53.61612682302221
2022-10-03,203.75360107421875,209.0952785615596,202.4061575125622,206.0635232048157,197362,3555,59.059807817659944
2022-10-04,208.42156982421875,209.52839748441627,205.29356200901307,206.92974777514456,180261,14401,45.554005670346854
2022-10-06,214.58131408691406,218.23867968252682,209.86524705969822,211.93453847885695,416414,16560,68.1930307266469
2022-10-07,217.17996215820312,219.4417580830335,214.581312697058,214.581312697058,329978,14328,72.98581621403841
2022-10-10,215.97689819335938,218.47931026463664,212.70452673341276,215.5919184990247,171544,9321,75.18310020642386
2022-10-11,215.01443481445312,223.2916304378562,213.66699119484517,215.97689873875422,475226,3519,66.85106699976069
2022-10-12,211.93455505371094,217.85371705172625,210.44273302074606,216.554384868104,247707,8515,49.39015922471184
2022-10-13,210.82772827148438,213.81135766363587,208.8546742640412,211.8383183422269,190039,9356,77.31148054872304
2022-10-14,208.42156982421875,214.72571158899396,204.37922420023673,214.0038636316388,201321,12356,71.74485225659305
2022-10-17,207.55532836914062,209.81712434544286,204.09046723744132,207.8921965991544,195551,7247,45.401627991642705
2022-10-18,208.22906494140625,209.81712445853694,206.4485009007164,209.33589252170543,144771,15085,45.39318982785829
2022-10-19,206.44850158691406,209.7208728938318,205.96726964848304,208.85466127906923,140952,7283,46.79482191594525
2022-10-20,204.716064453125,206.88160818433445,203.3686208947858,206.88160818433445,174072,17871,46.78612876721992
2022-10-21,197.97882080078125,203.46486207994076,195.95765542742438,201.01059088986696,424754,6050,73.09942899303627
2022-10-24,199.42251586914062,202.11741770913582,197.8825824505959,202.11741770913582,72029,6073,71.1705875158193
2022-10-25,196.2463836669922,201.15495543969485,195.6207880053492,200.1443654057815,196431,13749,47.01835708249442
2022-10-27,193.55149841308594,198.12320199119978,192.49278223637236,198.12320199119978,350973,6374,78.37768563122467
2022-10-28,190.42349243164062,194.89894378487983,189.7016444916966,194.41771182491718,315570,8264,72.65737342510705
2022-10-31,190.90472412109375,194.12896943665453,188.64292803806057,190.37536602867812,458638,14965,78.99369249047447
2022-11-01,197.49758911132812,199.6150067516398,190.85659408352475,192.8296480134191,635179,7652,60.64246202902748
2022-11-02,198.46005249023438,200.48123254698353,197.01635664570887,199.08566283448226,287526,13987,47.46179872880006
2022-11-03,198.46005249023438,200.62559625702266,196.34263485547035,198.2194365161468,223331,11628,69.09086609157022
2022-11-04,195.8132781982422,200.5293601362507,194.94706655964558,199.1819018599481,213120,3445,51.17221001371982
2022-11-07,201.34744262695312,203.84985461258455,196.9201175494951,197.30509723065373,407702,12302,75.02804211649135
2022-11-09,198.7969207763672,203.07988217895357,197.30509879945726,201.39557035993383,182442,11936,68.79057162492039
2022-11-10,199.61500549316406,203.94609301078268,197.6900777075558,197.78632997124961,222317,8383,49.673966426412406
2022-11-11,199.6631317138672,202.11741757881666,198.36381426962348,200.67372173896797,121361,4023,65.0831340932636
2022-11-14,201.8286895751953,205.00482358198224,200.57748348936596,205.00482358198224,157249,15745,63.40252002406223
2022-11-15,206.400390625,208.80655049399286,202.16555512998633,203.17614521217018,421760,10540,64.57729197604482
2022-11-16,212.65638732910156,222.85851013867145,207.12222012370998,207.12222012370998,1509121,13724,51.75578191335296
2022-11-17,208.75840759277344,218.14243032815872,207.4109640487724,213.18574727054798,478728,11126,62.31555702571967
2022-11-18,205.87103271484375,211.2608367009912,204.04235708706213,209.33590880394345,265411,9205,69.87522495911526
2022-11-21,212.7526397705078,213.5707252421194,204.09046500688098,205.9672666017935,334749,11705,50.10543121310905
2022-11-22,211.2126922607422,214.82193175489718,209.43214292191226,213.23387225188222,165566,5412,66.77388120456558
2022-11-23,208.4696807861328,211.83830434195468,207.6997067504526,211.83830434195468,126937,15682,60.443416644626055
2022-11-24,213.42637634277344,216.41002039830363,212.0308065823612,212.0308065823612,469942,15534,63.55134011811387
2022-11-25,218.86428833007812,219.82675224478567,212.1751670600676,214.62945297977853,307889,16148,66.82270478096038
2022-11-28,217.03561401367188,222.04042346170274,215.11068617319586,216.55438205355287,386888,14805,70.66134038610784
2022-11-29,217.70932006835938,219.9229898619444,215.4475388310707,216.84310847723313,216489,4715,63.71884884884122
2022-11-30,220.7410888671875,222.81038026085577,217.949934903272,218.47929295556915,318096,7452,74.83102554621142
2022-12-01,221.2704315185547,223.29161146223805,218.71990821031724,223.24348533290603,220848,3466,58.83627299781589
2022-12-02,225.79403686523438,230.0288721517741,219.20115327433703,219.29740553877213,916166,4643,55.21578407281141
2022-12-05,221.55918884277344,228.00769409377637,220.50048735483688,226.13089240904148,285492,11330,74.34269800946697
2022-12-06,222.1366729736328,226.17901845130035,221.27044664453948,221.7516785986912,340259,12625,62.64957351990907
2022-12-07,219.05679321289062,223.05101259091415,217.3724813594533,222.47352836675066,165952,6072,76.41994292192389
2022-12-08,216.3137664794922,220.115496034361,215.59191853795883,219.7305163399568,136934,15006,46.82783668712278
2022-12-09,215.49566650390625,218.62367425392654,212.8970168487885,217.17997836930178,116436,16857,60.81454475157031
2022-12-12,212.31954956054688,215.44755734377412,211.7420653261528,215.44755734377412,128179,4754,46.69827192134765
2022-12-13,211.8864288330078,214.96632516536337,210.4908590683034,213.3301247315367,118692,8736,60.69508684287328
2022-12-14,215.25503540039062,216.5543674796819,212.27140626006812,212.27140626006812,134507,3829,50.431332694901066
2022-12-15,213.42637634277344,220.11549771484408,212.65640226205267,217.5168480426913,170708,10603,72.7597877086955
2022-12-16,225.5052947998047,230.02887219445546,212.22329003714404,213.66698588773687,1991462,14729,47.993716475474095
2022-12-19,251.3474578857422,264.6775896383033,229.06642303242248,229.2589128876798,6191704,16498,55.081620102336885
2022-12-20,246.19825744628906,251.58804623142794,238.83540013195434,251.58804623142794,1698867,14687,60.28812693974305
2022-12-21,234.5043182373047,261.93453878802893,230.02886707449457,252.16553629086852,2117822,14756,57.047194033161134
2022-12-22,229.69200134277344,238.7872968469005,224.44657608247888,236.95860664532586,825700,12107,49.211808439273824
2022-12-23,217.46871948242188,227.81520660794084,213.57073767467074,225.2165569647847,765247,13390,48.51429720542901
2022-12-26,221.31857299804688,224.63907054780086,214.6294517658689,214.6294517658689,479436,13215,68.71017481231345
2022-12-27,236.28488159179688,238.2098093440722,227.95957493761938,230.89507801101266,1295685,9442,45.15564287057651
2022-12-28,230.6544647216797,236.28488433691155,229.06640518201607,235.65928868456731,535690,11964,53.20926349318299
2022-12-29,238.5466766357422,242.3484059943082,226.17901000166347,226.66024193783724,1831438,8222,59.1103049702983
2022-12-30,239.22039794921875,244.70643907384462,237.24734407749338,239.99037198282292,537599,8021,75.17560258254542
2023-01-02,238.93167114257812,240.85659900676808,235.85178949708103,237.96920721048315,319385,9033,66.48748190364404
2023-01-03,235.41868591308594,240.6159853216192,232.6275316717346,237.24736152711654,432196,7074,48.52112487333514
2023-01-04,230.07699584960938,235.80365305809937,228.29643177863483,235.80365305809937,280783,15480,69.22169632649968
2023-01-05,228.0076904296875,231.61693002926697,225.40904085519696,230.12512274360094,230296,16871,46.61985519440012
2023-01-06,227.09335327148438,229.93261882682117,224.35033998013876,228.39268540519737,162408,10862,73.40686970654056
2023-01-09,227.52645874023438,230.60635495085,226.27526742645952,229.01828071362004,134029,12674,72.18913290088373
2023-01-10,223.82098388671875,227.52646110672882,222.8103938499765,226.13089138267222,132010,10188,51.72389838512427
2023-01-11,226.56399536132812,233.1087527947245,223.58036609380298,223.82098206792762,401125,13549,75.85980785644351
2023-01-12,224.30221557617188,227.62271310497857,223.05100956481513,226.66024920178626,133712,14595,64.69018514581393
2023-01-13,226.56399536132812,227.57458538985824,224.20596175211358,225.50529388679993,146928,6736,48.20348121009241
2023-01-16,225.0721893310547,227.95958103672038,224.3022152723371,227.14148084570164,115731,15494,46.46060968221781
2023-01-17,225.40904235839844,227.33397015767773,223.8691089305952,225.74591059768576,149852,15251,61.72092121644672
2023-01-18,228.97015380859375,231.376313536242,224.54282872134107,225.2165505078759,248896,9933,64.41285578487211
2023-01-19,226.13088989257812,229.11453385072144,225.26467825881193,227.04522765844993,85675,14766,63.2270622085788
2023-01-20,222.1366729736328,226.852740249906,221.36669890978334,222.7141425069946,143438,8739,67.73842499793105
2023-01-23,220.54859924316406,223.14726355065338,219.4417716203696,222.1847996400377,117488,6975,59.81947879148808
2023-01-24,217.516845703125,221.8960594719655,216.60250791724343,220.74110570632382,99267,11445,68.93000133047701
2023-01-25,214.91819763183594,218.3830589541191,212.7045276646352,217.5168472950568,167298,8781,63.086537053497466
2023-01-27,208.4696807861328,218.6717890292877,205.00480496858845,214.4850799929576,237465,6520,75.75914162543835
2023-01-30,205.96726989746094,213.66698092166507,204.0423421414099,207.9403237846199,185292,3509,68.28201445276504
2023-01-31,215.64002990722656,218.47929534565736,203.36861574133613,204.23482733745638,442982,3129,76.79032250032682
2023-02-01,210.00961303710938,221.36668961545683,207.02598385826005,220.06735751938763,329342,6442,59.08704499442598
2023-02-02,208.85467529296875,214.48509522481964,208.0847012026081,210.0096290854926,130758,14103,49.16449067377183
2023-02-03,204.5717010498047,210.7795901513007,202.694899417171,210.63522644341862,212861,17455,53.45642687614793
2023-02-06,203.5611114501953,206.20788713098983,202.35803159528874,206.20788713098983,208660,8022,45.6699551397823
2023-02-07,205.4379119873047,218.4311743507664,205.05293231020804,206.8816078054671,327730,15251,65.67283145518805
2023-02-08,204.90855407714844,206.64099199750592,204.28295842986842,205.96727021904283,124255,8203,78.15455457834342
2023-02-09,204.18670654296875,205.6785284961874,203.5129847632668,204.9085544539423,73830,6690,70.640854484869
2023-02-10,207.69970703125,208.95091300516773,203.0798774969562,204.76418927714423,210494,4338,47.51686134125181
2023-02-13,204.282958984375,209.1434045263925,203.41674736486166,209.1434045263925,167489,14383,76.84328773779714
2023-02-14,204.282958984375,210.7795901888251,203.9460907512124,204.76419092544538,141117,11559,56.01370092018756
2023-02-15,208.42156982421875,209.76901347020134,204.04235594572395,204.04235594572395,171217,8618,48.284237012613715
2023-02-16,211.116455078125,214.24446264553808,209.62463314722905,209.62463314722905,220693,6458,66.55183812048998
2023-02-17,207.79595947265625,212.9932735778117,206.9297477981475,210.77960357113628,163616,8777,67.90116990656952
2023-02-20,207.02598571777344,209.7208728232537,206.01539571020172,209.7208728232537,98454,14798,72.62006239061073
2023-02-21,206.44850158691406,208.5177930477542,205.77477981031728,207.1703494945606,72857,14151,64.12414666406688
2023-02-22,208.950927734375,210.7796033502143,204.28297174010495,208.99903918265952,181736,17164,77.22573657067784
2023-02-23,204.86045837402344,210.53898982518024,204.0423581391461,208.95093017634122,109365,3185,71.56187840688095
2023-02-24,206.0635223388672,209.04715155172084,205.10105846000474,206.73724411686425,85855,14963,66.86895980997714
2023-02-27,202.3580322265625,206.49662987755858,199.37438830267305,205.00480791561384,123195,6818,74.45661146881109
2023-02-28,200.0962371826172,205.6785306909195,199.2781516864043,204.42732469467413,116970,13082,69.12143040885111
2023-03-01,207.31472778320312,207.9884642932206,200.09624819902427,200.09624819902427,107421,11928,73.95013294844652
2023-03-02,205.19729614257812,212.94513330864157,204.0423424245515,208.61404585151666,204038,6047,53.37197747567137
2023-03-03,205.4379119873047,207.79594555309663,205.19729601761094,206.44850199722504,103733,16305,51.800382784147935
2023-03-06,209.28778076171875,211.64581447690267,205.96728310678353,208.0847008370296,274005,7941,63.73189057226777
2023-03-08,226.56399536132812,242.54090191761628,206.97786387920425,208.85466554016958,4726014,11271,69.09922982185577
2023-03-09,217.03561401367188,229.98075080366635,213.81135400646096,229.06641301664703,1120791,6340,47.278871165729356
2023-03-10,219.77862548828125,229.49950153805884,212.2232784097128,216.55436572419674,1618378,3723,64.59012801789508
2023-03-13,214.48509216308594,223.38788349434114,211.11646841612452,220.74110769315715,454059,5723,61.11219328789133
2023-03-14,211.549560546875,217.9980655076883,208.8546587866153,214.62944197887194,275006,11664,45.22376398938672
2023-03-15,208.71029663085938,215.49565518331457,207.9884487264677,212.80076808907887,236701,10864,73.39097325689829
2023-03-16,205.24542236328125,210.3464838633268,204.18670622110892,209.7208735298492,289168,7630,78.53894402834659
2023-03-17,206.0635223388672,209.14340381402042,204.52357425827392,206.9297339554301,261267,4745,64.31264548817012
2023-03-20,202.30992126464844,207.6034730396732,200.57748320106978,206.97787734067498,349163,15135,64.52175322234902
2023-03-21,205.10105895996094,206.68911848954176,203.32049490531173,203.32049490531173,198903,9227,66.36569036432333
2023-03-22,206.400390625,208.75842435940612,204.5717149989792,206.9297487333853,170269,12659,47.20655561478592
2023-03-23,211.6457977294922,216.12126350681535,206.20788277461,207.45908873448636,768652,11223,73.89033843381236
2023-03-24,205.10105895996094,212.27141193775816,203.89797910845022,211.2126957940154,239643,13777,77.22190095812917
2023-03-27,198.6525421142578,205.67853148711038,197.3050985352597,205.67853148711038,249307,5029,74.07876593982675
2023-03-28,205.4860382080078,206.544754349535,194.65831956707063,199.61500267050855,477926,6313,59.32718157637069
2023-03-29,211.6457977294922,213.66697771744887,203.36861731421988,205.4860348769159,457150,13484,54.25644895878024
2023-03-31,215.15879821777344,223.19536261390465,212.848876148836,219.20114348087273,770579,17842,71.02113694250343
2023-04-03,221.5110626220703,223.29162672684876,215.30317335070734,219.44177109362724,515455,12492,53.8749902585497
2023-04-05,227.5745849609375,234.74493803913012,223.1953713029164,225.89027314523966,1463987,10218,75.30080269438176
2023-04-06,226.32337951660156,234.35995893137212,224.4465778545632,233.30124277020505,1125549,10493,60.551175065606714
2023-04-10,230.46197509765625,232.91626094983016,226.7083718080021,232.91626094983016,406866,4259,64.48652237649351
2023-04-11,231.90567016601562,234.11934003884136,228.7776625395974,232.33877597708224,469705,4122,55.62013583470309
2023-04-12,234.35997009277344,240.519733452831,232.96440031279542,234.07122797270074,959863,12231,61.659554826627726
2023-04-13,231.32821655273438,234.0712300021215,230.79885844235056,234.0712300021215,329665,5560,78.13742287376222
2023-04-17,239.5572509765625,241.04907290982783,228.3926789144527,230.36573278193052,914811,8397,50.41113462053521
2023-04-18,237.73272705078125,242.4173586176547,237.19029301748833,240.6421268036056,428592,5790,70.81805886048974
2023-04-19,242.76254272460938,245.57332779723086,234.23158775840292,238.66965994750953,820700,12972,72.82737410621093
2023-04-20,241.23388671875,246.5595673540774,239.0148506125633,244.88296530583,585411,9957,73.50492376500233
2023-04-21,240.79005432128906,245.57331568651054,238.7189630977918,245.57331568651054,372712,8512,59.850104500861654
2023-04-24,238.66964721679688,243.89671274824724,237.48616437258946,240.7900533523018,357097,16014,47.27985756588858
2023-04-25,239.7545166015625,245.52400114243804,238.91620809748952,241.62836319457145,556331,15931,56.49685877293615
2023-04-26,240.6421356201172,243.55153547953452,239.70521228217623,243.55153547953452,285498,12829,50.59747462588191
2023-04-27,242.3187255859375,246.41162319345221,238.127213186541,240.64212363593907,467525,7030,74.95425909670472
2023-04-28,240.83937072753906,244.43914926599714,239.7052027921131,244.04464494803955,310233,14351,63.0698925548162
2023-05-02,239.85313415527344,242.6639191259466,238.76828113323197,241.03661701968278,254779,9212,50.67538753627296
2023-05-03,249.27171325683594,252.52628738494658,238.47240762104778,239.85313512698556,1212968,5865,47.69231760435341
2023-05-04,256.7178039550781,259.3806592641312,249.27171722056718,249.76483634464347,896225,6421,68.22920305073691
2023-05-05,252.87147521972656,260.26826191744243,250.70175413149013,256.323309011994,465397,7732,78.68179024563847
2023-05-08,257.85198974609375,264.3118379249962,254.49875578388958,262.33936152257087,680805,14773,50.40232947298418
2023-05-09,252.18112182617188,261.8955597254553,248.82791773837081,259.0848047429889,400411,7864,69.2228761220029
2023-05-10,248.97584533691406,254.44947068109323,247.64443271728229,253.7590918611343,234619,8228,78.73701335219678
2023-05-11,249.32102966308594,252.6249187322571,248.08823186515613,251.1455613747413,190173,4571,71.66503904146569
2023-05-12,243.69947814941406,253.90705007967685,241.5790568778051,250.84970547819483,340015,13676,61.01006643292316
2023-05-15,248.77859497070312,250.4551969617365,239.6558912899142,245.86919518496853,358668,8318,77.72600387630513
2023-05-16,248.48272705078125,253.75909272213096,247.54580371183144,250.01139936633177,240097,15074,70.32590753030406
2023-05-17,245.77056884765625,250.80038994130533,245.03089016028443,248.48272403468633,178791,5736,53.35181680501425
2023-05-18,242.8611602783203,253.95634018951262,237.38753517903862,247.34854716327382,255432,10056,77.4318335902623
2023-05-19,246.01712036132812,248.4827159052356,241.13524419415148,243.35428018366824,240269,6045,76.38584023538549
2023-05-22,242.12149047851562,246.55956260541305,241.2338820726567,246.5102476831317,202750,10075,51.72744334717055
2023-05-23,240.29693603515625,243.4035954542264,239.65588721233908,242.12148275979115,106309,16647,49.45913376676593
2023-05-24,243.2556610107422,249.96208419405122,238.6696591174685,239.6558973782845,351904,10683,61.10211021673584
2023-05-25,245.5733184814453,248.3841034474401,241.62836557411285,244.5870802546122,175006,5447,52.2949106242962
2023-05-26,244.2418975830078,248.0389208804195,243.74877845600898,246.95405278150147,131553,11610,62.502243189110864
2023-05-29,245.0308837890625,250.50450894305078,242.61460314956886,242.61460314956886,236180,15805,64.19730791451357
2023-05-30,244.93226623535156,246.06643416086123,243.74876834062738,246.06643416086123,68579,13399,74.60382790477533
2023-05-31,245.5733184814453,248.3841034474401,243.74877174228362,245.27744400363517,175206,10194,68.26187915087935
2023-06-01,248.3347930908203,251.1948779816853,244.78432938944187,244.78432938944187,162590,4599,65.26461629001116
2023-06-02,250.0113983154297,254.25221078430303,248.53204092894785,248.53204092894785,286558,10081,55.886403143098
2023-06-05,252.67425537109375,255.8301997585215,250.60314899639235,252.97011481136397,260308,10780,46.609646358191604
2023-06-06,249.51828002929688,253.90705232972303,247.10199929964307,252.6742545034913,141619,17698,71.20259376199971
2023-06-07,263.5721740722656,267.71438678896266,249.46896399334386,249.5182789159334,2119450,5008,64.89010016154717
2023-06-08,264.55841064453125,272.2017570844012,262.3393745813432,266.9253764257446,979086,12613,58.20233118332656
2023-06-09,274.1742248535156,278.02054788769567,268.8485444909893,269.2430337590279,1536212,6516,69.42992680589185
2023-06-12,268.7992248535156,278.8588671119811,267.2705675945071,275.55496293215936,593755,8365,70.26308721420321
2023-06-13,264.75567626953125,271.2648247894042,263.3256187354844,270.2292866424072,336684,5808,56.219216346823764
2023-06-14,267.91162109375,274.1249402780755,264.8542764250442,268.2568105091465,670510,7600,45.80787553223551
2023-06-15,264.9529113769531,269.34168381954703,263.6214836619726,268.2568156777998,233913,15031,78.2017553998204
2023-06-16,265.248779296875,270.9196490188774,264.3611408275237,266.2843173809826,340149,16483,73.03476525668836
2023-06-19,265.98846435546875,268.7992192506972,262.6845602445132,267.17193218040643,209682,16158,74.48374870806201
2023-06-20,269.88409423828125,273.0893685881364,264.4597838000649,265.98847116394234,365889,3022,72.21852973250371
2023-06-21,267.12261962890625,272.79348921817694,265.05151341156545,270.22926390611696,336068,16107,52.895823299811525
2023-06-22,288.2281188964844,290.94027399302956,266.6788078371413,267.86230573649266,3686716,17884,67.07833596802732
2023-06-23,286.20635986328125,290.3485425657866,280.53548977372446,287.98157672184016,1239235,7511,66.20691004496292
2023-06-26,274.02630615234375,284.3818078669187,272.34968907379994,282.85312050763383,571074,4234,52.02424786124605
2023-06-27,273.1387023925781,277.87263407513615,271.4620852854702,275.9494573991949,254544,10738,46.412173840456674
2023-06-28,267.3198547363281,274.6180415671773,266.7774357599604,274.17422233371155,263724,16447,70.07875552176058
2023-06-30,266.0870666503906,273.1879940584603,265.298088092873,268.74992195281743,374356,7785,74.03711883096302
2023-07-03,261.4024353027344,268.30610303105897,260.4161970558309,268.15817331354395,286369,12143,56.44386977725993
2023-07-04,263.8680419921875,264.75568052972915,257.30956339459874,261.74763569189093,341174,17011,55.21987406009533
2023-07-05,261.94488525390625,267.1719359405513,259.97240875364736,265.2980892848259,216377,11262,45.71006547828093
2023-07-06,263.5721740722656,265.8898399947603,261.402437868738,263.2763146343314,133176,17429,67.58619743828154
2023-07-07,265.84051513671875,269.3909789482363,262.33938129754114,264.2132280015743,324471,11874,64.46123598461277
2023-07-10,263.0297546386719,267.9609459135056,261.4517674112045,267.9609459135056,182268,15497,57.79774366455342
2023-07-11,262.53662109375,265.24877614596807,261.55038289294345,264.2625379451615,189402,17529,53.0533709397137
2023-07-12,268.9471740722656,271.067580221324,261.6983171508596,264.2625425370334,743421,4892,69.13121225751271
2023-07-13,265.248779296875,270.6237594965597,263.3256027434161,269.1444021777765,185026,15601,46.67406520360648
2023-07-14,267.763671875,271.1662057113472,263.42422980520166,266.2843145718232,333671,4856,51.556001760003326
2023-07-17,266.4815979003906,271.1662297761915,265.34739978921874,268.9471936244964,283083,16355,73.48809789708037
2023-07-18,264.4104919433594,268.45407495761253,263.37492367882885,267.76369611459216,189677,17431,62.89574081444297
2023-07-19,264.55841064453125,267.51712539544866,263.6214722676996,266.0870678934641,236080,8071,69.34994155318746
2023-07-20,271.9552001953125,276.1467128003173,265.9884707613469,265.9884707613469,981620,16216,67.69777756359383
2023-07-21,283.1490173339844,284.9735641787638,270.4265494908908,271.0675983559203,857254,11312,48.40605978848202
2023-07-24,285.2694091796875,291.43339814208355,282.6065539088915,284.87491990561466,1277880,12224,48.15941714541812
2023-07-25,279.15472412109375,287.2911896689514,276.04807965870503,286.3542813916992,332482,8664,62.51544858722069
2023-07-26,277.3795166015625,284.973563406229,276.4919081679583,280.8313505859375,329865,8572,77.30969700877381
2023-07-27,273.87835693359375,280.8313241221609,271.11687194775647,278.51365836010484,262178,17050,62.312419295648425
2023-07-28,269.78546142578125,275.357731620026,269.1444125823805,275.16047193085524,202301,9875,78.27081343997526
2023-07-31,272.2017517089844,282.3106935749883,269.2430370164954,270.1799753748245,555233,9284,49.51952554898774
2023-08-01,270.1306457519531,278.2178112941926,268.35542897321875,274.1742285230728,269146,17743,62.32440566851946
2023-08-02,270.17999267578125,273.9769860295338,262.8325053465636,270.22929255143873,349604,12370,45.87723079770084
2023-08-03,275.30841064453125,278.61231491167723,266.876085365007,266.876085365007,384116,10690,54.739867559814776
2023-08-04,275.8508605957031,280.23960290924356,275.0125520331964,277.42881777500526,268930,13128,69.78272386609704
2023-08-07,278.56298828125,285.1707660832765,278.0205392192084,282.0641218101326,380809,9600,77.86809313066502
2023-08-08,275.949462890625,280.48616506695953,274.3221757234627,280.48616506695953,200022,13001,48.24723488721305
2023-08-09,271.7086486816406,281.9655208700656,269.98273167549587,281.02861255386375,619494,17983,66.2020716907178
2023-08-10,267.12261962890625,274.4700760816616,265.84049192407576,272.74415925014443,277812,15032,60.8129401788588
2023-08-11,262.4873046875,267.76368535395864,261.55039640688585,267.76368535395864,268445,6892,55.81874935969304
2023-08-14,256.7671203613281,262.88177911828194,254.79464396922666,262.7831793767578,265275,16201,54.97004365037985
2023-08-16,255.8795166015625,259.38065022140387,253.5618507796836,253.5618507796836,181135,17236,64.61503845521815
2023-08-17,256.7671203613281,261.3531219534438,254.49875445185071,257.2602394593535,232576,5208,48.53080083022564
2023-08-18,251.2935028076172,257.9012959071413,249.02515187974444,256.8164278398279,216944,10183,47.32847211884533
2023-08-21,253.41392517089844,255.09051210289618,249.07446793075894,252.57561665609845,151449,3556,53.63629235622408
2023-08-22,252.7235565185547,255.04122247102603,251.83594809566875,253.41393534613456,191787,14623,68.4662029291695
2023-08-23,252.2797393798828,255.04120940229487,251.6386755083795,252.72354356858455,149844,10950,72.03111729160852
2023-08-24,258.3944091796875,262.33936199159115,252.03317578025303,252.47697996183206,609041,15964,60.88973083701936
2023-08-25,252.2304229736328,259.18339033621135,251.78661878754497,257.4081735918599,263547,17643,69.9903240758165
2023-08-28,250.80038452148438,258.3451159989156,249.0251527003946,253.3645948863464,256687,12707,77.14584136095823
2023-08-29,252.03318786621094,255.33707697533393,251.54006874107603,252.82218147618707,148979,12360,53.01409768479917
2023-08-30,255.63296508789062,259.2820285350418,252.47699066553042,253.3645990663184,302656,7125,67.98944742829408
2023-08-31,250.25794982910156,257.2602472527072,246.55955648187347,256.22467905692207,418912,3155,45.91847347162413
2023-09-01,254.10427856445312,255.38640634534806,250.50451497896105,250.50451497896105,283397,17101,65.01479729004532
2023-09-04,267.7143859863281,270.72240062085194,255.43570768961987,255.43570768961987,1230723,13995,51.13053317267567
2023-09-05,264.55841064453125,272.10312723985004,262.43800442589435,270.13065073923843,481595,6897,52.79207619177852
2023-09-06,282.3599853515625,286.009078740045,266.3829445287829,266.3829445287829,2785869,8272,45.54261096547945
2023-09-07,279.9930419921875,284.4804442298737,277.28088671909063,283.44487597612897,599324,9569,74.76857317734179
2023-09-08,278.06988525390625,282.7545169182815,277.1329468819901,281.7682786731499,281159,7562,73.03081711131087
2023-09-11,281.6203308105469,287.93227992535697,280.09167350475616,281.9655202305137,1221717,11804,75.00603502636275
2023-09-12,267.4184875488281,282.95173952633684,266.2843196144352,282.06413114714246,454509,5319,45.73820048389152
2023-09-13,277.0836486816406,280.3382228711831,262.88179378792057,267.27056604429424,398133,8202,52.20728347337236
2023-09-14,305.6845397949219,315.25103220331414,279.0561085982489,279.0561085982489,5926787,6227,66.65709253893809
2023-09-15,308.4460144042969,314.2648140921635,301.295787051999,308.5939441230997,1411511,12378,59.4049633726883
2023-09-18,313.179931640625,318.5056420543076,304.7969068531044,308.4460002702423,1181601,5126,70.84428568495008
2023-09-20,302.8244323730469,321.2177991910255,301.6409645716682,310.66503823418856,1172411,10612,73.05222331478697
2023-09-21,300.5068054199219,307.6077027284175,297.0549715609357,303.26826046806974,518956,3532,54.69199507732367
2023-09-22,297.3015441894531,304.7476312306424,291.87723360120543,300.5068186279631,564493,4966,52.03479477576445
2023-09-25,310.9115905761719,321.26709161042976,295.62489857321975,298.68224299333036,2111677,3256,58.454537613445225
2023-09-26,301.8875427246094,312.34167448432595,300.4081853085439,311.6512956511206,536623,9444,51.42423621067484
2023-09-27,302.676513671875,304.2545008953911,296.95634384643233,301.78890526414807,542705,11258,61.335141756641704
2023-09-28,299.8164367675781,310.665057834826,298.09051977960684,302.6765217566954,755904,5332,71.38963777764548
2023-09-29,300.8519592285156,304.00793359522794,298.0905042308439,301.09851878536494,357788,17201,70.58623307513673
2023-10-03,296.9563293457031,304.20518616710797,295.871461301411,300.8026523231012,286578,6634,63.01525508104639
2023-10-04,293.6524353027344,303.7120773672595,287.8829355921274,297.30152882160786,749142,13743,48.318629948515515
2023-10-05,296.41387939453125,299.4219239673905,294.4414029917126,295.2797114824308,218727,8095,77.80916538582599
2023-10-06,297.7453308105469,299.76713734377506,293.75107781427283,297.20291179540976,305846,15658,63.43066496597808
2023-10-09,290.00335693359375,301.4930570821793,288.52399949962347,298.48501224121065,429460,8150,54.209404647650295
2023-10-10,293.5538024902344,294.88523011730786,289.0664305927075,291.4333963199481,219599,3113,48.56791221971885
2023-10-11,287.8829345703125,297.3015277663625,287.24188573754316,295.32905129777845,303566,16573,76.17619061812243
2023-10-12,289.8061218261719,292.912766358943,286.8474070144654,288.96781327666764,335905,8569,70.12654857548912
2023-10-13,286.699462890625,290.299226377841,285.4666651143454,285.4666651143454,259396,4696,62.08091714641134
2023-10-16,289.31298828125,295.87146643435784,286.9953224413271,287.4884415520511,377899,10141,73.38866222017293
2023-10-17,289.1650695800781,293.6524416195216,287.9322717563186,289.954048148243,257905,14519,63.939748514131075
2023-10-18,289.0664367675781,301.542344596447,287.9815686742846,289.85541532764466,969460,11612,53.60949179106051
2023-10-19,290.6444091796875,292.320996058823,285.6145883470784,289.85540056221083,353063,7992,47.401594092178144
2023-10-20,283.6914367675781,293.3565900227807,281.07791133086454,289.9540558992076,449678,17159,53.51487619385908
2023-10-23,257.26025390625,284.381805820703,252.52629224080192,284.03661641318024,1131884,9312,64.52672967638485
2023-10-25,260.41619873046875,270.9196602056171,254.25220964768351,260.3668988568476,963781,6127,70.0536719957797
2023-10-26,256.8657531738281,260.31758689996275,245.47468381902303,259.38064856382846,811554,11015,74.4282545743852
2023-10-27,263.32562255859375,265.19946928387196,258.54236084840187,258.8382503929852,498055,3378,49.25700272765483
2023-10-30,265.7419128417969,274.0756081318461,260.46553209859934,264.3118553168992,736615,8767,50.10938226909393
2023-10-31,261.5010681152344,268.2568062027281,259.2820320345133,267.2705679446299,292298,12140,56.06774791576663
2023-11-01,250.0113983154297,257.3095554025528,249.27171962218878,256.42194699018427,542536,11172,74.03509363270926
2023-11-02,256.1260681152344,256.96434649254365,250.9976175255733,252.1317854162866,331838,9728,51.99437424980919
2023-11-03,254.49876403808594,262.8324891476625,253.46322593226742,258.69027652918373,355884,6755,70.68753539478398
2023-11-06,262.4873046875,266.7774471021945,256.42194545867125,256.42194545867125,490588,11410,66.36658206026104
2023-11-07,260.3175964355469,265.19945768277313,258.6902792555355,262.5366324836323,259049,7133,67.47024492843582
2023-11-08,258.9861755371094,263.4735476233728,258.1478669886856,261.3531413639033,181453,14257,58.77291707853628
2023-11-09,257.9505920410156,260.5641473781761,256.71779427729905,258.8875303804809,188773,6662,64.85634683383388
2023-11-10,257.85198974609375,261.4024231923783,256.42193231529484,257.9505894881339,218066,4447,52.95031242195371
2023-11-13,257.75335693359375,260.2682522786394,256.4219293577927,258.9861546708908,164771,3479,51.80774316181278
2023-11-15,258.5423583984375,260.95865421708606,257.0630009823515,260.0710457869552,222989,14151,69.99632795127228
2023-11-16,256.61920166015625,261.20520344900694,256.4219419734434,259.57791637523445,183777,5493,58.74491709815577
2023-11-17,250.9483184814453,257.99993096390796,250.50451428086546,256.6192034401481,519749,3050,65.6568022721261
2023-11-20,255.7315673828125,257.4081844547004,251.09626564468044,252.3783633366397,465619,10620,47.86151065460627
2023-11-21,257.5068054199219,259.4299518915437,255.7808885338602,257.3588757063512,237559,3131,65.41334554981789
2023-11-22,258.4930419921875,259.8737694727119,253.85771034585366,258.3944121512354,289414,6910,54.75755292359832
2023-11-23,271.4620666503906,275.012530217382,258.2957805589985,258.4930402395653,2769410,6471,74.53503620255006
2023-11-24,266.2350158691406,273.13868331426266,264.9528881421999,273.13868331426266,710793,5322,50.8754239197249
2023-11-28,267.27056884765625,269.24304537051717,264.55841362872246,266.48159027755315,295999,9581,60.06065106877635
2023-11-29,267.12261962890625,271.21550209555534,264.8542537346374,268.2567875272402,335184,5619,45.57501674217254
2023-11-30,270.0320129394531,273.18798728649676,267.12262824532417,268.2567961802423,604442,17219,69.13716970058297
2023-12-01,268.9964904785156,272.1524650089641,268.1581819222149,270.67310759111706,232580,10356,59.687409871338375
2023-12-04,267.5664367675781,273.97698567005887,266.28433902612363,273.97698567005887,481241,13399,53.35211330000536
2023-12-05,264.50909423828125,270.4265233702553,263.325596372846,270.130633855096,363816,16177,57.59430763590643
2023-12-06,256.0767517089844,268.1581700882418,254.44946464068653,263.3256087560593,728687,7006,65.69107177727588
2023-12-07,248.3841094970703,258.7889110045376,241.13525233377374,251.83594337505892,2044244,17822,78.41433635191922
2023-12-08,236.94374084472656,246.01712978406712,235.0205792565796,244.4884574785344,1435953,11517,66.60676438983126
2023-12-11,243.20635986328125,244.04465335130448,234.2315857173283,234.2315857173283,691805,10055,67.27624611835716
2023-12-12,242.12149047851562,246.362317965089,240.93800758776993,244.5377711822884,307686,10376,77.5345831488918
2023-12-13,243.35427856445312,244.58707632820415,238.3244576688286,241.62836169520168,285644,15646,46.85416451332269
2023-12-14,244.09396362304688,248.38410597291184,240.74075963724067,245.57332097833807,538982,11985,50.857425624019065
2023-12-15,244.5870819091797,245.8691946224961,241.13524809191304,241.13524809191304,218938,17973,48.788040242916736
2023-12-18,257.85198974609375,281.27514702489475,254.99187488449593,262.6845509125156,2729511,17652,77.4109941181159
2023-12-19,255.43569946289062,260.0217011750399,254.44946124102617,259.3806523503484,421981,14170,55.08363595472351
2023-12-20,244.14328002929688,256.91506226454976,242.6146077431065,255.2877751833543,404012,11133,60.71697473379912
2023-12-21,247.59510803222656,248.53203133105566,239.21208316590128,241.67767871482047,277441,9490,66.71054813225359
2023-12-22,246.70748901367188,250.89900152173132,244.5870828232329,249.51827400918518,246234,4101,53.50309215231698
2023-12-26,247.98960876464844,249.02516195282647,245.32676845847757,246.7074960101805,146024,4068,71.89120573443543
2023-12-27,248.77859497070312,250.40588204018823,245.86919518496853,248.4827204902146,227140,13742,56.69600302603107
2023-12-28,245.1788330078125,250.89900277300353,241.82561395536118,249.51827525357146,306530,17961,76.80396168307043
2023-12-29,250.0113983154297,256.91506611901156,245.81988572039782,246.55956441363875,862063,16376,72.29579428556019
2024-01-01,262.7338562011719,268.99647492752933,259.3806522674252,267.27055803981835,1834544,14105,56.83362274134144
2024-01-02,262.04351806640625,264.70634331335384,257.2602564795814,264.70634331335384,774898,3428,68.03292063480775
2024-01-03,265.79119873046875,267.71437528722527,262.78318421615904,264.70633067531384,1029982,14595,55.11447138036436
2024-01-04,266.4322509765625,267.22125961664096,263.374906453663,265.79120214860023,1275792,9345,75.9275929077753
2024-01-05,266.2843322753906,269.1444172321612,264.70634502757133,268.2075089364209,579060,3840,69.61985977419826
2024-01-08,264.3118591308594,268.25681225221547,263.32562085052035,268.25681225221547,346756,8919,48.06045629683178
2024-01-09,265.495361328125,271.21553140601003,263.47355476271764,265.5939610796438,526249,11160,63.57575089494331
2024-01-10,263.9173583984375,266.6295135518083,262.8817901904072,266.1856943058521,136342,7959,52.48440617716943
2024-01-11,264.8049621582031,266.28431948869587,262.83248571754615,264.9035919997564,224837,9706,56.94215773919939
2024-01-12,263.8187255859375,267.46781906298946,262.7831874871644,265.8405019112001,355180,17526,50.46806906865955
2024-01-15,259.2820129394531,266.08705039964735,255.3370601975897,265.54463143668147,804685,8109,70.92061378448483
2024-01-16,261.5997009277344,262.58593919701894,257.45748815769775,259.87378395648636,375664,9752,53.20063405905124
2024-01-17,258.93682861328125,260.2189563379934,255.18913547434116,255.7808844167005,235208,13503,62.54260885780044
2024-01-18,252.42767333984375,259.03546650723666,249.12378428054788,257.90129855605176,447777,4757,64.61516541856675
2024-01-19,253.66049194335938,256.42194702613807,252.97011312386314,254.4494705105524,152786,12368,62.85030468088755
2024-01-23,244.14328002929688,256.42194314312064,242.17080354358058,256.42194314312064,294721,4791,78.10128880184129
2024-01-24,247.2992401123047,248.33479328006266,240.88869151517616,241.82561483884237,210727,11559,78.37572543593154
2024-01-25,249.6168975830078,255.6329566982898,247.59510623778675,248.03891042361556,325054,14129,63.90983540483651
2024-01-29,253.66049194335938,257.40818528393095,250.50451747938106,251.392125891874,269882,13046,66.64344531502343
2024-01-30,254.79466247558594,259.82448366029314,252.62492624764062,258.3944261331105,322480,5274,53.30724372214188
2024-01-31,260.56414794921875,262.04350526892074,254.79464838286063,257.40817362814715,334400,17186,71.97091792195621
2024-02-01,256.47125244140625,263.3256205202059,255.92883342694168,263.3256205202059,209370,11689,62.273754099336884
2024-02-02,257.75335693359375,260.8600012120622,254.79464236408074,258.1971460604601,352022,9389,58.393146421769174
2024-02-05,256.9150695800781,264.70634590098973,253.36460578517057,257.7533781298985,712253,16004,78.08843043190316
2024-02-06,256.1753845214844,260.16963738066084,254.6960271517742,256.42194408310274,324233,13292,47.247234376519756
2024-02-07,256.96435546875,264.26254235457526,253.0687325691235,254.4494600537709,1012845,5303,67.46621688477146
2024-02-08,253.56185913085938,259.8737778873504,252.52629091373336,257.8520015215753,386730,11357,76.89062115465087
2024-02-09,251.8359375,255.83019028373548,247.84166966746344,255.6329606967276,256082,9076,66.04161053308687
2024-02-12,244.3405303955078,254.1536131810085,242.61461343005013,253.21667478929012,243681,6687,60.98056110517771
2024-02-13,243.798095703125,245.7705722299283,237.38754699101435,244.58708932360665,159770,12002,69.44737948830856
2024-02-14,244.73501586914062,245.81988396433127,240.69144807092394,242.7625393679223,112304,4599,61.13066503032284
2024-02-15,247.54579162597656,250.9483104533065,245.721244911205,246.36230877935756,159510,10388,71.8728880142537
2024-02-16,244.19259643554688,250.40588536428024,242.61460921786136,249.51827695983303,157379,16041,74.69669489927328
2024-02-19,244.73501586914062,248.97584335652027,243.69947774504215,247.15131162217418,186740,15525,73.53689107052412
2024-02-20,249.27171325683594,253.46322574483418,245.2774454055715,246.55955811754296,520103,11794,52.22207827035136
2024-02-21,246.90475463867188,251.2441969671611,245.57332696692094,250.50451827147756,245843,4490,51.59531936665289
2024-02-22,245.86920166015625,247.5458036953445,243.00910167184543,246.90475484473774,167667,3730,54.433645029623875
2024-02-23,245.0308837890625,248.53203249468032,244.09396048584674,248.48271757371083,137673,11871,61.978072859702415
2024-02-26,242.81185913085938,246.51025264437408,242.31873999572406,245.72125901839726,118375,16671,50.145472724723874
2024-02-27,240.6914520263672,244.7843348141357,239.8038285569512,244.3898455269297,152628,14735,75.01580967122516
2024-02-28,235.85887145996094,243.30497325696808,233.886394960028,242.61460949175185,207474,16595,64.82385855167028
2024-02-29,236.59854125976562,242.12148127163277,233.88638617423817,236.69717110057786,176014,16478,69.9846463630989
2024-03-01,236.64785766601562,239.45864261000344,235.95749392239784,239.45864261000344,104173,5585,77.81289002615905
2024-03-04,240.88868713378906,243.30496778207504,236.94373422269325,236.94373422269325,254628,8545,59.38903581275582
2024-03-05,239.31069946289062,242.51597369663403,238.0286018084341,242.51597369663403,122079,4219,62.576139764553155
2024-03-06,235.02056884765625,239.65588543268464,231.76597973942754,239.65588543268464,128373,12210,51.62073874116183
2024-03-07,235.51370239257812,238.17654271754813,234.921953409784,235.02058325651694,100588,12827,77.62099541833302
2024-03-11,229.94143676757812,239.4586446941159,226.83479236985917,235.26713222641197,162656,7060,48.487300684628465
2024-03-12,223.38296508789062,232.25910939601872,221.75567798425442,232.25910939601872,227851,5766,45.81975484957871
2024-03-13,214.26025390625,226.09511258001297,211.35085415871015,224.66507016669345,341190,17255,55.48508076002521
2024-03-14,219.73388671875,220.42425048904485,212.83021891819826,215.4437442803151,181736,14602,70.80672840131513
2024-03-15,215.24649047851562,221.41047932383395,214.11232255049742,219.73387736766753,189920,15323,76.33620102944754
2024-03-18,216.1341094970703,219.38869877744324,214.75338194724017,216.97241804083967,180273,14944,73.36482739432115
2024-03-19,214.06301879882812,216.87378882966618,213.42195489618663,215.93686548605348,109829,4769,66.5390872320847
2024-03-20,213.27401733398438,215.98617246771136,211.7453450670326,214.99993423726517,147613,12760,64.66969695963391
2024-03-21,217.071044921875,218.45177245284646,214.95062365433853,214.95062365433853,165980,11491,71.20377165469642
2024-03-22,214.26025390625,218.89557054371363,212.04121790491945,217.46552813039415,268871,15095,78.54071751639493
2024-03-26,211.1536102294922,216.47929063096126,210.56186127430627,215.6902970403137,225489,15784,58.19893184747565
2024-03-27,209.23043823242188,213.0767764277766,208.14558518922033,211.54810413406386,484746,10167,72.67871931511341
2024-03-28,204.9403076171875,211.8439752411143,203.16507578984607,211.35085612511952,461504,12820,51.183216071197926
2024-04-01,217.26828002929688,218.84625213134305,207.1100234866215,207.89901706204495,322263,8422,64.17589743944755
2024-04-02,222.00222778320312,223.67882973567424,215.4930495573731,216.97240687698894,261147,16961,78.69884142343427
2024-04-03,225.5033721923828,228.46208697320813,220.42425117148665,221.95292348467336,355943,7384,70.12582265669242
2024-04-04,227.62379455566406,228.51140297458062,224.02401585938762,226.8348009339595,202685,5395,51.27809482355056
2024-04-05,228.11691284179688,230.58250849497497,224.66507892734757,227.5251638655135,232729,17191,59.72763979502435
2024-04-08,227.22927856445312,230.53318260201303,225.9471809248516,230.53318260201303,90219,8149,74.07942103038684
2024-04-09,231.42079162597656,233.63982761448014,223.185711542366,227.82102815303554,401804,15980,56.7459916684369
2024-04-10,233.24534606933594,235.26713749111374,230.28663132004203,232.75222694445364,413192,13295,63.32675758665911
2024-04-12,228.01828002929688,234.7247031284412,227.42654610951442,234.7247031284412,190490,16325,77.26381235143246
2024-04-15,221.65704345703125,225.45406668371334,218.25452455388046,225.45406668371334,217710,4897,51.040679528647026
2024-04-16,220.2763214111328,222.24879793131737,218.74764909822946,218.74764909822946,143680,13730,46.97499201631257
2024-04-18,219.48731994628906,223.9747068790383,218.84625607086716,221.60772611015906,151155,16196,55.09165991400835
2024-04-19,219.5859375,220.3256161779234,213.6192082037924,216.97241219085788,128373,14641,52.759415935578836
2024-04-22,224.2212677001953,229.54694812481668,220.1283700147686,220.1283700147686,294282,16101,50.440089109820256
2024-04-23,225.7499237060547,226.78547685217075,224.27056636840348,225.8485535480852,87424,7033,49.86390727399009
2024-04-24,226.2430419921875,228.610022753064,224.5171251045655,226.78547602377176,301539,9861,75.89169898906079
2024-04-25,229.8921356201172,237.58478171442968,226.78547619082852,229.7935057783743,810004,6056,75.3990172611615
2024-04-26,232.11117553710938,235.61230924604985,227.62378854049962,231.27286701455105,428269,9636,53.962025954846006
2024-04-29,232.85086059570312,238.52173062455975,232.35774146275907,234.4288327918431,629781,7391,45.31576436893361
2024-04-30,232.5056610107422,234.72469701190516,230.58249948616117,233.29465459869368,311994,12252,46.5054205742897
2024-05-02,229.1031494140625,233.73846619810428,228.31415580110186,232.9494725851436,177980,6781,51.28438010242776
2024-05-03,226.2923583984375,231.66735373112522,223.77744790734843,229.8921369598163,195742,13905,58.39534919695957
2024-05-06,221.9036102294922,230.82906956181654,221.06530168243788,230.82906956181654,157438,17248,70.74759290265379
2024-05-07,218.79696655273438,223.28433864903724,217.90934307909953,222.9391642832918,104991,16002,55.94319388624135
2024-05-08,218.30384826660156,220.07906512317678,216.67654608300523,218.05728869776593,80833,9878,71.08782594911025
2024-05-09,216.67654418945312,219.8818185563054,215.19718678936746,219.29008462555214,154710,3321,47.20224463238567
2024-05-10,219.783203125,220.67081154297063,216.67654356449955,219.63525835613714,101857,13023,66.05366096369336
2024-05-13,215.78892517089844,219.43800356879916,214.5068124773655,219.43800356879916,110640,13673,54.553212838849724
2024-05-14,216.972412109375,218.55039930787277,215.9861738725142,216.18341851012613,99744,13122,71.0211317814924
2024-05-15,212.73158264160156,218.84625664175533,212.28777844902933,216.97241002920535,323827,10159,72.84734407649552
2024-05-16,216.3806610107422,217.4655290800953,212.1398486731644,214.01369528517316,222482,13229,73.67904145825129
2024-05-17,224.86231994628906,225.40475399100748,216.28205022125672,216.67653949988758,366652,12509,73.70816922869719
2024-05-21,221.65704345703125,224.31988368346228,216.9724118378059,224.2705687619207,99904,8299,62.09356825422543
2024-05-22,220.4242401123047,221.6570378757963,219.24075726911286,220.91735921770135,81704,8746,64.97144442368979
2024-05-23,220.2270050048828,222.05153674448226,219.93113051908787,220.4242496458123,77725,14879,48.463741319800604
2024-05-24,220.62149047851562,221.9036031956284,218.6490140056656,221.60772871494063,167394,10350,61.557220820775065
2024-05-27,219.1914520263672,222.79121563517612,218.3038436169846,221.90360722579354,86708,14957,52.17501503347786
2024-05-28,217.26828002929688,219.98043509876453,216.97240555741297,219.93112017865042,76022,3603,75.36912155442397
2024-05-29,215.04925537109375,218.6983339194024,214.161631908769,218.6983339194024,112644,8879,48.12191045213066
2024-05-30,213.17538452148438,217.0217225959184,212.38640598716032,216.23272901279338,90810,6149,75.95236069387428
2024-05-31,214.26025390625,216.03548571707466,213.07677104863393,213.22470076253555,79606,9612,57.00067422239595
2024-06-03,216.1341094970703,222.1994838488566,213.12609483145454,220.42425196421667,283140,9748,70.23029070168307
2024-06-04,195.9162139892578,216.97240574845802,188.47012755829454,216.1340972521823,510981,10810,51.0134724037024
2024-06-05,205.3347930908203,206.91278025232398,195.27516632043677,200.20635738913467,241520,17516,71.80194659433398
2024-06-06,209.7728729248047,216.57792588426184,207.15934757983726,208.392145393275,340350,14504,61.14215244932704
2024-06-07,219.6845703125,222.44604042383156,210.90705590202617,212.92883227663543,604385,4077,58.37166312194606
2024-06-10,220.779296875,222.87011716480146,215.2070567409303,221.42034572270657,213578,9077,45.353831092595975
2024-06-11,230.99671936035156,233.44258595630208,220.11851289084765,221.90360167876645,986153,14716,46.90606704681884
2024-06-12,233.71873474121094,238.27516565956557,231.57859955857828,233.73846371974616,828111,9182,77.10270097323934
2024-06-13,246.36231994628906,251.2836392242365,237.68342026302412,251.2836392242365,4326283,15084,73.2634616724983
2024-06-14,242.42721557617188,249.02515170641945,241.440977351592,247.5457943695496,1117132,9237,69.59834297669647
2024-06-18,235.91806030273438,244.13341174840951,234.84304916449318,243.60084971059587,810693,9148,48.46220896911631
2024-06-19,238.77813720703125,247.05267531110792,229.30038726480078,236.69717395076208,3216113,7884,54.959924381827406
2024-06-20,238.59075927734375,242.51598335861618,237.7327368023585,240.63227970944175,809581,12925,46.60712751443586
2024-06-21,235.2079620361328,242.41736112474672,233.21575658816306,240.6421292923381,1109361,6309,76.1409039026518
2024-06-24,229.7540740966797,235.30658532591474,229.142596135839,233.63984024110997,579416,11713,54.15069287173658
2024-06-25,226.0753936767578,233.5905395026883,225.08915540999334,231.7561357245543,738079,13516,72.83968299993123
2024-06-26,224.0437469482422,227.35750815156666,223.3632401312235,226.83480307013528,341330,9406,55.9126744272101
2024-06-27,220.9173583984375,226.34166853768485,217.5740114781989,224.81299630686408,438139,6567,55.79115574720724
2024-06-28,219.96070861816406,223.274469633523,218.08686202296028,220.91736089379572,556728,4595,72.37169741445562
2024-07-01,220.36508178710938,222.59397486308362,219.33938555744209,219.98044946318458,307140,4398,51.17341443207301
2024-07-02,220.54258728027344,225.84855375171614,216.97240971780587,220.90750565707447,604495,9978,69.32063050656464
2024-07-03,219.6549835205078,222.49535448677,219.29993714972505,220.522877993266,426656,4808,63.959552034377694
2024-07-04,220.06919860839844,222.62355201898072,219.17171820506914,220.9173640903402,339190,16338,77.8216712573219
2024-07-05,220.53273010253906,221.75567091915366,218.74764132302974,220.07905389754944,276131,9097,72.33651813510606
2024-07-08,219.00405883789062,222.1797471408272,218.0572785648866,221.80497179799582,448823,16857,74.68407177426546
2024-07-09,219.2900848388672,224.56645054169098,217.95865715797427,220.42425282718213,2076620,14037,70.49255907529627
2024-07-10,221.49923706054688,222.5841051163978,213.1359412123172,220.81873028449502,829807,3885,67.76342061887748
2024-07-11,223.06735229492188,224.36919396243604,219.24075825305482,222.79120679856447,1583009,3549,59.03402476584048
2024-07-12,221.91346740722656,225.35544438231943,221.08503087328842,224.2114043789944,454441,13260,51.13861491628034
2024-07-15,221.252685546875,222.88984465472382,219.93112990266997,222.88984465472382,284045,14944,59.90566443409473
2024-07-16,220.46368408203125,225.83869439580621,219.9212651025208,221.90359849820308,663190,14437,65.06436695407277
2024-07-18,219.32952880859375,221.9036113016449,217.95865821183787,220.91737302919313,346822,7083,46.43796753377213
2024-07-19,215.93685913085938,220.8187353976283,214.2602571365591,220.8187353976283,509284,7996,61.805493474920624
2024-07-22,218.34327697753906,220.02975094017827,214.01369183228496,216.47928736030667,364907,14871,60.27244574859654
2024-07-23,216.48915100097656,220.5623197544937,209.0825072239604,216.97241315694004,559966,6591,51.20917972563955
2024-07-24,219.30979919433594,225.28640070027643,216.03549596465575,216.03549596465575,672786,14482,69.18888440076122
2024-07-25,216.44970703125,222.84052659195666,214.64488925207613,218.45176944802077,748835,3560,50.557525380036616
2024-07-26,216.873779296875,219.43800469712585,216.0354858363014,216.0354858363014,434662,5969,75.80292369139335
2024-07-29,218.94488525390625,224.17195083954797,217.9586470320418,218.89557033305283,840126,12018,64.78618035625138
2024-07-30,219.99029541015625,221.74579824156095,218.9054423951449,219.9311235246394,527727,12919,65.83721992364505
2024-07-31,218.62928771972656,223.7281527077823,218.0572827785008,221.4104868041206,1045569,7075,75.78496596707292
2024-08-01,209.43756103515625,219.71416207218,198.92425739416356,219.5267743918048,1220309,17262,49.842084629734146
2024-08-02,207.64259338378906,210.9267685439604,206.73525600466925,207.11003135321053,488706,14355,57.885916834480454
2024-08-05,196.62631225585938,201.6857192211305,194.36783331734955,197.24764716002986,767528,6189,61.78951746607874
2024-08-06,193.12518310546875,201.58709412494773,192.31646050964446,199.1116415123665,442444,12352,45.89005416247231
2024-08-07,197.23779296875,198.97356687059786,194.17059141032925,195.176543589854,274379,12432,69.47589725435424
2024-08-08,196.81370544433594,201.18274877675327,195.48229281797254,197.98733138563816,338099,15925,50.81999755045047
2024-08-09,197.59283447265625,199.94007121585517,196.66576813299906,199.94007121585517,172463,15072,60.38627456200542
2024-08-12,199.44696044921875,202.9185233614608,195.81761085140332,197.24765332827297,549319,3940,65.11074725501018
2024-08-13,199.94007873535156,207.0804491731484,199.12149917165152,207.0804491731484,872977,11029,68.84421682553321
2024-08-14,196.76438903808594,201.1926042251191,195.68939295075234,200.69948509711637,312684,10436,47.60617112246365
2024-08-16,200.8178253173828,203.1256342326724,196.50796903054754,198.57907535101737,455675,10462,71.93034303124182
2024-08-19,204.00338745117188,207.10017494540247,200.96577184396455,202.37608531402435,806355,10508,55.9092160178149
2024-08-20,204.3682861328125,205.4827401423757,202.45498156902477,205.13755074419916,643369,12009,75.63968444465326
2024-08-21,204.1020050048828,205.49260456392858,203.43137021115388,204.6444390579292,415447,4684,51.0330537248548
2024-08-22,204.90084838867188,206.5675933981962,203.65819364164716,205.13755098044848,462112,8245,72.22314057265022
2024-08-23,202.5437469482422,206.91279027205545,202.1788436071044,206.06462476521506,404379,7121,61.29938339471167
2024-08-26,200.9263153076172,204.29924833100944,200.54168299044443,204.1513186124051,212781,14717,59.41504643443274
2024-08-27,203.72723388671875,205.13754730098867,199.013001406732,199.2201180519217,404593,17513,70.26246711474712
2024-08-28,205.5419158935547,207.70178005414462,203.95407171992295,205.13755460209785,566375,7654,74.40429433859255
2024-08-29,206.26187133789062,208.08641815825624,202.02104376400422,205.6306794465774,738313,15323,71.28476791058287
2024-08-30,221.4597930908203,225.8485501160667,216.97240622504222,216.97240622504222,6734936,5979,57.00227068687519
2024-09-02,221.8542938232422,222.8799900421084,218.98433687174747,221.9036087460572,1117398,4571,67.74240916106575
2024-09-03,222.76162719726562,223.88593819266907,216.8836556945604,220.91736649792173,718227,12786,73.62936754420141
2024-09-04,223.85635375976562,224.35934489847253,217.86989540795176,219.24076597342886,894177,10638,49.280131094875095
2024-09-05,220.8582000732422,224.85246806712777,219.8325038475206,224.85246806712777,347347,11521,53.853500162868215
2024-09-06,216.5779266357422,221.80497734381382,215.98617766371825,220.48342169493537,419487,16045,58.389042430935376
2024-09-09,208.92469787597656,217.78112779796848,206.9620934779393,214.99992883457395,787505,15593,73.76531736316304
2024-09-10,210.20681762695312,212.71185613216454,209.6841125642657,210.97608224935354,240720,10511,46.10254685728092
2024-09-11,206.92263793945312,211.07470745526788,206.6169064999344,211.06483544186347,192541,9817,73.42227923276297
2024-09-12,209.23043823242188,210.6506237169343,206.6366418741262,208.0962702670745,225975,7381,61.65700123673253
2024-09-13,209.78274536132812,211.83410768407742,207.11003307493607,209.57562870678055,190435,5026,73.61712004746595
2024-09-16,217.60360717773438,221.90360655560843,213.05704823702072,215.98617704745888,928131,6309,70.93943073234837
2024-09-17,211.597412109375,218.95474076842788,210.85773344787552,218.92515482587197,333908,11632,49.797062865237386
2024-09-18,211.00567626953125,214.9999442995353,209.09237160511242,212.5836635316174,615413,16092,66.97969381757939
2024-09-19,210.4435272216797,215.10843003295042,206.40980125351527,213.02746667780315,360008,7526,67.48476187867885
2024-09-20,212.18914794921875,216.42997532368068,210.93663623943195,212.92882661748067,859720,9756,56.84281472440884
2024-09-23,212.33709716796875,218.62928693817153,212.04122268469496,213.5205800522626,847563,15391,54.42936863060371
2024-09-24,212.44558715820312,214.99008367437892,210.86759992298042,213.0274641197809,408445,11978,61.57229069411143
2024-09-25,218.116455078125,221.90360634808667,213.52058121938117,214.01370034459913,1419151,14924,56.99507952344706
2024-09-26,216.4299774169922,218.9448879231672,214.9999349876146,218.9448879231672,385510,8974,75.31591913481579
2024-09-27,223.90567016601562,229.79351376113863,221.90360770925403,221.90360770925403,3082184,16245,78.38648377506107
2024-09-30,225.0891571044922,227.32792220056572,220.03962195626104,225.84856478928222,1017215,16111,46.477332356872544
2024-10-01,225.38502502441406,230.77974943082506,223.60979317287823,224.6650753189139,1556414,8471,62.99989602310529
2024-10-03,223.6788330078125,230.21758222298354,219.33937577751144,224.27056691503464,1159194,17800,52.297092620633386
2024-10-04,221.3710479736328,228.51140339358764,218.5405339149077,223.67884190608888,995692,8549,71.39628088667236
2024-10-07,208.65843200683594,224.55658764642862,207.11988770888715,223.58020636963826,738379,15926,69.57704001248783
2024-10-08,214.25039672851562,215.5620953694093,207.41575802583813,208.65842781658003,518162,9539,49.72842351769903
2024-10-09,213.5205841064453,217.15980570756898,212.33710119968032,215.8678359898371,298793,8959,66.65608224962745
2024-10-10,212.1201171875,216.7751627683864,211.20290782174354,214.4969548984765,262610,10004,77.04444841294264
2024-10-11,210.65061950683594,212.92882740570806,209.68411025706013,212.92882740570806,218110,15052,64.9348793941219
2024-10-14,208.98387145996094,212.04121594189937,208.39213756103152,212.04121594189937,290900,13486,75.25192710013252
2024-10-15,209.2994842529297,212.41600075897304,208.00751454315136,209.08251063233163,354093,7518,47.56544382249423
2024-10-16,208.57952880859375,210.06874311924156,206.76483902718843,209.57562400393817,275761,12415,53.14346984354717
2024-10-17,204.75291442871094,210.46322701660682,203.70750433877635,209.0824995485424,287877,9061,53.2507175152897
2024-10-18,205.16714477539062,206.2815988288892,200.9854891201053,205.08824390844543,261149,6216,57.10191220697385
2024-10-21,199.279296875,206.66622672901423,198.33251658951323,205.16714038672535,331755,8501,72.94562439356454
2024-10-22,192.32630920410156,199.95979841825329,191.7247032900157,199.46667930994687,366403,3421,54.8691718745052
2024-10-23,191.0738067626953,193.68733214383838,187.64168676744129,192.26714663529208,405732,10670,48.12710293441117
2024-10-24,191.43870544433594,193.20406527316408,189.70293155881546,190.34398039554938,176795,16174,65.02438497840083
2024-10-25,183.10499572753906,192.70108961409548,180.28435375183247,191.4485628323653,441673,15444,53.446634624378355
2024-10-28,185.0380096435547,187.17814477073557,180.58022373337928,183.45016551063972,241559,13201,74.00968477431054
2024-10-29,188.2136993408203,190.5313651902425,184.62379280198834,190.3439775195912,190751,8797,70.27163490059594
2024-10-30,194.377685546875,195.46255359934702,186.49765186603128,186.49765186603128,287820,16275,61.635418424524275
2024-10-31,192.8884735107422,197.7309067986534,192.31645353539616,195.17653836332525,163282,17349,71.69461115046327
2024-11-01,196.60659790039062,198.6283742403604,194.15085928099944,194.19030218887346,94847,17041,61.73215236581226
2024-11-04,192.08963012695312,196.20224186557715,190.25522636127607,195.37380533883308,233569,14510,62.72442117019846
2024-11-05,193.08572387695312,199.26944193399774,190.5609563582776,191.97126983597468,332972,6463,45.99058066873503
2024-11-06,196.38963317871094,196.93205219274884,193.79582169109645,194.28894083025955,179011,6275,51.19221633101792
2024-11-07,195.76829528808594,198.23389094662605,195.2751761563779,198.1352611007638,191417,16701,54.346197331814025
2024-11-08,196.91233825683594,199.02288757044315,192.40522210158588,195.27517910314762,276485,6495,73.32162111022372
2024-11-11,191.39926147460938,196.1627789063344,190.83709845727964,196.1627789063344,135356,7180,50.780244082250945
2024-11-12,185.06759643554688,194.28892983558887,183.44030938791641,194.28892983558887,178273,9879,78.49428985432257
2024-11-13,174.46554565429688,182.77954217730124,173.58779418734167,181.46784345948245,423366,6453,51.34163134894275
2024-11-14,171.13206481933594,177.78917298605035,170.07678267170618,175.5997228739824,291407,8914,45.527441004364356
2024-11-18,166.03321838378906,173.32151858000714,164.5242750381397,173.32151858000714,238294,13941,66.53720787215443
2024-11-19,166.8123321533203,171.9900828152878,165.6978781476043,167.1575215503052,256495,14222,56.792177907394986
2024-11-21,163.66622924804688,168.47907656693584,162.38411655503782,167.6604970402362,266783,4081,62.63739016174505
2024-11-22,167.58160400390625,168.40018356883792,162.88711528509026,165.93458790897205,254024,15754,62.65022064527227
2024-11-25,174.15980529785156,176.053380892224,169.69214732309138,171.90132637425978,244315,9129,52.32579892091359
2024-11-26,177.72012329101562,178.9430640948934,173.07494972679777,174.15980273375948,289096,3483,54.580637024081426
2024-11-27,180.78732299804688,182.6315836262632,178.11462588912593,178.11462588912593,260820,3406,69.78881962673533
2024-11-28,181.22128295898438,184.22931270629522,179.97862815054856,181.45798556245862,216304,8373,67.30719048349278
2024-11-29,185.79742431640625,187.38526850941173,180.59994449724394,182.45407723284828,259198,6233,75.7130763035847
2024-12-02,183.4698944091797,186.25109340612934,181.97080810482097,185.41278490168116,231693,4762,70.36300041189389
2024-12-03,184.74215698242188,186.89214915294662,183.4403152635782,183.93343439063085,201160,3278,71.43368591173453
2024-12-04,184.3180694580078,186.25110308636977,183.54880481223157,185.4621094615526,128074,15622,64.76361411375191
2024-12-05,185.1366424560547,186.98090313767634,184.179990165348,184.83091101137956,120006,16668,68.11157460838456
2024-12-06,184.38711547851562,186.7047664075895,183.69673664336838,185.39306768913235,129739,3901,78.89171696991372
2024-12-09,185.59030151367188,186.74421347710992,184.22930299960822,184.42654763437676,158065,14757,47.25666423895595
2024-12-10,186.34971618652344,191.31049342960162,185.11691836172665,186.30040126377125,525130,4681,51.73002459615272
2024-12-11,187.6416778564453,190.6299784517647,186.0538337242128,187.3852613374466,237023,5672,48.2365520219366
2024-12-12,185.6494903564453,188.8646215777461,184.91966864661825,188.37150246135513,261904,3340,73.72062311641263
2024-12-13,182.4244842529297,186.23136437355632,180.5802236022451,185.41278484736344,172894,6114,51.220640237346664
2024-12-16,178.2724151611328,184.64352068135722,176.7733439024455,182.5527004713769,331537,15043,59.213059114430344
2024-12-17,173.42013549804688,177.98642354886698,171.70409052252973,177.98642354886698,328063,9580,71.17617747360535
2024-12-18,167.47311401367188,174.84031490939896,166.0923864898789,173.43000144215333,414639,3456,69.23291813854448
2024-12-19,167.78871154785156,170.61921039603072,164.2086620285498,164.70178113374064,428120,5654,72.81423859837858
2024-12-20,162.6405487060547,169.7414608905172,161.8416981545128,168.64673586278917,322107,15933,72.86267226097436
2024-12-23,161.3485870361328,166.22059145028643,159.67196993762784,163.76486778854056,259587,11051,67.29339898756302
2024-12-24,161.4669189453125,163.5971970642409,160.75682623900303,161.98962398623468,171047,12739,48.86048050132228
2024-12-26,159.77059936523438,162.78848605654719,158.78436109754773,162.33482488074029,170124,11574,46.894705046329115
2024-12-27,158.16302490234375,160.93435200446547,157.28527345310803,160.11578749180876,244507,16484,57.37614911387914
2024-12-30,156.83160400390625,162.35452893780874,156.22999809525035,158.3799901646365,247151,3686,62.17968070484943
2024-12-31,159.17884826660156,160.05659971120866,156.8118824751761,156.83161145393174,128671,8907,60.01044690740872
2025-01-01,164.1790771484375,164.97792769620736,160.05659357699176,160.05659357699176,230194,3713,52.47324018767282
2025-01-02,161.68389892578125,165.3033914484658,160.7075176539198,164.30729624700805,123183,11773,68.93863324737629
2025-01-03,161.2499542236328,163.3506465162911,160.6187623442202,162.581381883532,148277,4429,73.50884356783877
2025-01-06,153.37977600097656,161.792387022804,152.86692790016323,161.29926790054543,255032,5908,73.7000825932043
2025-01-07,155.00706481933594,156.22013366000112,153.36990570340637,154.8295491567612,127876,3900,72.59478081979098
2025-01-08,152.80775451660156,155.7565972075922,150.7859631253838,155.3522509683896,155811,6847,76.64922614411326
2025-01-09,150.14491271972656,153.91233491204738,149.41509101600738,153.55728854926522,131694,14964,75.39466025131449
2025-01-10,144.3458251953125,150.8845893512812,143.59628957235776,150.40132721021777,245428,3585,59.81512118477947
2025-01-13,134.19744873046875,144.46417769235296,122.80638616862798,142.90591941864102,490463,6827,78.01378923536332
2025-01-14,142.19581604003906,143.99077678225586,136.2192149731864,136.79123493338295,433309,15128,59.371147265833805
2025-01-15,142.7086639404297,143.99077660489087,140.35155525412355,143.44834258737262,169020,9621,52.65015732070112
2025-01-16,157.61073303222656,161.57541502868892,146.76211223352573,152.86692943623925,857115,6476,47.75980436937545
2025-01-17,159.38595581054688,160.70751138440193,153.8630158811935,155.2338863747179,281824,3787,67.52986268426903
2025-01-20,162.25592041015625,168.63688306428708,160.1157852226597,163.71554880025315,668122,3457,61.8429580723632
2025-01-21,159.09996032714844,168.4790805853574,157.8967484687282,163.1237991091425,437095,4580,61.42651979949245
2025-01-22,153.1233367919922,162.71944526785398,150.75637114267985,159.6719578071436,234697,12170,54.732216077333746
2025-01-23,151.4566192626953,156.516011385188,150.56899578504968,154.78023743706598,187035,10690,67.95530559435647
2025-01-24,149.76028442382812,153.8531671456831,149.03046270056853,152.2653229597275,144237,6182,52.50821305023762
2025-01-27,144.01051330566406,149.90821381991472,143.30042056261297,149.90821381991472,209032,11449,46.926915662807595
2025-01-28,140.2233428955078,145.46028048467568,137.62954661010482,144.77977370507077,322167,10050,69.39770330231175
2025-01-29,150.4210662841797,152.15684023485196,140.29239496151837,140.9334438223139,520588,12353,57.529207014694954
2025-01-30,146.72267150878906,151.8215215542187,146.10133658363478,150.74652545260392,230005,15907,62.036457324223534
2025-01-31,150.3618927001953,151.28894402951542,145.83504762083044,147.837110097497,253749,12232,76.80008266111459
2025-02-01,147.6497344970703,152.40339501956868,146.06189031833838,151.38757082963227,189387,9318,48.16686302922623
2025-02-03,144.25706481933594,146.93963391034893,143.89214645444923,144.97701448713852,128822,12128,46.9659809086588
2025-02-04,145.97311401367188,148.02449132400054,144.67128738428698,144.9770188257031,127876,11363,55.78459925200206
2025-02-05,148.30064392089844,149.88848813837083,146.15065171461254,147.34399159460008,170756,8100,63.32388221739964
2025-02-06,148.0540771484375,151.88068626741466,144.13871020114618,148.91211463521083,497217,3334,55.8965739777608
2025-02-07,144.95729064941406,149.46440657826972,143.8033937276215,148.92197254269175,124491,11319,66.44918237288385
2025-02-10,143.07359313964844,146.1999666516004,141.64353560823423,144.18803215224344,138508,13656,73.63677985593615
2025-02-11,137.57037353515625,143.2412432510938,134.0001809764597,143.05385558310687,231741,17352,75.33157929571219
2025-02-12,138.79330444335938,139.9472013877961,132.20524016938535,138.96096313968252,264152,12587,49.187111513817946
2025-02-13,136.25868225097656,139.94720372940512,135.80500602778076,138.8031787795405,148181,7361,49.13531390151674
2025-02-14,130.82449340820312,138.56646942778102,129.69032547867047,136.93918238996446,245233,16990,63.75124683382535
2025-02-17,128.02359008789062,132.90546661632996,125.51854392697717,131.15983567720207,288482,14497,58.35886651271923
2025-02-18,125.15363311767578,130.37083426671646,123.0923913005687,128.21097013131157,272356,4981,47.34378836931681
2025-02-19,128.7139434814453,129.62128082957813,124.26601456804624,124.26601456804624,213616,7700,60.24018652092864
2025-02-20,132.5800018310547,134.0199163095499,128.50684805773076,129.0985819833906,223463,14142,55.99390064874501
2025-02-21,130.74560546875,136.16991557170914,129.50293570483967,132.61945203025198,215796,7605,56.293643466919896
2025-02-24,126.72175598144531,130.9231254366461,126.28780875109759,129.69032764534057,192061,3278,55.64307601767973
2025-02-25,122.81624603271484,127.55019256400219,122.49078560975371,125.69605986912103,242273,4548,54.52553940809065
2025-02-27,121.84973907470703,124.11808254023153,120.88322227677,122.86556327061591,173245,6235,65.5821003946969
2025-02-28,118.1414794921875,122.19491925435206,116.37611214235422,122.19491925435206,349887,3717,75.05989533758805
2025-03-03,116.21830749511719,119.80822151557015,112.92427547294608,118.34858564850244,343301,13109,74.61445351664065
2025-03-04,116.69171142578125,119.05868477096075,114.54171170319998,115.41946315869225,399757,11613,62.07163989281206
2025-03-05,122.37244415283203,122.88528473329838,116.27749145256271,116.37611377291385,414711,10824,62.22172598906006
2025-03-06,126.07083892822266,126.73161675838293,123.27978283889391,123.27978283889391,241163,7836,77.15972450743297
2025-03-07,126.96831512451172,128.70408899142538,125.50867923364282,126.07083472366384,239812,15798,55.875808699282715
2025-03-10,120.07450866699219,128.01372970360498,118.54583634771367,126.89927564943649,309066,10725,76.19273328068783
2025-03-11,117.23414611816406,119.3348309290397,115.3898778404764,118.59515222493408,355541,16825,77.39487040665006
2025-03-12,118.1316146850586,119.77863073305592,117.0763400736854,117.35248557581662,345366,11732,70.88570910025368
2025-03-13,116.93827056884766,119.82794898105405,116.37611505978911,118.8417107178355,315570,4580,78.14481182397074
2025-03-17,113.86119842529297,118.05271082112645,113.41739424020018,117.50041983089535,284146,16067,50.88023483714597
2025-03-18,113.86119842529297,113.86119842529297,113.86119842529297,113.86119842529297,0,17626,45.01989845908019
2025-03-19,125.0747299194336,126.13986899573634,120.12381739901969,120.12381739901969,693681,5371,64.88875746327957
2025-03-20,123.69400024414062,127.16556311843325,122.9839074960171,125.45936762505862,217847,6533,78.36418282288066
2025-03-21,125.02542114257812,127.91509955074207,123.83207374868118,124.11808374754254,597722,14852,50.96535756940757
2025-03-24,126.28781127929688,129.2267970589415,125.64675491010436,125.64675491010436,441206,15148,61.87188360680336
2025-03-25,121.1297836303711,128.18138874304424,120.56762811925734,126.92886193051304,483728,13632,72.13451608082275
2025-03-26,118.1414794921875,121.80042245407412,116.47473446132355,121.12978015092182,334918,5635,58.21979918272196
2025-03-27,118.06257629394531,121.37633731174812,116.3761098423779,118.14147715732169,824906,14543,51.914425600736806
2025-03-28,118.11189270019531,123.06280531112476,117.55959417401472,118.3584522580472,442138,9683,74.92840009505893
2025-04-01,122.77679443359375,123.97014178204263,117.36234868913714,118.1118918464209,422770,15894,48.12020549982762
2025-04-02,123.58551025390625,125.59743714701784,119.3348258883365,122.68803737685582,361390,9372,74.53780316864616
2025-04-03,124.46326446533203,125.34101590817262,121.97794737957682,122.29354331942511,209128,14357,62.27258597138896
2025-04-04,118.6740493774414,124.7591375201989,117.14537709371824,124.7591375201989,423038,9454,66.44839327350115
2025-04-07,115.65615844726562,116.86923482837244,108.48620954532464,108.48620954532464,380803,17309,58.567602134932955
2025-04-08,117.52014923095703,119.23620161705446,114.94606688961066,117.85546661211612,175118,8398,75.86664052899408
2025-04-09,116.1985855102539,117.95408831877548,114.99537369109181,117.36234689811883,74585,10325,54.47262803132864
2025-04-11,117.02703094482422,120.32106299207535,115.11372638779781,118.14147742604861,194785,3216,53.9340443869389
2025-04-15,124.45340728759766,126.43574075431772,118.84170923222621,119.53207299808881,429713,4476,54.98261776740276
2025-04-16,126.26808166503906,128.210972217157,125.00569791172809,125.73551210828586,303573,16374,65.70152733470428
2025-04-17,127.05707550048828,128.99996605608396,125.30157262012285,126.48505550987012,251317,11038,75.79868256661732
2025-04-21,128.3983612060547,129.838260635285,126.33712685872001,128.69423569319017,273295,9952,48.00445397603686
2025-04-22,131.91921997070312,133.04353094876475,127.68826459370308,130.17358914213446,376497,4255,70.6834819763906
2025-04-23,131.14996337890625,133.93116257564336,129.2070727468372,132.94492428723478,251446,17921,55.283812154558206
2025-04-24,132.51097106933594,135.48941477995996,131.2190013774696,131.95868006048937,370370,15375,65.68125407294059
2025-04-25,127.61922454833984,133.76349972998213,126.13987468594162,132.5109729288279,289541,12799,76.76119298040311
2025-04-28,128.23069763183594,128.99996223985443,125.55798543304275,128.26028357454427,148656,15979,60.16138329185711
2025-04-29,129.3451385498047,131.8501920949838,128.30960044170274,129.8777156242354,166918,13574,74.66526016400363
2025-04-30,125.53826904296875,129.59170136991563,124.62106716001269,129.59170136991563,145048,3925,45.841146316404775
2025-05-02,126.43573760986328,130.28207572195618,124.36463883938295,125.53826473656204,229542,16796,51.81070300271033
2025-05-05,129.8678436279297,132.15592355772685,127.49102091745053,127.49102091745053,233664,15655,45.818514790838215
2025-05-06,122.93460083007812,132.7476760489763,120.00547198882272,130.86395735735113,377803,16119,74.87868352306556
2025-05-07,122.26395416259766,123.88138425236343,119.4334477433073,121.30730187883609,306550,6814,70.28713781738973
2025-05-08,118.06257629394531,124.67037687590705,115.69560306345754,122.88528058291894,322388,6236,46.88334889135927
2025-05-09,116.79032897949219,117.61877300246329,113.13138606200442,117.16510432118885,428253,16346,50.7121291132946
2025-05-12,125.94261932373047,127.07680232077557,120.5183090431181,120.61693888592242,374016,4448,65.43531671522416
2025-05-13,130.75546264648438,131.35706855174598,125.74537077372234,126.12013858175402,377018,5754,49.5112080359275
2025-05-14,136.79124450683594,137.58023812952547,132.6490467987181,132.6490467987181,849687,12272,57.83978282667401
2025-05-15,138.89193725585938,140.04583422495526,136.74193000364866,137.75775421701005,561478,14345,65.56890745356667
2025-05-16,146.91990661621094,147.738486132292,142.21554616426585,142.31417600429518,1287646,4044,56.75901891920033
2025-05-19,143.7047882080078,146.84101875443514,140.4304698537936,143.99079069133276,1234879,15356,69.79219219056658
2025-05-20,143.19192504882812,146.6536156741691,142.31417366269207,144.6811392964431,412406,4631,62.2765328494458
2025-05-21,145.9435272216797,146.45637530847802,141.64352799114204,143.99077976456422,514784,7508,66.17383419194701
2025-05-22,144.72061157226562,146.4958284488466,143.10318138442827,145.8646365474662,286354,12802,53.82759353615993
2025-05-23,144.80935668945312,145.56876431699982,141.771741228067,142.28458930565185,296825,5866,56.75341613611391
2025-05-26,142.59033203125,146.8410166013878,142.11694187150056,143.5568413299723,261539,5508,68.1963282153814
2025-05-27,140.85455322265625,142.56074117100468,139.66119832601862,142.56074117100468,169964,13181,65.82671944526868
2025-05-28,143.0933074951172,143.89215808887022,140.54881094354712,140.93344326827273,226999,8606,50.24474701428727
2025-05-29,143.78366088867188,145.47013483603996,142.80729469964888,144.22748011873765,272914,14635,78.48087325692171
2025-05-30,144.59239196777344,145.41097152981018,141.18000096511432,144.28666051483955,210685,6002,55.564614812595515
2025-06-02,146.91990661621094,150.59857090753366,143.59628868067276,145.96325435336925,619549,7898,69.50341226161174
2025-06-03,144.69102478027344,147.7384974558672,144.28666347348152,147.49193788569679,204700,12732,67.23635969287506
2025-06-04,145.4898681640625,146.25913278093736,141.77174581663326,145.8646284589495,192280,10223,52.84054600059705
2025-06-05,148.46829223632812,149.38550158912415,144.58252636330627,144.58252636330627,312072,16287,53.31300498065447
2025-06-06,149.40524291992188,150.69721266293595,147.5511101321327,148.5274914499412,249828,12897,65.765320320545
2025-06-09,149.2277069091797,153.3600475764432,147.9357372120031,149.41509458412312,319854,10774,67.48688025141308
2025-06-10,152.29490661621094,153.85316483514094,148.7839009034223,149.90821189065014,331120,15469,62.62785935704913
2025-06-11,157.64031982421875,159.73115516804054,151.53550258865516,152.37381112894994,1160378,12975,48.58341903471993
2025-06-12,153.95179748535156,158.78435891094674,152.13710766070875,157.7981206568415,385451,8041,48.00278537945465
2025-06-13,156.3779296875,157.1077513875515,149.02060099682274,149.61233489928526,408672,11907,49.843673185251546
2025-06-16,153.62632751464844,156.94994540895277,151.2988047775592,156.0623370549037,231975,11964,52.704278156807135
2025-06-17,150.20408630371094,154.0109664953849,149.8588969017027,153.62633418542205,180266,11881,70.99845042264451
2025-06-18,149.2277069091797,152.76829860807464,148.34995547034052,152.47243917269174,304604,7292,65.44845828431201
2025-06-19,144.3458251953125,149.19811538863195,142.78756701573744,149.0698996055578,287393,3649,76.34953442877136
2025-06-20,146.67335510253906,150.8352817599951,142.11693916094944,143.00454757465081,256076,8826,47.95689267529692
2025-06-23,144.85867309570312,146.94949328521884,143.9907786553151,146.94949328521884,94780,7038,66.53812282757602
2025-06-24,145.6476593017578,147.36371929512418,144.82909478728243,146.94950103096022,132855,16695,78.34385285942082
2025-06-25,154.39559936523438,155.49032441276023,146.0520172396589,146.5550083729121,763755,14538,46.316146385913044
2025-06-26,152.80775451660156,155.9538568936046,148.340096516602,154.79008795109635,312001,13505,49.69523833466093
2025-06-27,151.19032287597656,154.44491202767097,150.87471942060694,153.4093588818408,208796,3611,67.4009922133178
2025-06-30,151.82151794433594,152.37380895409598,150.4703763634015,152.20615025819035,116733,17727,45.46717019070083
2025-07-01,149.2277069091797,152.6203688903832,148.9219754600831,151.88069020432317,134444,11042,55.1220869187419
2025-07-02,151.74261474609375,152.22587689660529,148.52748353224462,149.90821103541882,188901,8689,68.86167378026794
2025-07-03,150.4999542236328,151.74260892885087,149.56301590153925,150.60844102678044,116754,4399,46.28135415884709
2025-07-04,150.529541015625,151.5552221203403,148.62609346761212,150.49995507358133,156857,11461,48.78524298405268
2025-07-07,154.66189575195312,157.30500714386073,149.85890504986116,150.50982593251376,702540,5760,58.80404457903149
2025-07-08,152.75843811035156,156.2004149341175,151.85110074895792,153.6066035860371,208016,14603,51.8632892668171
2025-07-09,152.77816772460938,154.32655391935577,151.88068732416343,151.88068732416343,140605,6227,56.42271647498218
2025-07-10,152.42312622070312,154.0306843526674,150.16463217607847,152.96556027391875,138249,3768,76.41755187042608
2025-07-11,150.48023986816406,154.34629215330432,149.9082198549665,152.7683048721523,123036,11858,55.22943880091835
2025-07-14,151.2593536376953,151.77220173475095,148.25133905299893,150.48023205170801,84586,10419,57.69958275826545
2025-07-15,152.6894073486328,153.84330425190018,151.25934990084937,151.7327550781905,119329,3115,64.66757757027605
2025-07-16,151.8609619140625,154.34628652415418,149.7208267118841,154.34628652415418,63797,16062,64.82142571481674
2025-07-17,151.3086700439453,153.17265972876243,150.49996250680843,151.68344539340953,60431,16232,76.32725235647095
2025-07-18,149.93780517578125,151.87083883470845,149.56302981208674,151.87083883470845,60600,16324,50.418958050914185
2025-07-21,149.47425842285156,150.6971992021908,148.57677805371068,149.9082056364494,72416,3615,72.99518892852143
2025-07-22,146.28872680664062,151.23964721732492,145.79560766351116,150.0956071935521,145219,10423,72.68354215341132
2025-07-23,143.8033905029297,146.93963582543347,143.22151357272202,146.7226622160678,100598,8741,66.46634106536305
2025-07-24,145.253173828125,146.82128909406683,142.66923432961946,144.9572993320147,105683,7417,75.99484042184278
2025-07-25,143.43849182128906,144.97702106560567,142.51142546925183,143.99078282706412,76453,4520,77.63660574631493
2025-07-28,138.02403259277344,143.03412443693512,137.18573915501446,142.01830029842682,111990,8364,55.42178178929497
2025-07-29,139.93734741210938,140.62771119077559,136.7912449256144,136.8011169395393,76585,17527,53.89099630784894
2025-07-30,139.67105102539062,142.8171533352805,139.07931712637992,140.0260973843174,113280,5580,50.67237885296418
2025-07-31,137.69857788085938,139.27656508011316,137.38298947028937,137.38298947028937,56430,14855,58.53665799501238
2025-08-01,136.23895263671875,138.9708368306287,135.21327146777435,137.09697510731655,71131,13281,76.4741197840492
2025-08-04,137.639404296875,138.96095990689014,135.11463684824875,135.5584410398149,53166,4378,56.619029612686916
2025-08-05,139.10890197753906,140.04582526355622,136.39674691081527,136.39674691081527,52308,4544,76.01813864960101
2025-08-06,135.41050720214844,139.44421780854896,134.22702437774348,138.86234088512992,79915,16113,68.5148000161144
2025-08-07,135.25271606445312,135.99239476869553,133.20133865216462,135.3217599669406,52452,5276,74.21499276752375
2025-08-08,133.9508819580078,135.9332153581137,133.2605031665432,134.47358700951037,87665,9170,55.75190926540602
2025-08-11,131.87977600097656,133.14215971885122,130.52863445500157,132.25455134024594,121125,7046,78.79704566175974
2025-08-12,129.1577606201172,133.7536191710685,128.80271426801616,131.17953688053626,117753,6065,62.06694065514825
2025-08-13,129.3352813720703,130.09468902572243,128.51670183220136,129.1972086212973,66301,9011,60.52892795798707
2025-08-14,127.96440887451172,129.98620023257826,127.13597238252768,129.96647125454027,103754,8735,50.75321026949139
2025-08-18,128.16165161132812,129.76922469960596,126.4850496741406,128.4969689890055,123312,17755,63.73479683487806
2025-08-19,130.11441040039062,130.6765734492198,127.71785857867141,127.71785857867141,114854,5907,56.41900488322334
2025-08-20,131.12037658691406,132.15592979281215,129.29584479442877,129.29584479442877,123172,3220,54.48069155768613
2025-08-21,131.0612030029297,133.6155565086576,130.2820813916697,131.1696898145028,110625,9185,50.056909655861425
2025-08-22,128.50685119628906,131.55432387695092,128.21097670183212,130.1834532664757,102727,12860,78.81850051775052
2025-08-25,127.20500183105469,128.99009060746843,126.731611697522,128.21096903251254,107349,16980,76.06790207033254
2025-08-26,126.03138732910156,127.87565557209777,125.49881776923527,126.33712630430675,105122,15234,66.7040100760833
2025-08-28,122.51051330566406,125.58757174682998,120.00546731548378,125.25225436261083,179495,11139,52.65659069262796
2025-08-29,122.28367614746094,124.25615260934161,121.5637264525388,122.39216295481641,67334,9299,56.843908545938035
2025-09-01,124.08849334716797,124.26601652889957,121.60317632732621,121.60317632732621,92053,16730,70.19086237206366
2025-09-02,137.0377960205078,142.01830198170987,131.16968169144036,133.13230114333922,4096168,6255,74.76656444318421
2025-09-03,137.0673828125,138.07335000477042,134.17771206796743,136.74192239591835,337626,11791,69.09978917239934
2025-09-04,135.02587890625,137.58023229558117,133.36899086398043,137.15615708253898,181590,5455,62.28865215101601
2025-09-05,135.548583984375,139.84858324518788,132.45179656136764,134.2862002609071,240899,6296,60.49835126980531
2025-09-08,133.1520233154297,136.05156623486684,131.95868343695219,135.31188753292068,99085,10555,51.1132836645596
2025-09-09,132.54055786132812,134.13825901126353,131.56417657592237,133.04353395143335,74950,10489,46.54326951157285
2025-09-10,132.54055786132812,133.78321263918883,131.39651787922062,133.24079364054262,94269,16399,47.415016841490306
2025-09-11,133.34927368164062,134.52288449898398,132.25454867737525,132.25454867737525,106137,6334,54.628577096328165
2025-09-12,133.1914825439453,135.1146441775886,132.69836340461106,132.99423789797197,131400,5006,71.01910798536535
2025-09-15,134.9469757080078,136.08114362685976,133.63527708646905,134.11853922560462,182176,3162,76.27920064145306
2025-09-16,134.7694549560547,135.70639336119055,133.93116144725136,135.1146443736102,80626,8041,66.61752395045718
2025-09-17,135.5781707763672,135.90363119834984,134.6313754534357,134.6313754534357,90401,9595,51.06223152454308
2025-09-18,138.2311553955078,141.3575288119307,135.1146389439211,135.5781721208445,302869,8522,76.4904364267102
2025-09-19,139.18780517578125,139.5329795244221,136.49536399285702,138.96095954943897,93686,17432,70.86320455285106
2025-09-22,138.94125366210938,139.8683200528514,137.343537415783,138.07335916034205,68964,12491,73.2317425527275
2025-09-23,138.832763671875,139.08918020116397,136.6433135371104,138.96096441211873,74142,5754,61.849239255211195
2025-09-24,137.31394958496094,139.94720394977435,136.77151552880798,137.58023813049087,147371,10788,62.5532014157631
2025-09-25,134.91738891601562,138.07334814967666,134.22702518502737,138.07334814967666,68975,17692,52.13930999984734
2025-09-26,131.5247344970703,135.1146411490042,130.084820021017,135.1146411490042,122118,4081,73.00498489186549
2025-09-29,132.5997314453125,133.6352846311816,131.16968897377973,132.1559272367405,78970,15734,63.233595456047965
2025-09-30,131.2978973388672,133.32954563787118,130.22288625594112,132.59972394698204,68405,5594,45.59685871444559
2025-10-01,132.5208282470703,133.14216315742138,130.213034364054,131.36693130556216,71536,11652,61.36246822894271
2025-10-03,134.00018310546875,134.37495844739712,132.46165387894342,133.14216066347603,96154,13656,47.4847136891687
2025-10-06,135.400634765625,137.10683767301487,133.90156354883928,135.6077514074286,131597,9099,57.66277770203078
2025-10-07,137.10684204101562,139.0497325451634,133.82266695099116,135.6077557276709,156318,12814,78.88099528473958
2025-10-08,141.28848266601562,143.89215097751227,136.90959758893567,137.1068422241337,479090,5874,59.352571971086064
2025-10-09,140.4304656982422,142.41279918975002,138.5664759827045,141.33780309455034,98897,13218,57.843190451914765
2025-10-10,139.68092346191406,142.3930785581318,138.40866773490524,139.73022333371367,103810,16781,53.20294612831197
2025-10-13,138.57632446289062,139.47380483918337,137.18574003398066,138.08320536147272,69568,14680,76.68617678724581
2025-10-14,135.5683135986328,140.2332162087861,135.21326723419148,139.05959030830502,170798,7719,60.17219537016748
2025-10-15,134.30592346191406,136.8898780216936,132.7378081884034,136.8898780216936,167077,11895,45.68519465031667
2025-10-16,134.01991271972656,136.1008759908135,133.3394059319643,134.30591518548113,102419,7584,68.02294205220001
2025-10-17,135.8937530517578,137.0772509142097,132.0572871094841,133.04352529566037,173059,10472,57.96111987475175
2025-10-20,135.2625732421875,136.58414396626694,134.62152438369066,135.8937651355143,77058,14102,54.816512186286694
2025-10-21,136.78138732910156,138.07335704795634,135.26257197424513,136.34744008485688,26051,9118,58.346870328738106
2025-10-23,141.09124755859375,142.90592240304076,136.78139104083155,138.0733607947455,361132,10786,58.33089136775304
2025-10-24,136.169921875,141.02221224040298,135.1146397281511,141.02221224040298,196326,7381,75.93251672378217
2025-10-27,133.9114227294922,137.57037310404232,133.14215813086238,136.8898663324542,190325,12054,59.79683158268758
2025-10-28,134.0100555419922,135.6373426023843,133.33940572004556,134.12839931400583,159738,12192,45.146127756490024
2025-10-29,136.97862243652344,138.51715161443082,133.38871600513937,134.12839465211795,339780,16778,72.75224378369876
2025-10-30,136.79124450683594,138.06350029751317,135.16395738719018,137.87611261913423,145232,5002,45.550463251156174
2025-10-31,134.86807250976562,137.58022753281392,134.40453935646786,136.24879995652455,98930,17854,57.81782407504262
2025-11-03,134.1875762939453,134.9667129527485,132.95477845933416,133.14216613800332,92748,15383,77.25405217857218
2025-11-04,133.29995727539062,134.89765832641518,132.30384707298109,133.3098142397153,118764,8384,56.863723062554556
2025-11-06,131.27816772460938,134.04949466557045,130.67656181918787,133.63527642641478,123683,16648,54.19491519201216
2025-11-07,130.51876831054688,131.3669338199581,129.118311780831,131.3669338199581,79271,12015,70.99828651469865
2025-11-10,132.3926239013672,140.0458270612294,131.61348728123323,136.1008741862652,495247,16813,47.31408263280684
2025-11-11,130.84422302246094,133.19147480492276,130.0059295635824,133.14215988409438,127056,4635,55.02912023098242
2025-11-12,130.173583984375,132.3531619547484,129.69032185419422,131.41623868495347,145597,12803,63.56749798126019
2025-11-13,129.2859649658203,130.43000491554412,128.70408802630251,130.30178913101273,127119,15049,51.19780014015044
2025-11-14,129.47335815429688,130.45959641875606,128.21097437969325,129.63115988832274,128872,14370,46.32086364943589
2025-11-17,129.77908325195312,131.15982578384885,128.21096809998096,130.0651007619662,89838,10081,69.8682575376474
2025-11-18,128.9210662841797,129.78896076679928,128.2109735345458,129.7790887529867,67738,16093,77.41577669067766
2025-11-19,128.99996948242188,130.18345240360335,128.30960569913285,129.3747297940349,103122,6981,46.1009298465915
2025-11-20,129.11830139160156,130.17358347311682,128.21096406713636,129.12815835588472,54959,5565,74.63445556194971
2025-11-21,127.9446792602539,129.59169527141347,127.22472957785742,129.09857616452257,91620,7083,64.80643774829309
2025-11-24,126.8992691040039,128.75340176069065,125.84399451671109,127.94467920233124,107180,7574,45.29487722902081
2025-11-25,124.11808013916016,126.83024280476941,123.78276275159573,126.83024280476941,127577,8045,49.401393887172844
2025-11-26,126.30754089355469,127.22473524983809,124.26602047658604,124.26602047658604,99968,8109,77.75683806902771
2025-11-27,125.893310546875,127.60936294637322,124.86762189303683,127.22473064173397,84213,12847,47.1051318555056
2025-11-28,124.63092803955078,126.514639149271,124.2167022637228,125.89331177212988,69596,7327,74.30199102373504
2025-12-01,123.69400024414062,125.24239400486525,123.27978198253548,124.63093110184835,77179,7547,50.42257062006981
2025-12-02,122.83597564697266,125.00569676247831,122.19491928690033,125.00569676247831,77657,10723,74.04581990877311
2025-12-03,120.65637969970703,123.82221099364678,119.33482410235189,122.83597277792487,98707,15384,55.87934232251865
2025-12-04,119.36441040039062,121.28757944141589,118.67404665708953,120.3210626763939,177027,7465,50.45591448788644
2025-12-05,118.78253936767578,120.56762822437565,118.41762849984838,120.56762822437565,111814,17038,62.03181191454498
2025-12-08,115.16303253173828,119.41372433567376,114.31487459313907,118.20064802599741,155554,8131,45.63092248929909
2025-12-09,114.42335510253906,115.50822316528134,112.2339125721695,114.40363364885306,335806,15827,51.800853035939596
2025-12-10,120.71556091308594,122.96418287462882,114.50225705143276,115.48849528189196,890721,15469,54.458675999389555
2025-12-11,125.3311538696289,127.91509317115998,118.02312510216791,121.45523739293186,468191,3353,57.29467224644899
2025-12-12,129.20706176757812,131.07105137232733,125.70592065587479,125.74537108698699,449750,10144,46.90400211764398
2025-12-15,129.53253173828125,130.47932710603087,126.35684328124037,128.21097605831568,123807,5294,75.84476863881473
2025-12-16,130.16371154785156,134.69055625774908,127.00775236306059,128.99995771203507,315149,6564,57.18898471873835
2025-12-17,126.85983276367188,130.18345089903838,125.74537870929844,130.18345089903838,124559,9266,59.074000659475544
2025-12-18,128.0531768798828,130.0848253640391,124.37451224547554,125.79469780106498,340394,11387,47.93631176335786
2025-12-19,122.27381896972656,130.07495945018727,119.87725977174016,128.99996339204716,548151,5187,52.525492248826495
2025-12-22,123.96028900146484,124.4336791514328,123.27978219593504,124.26602045350252,128576,11997,46.798375273794
2025-12-23,122.4316177368164,124.86762745769136,121.89904817025905,124.75914064648148,174573,8943,77.3548239065473
2025-12-24,121.59331512451172,123.16143033518819,121.12978194166247,122.90501380695729,101957,13738,51.43607816984713
2025-12-26,120.41968536376953,122.64858585162663,119.9265662529233,121.71166255077898,145345,7967,76.76498255815495
2025-12-29,122.65845489501953,125.7453779347511,120.32106751403634,120.53804113476906,250626,12113,58.00888938822276
2025-12-30,121.39606475830078,122.6880420055678,121.20868460403217,122.6880420055678,76741,7050,76.43015215777615
2025-12-31,121.662353515625,123.98987643337041,121.3073071366875,121.51441627033422,166496,16721,58.787610943371746
2026-01-01,121.35662078857422,122.57955412299133,121.01143137837838,122.25409369164136,112705,3976,70.5113637842471
2026-01-02,122.1949234008789,122.76694340447264,121.09033382749799,121.78070513251139,118880,10932,64.89584058330124
2026-01-05,121.6524887084961,122.68804189842704,121.32702827458627,122.29354508681521,134962,10694,63.693548285789014
2026-01-06,120.6070785522461,121.88918378447052,119.96602217393345,121.30730681875961,104459,7275,55.89697399513426
2026-01-07,121.96807861328125,122.04697947657677,120.32106259508983,120.8141817040861,96231,11666,66.38793932404727
2026-01-08,119.32496643066406,121.70180427806015,118.94033410650965,121.30730746435282,91604,17781,51.92634641605925
2026-01-09,116.36624908447266,120.33093106565163,115.33070343595628,119.92656977118283,196814,6516,74.90887811698141
2026-01-12,117.0368881225586,117.37221303108119,113.72312709118485,117.35248405295606,129771,8633,65.4094294158296
2026-01-13,116.88895416259766,118.24010327484518,114.89675620691366,116.37611358296834,99670,12237,45.424282802830554
2026-01-14,116.42543029785156,117.98368103941014,115.19263246549143,117.94423060584651,146038,17906,68.56992150160539
2026-01-15,116.42543029785156,116.42543029785156,116.42543029785156,116.42543029785156,0,7924,48.64541026764455
2026-01-16,114.86717224121094,116.91854964385256,114.40363905149471,116.37611558686531,121527,13232,74.49779175911837
2026-01-19,114.21624755859375,115.55753215980585,113.61464163344418,114.8573039160614,147145,4331,72.84903980996314
2026-01-20,112.02679443359375,114.62060573621726,111.55340430742395,114.33459575297282,142147,4424,51.1713891956158
2026-01-21,108.95960235595703,111.97748891518702,108.4862046974501,111.83941616570594,199908,11848,55.321693509245975
2026-01-22,112.70730590820312,113.41739865149049,110.48826984763049,111.44492215320369,161050,7293,74.3314841826774
2026-01-23,110.4291000366211,114.10776456142258,110.06418916879325,113.41740078380326,154749,11900,57.664982206443476
2026-01-27,113.93023681640625,118.34858738969095,109.04836059634171,112.36212164520511,231367,6221,78.5752148910459
2026-01-28,114.96578979492188,115.63643209010918,113.71327055764583,114.65019386332787,103118,14325,54.760797927698675
2026-01-29,111.59285736083984,114.89675393035182,110.4192314579491,114.89675393035182,201481,16904,76.72442593425151
2026-01-30,115.23207092285156,115.98161408280139,110.82359236514277,111.44491973986402,224272,7248,75.51196649629208
2026-02-02,113.94010162353516,115.29125070878946,112.03666153672897,113.4173965650092,171045,6127,50.3622404383891
2026-02-03,114.72909545898438,123.18115681542527,114.40363503621487,123.18115681542527,285139,10220,67.94917025520763
2026-02-04,121.1001968383789,121.3073059700338,114.09790669783435,115.38001192108854,374538,17236,68.94523369123749
2026-02-05,118.69377136230469,122.78666158674292,117.77656949284938,121.10019508956393,156736,13444,65.95226005845677
2026-02-06,116.29721069335938,118.69376990184128,115.8731279519605,118.69376990184128,170278,17155,50.44819408283343
2026-02-09,118.84170532226562,120.61693712522148,115.58711619164671,116.81991396469927,268935,6621,78.01971323911573
2026-02-10,120.83390808105469,121.5538653202599,119.32496474994869,119.32496474994869,202935,17502,56.84760051072989
2026-02-11,118.59514617919922,121.20867897202008,118.25982879547755,120.32106306746199,158093,4467,72.99481864739832
2026-02-12,116.8495101928711,120.11395636524406,115.30111645430499,119.00936682570365,219624,4504,67.60888807066297
2026-02-13,116.34652709960938,117.55959592868227,114.08804061304846,116.67198752668773,142493,9604,67.47383850823303
2026-02-16,115.4293212890625,118.6444599685091,114.50225496154344,115.88298996386533,123901,12009,46.22451900666825
2026-02-17,116.25775909423828,118.34858683714536,114.94606797533764,115.38987216621673,152101,4950,73.02413304078429
2026-02-18,115.44904327392578,117.15523870006776,114.75867953178768,116.36624511670952,78933,3443,68.47112864053082
2026-02-19,113.60478210449219,115.44904274623158,113.41739443631101,115.439185781675,99183,8791,50.272678701794405
2026-02-20,111.85913848876953,113.9105158175742,111.35616240792268,113.60478437340447,186035,10891,65.86991244893932
2026-02-23,113.8513412475586,114.38391078331291,112.18459626664601,112.25363264029562,144575,14557,62.3460156619925
2026-02-24,112.22405242919922,113.8414825725067,109.48231127223654,113.8414825725067,156764,5049,53.772711866598385
2026-02-25,112.41143798828125,113.34836130720733,111.71120221589575,112.43115944235942,93686,3025,69.20670476846999
2026-02-26,118.21051788330078,119.42358672366655,111.93804197758284,112.51991893650285,616445,6089,64.27075734295578
2026-02-27,124.89720916748047,129.88757221634734,117.41166459418017,118.94032933998376,2153193,8699,65.90021333822469
2026-03-02,122.99376678466797,127.67840582631707,119.33482391307128,121.3073003413865,600598,5040,68.43634061782831
2026-03-04,127.24446105957031,132.94491684349242,120.42955125652948,122.10615324318871,1866247,7172,67.26257804660116
2026-03-05,126.32725524902344,132.84629075666263,124.69010364833204,130.18345046152805,520790,3134,64.42657379345012
2026-03-06,119.82794952392578,127.02749188779853,117.70753574351934,125.43964767487098,572747,12958,72.23401013444303
2026-03-09,125.0747299194336,129.19720595232346,117.47083419722871,118.39790052561078,1589928,14256,51.53061573368828
2026-03-10,125.00569915771484,128.11234364980606,121.65248757680921,124.7591395933012,573718,14483,59.28806521597717
2026-03-11,125.71578979492188,130.18344782312974,124.759137497166,124.80845241898047,474135,14865,70.11171565977659
2026-03-12,121.75110626220703,128.0137250308323,121.30730206927478,125.75523858531368,383009,11362,57.66987791192495
2026-03-13,117.17496490478516,123.08253748170422,116.50432258905815,122.09629922471748,284481,15822,56.82035742402276
2026-03-16,114.14720916748047,118.15134144645147,113.03276269067648,116.47473196234229,326974,12919,58.113786370967794
2026-03-17,116.5634994506836,119.20661822255315,114.65019486618381,115.38987354273983,536255,8594,56.24982625752549
2026-03-18,118.80226135253906,120.22244687215102,116.56350378564046,117.27359654544645,253947,5210,75.46263238112451
2026-03-19,118.72335815429688,120.81418595885894,115.74492194180256,116.47473614198712,392427,5830,74.03960377669428
2026-03-20,124.91693878173828,126.97817308653754,120.5479030883478,121.80042233931951,731325,6783,48.11949790395377
2026-03-23,120.31120300292969,125.92290109952017,118.7923951824753,123.32909718941214,495659,7973,73.3671464229975
2026-03-24,119.29537963867188,122.54996892312863,115.91258208854168,121.3073066023214,439426,5705,51.149720652453155
2026-03-25,122.03711700439453,124.1673952021764,120.31120009438446,120.31120009438446,607448,10851,61.24357261924463
2026-03-27,131.73184204101562,134.07907869609863,119.82793988423565,121.30729716675707,2680636,11426,46.52549432091274
2026-03-30,139.81900024414062,144.43458800853168,130.33137809155681,130.67656749691827,4310764,6726,49.833584320116785
2026-04-01,138.79330444335938,145.47014159675268,137.4323058941476,142.26486729038356,1049971,5712,66.63961914933827
2026-04-02,136.3868865966797,138.78345346840942,133.49721562841194,138.1719905438044,496325,16667,63.7167906016069
2026-04-06,139.29629516601562,141.90982049620754,134.5327626359666,138.07335432443077,656445,6265,60.15916786560953
2026-04-07,136.78138732910156,142.5114292387835,135.75569110655925,137.876112404791,350633,7124,60.42396122039326
2026-04-08,133.1520233154297,139.05959596587482,131.87978256955506,138.27060234070527,588163,13297,67.45466805359207
2026-04-09,134.70042419433594,136.83070246089616,131.96853998348234,134.12840419412245,483333,11595,74.9576041501187
2026-04-10,139.2272491455078,143.49766248794683,134.23688610871798,135.07519462387248,908570,5093,63.76339349592766
2026-04-13,138.31005859375,142.4029413412085,137.55065092211595,138.86234960991968,532095,11804,63.44147002527341
2026-04-15,142.05775451660156,143.12289365951082,138.12267343038877,139.05959678192505,776852,9126,59.48897990714868
2026-04-16,139.63160705566406,143.99077812171186,138.96095724999478,143.5962888587069,396007,11184,56.65333907825829
2026-04-17,140.50936889648438,142.29445777472625,139.65134640886137,140.99263107105006,401844,14643,46.770228206983
2026-04-20,140.72633361816406,145.46028007041994,137.6788611387697,140.7361905827676,799481,3310,45.01207575862887
2026-04-21,140.4206085205078,145.45041462604175,139.94720331974102,141.13070127285638,337379,10734,55.17740863019988
2026-04-22,144.8488006591797,147.83710122274775,142.01830182045765,142.01830182045765,1011914,7579,61.00726464852422
2026-04-23,148.45843505859375,153.0641656472495,145.89420971878852,146.42678677417607,1154350,17629,45.307572931831174
2026-04-24,140.83482360839844,149.40523631734226,140.04583000704918,148.92197416242553,537304,17823,71.33246878108494
2026-04-27,142.5212860107422,144.96716773884324,141.1208294827239,141.1208294827239,259973,4999,52.7860090718341
2026-04-28,138.05361938476562,142.62976404282728,135.89375531328727,142.21554580359592,710633,8732,47.33265663298123
2026-04-29,142.0972137451172,144.4839085862141,139.7598338279739,140.1247371773873,820146,3303,78.38028118191092
2026-04-30,153.2121124267578,160.4116393434483,142.32403412665238,142.8171532332093,7389268,6235,61.37719093184546
2026-05-01,153.2121124267578,153.2121124267578,153.2121124267578,153.2121124267578,0,16837,66.35095160364057
2026-05-04,153.95179748535156,157.7981206568415,150.9043098430772,156.1708335570884,927788,17652,69.39496380552787
2026-05-05,159.19857788085938,164.94834873375777,152.1765662959715,153.6559236837182,2679107,12271,70.51223372909269
2026-05-06,155.48045349121094,162.48275105862996,154.83940465071262,160.74697716291658,809007,3096,56.58641332117786
2026-05-07,151.574951171875,157.10774806874807,151.04237411722804,156.94008938081868,513593,3878,78.3677975972241
2026-05-08,149.1685333251953,152.75843990541657,148.9219737659801,151.584813995744,405820,7421,60.12101891749964
2026-05-11,156.81187438964844,158.6955929704438,147.14673698354517,150.30269622565217,1683516,17083,74.69772517925708
2026-05-12,149.5926055908203,158.72518111511664,148.14284925614874,156.95980627865376,598791,3378,69.79592274445591
2026-05-13,151.6538543701172,154.44491032140323,149.03045710934362,150.89444673172466,336849,5465,66.32789765992018
2026-05-14,141.40684509277344,150.74652252365954,140.14446133674755,149.79972718223942,1009838,6666,46.93679599608811
2026-05-15,139.69078063964844,143.65546249092378,139.0595887818813,142.9552267344504,306728,7516,68.98732193535015
2026-05-18,139.69078063964844,140.85454956263214,135.16395082931217,139.5527078910369,336381,8777,77.18663509475769
2026-05-19,142.8072967529297,144.4345837905656,139.55270762885695,140.63757568648148,322604,7570,49.56252830432817
2026-05-20,142.35362243652344,146.50569200425525,141.5153289707161,142.80729864357295,269267,6002,51.7240879099177
2026-05-21,144.09927368164062,144.97702513663828,142.01831033793135,144.9178532484724,177841,5581,75.8765278862432
2026-05-22,143.45822143554688,145.0756515519716,142.2155516182441,145.0756515519716,168189,11685,53.36856389006506
2026-05-25,143.3300018310547,144.7699012000297,142.61990911116533,143.99077963035157,128391,15284,65.17415761588623
2026-05-26,144.74000549316406,146.3699951171875,143.0,144.61000061035156,172789,7041,64.26317088631592
2026-05-27,143.5500030517578,144.97999572753906,142.4499969482422,144.97999572753906,149742,10779,46.32700184701835
2026-05-28,143.5500030517578,143.5500030517578,143.5500030517578,143.5500030517578,0,10228,52.47228702449375
2026-05-29,141.07000732421875,144.1999969482422,140.11000061035156,144.1999969482422,205003,3113,74.34684807429883
2026-06-01,140.0399932861328,143.41000366210938,138.6999969482422,141.0,158920,6172,56.41125321026585
2026-06-02,138.85000610351562,140.08999633789062,138.0,139.4499969482422,175363,16539,66.90414691146994
2026-06-03,138.0500030517578,139.7899932861328,135.3000030517578,139.0,194381,17600,60.23226322004096
2026-06-04,139.52999877929688,142.39999389648438,138.22999572753906,139.0,198720,4482,46.95170804575663
2026-06-05,142.50999450683594,145.89999389648438,139.60000610351562,139.60000610351562,397454,9606,56.62060726916879
2026-06-08,144.9600067138672,147.69000244140625,142.1999969482422,143.99000549316406,509194,9482,45.02409649351176
2026-06-09,143.75999450683594,145.0,141.6199951171875,144.6999969482422,128197,8225,64.01122287431743
2026-06-10,141.3300018310547,145.89999389648438,140.64999389648438,143.99000549316406,113541,15401,65.3844363161572
2026-06-11,143.1699981689453,147.5,141.39999389648438,142.17999267578125,731142,14443,55.86519673350219
2026-06-12,141.27000427246094,145.14999389648438,140.44000244140625,144.5,187523,8544,48.76163528266194
2026-06-15,144.55999755859375,148.5,144.0,146.0,674710,4587,55.210657621578484
2026-06-16,144.60000610351562,145.64999389648438,143.4499969482422,144.97999572753906,104001,10788,48.02349460321914
2026-06-17,140.5800018310547,144.77999877929688,138.32000732421875,144.77999877929688,326822,3922,66.73806254200942
2026-06-18,141.14999389648438,142.39999389648438,140.05999755859375,141.5800018310547,119719,5164,45.454300657090876
2026-06-19,141.13999938964844,142.0800018310547,140.08999633789062,141.10000610351562,123195,6782,52.44135299865133
2026-06-22,141.35000610351562,142.99000549316406,140.1999969482422,142.99000549316406,131827,3356,61.39069880053735
2026-06-23,140.19000244140625,141.35000610351562,139.4499969482422,141.35000610351562,99988,8075,78.04113694247509
2026-06-24,139.55999755859375,141.22999572753906,138.99000549316406,140.64999389648438,82801,8330,77.07837752182945
2026-06-25,136.75,140.77999877929688,136.22999572753906,140.77999877929688,133377,6169,63.95562958382078
2026-06-26,136.75,136.75,136.75,136.75,0,9748,76.5530156717282
2026-06-29,137.6300048828125,138.1999969482422,135.39999389648438,136.0,110202,5009,70.93806271328407
2026-06-30,139.13999938964844,140.7899932861328,135.8000030517578,138.39999389648438,133865,16269,72.02923747567492
2026-07-01,140.44000244140625,142.6999969482422,138.97000122070312,139.1300048828125,143233,8695,56.88475920750263
2026-07-02,141.92999267578125,142.5,140.0800018310547,140.44000244140625,124950,5237,75.7648806115703
2026-07-03,142.86000061035156,145.19000244140625,141.14999389648438,142.60000610351562,193364,17290,49.380500817268256
2026-07-06,144.63999938964844,147.4499969482422,141.10000610351562,142.10000610351562,661956,13014,71.21699073586632
2026-07-07,143.11000061035156,145.99000549316406,141.5,145.9499969482422,178076,17242,58.58126898767532
2026-07-08,140.69000244140625,144.0399932861328,140.00999450683594,143.0,158354,16608,70.92108909850413
2026-07-09,141.80999755859375,144.0,140.25,140.25,132143,17543,76.3078623614154
2026-07-10,143.3000030517578,144.39999389648438,143.0,143.7899932861328,96975,16294,78.82912690047475
2026-07-13,143.97000122070312,147.4499969482422,141.7899932861328,142.8000030517578,395733,8694,71.97838899527261
2026-07-14,144.47000122070312,147.0,143.39999389648438,144.47000122070312,212633,12859,55.098458777849046
2026-07-15,142.72000122070312,144.99000549316406,142.0500030517578,144.47000122070312,116894,7975,65.56768607954714
2026-07-16,143.50999450683594,144.64999389648438,142.57000732421875,143.22000122070312,110240,7709,71.41166042758177
2026-07-17,142.44000244140625,148.8000030517578,141.8300018310547,143.0,580919,10516,71.58835073079794
2026-07-20,145.4199981689453,148.9499969482422,142.07000732421875,142.6999969482422,297514,16855,53.195066148131474
2026-07-21,145.32000732421875,148.39999389648438,143.60000610351562,145.5,391629,4366,76.37567451761012
2026-07-22,142.8300018310547,146.38999938964844,142.1999969482422,145.1999969482422,141582,10274,66.99103198517061
2026-07-23,142.17999267578125,143.5,142.10000610351562,142.10000610351562,111149,3047,74.41692265040199
2026-07-24,142.1199951171875,142.99000549316406,139.5,142.0,109650,4406,64.18218587784614
2026-07-27,143.61000061035156,144.39999389648438,140.64999389648438,142.25,145357,11857,71.27657117437893
2026-07-28,141.3300018310547,143.8000030517578,141.0,143.8000030517578,78324,9271,50.834085430932426
2026-07-29,137.44000244140625,141.7100067138672,137.11000061035156,141.47000122070312,223942,10274,62.10328706919255
2026-07-30,135.10000610351562,137.50999450683594,134.77000427246094,137.0,154096,17893,53.63743432847251
2026-07-31,135.47999572753906,138.16000366210938,127.1500015258789,135.75,329688,16793,58.52908830464087
2026-08-03,143.83999633789062,146.25,138.4600067138672,139.5,1242280,8871,59.1327409964177
2026-08-04,151.3800048828125,154.82000732421875,143.5,144.0,1737108,11209,45.58615290601604
2026-08-05,149.3000030517578,154.42999267578125,147.75999450683594,151.5,326829,15526,73.99238918046493
2026-08-06,149.41000366210938,152.24000549316406,147.8000030517578,148.4499969482422,252333,5461,53.806091492371266
2026-08-07,150.88999938964844,152.5,148.3800048828125,148.6699981689453,280699,3617,61.91720026564275
2026-08-10,159.42999267578125,161.5,150.83999633789062,152.5,1387689,3035,53.9636313880508
2026-08-11,158.0,163.0,157.0,161.0,602063,13477,77.59530041670766
2026-08-12,159.22999572753906,162.77000427246094,156.00999450683594,158.10000610351562,462905,6399,60.594401028062634
2026-08-13,161.72999572753906,167.3000030517578,158.25999450683594,159.22999572753906,1049027,9187,54.55709928053156
