Date,Open,High,Low,Close,Volume,No_of_Trades,Delivery_Pct
2021-08-16,66.0068588256836,66.90716482817741,64.9643973411307,65.05916525239402,1770314,17185,68.78298617541053
2021-08-17,68.80255126953125,69.93978788401895,68.28132414776147,69.89240031370893,4438848,12731,67.42800219308563
2021-08-18,67.76009368896484,68.99209828453196,65.58039547537024,66.57547666643049,2341472,15790,47.04898222341589
2021-08-20,65.05917358398438,68.0444101682067,64.15886023586671,66.33855862569992,1540351,9387,58.51693960363504
2021-08-23,61.64747619628906,65.81732256480522,60.13116415345246,65.81732256480522,1646069,12335,54.965979190346694
2021-08-24,66.24378967285156,66.81240443474101,61.69485711707803,61.69485711707803,2081990,10874,52.10274328384074
2021-08-25,68.1391830444336,69.2764126685471,65.67518070530124,66.00687207647354,3564042,8515,55.70141345550985
2021-08-26,68.1391830444336,70.6979533138538,67.76010409295255,69.18164473825925,3239697,3970,53.786070275744066
2021-08-27,66.38594055175781,67.76009339990419,65.91209374476547,67.76009339990419,933619,17361,57.27895132919883
2021-08-30,66.67024993896484,68.23394598041517,66.00686724517577,67.76009913332896,828476,13886,49.46089261033963
2021-08-31,66.90717315673828,68.70779261619401,66.81240523367832,68.23394577056509,890662,9535,63.136485206010434
2021-09-01,67.00193786621094,67.76009567498562,66.33855520627964,67.19148093356897,796251,14761,50.411266238185874
2021-09-02,66.62286376953125,67.42840189310695,66.14901696385984,67.04932300250414,754288,7780,59.144406653576326
2021-09-03,66.38594055175781,67.90224888806759,66.05424200260039,67.19147867757908,817696,11260,66.94137121649192
2021-09-06,64.86962890625,66.95455932123974,64.72748063982274,66.8597914001786,1051451,11179,54.638537246334494
2021-09-07,63.49547576904297,65.62778652248097,63.2585523519943,65.15393968838364,1040500,3022,67.92443784974367
2021-09-08,63.637630462646484,65.10655129162271,63.0216281400241,63.68501080726126,941631,7083,67.8411065731856
2021-09-09,63.73240661621094,64.4905645312866,62.92686835039912,62.92686835039912,764532,13727,72.40975584227479
2021-09-13,64.39578247070312,65.01178480692113,63.069017106946156,63.732399788824644,1103203,10135,74.14427839254083
2021-09-14,66.71763610839844,67.57056186122699,64.01671058304876,64.63270568700318,2361637,3086,53.96474368291328
2021-09-15,67.66533660888672,69.65549207937434,67.00194663183774,68.04441556286761,2800343,9310,62.93574699971706
2021-09-16,68.70779418945312,70.12933475889008,68.32871525820408,68.70779418945312,3060770,9221,65.14232052668453
2021-09-17,67.76009368896484,69.32378960477588,65.2960917281591,69.13424654297329,1367886,6086,64.27395722483872
2021-09-20,64.68009185791016,67.52317281869742,64.44316844451122,65.86470892490485,922168,6992,61.63767281707746
2021-09-21,65.24870300292969,66.00686077609511,63.59023920066764,64.53793280196024,893210,8795,65.36606004403788
2021-09-22,65.01178741455078,66.76501934154821,64.68009606030736,65.39086634668436,843243,9272,76.96343590793225
2021-09-23,65.53302001953125,65.95947928731373,64.44317083146277,65.43825209672725,849330,5736,48.77380811318244
2021-09-24,66.33855438232422,68.89732430208242,65.86470756530763,68.66040089357412,2438458,4004,58.073457399542065
2021-09-27,66.05424499511719,68.1391753785361,65.53301782200907,67.23886206626584,1485804,3908,65.46671720246472
2021-09-28,65.34347534179688,66.7176354949209,64.91701608446841,66.10163316630177,789557,5296,58.02331187881798
2021-09-29,66.0068588256836,67.85485840146697,64.44316298369019,64.44316298369019,1141937,16357,48.18210701392345
2021-09-30,67.00193786621094,67.61794018204928,66.00686387631397,66.05424422040694,1666610,16487,60.95376899342319
2021-10-01,68.37610626220703,69.18164451251977,66.81241011140608,66.95456562153882,3322639,5038,60.54367356658084
2021-10-04,72.6881103515625,74.29919412280182,69.46595726974338,69.51333762075262,11650681,4122,69.12539460248284
2021-10-05,72.07210540771484,73.73056930518061,71.6930264993712,72.78287564948589,2595607,6815,70.03437147409247
2021-10-06,69.65547943115234,72.73548362368629,69.18163263230096,72.68809605166982,1903020,7612,72.92437817240773
2021-10-07,70.36625671386719,71.31395040698325,69.56071852078436,70.60318013714621,1283593,11369,55.27356797496361
2021-10-08,71.8351821899414,73.44625851689004,69.22902462966466,71.07702437118391,3172811,11231,78.82798941369825
2021-10-11,71.36133575439453,73.30410342639163,70.60317793145542,72.309029417904,2181579,9800,78.95366934608393
2021-10-12,72.6407241821289,73.82534131742021,71.64564289635253,71.78779839865332,3157119,11349,57.15607292194904
2021-10-13,72.40380096435547,74.67826731675501,71.83518618383789,73.01980332255336,3528612,8810,50.52801832427931
2021-10-14,71.50349426269531,73.54103737718911,71.07703494515633,72.40380771019856,1468440,12502,54.49842797889734
2021-10-18,72.45117950439453,74.10964345722542,70.6505672827271,71.88256473806118,3468190,15762,58.35525704654026
2021-10-19,70.88748931884766,74.01487408771132,70.12933149167101,72.78287665646039,1842341,7721,53.87323904200306
2021-10-20,70.17671203613281,73.30409649165914,68.61301619320557,70.50840334091662,2812640,13832,62.60914886505146
2021-10-21,69.93978881835938,72.49855858206571,68.84993975962216,70.27148012397639,1848529,11598,63.65501808527813
2021-10-22,68.04440307617188,70.50840497938901,66.57547511042964,70.46101740746377,1499366,9621,52.516634138711225
2021-10-25,71.45610809326172,72.49856974151835,63.49547938146051,67.85486905710687,6422395,4101,67.795275085677
2021-10-26,70.84009552001953,72.30902346975658,69.79763402197787,70.84009552001953,2329602,17485,56.17024995103127
2021-10-27,68.51824951171875,71.64563402337846,68.23393854232773,70.98225140190381,1406941,15602,75.54871564542472
2021-10-28,66.95455932617188,69.08687008668481,66.43332491480382,68.75517874778191,1063731,5176,52.19373485658806
2021-10-29,66.90717315673828,68.70779261619401,65.76994361936049,67.19148415624727,1049050,4123,59.63302945393428
2021-11-01,67.71270751953125,67.94963092894925,67.00193729127726,67.52317168412831,518749,17978,46.88903274979493
2021-11-02,70.93486785888672,71.55087017400014,67.8548635136483,68.4234782543958,1749800,4952,54.02106766248145
2021-11-03,70.60317993164062,72.30903146641592,69.89240966387243,71.02963920016992,1194534,11243,49.067379261538115
2021-11-04,70.27149200439453,71.55087710254637,68.23394902494488,71.07703023431758,406809,9954,49.52338907997268
2021-11-08,70.88748931884766,71.50348441930868,70.17671906724289,71.40871649849382,1026522,9058,53.995717737463984
2021-11-09,70.65056610107422,71.7877956147204,70.36625510749822,71.26656120327404,713710,14114,55.71199527562363
2021-11-10,73.06717681884766,74.58348516816277,70.12932803636302,70.12932803636302,3509315,6523,78.92582872668945
2021-11-11,71.3139419555664,73.68317590757859,69.4659423651282,73.5410204243922,2510912,3984,70.35476429492053
2021-11-12,70.36625671386719,71.9299527535745,70.17672086737561,71.9299527535745,821484,4991,52.12277098266792
2021-11-15,69.2290267944336,70.93487109448591,68.89732821939958,70.93487109448591,560244,4482,69.24602821891109
2021-11-16,68.99210357666016,70.36625653607477,68.2339457319513,69.75025419103996,677765,10619,61.14239651633814
2021-11-17,68.61302947998047,70.27149355538586,68.42348639030783,69.65549116702651,714834,6723,69.73150191762028
2021-11-18,66.81240844726562,69.56072173016939,65.67517885518862,68.89733177618328,985025,17260,65.1821815323163
2021-11-22,63.969322204589844,67.0967141822791,63.21116438262613,67.0967141822791,1116950,6973,51.48799266349958
2021-11-23,65.05917358398438,65.86471177837349,62.73731969388742,63.30594169494241,696224,5055,68.32988672081194
2021-11-24,66.57547760009766,68.94471167839295,66.0068628673725,66.24378627520204,1588817,14971,75.92458101030238
2021-11-25,66.38594055175781,66.7650122130889,65.58039519560806,66.57547638242336,440374,12919,56.5617093006641
2021-11-26,64.44316864013672,66.24378803350042,64.15885765106343,65.39086229660931,1065520,8437,64.93138209423206
2021-11-29,61.74224853515625,64.44317424494467,60.22593638382343,62.78471020187624,923796,4026,50.11704500307287
2021-11-30,62.40562438964844,63.874552415346436,62.168700981008676,62.45301196350785,560786,17976,50.43362694003902
2021-12-01,63.969322204589844,64.44316903573495,63.021628542299624,63.448087798198685,546402,5831,55.67609836560369
2021-12-02,64.82225036621094,65.05917379062667,63.77978874484753,63.96932459224847,525413,7601,65.3881661238307
2021-12-03,64.68009185791016,65.86470892490485,64.44316844451122,64.63270428309886,538406,3423,67.40416503944866
2021-12-06,63.25855255126953,65.20132746932023,62.92686121242229,65.01178439688687,449209,14180,66.68674477892246
2021-12-07,65.390869140625,65.7699480889554,63.637637138717636,63.87456057763294,731453,12302,66.0246730643176
2021-12-08,66.38594055175781,67.23885902008124,65.72255068377146,66.14901714826165,647573,10046,51.48503487329529
2021-12-09,68.51824951171875,69.93978989801725,65.86470456516358,66.81239815602923,2286062,4406,64.3032762881649
2021-12-10,68.09178924560547,69.03948292259463,67.19148314459736,68.66040400573317,879057,14213,47.848452665926246
2021-12-13,68.28132629394531,70.60317270555367,67.9022474105344,68.18655115034635,1087801,8416,55.78810034261082
2021-12-14,68.42347717285156,68.99209913493978,67.38101562623748,67.85486244109194,803761,4174,45.746893820977476
2021-12-15,68.09178924560547,69.7502531803365,67.00194007100214,67.66532998309194,927037,10512,71.64595461999656
2021-12-16,66.90717315673828,68.61302469313404,66.1964028882949,68.61302469313404,634652,14666,53.44848733826745
2021-12-17,64.44316864013672,67.66532851820932,63.590242903245624,66.90717070089971,805484,17501,69.55795699701468
2021-12-20,62.26347351074219,63.44809064169488,61.694858733950724,63.44809064169488,800673,7685,47.195085240500006
2021-12-21,63.116397857666016,64.20624703945691,62.54778309378828,62.54778309378828,459080,13503,61.08183365170129
2021-12-22,64.01670837402344,64.6327034567217,63.16378265062679,63.40070606099649,412878,15898,65.45142189601464
2021-12-23,64.5379409790039,65.34347919609971,64.01671377044981,64.20624962259143,549670,13517,46.947264361845846
2021-12-24,64.34839630126953,67.09670916235862,64.01670499034961,65.05916649481007,645301,3433,68.59989187627542
2021-12-27,64.5379409790039,66.00686913925395,63.40071140549563,64.15886204439138,603450,15278,75.59899441210882
2021-12-28,67.57056427001953,69.22902825895787,64.82225107085587,64.82225107085587,2422821,14117,74.41172277223664
2021-12-29,67.94963073730469,69.84501800730291,67.19148016750259,67.66532698500214,1913650,15546,67.71478418877574
2021-12-30,68.09178924560547,69.93979625393172,67.76009790472506,68.51825573844796,1809779,5706,62.12918143110572
2021-12-31,67.66533660888672,68.89733417141255,67.47579351673144,68.09179591315919,581305,15975,47.92541274046792
2022-01-03,69.08687591552734,69.37117970271836,68.0444142351679,68.18656251359866,1129340,16029,59.85606472390327
2022-01-04,82.87580108642578,82.87580108642578,69.08686376781307,69.4659426477429,24951503,3859,55.10292416933903
2022-01-05,79.84319305419922,85.9558144374336,79.17981036605855,84.15520221810064,16199131,15120,66.78246689221352
2022-01-06,83.776123046875,88.94105072854894,78.13734129323852,78.75334363342792,20107817,16388,78.7579132595694
2022-01-07,82.21243286132812,86.24013130122027,81.02781567312455,84.77120309571603,4968187,6582,64.94605517421306
2022-01-10,84.24996948242188,86.00320134194955,83.01796480798137,83.63396714520162,5069680,9097,59.654168305475885
2022-01-11,83.11272430419922,87.66165639293698,82.73365265541126,84.91334355725492,5109116,11196,48.288363782407586
2022-01-12,83.776123046875,87.1404312842757,82.78104178731297,84.20258231221358,3353022,3151,50.63194397147874
2022-01-13,89.2253646850586,91.45244346853744,82.92320003623861,84.29735303042173,15056767,4435,53.633176330042666
2022-01-14,90.83644104003906,92.77921604585376,88.56197468039312,89.2727449658869,8098518,13799,78.36912048795524
2022-01-17,91.97367095947266,94.29551749304943,88.75151112670974,91.35766864536187,8224103,7132,55.13891515244579
2022-01-18,88.6093521118164,94.20074583017853,87.51950301945566,92.7318178495625,8477988,13950,57.504560561455975
2022-01-19,91.21551513671875,91.8315174642273,86.76135780918715,88.08812315418542,4837451,12868,49.280455981528945
2022-01-20,92.1158218383789,94.05859675414777,90.12566657730403,91.64197500334542,5829472,15007,69.97635393302734
2022-01-21,87.99335479736328,91.926284928515,85.5767403049656,90.97859126945815,3708028,3260,67.70888945858209
2022-01-24,81.59642791748047,88.51459497167825,79.8905835581823,88.13551603728001,4201192,15132,59.29914495251484
2022-01-25,85.3398208618164,86.14535906343777,77.9951946623155,79.98534999288862,3924015,8902,58.10268562110858
2022-01-27,88.0407485961914,90.03090397483237,82.68627759793814,84.29735404009288,3415617,13830,45.849416721084836
2022-01-28,90.36258697509766,93.34782338211424,88.941046517502,89.08320200932731,5177591,12156,61.129021133156314
2022-01-31,89.69921112060547,92.35274917108951,88.13551505263798,91.83152196865316,4353878,5361,45.468645639128546
2022-02-01,87.18781280517578,91.64196991504792,85.57673654764633,90.31520463488414,2843704,16287,47.814335330064374
2022-02-02,89.08319854736328,90.45735137750508,87.37734717241007,87.37734717241007,2010657,6653,65.71532506893496
2022-02-03,93.48998260498047,95.71706129802719,87.94597604517043,89.5096648266671,9463164,8687,62.38482117036511
2022-02-04,92.92135620117188,96.99643416005689,92.0210429833872,93.67950670894376,7673952,12623,46.24640454588506
2022-02-07,96.09613800048828,98.56014005581797,92.58966714107441,93.39521253156288,8981632,10460,76.49275646133563
2022-02-08,94.20075225830078,97.23336911062749,90.26782208114068,96.61736677896862,5443145,6316,76.33540654283432
2022-02-09,95.43274688720703,96.61736394007866,91.31028098927949,94.39028532674573,6055804,4868,45.39383172861976
2022-02-10,93.48998260498047,95.66967372208471,92.87398026937292,95.66967372208471,3166044,14200,57.366083994840764
2022-02-11,91.49982452392578,94.67459679579386,90.97859012586486,91.92628377300929,3534459,15307,69.9155247660373
2022-02-14,82.92320251464844,90.22044144380571,81.59642982834816,90.03090558733258,3713002,5611,53.517311841746505
2022-02-15,88.13550567626953,88.98843137081525,81.02780360560263,83.39703762915826,5065302,11246,54.06592719001309
2022-02-16,87.51951599121094,90.36259722902177,86.85613326118687,88.94105661011635,2926957,15262,65.62738170511167
2022-02-17,86.1927261352539,89.08319437684663,85.15026466839896,88.13550081964614,1660632,7122,60.919302523548936
2022-02-18,84.81858825683594,87.42474599657112,84.15520554248961,85.38720304489411,1391199,4780,55.86516659203633
2022-02-21,80.55396270751953,84.1552015795167,79.60626902860754,82.73366106114871,2280716,5166,45.685388077827554
2022-02-22,77.90042114257812,79.7484282407232,74.86780412094986,77.80565321633898,3756429,9619,69.81754449476122
2022-02-23,83.82350158691406,84.72381490481847,79.27457634343337,79.32195668837853,4151948,5950,48.108929844000365
2022-02-24,76.19457244873047,82.16503822641357,74.86779986580237,75.81549353498974,4939703,4899,64.467954883303
2022-02-25,82.1176528930664,83.39703782268971,78.94288074020017,79.60626337620381,2777725,13817,62.96991693163754
2022-02-28,84.15520477294922,85.00812333207249,78.65857833454791,81.2647360504516,3275368,8539,70.65578137607714
2022-03-02,86.47704315185547,87.80381567093595,83.34965130190352,84.15519666621104,2591840,4055,47.124651820121485
2022-03-03,88.75151062011719,91.26290020618545,88.13550830952254,88.13550830952254,4654026,6715,57.71890064164485
2022-03-04,90.07828521728516,90.97859130157548,88.32504616314799,88.8936681430459,3451752,6812,54.958198481197044
2022-03-07,91.78412628173828,94.01120485797861,86.90350265912956,90.07828209221165,5537738,13447,75.3173685364861
2022-03-08,98.98660278320312,101.26106907963565,93.67951957841326,93.72690715492752,12611029,16772,77.71125521979252
2022-03-09,115.80815887451172,117.98785711904316,101.40321856817363,101.40321856817363,30390620,15898,53.985722900260185
2022-03-10,112.58601379394531,122.06295073854243,110.54847090479112,119.55156100215837,17096674,15786,62.45353695744097
2022-03-11,122.53679656982422,124.47957151949079,112.01739086427416,112.68078078309327,11832339,5192,78.06325752724842
2022-03-14,121.54170989990234,131.16079460674277,119.78847810374727,123.67402059990063,17928708,12526,50.50926108641563
2022-03-15,117.04016876220703,124.38479473716335,112.77554722836143,122.48940738878751,5506550,9301,56.077234907780536
2022-03-16,117.08755493164062,121.96817151082126,115.66601443743372,119.69371250435329,2945217,15443,50.170629117692094
2022-03-17,119.03032684326172,121.68386485546328,117.13493945011956,119.50417369154727,2912101,3614,46.741760127078514
2022-03-21,122.86847686767578,125.94848125347448,119.45678837826256,122.25248177477908,5468764,12446,72.79590081356758
2022-03-22,123.15279388427734,127.22787970167687,120.35710035093454,123.62664073605268,4675237,13960,63.178249466797055
2022-03-23,121.58910369873047,124.76386889374716,120.87833342901146,124.14787377758728,2078333,11799,61.603644926244854
2022-03-24,121.77862548828125,124.52693109636118,120.49924059653226,121.16262321289744,2378219,13665,56.646209811050674
2022-03-25,116.89801788330078,124.1478762233241,114.00755640103161,122.72633565588147,4457976,10813,52.09162015069823
2022-03-28,117.04016876220703,119.36201537183584,112.1595448940735,117.51401559930099,2529048,16972,71.2701996580193
2022-03-29,114.8130874633789,118.65124241837289,114.00754930470082,116.80324268785675,1709228,17598,53.112600528293214
2022-03-30,118.08263397216797,120.83094715750248,115.09739736103442,115.61863178992394,2567024,5452,63.42874389595444
2022-03-31,118.98294067382812,120.16755773656904,116.23462764220348,118.60386176768529,2096593,8037,74.00967466155645
2022-04-01,119.88323974609375,122.44200956000553,118.13000804172248,119.36200537680548,3370244,5469,65.31772701755013
2022-04-04,123.38971710205078,126.94356848437171,118.9355595950069,120.49925564929393,5752711,13017,49.12859918751285
2022-04-05,124.33740997314453,126.32757251820873,122.91586942971531,124.14787412615227,3139943,7487,49.74436908701583
2022-04-06,131.53988647460938,136.89435001484904,124.10048525718729,124.6217196764829,13289549,13406,55.673826802014766
2022-04-07,137.4534149169922,142.74193396688892,132.69375070649957,137.06880121855582,11938682,3106,78.19295725166428
2022-04-08,132.7418212890625,139.80919651267004,130.53025600611014,139.42458284262224,4706037,6960,47.65447305585511
2022-04-11,133.46298217773438,135.53030631879892,132.40527258291425,133.46298217773438,3508730,9557,75.9011053250984
2022-04-12,129.56871032714844,133.70337340558302,127.06867739449363,133.55913227173482,2869611,14033,78.49828714407784
2022-04-13,128.3667755126953,132.21297103367493,127.88600107257285,130.43409973639325,2067068,17859,51.36336051238307
2022-04-18,130.9629669189453,133.55914620629338,126.44368968955087,127.88601314608566,3385434,8701,61.03975178489202
2022-04-19,128.8956298828125,135.96300532478205,125.96290287385426,131.78027651351144,3541631,7274,54.960806226036794
2022-04-20,128.55908203125,130.96295422582114,127.0686783362016,129.03985647016424,1752561,6377,50.944307170861414
2022-04-21,131.39564514160156,136.05916295628137,129.37640134973336,129.56870818628207,3493516,13238,57.30602641520966
2022-04-22,134.61683654785156,138.89572591799413,129.8090923854283,130.77064121791295,6380768,8986,67.28347812264272
2022-04-25,128.60714721679688,135.86684332120572,127.0686633251886,134.03989186591215,3730925,14440,73.52133422030244
2022-04-26,127.59754180908203,131.68412481706892,126.53984677496422,130.04949454828866,3458378,14907,73.33436007458187
2022-04-27,123.65518951416016,127.78983788284006,121.44362419728664,127.11675661389714,2361129,9162,78.38876563767754
2022-04-28,123.84749603271484,126.44367501883951,122.06862477388748,124.85712526956088,2190750,3120,48.41008691656227
2022-04-29,122.59748077392578,127.59753195735004,121.78016570264008,124.80904610661479,2124934,4590,46.87911544743628
2022-05-02,118.31859588623047,121.82824352633406,115.96279666354468,121.15516222615868,3344265,17400,56.75783625890188
2022-05-04,113.126220703125,121.53977291999098,110.57811485023852,118.36665886378739,3299672,5279,49.300743488721594
2022-05-05,118.03012084960938,119.23205690714104,114.08777204811263,114.08777204811263,2609594,6135,62.90682265703384
2022-05-06,115.43394470214844,116.3474131936346,112.83775835323104,115.91471913683287,2047067,5418,45.24455775196554
2022-05-09,110.09735107421875,114.85701528231422,108.84733454682193,112.78969097813372,1940168,13279,72.64756930105436
2022-05-10,104.71267700195312,114.1358518495557,103.17420022438903,108.70310641653585,2308378,12501,63.53705468986436
2022-05-11,101.01071166992188,107.59731995843322,95.19333807534747,105.38575462428865,3938336,5322,52.008703634261714
2022-05-12,99.27992248535156,102.3568759863186,97.30874433452107,99.56839008558289,2386935,4916,71.62652675937697
2022-05-13,100.14531707763672,106.39538478256031,99.08761477939527,101.9241810341386,3864666,8576,66.78755055223559
2022-05-16,108.22232055664062,111.25119341291257,101.01070454449759,101.63570539672185,2823480,12228,63.42011331672768
2022-05-17,114.8089370727539,115.57817177066713,110.57812055810618,111.53966943252449,3310867,16586,76.20984843769715
2022-05-18,114.90509033203125,117.69358353114544,110.8665879995457,115.77048578500265,4537260,14079,70.90119004547195
2022-05-19,112.1646728515625,114.4243111422057,109.28002635217916,110.67426922580027,2464273,4277,66.82998775529585
2022-05-20,115.19355773925781,116.6839540884503,113.12622619834104,114.80893672345353,1502683,5158,45.516971182605914
2022-05-23,111.49159240722656,115.77048942868687,110.6742773065994,115.38586840014587,1002931,16919,68.50184512265271
2022-05-24,105.67422485351562,112.3089136852863,100.96263380857496,111.53967163613996,3917731,8420,78.0853896863648
2022-05-25,95.52987670898438,104.56843735944463,95.19333607894269,102.50110586628068,4553051,4675,73.78867461715093
2022-05-26,99.27992248535156,100.4818585929224,92.74138712575186,94.61641185518386,3455704,11820,63.3856442256799
2022-05-27,100.52993774414062,102.11648751793327,99.27992127311568,100.48185736601054,2119716,10753,49.047880724259514
2022-05-30,103.65496826171875,105.28959836122309,101.58763678102645,101.92417740903788,1649471,9616,63.069278397534546
2022-05-31,105.72229766845703,107.64539545113773,101.97226286105835,103.6068930419226,1976002,8023,62.145046669974136
2022-06-01,108.12617492675781,109.13580424404672,104.8088340317277,104.8088340317277,2703824,3441,46.65906388378874
2022-06-02,107.50116729736328,109.71272531107978,105.86652980614423,108.1742485763127,1721421,13608,68.67872109777386
2022-06-03,104.1838150024414,108.46271172791994,103.02995933266935,108.46271172791994,1336588,12173,55.86372570798503
2022-06-06,105.91461181640625,106.92423375038763,101.63571484961055,103.17419894411984,2267883,15810,68.81575781797196
2022-06-07,107.4050064086914,108.79925667913561,104.42420636324297,105.48190865859104,1639926,12530,65.79033423117754
2022-06-08,101.39531707763672,106.63576239026466,100.00107426508562,105.91460079700684,1781826,16102,58.78564210082354
2022-06-09,101.01071166992188,101.63571256623449,98.126065061578,99.61646140760092,1415150,3203,73.35785763710876
2022-06-10,100.52993774414062,102.40495511464232,99.0395340545367,99.47222811356457,1451157,17755,62.49974030027748
2022-06-13,96.20297241210938,100.8664832084386,95.43373034144152,98.07798987231268,1032949,15191,78.41069345784749
2022-06-14,95.57795715332031,98.07798269601153,94.85679551584964,95.28948956391783,1176573,3933,77.78784731139505
2022-06-15,97.068359375,98.22222246677808,95.86642323942033,97.0202863311984,1130057,14184,75.8515654815744
2022-06-16,94.27986145019531,99.3760656169949,91.63560228733556,98.46259720423917,1659993,11941,51.81252415468105
2022-06-17,94.47218322753906,96.9241359556454,90.77022128074096,94.2317959928634,2973949,17628,61.32080650972445
2022-06-20,85.5297622680664,94.47216898419003,82.88550308530282,94.23178178575698,2637922,13848,50.520236358751475
2022-06-21,91.3471450805664,92.30869397615132,85.86631931014678,86.924021628083,1992172,14529,60.858052054736866
2022-06-22,91.82791900634766,92.69331447466176,89.08750613671617,91.25099113948353,1219674,7151,62.43222994444811
2022-06-23,92.16445922851562,93.70293597845146,91.53945098559412,92.59716062870858,730630,10739,51.86178105963237
2022-06-24,100.38570404052734,101.34725291575072,92.74138608088008,92.88561987937074,4195979,3630,51.34651392515942
2022-06-27,98.60684204101562,102.88573168606861,97.59721276762583,102.54919104028397,2062322,12586,64.29937772730874
2022-06-28,98.60684204101562,99.90493158106258,97.11643832049467,98.077987214757,1115737,16353,68.43595922066038
2022-06-29,98.79914093017578,101.25109334752857,96.68373646754478,97.11643050070806,1225977,11994,51.57572749810448
2022-06-30,97.1164321899414,99.32799744155226,96.58757739706716,98.70298923252872,586896,14194,74.49433285423719
2022-07-01,97.50105285644531,98.27028751903899,95.72218898765544,96.15488302686217,658268,7865,60.9744381910527
2022-07-04,98.65491485595703,100.5299395970539,97.11643809590238,97.78951938591509,899115,3810,62.08854577775162
2022-07-05,99.03953552246094,102.30880321079788,98.60684145701985,98.99145514361823,1386633,12817,73.34135956119637
2022-07-06,98.84722900390625,99.71261713763148,97.4049056663164,99.03953584783723,666059,9448,47.00855677821423
2022-07-07,100.19338989257812,101.8280273825478,98.12606567908392,99.56838899233237,959873,4555,76.60454795747202
2022-07-08,101.63570404052734,103.84726918915484,100.0972274456728,100.96262282278944,2212462,17244,56.34987945056628
2022-07-11,106.58769226074219,108.84733066958988,101.63571404388288,102.59726292731048,3167426,7065,52.09487139564593
2022-07-12,107.26078033447266,110.48196761034211,105.24152182073036,106.97231273649925,2410306,4334,62.072260934469625
2022-07-13,106.20307159423828,109.5204196547448,104.90498206449043,108.75117761102379,1263084,12024,56.0841397288598
2022-07-14,105.57807159423828,106.92423417826707,103.99151445044905,106.15499946397003,897313,6067,75.15935363368088
2022-07-15,109.85696411132812,110.4819723765429,105.81846158169373,106.05884881169663,2155998,15645,72.82221708968129
2022-07-18,108.84732818603516,111.10697387936062,107.59731906772204,110.7704259090113,1686117,11971,55.51902718211754
2022-07-19,108.17424774169922,109.71272446459625,107.7415536851467,108.65502217610677,1101310,10169,63.287054591456254
2022-07-20,109.95310974121094,112.88583667375086,107.78962482456082,108.94348784839555,2500397,11262,70.60573282532691
2022-07-21,112.1166000366211,114.90509330795436,110.57812326706905,110.81851049156268,2823324,10982,59.82202016133175
2022-07-22,111.20313262939453,113.60700489835665,110.24158372180969,113.0781500647706,1111081,6211,61.63695421253465
2022-07-25,111.01081085205078,112.74160170171518,109.90503555280264,111.05889122855525,815570,5267,50.82010727412983
2022-07-26,110.72235107421875,112.50121497195279,109.80887526897902,111.0588917030816,1052485,7453,60.328674180383345
2022-07-27,108.79925537109375,110.86658689480424,107.98194030433443,110.1454252471868,721430,4563,57.63340930361931
2022-07-28,110.72235107421875,112.45313459524287,109.13579401125334,109.28002780534756,1868902,13870,72.06814655378112
2022-07-29,112.83775329589844,114.42431032645553,109.47233240394387,111.53966384763731,4480823,12712,62.83179744957308
2022-08-01,110.6261978149414,112.88583613886198,110.04926263773997,112.78968272134024,1547576,11282,68.24713831044629
2022-08-02,110.19349670410156,111.92428756790805,107.69347116218648,110.48196429341449,1427434,11372,45.15758420634161
2022-08-03,107.0684585571289,110.5300328069188,105.96267595810339,110.5300328069188,1364071,15711,70.89685894264753
2022-08-04,105.0972900390625,108.60693739925493,104.32804804075339,107.64538856938623,1158963,16783,68.85971809549461
2022-08-05,103.36650085449219,106.4434542245838,102.02033100406379,105.0972917101909,1980575,12848,61.27910063480989
2022-08-08,104.1838150024414,105.04921042278816,102.98187895641408,103.36649995834992,1015323,11252,48.777753344991034
2022-08-10,99.80877685546875,104.37613404357094,99.03953481568985,104.18381986560833,1112832,8903,45.535615982919566
2022-08-11,101.20301818847656,103.07803554354001,100.96263097187686,101.20301818847656,931806,11284,55.50069975226561
2022-08-12,101.29917907714844,102.78958286437498,100.00108947900323,101.395332503671,682213,15845,55.735988823310024
2022-08-16,101.20301818847656,102.11648667714118,100.00108210547803,101.92417983827568,1084406,12918,50.62537368517256
2022-08-17,101.2510986328125,101.77994610805833,100.33762280751134,101.20301825504667,669113,6805,59.30978806581722
2022-08-18,100.86647033691406,101.97225292137716,100.3376155638123,101.44339814827542,886052,9186,58.27273284046409
2022-08-19,98.60684204101562,100.8664804753249,97.11643832049467,100.8664804753249,1311501,15650,51.46154024756761
2022-08-22,92.45292663574219,96.49142901290195,91.82791839412475,94.56833124548572,3156785,10119,64.7839194491209
2022-08-23,93.84716796875,94.3760227801087,89.71251224153313,89.85673870278035,4473880,3851,57.73074381906612
2022-08-24,94.52024841308594,96.15487841167032,91.97214266796966,93.84715986258323,2182709,15702,45.61645945560606
2022-08-25,93.31832122802734,96.34719431463287,92.74138603435416,94.13563630435004,2470778,4701,47.1487024440014
2022-08-26,92.21253967285156,94.23179086708187,91.73176522965217,93.27024198068307,1527350,8294,55.22081593399854
2022-08-29,91.01060485839844,93.02985608132862,89.52020112888268,90.8182906767638,1443206,17139,64.6270328314983
2022-08-30,93.55870819091797,95.52987897712627,91.68368348867801,91.77983690868209,1639882,11511,71.53812643244297
2022-09-01,95.67411041259766,97.11643368514937,93.07793145641877,93.27023829167811,2529153,15125,45.251035230328476
2022-09-02,96.77989959716797,97.35682747797841,94.85680177044246,96.34719818453311,1813775,10255,70.84475738306602
2022-09-05,96.92413330078125,98.07798906120455,96.68374607269007,97.26067395290171,795988,11622,60.90482906619275
2022-09-06,101.05878448486328,102.16456714945272,97.30874243522918,97.30874243522918,3897932,4065,71.45452808942534
2022-09-07,100.28955078125,102.30880195525431,99.52030874542181,100.77032521963369,1351545,7003,64.04390818837503
2022-09-08,101.8760986328125,103.55880913533866,99.27991964904352,101.05878357022121,2015910,9840,74.67929600497516
2022-09-09,100.09723663330078,102.64534262468031,99.85684941403923,102.40495540541878,922910,14940,61.28674076449349
2022-09-12,99.80877685546875,101.49148739845377,99.61646267750614,100.00108369739559,601053,4328,67.23054552152831
2022-09-13,99.27992248535156,100.96263303595074,98.84722842104038,100.14531795000974,657504,7804,65.61626524173964
2022-09-14,97.6452865600586,98.65490842930814,97.30873860094003,97.6933595999074,812985,6928,49.23660227201094
2022-09-15,99.42414855957031,101.25109276831981,97.9818253425631,98.07797875648987,1254559,13136,56.51258070499331
2022-09-16,98.4145278930664,100.09723845858159,96.53951048304955,99.76069781268573,878800,3043,68.07691540771464
2022-09-19,97.068359375,99.71261887327528,95.96258399909549,98.41452931405642,1295074,17727,66.11680094997351
2022-09-20,100.43377685546875,102.45303535769851,97.30874301806215,97.93375125275061,2254093,14241,46.35527628218065
2022-09-21,100.09723663330078,103.31842390419835,98.79914711649558,100.96263208984949,2450506,15956,59.56977133392149
2022-09-22,100.3376235961914,101.4434062691763,98.36645280490467,99.6164619402494,1185231,3721,52.32771754457803
2022-09-23,97.35681915283203,101.05878068551041,97.11643194504725,100.3376190621561,1097733,6743,59.9981308315603
2022-09-26,91.9721450805664,96.82796216611165,91.39521726216952,96.29911472259586,1263471,10308,50.62713671736011
2022-09-27,93.22216033935547,94.76064440558508,92.54907906240679,92.98177312101156,858148,13936,59.88570191430992
2022-09-28,91.49137878417969,94.18371128731405,90.67406369101454,92.16446007595431,852386,3281,62.411298641037405
2022-09-29,92.5009994506836,94.47217759184895,92.3086926088295,92.78946704950049,613492,4565,78.5480719059168
2022-09-30,92.40484619140625,94.03948369416865,90.96252286687015,92.78946721182304,870292,5112,71.8837083604758
2022-10-03,90.14520263671875,92.7413815382421,89.66442822265624,92.7413815382421,883625,6833,76.11769874251952
2022-10-04,91.44329071044922,91.92406511727181,91.01059667872299,91.58752449970304,433427,8350,45.31589037127404
2022-10-06,96.3471908569336,97.11643286353419,92.11638182873672,92.26060828594329,2205185,17885,48.535782111643556
2022-10-07,97.50105285644531,98.65490851835351,95.62602823580028,96.34718985850174,1693349,9904,50.31018686797635
2022-10-10,96.82796478271484,98.07798120305024,95.86641594739082,96.87604515889522,1095090,6884,76.10672461443053
2022-10-11,96.49142456054688,100.33761991790627,95.5779560975882,97.0683523969437,1953778,4663,76.72822294980912
2022-10-12,96.82796478271484,97.50105336906292,94.90486711206681,97.02027895140091,800250,14516,63.655495600314026
2022-10-13,95.3856430053711,97.26066766488134,95.04910237500839,96.82796628067027,656496,13193,55.247974162989394
2022-10-14,94.4240951538086,97.40490248978057,93.79909426339732,96.82796730473076,438027,6203,71.99482133878308
2022-10-17,93.22216033935547,94.8567978257155,92.69331286062028,94.23178959081419,525560,8834,74.75582289538907
2022-10-18,93.89524841308594,94.80871690313235,93.41447397915927,93.84716803527901,412510,8405,75.15377146739594
2022-10-19,93.7990951538086,94.47217642804195,93.31832071906028,94.47217642804195,404849,12702,74.8940968180323
2022-10-20,93.65486145019531,94.13563588542625,92.549078781957,93.36639385464247,390638,16811,74.56351744550363
2022-10-21,92.64523315429688,95.14525877599382,92.11638567172709,94.42409711573303,505678,9950,54.343786709490814
2022-10-24,93.2702407836914,93.9433220611182,92.30869190963273,93.2702407836914,147925,10295,56.267066672972724
2022-10-25,91.9721450805664,93.27023450596819,91.73175787823143,93.27023450596819,453158,15163,55.79240554659708
2022-10-27,91.63561248779297,93.17408925023328,91.34714488531971,92.74138784652341,495109,5688,59.102304248517235
2022-10-28,88.46249389648438,92.7894637066385,86.82786379150701,92.54907649496327,1806587,15106,76.37912387147118
2022-10-31,85.38554382324219,87.06825437003778,84.80860862408363,86.63555297066887,1497558,7230,78.36961576393423
2022-11-01,88.55864715576172,89.03942157825341,84.56821798187362,86.53939604850373,2071995,14860,54.20706173813027
2022-11-02,87.21247100830078,89.4721164996798,84.85667944260837,88.84710832836295,1480388,17053,76.10882462793705
2022-11-03,88.02980041503906,88.89518851379731,87.16440498024525,87.40479219346378,956411,12312,53.65527564711272
2022-11-04,87.30863952636719,88.75096281808447,86.63555092194441,88.46249522532676,936018,3158,69.95557341848982
2022-11-07,89.18365478515625,90.8663652528007,87.88556532018048,87.98171873683879,1740195,5167,49.586447064851185
2022-11-09,87.1644058227539,89.76058481619377,86.63555101414714,89.61635101966142,933010,14744,55.618972290570845
2022-11-10,86.20286560058594,87.83749589569446,85.67401073897274,87.11633417678722,688657,13798,61.57969537299402
2022-11-11,86.25093078613281,87.40479383284516,85.67400293079449,87.11632623715815,752266,14189,61.363684327332294
2022-11-14,86.97209167480469,87.83748711822295,86.20285698646062,86.25093002796207,925779,13067,72.91006551290886
2022-11-15,88.02980041503906,88.46249446441819,86.53939675866997,86.97209080804909,738517,5948,67.39546827340035
2022-11-16,90.9625244140625,92.64523498797605,88.31826494076978,88.94327319257341,3160738,4083,66.63586362827917
2022-11-17,89.9529037475586,92.50100249823628,89.5202023350774,90.96252570460938,926300,7715,45.19747844638953
2022-11-18,90.09712982177734,90.86637188324568,89.327895096345,89.6644357472239,599762,9764,55.02597449852636
2022-11-21,89.6644287109375,91.3471391693197,89.42404150259719,90.0971227515359,545147,10135,49.530220067811484
2022-11-22,90.00096893310547,90.77021093077015,89.37596072700734,89.95289589327353,553883,3106,47.01846042098778
2022-11-23,89.56828308105469,91.01060645647897,89.13558166680578,90.33751781299267,526809,9806,62.97282858292289
2022-11-24,92.45292663574219,94.7125650452491,90.28944164739893,90.3855950685626,2896993,13451,50.822084566296944
2022-11-25,93.7990951538086,94.7125636454161,91.9721508345579,92.59715906693783,1196328,15113,75.02097440922125
2022-11-28,93.7990951538086,96.5395079646668,92.69331248668036,93.7990951538086,1910949,15621,58.41783922994174
2022-11-29,93.07793426513672,95.52987950084318,92.88562008803856,94.18370960529914,985373,11027,72.76461370749509
2022-11-30,93.55870819091797,94.90487074304629,93.174087174866,93.46254743487819,626291,4417,53.367577636882416
2022-12-01,93.55870819091797,94.80871732304222,93.31832097288995,94.03948262697399,504894,9867,77.91595065072615
2022-12-02,96.25103759765625,98.5106759086952,93.27023765526218,93.46254448920936,4020996,17360,47.91742108724904
2022-12-05,96.15489196777344,97.45298154213117,94.95295581817626,96.82797327713342,1074634,7787,72.75228379583656
2022-12-06,96.443359375,98.46261063486386,95.96258491617355,95.96258491617355,1747714,13169,60.73689056438698
2022-12-07,94.47218322753906,96.68374872096973,93.8952553315247,96.15489387026876,701170,17228,53.608267373498954
2022-12-08,95.33757019042969,95.72219119862811,93.94331995271483,94.95294918223127,698434,3680,48.18748827527183
2022-12-09,93.02986145019531,96.2510489841059,92.35678011571954,95.86642793467561,771545,9045,78.78992816635078
2022-12-12,91.9721450805664,92.93369388990628,91.44329030101538,92.11637886917443,520808,10074,46.5712512045604
2022-12-13,90.77021789550781,92.59716227811512,90.48175029024078,92.21254124977106,453351,15207,75.21622441291828
2022-12-14,91.8759994506836,93.17408898606108,90.96252360279881,91.25099120445418,920505,14032,55.62613146505558
2022-12-15,93.89524841308594,95.67411235140749,92.45292511130593,92.98177258700386,1672323,11366,57.253493999567254
2022-12-16,98.12606811523438,101.15494127942458,92.5971619438506,93.55871084322169,8989652,12861,72.40962067238496
2022-12-19,102.7895736694336,108.79925398995665,100.52993533612403,100.91454900780906,13172653,13893,59.157903945765284
2022-12-20,102.40495300292969,104.8088251391487,98.75106442146257,102.88572743017349,4096242,13423,56.83696235120876
2022-12-21,96.29911804199219,106.20306671795738,93.9433189762848,104.0395818223681,4203650,3559,51.53605524087788
2022-12-22,94.13563537597656,97.6452902013758,92.11638422614165,97.11643539106959,2302984,15003,73.49605266463271
2022-12-23,89.18365478515625,92.74138255376178,88.70288036582926,91.63560725813807,2036108,8574,69.82354080129673
2022-12-26,92.40484619140625,93.36639507443033,87.78941595451218,89.18365890048277,1660226,11607,66.52709209207148
2022-12-27,99.03953552246094,99.90493098937893,95.19333996819061,95.19333996819061,3553564,16672,58.62739855020172
2022-12-28,97.068359375,99.18377137524182,96.34719769365219,99.03953757176505,1834270,4980,64.08041212416951
2022-12-29,101.63570404052734,103.55880161810428,95.38563691340228,96.15487887884709,5548146,8501,56.39384677394331
2022-12-30,101.10685729980469,105.09728626777519,100.38569570328117,102.16455950749882,2756845,8269,50.115306641276845
2023-01-02,101.39531707763672,102.30879283071769,99.5202998695804,101.05877646799009,1584644,12517,50.022027543835954
2023-01-03,101.34724426269531,104.23189064207354,99.80876766090061,101.39531730073055,2169456,15473,59.59609627461012
2023-01-04,99.13568878173828,101.53956099921999,98.55876091674985,101.39532719896393,906518,14389,73.13864669572897
2023-01-05,97.93374633789062,99.47222299035127,97.40489888587607,99.23183578415319,702391,8428,63.590873795094055
2023-01-06,96.20297241210938,98.46261090764662,95.28949653618677,98.46261090764662,772078,17404,58.18808182555765
2023-01-09,96.01065063476562,97.98182869996644,95.67411000647257,96.68373922738724,770491,7430,51.164451230211924
2023-01-10,95.770263671875,96.73181251865293,94.85679520185016,96.73181251865293,654634,14876,50.93342115408791
2023-01-11,96.05873107910156,100.67416113330702,95.86641690848748,96.05873107910156,2291970,15227,50.69818341203581
2023-01-12,96.39527893066406,97.4049082279433,95.19334278439644,96.53951273542339,728121,4431,50.071820875620084
2023-01-13,95.7221908569336,97.54912780129237,95.24141643241065,97.06835337676942,1027254,14227,45.6266600528839
2023-01-16,95.24142456054688,96.53951415033389,94.76065009499347,96.20297349165372,530957,8778,71.59141447071846
2023-01-17,97.1164321899414,98.27028785580377,94.37601948149172,95.48180210729716,1247285,5772,45.81688168325967
2023-01-18,96.3471908569336,98.8472237103678,95.96257718966876,97.54912690722486,1475307,6795,59.9126130574376
2023-01-19,95.62603759765625,96.29912624636137,95.19334351608848,95.67411797829095,421632,5426,50.75067686507288
2023-01-20,95.3856430053711,96.44335260941892,95.09718275193258,95.19333616974542,419848,12206,47.88649017797781
2023-01-23,94.95294952392578,95.86641800265312,94.66448193273,95.86641800265312,392504,9173,73.56618384671523
2023-01-24,94.2317886352539,95.81834572744235,93.84716762259677,95.14525712128344,353494,5122,53.88544234868718
2023-01-25,91.9721450805664,94.23178331530808,91.58752408962341,94.23178331530808,528665,4864,55.210356640117595
2023-01-27,90.0490493774414,93.70293052903844,88.70287954852235,92.88561549092039,1082046,6552,71.16102390409046
2023-01-30,86.44324493408203,91.77983676428659,85.77015632304112,89.32789154587985,1416493,12016,57.76083338682183
2023-01-31,89.08750915527344,89.56828361662296,84.71245862257837,87.78941957683695,1520161,9680,71.981914790579
2023-02-01,89.80867004394531,92.2125423291899,87.74133841142775,90.3855979251968,1451684,10976,74.74290084567478
2023-02-02,87.4528579711914,90.96251245989878,86.53938957124227,89.42403589028368,629201,15854,69.60709447652606
2023-02-03,85.57785034179688,88.31826318328771,84.7124548823693,88.02980292083569,835952,3412,54.24022184283725
2023-02-06,87.54902648925781,88.17402737837165,85.43361459921628,85.96246940573558,605428,17696,62.89853159441496
2023-02-07,85.4336166381836,87.93364226241162,85.00092257600335,87.54902857871176,1027786,5144,76.02385707291229
2023-02-08,86.20286560058594,87.02018074814019,84.76054216277146,85.77016416761977,691792,13065,58.38396232778236
2023-02-09,85.19322967529297,86.77978680147446,85.09707625407745,86.77978680147446,458957,13882,55.5847206056841
2023-02-10,87.9817123413086,89.23172867510728,85.09706603503618,85.09706603503618,982818,6494,72.35364847518542
2023-02-13,85.96247863769531,89.3279000034303,85.52977720333612,88.27019761283516,756349,11361,51.346847414643555
2023-02-14,86.97209167480469,87.50094648357019,84.90476748935104,85.96246977084641,715731,10914,51.39630752028479
2023-02-15,86.87593841552734,87.9817210765933,86.29901056419943,87.02017221236824,712282,4867,57.33563715687981
2023-02-16,87.26055908203125,88.22210794243931,85.9624695876875,87.16440566319757,730706,12394,47.198228044719194
2023-02-17,86.49131774902344,87.98172142895554,86.29901090982251,86.82786572167859,480632,10497,57.050553333608164
2023-02-20,86.73170471191406,87.50094673853522,85.57784900801796,86.87593850890998,487766,3144,48.87343751271082
2023-02-21,86.73170471191406,87.50094673853522,86.34709103463913,86.68363167027252,324968,4335,73.77505505110332
2023-02-22,84.61629486083984,86.77977967262268,84.18360083289735,86.53939247131348,505080,13295,58.61294935965842
2023-02-23,82.11627197265625,85.14515226998236,81.15472313769783,84.61629747634106,1142011,14339,70.64852071069778
2023-02-24,83.8951416015625,86.0586266285369,82.30858444790744,82.35666482736568,811613,17133,64.48583086480815
2023-02-27,80.48163604736328,83.89513740932004,79.95278857992874,83.84705703226437,538378,4161,68.30992056359216
2023-02-28,79.13548278808594,81.87589587231199,78.55854754000768,81.73166206029242,744431,3892,45.87685754287472
2023-03-01,79.56816864013672,80.2893302894431,79.0873942072658,79.42393484306832,778685,11727,71.39237021190075
2023-03-02,81.34703063964844,83.07782149122977,79.52008637098714,79.71240054118256,965918,5412,56.30435816255856
2023-03-03,81.73165130615234,82.88550697841325,81.44318372006938,81.77973168251133,465590,12060,59.92499936459592
2023-03-06,84.32782745361328,85.28937626077436,82.1162695987639,82.35665680055418,859474,4529,48.75496015270644
2023-03-08,89.9529037475586,93.60678521541799,83.84706228104442,84.13552988936523,8454578,17392,51.94880336054141
2023-03-09,88.12596130371094,90.86637429950463,86.53940409476631,90.57790668477428,1530483,9369,73.70450694372963
2023-03-10,88.702880859375,91.15483334599956,86.82786354798127,87.98171922637195,2396805,13563,74.01080170068981
2023-03-13,85.67401123046875,89.66444089852178,85.09708331924051,89.08751298729352,956750,5224,53.47677053461215
2023-03-14,85.04899597167969,87.78941616365552,83.65475302238755,86.44324625700763,965113,17721,50.703219607988174
2023-03-15,84.61629486083984,86.5874728459894,83.65474605560303,86.05861806869507,470435,12764,57.0536650067279
2023-03-16,85.04899597167969,86.29901245700324,83.02974477972577,84.52014848637803,1032162,13186,57.115438003113915
2023-03-17,84.42399597167969,86.15477958221166,83.55860049839576,85.57785171203433,592355,10248,49.08763771226211
2023-03-20,80.86625671386719,83.22205579496094,72.11616365731952,72.11616365731952,1338315,6900,75.56709636909068
2023-03-21,81.10664367675781,83.27012857982741,80.28932862502751,82.3085797340187,892106,7029,45.6228328137457
2023-03-22,82.40473175048828,83.36628057995038,81.29895646543517,81.58741671265257,582805,8685,58.28851121058959
2023-03-23,82.35665893554688,84.42399039174322,82.11627172752488,82.78935297557233,911023,7534,55.93073460048802
2023-03-24,80.52972412109375,82.93359648291744,80.00086926707803,82.50090239220368,539873,8690,68.4657042987381
2023-03-27,78.41431427001953,81.34703395881617,77.93353982896738,81.34703395881617,654389,15711,74.64112844400387
2023-03-28,77.30853271484375,78.65470263661176,76.77967788756621,78.36623503336294,783332,10388,67.79666477905262
2023-03-29,80.7220230102539,81.20279743517747,77.69315000206382,77.74122304293485,1440311,11381,53.22824378257086
2023-03-31,84.07107543945312,86.18886036866915,83.77557528437531,84.61283699637079,1519433,12306,64.83499588142742
2023-04-03,86.43511199951172,87.12461985843628,84.31732712556911,85.35159642902798,1245315,13450,47.580875725916336
2023-04-05,87.81413269042969,89.58715606851332,86.73061715131105,87.56787881721765,1998418,17261,71.00560594964952
2023-04-06,88.25739288330078,91.5079472450757,87.81413888627344,91.01543946390207,2653216,5156,52.68419519683262
2023-04-10,88.6021499633789,90.62143494369684,88.01114210806497,90.52293488698996,767168,15109,46.715727713697774
2023-04-11,89.48866271972656,90.22742439465289,88.20814699223105,89.6364165577263,1043210,17952,49.25032669320065
2023-04-12,92.39446258544922,94.51224002856996,91.11393935070764,91.16319313476399,4892933,11472,57.91507304208345
2023-04-13,90.86768341064453,92.19745288437124,90.32592185853595,92.098952833553,748129,15695,53.757425848575664
2023-04-17,91.95120239257812,92.3944639102238,89.63641729511438,90.42443276088063,1141622,13452,54.40929123681144
2023-04-18,92.19744873046875,93.92122584487682,91.60644093711463,93.03471039730972,990020,3078,54.67312289586338
2023-04-19,95.10325622558594,95.69426406417409,91.70494800232736,92.34520962541136,2874477,14211,62.54457436101205
2023-04-20,93.87198638916016,96.33452530267357,93.42872487568432,95.98976384272379,1798102,9183,56.76079482633817
2023-04-21,92.00045776367188,95.94052013029531,90.91694211586494,95.54651239061846,1801799,8615,55.40241877080489
2023-04-24,91.2616958618164,92.24671145122603,90.32592654283373,92.24671145122603,1231306,3789,55.657448498351314
2023-04-25,92.73921966552734,94.16748927060445,91.60645022956658,91.9019579137555,1457361,4498,58.77615650959809
2023-04-26,92.78845977783203,93.37947510698436,92.29595201358649,93.18246749224288,689103,12033,51.5568117598438
2023-04-27,91.2616958618164,93.37948088206161,90.86768812303805,92.7884655163578,1327164,10961,59.7387804029044
2023-04-28,90.22742462158203,91.2616939751091,90.12892456769193,90.62143235221484,1050172,8158,53.91426554167782
2023-05-02,90.37518310546875,91.4094525121599,90.07967541353621,90.62143701038829,854797,13562,48.077151414378704
2023-05-03,92.6899642944336,93.33022592251017,89.6364175086905,89.88267140294514,2348679,10474,76.77707715990871
2023-05-04,93.72422790527344,95.54650510792565,91.80344313890596,92.14820458176534,2122613,4609,57.61578577994133
2023-05-05,92.39446258544922,94.3644937065456,92.00045485821548,93.18247052484438,509530,10040,55.19990978317372
2023-05-08,93.87198638916016,94.16748654973834,92.64071693240345,93.08397093080691,883017,9973,72.0358915355926
2023-05-09,91.21244049072266,95.15250277986897,90.81843275879355,94.06898715336821,847228,12444,69.86115981557818
2023-05-10,91.36019134521484,92.24670683432839,90.0796681370428,91.40944512824922,560808,14487,47.3770374321854
2023-05-11,91.50794982910156,92.3452115777251,91.11394209002209,91.50794982910156,364271,14824,56.94589942397725
2023-05-12,89.19316101074219,92.09895387565646,88.65139945250355,91.60644610092034,966728,12438,59.80114738578926
2023-05-15,88.94691467285156,89.63642260997607,87.96189903977489,89.2916686414138,678109,11509,45.94846598880965
2023-05-16,88.65140533447266,90.27668260195253,88.45440521753625,88.94691302494999,530656,16486,59.39203990206893
2023-05-17,88.10963439941406,89.43941135051408,87.66638042576201,88.2081419625118,404900,4570,46.105155603471516
2023-05-18,87.6663818359375,88.89765124374561,87.32162790476565,88.65139736218399,553279,10027,50.641248757423924
2023-05-19,90.325927734375,90.96618937895182,86.48437289705934,87.9126425145154,1013522,15080,74.15786445785389
2023-05-22,88.45439910888672,90.42443020249158,88.20814522218612,90.32592263575356,536607,16056,54.052471730846214
2023-05-23,87.71563720703125,88.99615290530183,87.56788337240367,88.45439886509696,373794,13710,50.46964951124784
2023-05-24,88.06039428710938,89.24240997616891,87.12462497778748,87.6663865523987,522582,15737,47.99755277636589
2023-05-25,87.71563720703125,88.4051450818637,87.07537560035986,88.01113736121421,400989,5968,60.91063074648818
2023-05-26,88.01113891601562,89.2424083678767,87.76488502564341,88.060392700119,490250,14947,59.716395104109665
2023-05-29,87.81413269042969,88.94690201021946,87.46937877094719,88.94690201021946,1432116,13637,61.614791007892265
2023-05-30,87.3216323852539,88.06039406784477,87.17387854572125,87.76488638877944,396758,9860,78.93510499136703
2023-05-31,88.06039428710938,88.40514823682904,86.77987102806782,87.12462497778748,411167,10955,53.50603433096977
2023-06-01,87.42013549804688,88.70065879869524,87.27238165334549,88.50365116740248,375327,12376,71.62618050203017
2023-06-02,88.20814514160156,89.43941457397975,87.66638358532629,87.66638358532629,502604,11715,70.18712598911263
2023-06-05,88.70065307617188,89.93192251079351,88.45439918924754,88.89765317968244,963592,13334,66.53301111036835
2023-06-06,88.01113891601562,88.74990058713227,87.56788491937456,88.60214674989447,428107,7655,51.38137102356499
2023-06-07,90.42443084716797,91.31093883355268,87.76488434279699,88.01113823125324,2257475,9229,56.26419287706084
2023-06-08,88.70065307617188,91.26169199717043,88.45439918924754,90.71993043990803,974126,13522,74.13418704819719
2023-06-09,91.55719757080078,93.08397476611535,89.73492020273264,89.73492020273264,3607207,17606,55.36406355656068
2023-06-12,91.01543426513672,94.06898083098142,90.8676804362098,92.39445747666811,3010701,11714,59.68146408489562
2023-06-13,90.52293395996094,91.704949658484,90.12892622209574,91.55719581740048,692228,7301,69.92427281068407
2023-06-14,89.73491668701172,91.06468619998556,89.43941652583553,90.52293214695968,833526,6735,56.31881347231191
2023-06-15,89.83341217041016,90.71992763898152,89.3409044117674,89.68566585487493,559244,11375,69.8114444866909
2023-06-16,90.37518310546875,92.295960557812,89.83342150861667,89.83342150861667,1811549,16481,47.227019723882485
2023-06-19,90.81842803955078,91.90195112482031,89.93192008261686,91.06468191982621,846307,4370,63.555836120271294
2023-06-20,91.16319274902344,92.29595462680291,89.53791557798152,90.62143118698536,1214539,9354,61.42956598645324
2023-06-21,90.325927734375,92.09895882473042,90.12892761992336,91.50795096630283,922718,17024,51.20594609073805
2023-06-22,93.1824722290039,94.26598786240824,90.27667927827333,90.32592554815798,5278298,5699,74.55451597940527
2023-06-23,90.47367858886719,93.57647913694892,90.17817842695183,93.57647913694892,1471483,14445,75.2006813418684
2023-06-26,88.99615478515625,90.62143197024578,88.35589316496069,89.73491645882673,869063,8998,53.80728626959969
2023-06-27,89.09465789794922,89.931927168917,88.94691157019972,89.34091179762854,412138,11064,60.275202332490636
2023-06-28,88.7499008178711,89.63641632853037,88.55290071109007,89.43941622174935,451693,5036,48.207929380605435
2023-06-30,88.89765930175781,90.71993668747736,88.79915924321917,89.24241326417945,759199,14538,48.333384605136864
2023-07-03,88.45439910888672,89.43941465568915,88.3558915421487,89.29166082065434,719519,11485,74.34550963319106
2023-07-04,88.45439910888672,89.53791470735494,88.06039138715131,88.84839931554991,539220,16474,73.78593812093912
2023-07-05,89.19316101074219,89.43941489811026,88.45439934863799,88.65139945250355,579968,14639,73.90670787034688
2023-07-06,88.7499008178711,89.83341643531139,88.65140076448058,88.99615470888354,809226,16006,69.36265586639271
2023-07-07,88.84840393066406,90.52293495625284,88.45440370353505,88.7499038738818,1027539,16442,49.078442978262075
2023-07-10,88.70065307617188,89.43941473694485,88.45439918924754,89.43941473694485,359180,9196,78.19766912173897
2023-07-11,88.10963439941406,89.09464990981589,87.66638042576201,89.09464990981589,564569,11043,54.62626274086789
2023-07-12,89.53791046142578,90.81842610250295,88.10963347724848,88.45439491433837,1499903,7112,53.20447988204158
2023-07-13,88.50364685058594,90.03042397957627,88.15889290648009,89.63641625128143,444677,3495,53.65179980113395
2023-07-14,88.84840393066406,89.83341952863184,88.15889601811567,88.70065760302698,593150,9752,60.929013327190354
2023-07-17,88.89765930175781,90.03042876263409,88.65140539787483,89.09465941883509,685974,8821,57.873453425855445
2023-07-18,88.89765930175781,89.39016710952379,88.45440528079753,88.9469130885635,471413,6576,57.62630109611368
2023-07-19,88.50364685058594,89.2916623071756,88.40514679728032,89.19316225386997,354244,5362,67.95383625624848
2023-07-20,89.93192291259766,91.60644634513575,89.83341534533002,90.1289230169884,2927817,7170,71.43102421283608
2023-07-21,92.59146118164062,93.92123066368165,89.48866071349673,89.636414548184,3389199,13382,65.1753282243158
2023-07-24,94.7092514038086,98.20605227331747,92.98547410452217,93.28097427535626,8928725,3955,52.29678713568959
2023-07-25,92.44371032714844,95.94051862883089,92.00045632386923,95.34951078610113,1850751,8576,60.982492064807175
2023-07-26,93.1824722290039,94.31524164736535,92.19745665044134,92.19745665044134,1412277,5618,75.97770618443778
2023-07-27,92.14820861816406,93.77347827965,91.85270094421809,93.47797812077636,615184,13142,66.14618706316973
2023-07-28,91.01543426513672,92.49295752426208,90.76918038861582,92.09894981881426,702832,15247,69.1090215148958
2023-07-31,90.47367858886719,93.18247140598939,89.43941674955487,91.40944788928012,1372616,5396,70.46473427522487
2023-08-01,90.03042602539062,91.9019571410147,89.78417212899463,90.96618782566641,1192678,16811,69.36421034762569
2023-08-02,89.04541015625,91.26169521675642,88.55290236502636,90.52293352992095,1063626,5792,77.35156692816383
2023-08-03,89.78417205810547,90.81843391310854,88.74990268802989,89.63641821737004,1042642,3521,46.80756552694893
2023-08-04,89.93192291259766,91.8527002331603,89.58716145730547,90.47367695720833,1199969,14945,60.8158578443066
2023-08-07,89.587158203125,91.11393525944723,89.43941188773483,90.42442740405319,1252591,16952,61.812014620862946
2023-08-08,89.587158203125,90.22741979174633,88.84839656588623,90.03041969451145,499837,5181,76.35080488800814
2023-08-09,90.81842803955078,91.70494351155675,89.34090475789819,89.63641242025751,1087689,5743,46.39157057709343
2023-08-10,89.73491668701172,91.80344787553462,89.43941652583553,90.96618614626016,1285358,9561,50.42511850893141
2023-08-11,88.79915618896484,90.1781795062925,88.6514023487025,89.83341804065621,915654,12499,70.34256532050343
2023-08-14,88.50364685058594,89.24240852298661,87.76488517818527,88.65140068808054,607162,15169,50.98123588282045
2023-08-16,88.65140533447266,89.39016704559326,86.92762800852458,86.92762800852458,648240,15203,63.42473759021125
2023-08-17,89.04541015625,90.52293352992095,88.65140242025659,88.7499024754868,647731,12904,71.86188020033559
2023-08-18,88.30664825439453,89.58716399941456,88.10964062934127,89.04540993943117,424362,15001,45.47264534583661
2023-08-21,88.55290222167969,88.99615622703445,87.91264059111087,88.7006560618221,475079,16687,54.00650177744453
2023-08-22,88.50364685058594,89.63641625128143,88.3066467439747,88.60214690389155,621283,11376,47.32062029754107
2023-08-23,88.40514373779297,89.14390538462689,88.158889855515,88.65139762007094,600890,16525,58.89090082415611
2023-08-24,88.89765930175781,91.80345236154794,88.50365155253048,89.48866716806242,4763068,10703,49.49679641616868
2023-08-25,88.01113891601562,89.5379160423523,87.51863113527119,88.89765442437007,1044288,3846,71.15687773856101
2023-08-28,88.40514373779297,89.63641314918284,88.20814363799943,89.53791309928607,1098313,7928,49.74957074904417
2023-08-29,88.50364685058594,89.143908469681,88.3066467439747,88.99615463218639,862901,12451,78.35956336221831
2023-08-30,88.6021499633789,90.32592725850357,88.40514984996513,88.7006575351584,2392074,8446,58.58679870439731
2023-08-31,88.01113891601562,89.14390831474229,87.81413880974678,88.74990058713227,1389358,8749,69.63829361930723
2023-09-01,88.65140533447266,89.29166698712505,88.01114368182024,88.01114368182024,1381762,3730,70.01837099586785
2023-09-04,92.2467041015625,92.88696568668107,88.99614990946635,89.24240378719874,8880983,9443,49.49394331097076
2023-09-05,91.50794982910156,93.47798100942637,90.17818028539683,92.73921931680457,2611337,11175,69.04742508804128
2023-09-06,97.02403259277344,97.81204804625636,92.49296252292741,92.49296252292741,10312601,17845,45.76837342425273
2023-09-07,95.7435073852539,98.35380006663149,95.25099961575141,97.76279224624295,2806178,9592,73.6939474668925
2023-09-08,94.11824035644531,96.2852715960565,93.8719864648953,96.03901770450649,1960040,3564,67.20624626860291
2023-09-11,95.94052124023438,99.19106822126086,95.54651349599924,96.13752135481562,3290372,7441,71.00987165324025
2023-09-12,91.36019134521484,95.9897613777036,89.83341425201526,95.9405151097414,3069984,9393,75.4731249525983
2023-09-13,91.85270690917969,92.93622259222515,89.53792169652056,91.40945288454789,2466130,6036,65.82685512145835
2023-09-14,100.8656005859375,102.44162406859363,93.87199121503845,94.56149914024027,20574695,15479,49.73203161100536
2023-09-15,102.09686279296875,103.4266322763647,99.14181615650118,102.39236294757217,7166855,3541,47.33105826595507
2023-09-18,101.60435485839844,105.00265547889475,101.11184708643826,102.83562428829887,4300507,13454,58.589360808747735
2023-09-20,100.37308502197266,105.39666277260578,99.8313234689818,101.4566006128822,4116930,8497,65.59430601873684
2023-09-21,97.66429901123047,101.65360771356633,96.33452944378519,100.47159199029778,2431295,5465,65.36452227813173
2023-09-22,99.1910629272461,101.06259397617139,96.5807777305335,97.91054722066623,2104794,17346,50.13900011475076
2023-09-25,104.7071533203125,108.15470765803585,99.19106036789748,99.19106036789748,11435772,11022,45.09157902935523
2023-09-26,104.2638931274414,107.0711859059272,103.42663142369261,105.64291638277173,2986496,12165,52.2687218449255
2023-09-27,105.29816436767578,106.08617230289555,101.75210987150614,104.4116488648653,3236278,10660,46.08678907966004
2023-09-28,103.67288970947266,107.61295202622222,102.83562797017787,105.88917476264429,4329354,10671,78.9265486230529
2023-09-29,102.88487243652344,104.80565729131101,102.44161843968834,104.4116495635285,1630454,3535,71.32757665558154
2023-10-03,100.61933898925781,102.93412400697437,100.32383132100796,102.88487022390868,1911922,11757,76.42897460467591
2023-10-04,99.73281860351562,103.52512674616581,98.50154923804013,99.97907247661072,2559415,8370,46.48892035324095
2023-10-05,99.6835708618164,101.16109418989711,98.99406298140765,100.37308625729743,1382819,8684,69.9027630529971
2023-10-06,99.6835708618164,101.11184792133778,99.2403168694211,100.32383247366583,1185510,14954,66.30224626636071
2023-10-09,97.17178344726562,101.80135342793704,96.53152185034585,99.97907620214391,2640567,9403,71.72453246029457
2023-10-10,97.36878967285156,99.09256695719922,96.87628187732366,97.71354362670658,1303817,5693,70.3999887726905
2023-10-11,97.86129760742188,98.8463131998772,97.12253591308038,98.20605156176673,865556,3414,65.55239838276889
2023-10-12,97.41803741455078,99.33881469191422,97.07328348208453,98.35379916196946,1132468,13450,53.33617010044612
2023-10-13,97.31954193115234,97.95979604360177,96.72852657339524,97.22103436147786,962795,10136,48.46359911908692
2023-10-16,99.88057708740234,101.75210811320116,97.36878445868916,97.41803824163341,3466568,16098,71.79061779894845
2023-10-17,99.8313217163086,101.35809878242573,99.38806773715048,100.96409107035628,1294798,3746,56.52072789799044
2023-10-18,99.53582763671875,103.03262844622002,98.79706594970226,100.42233564908055,2970951,12708,71.55419827740337
2023-10-19,98.89556121826172,99.38806898576793,97.71353806720353,99.28956893528111,1660018,4847,74.83918731514206
2023-10-20,98.45230102539062,100.6193397402281,97.5165392607357,98.50155480882393,1643971,4415,68.27421116916284
2023-10-23,89.34090423583984,98.60005158310524,88.15888862345362,98.45229775278897,3425748,16361,69.17585693499879
2023-10-25,91.16319274902344,94.9062473542251,88.84840017947195,91.1139389651755,6275771,9291,61.31020531980755
2023-10-26,91.70494842529297,92.39446383605303,88.2081476470594,91.01544052960534,2051864,16166,74.19801278852597
2023-10-27,89.48866271972656,94.56149439056841,88.99615493644235,92.44370941943183,3388773,14103,70.63933475027659
2023-10-30,89.73491668701172,91.36019387623413,88.74990111961297,89.53791657956091,1370594,9951,58.43588379741887
2023-10-31,88.30664825439453,90.52293330950445,88.15889441437271,90.12892557447041,1626509,17443,59.542955137653834
2023-11-01,86.33660888671875,89.09464773961946,85.69634731753888,88.65139377676435,2082634,6742,74.4865160435899
2023-11-02,88.35589599609375,88.65140368105966,87.07538022974423,87.42013418548939,2092078,13420,56.6924827229745
2023-11-03,89.14390563964844,91.06468292088273,88.70065165630886,88.94690553929132,2448091,14480,59.57896926119248
2023-11-06,91.2616958618164,92.39446529265199,89.58716485077652,89.88267253362842,2818176,3049,68.88368836287374
2023-11-07,89.83341217041016,91.95119703558841,89.734912121696,91.70494315626703,1551649,11035,72.09171244764661
2023-11-08,89.587158203125,91.21243530806467,89.43941188773483,90.27667357359104,1127884,10173,66.2660943931583
2023-11-09,88.89765930175781,89.93192870409545,88.35589770718614,89.58716722660107,1188146,10480,56.40643605941387
2023-11-10,88.70065307617188,89.68566862386919,88.40514540583378,88.60214550934435,1031491,11965,60.28484913308097
2023-11-13,89.29165649414062,89.63641041580242,88.94690257247883,89.63641041580242,514008,6266,52.6552916358371
2023-11-15,89.29165649414062,90.47367208700159,88.65139491672767,90.17817194632228,1122402,5296,45.740844097816314
2023-11-16,89.09465789794922,90.0796734966665,88.74990394141268,89.29166552673624,1076578,9205,69.56546820571445
2023-11-17,87.9618911743164,89.34090692525531,87.81413733955233,88.94690671931403,1420001,4495,46.16518553632947
2023-11-20,89.29165649414062,89.73491046269552,88.0603871202972,88.60214113574519,1493113,6251,59.95859568198597
2023-11-21,88.94691467285156,90.03043036622131,88.45440685631323,89.73492267026916,858451,15143,78.19394265358946
2023-11-22,88.7499008178711,89.48866249090844,88.40514687346814,88.94690843972447,662957,16139,59.185716298178896
2023-11-23,91.75420379638672,92.83771944337445,88.79915702365331,88.79915702365331,4354849,3316,51.10983243721035
2023-11-24,89.98117065429688,92.00045557518612,89.78417054668093,92.00045557518612,1082997,6963,52.86876069874261
2023-11-28,88.89765930175781,90.42443651186142,88.74990545641347,90.42443651186142,1079881,13707,51.83606830121754
2023-11-29,88.99615478515625,89.93192408084894,88.65140084045782,89.43941629840195,1174168,16708,46.379276356727225
2023-11-30,89.587158203125,92.39445843668989,88.99615039634838,88.99615039634838,3466700,6724,57.70813847388222
2023-12-01,89.587158203125,90.81842759852293,89.19315800865526,89.93191964589401,1086494,13747,72.97767635194772
2023-12-04,90.12892150878906,92.09895258001941,88.50364437200957,92.09895258001941,2489804,5524,60.35730201863693
2023-12-05,89.73491668701172,90.76918603880935,89.19316263398584,90.37517830883537,1005574,5059,68.89910098323125
2023-12-06,88.65140533447266,90.0796749699434,88.45440521753625,89.83342106623653,2083761,12208,46.5542797810917
2023-12-07,85.59785461425781,87.76488586420969,84.21883131198278,86.63211645465977,5571251,12211,63.96257597683096
2023-12-08,82.5443115234375,84.16958127574355,82.29805761974595,83.72632725512786,3593139,4390,77.55302177236642
2023-12-11,85.35160064697266,85.64710080894119,82.34730015232196,82.64280782936291,3593033,16577,70.47525661410617
2023-12-12,85.00684356689453,86.53361313513216,84.7113359007468,86.04110536826735,1067885,6108,59.27394271272727
2023-12-13,84.56359100341797,85.69636048992,84.07108318451039,85.69636048992,789455,9891,46.416915472051045
2023-12-14,85.20384216308594,86.33661150988702,84.56358057445297,85.20384216308594,1531508,10766,53.84542595567217
2023-12-15,84.61283874511719,85.89335447373072,84.46508490698844,85.89335447373072,834030,12666,59.2618871938351
2023-12-18,89.04541015625,91.31094148683528,88.55290236502636,88.65140242025659,8817123,16403,56.6809526153702
2023-12-19,88.6021499633789,89.63641934648275,87.96189583724784,89.53791928977586,1017947,8931,45.14903464866276
2023-12-20,85.3023452758789,89.14390743059872,84.6620836642469,89.14390743059872,1846697,3039,64.74180059218283
2023-12-21,85.69635772705078,85.74561151338276,83.52932639975214,85.59785766945951,1213707,11629,54.99181711194534
2023-12-22,85.59785461425781,86.48437013108264,85.25310066745716,86.48437013108264,1051405,15316,66.54680753070966
2023-12-26,85.1053466796875,86.23811608725259,84.76059273349091,86.18886230276492,559548,6433,69.50551747257492
2023-12-27,85.15459442138672,86.0903637373249,84.8098404692295,85.30234826233196,717662,5390,72.92618754084356
2023-12-28,85.59785461425781,87.07537797060839,85.45010077560826,86.090362399708,1110665,16129,54.31968740927595
2023-12-29,85.59785461425781,87.37087813283505,85.40084699103429,86.38586256193467,3358989,14164,49.35912246169066
2024-01-01,86.48436737060547,87.22312902520038,85.84410576694212,86.58286742153702,1339521,9767,75.23309963161947
2024-01-02,85.79485321044922,86.8291225476967,85.20384538133878,86.58286865931133,825291,6514,60.22476352578618
2024-01-03,85.64710235595703,86.38586404683097,85.49935602984027,85.79485619714633,534393,17601,49.2769118055371
2024-01-04,85.69635772705078,86.7798733907001,85.54860388312754,86.18886553007981,835344,11402,72.50136089384034
2024-01-05,85.94261169433594,87.02612735881446,85.49935767729967,85.79485785029962,1226652,14706,57.919065332533165
2024-01-08,85.40084838867188,86.53361781676027,85.05609443622912,86.53361781676027,603289,10004,70.66560924327325
2024-01-09,85.40084838867188,86.6813716578279,85.15459449191668,85.99186375294236,800437,16307,65.15041441606454
2024-01-10,85.00684356689453,85.74560521719174,84.7113359007468,85.40084376832867,568237,13243,52.31040024749768
2024-01-11,85.00684356689453,85.84410526755028,84.66208211803146,85.54859760140255,691679,12383,78.59644171896409
2024-01-12,85.00684356689453,85.54859760140255,84.85908973382067,85.15458988489627,576461,9856,54.941809376959895
2024-01-15,84.66207885742188,85.59784808746879,84.36657871772692,85.35159421352043,504772,12711,62.022565345547065
2024-01-16,84.2680892944336,85.59785887837808,83.82482775640358,84.71134331739083,664151,5345,49.49395250751533
2024-01-17,83.62782287597656,84.4158308180329,83.28306893163489,83.72632292934956,561792,8036,55.24499696035097
2024-01-18,82.5443115234375,84.26808884927837,81.55929590867129,83.62782719666578,1142532,11286,49.54662768322916
2024-01-19,82.34729766845703,83.48006704284936,82.05179751540176,83.23381315776722,705110,6445,68.24013371059824
2024-01-23,79.68775939941406,82.6920523141534,79.29375167688713,82.544305993894,1016347,16130,50.00109571700024
2024-01-24,81.36228942871094,81.9532973029244,78.85050408453552,78.99825041678424,632823,6926,75.77533890247315
2024-01-25,83.23381042480469,84.85908751599572,81.7562871628259,82.15029486903462,1546608,10049,72.22658293123263
2024-01-29,83.28306579589844,85.1053430174406,82.44579658607154,84.12032749065327,1481872,5477,52.93312157975283
2024-01-30,83.726318359375,86.18885713465073,83.28306438585415,84.07107228489922,3127480,15407,74.51972152541448
2024-01-31,83.67707061767578,85.89335567539604,83.52932429255242,84.36658603356558,2548161,6752,70.47893857262693
2024-02-01,83.23381042480469,84.61283363899926,82.93830276638016,84.31732598057474,1028833,15521,63.82535056491992
2024-02-02,83.23381042480469,85.15458765934832,82.83980271859596,83.48006430180115,2599616,16855,45.87032604119921
2024-02-05,83.3815689086914,85.20384619717726,82.69205350556679,83.18456128705337,4503833,3757,46.96305186810285
2024-02-06,84.0218276977539,85.10534327751672,83.52931993285517,83.82482008275116,1592512,13817,57.73836994828
2024-02-07,84.8098373413086,87.17387616402543,83.92332184340574,84.46508340186644,6677127,10796,58.8885904461396
2024-02-08,83.5293197631836,85.54859708612345,83.33231214858102,85.25309693682772,2409900,4034,46.498449262275464
2024-02-09,82.5443115234375,83.97258115881941,81.21453443144492,83.923327372052,1446841,6969,53.57790019326984
2024-02-12,79.884765625,83.23382025052072,79.73701177834546,83.13532019110863,1303347,16967,57.403048496896574
2024-02-13,79.19525146484375,80.32802084666545,76.48645871117421,79.8847593415671,988447,14576,61.77331652925507
2024-02-14,79.49075317382812,80.37726868628339,77.81622971758004,78.45649133852396,840734,3636,54.724162760345095
2024-02-15,80.13101959228516,81.06678894509695,79.6877655670557,80.18027337956524,730255,10397,77.64432162372083
2024-02-16,80.08177185058594,81.01753367115377,79.78626416247363,80.22951817956941,513373,14934,65.15253783459448
2024-02-19,80.22950744628906,81.85478448332826,79.98325357749742,80.67276891915704,1091418,12816,51.69184894745111
2024-02-20,80.57427215576172,83.23381104098328,80.22951071335686,80.27876449514956,2331235,15651,53.87882147076458
2024-02-21,79.73700714111328,81.60853822139237,79.54000703374595,81.1652842222797,1446106,13830,62.495838184952525
2024-02-22,79.68775939941406,80.03251333847304,78.30873612810592,79.24449789341917,849828,13245,70.46485973084943
2024-02-23,79.4415054321289,80.47576724826312,79.14599776176357,80.27876714473439,604920,13119,70.07839523574839
2024-02-26,78.75199127197266,79.78626061936372,78.60424494955024,79.78626061936372,578947,10915,61.7058495348422
2024-02-27,77.86548614501953,79.29375575823825,77.61923224514923,78.99824807236483,785846,15943,48.76134458853238
2024-02-28,76.7819595336914,78.99824453323433,76.48645937612905,78.06248276167845,745710,5761,56.527531225927625
2024-02-29,76.7819595336914,77.32372109516415,75.99395159845285,76.83121331748794,669938,9680,46.597433111660585
2024-03-01,76.83121490478516,78.16098442896887,76.58496101085956,76.978968744155,579500,13258,64.94487604051614
2024-03-04,80.62351989746094,83.52932022973454,80.47576606445175,83.52932022973454,2765104,7755,65.2211336897752
2024-03-05,80.08177185058594,80.86977982709762,79.44151020305772,79.93401800652978,1081707,6161,78.48779348605791
2024-03-06,78.80123901367188,79.93400832750775,78.0624773979187,79.39224680326005,1021769,10404,48.24952946647647
2024-03-07,79.83551788330078,80.72202591676447,79.29375629389726,79.7370103106291,1116821,6254,45.31494305709799
2024-03-11,80.67277526855469,85.49935297976386,80.37726759671794,83.03681409803185,8387805,6933,48.042563726417065
2024-03-12,79.83551788330078,81.55929519403767,78.99824860602757,81.263787506168,1969578,5313,53.59524250749298
2024-03-13,76.8804702758789,80.57427876097739,76.38796247786578,80.03251717713391,2275966,16095,59.90629390369041
2024-03-14,78.70274353027344,79.54000524031494,76.04319705034652,76.43720477126963,1602500,11232,56.5431615033803
2024-03-15,78.9489974975586,79.54000532201422,78.11173578665709,78.80124366267663,1097144,13988,63.1571236677725
2024-03-18,79.19525146484375,80.03251317659989,78.60424363978484,79.34300529987654,1687149,6603,47.074096094541574
2024-03-19,78.99824523925781,79.3430066987702,78.70274507905452,79.29375291453347,1274154,7505,54.8996414015722
2024-03-20,76.24020385742188,77.32371944213159,74.12241895567391,76.83121167498426,1830907,11187,69.35413659252274
2024-03-21,76.53570556640625,77.42222106832922,76.3387054615666,76.43720551398643,702250,11178,46.04855637831773
2024-03-22,75.99394989013672,77.22521930664874,75.84619605714084,76.48645765674154,641039,7041,77.91952892349698
2024-03-26,74.41792297363281,76.33870016531195,74.1716691021318,75.9939462482249,1089811,6846,59.38459974764433
2024-03-27,72.74339294433594,75.74769321596276,72.30013897675184,74.86117776572273,2157923,13913,47.793109023973855
2024-03-28,68.45858001708984,74.02391932005474,66.34079510347479,72.89114994625393,3370725,10449,71.54616713142369
2024-04-01,72.004638671875,72.25089257124193,68.95109182273963,68.95109182273963,2773795,13274,77.41102202799541
2024-04-02,71.36437225341797,72.59564166783217,71.01961832039642,71.90613380178907,1990563,5184,50.36102994668863
2024-04-03,75.59994506835938,77.07746842474425,71.46288267651069,71.5121289460134,3497351,11614,56.73192791766572
2024-04-04,75.25519561767578,76.58496521485483,74.56568016779093,76.24021124744883,1158887,5403,45.96450657844138
2024-04-05,75.99394989013672,76.24020377343912,74.17167265671334,74.86118052393122,944269,11066,50.04921997298199
2024-04-08,75.25519561767578,76.38796509492936,75.05818798267745,76.24021124744883,652829,7398,76.22344059195895
2024-04-09,76.24020385742188,77.12671934130151,73.92541885484383,75.55068847437234,1848817,3820,71.14376016545508
2024-04-10,75.20594024658203,76.88047129098013,74.81193249995466,76.28945591350274,1570202,5272,65.97520195752791
2024-04-12,75.05818176269531,75.69844337200466,74.27017383322188,74.86118165909501,1310392,6411,76.82816228655759
2024-04-15,71.90613555908203,72.79265106213997,70.92112000347817,71.90613555908203,1427512,16951,55.23106890889905
2024-04-16,71.06887817382812,72.10314006124122,69.44360090495297,69.44360090495297,827318,15746,65.7482191096791
2024-04-18,70.97037506103516,72.15239074294523,70.82262122202829,71.16737516966269,953629,4711,57.31601249638808
2024-04-19,71.41362762451172,71.80763534890279,69.14808884556726,69.14808884556726,765787,13882,52.858477841126906
2024-04-22,72.39864349365234,73.8761668302575,71.51212798867479,71.80763566202475,1390203,5922,65.15284593050555
2024-04-23,72.34939575195312,73.18666505801127,72.0046417809678,72.6941572380114,794014,12735,73.36697803201042
2024-04-24,72.39864349365234,73.08815137803916,72.1031358203024,72.6941511670023,1082751,8650,64.78221050015152
2024-04-25,72.59564971923828,74.56568100079235,71.8568879886555,73.0881575396268,1943690,11757,67.9478094231805
2024-04-26,72.49714660644531,73.2359083059303,72.2016464356949,72.89115434918517,1012170,12287,71.82684973289729
2024-04-29,72.8418960571289,74.27017309682236,72.64489595548189,72.69414973842973,2653335,14577,52.01296943998485
2024-04-30,71.90613555908203,73.43291267629694,71.51212783382603,73.2851588399419,1877540,6782,50.19114898314437
2024-05-02,71.16737365722656,72.0046353737089,70.72411966469835,71.90613532148843,1208085,13273,59.036863036771564
2024-05-03,70.97037506103516,71.36437527829023,70.4778672743939,71.2166289543558,776860,3743,74.83837750370874
2024-05-06,70.13310241699219,71.65987948770756,69.93610231790016,71.36437182399747,582422,16278,66.78058122677564
2024-05-07,69.59135437011719,70.42861613585052,68.7048388178402,70.42861613585052,546835,6311,62.19961536771116
2024-05-08,68.85259246826172,69.68985423163431,68.70483862412004,68.9510925259986,692866,6932,67.33883949813267
2024-05-09,67.62132263183594,69.44359999390983,67.42431500224225,69.00034597870116,641950,12164,78.26071979835561
2024-05-10,68.0645751953125,68.26158282070426,66.68555187786012,67.86757508499323,605183,17343,65.32788373412698
2024-05-13,66.7840576171875,68.36008100175201,66.3900498922783,68.06457332930204,666169,5958,57.798421455053564
2024-05-14,67.03031158447266,67.76907325139157,66.78405769549968,67.47356557859509,683714,16420,45.51775451150495
2024-05-15,66.83329772949219,67.62131310672208,66.48854382010596,67.22730541810714,541602,4935,77.18343044842374
2024-05-16,66.83329772949219,67.37505924072168,66.43929004087724,67.37505924072168,422473,15620,54.84089060757377
2024-05-17,70.2808609008789,70.42861474251409,66.83330633306353,67.17806028683056,2098021,14158,67.48188220309153
2024-05-21,69.83760070800781,70.82261621160434,69.54209305090009,70.82261621160434,477223,10619,65.32706780436892
2024-05-22,69.443603515625,70.37936537966449,69.04959575152883,70.37936537966449,395135,15505,60.76405453729316
2024-05-23,69.1480941772461,69.68985577944049,69.00034784489567,69.44360187209264,370912,4773,73.70451030350792
2024-05-24,70.03459930419922,70.82261469624437,68.95108377644092,69.14808386691634,940530,11631,53.695772774069766
2024-05-27,69.0003433227539,69.93610510331867,68.50783554033617,69.93610510331867,465352,12411,67.10899924317452
2024-05-28,68.95108795166016,69.39434193960624,68.31082634623745,69.04958800286238,331243,12754,77.25665285960801
2024-05-29,68.16307067871094,69.09883992764578,68.06457063015779,68.90183231546752,574174,16456,67.18346836894077
2024-05-30,67.07955932617188,68.40932885281086,66.98105927143426,68.16307495843058,504328,15471,52.22567829890696
2024-05-31,67.1288070678711,67.67056107769334,66.53779927757783,67.17805333327033,500023,11658,61.72682145580945
2024-06-03,68.21232604980469,71.1673726656807,67.91681838218823,70.92111878102436,813594,14193,45.379629909140284
2024-06-04,64.51851654052734,68.90183259717558,61.07096222156787,68.90183259717558,1181838,5083,49.748284622758796
2024-06-05,66.48855590820312,66.98106372974537,63.878262951014634,65.6512941145959,793420,11125,65.03911440895256
2024-06-06,67.76907348632812,68.36008131889767,66.93180424885959,67.07955808577006,623415,16937,55.96426596644096
2024-06-07,70.18235778808594,70.67486556203743,67.52281881477684,67.96607280530428,1459001,5873,71.58515287530123
2024-06-10,70.90142059326172,71.41362535816444,70.3399620462211,70.42860983598287,877569,17738,77.17555195654523
2024-06-11,73.2162094116211,73.82691425779288,70.14295811562631,71.25602300870749,4564582,16125,59.34352490281596
2024-06-12,73.57081604003906,74.62478240953499,73.49201299005914,73.777668409932,1986131,8357,70.01077879352123
2024-06-13,77.25476837158203,79.78625798481845,73.64960792207044,74.8611803314346,19114268,14913,69.4207779695221
2024-06-14,77.48133087158203,80.56442700085466,77.12672465360575,77.96398641241038,8536661,13311,70.2258122848843
2024-06-18,75.20594024658203,78.79139646225285,74.81193249995466,78.79139646225285,2648704,9962,76.0362179120176
2024-06-19,76.9100112915039,78.60423913734732,73.67916168551032,75.50143883967566,9591655,9278,76.56591690132895
2024-06-20,76.76226806640625,78.57469321175795,76.48646489342428,76.93957117976221,3238769,16333,64.18284575885016
2024-06-21,76.73271179199219,79.58925835069385,75.94469635680822,76.9297118932521,4547543,6086,48.38652808875372
2024-06-24,75.28474426269531,77.02821860636949,75.12713815599766,75.8462028664283,2114071,4230,61.02882214767842
2024-06-25,75.51129150390625,77.64877332585355,75.4521854639183,76.24020086646851,2065078,12315,68.03729149583444
2024-06-26,75.0877456665039,75.95455672569378,74.8710410229382,75.64920428161825,1394039,9186,51.63132832703104
2024-06-27,72.03418731689453,75.63934797980683,71.36437641578324,75.63934797980683,2289008,8516,68.83281893892126
2024-06-28,72.69414520263672,73.5806531198063,72.24103146999099,72.88129303300255,1666365,9458,47.00646460301576
2024-07-01,72.71385192871094,73.62991674534285,72.59564735024875,73.08815515456544,969657,6397,74.47962393181182
2024-07-02,74.28987121582031,75.55068992145543,71.81748758823707,73.16695408642202,2263358,13159,62.09648598421683
2024-07-03,74.51642608642578,75.54084313584511,73.77766444151423,75.34383552149212,1785523,17662,71.8438494935242
2024-07-04,74.28987121582031,75.34383755710019,74.07316659171323,75.30443603316506,1019478,12388,54.621595952106716
2024-07-05,74.42777252197266,75.02863260842652,73.87616621902704,73.87616621902704,1206169,13835,74.82827017006676
2024-07-08,72.85175323486328,74.95968602809334,72.74340091712104,74.7626859131471,1663249,6587,61.81328675893343
2024-07-09,74.28987121582031,75.84619759343278,72.4084954171195,73.11770781780731,3142609,9696,55.90169972317129
2024-07-10,73.38365936279297,74.95968275884519,72.4084960607157,74.33912566026373,1312471,9702,47.27310101731824
2024-07-11,76.7721176147461,77.6684778952716,73.48216163093784,73.86631711045914,7058640,13331,54.568600013987535
2024-07-12,75.49159240722656,77.22522190830017,74.96953535944934,77.21536964841597,1653909,10545,63.45443186120775
2024-07-15,75.05818176269531,76.0924510942775,74.38837088935315,75.86589421157214,1594396,15961,71.22110740163974
2024-07-16,74.99908447265625,76.97896786133228,74.64447826826435,75.35369067704815,1728589,13814,50.54088864092338
2024-07-18,74.19137573242188,75.15669434059882,73.58066334642645,75.10744055387865,1317436,12360,68.58352580602937
2024-07-19,72.6843032836914,74.60508073090354,72.49714791162923,74.16182670926159,1260146,3169,76.1348217107969
2024-07-22,73.58065795898438,73.87616562752335,72.2016422126617,72.4577408426518,1194880,9743,50.210105381945006
2024-07-23,72.88130187988281,74.86118533304283,69.8770088196398,74.86118533304283,1467066,3334,46.76704166557567
2024-07-24,73.8564682006836,75.50144234229256,72.89114966870949,73.58065753792518,2062896,4556,58.263577438031305
2024-07-25,72.89115142822266,75.59994421778498,72.74339759123205,72.75324985105073,2561541,16579,72.48246017681055
2024-07-26,73.40335845947266,74.51643088580855,72.79265360332488,73.07830902623088,1994780,5491,69.85934007512617
2024-07-29,74.42777252197266,75.50144337886009,73.93526474717915,74.56567409770906,2313104,16132,77.44196641453922
2024-07-30,74.9498291015625,75.59009070788511,74.07316586900787,74.42777206589201,2134504,10624,59.590618471544126
2024-07-31,73.39351654052734,76.82136671724757,73.19650890589966,75.33399852994107,4072443,9620,68.81699545206068
2024-08-01,72.03418731689453,73.38366137922723,71.80763793986908,72.94040737021395,1462082,8079,62.132858086030744
2024-08-02,71.5810775756836,72.68429768725815,70.54681576646261,70.92111896669418,1016773,8967,63.64505588803149
2024-08-05,67.84786987304688,70.69456427404472,67.47356666122818,69.83760553631488,2075253,16277,72.30763266886086
2024-08-06,67.15836334228516,69.5716485359059,66.8825601790225,68.45858362271805,909238,7039,73.74159476583478
2024-08-07,68.30097961425781,68.84274121232357,67.29626698656733,68.26158560264648,805622,5034,72.73186500795757
2024-08-08,68.16307067871094,69.4435938551178,68.10397215259344,68.30097224969974,603544,7513,70.62084844032462
2024-08-09,67.53266906738281,69.49285557843494,67.42431674707048,69.24660167137469,699174,10599,60.877824156296484
2024-08-12,68.86244201660156,69.64059770262837,66.63630472706919,67.27656634975308,1358262,7499,77.31847513073515
2024-08-13,71.32498168945312,72.54639890330976,69.24659821635835,70.23161379545266,4320899,6485,47.88021176495424
2024-08-14,70.48771667480469,72.89115723717822,70.03461038297692,71.80764153801854,2158907,15641,76.08084372175871
2024-08-16,70.76351165771484,71.90613327312512,69.76865138903445,71.16737162990808,1187672,4431,52.34913435581994
2024-08-19,71.5810775756836,73.05860088748972,70.93097122632643,71.25602064346893,1485180,16662,74.29230726547684
2024-08-20,72.52668762207031,72.89114605778508,71.31512278117164,71.80763052480533,1507964,16251,49.183568549121546
2024-08-21,72.29029083251953,73.42306022146919,72.15238925630712,72.7926508687632,1134300,7844,54.96477149864764
2024-08-22,72.58580017089844,73.5806604914038,72.49714486125663,72.7532510151333,1346280,11521,61.32983827103893
2024-08-23,72.17208862304688,73.82691510683335,72.08344082761114,73.13740720320254,986286,5517,78.51192362226637
2024-08-26,70.96052551269531,72.79265515021775,70.73396861555105,72.74340136364252,846829,4174,67.44403809510612
2024-08-27,71.69928741455078,72.08344290264252,70.53696868991935,70.9211241780111,650735,5370,55.81025174453527
2024-08-28,72.27059173583984,73.08814890969575,71.63033014191949,71.8568795041074,1684868,12577,67.82552205208195
2024-08-29,72.48728942871094,73.3147063838401,71.87658460821324,72.64489552114397,1406911,12798,75.67404412172651
2024-08-30,75.3930892944336,78.30873435084509,74.93013079460198,77.81622658763223,10608647,5723,70.91674536884311
2024-09-02,74.38837432861328,76.24020845439136,73.98452184303933,75.84620071390204,1251674,8793,77.31687321220433
2024-09-03,74.07317352294922,74.62478739458486,73.48216563876451,74.62478739458486,997167,4835,54.62891618193016
2024-09-04,73.57081604003906,75.04833940933648,73.07830825027325,73.30485762512494,1304508,11838,64.43841011806651
2024-09-05,73.27530670166016,74.5656746768176,72.98965128825273,73.86631453298794,629269,4412,74.70682999082591
2024-09-06,70.97037506103516,73.51170952864904,70.4778672743939,73.25561089044773,1079878,11662,67.96581810017966
2024-09-09,69.82775115966797,71.00976680384431,69.52239874652139,70.73396365454131,973530,14577,78.33580609018989
2024-09-10,70.56651306152344,70.92111925902434,70.08385754856418,70.12325907218342,606977,12998,63.268760378103366
2024-09-11,69.56180572509766,70.97037836098986,69.40419961880937,70.63546914266365,630115,6846,61.880683833684955
2024-09-12,70.18235778808594,70.62561177861338,69.45344838685797,70.16266078375966,658288,15069,74.95547974871833
2024-09-13,70.6551742553711,71.0688790152343,70.1429619207161,70.23161723501413,475984,15041,60.12943244264332
2024-09-16,72.51685333251953,73.58066450067922,72.2114933771953,72.84190277872432,2097825,3404,52.47645434877855
2024-09-17,71.11812591552734,72.74340321799578,70.93097805493072,72.6449031574071,559088,12745,70.11308809087978
2024-09-18,71.47272491455078,72.64489580766019,70.83247082796471,71.30527407698435,922598,17250,45.072212238565086
2024-09-19,71.61062622070312,73.49200949538007,70.72411825333772,73.04875551169738,2296664,6993,74.7162168388028
2024-09-20,73.16695404052734,74.1224203289062,71.91598759542877,72.29029079996933,1891136,3379,78.86585703976647
2024-09-23,72.74339294433594,74.12241614303467,72.50699132929589,73.38365452034662,1366375,11539,56.003892022263855
2024-09-24,72.03418731689453,73.48216143511102,71.96523652626863,73.08815369650334,857821,9775,66.16091520155697
2024-09-25,73.4132080078125,74.55582965722967,72.06374150901911,72.38879093025402,3533168,15312,56.10488497710277
2024-09-26,72.20164489746094,73.82691458964393,71.98494026781722,73.82691458964393,691382,4230,67.47121466995927
2024-09-27,75.59994506835938,77.61922999478101,74.22092176605234,74.51642944335829,10964286,17329,67.72975705395875
2024-09-30,76.09245300292969,77.71773020115238,74.49672506948102,75.59994521650296,3494959,15402,61.66066885448275
2024-10-01,77.37297058105469,79.13614171393144,76.04319364313741,76.33870129935723,4868254,3884,67.55288267077205
2024-10-03,75.71815490722656,78.3087433334607,73.98452527763644,76.8312198743388,3042493,14802,76.8036181951898
2024-10-04,74.03377532958984,76.535708314181,73.62006307045789,75.64920029550302,2073904,5008,49.64840313591724
2024-10-07,69.82775115966797,74.50657498339699,69.00034171175896,74.20122257025041,1755830,7844,77.99240861402993
2024-10-08,71.9455337524414,72.36909072234565,69.59134728473954,69.82774890292016,1228381,12160,60.92105985516841
2024-10-09,71.6894302368164,72.89115040537055,71.43332409063137,72.10313496252685,973792,13953,77.58569360435429
2024-10-10,72.15238952636719,72.54639725205124,71.72883253639449,71.9061356371987,556473,10550,67.00759655258491
2024-10-11,71.85688018798828,72.22133864093702,71.63033082364424,71.63033082364424,367863,8681,46.2763245192311
2024-10-14,70.78321838378906,72.29029098053353,70.38921065877302,71.768233938793,610935,6292,45.376576265508234
2024-10-15,71.34467315673828,72.05388552104979,70.46800996059541,70.9309684492472,800306,17033,50.25504635328217
2024-10-16,70.97037506103516,71.88643984479081,70.4384657496539,70.91126901638896,600561,12795,62.276549407210865
2024-10-17,68.30097961425781,70.96052630239048,67.96607791005192,70.92112477570635,1324125,11726,55.94281821979257
2024-10-18,68.69498443603516,69.04959064599478,67.02046095628218,67.65087032619431,669943,3165,77.30572913246208
2024-10-21,66.656005859375,69.92625744943464,66.49840726645807,68.95109408023458,952607,4721,48.39134659243374
2024-10-22,63.42515182495117,66.64615694088563,62.558337072965,66.64615694088563,1132469,10663,45.00316313854599
2024-10-23,64.892822265625,65.48383761257402,62.20373400031065,63.42515118819883,907174,13083,66.72933989051089
2024-10-24,63.41529846191406,64.99132935542175,63.218298357761725,64.81402625565576,676816,4317,78.66252763554989
2024-10-25,60.90351104736328,63.91765611602986,60.28295022129946,63.64185297446193,1124624,4354,72.71965289180696
2024-10-28,58.73647689819336,62.04612966848917,57.62340830112144,61.07096264392357,3749092,12279,53.523783469829304
2024-10-29,58.37202072143555,59.69194172867535,58.017418274409366,58.11591832788283,1207476,17954,50.52264920322337
2024-10-30,61.79002380371094,62.39088387877794,58.332620943497396,58.3720187090068,1513841,7070,64.0220294718928
2024-10-31,61.95747756958008,62.52878461595719,60.706507411131426,61.66196990822584,637457,7702,65.4061015469906
2024-11-01,62.548484802246094,62.696238631565,62.0559770478977,62.0559770478977,225715,7264,54.64942535709601
2024-11-04,61.58317184448242,62.63713816881761,60.80500866818677,62.548486620156886,389093,14053,74.94701168058234
2024-11-05,63.31679916381836,63.779757680668766,61.32706727638968,61.58317342689524,842985,12490,69.32375732674724
2024-11-06,65.52323150634766,65.89754222743308,63.5433556487979,63.76990501833374,636069,5465,53.388115768472815
2024-11-07,65.16863250732422,66.28169737531267,64.8534203163127,65.80888660386765,573839,15181,55.33452807783611
2024-11-08,63.966915130615234,64.96177547050287,62.646990325756214,64.52837371904376,831777,13071,56.22421161553272
2024-11-11,62.60759353637695,63.76990849946747,62.085532707851634,63.29710521501708,508386,10003,58.93581555859238
2024-11-12,61.43541717529297,63.237993630162876,60.62770474627471,62.69623960104558,761678,6147,71.038664640486
2024-11-13,61.130069732666016,62.055983047648006,59.70179635545892,60.77546351404507,959977,8301,53.93233542213444
2024-11-14,60.785308837890625,61.26796811189122,59.721493995198244,61.02171422378678,499204,13637,49.30894619244752
2024-11-18,59.967750549316406,60.775463037604915,59.425992722908695,60.775463037604915,340378,13114,67.94049008789258
2024-11-19,59.83969497680664,61.05126365876604,59.49494103551027,60.381452780644985,385944,8157,64.10962226251189
2024-11-21,58.05681610107422,60.08594951952871,57.82041446947994,59.83969562805523,613692,13719,45.86520661681229
2024-11-22,58.91378402709961,59.1009356372378,57.869666144795346,58.10607154066027,437565,3158,77.16965391849575
2024-11-25,59.751041412353516,60.539053078421716,59.10093131815525,60.07609833822066,422535,17637,71.22646394120459
2024-11-26,60.72621154785156,61.01186320815004,59.59344213645812,59.78059374252074,575756,5615,58.84511240047309
2024-11-27,61.57332229614258,62.105231611528424,61.011863715747374,61.07096600330233,554840,3741,45.349561493818925
2024-11-28,61.46497344970703,62.715939924682516,61.307371107837476,61.7900266358909,435127,3413,47.48944455576091
2024-11-29,65.30653381347656,65.7497878038783,61.18916476627072,61.612721752351774,1376122,10694,71.98561500717148
2024-12-02,63.88810729980469,65.50353215320426,63.533501111002636,65.50353215320426,695956,3833,58.22581820697127
2024-12-03,64.00631713867188,65.89754529131046,62.45983918625827,64.02601414408424,992164,3317,63.49683881956233
2024-12-04,64.08511352539062,64.70567817266452,63.73050730268346,64.00631798762339,351076,10083,69.46414451362553
2024-12-05,64.35106658935547,64.6170174766951,63.5138048891267,64.08510818694371,340328,4747,72.53776341538091
2024-12-06,63.58275604248047,64.91252551699058,63.39560068526503,64.42001774753705,549095,5292,46.567345764080656
2024-12-09,63.20844650268555,64.3313636367016,63.04099566157684,63.533503440182905,428557,13275,77.62896908096374
2024-12-10,61.57332229614258,63.24784953483715,61.21871984342159,63.139497219754524,1778841,7128,69.81686067707162
2024-12-11,62.18403625488281,63.17890036356271,61.87868006432941,62.44013865911032,616854,6763,68.71321910784081
2024-12-12,61.307369232177734,62.252983254464624,61.120213873627385,62.05597939377083,387062,12450,63.6970397075453
2024-12-13,60.83456039428711,61.39602273022196,59.89879860198023,61.051265023681744,559690,16637,54.047680066517664
2024-12-16,60.71635818481445,61.44527134854007,60.62770663459831,61.06111588344884,320670,4825,57.01252072273515
2024-12-17,59.25853729248047,60.92321227418068,59.100934949583035,60.57845832332261,644024,10291,49.67461156089197
2024-12-18,58.92362976074219,60.1745999571816,58.5591750602161,59.25853519724988,706832,15298,47.92680189136886
2024-12-19,60.056400299072266,61.5733214159355,57.68251293382586,58.10606992807423,936703,7991,50.911827446836675
2024-12-20,57.82041549682617,60.233704427652526,57.64311239121207,60.056401322038425,1120346,5583,51.743882820428894
2024-12-23,57.623409271240234,59.081231824121126,57.42640541111339,58.59857631222326,540767,4570,54.74172074715952
2024-12-24,57.64310836791992,58.28336619791747,57.51505529890602,57.997714554397824,281948,14195,59.64864636571287
2024-12-26,56.470943450927734,57.95831528247907,56.254238826879885,57.810561446530784,511885,8606,71.47437257493524
2024-12-27,55.80113220214844,57.002848613536564,55.357874454796374,56.4709430742502,485444,14286,78.35248758025409
2024-12-30,54.60926055908203,56.67779546177775,54.27435512288574,55.80113222637643,624588,16427,62.849189735894015
2024-12-31,55.022972106933594,55.633680727819325,54.20540735398293,54.60926360034006,612228,4972,47.044305937017334
2025-01-01,56.93389892578125,57.62341057303419,55.02297008171331,55.02297008171331,697195,4032,46.63491559779973
2025-01-02,56.82554626464844,57.5741601939544,56.145886881428375,57.30820554203277,414546,6277,70.87908757247776
2025-01-03,56.65809631347656,57.40670649700964,56.53989549661055,56.82554715757541,327342,10739,58.35717994236127
2025-01-06,53.5257453918457,57.30820527213482,53.36814305339767,57.121053669457815,705484,12084,71.80577499970549
2025-01-07,53.48634719848633,54.619116659926156,53.062790182993965,53.634101043904174,707471,16616,58.137776521335326
2025-01-08,53.06278991699219,53.68335080408537,52.90518756952018,52.90518756952018,363882,11831,72.12087008051773
2025-01-09,51.545867919921875,53.486346088074846,51.46706486865865,52.993838290288636,540169,8749,67.16817653821721
2025-01-10,49.04392623901367,51.437514379934065,48.55141845294011,51.02380588571345,1033433,16458,60.91236905490305
2025-01-13,46.55183410644531,50.87605560778951,45.359966170562274,49.43793002228521,1627931,14596,50.350255682112575
2025-01-14,47.261043548583984,48.413513645049605,46.16767573521833,46.394228850797596,1577026,17327,75.70561809669975
2025-01-15,47.300445556640625,48.74841956841142,46.8571878226765,47.4678963908404,637381,12932,48.410392020739486
2025-01-16,50.40324401855469,50.876054790393496,48.60066751137176,49.152277573492945,1610129,14609,50.40181286727905
2025-01-17,50.0978889465332,50.52144591226566,49.58568043547218,49.851635071457856,471552,7244,71.45026009983096
2025-01-20,51.496612548828125,53.683348306093414,50.99425626386684,51.41781325752699,1453093,4351,74.88730524251386
2025-01-21,52.67863082885742,54.6683626781372,52.20582381876165,52.59983153927618,2349567,17402,76.6370362671812
2025-01-22,50.16684341430664,52.50132926931368,49.240930128753796,52.471780004546574,855789,7151,45.0131752288755
2025-01-23,50.06834411621094,50.85635583470319,49.53643479715257,49.999389568152615,441847,7104,56.9290113997336
2025-01-24,49.32958221435547,50.40324559289751,48.65977131712114,50.23579474735706,451423,9594,62.538942966547495
2025-01-27,47.83235549926758,50.72829980534518,47.329995474644946,49.25077651004386,1518383,3344,49.60149196325085
2025-01-28,47.142845153808594,48.9355731667397,45.41906792925668,47.83235679513659,1242748,9045,57.53742135043103
2025-01-29,50.373695373535156,51.22080936031539,46.45333387724613,46.886739372966545,1344604,5672,77.96544308674223
2025-01-30,49.31972885131836,50.91545300843756,49.15227800952277,50.34414593682982,662585,13983,49.644868128564234
2025-01-31,50.373695373535156,50.86620315584588,49.05377436664097,49.250778231072495,462310,12015,50.9582992534053
2025-02-01,50.304744720458984,51.959571174094656,49.84178620142514,50.70860095274291,457154,5184,63.11314566699825
2025-02-03,48.7484245300293,49.7137393836143,48.2657652244686,49.7137393836143,396986,12448,52.86352110016416
2025-02-04,48.25591278076172,49.851636897593494,47.87175356524171,48.98482217346559,877990,17873,78.5411140758271
2025-02-05,48.147560119628906,49.00452257792678,47.940704002768555,48.74842019364945,707782,9683,56.22587041064281
2025-02-06,47.71415328979492,49.23107818312844,47.290596290259764,48.74842265368174,697525,5753,48.103503212534875
2025-02-07,46.630638122558594,47.9505591618086,46.394232727938416,47.9505591618086,520316,15245,71.30955812329715
2025-02-10,45.43877029418945,47.04434300312685,45.35996724324131,46.67988828633241,495548,17832,76.03095197584759
2025-02-11,43.06488037109375,45.72441930823603,42.858024253119694,45.43876765895617,888004,4850,60.85188922491578
2025-02-12,42.31626892089844,43.97109541568542,40.06058231392215,43.05503061473062,1488133,9139,51.58517556063039
2025-02-13,41.991214752197266,43.07473037491809,41.81391164920132,42.355669460561735,789668,15483,47.901523624077385
2025-02-14,39.9423828125,42.41477413362935,39.430174236977045,42.23747102065846,721276,4695,58.88726138082774
2025-02-17,39.61732864379883,40.72054506395006,38.41560840910246,39.8832833067662,1004615,14663,74.07057906195949
2025-02-18,39.9128303527832,40.28713731216661,38.602757873709336,39.61732644065361,780767,3206,49.845191758276236
2025-02-19,41.75481033325195,42.109416547489246,39.65672607070549,40.336389233839064,717887,6792,46.854953247757294
2025-02-20,43.527835845947266,43.83319201947006,41.3312516181231,41.86316091747141,528742,10259,63.32686221407324
2025-02-21,42.759525299072266,44.690154894401864,42.601922959811404,43.439184682596704,487777,4810,66.39041950658547
2025-02-24,41.81391143798828,42.84817702854948,41.46915373611043,42.79892700186298,408182,15916,65.32255835846381
2025-02-25,40.54323959350586,42.20791450821352,40.38563725695091,41.764660519958795,328201,3401,61.87030568658354
2025-02-27,39.22332000732422,41.14410113553809,39.075566167639984,41.124400373077776,510357,7742,49.83638427562413
2025-02-28,37.6965446472168,39.587772654336895,36.80018066847083,39.2331702211539,1508974,6448,50.39237411512909
2025-03-03,37.00703430175781,38.494409902107016,35.5590602256313,38.01175062421946,949455,9511,62.3045631705175
2025-03-04,37.893550872802734,38.51410798781713,36.50467904402304,36.947933052594394,888642,17465,77.06463640852937
2025-03-05,38.78006362915039,39.134669851012895,37.82460103972793,37.82460103972793,739577,17396,67.80717756044487
2025-03-06,39.5286750793457,40.04088361632436,38.947515754459936,38.947515754459936,710398,3488,70.98503013609304
2025-03-07,40.1689338684082,41.12440017672208,39.44987295095309,39.52867600041809,855001,9061,70.64117077330846
2025-03-10,38.3368034362793,40.779645309071,38.16935259624858,40.28713753363553,709685,7631,71.02731528714408
2025-03-11,37.39118957519531,38.21860279190043,37.164636448393885,37.9132503745984,801359,12869,69.19734061857795
2025-03-12,37.401039123535156,38.366353846786794,37.04643294814968,37.401039123535156,793148,16174,75.25066777748583
2025-03-13,36.849430084228516,38.16935101812445,36.553926182692166,37.617740979730215,739786,14528,78.18334597553368
2025-03-17,36.11067199707031,37.381343031724356,35.8447173323146,37.20403992188722,760396,14010,59.175938984279746
2025-03-18,36.11067199707031,36.11067199707031,36.11067199707031,36.11067199707031,0,12210,74.5051022129179
2025-03-19,40.750091552734375,40.897845385715605,38.49440883763524,38.49440883763524,1510351,7154,59.52197352884635
2025-03-20,39.76507568359375,41.37065204110877,39.68627639552942,41.04559511431134,1010910,4247,60.55648940241447
2025-03-21,40.15908432006836,41.114550603497555,39.4991219493642,39.59762575862996,1285725,14844,47.550642634537006
2025-03-24,40.661441802978516,41.58735884988181,40.28713858926584,40.38563864391944,1186977,3607,74.25640226992493
2025-03-25,39.134666442871094,41.32140211556155,39.00661337223116,40.878144376835635,995438,9659,50.42552293637173
2025-03-26,37.19418716430664,39.508976063992954,36.94793326588488,39.13466908628172,1258866,5960,78.85841172771862
2025-03-27,37.87384796142578,38.652011133607274,36.5440747385455,36.5440747385455,1930737,4122,59.59436864612106
2025-03-28,36.258426666259766,39.518825994330754,35.67726729468712,38.17920413731337,1914752,14890,61.01747197538365
2025-04-01,38.55350875854492,38.878565699840316,35.923518993676495,36.199322150506866,1290704,15366,77.53190107776672
2025-04-02,39.06571578979492,39.19376886087154,37.08583622678215,38.69140883609036,838833,9041,67.5434376516723
2025-04-03,39.311973571777344,39.834030652319875,38.22845788375491,38.523961820712266,511217,11432,77.86460887744393
2025-04-04,37.075984954833984,39.311970719559,36.553927912168476,39.2036184071108,1031901,11868,46.612916272628475
2025-04-07,35.43101119995117,36.445576033054344,33.90423406280778,35.559060518425035,1593594,4881,73.75034704139185
2025-04-08,36.47512435913086,37.075984441636685,35.519661837434015,36.189472707354994,685287,9351,61.17565860156783
2025-04-09,36.18947219848633,36.603176917160035,35.716661437807744,36.47512384624558,342237,8010,66.70590931417672
2025-04-11,37.22373962402344,37.38134196632729,36.65242878471182,36.938084204367634,430985,3522,49.19640822351461
2025-04-15,39.61732864379883,39.981783363775016,37.676846708927414,38.267854566052925,1010738,11106,47.232383487502105
2025-04-16,39.70597839355469,40.77964549931427,39.51882303319298,39.79462994384809,718069,12811,72.38726823492117
2025-04-17,39.74537658691406,40.828895964085625,39.32181959291168,39.66657729554925,580448,11079,48.25884772278796
2025-04-21,40.84859848022461,41.12440164814786,39.46957512553565,40.090136010899315,604745,10946,51.990998020987185
2025-04-22,42.83832931518555,43.19293176838081,40.23788502233324,40.848597388609164,1197825,16991,45.35106206138408
2025-04-23,42.13896179199219,43.252030356577144,41.15394629422679,42.99592798047395,634022,12048,58.99492858684998
2025-04-24,42.257171630859375,43.291437281082565,41.518409915337614,41.813913850039036,662946,8528,53.05372775343248
2025-04-25,39.9128303527832,42.48372152762925,39.371072554289604,42.20791461977701,1008804,10061,50.1886986686656
2025-04-28,40.2969856262207,40.582641034878336,39.499121685412305,39.499121685412305,407610,14706,58.640946611358615
2025-04-29,41.183502197265625,41.804059298873014,40.47428978681583,40.838744494392,555765,14098,76.71240641448868
2025-04-30,39.479427337646484,41.183503887088186,39.21347267281528,40.838746170068625,461752,16543,49.742823389023094
2025-05-02,38.819461822509766,40.27728435358363,38.65201098630525,39.47942418043215,379541,9444,72.32783942393148
2025-05-05,39.77492904663086,39.93253138466827,38.69140968477949,39.40062208471594,340485,12028,67.07197882534523
2025-05-06,38.04130172729492,39.932533648496516,37.92310090644993,39.7355297753973,315489,15267,58.28313497768937
2025-05-07,38.64215850830078,38.80961310109448,37.52908991543357,37.52908991543357,414230,15696,75.78088708059875
2025-05-08,37.795047760009766,39.34152196123194,37.52909309541574,38.711112574432626,364329,8527,78.7004629439862
2025-05-09,37.22373962402344,37.627595861023075,36.69183030967185,37.05628502171146,411961,10903,69.89679152137668
2025-05-12,39.97193145751953,40.38563617077359,38.89826439438533,38.89826439438533,550143,13183,48.67575709193217
2025-05-13,41.41990661621094,41.60706199130457,39.893133136565716,39.991633196851296,671651,15890,75.37697857949131
2025-05-14,44.8083610534668,45.241766562395114,41.91241280040344,41.91241280040344,2360418,12403,66.83272187229531
2025-05-15,45.09400939941406,45.89187332502958,44.63105465915066,45.28116475343648,995476,17438,64.91064945897891
2025-05-16,45.5766716003418,46.09872865834087,44.640906042438054,45.14326609535543,876220,14072,64.43496043068899
2025-05-19,46.315433502197266,47.635354543369246,45.31071714928698,45.70472488838225,1361820,13284,78.67692714878314
2025-05-20,45.43877029418945,46.78824060261796,45.31071721516687,46.39423286294982,650855,6944,53.42795229498413
2025-05-21,45.91157531738281,46.079026157012635,44.77880593357876,45.0152113185377,619350,7227,58.101000484806384
2025-05-22,48.23621368408203,51.18140813530784,44.37495069426065,45.45847007620401,2723573,9506,61.39319703789294
2025-05-23,48.10816192626953,50.1372954095824,47.852059524267084,49.447783739910165,3560640,5065,59.19773691503644
2025-05-26,46.8571891784668,48.452913309373145,46.67003757761614,48.31501173426886,801816,3516,58.216648030164734
2025-05-27,46.522281646728516,47.221641750410456,46.295728532473916,47.07389167982838,501726,3049,52.674718385069255
2025-05-28,47.251197814941406,47.81265638590703,46.49273537963748,46.49273537963748,702476,16570,46.55365808485648
2025-05-29,47.40879821777344,47.84220369557973,46.98524124189037,47.467896744384824,657349,3935,57.10199789066809
2025-05-30,46.817787170410156,47.52699955793492,46.423783210980005,47.37924572468857,607313,6748,52.272476623366025
2025-06-02,48.5908203125,48.95527502459594,46.38438376236879,46.38438376236879,1187138,15182,70.4475940768522
2025-06-03,48.147560119628906,48.82721948206707,48.068757073675236,48.82721948206707,438609,14284,75.02079313594515
2025-06-04,47.940704345703125,48.590818206863204,46.995090332711136,48.068757417525816,308735,3479,71.53411706420351
2025-06-05,48.5218620300293,49.497029031426955,48.06875580040595,48.118005824054414,850336,9243,51.89193764258246
2025-06-06,48.5218620300293,48.95527125622201,48.118005824054414,48.5218620300293,290383,8214,76.53166404374491
2025-06-09,48.91587448120117,50.08804169094255,48.610518292890724,48.65977207885483,735039,7860,48.97855829499961
2025-06-10,49.70388412475586,50.77755123262678,48.80752011782041,49.08332702901789,1109015,8710,75.39140871206881
2025-06-11,50.71845245361328,51.8118165606026,49.64478535104296,50.02894081532788,1656572,3161,45.82041848059268
2025-06-12,49.221229553222656,50.974556076735496,48.67946798019455,50.77755220995584,793457,8520,78.02594004733783
2025-06-13,48.90602493286133,49.270479644478144,47.77325551556036,48.029357912430925,641866,12296,50.807851623249945
2025-06-16,48.374114990234375,49.142425928393806,47.41864868993321,48.669618908177526,592986,6233,45.091124083606964
2025-06-17,47.182247161865234,48.846922117366354,47.083743350644454,48.26576278254044,338324,5875,45.803018875687826
2025-06-18,46.53213882446289,47.655056012738605,46.29573342599289,47.18224897333495,402012,6311,67.81607492365029
2025-06-19,45.1629638671875,46.86704416597758,44.53255448285505,46.541987213566976,598935,12733,64.05002328795055
2025-06-20,45.60622024536133,46.04947800439753,44.81820853903931,45.3107163251826,571011,6237,76.63683197807494
2025-06-23,45.172813415527344,45.6653211871619,44.91670727005716,44.956108793596584,278225,13936,75.26023756102504
2025-06-24,46.22677993774414,46.876890048693774,45.65546911666373,45.65546911666373,343665,6669,51.221704285567384
2025-06-25,48.22636032104492,48.41351567995999,46.35483303464703,46.581386159748746,588656,13268,63.533183626324195
2025-06-26,47.83235549926758,48.80751876994626,47.48759780917564,48.452912577868176,466518,15225,72.70852178162521
2025-06-27,49.03407287597656,50.08803921386052,47.980106538092606,48.10815961170112,1029683,8879,58.265676891657975
2025-06-30,48.157413482666016,49.25078143165458,47.84220878210634,49.13258060832881,411839,8896,67.70516390961035
2025-07-01,48.65977096557617,48.866623334762174,47.81265696886829,48.265763232095594,417007,17128,68.28798054971716
2025-07-02,48.896175384521484,49.152281553131274,48.02936057601644,49.04392923237609,531571,9845,49.76844830453725
2025-07-03,48.640071868896484,49.14242817662871,48.38396570610253,48.75827268997412,245620,4923,71.59163504929302
2025-07-04,48.55141830444336,49.11287687824707,48.06875902225158,48.364262941484654,405499,4695,55.37269620121617
2025-07-07,48.55141830444336,50.22594552347908,48.275611389961114,48.738569909865866,1017773,15081,68.75160190197617
2025-07-08,48.344566345214844,49.04392650340073,47.694452456858336,48.95527495112814,484429,5486,59.57631310582182
2025-07-09,47.655052185058594,48.79767004455914,47.48759759177233,48.73856776030469,434384,14185,60.99970795229774
2025-07-10,47.605804443359375,48.44306617733601,47.47775136676824,47.4974521291312,337179,3382,54.34634310651584
2025-07-11,47.02464294433594,48.10815852175977,46.886737614131704,47.28074532821458,400416,8593,76.76404637835668
2025-07-14,46.89659118652344,47.2511973876182,46.21692804857976,47.06404202729811,328706,6415,70.88839450826164
2025-07-15,47.32014846801758,47.724004697860714,46.9950915291619,47.08374307998289,213997,13132,54.0014851122577
2025-07-16,47.87175369262695,48.108159075304016,47.15269280005766,47.320147395607265,296628,12996,74.40243357842077
2025-07-17,47.58610534667969,48.46276863606858,47.477753028658796,48.05891238733202,150275,12255,65.24899677257412
2025-07-18,47.724002838134766,48.21651059960667,46.65033576782457,47.763404360861166,516070,13358,46.67272278189406
2025-07-21,47.083744049072266,48.177111945856375,46.79808862859896,48.177111945856375,313184,11009,56.40392354114723
2025-07-22,46.374534606933594,47.87175495920236,46.29573155811093,47.507300252238004,362333,3150,50.062811165948375
2025-07-23,45.32056427001953,46.60108750426703,45.14326492612254,46.532136715658154,518096,12923,74.9421323723258
2025-07-24,45.18266296386719,45.655469984680074,45.064462148048015,45.48801914206426,246064,7167,55.24991536827136
2025-07-25,44.384803771972656,45.30086856991048,44.32570148394767,45.30086856991048,428999,17113,65.59566401199068
2025-07-28,42.88758087158203,44.503005882466894,42.50342538210776,44.335551273636135,298050,17427,69.88686362072121
2025-07-29,43.54753494262695,43.63618648912833,42.3655155751206,42.375367834474076,369086,8351,55.55111261281401
2025-07-30,41.8927116394043,43.76424275444444,41.6858592683049,43.76424275444444,769745,4308,65.0579444490161
2025-07-31,41.82375717163086,42.33596568184249,40.99634400244838,41.587355556170685,431404,3306,65.3354141957034
2025-08-01,41.0652961730957,42.26701632445151,40.878144574743594,41.82375858357961,343624,3983,47.38793551890709
2025-08-04,42.503421783447266,42.789073432501446,40.63189076634657,40.63189076634657,334080,6081,56.74506754570599
2025-08-05,42.14881896972656,42.986080737516644,41.86316354023155,42.355671346587215,243307,6759,62.0415691938655
2025-08-06,40.54323959350586,42.68072527541447,39.893129485524675,41.8631605712296,471588,6011,66.96945272302645
2025-08-07,40.46444320678711,41.57750814463214,39.49912459891104,40.20833704305301,767082,17667,53.548217640207845
2025-08-08,39.54837417602539,40.66143899539408,38.66185871521001,40.011328909974786,397880,7757,69.18769840729806
2025-08-11,39.76507568359375,40.12953413319136,39.2036171350673,39.64687487272924,253587,7373,76.68855477096005
2025-08-12,39.52571105957031,40.632790600781874,39.396052101274385,39.994471623987295,380288,6463,47.494969681941306
2025-08-13,38.96718215942383,39.89473505379729,38.89736667745236,39.89473505379729,469231,12585,55.8934225588366
2025-08-14,38.74776077270508,39.42597158828256,38.39868335497777,38.887395544454506,329729,17513,60.37846291097155
2025-08-18,39.76507568359375,39.94460229383052,38.89736627055495,38.89736627055495,329518,7154,68.37421077657189
2025-08-19,39.84486770629883,40.19394511887546,39.30628786575907,39.6952609268183,487183,8559,76.71454624261433
2025-08-20,41.1015510559082,41.540395589078734,39.89473619900631,39.89473619900631,747393,15908,55.66959020876574
2025-08-21,41.09157943725586,41.650103314379756,40.89210499342937,41.09157943725586,198269,6085,51.48825900720782
2025-08-22,40.76244354248047,41.06165328760056,40.55299710136224,40.8023391897387,150070,5835,71.7943444013009
2025-08-25,40.07426071166992,40.882130446949475,39.89473410383002,40.69262802497496,242842,3512,47.62994827158366
2025-08-26,39.445919036865234,40.72255316236877,39.14670928099948,39.844867914458554,189059,16399,69.82744318786155
2025-08-28,39.52571105957031,39.994471623987295,38.997103216360095,39.396052101274385,251446,8167,77.84984019368056
2025-08-29,39.326236724853516,39.87478858961961,39.11679027179604,39.31626091014113,193245,5305,47.92742000179125
2025-09-01,40.17399597167969,40.612840481219976,39.34618221854761,39.69525961962891,230203,5898,58.850901088207664
2025-09-02,44.9813117980957,46.72670643911407,42.40810339147384,42.88683975073701,6631126,5002,58.68375682413914
2025-09-03,45.83905029296875,46.31778666362735,44.92147320037105,46.12828803919742,1306547,14954,56.61491763241837
2025-09-04,44.432762145996094,46.51726228640868,44.143524392406455,46.377631316995355,557822,14798,67.41043458716926
2025-09-05,44.432762145996094,45.0212096632798,43.49523720517908,44.38289448615684,521076,8692,77.00908265437286
2025-09-08,43.66478729248047,44.78184263875939,43.40547318277981,44.78184263875939,244450,5127,59.084980470839156
2025-09-09,43.09628677368164,43.70468209404346,42.98657564316939,43.45533999911868,209278,14348,58.317887165889104
2025-09-10,42.288421630859375,43.32568187406787,41.98920806749345,43.04641993989541,475217,6418,59.52194754741379
2025-09-11,42.059024810791016,42.78710711181993,41.699975372382944,42.28842289748477,362264,16842,75.37887776005866
2025-09-12,42.36820983886719,42.8469462218045,41.889473455929874,42.059024260348714,302737,6826,50.24534284300288
2025-09-15,42.487892150878906,43.21597442811223,42.36820900865443,42.517815789928896,294741,9479,46.22163516164785
2025-09-16,42.73723602294922,42.97660612198747,42.487893913586255,42.487893913586255,199589,14735,66.86597417238667
2025-09-17,42.926734924316406,43.22594466996837,42.687364844999834,42.7372325018321,208502,4614,57.23278634937798
2025-09-18,43.22594451904297,44.39286366440878,42.88683912724586,43.0863135585368,667980,13350,71.25598438396051
2025-09-19,42.278446197509766,43.48526105781867,42.08894756970657,43.48526105781867,588593,9757,60.92842437411711
2025-09-22,41.42070770263672,42.53776303025332,41.081602300442114,42.27844512022651,395099,7703,62.185331807772
2025-09-23,41.530418395996094,41.96926291460106,41.10154969171855,41.87949960894626,227260,5867,75.02954945616789
2025-09-24,42.73723602294922,43.7844759260006,41.19131570583055,41.52044911642582,727535,9762,72.16785546989375
2025-09-25,41.76979064941406,42.73723543322488,41.4905249036132,42.63750011271939,287138,6664,61.981398577001386
2025-09-26,40.912052154541016,41.839605069326254,40.78239319745853,41.75981377122673,224450,5642,70.06570625389611
2025-09-29,40.5928955078125,41.48055279402349,40.443288722754176,41.03173624350709,215743,12742,49.860259502224864
2025-09-30,40.97189712524414,41.390790041597654,40.24381481978631,40.59289605473955,207750,4653,58.310590570118116
2025-10-01,41.5004997253418,41.73986601069033,40.70260576641584,40.97189569092682,202012,14275,71.11570957263723
2025-10-03,41.61021041870117,41.769789208801356,41.28107702399915,41.500499287133835,201471,13867,73.5303896083102
2025-10-06,41.301025390625,42.477920409813365,41.04171128005434,41.929368549432674,279159,9079,75.72855657412916
2025-10-07,42.996551513671875,43.136182478266576,40.902075630776004,40.902075630776004,916939,16015,60.800321710722166
2025-10-08,43.82436752319336,44.43276287533089,42.647472469307985,43.13618467493509,1250339,17161,65.4079871764988
2025-10-09,43.25586700439453,44.07370879864193,42.98657707633865,43.884210169858264,341386,14864,69.67292986934478
2025-10-10,44.61228942871094,44.83171170085762,42.89681451118297,43.25586775481986,818472,11359,57.537982377546975
2025-10-13,44.92147445678711,45.49994616076536,44.08368483353767,44.5823690425038,768841,16424,58.23507781955438
2025-10-14,43.62489700317383,45.47999909560466,43.43539456561952,44.58236978726561,807060,17777,73.49139562103312
2025-10-15,43.42542266845703,43.844315585841514,42.69734416586592,43.385527017851274,361256,8275,72.64722799455477
2025-10-16,43.485260009765625,44.033815664556506,43.18605025557142,43.555075492255654,249281,7578,78.86091566743116
2025-10-17,42.6474723815918,43.48526201475894,42.50784141017371,43.48526201475894,202654,11111,75.16760556082285
2025-10-20,43.67476272583008,43.88420917468212,42.20862997454885,42.28842127201161,301904,6366,76.0799853565253
2025-10-21,44.13355255126953,44.68210442091857,43.44536971167259,43.8842104464601,121912,17656,70.93163934119082
2025-10-23,45.390235900878906,45.86897609881297,43.98394655667656,44.27318431656961,1009337,15302,54.19637148148186
2025-10-24,44.871604919433594,45.38026111724754,44.68210249297359,45.38026111724754,289002,9691,73.50873409335915
2025-10-27,44.89154815673828,46.10833877199748,44.532498743473695,45.05112694196421,741880,9868,63.07161510522527
2025-10-28,44.432762145996094,45.539841695856836,43.983945598125715,45.33039524173685,419287,16293,69.95800886733954
2025-10-29,45.888919830322266,46.06844645225173,44.1335530660392,44.1335530660392,1323882,10162,52.52725326073575
2025-10-30,44.741947174072266,46.05847316185811,44.25323498247882,46.05847316185811,690130,12422,70.0232002068167
2025-10-31,43.23591995239258,44.921475035390074,41.98920941391922,44.632237277346185,753201,6418,54.720851355288616
2025-11-03,42.52778625488281,42.87686746362224,41.54039370924872,42.87686746362224,732205,9819,72.34617419001577
2025-11-04,42.128841400146484,42.956655164448094,41.89944332815975,42.82699621172915,239474,17254,45.5947454805968
2025-11-06,41.58028793334961,42.36820989586539,41.39078930380446,42.278446586152725,242085,16589,74.00307075376428
2025-11-07,41.829627990722656,41.88947146248894,41.19131284384912,41.70994485184846,244817,15625,49.243619408672814
2025-11-10,42.278446197509766,43.58500018139288,42.188682888622246,42.9367091944654,528528,11267,59.777606446083574
2025-11-11,41.91939163208008,42.87686816472416,41.69997317649487,42.38815598636111,165277,6477,70.18169446680739
2025-11-12,42.01913070678711,42.54773472808079,41.88947175272432,41.93933941054588,281288,14240,61.568680858793726
2025-11-13,41.5403938293457,42.218604620371146,41.39078705307366,42.12884131553959,255027,15468,68.24624877914458
2025-11-14,41.70994567871094,42.00915543415718,41.31099680167698,41.42070793309424,224590,17089,71.56555131420097
2025-11-17,41.530418395996094,42.04905040592843,41.39078743267939,41.87949960894626,285840,9514,57.865965657163215
2025-11-18,41.131473541259766,41.63015772975649,40.991838772567604,41.53041860926209,296012,13419,55.201992944826614
2025-11-19,41.480552673339844,42.08894801730771,40.91205297922593,40.91205297922593,413205,8667,76.47196661270155
2025-11-20,41.49052429199219,42.07897180548081,41.41073679769568,41.52044793142961,342381,8454,51.90769847674353
2025-11-21,40.6627082824707,41.490522038546935,40.49315368372938,41.09157697941492,265279,6270,74.92917967459023
2025-11-24,40.07426071166992,41.40075864219994,39.89473410383002,40.89210245642577,251659,11596,53.20817459460067
2025-11-25,40.71257781982422,41.29105331857462,39.88476402551065,39.89473603546977,461472,8052,75.41992347290504
2025-11-26,41.06165313720703,41.181340078543364,40.42333800204652,40.742495569626776,254071,16798,70.58563198688974
2025-11-27,41.32097244262695,41.59026236279515,40.69262929556781,41.061654532246415,299569,6218,54.99016929162792
2025-11-28,40.87215805053711,41.42070992940291,40.29368633608221,41.32097460766682,299504,3257,74.8562029185081
2025-12-01,40.17399597167969,41.16139231348701,39.91468187439905,40.872154578500606,234925,3506,53.914904097318335
2025-12-02,39.755104064941406,40.213892604654546,39.51573398071892,40.213892604654546,253461,9864,68.99623527950034
2025-12-03,38.75773620605469,39.85483991211308,38.59815741599786,39.79500024375331,300813,16950,55.19169574001269
2025-12-04,38.34881591796875,39.346184322573095,38.249076794713204,39.346184322573095,314658,7311,61.52652926799773
2025-12-05,38.308921813964844,38.64802723739543,38.00971204144577,38.00971204144577,354416,12272,50.241477600984
2025-12-08,36.67323684692383,38.358788088063086,36.10473715829929,37.800264214135,708204,10501,50.62591539997933
2025-12-09,37.40131378173828,37.80026265060684,36.25433863723495,36.70315516354749,659052,6567,75.63013592719325
2025-12-10,40.17399597167969,41.38081456825715,37.30157785937502,37.40131317263873,2407493,6507,73.75626847031518
2025-12-11,41.08160400390625,41.37084175990703,39.43594838754112,39.64539484340709,792615,9232,60.19274525669903
2025-12-12,39.84486770629883,41.470579237709536,39.59552561027025,41.37084011650304,501554,11252,68.67460390755542
2025-12-15,39.585548400878906,40.16402386951657,39.366129951273514,40.16402386951657,241330,17243,67.14521815516106
2025-12-16,38.91731643676758,40.09421148375037,38.14934229223416,39.58555145591176,318535,5915,54.89564839322912
2025-12-17,38.05957794189453,39.14670964865498,37.90997116022735,38.558262141240455,313507,13467,46.421571946098474
2025-12-18,38.55826187133789,39.296316155253315,37.421262513533385,38.059577675482686,620703,3522,74.28789650706987
2025-12-19,36.922576904296875,38.807602483726164,36.15460281551859,38.398681610964566,1747890,4721,47.303189371107656
2025-12-22,37.072181701660156,37.72047268527047,37.00236621784471,37.012342032480355,471275,3588,46.466621781120004
2025-12-23,37.33150100708008,37.491079805265976,36.73308146504762,37.072183082116325,332451,10168,64.62227426719807
2025-12-24,37.082157135009766,37.730448111954225,36.952498178689176,37.33149923311787,298970,6176,70.19943879341211
2025-12-26,37.211814880371094,37.6506555890834,36.902629319101614,37.10210375202843,358519,16934,65.9933371193495
2025-12-29,37.02231216430664,37.74041859530269,36.8527613706872,37.22178659565647,370829,17391,69.41136224719327
2025-12-30,36.802894592285156,37.12205216819798,36.38399789598806,36.73307911034538,332305,10721,60.620346020804305
2025-12-31,37.63071060180664,37.820209234808814,36.802896779051196,36.802896779051196,360174,10129,64.35206346982778
2026-01-01,37.14200210571289,37.740421643435845,36.65328989966753,37.740421643435845,356517,15037,58.242555443531565
2026-01-02,37.78031539916992,37.98976184640332,36.91260216693139,37.12205241882323,335851,12711,56.71029724896957
2026-01-05,37.35144805908203,37.89999992869725,37.13202578937251,37.89999992869725,262464,10337,48.36060130336758
2026-01-06,37.082157135009766,37.40131471621546,36.902630519999256,37.40131471621546,263197,16151,76.49936019469229
2026-01-07,37.11207580566406,37.35144588639226,36.9325491962825,37.05223613897578,254444,13962,68.61266983710001
2026-01-08,36.50368118286133,37.27165529195143,36.30421055060597,37.27165529195143,361490,3431,75.5128382504592
2026-01-09,35.52626037597656,36.503680924820564,35.40657723653769,36.503680924820564,541891,4739,60.851894300975424
2026-01-12,34.97771072387695,35.536238417358454,34.13992108598403,35.52626260239596,615744,5830,45.47981920877859
2026-01-13,34.60868453979492,35.37665867098578,34.40921009714066,35.30684318675557,307196,12503,65.5125201354713
2026-01-14,35.127315521240234,35.35670979182098,34.409209070964195,34.60868350766959,304248,9863,70.59205352703331
2026-01-15,35.127315521240234,35.127315521240234,35.127315521240234,35.127315521240234,0,13673,60.38018191557472
2026-01-16,34.59870910644531,35.187156626199034,34.40921047639732,35.107369131053034,233236,8663,53.8872699984137
2026-01-19,34.30947494506836,35.40657867801672,34.08007686187182,35.30684335853362,413986,13423,66.55566589414279
2026-01-20,33.40187072753906,34.31944786604492,33.21236828896949,34.30947585569536,358900,12072,68.18144441457278
2026-01-21,32.444393157958984,33.50160504217577,32.045448076776864,32.91315752812299,627328,7184,58.54419307262744
2026-01-22,34.11000061035156,34.309475054613216,32.66381564527778,32.66381564527778,709437,6121,54.241413504924566
2026-01-23,33.00292205810547,34.608685866262455,32.91315874570356,34.608685866262455,405362,5629,71.75423093641174
2026-01-27,33.77089309692383,34.89792040297363,32.47431499682088,33.322076576403255,459092,7501,70.53352165109565
2026-01-28,34.06013107299805,34.50894379202423,33.64123438267302,34.04018324920558,275809,9768,49.95967610641326
2026-01-29,33.22234344482422,34.06013306993532,33.03284101001451,34.06013306993532,403569,15454,73.52940463462309
2026-01-30,35.14726257324219,35.75565407507343,32.81342046577463,33.07273456453398,768923,14086,68.327220656437
2026-02-02,34.00028991699219,34.86799938543319,33.46171005189421,34.40921082093874,330967,15699,60.356191300900235
2026-02-03,34.289527893066406,35.0475262303342,33.96039448296867,34.867999607491555,579556,8151,61.85402623033333
2026-02-04,34.58873748779297,35.14726517877098,34.06013343690966,34.40921086585927,521280,16322,61.466478488520465
2026-02-05,34.09005355834961,34.89792336382899,33.780867972501255,34.638605439012004,403783,11528,47.71444578545778
2026-02-06,34.459075927734375,34.60868270294937,33.471683386222075,34.090050701437946,236725,17550,49.23078778162092
2026-02-09,36.044891357421875,36.244365787231054,34.71839343780871,34.90789205356536,568982,6530,70.86887218703663
2026-02-10,37.10210418701172,37.40131393758068,36.004996695380974,36.1047358153429,725052,15653,69.40983103731253
2026-02-11,36.40394592285156,38.49841800202896,36.15460382748957,37.142000199172784,1574846,15272,72.38808473919138
2026-02-12,36.07481384277344,37.3514480046256,35.90526303799679,36.902631455718925,471474,9572,69.37062166381106
2026-02-13,37.580841064453125,37.9997339600651,34.96773696013406,35.90526187268833,1227739,15037,70.71128581827588
2026-02-16,36.67323684692383,37.95984300735139,36.453814579504346,37.41128733880267,392761,9160,68.56091102553201
2026-02-17,36.08478927612305,37.1320253427297,35.955130317885335,36.40394686204777,476249,7330,69.56558411135005
2026-02-18,36.5734977722168,37.10210561673885,35.96510623796755,36.08478938187543,356927,11331,76.93747377834092
2026-02-19,34.957759857177734,36.463788194158575,34.83807672065116,36.214446107010865,538112,3999,56.174727566668636
2026-02-20,36.064842224121094,36.17455336000679,34.508946105908606,35.057501785337074,574722,11815,66.53304792513973
2026-02-23,35.50631332397461,36.204471961088515,35.16720791764263,36.06484099459743,237510,10472,70.71762911837456
2026-02-24,35.07744598388672,35.45644705396358,34.40921095960304,34.6086854072571,478526,13210,56.08451360329754
2026-02-25,35.047523498535156,35.40657671623385,34.73834174247333,35.40657671623385,225344,6573,77.75118806406132
2026-02-26,36.38399887084961,36.703156455313845,34.60868433168498,34.70841965008311,821577,14597,57.511343163300026
2026-02-27,37.201839447021484,37.93989371500912,36.01497245617668,36.304210196648754,1317617,13990,61.209005511473244
2026-03-02,36.064842224121094,37.12205412805942,35.51629034935124,35.905263427739705,729959,17421,60.886966873949206
2026-03-04,39.52571105957031,40.59289495135874,35.04752523527443,35.805527355679885,7076911,3159,69.81812687744585
2026-03-05,40.104183197021484,40.77242201587651,38.15931401990543,39.89473674224277,2037446,3044,61.2222799048148
2026-03-06,38.31889343261719,40.10418384374014,38.1493426249646,40.10418384374014,713477,3209,59.48197290757088
2026-03-09,39.33620834350586,41.68999837727941,36.81286750789433,36.81286750789433,3607971,16638,62.18691679382883
2026-03-10,39.80497360229492,40.76244637507769,38.70786985906366,40.164026843253104,765850,12030,74.49118885130325
2026-03-11,39.42597198486328,40.79236944435973,39.29631683106524,39.79500103549674,660190,14194,56.17152753906484
2026-03-12,38.72781753540039,40.56297177385945,38.69789389566302,39.31626125012895,886527,10766,62.661325775459154
2026-03-13,37.77033996582031,39.59552595067688,37.50105004323532,38.727816514342,563520,9588,51.71999961245097
2026-03-16,36.53360366821289,38.37873359094091,35.92520836692663,37.899997240254585,660036,4293,78.02979115275916
2026-03-17,36.45381546020508,38.438580315651926,36.15460569127795,37.08215863821308,856514,5036,70.43342874364964
2026-03-18,37.09212875366211,37.640684407440936,36.453813597983235,36.453813597983235,465695,13638,45.12367070937117
2026-03-19,37.55092239379883,38.27900088110468,36.18452492417769,36.18452492417769,890432,15213,51.490690516581736
2026-03-20,39.57557678222656,40.39341853208374,37.91994545877687,38.408653823988466,1859165,14010,57.38540730975108
2026-03-23,37.790287017822266,39.73515610474516,37.6606280641185,39.73515610474516,900980,17287,64.22981763822774
2026-03-24,37.93989562988281,39.146710505599806,36.972447044482976,39.146710505599806,578156,6895,55.637714016262265
2026-03-25,40.78239440917969,41.101552001743556,37.979791561687016,38.33884099982741,2406694,14521,67.69037022666289
2026-03-27,41.93933868408203,42.3881552060186,39.62544439838498,40.72255187474753,3925292,5021,53.597490192904814
2026-03-30,45.799156188964844,48.27263322778084,42.04905258999295,42.87687020788014,28984353,4136,78.26336581234453
2026-04-01,46.34770965576172,48.382338251505004,45.20073450136098,45.749286347295,4677414,16768,48.7043981656174
2026-04-02,44.99128723144531,45.87894446118818,43.9839430594062,45.87894446118818,1796318,12826,58.74814051169878
2026-04-06,46.84639358520508,48.08312823415707,44.14352240930221,46.068443668958864,3202409,7626,53.977979557885426
2026-04-07,46.03852462768555,47.70413181369863,45.47999696085234,46.38760204154476,1280656,16530,68.2340604828208
2026-04-08,44.41281509399414,48.06318340576546,43.585001273213116,46.377632124052276,2094972,5107,61.990538997191784
2026-04-09,44.522525787353516,45.380263239751336,44.09365706115461,44.78184370790377,1238877,8721,46.05646713291213
2026-04-10,45.310447692871094,47.32513236084916,44.15350047612374,44.15350047612374,1997058,12079,73.17913803164166
2026-04-13,45.71936798095703,46.626973080170806,44.811762881743256,45.26057942633437,1529487,8204,73.12521221365246
2026-04-15,47.255313873291016,47.87368119002449,45.71936568865973,45.71936568865973,2008928,14109,67.92688882530852
2026-04-16,47.375,48.87105263157895,46.786552479392604,47.95347551044665,1264285,15753,64.2370698045327
2026-04-17,47.275264739990234,48.362396472509026,47.08576230476729,47.724077486308865,942660,16903,59.4500201390013
2026-04-20,46.79652404785156,49.12039427320583,45.779211616079614,47.77394843935701,1763959,5429,52.57513400041362
2026-04-21,46.188133239746094,47.69415789097819,46.0385264537818,46.84639624960349,869162,16552,74.16076971913296
2026-04-22,46.497314453125,48.02329071560808,45.06110530485832,46.377631308600755,3356987,17447,56.08078877326757
2026-04-23,47.155574798583984,48.970784907689655,46.67683844279705,46.67683844279705,3201951,17098,77.18987622567411
2026-04-24,43.62489700317383,47.51463161529368,43.33565924402361,47.51463161529368,2564967,14603,54.21269925756462
2026-04-27,44.55244445800781,45.12094794445927,43.88420945840007,43.88420945840007,894420,15441,52.00166608501575
2026-04-28,41.999183654785156,44.73197092209018,41.79970921517362,44.73197092209018,2242179,9419,54.06977962851045
2026-04-29,43.24589538574219,43.82436709206737,42.39812994426513,42.62752802941979,1617068,7782,48.286384223603484
2026-04-30,46.83641815185547,49.56920918361445,43.485259790590725,43.485259790590725,41395592,5267,64.09020097814522
2026-05-04,47.245338439941406,48.43220923065937,46.66686676598795,47.654259317882804,3375859,15068,77.86544182260172
2026-05-05,50.30725860595703,52.95028627642129,46.5970509015038,47.474732317156885,27563704,17417,65.27505406064998
2026-05-06,49.629051208496094,51.90305380716323,49.08049933507492,51.05528836218632,5213127,5946,55.81942172332406
2026-05-07,48.46213150024414,50.067895259233865,48.14297391140056,49.72878984550523,2254159,10211,59.231908745748484
2026-05-08,46.8663444519043,48.94086881904335,46.73668549000228,48.51200008746323,2072994,14310,61.55908521489339
2026-05-11,47.644287109375,48.821182080909544,46.18813021397068,46.866341004504434,3643556,13743,71.49977862667532
2026-05-12,46.78655242919922,48.382340379308005,46.377631529192676,47.873684159166636,1687981,5793,72.43748008520537
2026-05-13,46.57710647583008,47.98339581096722,46.297840728058965,46.87631624411611,1365310,14276,50.27698136010117
2026-05-14,43.88420867919922,45.97868075338854,42.88684030012651,45.47999656385218,3605329,9529,55.29544393313419
2026-05-15,42.15876388549805,44.62226511882697,41.89944596374836,43.8842108084532,1886692,10733,49.48627979072023
2026-05-18,41.5403938293457,42.46794671105231,40.69262843823472,42.03907801070804,1209470,10810,60.887385077400516
2026-05-19,42.348262786865234,43.09628911222999,41.620184286735906,41.689999772730594,1148827,17458,73.73980795702775
2026-05-20,42.8569221496582,44.13355250752642,41.769790421580254,41.769790421580254,1461647,16803,58.74161260164254
2026-05-21,44.38289260864258,44.80178549916227,42.68736561322343,43.38552423541466,1298696,3340,45.8193243139455
2026-05-22,44.38289260864258,44.83170913752683,43.28578891995523,43.88420842202862,736251,9949,51.255333360745915
2026-05-25,43.25586700439453,44.42279002597003,43.08631620042892,44.38289437633392,830837,14987,77.07590933131776
2026-05-26,43.724632263183594,43.88421106030746,43.106264899910954,43.37555483343097,546457,8481,63.19939581707001
2026-05-27,43.10626220703125,43.8842083188289,42.936707605558865,43.8842083188289,400897,9782,57.810886365018064
2026-05-28,43.10626220703125,43.10626220703125,43.10626220703125,43.10626220703125,0,16476,67.38285329528381
2026-05-29,44.023841857910156,44.781843994741415,42.94668593275339,43.10626472924545,1063432,4543,55.64696496758351
2026-06-01,44.432762145996094,44.88157869386647,43.016500822336866,44.18342004214128,1030737,4325,53.92861267020035
2026-06-02,44.19339370727539,44.4327599847241,43.25586500740253,43.58499839471748,423368,11314,54.22509077477568
2026-06-03,43.9640007019043,44.33302594295195,42.93670866732413,44.33302594295195,680719,14037,50.02512658089185
2026-06-04,43.983943939208984,44.7818416851774,43.59497088061151,43.884208623292146,736912,9508,71.66787614099304
2026-06-05,44.68210220336914,46.57710362773633,43.854288434908256,43.88420826850973,1822882,5485,45.3606559084307
2026-06-08,45.63957595825195,46.956105736392615,44.54247224856963,45.06110426913208,2241085,13805,75.70097266019567
2026-06-09,45.32041931152344,45.86897498233348,44.63223647631433,45.46005408523962,986765,17898,77.28563847381824
2026-06-10,43.46531677246094,45.499945420394965,43.04642006532317,45.33039461834151,759625,3134,78.31273144083069
2026-06-11,44.94142150878906,45.559788851967795,43.57502406036739,43.72463084234768,1527212,5493,77.66972831883544
2026-06-12,44.16347122192383,45.430129537517544,44.03381607019564,45.39023388868188,785279,7384,55.35934341250072
2026-06-15,44.71202850341797,46.646921886222074,44.402842920715514,45.28052820364027,2227770,8293,48.96948473160518
2026-06-16,44.85165786743164,45.180787458822,44.13355140671305,44.8716056918581,529490,12924,47.59027770560078
2026-06-17,43.67476272583008,45.100999828379926,43.594971428367316,44.87160555516219,880838,15433,55.47771185008891
2026-06-18,43.73460388183594,44.28315955890454,43.48526177577151,44.113604948358265,574153,17003,75.72333951424632
2026-06-19,43.914127349853516,44.402839516703516,43.48525865383974,43.88420751676457,545315,13642,58.51244402873617
2026-06-22,43.375553131103516,44.05376013876889,43.196026515802586,44.03381611898744,478956,14887,63.523203703308
2026-06-23,43.1262092590332,43.53513013158885,42.90678700387611,43.21597256299217,477302,13909,46.21397035858079
2026-06-24,42.896812438964844,43.235917841056434,42.637498333675246,43.13618252471239,420457,16595,74.28839543457613
2026-06-25,42.57765579223633,43.23591878661506,42.098919414929846,43.18605112735244,567333,5069,50.17049829580857
2026-06-26,42.57765579223633,42.57765579223633,42.57765579223633,42.57765579223633,0,10387,58.1680589645688
2026-06-29,43.375553131103516,43.53513192196451,42.18868230720753,42.57765537214005,598422,10878,77.57094039437914
2026-06-30,43.19602584838867,43.88420865997026,42.597602538412204,43.38552447065242,457209,5454,69.40611324309482
2026-07-01,43.485260009765625,44.17344662953657,42.926736149845375,43.14615460710328,641338,15265,63.35704699819671
2026-07-02,43.7645263671875,43.9839448275679,43.096287562141065,43.18605087014257,563488,5134,67.4133036451782
2026-07-03,43.993919372558594,44.88157661236899,43.64483816055624,43.97397154861631,1057398,10747,70.39594599149771
2026-07-06,44.9114990234375,45.470026711900296,42.85692250002878,43.58500099474396,2665510,6584,62.92565767687452
2026-07-07,43.774497985839844,45.13091960366781,43.49523605440178,45.03118428662806,492845,11596,50.78312538391367
2026-07-08,42.47792053222656,43.98394515012001,42.20863060624723,43.39549763883003,726955,8044,72.17910727093557
2026-07-09,42.53776168823242,43.2159724712248,42.38815491373239,42.68736465807413,298855,4845,48.501343034744046
2026-07-10,42.50783920288086,43.26584130073079,42.38815606283134,43.17607799452905,362915,15492,76.65352836569876
2026-07-13,43.724632263183594,44.74194852159521,42.16873613773195,42.68736817954916,1728296,7161,46.28482304669752
2026-07-14,43.74457931518555,44.6821042561344,43.4453695514494,43.884210284618504,581359,5594,66.72076660460229
2026-07-15,43.19602584838867,44.38289284928811,42.80704898480768,44.38289284928811,580533,3396,54.230359080449105
2026-07-16,43.29576110839844,43.884208603218845,43.056391023785714,43.75454964885952,452854,7124,51.12127795411231
2026-07-17,43.9640007019043,46.17815595284867,42.99655214073395,43.44536867966135,2809958,3959,63.50248289744032
2026-07-20,43.26584243774414,44.30310268652956,42.85692154422508,44.22331519261923,554256,7687,75.9071575436047
2026-07-21,43.644840240478516,44.38289454288183,43.14615603213153,43.33565846628487,891391,13633,72.53440316209355
2026-07-22,42.408103942871094,44.2033662646149,42.108894190023534,43.73460190887005,807766,6987,49.34222983558333
2026-07-23,42.31834030151367,43.23591737693613,41.84957594948006,42.408103607123124,580790,15264,57.88417357330984
2026-07-24,43.19602584838867,43.53513124931114,41.2511567491174,42.318340609884906,510306,12191,58.181417154288646
2026-07-27,42.408103942871094,43.754549733014336,42.28842080266376,43.23591771923797,683323,10674,67.4638668949691
2026-07-28,41.310997009277344,43.07633952133754,38.33883965487958,42.408104524304804,2791879,12154,48.99633592734311
2026-07-29,37.89999771118164,40.892102793643346,37.75039093519521,40.892102793643346,2093942,6031,67.45167346725209
2026-07-30,36.68000030517578,38.279998779296875,36.5,38.0,1969493,6798,63.86806506641932
2026-08-03,39.0,39.4900016784668,37.279998779296875,37.279998779296875,2345093,7656,52.6446863114723
2026-08-04,41.2599983215332,41.52000045776367,38.849998474121094,38.97999954223633,2919109,8540,54.84971357002664
2026-08-05,40.310001373291016,42.130001068115234,40.06999969482422,41.599998474121094,955040,5366,64.40296279750953
2026-08-06,40.369998931884766,40.900001525878906,39.79999923706055,40.599998474121094,624032,14214,47.03617989967483
2026-08-07,40.869998931884766,41.400001525878906,40.25,40.4900016784668,469202,17740,72.97652100109882
2026-08-10,42.279998779296875,42.54999923706055,40.689998626708984,40.959999084472656,1410342,13921,52.2909854506871
2026-08-11,41.68000030517578,42.5,41.5099983215332,42.130001068115234,902740,13625,68.91024006086056
2026-08-12,41.560001373291016,42.220001220703125,41.130001068115234,41.47999954223633,683122,8703,49.74191007644458
2026-08-13,42.81999969482422,43.79999923706055,41.29999923706055,41.5,2061677,7916,76.24923201359522
2026-08-14,42.95000076293945,44.47999954223633,42.709999084472656,42.849998474121094,1215110,17875,56.77861087225953
