Date,Open,High,Low,Close,Volume,No_of_Trades,Delivery_Pct
2021-08-16,80.04065704345703,80.44490278610076,79.50166477603224,80.01370773850081,7275816,3997,56.82867006005919
2021-08-17,79.232177734375,80.41796583957894,78.07333893826878,80.01372003481173,8829298,7543,61.43570557684684
2021-08-18,78.47756958007812,79.66335745617135,78.18112106897975,79.33995964118225,6614773,4276,56.06465888962949
2021-08-20,75.6478500366211,77.83077450894612,75.45920490803142,75.45920490803142,21531570,3434,73.9794908827416
2021-08-23,75.89039611816406,77.66907477131166,75.4592011062404,76.86058335291729,11996193,15153,51.34478486998756
2021-08-24,78.39672088623047,79.77115387584594,76.51023879119924,76.5371880948211,31872112,7658,69.36623685242127
2021-08-25,78.10028076171875,79.50166937368753,77.61518707615296,79.01656951982088,11509722,3617,47.86659067210875
2021-08-26,76.88753509521484,78.31587285823807,76.21379016907557,78.10027226128543,14629591,4795,62.69460455921451
2021-08-27,77.3456802368164,78.26197507311436,76.53718878427722,77.23788302135792,18811386,7024,67.09420869547759
2021-08-30,78.69316101074219,79.07045738955291,77.2648233977517,77.2648233977517,18467458,7524,70.40440310158004
2021-08-31,78.77401733398438,79.58250877953563,77.50738155839409,78.66622011945759,21014754,13431,48.408599695099596
2021-09-01,78.04639434814453,79.90592762982858,77.8846984837815,79.23218252504562,16225903,3208,48.086594113611405
2021-09-02,78.20806884765625,79.36690739725907,77.69602591541785,78.63926386979914,13093312,7415,74.1007412520942
2021-09-03,79.44776153564453,80.49880295418284,78.20807497876125,78.69317481396392,21378195,4069,58.90862795736976
2021-09-06,79.17826843261719,80.63354943243652,78.96266782062509,80.31015776689932,11086869,12613,56.494259817437786
2021-09-07,77.72297668457031,79.55556018946363,77.61517946907666,79.1782637669356,9302749,16470,67.33355147450033
2021-09-08,78.20806884765625,78.96266167848135,77.61517800532233,78.15417024092591,12718144,16642,72.37598781171731
2021-09-09,78.23503112792969,80.17541213357535,77.8846901260711,78.12723389658859,18027484,17432,57.652907497871205
2021-09-13,78.63927459716797,78.85487522180007,77.85773852466667,78.66623007251034,10928922,12825,77.61064970459314
2021-09-14,84.08312225341797,84.43346941858069,79.33997012244743,79.33997012244743,54475924,13498,73.96205543376901
2021-09-15,84.70295715332031,86.10434572562609,83.70582050389565,84.08311695272407,29863693,16695,54.93448644066017
2021-09-16,84.70295715332031,85.2689049107133,84.08311695272407,84.62210923606438,17459850,10280,62.9897888994526
2021-09-17,83.05902099609375,85.8887411475657,82.60087665115263,84.54125741725062,28818694,16681,72.93498724616778
2021-09-20,80.7413330078125,83.32850270699538,80.06758820001943,81.92712066201277,8997673,9812,52.92723754430917
2021-09-21,80.8491439819336,81.92713462445943,78.15417045976908,80.74134676817106,12995049,13535,46.50408886983407
2021-09-22,80.8491439819336,82.00798253478133,80.52574617234582,81.33423761216515,17163750,12157,65.55421523480581
2021-09-23,82.41223907470703,83.89446946344643,81.46899482554453,81.95409468776569,22708315,11159,72.7075260023366
2021-09-24,82.25053405761719,83.43632202623924,80.06760943062923,83.00512696204038,23447479,15254,52.83229671461431
2021-09-27,83.27462005615234,84.62210376147866,81.92713635082603,83.54411926453773,31471288,16600,74.01908945851193
2021-09-28,85.96959686279297,86.9936827901657,82.49308100046856,83.13987665755701,49434681,11270,75.1971209049155
2021-09-29,84.24480438232422,87.04757507900904,83.13987062012835,85.1341498883137,32460355,13534,74.99815373773868
2021-09-30,85.61925506591797,86.13129806152023,83.5980262219081,85.6731536793181,31218057,13309,72.39379224838392
2021-10-01,87.93692016601562,89.58085860185867,84.91855484748355,86.34689267642406,68705115,4379,77.74640784945768
2021-10-04,87.07453155517578,88.8262672400974,86.77808919705878,88.61066662952989,13440394,14956,74.49811115228512
2021-10-05,88.7723617553711,90.76663486511423,87.07452481248959,87.1014741156861,37808565,11742,66.12236988600385
2021-10-06,89.68865203857422,92.32972080986613,88.39506695661694,88.93405919869075,54857979,6985,61.40178390140148
2021-10-07,86.05044555664062,90.82054660801246,85.64619980937692,90.577996692334,28643079,15237,67.39508717333285
2021-10-08,85.24195861816406,87.80217976490718,84.97245938281708,86.93978961375794,17590875,13621,73.33401966260705
2021-10-11,85.56535339355469,86.61638865388473,85.43060069657082,85.64620131076458,9531361,12276,58.18493776220976
2021-10-12,85.13416290283203,85.9965530692923,84.64906303693473,85.67315521479445,18012067,6063,46.604646904965826
2021-10-13,85.7000961303711,86.77808681704194,85.21500248027435,85.32279969845132,14951839,17730,47.005417028611234
2021-10-14,86.26603698730469,88.23336704441753,85.96959463974687,86.23908768298125,23311758,6016,58.80979768737011
2021-10-18,86.96673583984375,88.28727032649499,86.69723661404322,86.77809069959388,25302591,12932,54.412291903330264
2021-10-19,83.94837188720703,87.64048235428912,83.46327203861456,87.20928728644088,11178493,17895,61.31466749361123
2021-10-20,81.71154022216797,83.6519210584705,80.95694733203362,83.54412383653721,12791211,3967,74.76893541327233
2021-10-21,80.68745422363281,83.49021900184164,80.09455716679203,82.52003166848479,25111639,8110,69.37620570339092
2021-10-22,81.11864471435547,82.9512220560775,80.17540057124533,82.19662920890951,13604868,14628,78.32974564172844
2021-10-25,79.90591430664062,81.84628902867414,78.74707563368678,81.68459319127162,10413771,13296,75.72928622258299
2021-10-26,81.9271469116211,82.1966399864451,80.22930969872436,80.22930969872436,11325540,4833,45.27117472731579
2021-10-27,80.71440124511719,82.70868063463013,80.49880063919396,82.00798637575521,17954121,14915,51.44128581374395
2021-10-28,79.47471618652344,81.38814152884171,78.80097121995188,81.11864847685355,14810112,4765,64.02838565747695
2021-10-29,80.22930145263672,84.21786023309296,78.42367336369664,79.04351354038485,42520734,15766,53.10063012592144
2021-11-01,80.95695495605469,83.43632830381627,80.31016539524366,82.19664162993548,24821902,15079,49.2030825720559
2021-11-02,81.36119079589844,83.40936879656948,81.03779297088712,81.22644427226892,22232334,12246,53.557428728252155
2021-11-03,81.14559936523438,83.27462535898188,80.849150833963,81.84628748237488,23762697,11341,78.52004870593538
2021-11-04,81.65763854980469,81.92713776283487,81.3881393367745,81.54984133191277,1334935,5336,67.36730825276437
2021-11-08,81.87322998046875,82.5469749041645,81.17254192158936,82.19662779057471,27469462,6109,45.89375125683106
2021-11-09,81.19949340820312,82.30443338564754,80.9569435020274,81.92713695842994,16457853,16674,60.71489481991149
2021-11-10,81.98102569580078,82.52001788337049,80.63353597442713,81.19948363125994,28379137,16279,50.22719962971035
2021-11-11,80.57965087890625,82.30443727116966,80.31015782409996,81.92714082614022,16867800,11638,48.97802020893244
2021-11-12,79.77115631103516,81.06474142927458,79.5016632665897,80.92999490705184,10517026,8037,50.17402264540572
2021-11-15,79.25911712646484,80.31015855467247,79.0165672066321,79.69031218637807,10850394,6419,59.20275800568052
2021-11-16,78.47756958007812,80.04065387894195,78.15417176508902,79.31301033729152,8684095,5991,52.24651172116265
2021-11-17,78.15416717529297,79.0435064880592,77.88467415221224,78.3428184597494,5816481,7840,63.804685471608224
2021-11-18,75.97125244140625,78.45062557667354,75.64785460456689,78.45062557667354,15334431,13132,47.65291190934463
2021-11-22,74.00392150878906,76.26770017468206,73.43797992646613,75.9982009520851,14125108,6271,47.72556118156983
2021-11-23,74.65071868896484,75.05496444690455,73.33017802294127,73.3571273289172,13845207,7455,52.70264530750696
2021-11-24,75.56700134277344,77.18398424430454,74.9202057148409,74.9202057148409,13653798,14727,60.701585083220266
2021-11-25,76.29466247558594,76.64500967414737,74.54292648277873,75.86346734696454,15096982,8515,71.3774100327172
2021-11-26,72.0096435546875,75.64785537763369,71.7131950205302,75.45921023572498,15749431,4203,75.65018526095402
2021-11-29,70.25791931152344,72.00964900650132,69.77282559873123,72.00964900650132,16883688,4712,75.05572181605979
2021-11-30,69.96146392822266,72.60253903529352,69.50331956816254,70.15010906600598,18842749,7834,50.93626433542939
2021-12-01,70.3656997680664,71.84793602939833,68.85651420513207,70.66214825399274,20438737,15604,75.33919949801592
2021-12-02,70.95860290527344,71.47065206132056,70.12316207378706,70.39266130495392,11993058,15689,74.67856310506075
2021-12-03,71.28199768066406,72.11743847618871,70.90470124059159,71.22809907041093,21972160,15949,48.60849848066103
2021-12-06,69.44942474365234,71.41675498643761,68.37143396407524,71.38980567957076,37230048,16978,60.18234198868524
2021-12-07,71.44369506835938,71.90183939424043,69.85366149531919,69.96145870886764,10273959,8977,62.938956827970586
2021-12-08,72.06354522705078,73.30323186000005,70.90470651549582,71.95574799852501,12704800,16940,52.99111868631899
2021-12-09,72.3599853515625,72.57557978352023,71.49759528713103,72.49473187153608,9177496,10276,56.21533375579442
2021-12-10,73.00679016113281,73.24933392757347,71.92879936093777,72.35999444735558,9226884,16066,67.7529610336494
2021-12-13,71.87488555908203,73.97696193223983,71.68623427896672,73.73441204874864,11789575,6160,50.06760206915122
2021-12-14,72.92593383789062,73.30323029799204,71.14725493191315,71.55150069857174,19527363,4169,74.12119920338925
2021-12-15,71.14726257324219,72.95289097970421,70.9855667165327,72.73729650409156,9433017,3599,57.270004962440225
2021-12-16,69.82671356201172,71.60539229366138,69.39551853105725,71.41674716625018,20402434,16528,53.67275487647885
2021-12-17,69.79976654052734,70.17706297598752,68.80262375813241,70.06925958849857,29791119,17469,62.276494021083664
2021-12-20,67.88633728027344,70.44655832959603,67.48209152678562,69.79976882499594,19809883,13244,63.755410715268354
2021-12-21,69.5302734375,69.82672198463318,67.77854379846953,68.45228264593455,11009583,17147,47.96110342921885
2021-12-22,70.17706298828125,70.44655603629967,69.368571507625,70.01536099116971,8446630,14364,69.75703129443208
2021-12-23,71.60539245605469,71.90184096810204,70.41960457616558,70.5274017920736,14736444,10931,62.510866459048344
2021-12-24,70.52740478515625,72.30608976462491,69.90756459907969,72.27914045950422,12075364,8195,46.95446654163645
2021-12-27,70.3656997680664,70.55434487928332,69.47636047858715,70.5273955776809,10079781,3037,62.1469230103137
2021-12-28,71.71319580078125,71.90184711304326,70.66216051925292,70.95860288833481,10441480,13699,70.44262871891213
2021-12-29,71.28199768066406,71.95574264542931,70.6621574944525,71.6053955104834,10156587,13598,74.73785826576506
2021-12-30,70.94851684570312,72.00454946089984,70.8651473562444,71.53211599328279,17955094,3985,71.52934085686024
2021-12-31,71.81001281738281,72.19907678755455,71.14305055471996,71.14305055471996,6240936,10583,74.17938935962303
2022-01-03,73.0605697631836,73.14393924585022,71.86558809624391,71.97675376714989,6717087,14981,75.86826146263576
2022-01-04,73.81092071533203,74.58904874410956,73.17174184859158,73.61639188848011,10529581,3320,52.47549878454036
2022-01-05,75.61727905273438,75.86739388453958,73.67196550127936,74.45009346613513,18244765,9933,68.99428631633329
2022-01-06,77.17353820800781,77.31248736443803,74.53346607172561,75.64507204453672,19398843,8747,57.85037549012067
2022-01-07,77.5625991821289,77.8127140146347,76.50656655238542,77.50701952172416,11267464,4188,68.79415081062751
2022-01-10,79.28559112548828,79.4801262902974,77.78492126875763,77.81271109791832,12153643,8956,72.05042315331713
2022-01-11,78.81316375732422,79.73024091183933,78.45188958964273,79.34117691285039,10066720,15759,52.479504346646266
2022-01-12,79.81360626220703,80.0359312618092,78.84094949557289,79.06327449517504,7171141,11566,65.32891952620457
2022-01-13,80.56393432617188,80.78625929800202,79.34116288281497,79.86918230565522,10180855,6042,55.45742952139075
2022-01-14,80.20267486572266,80.92522320523855,79.59129221276017,80.258254528657,6295374,17624,64.31370356810235
2022-01-17,80.42499542236328,80.75847974217804,78.22956705466633,78.67421069419123,12524406,6672,58.8480455314756
2022-01-18,79.4245376586914,81.14753881339946,78.89652456132234,80.36941090112717,13774521,3288,70.46377210233722
2022-01-19,82.23135375976562,82.5370482271597,79.14663833999381,79.2577976515248,29895144,15481,57.70748266396442
2022-01-20,81.89788055419922,82.53705940342067,81.28649789730824,82.03683607311265,9383230,6117,71.8603566320156
2022-01-21,79.70245361328125,81.59219400566238,78.56305141141446,81.39765881964372,12161757,4804,65.35248931740315
2022-01-24,78.28514862060547,79.86919440778061,77.09016682257308,78.95211091578982,15752490,7552,49.26932887444164
2022-01-25,79.89698791503906,80.11930657010286,76.75668602678431,77.11796020194781,16582789,16260,53.982335108026874
2022-01-27,78.53526306152344,80.06372930359142,78.34073423251805,78.9243270802192,18465921,14867,58.156914820027794
2022-01-28,78.81316375732422,81.25870707648762,78.53525908356507,79.00769257647634,13390612,12319,65.51649794392776
2022-01-31,80.20267486572266,80.5639490354806,79.17443838006787,79.48013288689147,7778208,10030,65.66316086185276
2022-02-01,81.98124694824219,82.2591452326269,80.11929663944451,80.59173008358255,15361881,13178,64.71274218731679
2022-02-02,80.98080444335938,82.67600963856975,80.81406545131304,82.53706047853113,10444488,9563,57.664819009067834
2022-02-03,81.9256591796875,82.98169171983092,80.59172836109886,80.59172836109886,24145317,13504,77.60655222383605
2022-02-04,81.45323944091797,84.45459223823451,81.2309207807819,83.23182052543127,28158331,6075,54.85353490989914
2022-02-07,82.39810943603516,82.75937724388206,81.36986659318606,81.95346577338505,12239946,17007,76.70493995607022
2022-02-08,80.20267486572266,82.7037978618764,79.09106888566636,82.45368937867184,18082866,10808,48.781214176316986
2022-02-09,79.45233917236328,80.9252192501937,79.09106502026182,80.59173492820125,11447532,12975,57.79826665656756
2022-02-10,78.7020034790039,79.73023994629675,78.00724498336199,79.70245011532583,30568632,16937,74.67191995413076
2022-02-11,78.17398071289062,79.34117264710383,77.81271292531721,78.20177690338829,11599657,11341,78.43281809851882
2022-02-14,76.45098114013672,78.20177211458639,75.7562290766631,77.25689887674062,12593280,3507,71.15687339219329
2022-02-15,77.39586639404297,77.64597488587773,74.56125896178781,76.8678468565775,9896463,14072,52.972115075677216
2022-02-16,77.4514389038086,78.47967532995348,77.11795458481846,77.4514389038086,7104208,3187,72.93084349281732
2022-02-17,77.70155334472656,79.11886021919862,77.28469950412034,78.11840718533279,9550596,8237,74.25058283355898
2022-02-18,78.28514862060547,78.59083675725122,76.89563164765946,77.81271513965025,9216444,9473,75.50709093830821
2022-02-21,75.75623321533203,78.11840053728513,75.42274889909034,78.03503104839577,7842079,17883,46.17748296999632
2022-02-22,74.78357696533203,75.31159649816668,73.39406627415924,73.42185610634161,16870429,4972,76.35874673905384
2022-02-23,76.84005737304688,77.75713456864156,75.03369281440978,75.06148264696203,16949706,10057,48.981219042230556
2022-02-24,72.11570739746094,75.67285643163746,71.47652860249748,74.47788105093917,20102259,12350,64.15166502051095
2022-02-25,74.92253112792969,75.28380530043222,72.81047211695575,72.81047211695575,9361903,7847,58.67860104325175
2022-02-28,80.50836944580078,81.56440212456833,74.3945111071893,75.03368995288527,41879932,17913,67.81247258101621
2022-03-02,84.78805541992188,86.03861674682742,80.86963247322473,81.14753711054279,51656592,10975,49.803039363108645
2022-03-03,88.37300872802734,88.81765237305355,85.09375787053129,86.01083499085507,43969119,14227,71.84141061574776
2022-03-04,86.39990234375,88.92881516114336,86.06641800680792,88.37301217336301,27599464,9268,48.69244609336562
2022-03-07,89.84589385986328,91.1520413987032,86.26095466806585,86.87233732905312,49852981,8037,58.87832958593448
2022-03-08,87.48372650146484,90.70739788500175,87.03908283070301,89.8458940146731,27506886,5876,55.592650231459935
2022-03-09,85.87188720703125,88.37301013539138,85.26049820995591,87.90057665257018,19095226,4293,52.05194760596944
2022-03-10,81.98124694824219,84.64910864243956,81.5643931609811,84.48236967180873,38037085,12713,60.46148844773144
2022-03-11,84.70469665527344,85.64956363675883,82.25915334733565,82.25915334733565,26918119,17612,52.310005407302555
2022-03-14,84.6769027709961,86.92791079224453,83.87098498398574,85.53840021770587,26780125,7798,64.90738644712609
2022-03-15,82.50926971435547,84.42679354396394,81.53661288370435,84.26005455380138,30786711,10980,55.89229902426629
2022-03-16,84.70469665527344,84.92702166539716,82.25915334733565,83.20402668950568,22874641,14202,73.91347248688112
2022-03-17,84.09331512451172,85.67735460483861,83.70425112214598,85.1771312762783,27066381,10773,48.69515226269347
2022-03-21,82.94371032714844,84.8980351159613,82.77127280669572,84.63937225721247,28588611,9658,67.8996803253662
2022-03-22,82.45511627197266,84.00707999536137,82.02401596859453,83.34605646041622,19226274,8499,46.69404183317117
2022-03-23,82.54134368896484,84.03582840599199,82.25394784189753,82.85748569880818,21618523,10178,69.83189194865942
2022-03-24,84.55315399169922,84.98425437342308,82.80001287789347,82.857492051714,17833026,4989,47.51223375804683
2022-03-25,84.8692855834961,85.44408382904835,84.26574117650068,84.7830668333736,15487354,3057,76.68526128209193
2022-03-28,87.42713928222656,88.14563537323339,86.3637550688726,87.36966012119149,41821984,13167,48.99346044803973
2022-03-29,87.74329376220703,88.2318798934657,86.50747837488377,88.05943579476566,15687570,3283,68.1112977163671
2022-03-30,88.20313262939453,88.69171214005694,87.3121857828111,88.23187221366472,14933176,5494,53.609104575005986
2022-03-31,89.46768951416016,90.38737596578603,87.85825302447087,88.97910999246257,43637698,7909,55.41597708665138
2022-04-01,93.14641571044922,93.34759280515219,89.58265455115631,90.24367158324966,26125590,9036,51.6832699296114
2022-04-04,92.94522857666016,94.49718573094866,92.71530534376448,94.03734584322592,17226963,13653,77.40237684751605
2022-04-05,92.39917755126953,93.97988110816401,92.05429593801097,93.6062599086397,17312992,10238,47.0328292363162
2022-04-06,93.31884765625,93.8361733107804,91.30705051689229,91.85310917659775,10617483,3639,48.22282214893613
2022-04-07,92.37042999267578,93.95113341314254,91.5082293229792,93.37633515936785,11665852,9649,77.58223293353305
2022-04-08,93.20388793945312,93.54876951132987,92.05428489255361,92.74404803630709,10835868,12449,69.54462552354858
2022-04-11,94.6121597290039,95.35940213709507,93.4338235217098,93.69247980123156,17773953,4087,73.34573906891038
2022-04-12,95.8192367553711,96.96883988998677,94.52593569570446,95.10074055204697,42080380,15577,68.81264125385414
2022-04-13,96.94009399414062,97.42867348557651,95.9916745944081,96.53773325212244,16484244,3987,60.02248106893015
2022-04-18,96.53773498535156,98.17591756597531,95.99167631783334,96.077895068799,24478446,17056,71.79795865413391
2022-04-19,97.7160873413086,99.7278847089886,96.76766125241036,97.37120572517011,42103258,12133,65.12269788392172
2022-04-20,95.18695068359375,98.5495344497068,94.03734765312663,98.5495344497068,26439088,16114,47.16173587325328
2022-04-21,94.26727294921875,94.9857691031423,92.25546924648124,94.26727294921875,26070097,11433,51.06581517965326
2022-04-22,94.38223266601562,95.24443332582815,93.34758792739919,93.69246950693801,10841299,15672,48.61574420797253
2022-04-25,90.73224639892578,93.6062507920808,89.66886865451913,93.06019212814412,26466789,13630,61.89629636079164
2022-04-26,90.27241516113281,91.91059788845146,89.0940789696138,91.73816037107882,23229772,10634,56.16319230648586
2022-04-27,89.46768951416016,90.44485513562465,88.80667248294672,89.61139401682604,21439446,11862,53.55243895603081
2022-04-28,90.7035140991211,91.30705855652597,90.01375746246205,90.81847902028888,17426662,10736,74.66333824544432
2022-04-29,91.47948455810547,92.7440459072446,90.9909050833581,91.10586341198838,19011850,13910,59.94197042001391
2022-05-02,90.55980682373047,91.76688903588986,90.013748172302,90.90468839550013,9307420,5163,75.33153651232723
2022-05-04,90.55980682373047,92.02554528116548,89.66886660053234,90.2436648347692,15067609,11523,50.15071245940385
2022-05-05,92.74404907226562,93.97987088142133,91.16334568738083,91.39326893055653,19248847,13153,47.1388733000805
2022-05-06,92.0830307006836,92.54287060206805,90.47358775680358,91.16334431984585,11865471,9294,69.53727506148068
2022-05-09,89.72634887695312,91.9393297202681,89.38146729322645,90.81847279574275,10668991,16313,56.97901433855914
2022-05-10,85.58778381347656,90.21492920725446,85.07046472217567,89.06533268837894,20527045,14697,58.356158766897046
2022-05-11,86.59368896484375,88.03068790205394,85.3291275319939,85.61652995066359,16623364,6626,48.79442124576588
2022-05-12,86.39250946044922,87.25471017992703,85.07046879578787,86.42124904589386,14025940,11356,51.5043873844583
2022-05-13,84.95551300048828,87.82951767758365,84.35197510999099,86.82361242266197,11376351,13226,47.83709965335564
2022-05-16,86.62242889404297,86.88108515161406,85.01298586799064,85.61653029179483,6032104,11543,45.4605370164848
2022-05-17,88.63423156738281,88.86414823790201,86.8523444805136,87.82951006442745,9515223,13596,65.96238996442936
2022-05-18,88.3180923461914,89.5251746386041,87.91573158205384,88.95036978808227,11161104,11191,66.92812423493228
2022-05-19,88.37557220458984,88.74919338692094,86.07637251878623,86.79486872043586,10548978,13854,67.83489069116064
2022-05-20,89.84130859375,90.32988810401403,88.66297248349463,88.83540998897516,8769070,6495,73.29793309610878
2022-05-23,88.05944061279297,89.66888387234609,87.77204472935142,89.09408552739288,8706325,13358,52.30840046979125
2022-05-24,87.36966705322266,89.09406833336475,86.79486224112938,88.43304477287815,10262602,10526,53.495321031693166
2022-05-25,87.42713928222656,88.51925649802973,86.82359493522158,87.51335802377919,12431466,3965,57.13841684388947
2022-05-26,86.90982818603516,88.17438300034395,85.18542688534453,87.6283243426103,11919162,12523,77.55199008719681
2022-05-27,82.08150482177734,87.65706984220711,81.73662980081686,87.54211150188694,17134840,7442,74.86927345798087
2022-05-30,82.62757110595703,83.92087218459947,81.33427002731459,83.37480690525507,15258349,6672,51.4429560577377
2022-05-31,84.61062622070312,87.4271515532187,82.48386407355808,82.91496441989736,44252818,14492,57.50632377945398
2022-06-01,85.64527893066406,85.99015397722015,84.49567570793418,84.7543385709211,16916865,10562,56.139911284513786
2022-06-02,85.73149108886719,86.42124770692098,85.07046747774339,85.67401191886847,10290948,17391,77.28429986544302
2022-06-03,84.84054565429688,86.90982853914683,84.61062241017179,86.22006538484052,8321058,13547,55.78652182030788
2022-06-06,85.15669250488281,86.19133737527338,83.92087710274909,83.97835627698136,7615440,16732,53.44989745617097
2022-06-07,86.79486083984375,88.05942219673646,85.21416407727942,85.30038282428077,19132638,7710,65.73386912534102
2022-06-08,87.62833404541016,88.86415599148616,86.79487288591865,87.45589652747522,15511416,13669,69.63140043553997
2022-06-09,87.11100006103516,89.20902239521054,86.82359766874296,87.0822604796128,10734990,4149,56.856754073829336
2022-06-10,85.70274353027344,87.94446384200492,85.30038279964792,87.340926035101,9311254,3337,61.03284568561371
2022-06-13,84.09331512451172,85.0704742483993,82.54135109875038,85.0704742483993,12132084,9208,69.67939664143245
2022-06-14,84.46692657470703,85.93266509112982,83.4610279797935,83.69094465151356,7573116,15987,63.751632190362265
2022-06-15,84.81181335449219,87.31219020292428,83.94961262659989,85.9901495253607,16896789,14193,65.61438623754017
2022-06-16,80.75946044921875,85.87518529435857,80.50080419542773,85.61652904056757,14733385,8565,51.62139952908957
2022-06-17,79.8685302734375,81.88033428042442,78.28783323329839,79.89726986081803,25102788,13987,72.30790087720155
2022-06-20,75.38507843017578,80.4433240460681,74.14925660960647,80.4433240460681,17061658,17788,65.47506200769365
2022-06-21,78.3740463256836,78.74766751267184,75.58626050495718,77.02326608230727,14231107,10483,66.32129719246478
2022-06-22,76.7933349609375,77.54057725842313,74.92523579529218,77.31065402147803,19244923,14252,47.49837229284172
2022-06-23,75.70122528076172,78.31656700665336,75.29886450923459,76.44846107525261,20161450,14856,77.79214637115481
2022-06-24,76.13232421875,77.02326450094183,75.1551586043547,77.02326450094183,12164283,17952,67.2337417602099
2022-06-27,77.39688873291016,77.65555160556818,76.01736876089763,77.02327408517206,10260453,7462,70.50042371701781
2022-06-28,78.69017028808594,78.86261435281538,76.87955036587184,76.96576910920233,9907093,4756,57.91237820367882
2022-06-29,80.04096984863281,80.44333062727247,77.88546802665948,78.00042636967952,14882062,12985,66.0817601955941
2022-06-30,77.71302795410156,80.70199107372623,77.45437166892637,79.83979030033585,14776534,4759,63.815584287361986
2022-07-01,76.07484436035156,78.40279037060088,75.29886893500492,77.08074963732723,15116436,15295,47.985428898666115
2022-07-04,76.76459503173828,77.22443492548207,75.27011702158816,75.29885660381785,6503989,17995,55.63665876618755
2022-07-05,76.9083023071289,78.11538464195469,76.6209064498391,76.93704189285789,6013528,10715,47.603395273418236
2022-07-06,76.76459503173828,77.138216178793,74.46539556301936,76.73585544950859,12987415,4779,63.41575552594476
2022-07-07,78.63269805908203,78.71892338808365,77.13821997537678,77.13821997537678,7963336,17161,64.80985780857233
2022-07-08,78.89136505126953,81.27678350990772,78.2016018512875,81.27678350990772,10036582,3050,65.75058892725879
2022-07-11,79.66735076904297,80.18466990442532,78.25908471741306,78.8913687769346,13317447,17974,70.43484620181731
2022-07-12,79.89726257324219,80.58702576360025,78.51774277059535,79.32246429998999,9670797,13560,76.41863546677013
2022-07-13,79.03506469726562,80.44333071304067,78.3740476461261,80.44333071304067,13899456,6980,50.91961058524193
2022-07-14,80.0697021484375,80.38583756297584,79.03505742119619,79.17876191496435,9560767,11345,60.876457927739445
2022-07-15,80.73072052001953,81.47796285057869,80.09844310205573,80.21340143658205,10049224,14680,45.13388559009402
2022-07-18,82.82874298095703,83.0586662279829,80.87442498254774,80.87442498254774,6755344,3743,58.04910876151172
2022-07-19,80.61576843261719,83.34606855760956,78.92010655467658,82.71379109064894,12022441,12836,61.53783633994702
2022-07-20,81.3630142211914,84.72559195366442,81.04687218546495,82.82875289544529,21701412,15323,71.02626287718469
2022-07-21,82.71379089355469,83.02993291531646,81.39175021299675,81.50670855615756,8781738,10775,51.017281770462034
2022-07-22,81.3917465209961,83.48976907886045,80.98938576011516,83.11614790246605,12390337,12774,46.81732258463262
2022-07-25,84.49567413330078,84.78307657814479,82.08150938397858,83.23111258528483,20317410,10838,65.80707466593364
2022-07-26,82.74252319335938,84.63936200076265,82.57007911573338,84.63936200076265,12998664,3895,58.586852655276374
2022-07-27,84.35196685791016,84.72558144333877,82.36890270644398,83.05866586645021,10419007,3118,49.81805379831571
2022-07-28,83.89213562011719,85.01299264846095,83.51851441797938,84.92677388906061,8473834,6556,45.39714490639756
2022-07-29,84.2657470703125,84.98424986105891,83.97835121646949,84.66810784376216,7014877,11180,56.88688937770386
2022-08-01,85.24961853027344,86.11774094554403,84.81555732263813,84.8444942949306,10328928,5869,46.47640223603094
2022-08-02,81.89288330078125,85.452183875228,81.54563301036606,84.98918569575723,27076266,7810,73.18793962839865
2022-08-03,81.48774719238281,82.41374341639889,79.86725048873099,82.38480644835134,19315218,7150,73.67383074394274
2022-08-04,81.08262634277344,82.29799892037131,80.06981254981804,81.48775053530606,32498244,4946,61.62079410065706
2022-08-05,76.91564178466797,80.96687736296239,76.68414601500734,80.96687736296239,65529649,15262,63.42637784750964
2022-08-08,77.17607879638672,77.7837617964713,76.88670246988323,77.55226603386687,20840541,16121,46.81547983624131
2022-08-10,75.70027160644531,77.40757945666834,75.17939948438115,77.17608367941688,33311005,3427,68.50135497069375
2022-08-11,74.45596313476562,76.48158433462609,74.34021524427317,76.39477341675675,38551380,16453,75.42677289327935
2022-08-12,76.10540008544922,76.27902855132211,74.36915516621275,74.77427942225117,29145945,13569,54.210060951386225
2022-08-16,78.18888854980469,78.27569946360757,75.93177167468876,76.65520920287582,25540356,5233,59.844616270444504
2022-08-17,78.10208129882812,78.88339280619235,77.87057889458194,78.39145764832375,18559593,8948,48.532980895133754
2022-08-18,78.47826385498047,78.709759622081,77.9573917557562,78.27569843551943,16228315,8523,51.72646396844664
2022-08-19,77.06033325195312,78.94126965805795,76.8867114098121,78.59401935052716,15787270,15417,47.951536900535636
2022-08-22,74.86107635498047,76.22114036105563,74.13764552264513,75.90282708580948,24640419,14864,46.11522474821046
2022-08-23,76.56839752197266,76.74202598610616,74.31128047422662,74.54278288532171,16980100,7409,60.707090539751206
2022-08-24,76.45264434814453,76.71308371473421,75.58452195717658,76.01858315266055,17466696,12226,55.97333016685582
2022-08-25,76.77095794677734,77.63908034101418,76.56839252238969,76.62626646557237,13795335,4351,70.55291724550199
2022-08-26,77.87057495117188,78.94126275381149,77.26289193357783,77.61014221073792,17163393,16701,62.20209639013677
2022-08-29,77.5233383178711,77.69696016055047,76.39477647070885,77.14715103548367,13597173,4944,68.02765833429035
2022-08-30,78.76763916015625,79.25958094669262,78.13101913215101,78.30464096981193,16684747,6715,49.00372845450925
2022-09-01,78.91232299804688,79.46213205392098,78.2756964085102,78.97019693832331,18915690,17308,75.35244689123567
2022-09-02,78.30464172363281,79.46214052226087,78.01527199141226,79.34639262937266,17306892,17742,47.88688314283335
2022-09-05,79.1438217163086,79.43319805175106,77.61014237193427,78.70976052476897,19224678,13103,61.81851742159695
2022-09-06,80.77879333496094,81.0392260854149,79.17276156921042,80.30132335758942,28296817,8092,54.75715014978461
2022-09-07,80.56175994873047,81.47328447870832,80.21450967020398,81.08263205489612,10690240,17299,62.492104584378666
2022-09-08,80.34473419189453,81.38647846697235,80.21451450169766,80.99582601963031,7180648,7379,48.878386612016115
2022-09-09,80.2145004272461,80.69196370986073,80.04087199636562,80.47493313869569,5597228,14331,66.59058010069374
2022-09-12,80.51834869384766,80.82219019445786,80.171098426044,80.47493992665422,6581257,8001,71.33248859564033
2022-09-13,80.1277084350586,81.0826418489173,79.95407996319857,80.69198275466898,7045689,14312,60.29424891261434
2022-09-14,79.60682678222656,80.08429678362354,79.25958309748192,79.5200158610404,6872183,10795,66.4118336997675
2022-09-15,79.17276763916016,80.90901260162637,79.08595671568663,79.73704857661146,8970450,7310,58.75230458683276
2022-09-16,79.78044891357422,80.73538221730125,78.3046368775886,79.08594835272825,18170179,5294,51.75307003555952
2022-09-19,78.13101196289062,80.0842872619629,77.95739014116117,79.99747635109816,8372178,16051,74.81656694239737
2022-09-20,78.91232299804688,79.3029754065368,78.21782246823376,78.47826182272566,6639747,17179,51.29621609229336
2022-09-21,77.26288604736328,78.9557219125851,76.87223365484982,78.73869133380038,13740141,14886,51.54689267888772
2022-09-22,76.61180877685547,77.17608971289285,75.65687537454161,77.08927878963685,13003243,16509,57.231068988365465
2022-09-23,74.65852355957031,76.82882947699969,74.39808420017957,76.3947682935138,8632586,10475,59.03769315548002
2022-09-26,73.66018676757812,74.61512011471923,72.05416159876145,74.35468735999812,15119710,13950,52.589971230725496
2022-09-27,74.87555694580078,75.09258754564368,72.61844003208428,74.65852634595788,10752213,9546,55.8583833225115
2022-09-28,74.39808654785156,74.91896528306965,73.31293355489429,74.35468440208223,12068829,5908,58.76154273055192
2022-09-29,74.57171630859375,75.30961903209719,74.00743541770935,74.65852722490327,12673874,15719,53.284800818839486
2022-09-30,75.57005310058594,75.74367492101977,73.79039963652356,74.00743022368981,11829278,8441,59.223000862706584
2022-10-03,73.92062377929688,76.3513625284602,73.35634289392472,76.3513625284602,14508849,11698,74.16372453254431
2022-10-04,75.7436752319336,76.22114517495842,74.22446111553377,74.74533320222127,10340686,14484,61.86955941482478
2022-10-06,76.00411224365234,76.52498431428107,75.52664231534818,76.0475143859769,10663228,12383,65.7312581025052
2022-10-07,75.39643859863281,76.09093925528566,74.70194456522908,76.00412832901634,12478992,11841,69.26980082012341
2022-10-10,77.43651580810547,77.6969551786741,74.22446556175012,74.22446556175012,11158338,3837,77.66171687082935
2022-10-11,74.83214569091797,77.34970189012246,74.65852386610996,77.34970189012246,13259938,13821,65.8024268340678
2022-10-12,74.96237182617188,75.22281120905843,73.87721876955894,74.87556090629258,11033418,7784,53.37493536217272
2022-10-13,74.18104553222656,75.70025950902784,74.00742372703392,75.22279623312441,6397554,6983,60.61574060768978
2022-10-14,73.87721252441406,75.35302453060036,73.83381037976768,74.91896334464818,6931298,10416,67.4165240648212
2022-10-17,73.83381652832031,74.35468867018926,73.2261268434327,73.87721867658102,9373705,5548,69.33220985401792
2022-10-18,73.79039764404297,74.57170906139415,73.70358673617011,74.22445880665498,8035885,4863,75.57571270641688
2022-10-19,73.61678314208984,74.48490555356143,73.35634376934901,74.18105741094767,7157063,4484,76.98147418298353
2022-10-20,75.91729736328125,76.22114548640108,73.05249756317038,73.44314997397024,17120292,15924,71.0413831999999
2022-10-21,75.0491714477539,76.4815745914912,74.87554963413324,75.91729376235256,7929074,7705,75.86851311257617
2022-10-24,75.35302734375,75.78708854590697,75.09258797315648,75.78708854590697,869107,16684,64.66558111990314
2022-10-25,75.135986328125,76.00410861210912,74.57170551888584,75.35301689912103,7086629,4757,45.576102180041055
2022-10-27,76.43817901611328,76.6986117589167,74.48490364047068,75.22280634661935,12203430,8060,78.48101758706424
2022-10-28,78.17442321777344,78.34804504502824,76.26455000172966,76.74201996155264,20036187,7684,52.74375226305671
2022-10-31,79.25957489013672,79.43319671453047,78.30463498622699,78.60848311378811,12658201,8331,71.06210553968761
2022-11-01,79.34638214111328,79.78044330531712,78.8255100687182,79.43319304930449,7632156,16037,61.27437519334424
2022-11-02,79.25957489013672,79.52000762672733,78.99913553029806,79.3463858023336,7390466,13541,60.18744442891716
2022-11-03,78.60848999023438,79.17276428049917,78.30464183609348,78.99914244091748,12821695,13034,55.78983478597306
2022-11-04,76.87223815917969,79.30297681004923,76.48157912052793,78.99913530659654,13339109,8713,54.662143952723
2022-11-07,78.60848999023438,78.8255206013358,76.39477510770043,76.872245101423,13463366,8933,52.5232536529213
2022-11-09,76.91564178466797,78.60848440492803,76.61180027536432,78.56507563649258,12172444,16120,52.911858461870864
2022-11-10,76.56839752197266,77.4365199728941,76.35136690924229,76.82883690654856,6898707,7906,74.24595782034604
2022-11-11,77.13267517089844,77.56673637796399,76.4381812135426,77.26289485766779,8365138,5205,76.02807118197744
2022-11-14,76.48158264160156,76.95905261418623,76.30796080970623,76.91564384458823,7996003,6554,77.62954500292456
2022-11-15,78.04420471191406,78.1310156268498,76.43817960423402,76.48158175007777,8247787,15119,68.2703002783904
2022-11-16,78.56507873535156,79.21617054807547,77.47992571414505,78.13101752686896,10223428,11918,60.12185403443047
2022-11-17,78.26123046875,78.91232222535649,77.56672994573726,78.56507196385013,4925266,14528,69.44173273156771
2022-11-18,78.3914566040039,79.4766096210956,77.95739539716722,78.6952981241399,14475534,8420,68.44683257195466
2022-11-21,77.82717895507812,78.69530140494348,77.6969592629486,78.39145987214033,7845740,17379,68.08085000480227
2022-11-22,79.08594512939453,79.21616480715177,77.69695068756255,78.47826213085803,18535213,10427,69.29419471776995
2022-11-23,78.82551574707031,79.34638785698745,78.13101518501534,79.34638785698745,8624491,16388,51.16972887115135
2022-11-24,79.95407104492188,80.25791255772445,78.78210713939865,78.91232682295639,14011196,3569,71.76209451522242
2022-11-25,80.95242309570312,81.47329527086481,79.65023934617439,80.30133122093876,12249200,13578,57.03136673542683
2022-11-28,80.51834869384766,81.42987981892625,80.25790933718292,80.99581863998367,11371642,9402,65.09640364928228
2022-11-29,81.73372650146484,82.16778770792695,79.91067075897367,80.73538440195232,18484964,12808,46.27534259887779
2022-11-30,82.25460052490234,82.42822236219902,81.42988686287028,82.03756991665722,18501717,17096,54.04378996243776
2022-12-01,81.29966735839844,82.81888161957366,81.16944766850513,82.68866192968036,9433858,16161,64.94660878726341
2022-12-02,80.90900421142578,81.73372445702373,80.77879115134293,81.60350477369266,9494016,5020,57.99979490270758
2022-12-05,80.86560821533203,81.51670005825218,80.4315469867186,81.16944975071169,15148621,7935,67.23605810525716
2022-12-06,80.73538208007812,81.16944327405703,80.04088152041258,81.16944327405703,9031442,16342,62.177600239036906
2022-12-07,80.95242309570312,81.6469237447514,80.56177062014413,80.56177062014413,11134858,5939,49.00274272939704
2022-12-08,80.34473419189453,81.12603908657861,80.25791664959758,80.95241724848184,10614975,5382,60.909729501799035
2022-12-09,78.86891174316406,81.25624813211824,78.39144843932185,80.77878482827603,15835417,14338,56.31445167837913
2022-12-12,80.56175994873047,81.08263205489612,78.30463644993235,79.08594792080491,15920076,4392,51.65555426077137
2022-12-13,80.95242309570312,81.6035149704675,80.47495307157631,80.86561217038435,11215454,11910,63.78097578247815
2022-12-14,83.33975219726562,83.60019157218146,80.865604628559,80.95241554578146,22598875,7571,61.29753907377795
2022-12-15,84.51171112060547,85.42324225544674,82.86227729830836,83.4699669292852,28006772,11769,61.2787303141869
2022-12-16,83.99083709716797,86.98585654590737,83.86061742042976,84.38148950413472,35484499,6510,68.09066879556939
2022-12-19,84.55511474609375,85.03257804505887,83.25293127451093,84.33808416749662,13524731,11967,76.84823417408256
2022-12-20,84.98917388916016,85.24960660335623,83.33974020626172,84.20786250007696,11062080,15157,46.9723602433895
2022-12-21,82.55844116210938,85.51005872708484,82.03756903258393,85.24961935069788,14279180,16586,69.13888458619928
2022-12-22,81.73372650146484,83.33975164072497,80.56176256866682,82.60184891438907,12024065,10398,77.74778077924313
2022-12-23,79.47660827636719,81.29966398958582,78.99913830762618,80.73538310559599,22444602,17794,72.30873209654635
2022-12-26,81.95075988769531,82.12438172687689,78.69530072867602,79.43320348007067,8024641,10415,70.36964919041797
2022-12-27,82.47162628173828,82.73206564561146,81.38647330434699,82.38481536819661,6330028,15556,59.09491428006238
2022-12-28,83.16612243652344,83.6435857473657,81.82053016644981,82.29800010053988,9873070,12986,67.64445423743389
2022-12-29,83.29634094238281,83.64359122416298,82.25459672029056,82.55843823313012,10702585,16335,45.16136520381556
2022-12-30,83.3831558227539,84.46830877920178,83.20952737577343,84.03424759662263,7280552,9023,48.95165404441223
2023-01-02,83.86062622070312,84.03425468232382,82.90569286315939,83.77381530151708,9433822,5974,61.52799045227548
2023-01-03,84.03424835205078,84.55512045117854,83.68699807821623,83.94743081615607,6053619,11153,66.85132243291433
2023-01-04,82.81887817382812,84.72874480197318,82.60184757411854,84.294683602554,9398653,16803,69.33273865418789
2023-01-05,84.51171112060547,84.64193080033252,82.60184456210231,83.25293633748949,12382060,15483,75.27871682036584
2023-01-06,84.42489624023438,85.72707972980098,84.07764598503374,84.81554863780526,14032853,16383,57.661943142828456
2023-01-09,85.4666519165039,85.90071313827029,84.94577977503396,85.03259069473751,12464665,15588,56.18980098645359
2023-01-10,85.16281127929688,85.9007140393908,84.64193913236284,85.07600035868265,9211811,6868,53.728312411472395
2023-01-11,84.46831512451172,85.51005939165891,84.20787574610065,85.16280909486035,9737047,13773,45.229240626059806
2023-01-12,84.03424835205078,84.90237072501309,83.94743081615607,84.64193136382517,7831578,8100,58.38543202222253
2023-01-13,83.42655944824219,84.4683102788765,82.68865674940629,83.42655944824219,9641316,8490,45.87335936787357
2023-01-16,84.12106323242188,84.29468506590429,83.16612990177177,83.68700202546742,4621698,8252,77.05445068124764
2023-01-17,84.59852600097656,84.81555660295264,83.99084296474288,84.16446479702441,7321828,6982,47.2518608547939
2023-01-18,84.42489624023438,84.90236616904122,84.12105475065171,84.59851805621082,9417195,17414,50.529266691313985
2023-01-19,84.72874450683594,84.98918387487956,83.99084179504335,84.85896419085775,6384333,6793,47.372104788243135
2023-01-20,85.9441146850586,86.1177365098706,84.55512021681837,84.72874204163037,13615997,6132,61.64746313233857
2023-01-23,88.76551055908203,89.28638264602608,86.46498499989389,86.81223526560589,28390308,6579,63.312630804710814
2023-01-24,88.5484848022461,89.19957660226261,88.20123451758764,89.19957660226261,8583670,6594,63.00670266531897
2023-01-25,87.59355163574219,88.54848495273973,86.42158771837029,88.54848495273973,12007717,5726,78.34093854918372
2023-01-27,86.0743408203125,89.11276934512158,84.98918777573783,88.2880490572957,13064056,5974,47.922271859042425
2023-01-30,82.42821502685547,86.72542466164643,79.73703704875541,86.16114380577514,29985336,5719,72.46372943797405
2023-01-31,82.60184478759766,84.90237039156216,81.60350273796233,81.60350273796233,24892166,7610,63.6457766997799
2023-02-01,83.3831558227539,85.07599178551338,82.47162469003848,82.90568587261762,19042474,13760,61.922540123319955
2023-02-02,81.5167007446289,83.68700690597021,81.12604166163821,82.90569536323758,17726153,11277,56.68913535371455
2023-02-03,80.56175994873047,81.86394352576869,79.04254577551922,81.82053475723481,18191035,15727,67.03790059475843
2023-02-06,82.3414077758789,82.558438374457,80.04088210630147,80.64857175626908,14907237,12624,71.49203575783216
2023-02-07,83.33975219726562,83.55678280194601,82.03756856918335,82.47162977854411,8686792,3754,57.21513000404752
2023-02-08,83.16612243652344,83.68699451346401,82.51503068453577,83.33974425442102,5763070,6735,45.45953526787767
2023-02-09,83.20953369140625,83.60019275932746,82.21119157105008,83.60019275932746,6065233,8462,76.02056278948709
2023-02-10,83.20953369140625,83.55678398847559,82.34141126035715,83.20953369140625,9527603,11512,66.75571574455154
2023-02-13,83.12272644042969,83.7738182924435,82.77547612803923,83.2095373627151,5275322,10179,52.55845958094423
2023-02-14,82.81887817382812,83.38315905772271,81.8639448597556,83.16612845801312,7505908,4539,47.26653011904635
2023-02-15,82.73207092285156,83.03591245125267,82.03757032372168,82.73207092285156,6887911,17481,46.92211839142347
2023-02-16,83.29634094238281,83.55678030953,82.7754688313367,82.90568851491028,5800257,6875,71.48400024404523
2023-02-17,83.33975219726562,84.07765492852923,82.68866038322449,83.12272159258525,19937435,6544,77.66109909393373
2023-02-20,83.07931518554688,83.68700486988678,82.73207150677965,83.68700486988678,12837565,9569,76.38977859040367
2023-02-21,82.73207092285156,83.64359550805489,82.51504031352955,83.64359550805489,8240973,3014,67.06743697757702
2023-02-22,82.9490966796875,83.3397491043147,80.86560162743,82.42821794918699,9721273,15902,58.25758047694654
2023-02-23,85.11940002441406,86.07433329550773,83.556777127535,84.25127766464746,38462809,4179,57.227825716188576
2023-02-24,89.80725860595703,90.24131980100418,85.2930248267659,85.51005542428948,45176952,14486,51.08427570175552
2023-02-27,90.4149398803711,92.19458664131672,89.5468175706666,90.1545005381607,27802826,15200,74.07486244824044
2023-02-28,89.11276245117188,90.458348148398,88.8089209468465,90.41494600392184,17617907,12008,61.87341490325052
2023-03-01,89.76386260986328,89.89408230194805,88.6787095479047,88.72211169643384,7012524,4461,48.06506035873648
2023-03-02,89.46001434326172,90.24131919046198,88.93913561413065,89.54682525703417,9586771,9378,67.24569313468147
2023-03-03,91.36988067626953,92.54184456694497,90.32813646750206,90.8490085718858,27232148,7766,69.75116562131632
2023-03-06,94.66873931884766,95.05939170394844,91.8039330839502,92.02096365861675,35771465,12902,47.74111142028697
2023-03-08,96.57862091064453,97.92421333442934,94.92918695920628,95.23302848685972,27568928,4340,73.27534927039198
2023-03-09,94.32149505615234,97.05608179501485,94.10446446772275,96.75223367261506,16240893,14828,66.80898222515582
2023-03-10,96.40499877929688,96.88246214322707,93.58360087364635,93.7572227108485,24574077,8521,72.24134737157435
2023-03-13,95.6670913696289,97.62036688271954,95.36324983668676,97.22971442940089,24579514,10079,67.80530494612299
2023-03-14,95.49346160888672,96.62202334992736,94.97258950657879,96.4049927553617,23328812,14881,69.27613710849687
2023-03-15,94.66873931884766,96.79563630128082,94.40829997994878,96.7088253960637,14237757,15069,77.87321241213314
2023-03-16,95.1028060913086,97.35992287664737,93.58359197881643,94.97258641415968,26757814,4847,45.5123308370039
2023-03-17,95.62368774414062,96.96927354731551,94.97259591649997,95.62368774414062,21251193,13644,47.56478424022404
2023-03-20,95.31983947753906,96.6220230407664,94.49511924687957,95.62368098430916,23234444,6792,66.93944067888859
2023-03-21,94.68917846679688,96.941537644759,94.05852064642936,95.50002914559418,26605735,10842,77.13175405154479
2023-03-22,94.95946502685547,97.16677428828261,92.70710583207074,95.0495580199159,36125531,17775,76.87504217440483
2023-03-23,94.68917846679688,95.18470023541043,91.80616146846724,94.82432139220555,16318256,8199,59.53640304173527
2023-03-24,93.24767303466797,95.13965343165488,92.75215124975607,94.50899559054422,10924642,3575,55.96360231641921
2023-03-27,93.60804748535156,93.92337639107028,92.21158206532705,92.57196090342899,9550049,8124,78.04359484100962
2023-03-28,93.83328247070312,94.14861137329905,93.02243181141748,93.6080465583268,7814715,3667,57.879128616680305
2023-03-29,95.049560546875,95.6802183887193,93.69814499407583,93.83328792408673,10745581,6866,76.4464910211413
2023-03-31,94.73422241210938,96.40096672372327,94.46393657837554,95.27478720592276,15641500,12964,53.7747088994535
2023-04-03,95.00450897216797,96.35592450163638,94.50899406888911,95.00450897216797,11147157,6711,67.42208997422134
2023-04-05,94.95946502685547,95.68021584499373,93.96842835588114,95.27479393939439,6305668,15396,46.98326395778529
2023-04-06,95.00450897216797,95.27479482752358,93.96842923183272,94.64413699656691,7249613,11182,57.999601484541174
2023-04-10,95.4549789428711,96.35592261151038,94.91441411641846,95.50002887576494,8306845,3773,63.733458240054865
2023-04-11,95.54508209228516,96.49106885267462,95.09461024248401,95.50003215784308,8331690,7954,75.42627960366121
2023-04-12,97.84247589111328,98.06771179642139,95.31983787585503,95.54507378116314,14151790,16365,77.22678156819921
2023-04-13,97.43705749511719,100.00474553271268,96.4910639095351,100.00474553271268,15062407,12349,54.287217851325195
2023-04-17,99.19389343261719,99.64436525281404,96.8964912738059,97.43705608331123,11580594,17479,47.98863461873001
2023-04-18,98.65333557128906,99.64437227079019,98.24791365401971,98.47314957998157,9664860,5057,69.52046996412956
2023-04-19,97.52714538574219,99.05874676704967,97.03162365279637,98.20285309049329,8205988,16735,55.76677470187114
2023-04-20,97.93257141113281,98.60827914453158,97.52714952055535,98.20285725395412,12345494,9607,54.17636777815322
2023-04-21,97.61724853515625,98.38304930554206,97.16677668508756,97.8424844601906,5402376,9518,58.45425973743843
2023-04-24,98.47314453125,98.743423504354,97.6622938646288,97.6622938646288,6760713,17481,68.78946289894428
2023-04-25,98.38304138183594,99.28398500941192,97.9776194988885,98.96865611449121,8661439,4268,59.081371693074395
2023-04-26,99.28398895263672,99.55427480110612,97.84248046599417,98.47314515453786,7305825,11485,69.60078090746984
2023-04-27,98.47314453125,99.19389533318194,98.02267270242207,99.19389533318194,8349269,15671,67.64586888255486
2023-04-28,96.67125701904297,98.56323732153591,94.64413379344597,98.2929514753278,19307001,5931,52.248767914518986
2023-05-02,97.57220458984375,97.79744051283632,96.626210963813,97.30191873279071,7263913,4767,54.90946127619293
2023-05-03,97.30191802978516,98.20286171524613,96.85144618705468,97.43706095733528,6687032,9951,69.90049703075843
2023-05-04,96.5361099243164,97.48209659785658,95.81535228134402,97.30191062394064,7617969,13518,55.41705892101388
2023-05-05,96.98658752441406,97.75238826976887,96.44602269673153,96.71630167374543,4948142,9605,54.60968144495785
2023-05-08,96.80640411376953,97.39201893160066,96.40098217185472,97.0316400534234,4868763,12584,56.99906745149906
2023-05-09,96.35592651367188,97.52715607979655,95.9955545305458,96.80639836623445,11885359,16545,56.68188937118791
2023-05-10,98.20286560058594,98.29295859796554,95.72527036754363,96.31088516099373,7172451,14501,75.1908221641292
2023-05-11,98.5181884765625,99.28398921773096,97.75238773539404,98.9686603094445,7784358,16657,55.669586281925056
2023-05-12,97.34696960449219,98.51819229114179,96.89649775416812,98.20286337064593,5177796,8445,49.64641510352509
2023-05-15,100.68045043945312,100.86063641561007,97.30191183410234,97.30191183410234,10713993,10469,46.613987610920134
2023-05-16,100.63540649414062,102.66252977791954,100.45522050726665,101.67149310280304,18937352,5322,73.36502626099801
2023-05-17,99.10380554199219,101.35616475885564,98.78847662636227,101.22102183111286,5634267,4726,72.44366755071454
2023-05-18,95.68021392822266,99.86960332132678,94.41889830333508,99.68941733881559,24715468,13557,48.42443834626841
2023-05-19,94.46394348144531,95.22974423478064,92.7521491145662,94.41890042163429,15968522,10180,50.062026218335646
2023-05-22,95.81536102294922,96.31088280690788,93.87833069518567,94.59908840391557,11338813,14213,54.93509211909255
2023-05-23,96.85144805908203,97.75239176195721,95.50003250476925,96.22079021653138,8713781,6673,51.39287586524387
2023-05-24,97.03163146972656,97.48210330918427,96.22078765762653,96.71630255683714,6366074,4005,77.03291168860355
2023-05-25,97.1217269897461,97.48209894625957,96.67125517044978,97.07667705835468,4719281,16435,73.26743010712478
2023-05-26,95.81536102294922,98.20286320025521,95.59012509817799,97.3019195011703,6943806,7953,77.2505284527283
2023-05-29,95.72525787353516,96.31087259055116,95.13964315651916,96.31087259055116,8058796,9720,67.06729429274661
2023-05-30,95.4549789428711,95.99555064297843,94.77927119139163,95.77031472581861,7204247,5410,58.03189485222744
2023-05-31,94.41889190673828,95.45497154646827,94.14860607762792,95.40992849071932,10176487,10065,78.58406878283742
2023-06-01,94.91441345214844,95.3648852833154,93.2476690515616,94.10356278131698,9465271,4361,77.54445173805783
2023-06-02,94.23870849609375,95.6351739635268,94.05852250775297,95.319845047103,9624201,9948,76.99037531333519
2023-06-05,94.10356140136719,94.77926913820895,93.78823249890527,94.5990831578463,5284220,12864,55.11069431005452
2023-06-06,94.32879638671875,94.77926820685333,93.96842442953468,94.41889624966926,5394343,10875,74.4484534923695
2023-06-07,95.13965606689453,95.50003493193475,94.1486193432753,94.59909120616177,8674853,9488,47.23427689923808
2023-06-08,94.37385559082031,95.50003525180861,94.23871265677067,95.45498531590702,7433762,8177,63.02113512728048
2023-06-09,94.50898742675781,95.50002403731987,93.9233726970811,94.41889443918932,5451500,8590,63.82257781844953
2023-06-12,94.7792739868164,95.45498175822523,94.19366608385268,94.59908799723601,7078498,13842,63.25264740883641
2023-06-13,96.44602966308594,96.53612266193137,94.8693781254975,95.45498605482047,11662296,3506,75.6149996680384
2023-06-14,96.58116149902344,97.30191920556365,96.40097550921584,96.89649729166909,6930665,10270,77.78631532462171
2023-06-15,96.5361099243164,96.80638888519033,95.63516630742807,96.58115298096824,5385018,16198,49.121797332177756
2023-06-16,96.85144805908203,97.30191991051962,95.72526843048806,96.5811621987575,8119111,3265,62.30627209922899
2023-06-19,97.30191802978516,97.66229687870052,96.13068848922396,97.16677510223505,4126281,15866,55.83392580848233
2023-06-20,97.52714538574219,97.93256725913116,96.17572997623999,97.21181649825586,11218628,10697,75.52116168978289
2023-06-21,96.13068389892578,97.66229221526712,95.9504979198995,97.52714929417016,13138208,15886,78.16208983007391
2023-06-22,94.10356140136719,96.40097045609099,93.69813950872395,96.13068461189246,16244574,5351,63.044220599664385
2023-06-23,94.64413452148438,94.95946342871639,93.06748311166963,94.01346983336569,7880417,17349,47.70065715301771
2023-06-26,94.41889190673828,94.77926384734654,93.42784844910308,94.14860607762792,9225360,4134,67.34110722138922
2023-06-27,93.96842956542969,94.64413733256274,93.78823670333463,94.41890141018506,9909567,8223,68.75817051567978
2023-06-28,93.51795196533203,94.46393865690685,93.24766612565098,94.32879573706632,14246542,5852,46.51178728973891
2023-06-30,94.64413452148438,94.8693704371722,93.47290501044584,93.65309099353424,16108372,10568,48.87897640654054
2023-07-03,95.90544891357422,96.04059183597498,94.32879752409265,95.04955519446034,22772148,17031,53.66541501292548
2023-07-04,95.99555969238281,96.53612456979394,95.40994487783101,96.40098163202732,9292916,15895,62.21941125888928
2023-07-05,96.7613525390625,96.89649546569895,95.63517293985008,96.04059484610464,10903523,15267,61.035772196271594
2023-07-06,99.8245620727539,100.36512690374475,95.59012267040697,96.71630226566072,29145409,15063,54.4388860344363
2023-07-07,99.73445892333984,100.99578140323716,98.33800039538403,98.74342228686857,15022279,9691,71.90611257800438
2023-07-10,98.15780639648438,100.3200724976978,97.57219853198559,100.00474359981665,8710335,4779,60.82080891400837
2023-07-11,98.47314453125,98.743423504354,96.98658612138688,98.15780875214675,10380385,14796,78.24880919014183
2023-07-12,99.64437103271484,100.13989281313606,98.15781256510606,98.20286249920068,9851130,14790,76.1728834338993
2023-07-13,97.39200592041016,100.18492982426332,97.16677001084693,99.64436501604247,8440163,14875,62.416452889031056
2023-07-14,99.10380554199219,99.64437037930844,96.85144632512872,97.48210415638856,10678733,11640,77.30988053999252
2023-07-17,97.84247589111328,99.32903424087769,97.70733297319755,99.10379833556958,7839246,9110,46.734819246412556
2023-07-18,98.1127700805664,98.3380060050518,97.61724829723657,98.15781314127052,6013243,15838,47.25636171207567
2023-07-19,98.65333557128906,99.9146581314064,98.06772078905726,98.11277072371162,9938960,4634,75.70697179780366
2023-07-20,99.50922393798828,100.59036044810173,98.74342320602538,99.01370905196738,10500380,5955,72.80522666238731
2023-07-21,100.4552230834961,101.17598079678585,98.78847860437536,99.37409338721642,11702513,5483,52.84481139748629
2023-07-24,100.95073699951172,102.70757433740022,100.50026518224243,101.08587304576896,13872167,12380,78.06791661457734
2023-07-25,104.86984252929688,105.41040734608434,101.08587506447546,101.53634689074077,23574611,8779,78.91331507898184
2023-07-26,104.55451202392578,106.35639930138315,104.32927611424361,105.59059170954019,17962594,5445,70.3824021683414
2023-07-27,105.0500259399414,106.1311624207173,104.14908230945537,105.23021879023126,13286670,5405,78.95696505507645
2023-07-28,105.86087799072266,106.53658572257834,104.59955551652783,105.2302201904525,21875385,14243,66.54444343096338
2023-07-31,107.30238342285156,110.77101497398714,106.31134681876344,108.42856294423676,64986613,8354,76.56058389446382
2023-08-01,108.42857360839844,110.23046101983391,105.59059956065657,107.30239397625127,32978003,6731,52.53685700979428
2023-08-02,104.82479858398438,108.7439023215904,103.69861895400248,108.47362333458773,27870281,15908,55.20111456809677
2023-08-03,104.10404205322266,105.27526468017564,103.38328437997883,104.8247928528119,13891020,17527,47.884567916292895
2023-08-04,103.8788070678711,105.32031555358644,102.88776353989056,104.91488678114312,11230403,8278,61.96806902223976
2023-08-07,102.93281555175781,105.00498876746956,102.79767262488012,104.50946699346964,11480767,12905,54.34785342308765
2023-08-08,104.86984252929688,105.14012150086332,102.79766937901458,102.97786223371345,16636302,4368,65.01585950694924
2023-08-09,106.22126007080078,106.44649598830729,104.14908688027901,105.36535946008323,11556651,9440,53.87271158123741
2023-08-10,105.95097351074219,107.30238900673037,105.45545861973932,106.8519171747343,13140800,16015,67.24570782708679
2023-08-11,104.23917388916016,106.58163279569308,103.96889492785934,106.35639689111525,10818126,4247,48.476431215098565
2023-08-14,101.67149353027344,104.46441758049163,101.13092869372392,104.32928152659538,10233977,16184,76.2749934540277
2023-08-16,102.84272003173828,103.1129990051986,100.77054686693593,101.67149052577963,5958441,8609,77.01374036292171
2023-08-17,102.12196350097656,103.29319302007603,101.80663459157431,102.7075782605263,5708751,9460,61.646434178342986
2023-08-18,101.44625854492188,102.7976740855922,100.45522185649462,102.61748809629812,8626445,14384,57.006613057719996
2023-08-21,103.06796264648438,103.38329157284701,101.22102527633096,101.6264540733587,6394425,17202,78.88776242224216
2023-08-22,105.45545196533203,105.77078085310059,103.02290010185843,103.20309294747919,9410569,16175,72.69288227639207
2023-08-23,106.08611297607422,106.94200667949796,104.73469752414971,105.7257341474968,14990033,17083,73.11361694829625
2023-08-24,106.31134796142578,107.39247756411412,105.8608761480299,106.7167698440203,17273849,9891,45.04539723035452
2023-08-25,104.9599380493164,105.86088172355947,102.70757886370876,102.70757886370876,10944286,15737,45.01824064675998
2023-08-28,105.72574615478516,106.49154695645026,104.68965948257696,104.7797593551948,7734363,7551,46.50380470752162
2023-08-29,105.5905990600586,106.22126377526405,105.09508414845602,105.90593485448879,8257230,16270,58.47329856530005
2023-08-30,104.59955596923828,106.40144326198538,104.32927699951894,105.63564253729876,8868451,13417,52.63740204000278
2023-08-31,103.6085205078125,105.18517190684443,103.38328459366508,104.50946416440217,12626049,4350,45.40767567399307
2023-09-01,109.32951354980469,110.18541416496011,104.10404436075231,105.41040993960172,31991938,4656,45.01593909699347
2023-09-04,110.54578399658203,111.49177758616894,109.46465435732951,110.54578399658203,19622564,3602,58.08062868623928
2023-09-05,111.17644500732422,114.50993367958527,109.28446476432052,111.2665379953426,41671778,8364,46.2931373409454
2023-09-06,112.25758361816406,113.42881317734323,110.8160750732431,110.8160750732431,20234630,10905,77.94489486538694
2023-09-07,113.56394958496094,114.78022213508464,112.43777002491036,112.70804899512977,19840679,14066,49.90845625518573
2023-09-08,115.36583709716797,116.0865947664124,113.42880687552125,114.64507942792352,20210938,6224,56.785162466023095
2023-09-11,115.7712631225586,116.71725673800252,114.23966161281157,116.1766850299461,13773356,8888,69.12439916712518
2023-09-12,110.14036560058594,116.62715738956342,109.77998675149722,116.22173548037289,18056666,7787,59.8964387497329
2023-09-13,111.94224548339844,112.48281028404011,108.83399272446805,110.90615893920352,10650872,16449,49.429127341141346
2023-09-14,113.4288101196289,114.23966080230592,111.3566369165271,112.57290950371522,12308230,14805,73.66013113388394
2023-09-15,111.58187103271484,114.41984493940745,111.26654212611669,114.23965895668127,27553333,11950,53.42422906671982
2023-09-18,111.26654815673828,112.21254180145999,110.63589030936046,112.07739887026332,13376212,11867,70.08094951878911
2023-09-20,111.31159210205078,113.33871533995709,110.77102040635205,111.80710699156842,20993004,16354,65.09591022896828
2023-09-21,109.19436645507812,112.8882408792378,108.96913054500276,111.4917754873087,11814520,14162,64.6874179871918
2023-09-22,109.59980010986328,110.90616569715387,109.46465718305448,109.55475017637542,7745864,12313,68.88032675602325
2023-09-25,110.27550506591797,110.63588390369199,108.11323891292848,109.73494024608425,11052731,13951,71.6485230204046
2023-09-26,109.50969696044922,111.176441240102,109.3295041168639,110.23044771382801,7023846,14973,55.41570884011937
2023-09-27,109.19436645507812,110.32054600545497,108.83399449788111,109.87007418530423,6490723,17555,64.46738646295817
2023-09-28,109.41960144042969,110.545780981289,109.0141795551821,109.87007325677341,9719776,8516,51.73238164635664
2023-09-29,112.077392578125,112.61795739890884,110.18541226855426,110.50074117454028,14505102,8069,72.49001538369846
2023-10-03,111.71701049804688,113.56394769525862,111.35663167009649,112.07738932599727,13140786,17587,46.839093755308944
2023-10-04,109.32951354980469,111.80710865522268,108.24838388962964,111.71701566248387,9753480,12480,78.12100226024339
2023-10-05,110.81607055664062,111.26654238817169,109.73494091042795,109.73494091042795,13906951,10972,76.78993000149056
2023-10-06,112.25758361816406,112.75310540250639,110.41065315780297,111.53683278253105,12431715,5464,67.89702862542396
2023-10-09,109.73493957519531,110.72597621777398,108.92408891357475,110.27550439172417,11378558,12941,57.99932130334686
2023-10-10,110.72596740722656,111.17643919743199,109.77997389833354,109.91511681012598,9862213,16483,60.448663467446835
2023-10-11,111.31159210205078,112.34767181361251,110.86112027140493,111.04130625420142,13202599,7204,52.97880385318513
2023-10-12,116.53707122802734,117.48305110003318,111.31159510223144,111.31159510223144,44500591,10353,76.9579321905303
2023-10-13,115.54602813720703,119.05970302608125,115.32079221491227,116.13163603624949,32376316,17947,59.35912195927202
2023-10-16,117.07762908935547,117.88848665405473,115.50097764096816,115.68116362846479,22411704,14609,53.63895852689071
2023-10-17,118.38399505615234,119.32998867762973,117.30286538045377,117.30286538045377,29711623,3779,61.36814931714487
2023-10-18,118.02361297607422,119.32997846184387,117.16771929555675,118.42903485133948,22761267,10097,53.72591216444525
2023-10-19,116.49201965332031,118.06867108086674,116.22173380199332,117.122677474877,12766650,12299,48.20475105704929
2023-10-20,112.66300964355469,116.49202027370178,111.04130827426577,116.22173442093538,23340295,12807,74.66870108896836
2023-10-23,108.8340072631836,112.97834711993531,107.93306351720908,112.61796824681444,17027808,9063,57.4364033870972
2023-10-25,107.84295654296875,109.73494378386509,106.26630509132502,109.50970786220171,9531434,9411,62.6001820464376
2023-10-26,106.7618179321289,107.43752564056011,105.27525959884943,106.31134612650811,13170505,11970,72.24947826982323
2023-10-27,106.53659057617188,108.38352787684862,106.31135465529202,107.48258419332919,9937564,12551,75.32985555046074
2023-10-30,106.9420166015625,107.88801025514059,105.36536509470241,106.98706653693482,7895004,3337,50.76006677853759
2023-10-31,107.66276550292969,109.37455980197495,104.64460566900105,107.2573436124223,33212394,3813,62.8400899069167
2023-11-01,105.95097351074219,109.41960524238091,105.77078752740563,108.47361851938199,15959172,15778,76.77289197206753
2023-11-02,109.96017456054688,110.18541047167159,106.98705778423884,107.30238668508254,17644988,9042,50.60840759611399
2023-11-03,111.49177551269531,111.8971974014615,110.00521713112848,110.54578194070156,12062935,7821,73.45253622188481
2023-11-06,111.17644500732422,112.61795343658159,110.86111611243267,112.34766759887204,6377850,4765,61.2893147780069
2023-11-07,112.66300964355469,113.33871740181594,110.72597936180814,111.4016871200694,7013652,6800,45.82427937077696
2023-11-08,112.30262756347656,113.38375719609652,111.71701281511801,113.29366420565395,7605770,10630,78.38237274227919
2023-11-09,111.85215759277344,112.6179583347186,111.0863568508283,112.6179583347186,7332564,10404,56.19572989600914
2023-11-10,113.15851593017578,113.42880176237213,110.99624989356774,111.62691454414113,6880677,4739,53.39001919095869
2023-11-13,113.56394958496094,114.6901291450115,112.93328490713989,113.96937147711732,5965121,10100,73.91951021850147
2023-11-15,114.28469848632812,116.26677860338108,114.01441952058528,114.69012724542402,14489745,17625,58.93794057220397
2023-11-16,113.87928009033203,115.14060259007752,113.56395118380931,114.32975192069438,6392633,3975,76.19242396766234
2023-11-17,113.744140625,114.5549913190379,112.43777502668966,113.02338292504301,9122291,6724,67.51382563047562
2023-11-20,112.21253967285156,113.92432719002112,111.85216082104829,113.20357636006943,5930799,7519,57.52186050669805
2023-11-21,112.57290649414062,112.97833526146759,111.85215569720586,112.25757759087826,5289551,7414,60.578232094921425
2023-11-22,111.53682708740234,113.02337861721536,110.72597642426959,112.6630066546271,7738964,17032,55.297993816292255
2023-11-23,112.57290649414062,113.42880708717227,111.44672692987889,111.76206270679583,7039867,8346,63.502867033200005
2023-11-24,112.16748046875,113.24861006115574,111.62691567254713,112.70804526495287,7037545,11754,45.8537122668257
2023-11-28,112.88824462890625,113.92432435074353,111.40168619830074,112.21253687623599,19955790,5228,78.60012676982814
2023-11-29,113.4288101196289,114.41984678794314,112.79814542258913,112.79814542258913,17797816,15739,75.54542054365281
2023-11-30,118.83445739746094,120.90663046278075,112.88823778294892,113.38375264733111,82083861,3721,77.00027189578957
2023-12-01,122.57339477539062,123.74462435053222,119.23990579022613,120.72645741620312,53660727,8287,62.31149666915563
2023-12-04,127.84391021728516,130.7269411608126,124.33023515741286,125.23117889043759,66257632,8963,50.438422895985944
2023-12-05,126.44744873046875,129.1953159075854,125.68164111721076,128.6998078902754,25099887,11075,51.808645131658764
2023-12-06,126.67268371582031,128.47457103042765,125.05098238321186,127.16819172948996,18752200,7443,59.35482031119168
2023-12-07,127.97904968261719,129.46560122304376,126.17716236219262,126.67268412477122,18456707,3496,62.78009097708366
2023-12-08,126.44744873046875,130.4566452854627,123.74461773870078,128.6998078902754,18995777,14235,75.02945792331668
2023-12-11,127.07810974121094,128.92504704815664,125.90688019919831,126.17716605463349,11044633,6147,56.93686922252947
2023-12-12,125.00594329833984,127.57363844339207,124.33023549672718,127.07811663941403,9881478,9145,77.61573442717565
2023-12-13,127.07810974121094,127.93400349399758,124.78070059097651,125.27622236805604,17529522,16513,77.64075597664805
2023-12-14,131.13235473632812,132.7990922878442,127.61866615301436,127.93400193840607,38595458,5257,66.51104800809236
2023-12-15,131.4026336669922,134.37573664209427,130.63682608412722,132.43871334046003,28383880,12132,70.03436328601992
2023-12-18,130.68190002441406,132.88920956949596,130.1863781884215,131.53779387895872,10775891,9310,57.10912182663033
2023-12-19,130.09625244140625,132.3035752948889,128.69980083670802,131.62786758398,16040169,12895,71.88023300120838
2023-12-20,124.10498046875,133.3396523366606,122.93375104335821,131.08729334448728,24177947,11135,53.7004649876916
2023-12-21,126.76276397705078,127.03304981121721,121.49225207369393,121.76252416055178,16747435,13646,75.28359796576626
2023-12-22,136.49295043945312,137.97950182650422,127.12314283890225,127.93398655051053,84784192,6769,53.24151545885534
2023-12-26,138.74533081054688,142.07881977536425,136.4028716745617,137.3488653159138,44403657,15237,74.04883899142916
2023-12-27,136.8083038330078,140.00664291145907,135.81726028227303,139.60122100336199,15311946,9862,54.136666231963865
2023-12-28,141.5382537841797,143.1149051813738,136.62809986364203,137.34885753753548,37181228,16168,54.091521757652345
2023-12-29,146.04296875,148.02504199777678,142.39414427834907,143.92574570857164,57370272,11669,63.182560216382484
2024-01-01,149.73683166503906,152.57481240684015,146.53847896268027,147.48447254328062,40952729,17704,51.79228229599846
2024-01-02,147.79978942871094,150.99814172228295,142.4391781535364,150.54766995550682,40801901,11712,51.97152198240579
2024-01-03,146.0880126953125,148.11513598200403,144.82669703807272,147.75476400773826,22338899,12465,75.10043692245746
2024-01-04,146.9889373779297,149.2863462220034,146.1780936669897,146.22314359477699,16795469,11528,65.21514496540513
2024-01-05,147.43942260742188,150.54768919321228,145.86277122223333,149.55664568074155,36182162,11058,59.00797053340362
2024-01-08,144.78164672851562,148.97104309185218,144.4212747551856,148.97104309185218,16705187,8643,51.56083623442576
2024-01-09,145.0969696044922,146.62857097582253,143.8806902449399,145.86276341650318,21668343,9875,54.4672653634215
2024-01-10,144.15098571777344,145.41230134388024,142.0788125486186,144.9618295135122,21435177,12726,47.480654295973864
2024-01-11,143.29510498046875,145.14204240188033,140.41208775420486,143.97081278727953,37761286,9764,53.34066435927498
2024-01-12,146.31324768066406,148.5205706876865,143.61041664902143,144.87174604550705,31798366,17983,56.02475582036279
2024-01-15,148.8358917236328,150.277407096388,145.50240288985952,147.48447621691585,26896883,14972,52.17022448208886
2024-01-16,150.3675079345703,151.53873757117174,146.71869670710046,148.9710561054452,33401828,9055,53.966594229895776
2024-01-17,147.8448486328125,152.25946672533382,147.39437683776714,149.10616416001625,31113706,15970,46.10531174313541
2024-01-18,147.34934997558594,148.79085169700588,142.12387358557652,147.84487177716886,20299367,15404,69.81554073321712
2024-01-19,151.6288299560547,152.43967380048142,148.1151412198153,148.7007628828436,21251240,4253,52.322161320703245
2024-01-23,141.6283416748047,151.6288218754419,140.32197610737606,151.35853602593372,30341132,12734,77.66437324816275
2024-01-24,148.25027465820312,148.74579639611702,140.72738997096008,142.97974900937913,18968981,15441,66.35449473827465
2024-01-25,149.0160675048828,150.59271882142852,148.2502736852314,149.556639169479,16725897,6731,59.43900690390881
2024-01-29,154.73707580566406,157.39485689100107,149.10617785058167,151.3134870995121,58433818,11152,60.092346546692724
2024-01-30,154.96231079101562,159.46702912796374,154.5118389573208,157.6651417931845,57303068,10912,46.45757101748663
2024-01-31,155.50286865234375,157.2146559691302,153.47574558110855,155.86324058830675,29140358,4451,52.36655555110651
2024-02-01,156.49392700195312,158.11562850531593,154.3316674956765,156.76421287706538,31663125,17434,62.090351530012235
2024-02-02,160.2778778076172,162.16986506564024,157.7552464599995,158.47599041799896,41748419,4844,54.712992663234886
2024-02-05,163.61138916015625,168.0260080001089,160.322936251178,162.16987367302735,57505480,16090,78.09185990360447
2024-02-06,168.6748809814453,170.02204737393765,163.23974428816794,165.84117735654576,33761541,5057,66.71607769007447
2024-02-07,166.2592315673828,172.25180801060495,165.6088769616327,169.78974622574123,31684715,6885,68.43636782691276
2024-02-08,166.9560546875,169.27875999527453,165.37661791354694,168.11740734138726,19018617,14374,60.64285620388076
2024-02-09,160.82411193847656,167.32768642648733,156.22514435204937,167.14185867121031,36193339,17470,49.72969527430689
2024-02-12,156.82907104492188,162.3106501043289,155.62126140465648,160.8241271581065,18334992,6053,65.79927732124435
2024-02-13,158.26913452148438,160.08084170234756,154.55280628313233,157.29359552358355,13204257,10812,54.51095491211322
2024-02-14,163.75071716308594,164.21525820468332,155.3889784143326,157.01487205992353,15132347,12052,50.77430681667475
2024-02-15,171.1833953857422,173.27383033617866,163.19328279340618,164.44754943433577,43688826,17990,77.79449605871295
2024-02-16,169.65040588378906,172.4840950936592,168.86068038737602,172.2518245566752,19961823,7331,68.48279202656946
2024-02-19,170.811767578125,174.52809636588583,169.23231650199125,170.02204204005812,19606057,6748,77.24117951703127
2024-02-20,170.95111083984375,172.8092750881029,169.6039445951895,170.48656977777895,11867776,11704,53.601506210817156
2024-02-21,167.5135040283203,172.29827113160712,166.58442193629045,171.60145956258472,13671880,8948,72.52915066530566
2024-02-22,169.32522583007812,170.20785105805615,165.09789911256684,168.1638731151942,11766044,12509,75.42451122128382
2024-02-23,167.14186096191406,170.114934967085,166.39860663728885,170.0220210881731,8219010,4087,58.857348183334096
2024-02-26,169.18585205078125,170.48656128913217,165.0978824021531,167.23477401658744,14909208,5584,49.418307454668415
2024-02-27,167.69932556152344,170.25430143572947,166.16634570766715,169.0929487656358,9486385,5271,76.06877029049227
2024-02-28,166.63088989257812,168.90713833320584,164.12235673691842,168.0245131227586,12659946,13322,66.73763388252684
2024-02-29,169.32522583007812,170.85820574305737,163.79718974256437,166.07343822840312,19475687,17119,52.67185394924817
2024-03-01,171.09046936035156,172.76282003742202,169.27876203380367,171.8337379031238,17823470,16735,58.723551484066974
2024-03-04,177.31532287597656,179.21992982267432,171.8801869687307,172.80926906045357,52923468,7011,76.65437141518167
2024-03-05,180.33485412597656,182.42528899987892,177.7334212253421,178.84831698942293,26849239,6164,78.90173205170807
2024-03-06,176.94369506835938,180.3348534685506,172.48409785162514,180.28839652507727,20285523,13918,48.00348402924135
2024-03-07,175.17843627929688,178.80185087079596,174.29581110205152,177.5940412814069,7718111,6482,68.37476677923229
2024-03-11,170.25430297851562,174.66744316486188,169.0464933553398,174.66744316486188,14087639,10429,50.52914309370627
2024-03-12,167.14186096191406,171.50855809075856,166.02696529830874,170.25429160878534,16435560,7594,56.556310242161715
2024-03-13,156.7361602783203,167.37414835971052,154.50636872626845,167.14187781567725,22832224,17937,57.57724953406451
2024-03-14,163.6113739013672,164.07591498095465,154.27409536632572,156.08580274138302,22996586,10379,53.219263665561655
2024-03-15,161.47447204589844,164.12234752867857,153.80954470995388,164.0759047649465,42241333,11441,66.47390784859871
2024-03-18,163.425537109375,165.37661520663733,160.87056131264325,162.1248278289787,10899780,17451,59.011279275313115
2024-03-19,160.68475341796875,163.9829978531823,160.1737554051889,163.37910013232238,9713217,14432,46.456247211358594
2024-03-20,161.6602783203125,162.45000374139468,156.7361405706247,160.73119626100038,8692031,9158,76.1678888352746
2024-03-21,162.63583374023438,164.72626858477037,161.47448104882548,162.68229068322444,13773426,6774,57.83827769208171
2024-03-22,161.75320434570312,163.51845472031192,160.54539474254898,162.58937259121925,12396239,3959,67.24523134288553
2024-03-26,167.69932556152344,168.39613716357962,159.848584347024,161.75320556131126,22741278,16996,77.91624397356247
2024-03-27,167.5135040283203,170.67237747055484,166.9095921625003,169.88266619833004,13833150,13481,78.15946968094715
2024-03-28,168.2103271484375,169.46457955280744,166.90960362427367,168.48905463052037,10519502,4239,48.88969013110249
2024-04-01,169.4181365966797,171.4156575588114,167.8851425352745,168.535497208294,8712471,12637,45.3756265900106
2024-04-02,170.30076599121094,171.22984816882075,164.91208652574028,170.0220385025942,17194544,11895,54.57524100154065
2024-04-03,175.68943786621094,178.15149985983862,169.46457620382844,170.9511132944475,40868454,3253,71.54177081352337
2024-04-04,173.27383422851562,176.9437061663862,171.74085423442716,176.9437061663862,16507602,10269,49.59080610544276
2024-04-05,177.222412109375,177.87276674967217,171.2298353478254,172.99508568244167,15022150,6486,54.996896833285895
2024-04-08,186.5132293701172,187.53522533870267,177.501135941988,177.501135941988,56272730,16765,59.81123510020112
2024-04-09,189.39340209960938,192.2270913180404,186.23451428108234,188.60367660081047,37997348,3977,57.993902361577284
2024-04-10,187.86041259765625,195.01434249641753,187.30297179970214,189.99730443148596,27923078,17299,49.63956762972924
2024-04-12,186.8384246826172,190.46183937070967,185.21253093189162,189.5327572274379,30179782,4038,48.30822543321917
2024-04-15,189.2540283203125,193.8065392939751,182.6575536588855,183.02918084272113,44962181,6563,45.31501379623604
2024-04-16,191.25157165527344,195.2001709044091,186.83843131800418,188.6036817822443,31636637,12182,53.216965133031785
2024-04-18,189.1146697998047,198.49839077717965,187.90686019928407,193.24908242991884,30645258,8313,46.85445725386731
2024-04-19,187.6281280517578,189.53274920013195,183.26144499865697,188.6036670962097,22533995,17243,72.49376728431608
2024-04-22,184.6550750732422,189.99729737095862,182.0536422494553,189.99729737095862,36002648,5751,46.07787434564017
2024-04-23,185.49124145507812,188.18558813620885,184.42280267698706,186.7455080003748,13558545,10176,69.5583886870533
2024-04-24,192.69161987304688,193.99234330557206,185.0731495673078,186.6525862856113,31299709,3392,58.16089693972256
2024-04-25,193.24908447265625,194.178166609544,191.48383408323681,192.59872981216847,12365830,7056,67.84850369605925
2024-04-26,193.29554748535156,196.68669172082468,192.5987358608021,194.0852588205063,13324638,7109,65.89069717399188
2024-04-29,194.6891632080078,196.12924334507204,192.83099894771027,194.08525131741015,10194865,11025,54.29699452437424
2024-04-30,194.27108764648438,197.19769081476386,193.85298932815687,195.0607989859132,17217978,12513,73.14719547823064
2024-05-02,190.50830078125,195.24661131706375,187.39586985762554,194.17817249791023,17430514,16615,46.70145526326889
2024-05-03,189.34693908691406,193.71362222009088,186.42032189989024,192.31999903865136,15781876,10467,65.81316373752273
2024-05-06,183.7724609375,189.9973088063346,182.19302404192544,189.9973088063346,25048200,12661,52.973827134086015
2024-05-07,179.08058166503906,184.74798836375692,177.96568593747753,184.19053341164198,15026421,9665,59.603636093913465
2024-05-08,186.88487243652344,187.4423274080327,180.05612700721352,181.1710227735632,23505647,13828,59.67031568137712
2024-05-09,179.5915985107422,188.88242084263086,178.7554159948703,187.53525443984097,19166975,11634,60.82044473725247
2024-05-10,178.89476013183594,182.56463156978822,175.7823294445847,181.1710084280341,14080312,8018,75.35726179775682
2024-05-13,179.26638793945312,179.96319951281976,174.06353669764965,178.89476077099135,12436159,16704,52.6920209459849
2024-05-14,185.86289978027344,186.6526111563172,179.4986809425332,179.73095149607602,15962440,15587,59.9363612117133
2024-05-15,186.5132293701172,188.46430742771946,184.42279466982944,186.8384137719401,12338883,16502,51.60371793553676
2024-05-16,181.589111328125,188.37141415523806,177.45469841504547,187.25651836178628,32045529,16914,46.19430459864435
2024-05-17,189.43983459472656,190.7405580412449,181.3103662164912,182.0071777917685,30620083,9765,67.86992095822046
2024-05-21,189.71856689453125,196.3150556459137,189.3004827740449,193.899436452731,34640241,4032,64.94205216706133
2024-05-22,186.5132293701172,191.94836526153236,184.19052414757525,191.94836526153236,36029532,9299,54.514568413890885
2024-05-23,186.23451232910156,188.835945159249,185.3983440728645,187.67459248299286,30667689,9806,78.99583075993009
2024-05-24,189.95083618164062,192.1806417707461,185.02669812111768,186.74550571001137,23963389,16798,63.62595122561638
2024-05-27,188.09266662597656,192.45934962155513,186.2809593825274,192.08772245554883,15755998,12235,77.61876834124
2024-05-28,186.28097534179688,189.11467879953705,184.3298971114397,188.9753079678436,11658134,3140,74.30531444046028
2024-05-29,186.46678161621094,187.02423656774985,184.00471962969544,184.42280375501548,11373374,9854,67.78342618056547
2024-05-30,185.2589569091797,188.74301463071643,183.86533382056498,186.7454938743689,16892576,17566,61.26045006571597
2024-05-31,189.81149291992188,190.60120426987686,185.81643669563198,186.60616222225602,45410243,11841,76.02626883140736
2024-06-03,214.43215942382812,216.6619508753982,196.1756869795086,201.61082313562954,106239940,12155,76.03249619270363
2024-06-04,176.80433654785156,214.10697931942056,161.19575354241644,214.10697931942056,144638353,5430,54.73895563794491
2024-06-05,181.3103790283203,184.23699635728755,169.9755794381985,184.05118275941712,49797002,16530,65.58461633636833
2024-06-06,193.1561737060547,195.8969773954479,184.98026211080872,186.74551252872124,41316996,11582,75.66877057952891
2024-06-07,197.6157684326172,199.19520523600244,193.15617132325357,196.22214522198283,31816743,10343,58.39231348211037
2024-06-10,193.41632080078125,202.25190137701534,191.28872885321064,199.1952130757867,38291847,5419,56.770605694438125
2024-06-11,197.76441955566406,199.05584312838005,191.32587312718212,193.4348934975893,58491135,3029,45.46514267452239
2024-06-12,201.53648376464844,204.6303288025684,199.23236416802968,200.6817299493974,37632644,14108,67.33849549095196
2024-06-13,204.24012756347656,204.58388341710346,199.07443315797624,203.5154446318657,26308017,8495,63.56210124831833
2024-06-14,206.09828186035156,209.50801143167584,203.57117743976954,204.3051460536146,32311984,10948,59.939947577362574
2024-06-18,206.49777221679688,208.48600724527438,204.5374085158058,207.92856651887905,18556534,4741,45.434346723748135
2024-06-19,200.94189453125,207.04597131257037,200.4030251608897,206.49780204725977,20546373,7534,74.72094172248306
2024-06-20,203.0973663330078,205.79169893279223,199.9013214266875,202.44699747811546,18495221,11045,65.53045126537918
2024-06-21,199.52967834472656,204.21226034111848,198.82358101109162,204.21226034111848,16928662,17672,70.4494209716153
2024-06-24,197.56932067871094,198.2011039354487,193.76009223182052,197.801591224619,23293709,13137,60.829133473352925
2024-06-25,198.0338592529297,200.21720802737605,196.60307894606,199.1023122565249,12615853,10890,61.47451194501072
2024-06-26,198.2939910888672,199.90131337195285,194.67057647285824,196.6866829824497,18166674,11579,47.56916065592184
2024-06-27,202.4934539794922,202.96729495426035,198.31258425860796,199.288123362148,24218669,5034,54.018925855175944
2024-06-28,203.97998046875,207.32466756502797,202.44698647837146,202.81862782906987,25103775,5394,69.33893821572217
2024-07-01,206.76724243164062,208.11440876015604,203.9799958857457,204.63035057778737,20094833,4602,55.4062982517063
2024-07-02,205.9496307373047,209.97255799658095,204.212251718734,207.7892093555953,23734457,12545,63.556644757259114
2024-07-03,204.52813720703125,207.0459559884547,203.60834080518254,206.25623051626124,11406984,10177,48.799870761246716
2024-07-04,203.61764526367188,206.06112165244386,201.870966303433,205.32715299936572,15067769,5029,70.77962774680947
2024-07-05,207.14816284179688,208.06794509918296,202.1125251026309,203.60834793437536,20660843,10747,50.513186646391375
2024-07-08,214.14414978027344,215.02677498712308,205.5780112262132,207.64986045050267,28199193,9975,75.82334317223582
2024-07-09,212.8620147705078,217.49813986396134,211.83073300329346,216.3553585971368,24236853,10579,77.2243367600284
2024-07-10,212.97349548339844,215.31478645116957,204.26800034766714,213.57740738181917,18643698,11135,45.161569917651704
2024-07-11,213.13143920898438,214.3857057802077,209.97256557454796,213.59598028326434,15939530,13077,50.41892631524992
2024-07-12,212.49038696289062,217.2194117529218,208.76475842977334,213.41016922783982,26631708,9423,72.35688289660727
2024-07-15,220.3411102294922,221.12153577689278,211.91432893100935,213.3172519495518,32695974,5769,72.77657617700629
2024-07-16,216.85707092285156,222.15283641306758,216.47614383387642,221.30736824290386,19213934,14154,78.32082744060338
2024-07-18,212.62974548339844,217.28444204033607,211.60774942818156,216.94997189287136,14554717,14362,51.482682759086515
2024-07-19,204.17507934570312,212.62973221553602,203.48756765751978,212.62973221553602,17266945,16263,52.82931873383273
2024-07-22,207.0645294189453,210.39064513980097,200.8303962763465,202.3540903998482,14249258,7822,71.79820637741265
2024-07-23,204.2029571533203,209.8796495913518,194.31752375851065,209.8796495913518,18437981,8641,71.23435589363493
2024-07-24,207.8077850341797,209.0434658893032,202.6328052726982,203.46897346558848,10123727,6206,57.54236004452508
2024-07-25,212.20236206054688,213.49378571040828,203.4411239979865,206.25624184032225,21033610,11497,48.6891271414445
2024-07-26,214.28350830078125,216.12308700369667,212.98279895057206,213.6888962868758,16686103,10397,63.91393185059433
2024-07-29,215.42626953125,217.56316127138334,213.68889047996845,215.08251367875087,12472241,9783,67.264733649928
2024-07-30,217.17295837402344,219.63502046674054,215.45415067986093,217.12650142994656,18713036,8889,59.3770027729459
2024-07-31,223.8809356689453,228.83294542538297,221.5489444838697,223.9088070004135,87632493,11834,56.39557133422491
2024-08-01,222.05062866210938,226.64958236182778,220.30394972438407,225.72050023353444,21967072,15898,45.466754926272515
2024-08-02,220.20175170898438,222.51517132869543,215.6399692004803,219.6257253218281,14930829,15503,75.3867152023655
2024-08-05,208.6439666748047,214.4135583742587,205.32713688948198,213.688875495841,18627263,7868,75.14651295989201
2024-08-06,207.55694580078125,214.209177370306,206.62786365453485,209.96327933382753,14389267,7385,50.3427807570671
2024-08-07,216.95925903320312,217.47954274830252,209.6009303982231,211.00383928548527,16963242,14403,64.35630261455958
2024-08-08,211.1896514892578,215.76073375483,210.5950395078013,215.54704883967148,13656192,14216,69.99822566748645
2024-08-09,211.25469970703125,215.26832714533418,210.90164396034353,215.26832714533418,9460718,6843,67.86785107106135
2024-08-12,215.45413208007812,218.24137836404637,209.37794141876114,210.41850882824227,20362324,8976,78.72804509873075
2024-08-13,211.05030822753906,217.49814072774154,210.06548339986205,216.74557226489196,12565171,4309,68.03038346094945
2024-08-14,210.5857696533203,213.56811550272707,209.108532394206,212.10946385662112,12489039,10353,56.069120666452456
2024-08-16,216.0580596923828,216.4761438301115,210.56718071042883,212.09087488963414,10347738,14905,72.2958406804322
2024-08-19,221.985595703125,222.60809323145554,216.96855766415877,217.4052274174641,19004338,12751,65.84562526357135
2024-08-20,219.93231201171875,224.5126798800617,219.3748570907706,222.9797001124556,13957013,7032,62.74315845492063
2024-08-21,219.40274047851562,221.85551674750158,218.65948611195552,221.12154809868957,7715949,14517,77.5194457231853
2024-08-22,217.4702606201172,220.6570055160322,216.940677002078,220.3318211003939,10788298,12470,47.23513382046484
2024-08-23,213.19647216796875,218.6037226573335,212.62044579832312,217.9626679120833,11234936,11561,45.22461847711783
2024-08-26,218.5665740966797,219.17047181884055,213.54953619615867,214.80378858295472,13276274,17114,54.324289120674926
2024-08-27,219.7465057373047,220.9357297099818,217.49812872094117,218.33429695350011,11974901,4460,61.24559998924673
2024-08-28,218.77096557617188,221.12154218034206,217.55387028033687,220.65700112534134,11745870,9532,60.64185402672629
2024-08-29,215.46343994140625,218.50152829607202,212.4717943518565,217.45167513042367,14620812,14381,68.42580018940107
2024-08-30,220.83352661132812,222.35722068822045,216.0208739615903,216.0208739615903,23605945,6175,72.54658346150951
2024-09-02,217.46095275878906,223.24913023774798,216.82918373936332,221.72543616991607,11344611,7693,70.1169713873918
2024-09-03,216.0394744873047,219.04970580263495,214.7573365642933,218.33430856679988,11468711,15616,65.6424974310257
2024-09-04,213.6610107421875,215.02676255738297,211.80284655026634,212.8434139612085,10067531,10676,63.9248008628102
2024-09-05,211.9422149658203,215.36124464072432,210.81803350620194,215.2683307553005,12026014,9960,62.788031392561734
2024-09-06,207.01808166503906,212.22093295267146,206.20977059267975,211.73780628808137,12081433,3345,76.40253423320328
2024-09-09,202.30763244628906,207.18531359596997,200.49592514031264,206.34914535526335,11247785,17294,46.506035361756304
2024-09-10,204.33302307128906,206.1075733161544,202.15897432114062,203.84061068369138,10945760,11458,53.76125389525443
2024-09-11,201.787353515625,205.56871047718317,199.7526613480454,204.4724003499343,12709020,16150,78.66213657492989
2024-09-12,204.99269104003906,205.29928985975977,202.17757317684874,202.7257282590756,9267929,15944,73.19025998325199
2024-09-13,203.34820556640625,206.01468097615495,202.71643650941704,204.99268494082708,8023988,7699,73.70849072282341
2024-09-16,202.3819580078125,204.90906248470858,201.61081815422523,204.3980644881546,6528370,15440,63.13534803362424
2024-09-17,204.14720153808594,205.74522385036065,202.41910830163386,203.17166251842198,7453731,17189,70.03668696096001
2024-09-18,202.48416137695312,205.45722135316302,200.7003253912272,204.13792643174077,9639142,9751,57.290127492867754
2024-09-19,195.96200561523438,203.88707523024362,193.82511383230064,203.46899109756865,22834523,4012,59.08609975475843
2024-09-20,197.11407470703125,199.04656730337496,194.98646861911675,196.89108988476013,29582243,17991,63.99775592330237
2024-09-23,204.70468139648438,205.28070781992423,196.62166914831178,197.89450721688152,17538036,14742,67.03962234710046
2024-09-24,206.88800048828125,207.83566822386538,204.01714012862115,204.58388079111083,13952725,14259,50.02963848227166
2024-09-25,209.59164428710938,209.97257138095324,206.3119853461333,206.85085470839974,14897710,17277,60.1861735330657
2024-09-26,214.21847534179688,214.72017345853206,208.92269581439774,210.8551883624425,25633119,16006,73.99114244967801
2024-09-27,220.17388916015625,221.0286430572312,215.54706391287309,217.40522825694958,31529491,10257,68.38394382149436
2024-09-30,223.2491455078125,227.62512870972137,214.29279407177023,217.40522497173387,29251437,6609,55.363589330563364
2024-10-01,222.75674438476562,227.1605991404139,222.05993273096067,223.16554282326496,14256684,10428,62.21696674015283
2024-10-03,223.25843811035156,226.6867534296581,215.67712454630265,215.67712454630265,22452808,12055,70.9186879318604
2024-10-04,213.86541748046875,224.82858943480835,212.98279229350953,224.32687714636032,20561689,4618,63.43709528375438
2024-10-07,208.05865478515625,217.63748929213773,206.30269012378267,215.54705449637547,15437600,3747,47.564264762767195
2024-10-08,208.81121826171875,211.2361232989216,205.40148838996905,206.46064149951346,9387045,11499,50.03960128098306
2024-10-09,206.77651977539062,210.55789090764335,206.395592693812,209.2757530119243,9953771,13034,46.64807873769867
2024-10-10,209.6195068359375,213.19647872761365,207.72418551760452,208.11439831324165,10108642,17217,78.56932237076242
2024-10-11,213.13143920898438,214.15343524306772,209.43369622718296,209.97256557454796,12660791,6126,63.00188868267061
2024-10-14,214.31137084960938,215.17542459279622,211.04099781880427,213.13143258812545,12947771,3862,50.54855571524791
2024-10-15,214.8316650390625,217.3123127183612,212.12804671323642,213.8096831635848,16946397,5263,47.21503460370964
2024-10-16,215.4169921875,217.86976854563787,213.41947119559558,214.18131120201105,14363208,10111,69.21828081812755
2024-10-17,206.2748260498047,213.80968296797286,205.22495866780278,213.08500001408427,15315848,3433,70.38880819042814
2024-10-18,205.72665405273438,206.42346566653174,201.93601134914505,206.2562376840213,10150771,5334,55.19751736133665
2024-10-21,204.07289123535156,207.6963201735562,203.09736630647794,207.18532214906554,8211751,8661,72.07538551172868
2024-10-22,197.08619689941406,203.97068471284686,196.36151397168427,202.73501795462505,12878742,7143,73.78140257867992
2024-10-23,196.47300720214844,200.06855065579373,193.34200483250564,195.7761955761447,7866079,12717,75.51469814573528
2024-10-24,195.51605224609375,198.5355692696061,195.10725382695122,196.26860652830214,6846772,11274,47.06839736761589
2024-10-25,191.46524047851562,196.12923658046572,188.08338220848302,195.5717816509361,10268644,9714,65.2237317889318
2024-10-28,192.18064880371094,194.4383116281742,189.13326047941376,190.46184115191645,12266987,14907,73.74671268973668
2024-10-29,190.5733184814453,192.83099538789577,185.9929504691699,191.06573086720036,12717208,8612,60.448824385241466
2024-10-30,189.2819061279297,192.1806521323892,187.9811967633233,189.6814188320602,8970199,4710,55.57356712826465
2024-10-31,185.80714416503906,189.49560143234876,185.36117452611867,188.60367633117653,12812568,9907,62.86673257648286
2024-11-01,185.96507263183594,187.58166637880882,184.00470887495055,185.80713037935396,2606575,9349,77.83031835292272
2024-11-04,182.27662658691406,186.10444045189314,180.94803176015247,185.97436951987933,10478575,8594,67.27876211520852
2024-11-05,182.4810333251953,183.01990268769194,178.10505004486456,181.9142926315927,17109329,7592,72.78203208180075
2024-11-06,194.1038360595703,195.0979607391749,186.74550732296987,186.74550732296987,40549292,4150,57.00947597226636
2024-11-07,195.5067596435547,201.1184240447243,193.24909671272172,194.4569064025101,21951907,17500,45.16141358015929
2024-11-08,189.69070434570312,195.1072550808136,189.3655340932364,195.1072550808136,13570458,16636,56.59517987775645
2024-11-11,188.53863525390625,191.57673787577565,187.4887820569723,187.67459565297816,8551604,12892,64.63372537353975
2024-11-12,180.3813018798828,190.64766293532267,179.77740412583836,188.60368494855396,17295996,16518,67.32522585780005
2024-11-13,176.03318786621094,180.89228331411218,175.5500612013268,180.1490147935215,12112022,16203,67.51205063083104
2024-11-14,175.49432373046875,178.3837697343788,174.6023986440628,176.07035011703547,12252336,9839,64.40144657356745
2024-11-18,172.30758666992188,177.3153390335652,171.52714686749087,176.52561351297118,14792702,16101,51.0783169960771
2024-11-19,173.4410400390625,176.0610583721451,172.47480089047954,172.47480089047954,9668218,15795,55.247997825672954
2024-11-21,174.94618225097656,176.75788971761028,167.62500993008086,173.84057215740614,17368997,4652,56.48361922033777
2024-11-22,178.9505157470703,179.88888362686504,174.81610296249326,176.1446836490344,8159852,7250,77.48670355663324
2024-11-25,185.06387329101562,186.93132328433617,182.87123887880765,183.40080832546997,21024516,7787,52.915832797591015
2024-11-26,180.21405029296875,185.74208577539096,179.33142516160171,185.06385983360374,10102404,10670,50.403662437416926
2024-11-27,181.05953979492188,181.6355662100514,178.8483196697437,180.79939791862668,8033396,4502,77.55618909608143
2024-11-28,182.7504425048828,185.11960464686376,179.91673932238277,181.07809192368055,15723274,6385,52.22713380061203
2024-11-29,185.3147430419922,186.3367249625657,182.51819652893172,183.6795492864035,12489971,10494,55.734981603112786
2024-12-02,184.4599609375,185.07315854930735,183.02918068661788,184.32989000560164,8234055,12564,46.07300933165796
2024-12-03,185.80714416503906,186.92203990900296,184.88734773351788,185.35188880822523,8800984,12133,45.497541893476075
2024-12-04,192.06915283203125,193.276962487091,187.08927183901747,187.30297094509362,14841619,13507,75.07517234646724
2024-12-05,194.057373046875,194.82851288851765,190.97282785697215,193.66716026736927,12412144,17887,51.38078494558436
2024-12-06,195.48817443847656,198.26612093500097,193.72290988490874,194.0573800188829,14026104,3760,75.74330030145647
2024-12-09,193.87156677246094,196.87249808918696,193.44419693069892,195.47887489126444,7980018,10522,53.58749582388284
2024-12-10,192.8217010498047,195.05150669124995,192.20851761182553,193.99235361898067,7239820,13483,69.78112415810205
2024-12-11,191.22369384765625,193.0818581372574,190.4618396841189,191.85546290131978,6858258,13326,55.13491050782864
2024-12-12,190.66622924804688,192.87744917738394,189.9136750170823,190.74055751707232,5419304,11281,58.79700751683871
2024-12-13,190.36892700195312,191.0192958487581,185.66777358782156,190.4618408876877,4879404,3004,62.396344521436134
2024-12-16,189.3655242919922,190.46183438756873,187.08926175919655,190.2295638578278,10337056,3704,46.56777282211021
2024-12-17,185.41693115234375,190.46184041311963,184.06046497800884,188.60367611640626,10164638,13054,70.53088010760901
2024-12-18,179.81454467773438,185.22180934307036,179.3128465778928,183.95825711099883,13124279,10571,54.98040307398411
2024-12-19,179.88888549804688,183.02918777405455,175.34567424676274,175.68944429033107,13972934,17517,49.26447364663049
2024-12-20,178.77398681640625,185.61203205393127,178.12363214232138,180.25122404254228,25818265,8480,64.98190187619109
2024-12-23,180.21405029296875,184.13477776339272,178.04000165107507,180.4277351996504,20954043,3330,78.16186342511858
2024-12-24,184.01400756835938,187.20076670100468,180.11186539049592,180.21406499362257,22726193,5912,77.74366553278944
2024-12-26,183.61451721191406,186.47609204998716,182.56464980373505,184.51572806772506,9338804,15176,69.64627508965597
2024-12-27,178.84829711914062,183.7073923389367,178.48595568165425,183.01988068541584,8010778,8818,75.3869700254178
2024-12-30,175.35496520996094,180.0747041016894,174.2028982724519,179.3128499551105,24223648,10124,55.441263484926566
2024-12-31,177.4361114501953,178.51385018554598,174.06355276394336,174.99263494752103,8397949,14647,78.00727865224971
2025-01-01,177.53831481933594,178.01215581606903,175.62440774887898,177.48257215540718,3721986,15538,77.23105564361927
2025-01-02,177.54759216308594,178.27227505545218,174.2586336423459,177.45467828389332,9157431,8236,50.1030319192384
2025-01-03,177.53831481933594,180.01896260085076,176.284062350931,178.09576981196213,16593190,16014,54.9154736248247
2025-01-06,171.5736083984375,177.82632764319308,170.76531141990867,177.81704192478182,20865981,6022,66.59435649043752
2025-01-07,172.86502075195312,175.8566663777834,170.91395676336927,173.09729128702276,14521936,13687,60.949707598719975
2025-01-08,177.06448364257812,178.07717981681782,173.72908201732864,173.73836773553182,14658568,9658,78.99873692001795
2025-01-09,170.04061889648438,177.333905260864,169.39954994534318,176.89723551665676,14447702,3086,74.65708401296347
2025-01-10,166.84457397460938,171.75941230378876,165.14435194118764,170.48657429652846,11987426,9389,61.7483399391552
2025-01-13,159.9414825439453,166.08271597246187,159.47694148029555,162.7566002555294,12564130,14925,78.47176495996442
2025-01-14,163.48129272460938,165.56242755771726,160.8241173487653,160.90773133545244,16272268,6294,47.24421209164837
2025-01-15,165.3208770751953,167.22549828388068,163.30477054704272,164.58689425092064,11373283,16514,71.00992152377651
2025-01-16,167.71791076660156,169.3716758306672,165.4230767619334,169.04649141316295,6929944,8319,76.82273624399127
2025-01-17,168.11740112304688,169.82690876393718,166.7144922726425,166.8631488092419,5519645,16757,46.509386002334644
2025-01-20,169.14869689941406,169.92912251657222,166.4171930626917,168.1174151279305,5329580,4690,58.88537023361955
2025-01-21,167.15115356445312,170.57946856740926,166.58441295181447,168.91640377343674,6654450,8465,47.82070880717364
2025-01-22,163.9458465576172,167.81081762473335,160.03440436982785,166.55656519663154,9583003,17337,70.91025458973513
2025-01-23,166.91891479492188,167.5042269525005,162.7752018622599,162.7752018622599,7865833,14791,46.754357769103216
2025-01-24,163.3697967529297,167.31839576714805,162.90525569243343,166.129171786411,6235286,5520,58.74431727547872
2025-01-27,155.76060485839844,161.75319560869437,154.87797971876853,160.73119965122766,22215768,6902,70.26859611495021
2025-01-28,154.34841918945312,158.12049037866439,151.76557199555964,154.92444557499724,18592348,11393,48.55607728052659
2025-01-29,153.50296020507812,156.27162115530217,152.7504059012143,154.55282761384422,16409375,17161,62.248872479074706
2025-01-30,155.2589111328125,160.72191844671792,153.6237317316214,153.6237317316214,30173614,14109,67.15693603771001
2025-01-31,164.55902099609375,166.18491471042356,155.29607110089268,157.24714922875572,36650691,15266,69.95339565731976
2025-02-01,163.14683532714844,167.6993323063485,162.12483926569425,166.24996638404542,14451252,14986,54.46280324905135
2025-02-03,161.97618103027344,164.6147709729962,160.79625688947968,163.51846082454176,17456702,3779,46.4357869146895
2025-02-04,165.37661743164062,165.79470155048813,162.5893710704332,163.51845319083566,12517209,7867,52.279527868040134
2025-02-05,166.77024841308594,168.1081289973131,165.70180959531305,167.336989100108,12940845,8260,60.46794654232596
2025-02-06,165.75755310058594,168.0430872963834,163.98300275617805,167.2347903462439,14963364,10789,68.08608758668117
2025-02-07,164.92831420898438,167.19420150224576,164.01231659201937,164.8801007106822,12418542,13401,53.64495036015579
2025-02-10,162.08389282226562,165.49719366431177,161.50536027352172,164.92831264275304,11546697,14960,45.71840288017197
2025-02-11,155.9033203125,161.72714982425074,154.97767103329718,161.11970673769832,19520499,13812,59.442002232758355
2025-02-12,154.04237365722656,155.3826266162011,149.94447611996043,154.3702166418561,20114096,3216,64.69458394491832
2025-02-13,156.52040100097656,158.8923522402092,153.64705583375942,153.64705583375942,12193757,7386,68.57608728352812
2025-02-14,156.48182678222656,159.3841118659834,154.9969480305123,156.69395441999933,18449659,13477,73.31182169107431
2025-02-17,154.4376983642578,155.6429623035862,152.11394595818598,154.5726873369548,14124277,6264,55.415016702898114
2025-02-18,158.19813537597656,158.85379191632973,151.95968786391603,154.43770294609135,13591407,4086,74.22848430621471
2025-02-19,157.67745971679688,158.86343539849807,155.86473791413164,156.40470855629462,9842304,10794,78.03670035818966
2025-02-20,161.1582489013672,161.43786365760138,155.82616248906237,156.29863124291387,10110659,12488,51.71099455975682
2025-02-21,158.33311462402344,162.45993704413277,157.25318816406903,160.9268301803758,10215346,8915,51.82119299955052
2025-02-24,158.6898651123047,159.76014002524389,154.94872132424805,155.72009314925992,7411226,8495,57.28371072813486
2025-02-25,154.98731994628906,159.63481047045167,154.75590395221988,158.1306432907418,6520927,17806,55.44379883562131
2025-02-27,153.6663360595703,156.14436593507205,151.83434064290728,154.2737938308418,8836252,10800,59.67653952799068
2025-02-28,150.45550537109375,153.29994010934638,148.1510412498554,153.29994010934638,24910367,9524,73.97090162547627
2025-03-03,148.5367431640625,153.3095858177359,147.82322155613903,150.45551409873778,21947511,7476,66.18740337950047
2025-03-04,147.688232421875,148.39210250064102,145.13307854592566,147.5243182782005,11758879,5290,67.44696523752451
2025-03-05,153.26136779785156,153.55063410133505,147.8617938878394,148.00641968323347,11875941,13907,77.19033117672058
2025-03-06,155.68153381347656,156.80000753034432,153.3192048007675,154.94872394660095,9112943,3965,50.55377682049249
2025-03-07,152.4803466796875,156.14435189628188,151.76682515080154,155.63332117717914,12554271,13167,74.25536029873892
2025-03-10,149.5877227783203,154.51484252632594,148.68136190962608,152.3453673582496,12901373,12393,52.53733357203715
2025-03-11,151.1690216064453,151.67041551964306,147.52430466813058,148.92240788094327,8510794,4818,66.7944346477104
2025-03-12,153.50241088867188,155.8647252444148,151.67041560365354,151.76682789025247,12855790,11127,69.39043505147609
2025-03-13,152.3068084716797,155.52727036652308,152.0657556703406,153.75312527971425,9241718,16329,75.18688372776344
2025-03-17,150.9761962890625,153.5024250057774,150.81228214534468,152.23931064741996,9745451,10305,52.86752367963548
2025-03-18,150.9761962890625,150.9761962890625,150.9761962890625,150.9761962890625,0,3613,68.55641456314329
2025-03-19,160.02049255371094,160.6568607454834,156.80001605808584,157.16642101145098,11002564,4921,74.85869100187706
2025-03-20,162.43101501464844,163.31808749736078,158.7573582149223,161.09076211940888,10268944,11448,69.9868476168258
2025-03-21,168.78517150878906,170.98357184180514,162.37315827691285,162.4213717788824,33864565,16685,54.46462037082382
2025-03-24,174.7921905517578,179.72894677513503,171.82241853841558,172.36237441126067,33972530,4326,77.24662388748993
2025-03-25,171.34033203125,176.74955760120383,170.66538711514167,176.450654474977,15135251,3243,64.19817516171406
2025-03-26,167.8402557373047,173.07591565002772,167.21350961067597,170.66538757690753,15788440,14217,63.34662560470869
2025-03-27,175.0621795654297,175.72748763395984,166.03716232806667,166.71210721183095,23986738,16107,51.93530165942199
2025-03-28,176.4892120361328,178.33085896399768,174.33902517406233,175.47680204364048,22871476,3881,69.29391568071084
2025-04-01,179.65182495117188,180.25926795893844,173.23981210379162,175.09109570938804,16373953,10689,65.42350766972521
2025-04-02,177.4727020263672,180.21105816303935,176.54706756089513,177.46306521143117,13488498,5411,62.25749570642172
2025-04-03,177.05810546875,178.8611756853866,174.1076215823646,175.54428683886087,10999215,16232,63.548677356881484
2025-04-04,170.28933715820312,178.28264137009816,168.73695656925815,176.6434853059644,12870074,6162,53.89534520406011
2025-04-07,162.98062133789062,165.55506352974038,153.89775341110848,154.0809558969379,14675014,15277,51.533332644584576
2025-04-08,166.3939208984375,171.07997284161294,163.61698815045725,168.1777026520184,11262619,11407,63.171172459380585
2025-04-09,162.8166961669922,167.35813717909886,161.4282297502285,166.61569047044432,8093175,12769,58.80044499453305
2025-04-11,165.56471252441406,167.16529194345497,163.25059680423388,166.8278268492401,11757223,12413,56.4556230572926
2025-04-15,172.58416748046875,174.2908107063432,168.6212588715362,170.36647878440735,15842566,11528,68.96996606846844
2025-04-16,178.0897979736328,178.37906426362628,170.0000669449956,171.62958615635392,20404245,4479,62.04778143478909
2025-04-17,180.2978515625,181.9466444203198,177.23165239831155,178.08979974914106,19477011,13469,53.13023125425465
2025-04-21,188.32972717285156,189.9495948280738,181.84057559903678,183.68222240988862,31364829,14577,51.93617242236626
2025-04-22,186.3241729736328,189.66033540396393,185.8902661742144,189.09145434108882,15312211,12768,78.60983085905089
2025-04-23,186.57485961914062,187.82833707074874,183.10369355510198,187.33657996260467,8545702,17711,62.3202248857588
2025-04-24,186.3241729736328,187.3269461232314,185.03211881595865,185.33103663922546,12332917,12175,70.7644227354891
2025-04-25,180.05679321289062,187.70298047540064,178.26335990764107,186.0927496404085,9791154,11001,48.1748794892196
2025-04-28,182.54446411132812,184.26075880135056,179.18899867701248,179.33363917881792,8332481,4671,45.10781753220685
2025-04-29,182.81443786621094,186.27595232468045,182.1394782986567,182.59265871106854,6147630,4376,47.86227297269544
2025-04-30,182.32269287109375,185.41781730676587,180.70282511190877,182.380543189251,11049144,11729,47.29791819170904
2025-05-02,181.67666625976562,185.70707658707698,181.0113582007273,183.20012166863873,6381498,10823,75.12938584684522
2025-05-05,184.34754943847656,186.18919643901094,180.5678431409684,182.75659206391964,11170518,11171,74.81547765472122
2025-05-06,179.73861694335938,185.2442547671451,178.27301177028434,185.12855412887714,6179703,6494,50.51178711737885
2025-05-07,182.45767211914062,183.48938511356718,176.45064076352168,176.45064076352168,7734600,17586,53.86976564910026
2025-05-08,177.67518615722656,184.53072776862382,175.94924002346642,181.77308339313097,10327093,7096,50.1019138809986
2025-05-09,175.1007537841797,176.3542165309227,172.20812028364386,172.36238288869106,13961118,5355,47.61084522544029
2025-05-12,181.078857421875,182.36126002050545,179.38183637697713,180.6353138180418,12160088,17006,53.232413251878924
2025-05-13,177.25094604492188,182.73731010786776,176.5470759909251,181.97557502340823,18769044,16362,48.84703593595569
2025-05-14,179.27577209472656,181.11741892265664,176.4602773016638,178.37906278713328,13578551,15203,56.40383402418059
2025-05-15,178.39834594726562,179.8253742885534,176.30600957763522,179.8253742885534,14364503,11009,61.7176665051443
2025-05-16,179.61325073242188,180.78958950515096,177.78125544384747,178.330848145342,17089599,15564,50.06092937424328
2025-05-19,182.69873046875,184.116122081932,179.63254597505508,180.68353263136976,14465387,15247,52.69800546941414
2025-05-20,184.26075744628906,187.05696390829397,182.13948113696716,183.57616105324524,21788836,4296,54.81076523485707
2025-05-21,183.8172149658203,184.6464371519819,180.78959251173163,184.55001015089778,10013046,3402,49.474757979403016
2025-05-22,185.7167205810547,186.09276236208683,182.43840837270747,182.95907594925376,10157103,3378,62.4019966956603
2025-05-23,184.43431091308594,187.04732965018155,183.26762363970536,186.0059798239236,9709796,3547,58.43034386427041
2025-05-26,186.2373809814453,187.69334925943096,185.08998205162246,185.12854402470856,7364228,15589,45.070334313817725
2025-05-27,187.03768920898438,187.34624386291836,183.7883020904815,186.09276632852902,9676557,14191,54.38621056810503
2025-05-28,187.38479614257812,190.21957934996146,186.19882051736292,187.05696787425765,11799541,13117,63.63265388610246
2025-05-29,184.88748168945312,187.60656410155542,184.02933438380904,186.81590392350216,15154707,5969,76.64388614829588
2025-05-30,183.0072784423828,186.0927511668592,182.19734461083797,185.12854002091692,26351115,17741,68.15983935957867
2025-06-02,184.8489227294922,185.36959026758157,181.5705960505894,183.00727593492888,8101618,4899,52.364254104368136
2025-06-03,185.04176330566406,187.89582003936988,184.4246687649146,184.8874859923031,10598180,5113,49.87368334695914
2025-06-04,182.7373046875,186.0927554327431,179.63254354937854,185.03211726281535,17603834,9663,64.0891394329579
2025-06-05,183.7979278564453,185.9674029811444,182.71801605799078,183.86542970019613,7467344,12813,63.51425795898223
2025-06-06,184.3089599609375,185.0128447108531,182.93014504469048,183.79792921591078,6637216,3283,64.6896169507832
2025-06-09,186.70985412597656,187.8283426367218,184.5403789498374,184.64644276917866,7485555,12721,64.55898382085597
2025-06-10,188.66720581054688,190.43171409144935,185.85171084114864,188.0211860649753,11402867,14717,75.72525178993124
2025-06-11,192.92901611328125,193.42077324302818,189.2746621268142,189.95924384196277,24303718,8705,59.49689416632944
2025-06-12,185.30209350585938,195.532374493087,184.89712658453425,195.1563327295212,27331751,6194,60.313741759417525
2025-06-13,184.49215698242188,185.6395705991844,178.54297598235465,183.20011757896427,15290087,15207,48.30747764924629
2025-06-16,184.77178955078125,185.75527434218196,181.7538039078042,185.61064855306265,7728599,12348,51.62693353513061
2025-06-17,183.65330505371094,185.61065257659396,182.04307414493348,184.7717935561284,8847687,15924,49.29034389817019
2025-06-18,179.07330322265625,183.5858045257015,178.57190928475285,181.85987297074064,11903224,3094,62.95317735385561
2025-06-19,173.95333862304688,179.78681907407537,173.07590293783065,178.8611698883988,18702293,12197,69.631810723799
2025-06-20,175.341796875,176.0842288392551,172.99875621859482,173.7026262118953,18520686,6321,75.90969426474577
2025-06-23,178.1476593017578,178.53335261648996,173.41339340407222,173.55801920166203,11308631,17888,62.15473776226882
2025-06-24,178.85153198242188,181.16563286345564,178.48512703639193,179.4011246887722,7404157,4434,59.19582518607618
2025-06-25,177.39556884765625,180.6835325038155,177.03881541897624,180.6835325038155,8112854,12014,62.58716602724414
2025-06-26,180.10499572753906,180.50032583336207,177.26057575400478,178.01265928022212,12858332,7352,56.68824005803648
2025-06-27,184.18360900878906,184.75249002849455,180.4135400651318,180.98242108483728,13050123,8674,63.78768229975181
2025-06-30,184.0100555419922,185.5624361090558,182.4769633178192,185.12854402653258,9866638,15079,72.08111476130867
2025-07-01,182.83372497558594,184.47289580313182,181.27170752307728,184.2607681598658,8969214,13895,71.7424603356231
2025-07-02,183.9329071044922,185.11889736975027,181.4163155044161,183.64365553998437,13834006,9103,47.51885538971409
2025-07-03,185.84207153320312,186.59415509036086,183.93292276869937,184.46324186995042,14497014,4586,69.42702483474537
2025-07-04,186.4880828857422,188.20437756339473,184.7910618380357,185.84206317787923,11748872,5394,56.8366793214281
2025-07-07,186.2373809814453,188.3104438176722,185.82277724181682,186.5748607749016,10135456,5830,57.714386781090916
2025-07-08,185.7360076904297,188.45507561689442,185.3021008813799,186.1891881302897,10024889,10689,49.630926746404526
2025-07-09,178.40798950195312,185.80348732302485,178.08979805408603,185.80348732302485,27312219,6285,63.84257041577421
2025-07-10,179.02508544921875,180.30748806569062,177.51128156900114,180.30748806569062,13016217,12730,77.40949679223078
2025-07-11,175.38037109375,178.66833475144753,175.05254282331256,178.66833475144753,13793909,4048,60.604817725079826
2025-07-14,177.06773376464844,177.80052893697626,173.66406960586218,175.38036426389684,15937447,6934,60.24040733983519
2025-07-15,178.09945678710938,178.36943474542906,175.7949926132907,175.7949926132907,7678880,7028,72.0590088135048
2025-07-16,177.73304748535156,178.5526181557103,176.83632344284743,178.0801640965314,8484342,15494,72.34368227662982
2025-07-17,178.65869140625,179.43971485716258,177.51129240716705,178.14766063401683,7030843,11816,64.005154910384
2025-07-18,178.600830078125,179.38183876820182,176.54707030010314,178.3790656295995,7725761,15650,50.07892335087731
2025-07-21,177.53054809570312,178.39834693811102,176.8170412774434,177.99338003006503,5533832,17566,47.30147192381458
2025-07-22,177.44378662109375,178.23444687013776,176.7013398747687,177.60770076018196,6991724,6184,48.2391135310927
2025-07-23,179.7193145751953,179.92180538905868,177.37628855693134,177.41485052911298,7798034,13314,74.60373867907717
2025-07-24,181.24276733398438,182.12983980831004,179.90251445141598,179.90251445141598,11684679,14544,54.12342671351058
2025-07-25,176.9423828125,181.10778204194764,176.53741589508613,180.4328371795912,10429865,7415,64.7737858645247
2025-07-28,174.16546630859375,178.97687057450787,173.1241164916472,176.94238444108993,11229894,17824,58.58951612139303
2025-07-29,176.43136596679688,178.70690504805685,171.82243748476367,172.88307571815864,13852750,14591,59.24990816152668
2025-07-30,174.1076202392578,176.518148194859,173.46158579998504,176.44100953475638,8784760,17666,70.76009432770988
2025-07-31,171.32102966308594,172.50701996790974,171.01248974641976,171.62958429244662,7939221,17918,56.27077120245785
2025-08-01,168.14878845214844,171.3210367864286,167.62812088432162,171.31139997112086,12964065,14440,67.48578237741413
2025-08-04,169.26402282714844,170.0689354791611,167.28569417220714,168.44941778085195,9781181,10821,53.63349430003218
2025-08-05,166.16075134277344,169.61313771931944,165.54009777842302,169.26401916452556,14688223,8252,55.85766669477312
2025-08-06,164.77398681640625,166.80080702477238,164.20182480883756,166.6941314981453,16492438,14272,59.71496105493619
2025-08-07,164.36668395996094,164.71580251934074,162.19438905742567,164.53154344667522,13072513,12529,64.68483245787968
2025-08-08,165.9764862060547,166.80079839621786,163.2126446460413,164.3084770382887,15908370,16329,62.556048015894376
2025-08-11,167.78997802734375,167.99362188795772,164.95824518426923,165.9764940824358,5576496,13240,67.65714770097154
2025-08-12,169.03128051757812,169.94286866203367,167.26628818724114,167.77057382413,7141744,15582,71.10133435528917
2025-08-13,168.11968994140625,169.47736494699092,167.09173389467105,168.93429494475706,6019021,6692,46.632682233623115
2025-08-14,168.67245483398438,169.55495099945037,167.6444987720341,167.82875783927952,8864011,7386,59.32425776806022
2025-08-18,168.41062927246094,169.23492669280853,167.14992256172843,168.74034824059999,6363956,11477,70.12382202118818
2025-08-19,169.6034393310547,170.97082152213318,168.15847359748085,168.15847359748085,6732317,15733,54.64617073669673
2025-08-20,172.73580932617188,173.9674240907406,169.60344944849803,169.8652920703462,10610680,12461,55.88854406625767
2025-08-21,172.39639282226562,173.47284046054006,171.76603206973485,173.34676535052427,7252426,9029,46.221841160774595
2025-08-22,171.4654083251953,172.56125556978733,170.7283868318471,172.2412289904583,6424964,3950,46.20876156087053
2025-08-25,170.58290100097656,171.5138886980441,169.76829601450964,171.47510432620885,8324913,16902,68.51308674001851
2025-08-26,166.45167541503906,170.55380707637138,165.83102188992603,169.060364618225,9987523,3341,72.56274023682094
2025-08-28,166.0443878173828,167.18871184542985,164.43456250559422,166.45169034249525,8495627,5068,48.924816657834874
2025-08-29,167.83847045898438,168.74035144145165,164.9194468630432,165.03581478399423,8823629,14239,53.66143031950468
2025-09-01,170.6217041015625,170.8350551454406,167.63480428481674,167.8869397014237,6770507,16277,45.41361971235195
2025-09-02,173.8704376220703,174.995376837458,170.40835883369664,170.72838541036114,8668666,12953,49.943047261712394
2025-09-03,172.6388397216797,175.8681827089121,171.59148403953284,174.93719494782093,6209706,14406,77.0183897626835
2025-09-04,169.38040161132812,173.34676602089823,168.74034846230094,173.19159893067078,9769773,10943,52.69023340151519
2025-09-05,168.7112579345703,169.92347309200238,167.3923672513823,169.39009546322262,7598903,9834,66.82682340045915
2025-09-08,167.15960693359375,169.2252261774506,166.8298879812783,168.71124816426843,5686270,4936,48.011500401227785
2025-09-09,167.73179626464844,168.39123421867373,166.5098738947626,167.1790190406432,8186535,10891,70.60811490055856
2025-09-10,168.6433563232422,169.49676047635953,167.86755050864176,168.15847029034322,7050241,8934,59.37957888089475
2025-09-11,173.59889221191406,174.34562084606614,170.00104613359002,170.58290049467624,13059152,11462,54.37956902023098
2025-09-12,173.15281677246094,178.2441204550036,172.71642227346695,175.0438694664671,19079692,8379,60.03829913800462
2025-09-15,174.4910888671875,175.11175722400804,172.2897168289755,173.5892079065853,4509947,13767,47.457387488293534
2025-09-16,176.7312774658203,176.98341289131523,173.83165348366165,175.2378201060282,6383724,10287,57.302011367155885
2025-09-17,176.11062622070312,177.4586089009341,175.2378224177714,176.73127979726527,4834786,15219,60.66629194632484
2025-09-18,175.48025512695312,177.4488912679104,174.80141762964848,176.4985187716839,5872596,10185,76.2017465183579
2025-09-19,176.1591033935547,176.54702112826342,175.04387135105765,175.62574055434652,6567199,16039,53.47735223685542
2025-09-22,175.48025512695312,176.84763731280452,174.4135147162023,176.1106158582377,5333007,12403,67.65092873372365
2025-09-23,173.25949096679688,176.2075917084379,172.76489771386377,175.62573731343483,6368313,15295,76.63203081389997
2025-09-24,170.59262084960938,173.5892132134466,170.35017781439507,173.29827861167973,10054492,7964,78.0656563317655
2025-09-25,169.14764404296875,172.2897109023213,168.74034154597726,170.67988570167816,8858607,12832,78.21158802663385
2025-09-26,166.82020568847656,169.2737279897864,166.12196857215022,169.0409773518282,8760356,7132,78.75644481639051
2025-09-29,171.15509033203125,171.74665192938957,166.7038249628701,167.55722918136698,12460294,15104,64.64810529931036
2025-09-30,170.96112060546875,171.95999950328982,170.19500714122435,171.16477926168716,9899684,9520,61.969366591676234
2025-10-01,169.28341674804688,171.15508461058357,168.49790370843826,170.38895635889386,6383909,10427,57.450950244140685
2025-10-03,171.998779296875,172.37698982188186,169.20583092910263,169.43858155893292,7695671,17875,48.19776968646967
2025-10-06,171.28114318847656,172.77460050580478,170.02045129929937,170.02045129929937,5015866,3195,50.44344199453592
2025-10-07,174.4619903564453,174.79172410804924,171.2035555928616,171.27144674092776,8793661,7635,52.277320505976675
2025-10-08,172.15394592285156,175.81968324697166,171.77573539885657,175.36388917990746,9739699,7846,51.6908384465387
2025-10-09,173.0558319091797,173.7637614136899,172.15395094011782,172.15395094011782,5696104,12599,69.14717143640536
2025-10-10,173.79286193847656,175.52874746045177,172.91036578933577,172.91036578933577,12004977,7527,75.16238112940833
2025-10-13,174.87899780273438,175.23780873063686,171.05809350895538,173.39524773094368,11256078,16820,60.418160538263336
2025-10-14,170.0689239501953,177.95317565018436,168.22636292787726,174.87899995008033,13393866,16753,55.95403039131193
2025-10-15,172.0084686279297,173.09462341691662,170.3113674925319,170.75746915904313,10456218,3116,70.11654039684262
2025-10-16,173.75405883789062,175.33479203657714,171.74663836121297,172.00846616411832,11918586,4230,65.10220077113422
2025-10-17,172.23153686523438,173.79287059240323,170.69929511827283,173.79287059240323,10653158,14634,55.12405199429124
2025-10-20,173.0267333984375,174.3165320454671,172.60003131400092,173.7831544399214,5945439,12714,59.10641368284649
2025-10-21,172.99765014648438,173.58921173928556,172.5709480405231,173.4146598582369,550754,9744,49.97799239783891
2025-10-23,174.63656616210938,175.88756569327197,173.0073412962983,173.48253496498242,6890426,17747,61.63163043640286
2025-10-24,175.54815673828125,176.8864322277163,174.1710820766605,174.4620018803104,14617812,17872,55.62699435771804
2025-10-27,174.7238311767578,176.01362979892394,174.07408566890825,175.5772353291799,7633630,8270,69.60314482985402
2025-10-28,173.06553649902344,175.48025957185382,172.0957643932961,174.72383851319032,4486173,10892,78.94661194243287
2025-10-29,179.0587158203125,180.80430851954247,173.346758875018,173.5892018944236,16216434,17429,49.89757770978084
2025-10-30,177.55557250976562,180.47459603855103,176.80885863744444,180.37761290829076,10890893,13514,61.60837575759162
2025-10-31,177.2355499267578,180.28063383637243,175.81969089739314,177.8465111065451,12162645,4672,72.58905420559431
2025-11-03,178.13743591308594,178.86476497378118,172.46426332064402,176.9252208119272,11050075,14792,55.32169478604155
2025-11-04,176.1300048828125,178.9132608850402,175.2863078871189,178.41866764131802,11320462,16391,73.03454956069666
2025-11-06,173.56980895996094,177.27434554124258,173.24978238637786,177.27434554124258,8609714,15225,69.24063718114346
2025-11-07,175.0147705078125,175.9457434288715,171.80482725308696,172.9103668453119,5863620,8077,54.79418140375644
2025-11-10,176.0330352783203,176.74096476616907,174.17107462685982,174.17107462685982,6801002,14767,45.64121350359701
2025-11-11,176.8282470703125,177.16767323567169,174.326233193016,175.91665889824924,4352265,8460,63.13365483088682
2025-11-12,176.93492126464844,177.895000995613,176.2560837365894,176.9931052245466,9245014,12194,52.361413482066055
2025-11-13,178.1180419921875,179.76665162267852,176.67307621854022,176.93491883203026,8521444,9981,58.19341596810139
2025-11-14,177.86590576171875,178.4671597330646,176.5664146892722,177.46829564629095,5496277,17092,51.85552607226067
2025-11-17,179.6987762451172,180.01880281944278,177.03190292328546,177.37131428571695,6749568,9677,45.982499961668154
2025-11-18,178.7386932373047,180.85280410830168,177.47798654882553,180.85280410830168,6258414,14286,72.98781245717191
2025-11-19,178.48655700683594,179.29146962122292,177.75922793573844,178.82596836148608,3032584,8204,61.813717186257406
2025-11-20,178.7386932373047,179.57269783452497,177.48769374024826,178.6126181291924,6809330,4268,61.87069652004767
2025-11-21,177.45860290527344,179.19448846312602,176.1978962086656,178.43806740467093,8936258,9607,64.24429105928644
2025-11-24,175.61602783203125,178.0598576923157,174.56867217762363,176.60519952745202,13399523,17795,73.2415801425064
2025-11-25,174.77232360839844,176.64397660034575,174.07408653431773,175.61602057393455,5775748,12944,53.52447686606976
2025-11-26,179.56300354003906,179.97030604168927,174.55897600968336,174.6559591375967,7831961,14341,68.01459296591763
2025-11-27,178.24411010742188,181.22130267898712,177.58465740257432,179.60178509159698,3082841,9454,48.69631879329358
2025-11-28,170.7671661376953,171.0677931221441,166.6068503249963,167.01415283272186,60244650,10719,74.41086278135205
2025-12-01,170.10772705078125,172.06665603207912,169.55494985278332,171.64966113327887,14586098,15700,69.54504362675948
2025-12-02,169.71011352539062,171.31993872510003,169.22522748674666,169.91377217254202,6840703,13580,45.703703391211754
2025-12-03,165.1230926513672,170.1949963773035,164.5703154748404,169.75860191020448,19784622,7728,51.06807420789817
2025-12-04,165.4722137451172,166.67472164661598,164.6188095846619,165.82133228370822,7624463,3747,76.85481318708179
2025-12-05,164.84185791015625,166.41289877921096,164.40546342335415,165.83102959844285,5577375,17291,50.69654570616905
2025-12-08,161.76768493652344,165.2685628809097,160.4875934331102,164.84186078058923,10883405,10958,47.50266508928776
2025-12-09,162.81503295898438,163.52296242989553,159.2559712220821,160.41969475170873,12988637,12001,45.94816302714638
2025-12-10,162.9411163330078,164.7642778628463,162.29137078597168,162.90231716144095,6217163,8106,78.7742119168698
2025-12-11,163.84298706054688,165.28795276132408,162.6598639600549,162.94110614491058,4976531,11994,66.06940014023345
2025-12-12,165.5498046875,169.0215758462689,164.18242245042867,164.86125997316148,18497271,17909,74.22957242650463
2025-12-15,164.72549438476562,165.4916078555726,163.65873912409933,165.4916078555726,6675122,5593,67.96661598015999
2025-12-16,163.23204040527344,164.64789932766297,162.36892906536482,164.64789932766297,7581502,11921,46.15431676531746
2025-12-17,163.95938110351562,165.34614814643672,162.9217178217089,163.98847308360848,3369805,11006,75.23771899624754
2025-12-18,162.48532104492188,164.36668131814403,161.8549602908005,163.5035847265424,3743055,14206,46.927656838376805
2025-12-19,164.62850952148438,165.09401079263313,162.54350538557614,162.54350538557614,8766941,14038,46.05144444440007
2025-12-22,166.52926635742188,167.02384480178463,164.18241964885,164.8709495538914,4118436,13359,52.30638885120389
2025-12-23,166.83958435058594,167.47963748330753,165.9571029921886,166.32560632515586,3548499,10278,50.60937419707139
2025-12-24,165.83102416992188,168.55608132229955,165.578888758535,167.77056831226014,4467016,17128,71.59736012257603
2025-12-26,165.85043334960938,166.78140630516478,165.22977978005633,165.82134136959505,1942413,3122,55.8401209251775
2025-12-29,165.2685546875,166.31591030066764,164.78366865163798,165.83102426480562,2857519,16658,47.96285566552523
2025-12-30,165.4722137451172,165.83102467733246,164.62850197828615,165.20067874816277,4526325,3003,72.2203602151536
2025-12-31,166.95596313476562,167.47963354168286,165.54008940154168,165.54008940154168,6139095,10285,56.238292515163764
2026-01-01,166.5777587890625,167.28568828312112,165.8698144974559,166.80080223012655,2897460,6678,62.27561747645315
2026-01-02,170.07862854003906,170.74777362873985,166.36439977623627,166.36439977623627,13698712,17574,68.44166145688878
2026-01-05,167.81906127929688,170.58290282672263,167.14022378330884,170.09801678708152,7405173,5580,54.97138169099952
2026-01-06,164.2696990966797,167.77057704778687,163.7460286619026,167.77057704778687,8771407,8770,59.042242115381185
2026-01-07,163.38719177246094,164.99701693605286,162.53380242592624,164.2793802878433,7890426,13473,53.45752279432634
2026-01-08,158.5868377685547,163.32902296811017,158.12135128203198,162.95081242327012,9689093,17881,64.44348139427197
2026-01-09,159.39173889160156,160.41000253019774,158.16983140381467,158.54804192128782,7540855,17516,62.4074908519687
2026-01-12,161.5155487060547,162.04892632879216,157.006099492963,159.03293445936544,8511255,3007,59.05160413702414
2026-01-13,160.2645263671875,163.11565861002958,159.12989482519782,162.32045321030108,7864353,3895,49.95392766064778
2026-01-14,160.17726135253906,161.51555163063145,159.28507276632692,160.00270947150878,12730825,9075,47.67666723954511
2026-01-15,160.17726135253906,160.17726135253906,160.17726135253906,160.17726135253906,0,15859,65.38703732476378
2026-01-16,159.27537536621094,161.22461196419462,158.53833909822967,159.43052765640095,20549276,9033,49.977451723265595
2026-01-19,159.74085998535156,160.65244811833958,158.64501278749816,159.27537352506644,4566527,7780,66.36909936173396
2026-01-20,156.3369598388672,159.6341789140485,155.77449027003325,159.0426173673048,6841149,12455,45.303039700644874
2026-01-21,157.76251220703125,160.26452590687896,154.95987153506863,156.33696088725205,16082935,14977,51.75659377983911
2026-01-22,158.62562561035156,159.64387445234595,157.50068645052338,158.74199352428292,12111105,8447,77.62269016455868
2026-01-23,155.9490509033203,160.05118279219406,155.16353786050917,160.0123984186501,8178368,14857,52.19836243308584
2026-01-27,155.14413452148438,156.52120911097438,153.57310847387072,155.9490471303679,20808770,17736,49.379351907705114
2026-01-28,163.05747985839844,163.571457886196,156.23029080389713,156.23029080389713,11194053,12701,67.7985341425813
2026-01-29,162.32046508789062,166.75231606093772,160.7397317687651,163.06717897942917,15216722,7568,57.2957655718356
2026-01-30,162.23316955566406,163.01869739366188,160.21605659138345,162.2913683121272,15845745,16268,49.65215076145261
2026-02-02,155.541748046875,157.77222685817827,153.03004183474496,157.77222685817827,17376481,7975,54.19921640189129
2026-02-03,157.87890625,161.4573677892411,156.5212163849434,160.40030491787928,32679436,16168,66.7879522916943
2026-02-04,160.41000366210938,160.7882141822513,157.8788979357602,158.74199449698398,15626744,5222,77.16401343222532
2026-02-05,160.17999267578125,161.60000610351562,159.41000366210938,161.52000427246094,13323350,14407,66.10530104955836
2026-02-06,162.99000549316406,163.6199951171875,159.02999877929688,160.0,15057595,7091,56.060322335017034
2026-02-09,163.63999938964844,164.24000549316406,162.5,163.1999969482422,14553493,13554,57.561209617363545
2026-02-10,164.5500030517578,167.1199951171875,163.6999969482422,163.7899932861328,14629394,14774,62.971631924747086
2026-02-11,163.47000122070312,164.63999938964844,161.8000030517578,164.63999938964844,8859790,14980,52.5524000442247
2026-02-12,163.72000122070312,164.5,162.0399932861328,163.0,13190080,6336,57.154357342639926
2026-02-13,161.69000244140625,163.3300018310547,161.1199951171875,162.39999389648438,8523271,14984,47.27917134308166
2026-02-16,164.82000732421875,165.10000610351562,161.3000030517578,161.67999267578125,10223455,10012,71.24382635007662
2026-02-17,165.75,165.89999389648438,163.86000061035156,164.1999969482422,8756094,15181,48.78626077319475
2026-02-18,167.30999755859375,169.2899932861328,165.58999633789062,166.5,11790520,15834,75.3213138788485
2026-02-19,166.8800048828125,169.36000061035156,165.85000610351562,167.30999755859375,17067659,11480,70.96956624571926
2026-02-20,168.47000122070312,170.0,165.8000030517578,166.00999450683594,14668133,16842,77.53339742273329
2026-02-23,167.1300048828125,169.3000030517578,166.47000122070312,168.8000030517578,7494561,12229,74.42408304296961
2026-02-24,167.86000061035156,168.58999633789062,165.60000610351562,165.60000610351562,8809408,5551,59.5870764297674
2026-02-25,170.0,170.30999755859375,167.75,168.0,10027465,7304,74.85882627566329
2026-02-26,169.9600067138672,171.1999969482422,168.41000366210938,170.5,13026917,4547,50.53013535585677
2026-02-27,169.52999877929688,171.4600067138672,167.6699981689453,169.4499969482422,17164115,6962,63.11571987421276
2026-03-02,165.07000732421875,167.9600067138672,163.5,165.5,17268287,8037,63.54536139439843
2026-03-04,154.61000061035156,160.52999877929688,154.0,160.0,30080625,15224,61.25452732977783
2026-03-05,156.72999572753906,157.86000061035156,154.41000366210938,155.49000549316406,18400202,11708,73.20239231586432
2026-03-06,155.7100067138672,157.8000030517578,153.64999389648438,155.89999389648438,14633439,10225,64.61533894305744
2026-03-09,148.97999572753906,152.0,146.41000366210938,152.0,20704576,17518,67.97807261358433
2026-03-10,150.2899932861328,152.5,149.25,151.0,20823909,4049,58.96946906589139
2026-03-11,147.97000122070312,154.89999389648438,147.32000732421875,151.38999938964844,23526066,6423,74.94082382823582
2026-03-12,152.35000610351562,153.92999267578125,144.6699981689453,147.0,16072499,5219,60.15634986728584
2026-03-13,147.77999877929688,153.2899932861328,147.4499969482422,152.5,11388686,5488,54.33746668372618
2026-03-16,146.05999755859375,150.2899932861328,144.5,149.0,10325467,4549,56.57307083612142
2026-03-17,147.7100067138672,148.3800048828125,145.5500030517578,147.0,13154638,3408,74.32913287003652
2026-03-18,150.9499969482422,151.6300048828125,147.55999755859375,148.49000549316406,10219424,7490,58.21515716317185
2026-03-19,144.27000427246094,148.97000122070312,143.8000030517578,148.97000122070312,10509747,14068,51.67447990424446
2026-03-20,142.8699951171875,147.35000610351562,142.44000244140625,146.02000427246094,21738634,10111,56.93464007157842
2026-03-23,135.39999389648438,142.10000610351562,134.36000061035156,141.22999572753906,16552069,13884,62.95615259851283
2026-03-24,137.6699981689453,139.8800048828125,134.60000610351562,139.0,22824139,6828,61.4583823534351
2026-03-25,139.1999969482422,140.85000610351562,138.3000030517578,139.8000030517578,17031700,4626,46.25775173474543
2026-03-27,137.19000244140625,139.72000122070312,136.55999755859375,139.0,18663640,7482,76.93835044870188
2026-03-30,137.7100067138672,140.25,135.0,135.88999938964844,21810845,14910,59.8184480491172
2026-04-01,140.6699981689453,142.72999572753906,139.41000366210938,141.39999389648438,15145719,16297,45.01043051467225
2026-04-02,141.72999572753906,142.0,137.5,138.9499969482422,15268069,3191,71.32180796936669
2026-04-06,143.13999938964844,143.6300048828125,140.1699981689453,141.72999572753906,11466136,8178,69.94194728714012
2026-04-07,145.3800048828125,145.77999877929688,141.00999450683594,143.0,15413074,9405,71.70390589794948
2026-04-08,153.3000030517578,156.5,151.27999877929688,152.7100067138672,21095009,4403,69.46613216115217
2026-04-09,152.22000122070312,154.6999969482422,151.24000549316406,153.3000030517578,10066115,14222,47.00090786766027
2026-04-10,154.0800018310547,154.97999572753906,151.91000366210938,153.49000549316406,14099404,4952,63.58354613155634
2026-04-13,153.7100067138672,154.3000030517578,148.5,148.5,15551444,14755,67.78262969548099
2026-04-15,156.1199951171875,157.10000610351562,155.16000366210938,157.0,13040725,16551,66.98281539088478
2026-04-16,158.9199981689453,159.2899932861328,156.6699981689453,157.9600067138672,9582628,9100,72.27342587327615
2026-04-17,157.82000732421875,160.0,157.25,160.0,13015627,7199,46.563248898727494
2026-04-20,157.6999969482422,158.89999389648438,156.02000427246094,157.9199981689453,5864225,7326,72.36525755496575
2026-04-21,160.77000427246094,162.5,157.6999969482422,157.6999969482422,13146924,10981,61.72819418585087
2026-04-22,166.1199951171875,166.8000030517578,160.64999389648438,160.89999389648438,14769257,9978,61.010433560650505
2026-04-23,164.9600067138672,167.88999938964844,164.02000427246094,166.0,13410932,10358,48.04078506222708
2026-04-24,165.61000061035156,166.3000030517578,163.35000610351562,165.9600067138672,9362530,7766,48.16995009333646
2026-04-27,165.74000549316406,167.77999877929688,164.89999389648438,166.8000030517578,18132384,13884,55.47896839161491
2026-04-28,165.67999267578125,167.22000122070312,165.05999755859375,165.88999938964844,6106987,3602,74.6710406306246
2026-04-29,165.66000366210938,167.9600067138672,164.57000732421875,166.5399932861328,8164580,10961,64.6449739954443
2026-04-30,163.22999572753906,164.67999267578125,161.30999755859375,164.67999267578125,7518096,6778,59.941250350156054
2026-05-01,163.22999572753906,163.22999572753906,163.22999572753906,163.22999572753906,0,9200,59.715729480069214
2026-05-04,164.47999572753906,167.49000549316406,164.13999938964844,165.3000030517578,8799974,5163,47.41948810036591
2026-05-05,163.6999969482422,165.8000030517578,162.5,164.8000030517578,14543449,10787,69.765394348679
2026-05-06,165.67999267578125,165.9499969482422,163.75,164.24000549316406,4397644,12204,53.46981001175734
2026-05-07,167.25999450683594,167.85000610351562,165.89999389648438,165.89999389648438,5313543,11480,51.1385000782216
2026-05-08,166.49000549316406,168.08999633789062,165.89999389648438,167.39999389648438,3887936,6457,48.50930460890032
2026-05-11,162.50999450683594,165.60000610351562,162.2100067138672,165.60000610351562,3743808,12584,46.244378033631364
2026-05-12,160.35000610351562,162.7899932861328,159.6999969482422,161.00999450683594,9681167,10987,66.85833243768217
2026-05-13,163.30999755859375,164.80999755859375,159.10000610351562,160.0,8542104,17597,53.774382777314955
2026-05-14,162.61000061035156,165.89999389648438,159.39999389648438,164.25,7848939,14430,59.789669406574276
2026-05-15,162.1300048828125,163.39999389648438,161.05999755859375,162.6699981689453,7062872,3366,48.43097370999228
2026-05-18,160.22000122070312,161.0,157.63999938964844,160.64999389648438,13238998,9079,67.19432673013132
2026-05-19,156.1199951171875,161.3000030517578,155.17999267578125,160.32000732421875,17108046,12528,78.23094583540427
2026-05-20,155.63999938964844,156.0,151.7100067138672,155.83999633789062,11539253,16541,71.11108295109463
2026-05-21,155.89999389648438,157.5399932861328,154.89999389648438,156.5,11448733,15033,67.72483001019845
2026-05-22,160.77000427246094,162.6999969482422,151.41000366210938,153.0,19157978,15898,55.23247573734781
2026-05-25,168.6699981689453,170.6999969482422,162.6999969482422,162.9199981689453,36426464,15733,49.675705271797824
2026-05-26,167.6300048828125,169.82000732421875,166.3000030517578,167.8000030517578,16425185,10525,59.8327790752909
2026-05-27,169.0,169.64999389648438,167.2100067138672,167.2100067138672,5523561,6482,58.7029994448127
2026-05-28,169.0,169.0,169.0,169.0,0,4168,72.73790319231858
2026-05-29,164.50999450683594,170.0,163.39999389648438,170.0,26119462,16601,65.85337609582815
2026-06-01,163.74000549316406,166.0800018310547,163.24000549316406,164.50999450683594,7915622,5063,46.05665238901592
2026-06-02,164.8300018310547,165.47000122070312,161.17999267578125,162.99000549316406,9458223,7500,55.21129098548762
2026-06-03,163.86000061035156,164.82000732421875,162.72000122070312,164.0,4684045,4464,50.098279150323336
2026-06-04,167.5500030517578,168.14999389648438,161.5399932861328,161.5399932861328,11510123,4233,45.50410838895413
2026-06-05,167.39999389648438,170.1300048828125,166.60000610351562,168.0,8047086,12276,60.233005154793574
2026-06-08,168.60000610351562,170.14999389648438,165.10000610351562,166.02000427246094,8999902,11860,52.14626237779626
2026-06-09,167.58999633789062,169.13999938964844,165.55999755859375,169.0,5976753,17412,70.66371240959316
2026-06-10,168.00999450683594,169.8000030517578,166.25,166.6199951171875,11363717,13615,61.56830805464094
2026-06-11,166.08999633789062,167.89999389648438,165.00999450683594,167.89999389648438,10176344,7600,64.20862760110245
2026-06-12,170.5,171.1999969482422,166.6699981689453,167.00999450683594,7288989,11286,74.12564443942269
2026-06-15,175.41000366210938,177.2100067138672,172.11000061035156,173.00999450683594,18354141,8660,59.10118528526138
2026-06-16,176.08999633789062,178.1999969482422,175.0,176.4499969482422,8941189,6782,51.46840466693398
2026-06-17,175.02999877929688,177.10000610351562,174.50999450683594,176.32000732421875,4400943,7060,76.85974107815969
2026-06-18,176.44000244140625,177.0,173.50999450683594,175.77999877929688,6440199,17863,73.31412321343002
2026-06-19,173.89999389648438,176.4199981689453,173.10000610351562,176.0,11093745,10147,70.14314724064548
2026-06-22,177.3000030517578,178.47000122070312,174.14999389648438,174.14999389648438,7613714,4378,77.82316423881035
2026-06-23,173.83999633789062,177.52000427246094,173.25,177.3000030517578,7418809,9364,45.89917667832448
2026-06-24,174.92999267578125,175.69000244140625,173.61000061035156,174.25,6006860,16031,62.86866258537206
2026-06-25,172.85000610351562,176.49000549316406,172.2899932861328,175.10000610351562,9847241,14392,49.13255160119089
2026-06-26,172.85000610351562,172.85000610351562,172.85000610351562,172.85000610351562,0,9629,78.57628566543006
2026-06-29,172.22000122070312,173.8800048828125,170.00999450683594,172.85000610351562,5931749,7899,48.818527791570666
2026-06-30,173.4600067138672,175.61000061035156,172.2100067138672,172.9499969482422,10139334,17383,77.58909191581273
2026-07-01,174.5,175.0,172.39999389648438,172.8000030517578,4990189,10708,69.53185918225176
2026-07-02,174.2899932861328,175.0,172.91000366210938,174.5,3376923,14664,62.91285597553582
2026-07-03,174.14999389648438,175.88999938964844,173.6999969482422,174.32000732421875,4618256,6646,46.65383907633529
2026-07-06,175.02999877929688,176.42999267578125,173.99000549316406,174.02000427246094,2759355,11784,59.453194903951086
2026-07-07,174.00999450683594,175.55999755859375,173.52000427246094,175.0500030517578,6166046,12362,45.54270621312518
2026-07-08,169.24000549316406,174.77000427246094,167.9600067138672,173.0500030517578,11211397,17465,69.48423165584505
2026-07-09,170.1999969482422,172.2899932861328,168.5399932861328,169.0,10798380,13350,48.836279647849764
2026-07-10,173.72999572753906,174.47000122070312,171.0,171.0,3236963,10043,64.8493758443081
2026-07-13,173.1199951171875,173.39999389648438,170.52999877929688,172.83999633789062,3261762,8883,52.145909289265774
2026-07-14,171.50999450683594,172.89999389648438,170.9499969482422,172.3000030517578,5005945,8579,67.98594610013089
2026-07-15,173.14999389648438,174.9499969482422,170.5,170.80999755859375,5667626,12193,76.97177790548625
2026-07-16,171.7100067138672,175.72999572753906,171.0,172.89999389648438,9023749,11666,63.56126806784023
2026-07-17,171.1999969482422,171.97000122070312,169.47000122070312,171.64999389648438,9642263,11192,55.93702305250708
2026-07-20,173.00999450683594,173.55999755859375,169.6999969482422,171.19000244140625,4986847,12923,47.32673261915848
2026-07-21,173.99000549316406,176.1999969482422,172.52000427246094,172.72000122070312,4648262,10726,50.34560264611553
2026-07-22,173.00999450683594,174.8800048828125,172.10000610351562,174.8000030517578,9198076,10491,53.20653991148141
2026-07-23,171.99000549316406,173.1199951171875,170.94000244140625,172.75,4749811,12508,53.31586903077523
2026-07-24,170.02000427246094,171.17999267578125,167.27000427246094,171.13999938964844,5814293,4970,78.67283028619269
2026-07-27,174.22999572753906,174.88999938964844,170.11000061035156,170.11000061035156,10641180,10697,74.21171071038549
2026-07-28,175.14999389648438,176.99000549316406,172.6300048828125,173.8699951171875,17050693,5134,57.079620884148085
2026-07-29,175.1199951171875,176.0,173.5,175.5,8274629,6298,69.76931310705041
2026-07-30,173.63999938964844,175.85000610351562,173.0,175.1199951171875,5628241,7841,54.53687407418985
2026-07-31,181.44000244140625,182.2100067138672,173.5,174.4499969482422,38893443,5766,56.72026710631143
2026-08-03,174.3000030517578,182.3800048828125,172.14999389648438,182.10000610351562,37607447,4226,46.487664243622426
2026-08-04,175.0,177.22000122070312,173.16000366210938,174.25,18131149,14406,54.59700459819237
2026-08-05,176.9600067138672,177.25,173.25,176.0,13429251,17072,65.6420429188651
2026-08-06,176.39999389648438,177.6999969482422,174.8300018310547,176.22000122070312,14800641,17161,50.88025836959087
2026-08-07,173.6300048828125,176.27999877929688,171.88999938964844,175.80999755859375,7005144,10279,58.49025099520631
2026-08-10,172.5,173.49000549316406,170.02000427246094,173.49000549316406,9148494,10158,53.720771963426444
2026-08-11,175.33999633789062,175.33999633789062,171.11000061035156,172.0,15482707,5543,50.54446453257653
2026-08-12,177.9499969482422,177.9499969482422,173.3000030517578,175.33999633789062,8976408,14675,60.819411150418745
2026-08-13,175.89999389648438,176.3000030517578,174.47999572753906,176.0,8723437,13143,53.752900491146605
2026-08-14,174.89999389648438,175.39999389648438,173.4499969482422,175.39999389648438,4645490,11127,76.6013289261019
