Date,Open,High,Low,Close,Volume,No_of_Trades,Delivery_Pct
2021-08-11,840.0585327148438,841.9777224715566,761.8643301100353,787.3549713351787,523041,3791,77.89093494224451
2021-08-12,882.034423828125,882.034423828125,871.4051436668105,882.034423828125,247729,16489,49.65417097687932
2021-08-13,926.1263427734375,926.1263427734375,893.6479481809578,924.1579552223781,189416,4528,59.727413278586305
2021-08-16,930.0630493164062,972.3833785445602,879.8199727933439,972.3833785445602,285327,11869,54.677533432333945
2021-08-17,893.5494995117188,927.1104812264631,887.3490310395392,920.2211252088567,87432,15543,76.94269200428361
2021-08-18,927.0120849609375,938.1826596073507,886.856933299065,894.5336923388105,139405,4596,61.5790653752562
2021-08-20,905.99951171875,939.9049971917397,897.5846674752529,922.1895103336755,117253,5929,64.69420444864777
2021-08-23,862.9410400390625,933.9998385018653,860.7266041732782,913.3317704212128,158646,7011,76.93182259761528
2021-08-24,891.7286376953125,905.3597556849969,841.4855642641496,856.2484689003627,76976,6862,54.245070939841966
2021-08-25,890.49853515625,909.3950680651957,886.8570060947184,903.4899052855516,44831,8009,71.703921600524
2021-08-26,877.9500122070312,897.5846892995424,871.0114583663322,874.7513825576633,45132,14770,63.65195414472913
2021-08-27,898.3228149414062,910.3791879712965,877.9991906628532,910.3791879712965,46668,12462,64.66486822897309
2021-08-30,943.2020263671875,943.2020263671875,915.3001584678663,916.3335498585046,68302,8490,61.03924867172601
2021-08-31,979.7649536132812,990.3450372409485,965.4941431387533,970.4151122679009,192505,5074,60.14469990797542
2021-09-01,990.5418090820312,1004.8618160925771,954.9139834121675,974.3518099232629,82966,11254,56.22367104225374
2021-09-02,1040.0467529296875,1040.0467529296875,990.5418189562026,990.5418189562026,118263,14971,76.7942900033047
2021-09-03,1033.2557373046875,1082.613075645225,1028.4824218629637,1082.613075645225,137894,6406,59.53237630530074
2021-09-06,1013.2274780273438,1053.0873253902457,994.0356996674282,1034.3876439113535,60994,10409,53.782624538825985
2021-09-07,1046.886962890625,1058.7465469833585,998.9567698704243,1032.4193611764288,64811,6812,59.1452985068361
2021-09-08,1082.6131591796875,1093.734596962143,1043.2454079367897,1054.0715395285865,90182,15900,54.33299288093011
2021-09-09,1136.743896484375,1136.743896484375,1082.7608878526596,1107.2180809912743,91495,12523,78.29424237373254
2021-09-13,1193.5810546875,1193.5810546875,1144.4697590626238,1181.0325834879407,83566,10253,58.05831603951101
2021-09-14,1253.2230224609375,1253.2230224609375,1212.526637039758,1253.2230224609375,142997,7192,51.1987813901886
2021-09-15,1315.6702880859375,1315.8670787848416,1288.3096530511277,1313.6033850432354,168301,15575,63.0727627566218
2021-09-16,1259.487060546875,1334.5949403777588,1249.9260053989303,1334.5949403777588,181169,9135,52.19289235639765
2021-09-17,1292.01416015625,1316.36012100494,1196.5520813317487,1222.2287907496261,201670,7100,76.48501467868047
2021-09-20,1234.796142578125,1306.0106876200484,1227.4529608024902,1306.0106876200484,122274,16391,65.05850051088694
2021-09-21,1296.498779296875,1296.498779296875,1197.5869890779388,1234.7959675451752,124994,14083,61.99988435275943
2021-09-22,1361.306640625,1361.306640625,1321.7813607618402,1361.306640625,104171,9735,74.16120695637584
2021-09-23,1398.76220703125,1429.3672634574707,1312.910500894302,1393.735321519927,221420,5962,50.431192268462055
2021-09-24,1369.1427001953125,1398.4663342610354,1330.800176462013,1394.7207463192601,119611,4444,74.43980934316491
2021-09-27,1306.15869140625,1369.0936036962944,1301.0824743550097,1369.0936036962944,101638,9257,50.35423070915103
2021-09-28,1353.569091796875,1371.4589968121554,1246.870490531984,1305.0249244777444,184756,4226,71.36980374244148
2021-09-29,1351.0557861328125,1371.064905126775,1306.0107831006305,1338.537844113703,49241,9204,61.44677463193306
2021-09-30,1316.1630859375,1360.2224160687783,1310.9389951967212,1360.2224160687783,40355,10092,63.72052443441069
2021-10-01,1317.247314453125,1347.408744359249,1267.3231843891035,1315.867354586392,59899,14780,48.27572181175811
2021-10-04,1344.254638671875,1365.1507610373917,1317.345842690595,1355.2940768421759,59217,14205,51.73573237593969
2021-10-05,1406.2039794921875,1411.4279503121606,1330.6524654454986,1352.2386295046756,130690,4680,55.57037925951583
2021-10-06,1362.6373291015625,1414.434255361796,1355.294147123672,1406.5489075967128,67443,3523,50.31397924784753
2021-10-07,1369.0933837890625,1414.4341294005073,1363.1793734919174,1414.4341294005073,40153,14513,78.60688145652765
2021-10-08,1433.4576416015625,1437.5480693171787,1382.5478432797477,1409.5058506956655,132141,6488,50.749667375054045
2021-10-11,1432.17626953125,1468.646002478708,1409.5058949963438,1428.2335956990926,75570,17011,71.61260889656766
2021-10-12,1446.9613037109375,1492.1049674455207,1394.5730008373407,1432.225608317156,146451,14283,54.30061787364239
2021-10-13,1429.3671875,1477.5170692620113,1409.5059433253346,1458.7893679171293,148740,3322,78.02797204502895
2021-10-14,1433.950439453125,1463.717577067161,1420.3481673762822,1457.8035666547685,88518,9785,55.67003681421353
2021-10-18,1362.292236328125,1460.6126566842001,1362.292236328125,1433.9503993465644,175513,14648,47.42686911359296
2021-10-19,1294.1826171875,1366.2349536080262,1294.1826171875,1362.2922799836927,345389,9266,73.47974415341857
2021-10-20,1229.4735107421875,1310.9390317813418,1229.4735107421875,1251.7989250844391,306849,9382,66.35140963277408
2021-10-21,1229.818359375,1257.7128219718352,1173.2410920100583,1179.253644916131,267145,15459,78.85910209951777
2021-10-22,1177.0360107421875,1269.5409712693422,1170.4812914459192,1269.5409712693422,154561,7370,63.51618507008921
2021-10-25,1118.1915283203125,1185.4634002341215,1118.1915283203125,1176.8881328218026,199054,3862,55.3276724102993
2021-10-26,1174.0791015625,1174.0791015625,1103.9487611116367,1103.9487611116367,181389,3094,73.5171662881951
2021-10-27,1232.7755126953125,1232.7755126953125,1188.76551157391,1194.6301908677308,58920,5780,59.25314314571147
2021-10-28,1227.1572265625,1294.3797670699507,1198.8685900303255,1294.3797670699507,273491,9857,71.7024221217924
2021-10-29,1233.3175048828125,1256.7271278526161,1169.1011887562145,1256.7271278526161,124511,8537,63.70717295770045
2021-11-01,1226.3194580078125,1266.5839911727512,1194.3837753335263,1242.0408220656211,85910,16745,74.83253213887639
2021-11-02,1246.1806640625,1285.7059446720295,1217.3005304743217,1231.0998887145165,101881,9055,75.8262789363273
2021-11-03,1238.443115234375,1269.541003948571,1232.0856016581627,1269.541003948571,48493,17617,45.12182084741008
2021-11-04,1252.4888916015625,1269.5410044637754,1243.1743725775905,1256.7273142013305,21951,7882,76.23606375755753
2021-11-08,1190.0960693359375,1258.6985670134559,1189.8988634602608,1258.6985670134559,160665,6953,65.99026906066936
2021-11-09,1207.640869140625,1249.5811074663156,1131.054482995541,1192.6587576685008,178945,4660,67.25447321377146
2021-11-10,1227.3543701171875,1241.843769283853,1190.1947157336012,1210.4009200172773,104266,5861,53.46576826103849
2021-11-11,1217.8919677734375,1266.5840154672455,1201.5792263815317,1227.3543612567248,137446,6600,58.739506165777854
2021-11-12,1193.8414306640625,1239.9707565396614,1172.4524760762536,1227.1570682765328,118688,8865,56.55264314863362
2021-11-15,1134.159423828125,1172.945453195242,1134.159423828125,1172.945453195242,361124,4072,74.391814605395
2021-11-16,1190.8353271484375,1190.8353271484375,1099.0202896486014,1099.0202896486014,246815,14187,73.54069179508596
2021-11-17,1243.2728271484375,1250.3697119058436,1196.5521203653727,1197.5871203260938,443678,5842,66.94401956676161
2021-11-18,1200.987548828125,1271.5121671581405,1186.7940208932666,1251.798800225456,141019,7423,68.66239326928408
2021-11-22,1140.9605712890625,1198.0306787307104,1140.9605712890625,1192.6588337648232,171996,6633,45.70505879093632
2021-11-23,1187.7305908203125,1197.9815677015242,1087.3894853098016,1140.9606667209216,293642,11380,76.7167512290622
2021-11-24,1207.9859619140625,1247.1169494654525,1190.0960562985802,1197.5871121126456,345021,4505,63.691343915716985
2021-11-25,1183.3934326171875,1222.179459294657,1172.9947034037418,1222.179459294657,93523,15635,59.39657330370527
2021-11-26,1136.2786865234375,1199.5585556270198,1129.576092644671,1163.0888213967817,138705,5687,71.93493347053702
2021-11-29,1080.5882568359375,1123.6619154671753,1079.503925397672,1123.6619154671753,171214,7952,66.9778305803757
2021-11-30,1073.3436279296875,1123.0213426805983,1064.5219432872702,1074.3292963956942,133814,5748,52.54628409772989
2021-12-01,1069.7952880859375,1126.9640613892097,1050.9690437002394,1074.5757562721249,86589,3540,71.84131593549719
2021-12-02,1123.267822265625,1123.267822265625,1123.267822265625,1123.267822265625,61932,15330,74.25833004939058
2021-12-03,1179.401611328125,1179.401611328125,1179.401611328125,1179.401611328125,30289,3472,45.027950087256514
2021-12-06,1215.230712890625,1238.3445909955356,1139.0878215678547,1238.3445909955356,530154,3152,69.32385262815131
2021-12-07,1320.844970703125,1387.4761296291838,1234.20469538391,1247.8561784856377,1170435,10128,69.79446691514273
2021-12-08,1303.4970703125,1350.3656488063425,1272.448517073522,1340.3118796953922,254253,15609,69.44126706045192
2021-12-09,1334.9892578125,1392.3058973096765,1288.3178847871952,1314.881599099434,334729,16392,50.18129190439625
2021-12-10,1308.62255859375,1355.2939291064479,1296.3017046927823,1344.402246129657,187983,16276,52.57810949647533
2021-12-13,1332.08154296875,1375.007450945608,1314.8816771049758,1375.007450945608,203717,11301,55.400470577438774
2021-12-14,1312.072509765625,1338.5870136895921,1306.996293460639,1321.781319404764,88356,15448,55.41139244173806
2021-12-15,1295.858154296875,1335.2356777610696,1286.297219262876,1317.0500241927768,77765,6890,71.25963249363062
2021-12-16,1265.8939208984375,1329.370866926582,1246.9198049980837,1329.370866926582,125592,14186,57.14267544834047
2021-12-17,1228.33984375,1310.9388992121558,1209.3165168787505,1283.3401855445313,166642,5878,62.162328017405045
2021-12-20,1153.5771484375,1203.7970325999095,1130.5618121582597,1168.0172165715237,222702,17574,55.6313016768977
2021-12-21,1229.0792236328125,1281.2704401693277,1153.232084654999,1177.8737958655759,335746,14518,62.138938853834574
2021-12-22,1251.1090087890625,1267.766709298443,1227.157217381704,1260.6699446033729,97176,3962,68.77098413365508
2021-12-23,1243.568603515625,1272.9907821991465,1234.0568790656844,1265.1054347290783,76799,6908,59.59974892096763
2021-12-24,1224.4959716796875,1260.6206243549484,1219.6168406273337,1257.7129505365178,74781,13235,57.601262769961785
2021-12-27,1192.8067626953125,1224.9395318215504,1188.7162143446308,1224.9395318215504,64519,9459,68.38502566897935
2021-12-28,1204.7825927734375,1229.1285553239254,1197.8335820829193,1207.4438494561416,70030,3906,77.47713610949599
2021-12-29,1259.9801025390625,1266.584033417642,1199.262826159005,1204.7826660632743,182692,11951,55.378900412653735
2021-12-30,1254.115234375,1280.3833227590549,1238.8867048769935,1266.5839643921365,105940,14603,78.36270131759281
2021-12-31,1263.7254638671875,1276.4406106162612,1247.8562262858586,1257.9593276440182,82613,4800,72.1258460625925
2022-01-03,1352.928466796875,1376.9788006213614,1263.7254736284904,1266.5839361477806,449669,14297,48.19142999347889
2022-01-04,1415.9127197265625,1453.8609548184334,1344.0574660988227,1352.928482094325,537095,11735,70.43244123350806
2022-01-05,1510.093505859375,1542.4233611585034,1399.6492999432535,1428.036601478899,961385,17013,47.309355332845136
2022-01-06,1512.606689453125,1562.185857671338,1488.3592710876549,1511.0296440909767,443679,11556,56.622788036202145
2022-01-07,1464.456787109375,1535.671327152217,1455.9307316075506,1519.9006331634907,230851,5361,61.10150679861191
2022-01-10,1476.9747314453125,1503.8835262668078,1464.4567911852596,1483.4309074432547,130922,16400,62.63505583723779
2022-01-11,1477.073486328125,1523.2026970475938,1459.7749571077902,1482.149582528636,167417,17982,70.29561906675539
2022-01-12,1473.7713623046875,1512.2124303938315,1462.83046698964,1487.6200516292452,98668,7995,47.097795655163
2022-01-13,1584.5604248046875,1625.3671188011594,1464.7031767971637,1464.7031767971637,626838,8559,54.461588682973655
2022-01-14,1694.8568115234375,1734.2835474704789,1586.9261218684119,1601.7111478485524,859806,9419,65.90683728573306
2022-01-17,1668.2930908203125,1722.110561146844,1628.6691491313525,1710.13466607815,204032,17953,53.72758417428012
2022-01-18,1610.2373046875,1704.0236827756726,1597.7685745970161,1668.7367037586357,213456,15623,54.128471177916985
2022-01-19,1678.297607421875,1693.5262570374518,1580.075843470901,1616.4962442605015,310568,12111,73.08803618680541
2022-01-20,1652.2760009765625,1700.1301300074497,1638.180894609405,1677.656962490517,131004,7015,67.2649345501651
2022-01-21,1591.509521484375,1650.6988372831215,1555.3847502115525,1636.2095597916204,155871,4524,77.51088520791282
2022-01-24,1458.986328125,1591.5095176579114,1434.147532393332,1591.5095176579114,378518,17039,68.47039083263192
2022-01-25,1463.6190185546875,1520.8863280347964,1375.0074060975637,1427.2478308453565,214403,15691,56.63163933812571
2022-01-27,1465.885986328125,1498.1666262073943,1429.2685017751903,1458.7892220249917,127498,6989,70.90539244663316
2022-01-28,1494.8155517578125,1545.5281459173839,1480.5233590819182,1493.2877175158396,124938,4755,63.77988393995699
2022-01-31,1498.0682373046875,1564.945820592476,1493.3371007235946,1525.519080812396,92584,14033,73.94261313337076
2022-02-01,1484.318115234375,1517.9293846883024,1456.817941928124,1511.029705666992,117490,7690,78.10448658999371
2022-02-02,1527.7860107421875,1536.6570262884325,1484.5644757282637,1492.3019485572077,99787,14007,52.33695157624783
2022-02-03,1515.711669921875,1554.1034081979915,1507.087070922157,1535.6714561783654,62381,14626,69.31220597443095
2022-02-04,1483.1845703125,1540.2054649342094,1474.7078458771275,1516.9437140461457,77372,13005,77.94145877664687
2022-02-07,1425.4244384765625,1498.0681543714502,1407.7316177872117,1483.1845849925985,153152,4981,46.025885240167824
2022-02-08,1328.58251953125,1448.9326124613149,1301.3287629945924,1442.2793504653189,365360,4495,49.41151954180265
2022-02-09,1374.1695556640625,1388.6096210709406,1311.9739067777214,1328.5823944285462,228332,11153,54.344734739679076
2022-02-10,1378.70361328125,1400.6347342074398,1346.0286832079491,1394.7207240700402,125381,15753,49.47634373112311
2022-02-11,1339.966796875,1369.7340533840322,1330.6522790499878,1335.580620824247,85997,13589,58.1139245560226
2022-02-14,1149.3878173828125,1261.4583788751386,1072.0128533543518,1095.0775163773224,1007402,8003,70.51045424105466
2022-02-15,1228.9315185546875,1237.0139520252333,1149.8808336510767,1181.8165167157408,380953,10389,64.38608152762845
2022-02-16,1261.5078125,1300.0967585483795,1241.9423167330995,1280.3833884415048,246826,12294,75.29579389777453
2022-02-17,1249.236083984375,1290.2398630547184,1237.6051493899984,1266.5838227848076,131224,11007,56.579728743466475
2022-02-18,1236.4224853515625,1261.655572742237,1223.2145045102468,1231.0998518398858,109962,5037,78.70916992809747
2022-02-21,1217.201904296875,1250.8131719291468,1200.2483359994171,1232.0854727434464,139138,16394,68.01670424333601
2022-02-22,1171.171142578125,1199.0162748264481,1147.318015470733,1179.8450726103672,218371,16528,66.76051047261507
2022-02-23,1259.4378662109375,1295.1683476432572,1188.7161546862772,1190.046783034068,387471,13353,47.507974791703965
2022-02-24,1176.395263671875,1226.1715190681296,1166.0457452231487,1172.9947557384917,250713,12886,46.24152269584749
2022-02-25,1343.3182373046875,1365.1508177685507,1232.0855756033852,1279.3976617065553,635829,12932,76.56350662984073
2022-02-28,1401.6204833984375,1428.2335305515724,1294.921877682628,1324.73834717827,436813,4764,67.84262514016899
2022-03-02,1359.23681640625,1434.1476199210254,1330.6524308545595,1393.7352127617387,227109,3712,63.36427670173903
2022-03-03,1361.947265625,1424.2907898159037,1356.0825869717432,1389.7923969829926,149193,8753,75.49210765657193
2022-03-04,1361.1588134765625,1389.2996961744554,1332.7223024328,1358.251139644129,139846,8235,60.59107402778773
2022-03-07,1276.58837890625,1345.437288622508,1247.8561226345018,1340.508946905942,192765,6534,77.54130131893497
2022-03-08,1341.198974609375,1352.8299101253142,1281.4674922592694,1290.634256718514,209769,5935,58.11468454534557
2022-03-09,1374.3175048828125,1389.6939079328718,1345.4373724950547,1345.4373724950547,124004,14522,72.79978802253899
2022-03-10,1363.770751953125,1445.1869364022748,1346.5215552342015,1425.8186489145617,179943,13030,75.91146973591749
2022-03-11,1344.796630859375,1383.9769489839111,1332.771524745718,1363.1793702197106,156003,15254,58.131929405322495
2022-03-14,1348.8873291015625,1389.2504056547739,1340.607689718097,1357.561259945357,185396,4144,61.39379789145165
2022-03-15,1343.7125244140625,1365.150813360335,1316.0152648281073,1355.2941287873361,99982,12317,78.67141993374699
2022-03-16,1341.0511474609375,1372.986706357233,1331.785840728931,1365.150690952666,91669,6200,66.35753505726629
2022-03-17,1337.749267578125,1394.7702877322665,1330.356753676122,1368.1079061306966,132443,10070,59.455240365361306
2022-03-21,1451.9881591796875,1468.6459799289587,1359.3846570970725,1359.3846570970725,770883,5761,77.78940310554475
2022-03-22,1478.7490234375,1521.872016122313,1427.2478493167805,1470.6172591026495,491160,17019,49.55351673848175
2022-03-23,1485.5992431640625,1508.0725289791465,1458.789112999436,1496.1951775997004,167054,3211,51.80311186685511
2022-03-24,1472.687255859375,1507.1364415204189,1453.910343457457,1483.431066384404,117688,10024,50.14978734000545
2022-03-25,1463.3726806640625,1503.144378348321,1458.7892983314853,1483.8253008940478,117551,8041,70.52651660643278
2022-03-28,1567.508544921875,1592.8401753243731,1468.6459537334877,1472.5886274347856,469807,9251,69.81443791552928
2022-03-29,1543.260986328125,1580.322214918946,1517.8308134615716,1577.069461027237,175034,16227,62.47935033700752
2022-03-30,1524.286865234375,1593.0865684131325,1503.1443259582534,1549.4707412500816,114626,8946,60.461716774260765
2022-03-31,1509.797607421875,1544.5424193439387,1500.1873402944957,1539.1212430156734,89852,17651,69.01162989078247
2022-04-01,1549.02734375,1579.0409007577828,1498.2160856128776,1499.3002968738203,130915,3522,77.33402470960891
2022-04-04,1523.843505859375,1562.2845774819596,1517.9294948405159,1562.0874919096757,95552,7401,77.10031954379585
2022-04-05,1541.240478515625,1617.876199638383,1529.0674973596535,1532.71442245516,276746,5041,62.89075546637537
2022-04-06,1557.750244140625,1596.339183109876,1520.9355562838518,1546.4642696323303,127067,8266,70.8164370833777
2022-04-07,1503.4893798828125,1576.9710126076404,1484.416719011478,1557.701145849367,125386,6937,69.19891347335451
2022-04-08,1513.6910400390625,1540.5998377324063,1484.416734245044,1498.2160929963259,155429,4053,59.739218438005146
2022-04-11,1494.1253662109375,1541.585322024123,1485.9443909783806,1517.9292812769497,94154,14331,49.28640965319271
2022-04-12,1438.7801513671875,1512.4588661115122,1433.161889474891,1494.1254574767604,162584,12808,72.88672850389415
2022-04-13,1443.0185546875,1483.6773766689614,1429.219196924095,1448.489062500619,153403,10172,47.832469081379735
2022-04-18,1391.9609375,1433.1619268542768,1374.0218198314042,1424.290910800846,247531,7357,46.161150961954164
2022-04-19,1381.562255859375,1447.9470042501005,1339.8684308217191,1402.6062539468298,134690,10769,47.98498233062604
2022-04-20,1390.9259033203125,1438.8293606237157,1384.8640189596304,1389.7923606641132,131599,16309,57.26928441652109
2022-04-21,1401.42333984375,1428.1841398946221,1394.7207467838707,1405.5630988790103,81788,7860,66.84460276121683
2022-04-22,1385.45556640625,1408.323146921839,1379.935847082093,1389.7925317041081,74790,17393,49.414574886703214
2022-04-25,1302.9058837890625,1376.9788956923776,1287.8744391510463,1376.9788956923776,190376,12361,68.91580108107387
2022-04-26,1300.0472412109375,1355.2940011687356,1286.297215654691,1325.1325732796222,100315,5082,77.05927867980247
2022-04-27,1307.4891357421875,1329.0259662697754,1281.4674658554818,1285.3609282373484,88638,15186,65.03722699014986
2022-04-28,1331.1944580078125,1339.5233075607757,1295.118899604908,1323.752613726359,73885,10018,70.45736591682126
2022-04-29,1311.382568359375,1345.4374621411819,1306.0107233238577,1345.4374621411819,68472,10786,62.761757291956954
2022-05-02,1393.2916259765625,1414.483496744301,1291.2256142203469,1291.2256142203469,269850,6610,52.11980686617212
2022-05-04,1341.248291015625,1424.2908546886483,1324.9354306761447,1399.5998128509996,139027,12587,60.07319637298398
2022-05-05,1331.3421630859375,1404.5773680168359,1320.7955601000422,1353.569032020435,199046,12581,52.547565295004745
2022-05-06,1290.1905517578125,1322.76693918577,1266.7809282066485,1320.7956024656721,143224,10930,48.400900522444964
2022-05-09,1283.34033203125,1306.0600381114516,1238.4430856509691,1281.3689951156873,134066,3938,69.85468593849575
2022-05-10,1211.5343017578125,1315.5223148535938,1188.7160549148061,1276.4405398960812,157079,6550,59.03909007648001
2022-05-11,1204.0433349609375,1230.6563829282577,1116.023094851792,1203.0576665177034,229784,3769,56.980456736740535
2022-05-12,1174.57177734375,1195.2708138216346,1158.308248682555,1181.8164160468395,94747,12178,73.61310093717336
2022-05-13,1192.5601806640625,1229.1284529961708,1175.0645671591049,1211.386422399594,125962,5864,75.91883484902067
2022-05-16,1197.0450439453125,1223.165258807968,1168.115697963487,1214.6393226660912,95999,13063,69.37306968078511
2022-05-17,1212.5201416015625,1244.8007853030213,1203.106959203021,1211.6330158784185,96653,5119,76.33061455043469
2022-05-18,1257.02294921875,1277.4262368173543,1219.0747161034196,1223.4608923221767,114090,7756,76.58272390496927
2022-05-19,1247.3140869140625,1279.3483114103904,1217.6454907524037,1219.8140335262067,126448,12850,47.39767664549832
2022-05-20,1281.02392578125,1289.2542326364342,1262.6411865499022,1280.3832172742568,73184,13781,78.6457187634276
2022-05-23,1169.49560546875,1305.025016132006,1158.1604183950958,1291.2749895057848,211163,14978,54.27169102268199
2022-05-24,1161.5115966796875,1207.4437172895543,1125.7317877859539,1187.7303504766637,261990,6727,56.434181886408446
2022-05-25,935.9414672851562,1133.5187206727694,929.2389338384811,1133.5187206727694,785372,5259,49.418282075750184
2022-05-26,930.6188354492188,964.9693548122259,826.8279057460812,946.2416553827751,1595026,4975,58.88926085202992
2022-05-27,940.3277587890625,984.2885502825337,922.5857256043632,975.8118251584611,393433,11590,50.30459026306471
2022-05-30,1016.8648681640625,1025.0951755574927,965.9550692753296,973.8404167796181,188478,5836,58.73979319786039
2022-05-31,1011.4928588867188,1051.6588459855918,985.6683950643718,1012.2814417311098,150396,3124,69.76895794309975
2022-06-01,997.7921752929688,1040.865899254428,985.6684652030569,1015.2385191591486,103579,13513,61.30449899042738
2022-06-02,995.426513671875,1025.045776079537,985.6683727177995,1025.045776079537,77644,12987,73.27600330706741
2022-06-03,976.7481689453125,1021.7438978857263,967.1871728857196,1009.8173336269246,80479,5070,49.7495662897056
2022-06-06,948.755126953125,984.8798986603352,931.4566581902485,976.7974055730542,125325,11007,55.809497690983285
2022-06-07,951.2192993164062,964.9693858454724,943.2846805455741,955.3591187239266,56243,17730,77.70260382634751
2022-06-08,954.4719848632812,990.5967563092773,933.3294455062148,956.0983618109443,92141,8979,63.968183317633304
2022-06-09,962.8501586914062,981.7257327374253,956.3447712735813,965.9057668473863,86062,6973,52.56921477181137
2022-06-10,1000.0591430664062,1019.1811342529232,947.0794661166049,947.0794661166049,196603,14583,53.72393741186861
2022-06-13,937.6171264648438,983.6971271610134,931.4566985642863,983.6971271610134,132841,7159,47.688747589247164
2022-06-14,924.2120971679688,954.4720721231695,918.1502118020437,931.7031537368565,93092,11713,52.268831903316794
2022-06-15,973.643310546875,996.5108312688089,910.7576736818788,910.7576736818788,130558,14888,77.78884937048616
2022-06-16,940.4755249023438,1005.3817647696246,932.4423034039852,997.9892517933774,125923,14983,55.43270603997057
2022-06-17,913.4682006835938,937.3706596709983,907.8006073154463,932.9351518176655,121217,5651,77.5010381488839
2022-06-20,857.7779541015625,914.6510347365322,837.6210226079695,912.728969259462,172973,7110,46.22796649475074
2022-06-21,902.2315063476562,916.5730290676715,858.4678674012647,882.1731793506129,132844,11494,64.27781556258216
2022-06-22,873.8442993164062,905.8292506110917,866.402515002339,905.8292506110917,65872,4647,48.30477917155894
2022-06-23,890.3049926757812,904.8436017452169,875.2735494006021,878.4769717379353,47258,3367,70.61121381514667
2022-06-24,909.9197998046875,916.6716042232373,897.9439047821173,899.1759902716648,59864,7723,75.37590247139016
2022-06-27,923.9163208007812,936.2865082880144,920.7128982576426,922.5856924239569,45869,12653,65.8702988816134
2022-06-28,910.4619750976562,921.6000167438654,904.8436528030678,915.6860059412309,40041,17051,74.9964254527403
2022-06-29,916.1788330078125,928.4996887502522,896.0711723719796,900.6052833814545,30691,10055,73.85384353872129
2022-06-30,902.2315063476562,934.4136022618783,896.2682248210019,918.889325642021,84220,10607,48.029133263909976
2022-07-01,915.8831787109375,961.0267838052949,901.8374026399371,918.7415812536898,208257,17094,70.90300834131966
2022-07-04,924.2612915039062,946.1431425082368,910.0676421604416,925.5426484206462,98338,10910,73.79630461095704
2022-07-05,952.6485595703125,972.8547628514211,927.6125568066215,932.442356289204,118390,6853,50.392325565250204
2022-07-06,971.4747924804688,979.4587429578246,946.5866643171651,965.9550732688178,81673,11225,46.22796911360851
2022-07-07,959.8438720703125,985.569853304247,954.5212988277369,984.4855819723047,56006,12131,51.92040920459394
2022-07-08,951.712158203125,979.0644576428507,944.2703734507087,967.9264162093903,47476,8569,74.62058659622863
2022-07-11,972.6082763671875,978.8179751444397,943.3339133767997,950.5786120839472,71592,11252,77.43457186253023
2022-07-12,999.2213134765625,1034.9517920102496,965.1664832096433,972.9039558762173,195777,8044,53.33452089628621
2022-07-13,975.762451171875,1012.2814536052975,970.8833805269893,1000.4534327257809,98093,17388,63.38260508873343
2022-07-14,1011.6408081054688,1025.0458752065986,966.1029730105085,975.7625119651841,116201,15212,66.52737140266733
2022-07-15,992.518798828125,1019.8218253040753,979.7543811264352,1011.5421867515132,50655,3749,57.621891992228
2022-07-18,999.6649780273438,1010.3101855108848,988.0341020701336,1003.4105061952007,54527,16604,55.838980327595614
2022-07-19,1002.030517578125,1020.1668410385367,986.2105510607724,990.5967876751009,75854,7324,64.27040836114682
2022-07-20,1028.2987060546875,1043.8229855853479,1012.0845066732335,1024.0110719627737,123302,5147,56.43337515179041
2022-07-21,1031.4034423828125,1044.8085086178908,1023.8137234767573,1030.0234825525433,77517,4513,59.38247595368085
2022-07-22,1042.787841796875,1068.7109689979814,1031.649861003748,1041.7529621632862,99049,13029,57.241727781807356
2022-07-25,1028.397216796875,1049.7369641223133,1025.0952513494892,1044.5622044400204,66662,12895,62.04520101688867
2022-07-26,1021.1524658203125,1041.7529595134831,1010.5565304848219,1032.7834011076097,69815,11792,78.45047766110028
2022-07-27,1026.7215576171875,1063.5362498955549,1021.1525068505977,1021.1525068505977,111780,7594,57.87324235127234
2022-07-28,1024.3558349609375,1042.1471968453923,1018.2447393060104,1034.9517697464369,47314,17038,48.717399947980454
2022-07-29,1040.570068359375,1062.5505215248234,1030.023464743451,1030.023464743451,138786,17652,50.84883373532062
2022-08-01,1029.037841796875,1053.5810097889596,1022.187494330879,1053.5810097889596,102084,16830,65.17644547251612
2022-08-02,1049.7862548828125,1054.665265693894,1030.0235538786162,1030.0235538786162,62119,4956,60.44728303763335
2022-08-03,1052.2503662109375,1078.3212477002116,1035.4940031296728,1035.9375057887773,90884,17279,64.7592116504076
2022-08-04,1027.2635498046875,1063.7826118491837,1025.095127471069,1059.4949784090275,158437,16128,75.30022490725446
2022-08-05,1019.674072265625,1038.5988595046072,1015.2385639764077,1032.3892200922205,77230,11384,77.55835761958872
2022-08-08,999.51708984375,1035.9375514733033,988.1326311626894,1019.6740218830945,96591,7021,58.061572444256434
2022-08-10,894.7898559570312,956.0984489418857,882.1733111371008,937.3707473646737,585600,16713,59.50886583447732
2022-08-11,900.1616821289062,914.7002912845606,888.3336611209162,914.7002912845606,117131,7135,62.78081211498011
2022-08-12,895.627685546875,911.7433410790738,892.2271172696834,900.1617364761776,106470,12454,59.734067337845154
2022-08-16,896.56396484375,907.3077746149303,892.4242056354444,896.9582562733151,74605,13084,56.22335175051151
2022-08-17,885.327392578125,902.8722785350394,882.1732415817252,888.6293577422213,126893,10866,63.780711862434174
2022-08-18,881.2861328125,896.4654509331532,877.2449162512439,885.1302638130528,111442,15655,56.58158216270822
2022-08-19,894.5926513671875,912.7289747129108,878.6741421701247,881.6804188776445,138378,7066,75.76105051206332
2022-08-22,874.5343017578125,898.9295950443787,867.388205744576,887.1015740569527,103736,14730,48.52669012035269
2022-08-23,889.713623046875,901.7880611873926,868.3738776976268,868.3738776976268,92332,6340,45.888834320551055
2022-08-24,884.0953369140625,907.6035056125146,881.1876029260129,890.058619062852,171767,6279,51.894326942538775
2022-08-25,877.0477905273438,902.8230450218695,864.3819747815708,893.8534258695423,153503,12250,56.92994129096034
2022-08-26,881.8776245117188,894.5927121451875,877.2449705005845,885.1303185500279,52307,16356,57.348678947413326
2022-08-29,875.175048828125,884.0953363501712,862.4599016425942,877.2449285278958,87753,7419,47.30587425101148
2022-08-30,866.0082397460938,885.7216079184194,835.9946848320683,881.4339744051088,125924,4556,68.24917534226874
2022-09-01,866.0082397460938,892.9170354296585,862.4598575392453,866.6489482758645,182117,14947,65.66219078302416
2022-09-02,861.57275390625,877.1463632883755,858.763622934137,872.3165638986642,93911,16235,72.17857167666068
2022-09-05,852.3568115234375,875.2736035071553,842.6480011342923,875.2736035071553,105002,10920,52.41073621153432
2022-09-06,846.9356689453125,867.3882905695374,842.648034982238,852.6032628893748,121117,9240,67.71902173596597
2022-09-07,856.5458984375,877.2449362593499,851.6175560989643,851.6175560989643,287702,17522,77.54320913490423
2022-09-08,869.0145874023438,872.3165525483847,862.5091397277612,867.683898937794,125375,4164,52.26201651541435
2022-09-09,873.5486450195312,910.7576282065409,865.6140261998171,887.0523145261075,349986,14720,48.88168890899198
2022-09-12,884.3909301757812,890.699231702335,867.3881510779465,881.4339251152883,143954,4087,74.9213797397133
2022-09-13,877.244873046875,896.9582409805126,874.2878678568293,894.0012357904669,152679,10392,75.79659957200482
2022-09-14,870.0494995117188,874.9285700722098,862.3612981051028,862.4598408798909,106175,15301,50.80012134660278
2022-09-15,869.1593627929688,883.2035978099852,864.3131530668913,878.9507818085418,87491,12681,60.55764554688973
2022-09-16,858.18115234375,872.8682204333327,846.7083706741968,870.3462065669663,124659,14926,48.64770794839975
2022-09-19,833.8015747070312,860.4065009164733,831.7740756563732,858.3790018658152,121163,12753,48.306640853488425
2022-09-20,848.241455078125,855.7086181971433,829.0048128742716,840.6753527570753,189848,6182,62.936932928409234
2022-09-21,882.5112915039062,908.1271878485561,851.5546703797129,854.2745023698919,565870,7798,49.32048094049438
2022-09-22,869.0604858398438,897.4950922137978,863.4230039812815,879.0496625415021,132370,9290,58.6626984462509
2022-09-23,861.2471313476562,878.6045921351664,855.8074674882002,874.3023366834682,96004,15121,47.16076155880371
2022-09-26,827.96630859375,859.4174436811545,816.2957088391996,855.5107639575948,129822,5548,46.99714241691227
2022-09-27,838.5488891601562,860.4064838911223,823.9112602390713,827.9663186257371,133835,12176,50.984588381495485
2022-09-28,845.1753540039062,857.4887863656652,829.0541812814519,834.1477085992927,72833,5496,54.50806863773302
2022-09-29,844.2852783203125,865.3021607091125,835.927964779649,853.4338035954372,45429,11653,60.92050213223956
2022-09-30,845.669921875,851.8513581502772,832.0707620693902,843.8896803008379,61070,4957,52.021399437393086
2022-10-03,829.9938354492188,853.2854755931018,823.9112779214731,844.6314646844496,64472,8784,72.14109323697464
2022-10-04,837.1148071289062,849.5765578711192,833.8509606513684,836.7191710814515,59722,17883,54.78037062981718
2022-10-06,851.8513793945312,858.3295126994616,827.422330552284,849.576622861617,71588,15615,74.3003842707694
2022-10-07,844.0380249023438,859.4668650774067,841.6643293220635,847.5985079071779,42900,11793,48.70923139746342
2022-10-10,837.5598754882812,844.6314628185363,832.8619838625341,836.7192242909622,44344,3088,76.92752440566531
2022-10-11,820.350830078125,843.5435923859983,818.7683460815583,842.65344136508,101321,10425,56.12802149968308
2022-10-12,834.93896484375,840.6753255804756,814.7627328835833,821.1419871331645,72116,12744,78.6132198202103
2022-10-13,826.3838500976562,834.6422852747335,819.9057168805837,831.3784385917844,29821,8431,59.0019792203408
2022-10-14,823.021240234375,839.3896727040175,820.8948018424013,835.6808106475006,40163,14932,55.016700772336534
2022-10-17,814.6144409179688,826.8289351316319,811.301154779128,820.894756171357,56804,9739,74.31352617992655
2022-10-18,818.66943359375,834.691728752605,815.6529047155409,817.1364494457017,59628,12399,55.613858610214464
2022-10-19,813.5264892578125,825.0981505505185,811.0044752189693,823.7629844021872,41373,5168,60.98947007070868
2022-10-20,808.6307983398438,819.0156119847849,806.0593448216192,811.9935240472998,36314,13361,72.5776895256075
2022-10-21,799.1361083984375,817.3342815478064,796.1690188870572,815.7517975890493,64149,10212,57.70852655725191
2022-10-24,801.9547729492188,805.9603918506008,799.1360622225153,802.4987876206766,16982,5921,52.19012742637872
2022-10-25,778.9598388671875,806.0592792736661,774.6081440082529,803.6855836301834,108785,3998,66.92177496014169
2022-10-27,776.8828735351562,778.959811877049,774.5586777542006,778.959811877049,95167,17711,48.362474488763354
2022-10-28,763.6299438476562,776.3884534065618,761.5530052522963,775.3994235296108,98435,4424,71.23259751465797
2022-10-31,781.1357421875,797.998688597724,762.9376296623674,769.1685054745899,89125,17483,47.93229960108962
2022-11-01,812.24072265625,815.9495844035388,792.0150511879174,798.1470480165525,180174,10010,77.36160636089483
2022-11-02,801.9547729492188,821.1419748270338,797.8008961657794,815.3561747603952,55674,8539,66.58910212471972
2022-11-03,781.6797485351562,796.070181710929,776.4379021971769,776.4379021971769,95434,9244,61.391684239262794
2022-11-04,779.6521606445312,793.0535020413164,776.3883744556059,784.6962487234039,47809,15310,72.06955137390558
2022-11-07,785.4874877929688,790.135939976743,774.8059779096847,785.0918517224219,40477,4253,45.99485213708643
2022-11-09,775.3499145507812,794.1909199433178,772.4817040186986,794.1909199433178,47042,7344,77.11372366929407
2022-11-10,770.4542236328125,779.8005674303591,762.3936065178896,775.3499332758693,37792,4939,48.66233737100387
2022-11-11,769.0201416015625,779.6027729844602,765.5585371544383,779.6027729844602,50682,9868,69.45683926779286
2022-11-14,797.0096435546875,810.0154096259303,766.4980982418755,766.4980982418755,79474,9492,77.03951012216486
2022-11-15,728.9644165039062,760.5639313150147,713.5850148813824,723.9698279877643,613218,14762,71.17327734069367
2022-11-16,737.3711547851562,751.5637686242749,725.4039183600213,729.4094769740152,197983,11712,60.48568168928458
2022-11-17,734.2062377929688,746.2229738440483,731.8820419411473,738.8052504459961,69158,16405,62.21819498853867
2022-11-18,731.6842041015625,740.1898962537368,727.3325093785396,740.1898962537368,45171,5430,52.368182674240025
2022-11-21,746.4208374023438,750.4758356277116,731.684268539789,738.7064166709464,87937,7263,56.11144823425664
2022-11-22,763.4815063476562,772.4322132630551,750.6735593683212,753.8879059664068,125210,9260,74.25342437523081
2022-11-23,808.9769287109375,820.6969075748598,766.4980871621866,770.3553274889798,454142,4293,63.070258106336595
2022-11-24,812.4879760742188,830.5377698214548,804.3284802706736,817.4825644626651,210957,5000,50.841132745113725
2022-11-25,788.7512817382812,811.8946036809758,782.569845361022,811.8946036809758,165248,16482,53.696867045835006
2022-11-28,775.9432983398438,795.1305001318773,771.4432249341784,788.2567311186413,99142,12808,50.235369603249254
2022-11-29,792.5095825195312,795.6744900159568,778.415907587614,781.0863001741478,99331,11968,60.80883478468162
2022-11-30,819.7078857421875,827.3728666882163,788.2567501916002,792.5095662562791,172545,8646,78.98386300320982
2022-12-01,842.1588745117188,847.4007203774291,822.9716722497731,826.828912615146,215780,10189,67.11137288678088
2022-12-02,879.1486206054688,886.1707080970558,841.2192912437916,847.549106162149,394523,5904,50.601585622601135
2022-12-05,877.7639770507812,887.1597604670994,863.4230444679798,882.9069442570419,135384,16520,54.472384250401966
2022-12-06,873.5111083984375,878.9507721549924,863.6208106592469,871.3352308226982,97273,7264,73.76513153041036
2022-12-07,881.9178466796875,897.7917622116341,864.6098259265026,873.5110937424263,166158,11570,53.16490140503799
2022-12-08,893.0939331054688,896.0610225842245,878.8518794612054,883.1047560065605,116106,17579,54.556118106278795
2022-12-09,894.4785766601562,903.5776025418651,882.7585372925391,895.9621213624681,138803,12607,55.215903140090006
2022-12-12,898.3851928710938,905.951294972063,886.1706990119743,896.0609969920187,97649,17979,70.84534612117575
2022-12-13,909.7589721679688,912.8744399608728,900.0170534825506,900.0170534825506,100445,8273,69.54149890529186
2022-12-14,932.8529052734375,938.5892659532482,912.3799766510764,919.6988212062197,176632,10260,74.2689334101236
2022-12-15,895.8631591796875,932.5562000948655,883.4508475618989,932.5562000948655,141374,17949,62.249986214196944
2022-12-16,891.1653442382812,915.4955150398023,880.2365763466464,894.0335549816027,95982,9357,77.66637724496343
2022-12-19,898.92919921875,913.3195705731878,886.467387660071,886.467387660071,90825,17754,58.115784276659255
2022-12-20,887.4564208984375,901.4512166110914,886.121254824555,897.0500219605489,41623,16381,67.56678211999554
2022-12-21,855.8074951171875,903.9732596462951,850.6150885382564,894.9731123890505,98161,7413,64.45274364182046
2022-12-22,818.0760498046875,855.5108048051266,805.0702833657492,855.5108048051266,132192,14968,51.588520026056905
2022-12-23,780.9379272460938,815.9496072678218,774.4103545341871,815.9496072678218,109371,5315,70.49345588615894
2022-12-26,795.1305541992188,809.8176232186925,773.9158519978528,783.5094535462159,88921,7118,52.29130571825443
2022-12-27,805.4163818359375,822.4277062230396,799.0866274268307,804.3284732179061,56689,7918,72.98495312242213
2022-12-28,819.658447265625,827.817943120758,797.1580193014706,798.4931853860752,79753,11185,55.84184545394706
2022-12-29,822.9222412109375,829.7960104624991,813.5264580173812,819.6584549115568,30907,8064,54.44532902489179
2022-12-30,830.8839111328125,854.4723080906554,826.2849587805104,826.2849587805104,80021,3807,57.477634749831644
2023-01-02,843.8897094726562,850.5656608807318,829.0542618991551,830.8839429536507,47751,14750,75.31137104332987
2023-01-03,833.7026977539062,845.6204949962323,829.4498816065752,845.5216161605972,54082,6800,76.67359516560504
2023-01-04,821.5870971679688,841.3676938959054,810.114314846411,836.7192415917222,76396,3874,63.93638370669041
2023-01-05,824.8014526367188,835.3840840683483,818.2243800106598,824.1091196709876,90708,3733,69.25908098650905
2023-01-06,823.5651245117188,833.2576044548114,818.9166723900105,824.8014117586844,41523,11241,64.8443860392593
2023-01-09,817.334228515625,830.9828273092763,812.3890796508538,823.9606797019492,26471,11655,55.68639968663366
2023-01-10,813.6748046875,823.9112386712749,803.0921740645177,817.3342269133743,35330,14210,78.58173120620063
2023-01-11,833.7026977539062,836.7192266278508,812.9330715610163,813.0813898144689,66276,4724,50.116648857875234
2023-01-12,823.71337890625,835.6312353355752,820.845228934987,830.7849655569263,28851,17063,55.82655438681977
2023-01-13,819.6090698242188,828.8070355924001,817.7298889147053,821.4387509474875,17871,15349,53.50075288825296
2023-01-16,810.015380859375,825.493720891384,807.3449884097982,819.6089816923652,40336,13331,63.97664829230514
2023-01-17,814.8616943359375,823.8618415681775,800.1251258447246,811.9934837064511,49835,5175,66.34611381238875
2023-01-18,816.592529296875,820.7959062082663,809.0264267101338,809.0264267101338,33547,16743,71.29589230945538
2023-01-19,792.212890625,817.6804086444679,786.2787116690075,815.8507276126062,51937,16127,66.4171337308038
2023-01-20,794.0425415039062,808.3340340200014,788.7018168656756,800.372356296166,51158,17111,78.4740386199924
2023-01-23,807.344970703125,811.7461651520282,794.7842808384383,798.1470061257226,59172,7983,65.03692488553519
2023-01-24,822.5266723632812,830.6861683625485,801.114152655332,806.0593017457969,82812,10090,65.49725727412356
2023-01-25,830.83447265625,845.2248441945986,804.3284860498284,822.773915993579,89381,5614,64.73397380090834
2023-01-27,796.51513671875,831.0817407981151,789.047973694667,830.8344833445655,74681,12181,56.13067098273294
2023-01-30,757.992431640625,795.625001907228,753.6901159685065,776.3883610165666,109673,5416,50.425902708299446
2023-01-31,793.3997192382812,798.1470502147681,760.5144783217496,763.778264595235,53445,10464,51.668970964792685
2023-02-01,790.3831787109375,805.614201216851,772.4322639242102,793.3997074892526,95301,5438,51.18854951757815
2023-02-02,803.8833618164062,809.0263285453125,776.9323013605874,790.3336422847675,79663,12758,73.43934540998627
2023-02-03,764.6189575195312,815.9496311916422,759.5749294002196,805.0208633560725,306492,10546,66.35029537363717
2023-02-06,798.6416015625,808.0868245295327,755.6188032120742,764.4706324170618,136353,5368,69.13286886156483
2023-02-07,776.5862426757812,796.1690214405805,771.9377903532585,795.1799916002816,53252,16922,67.79032199640743
2023-02-08,772.7784423828125,784.0534067202963,768.4761867192308,782.5698619582901,43402,7784,49.406612408446776
2023-02-09,776.7345581054688,781.778646491989,757.2012188306599,772.8279385429795,102736,15768,46.879729990505005
2023-02-10,788.8501586914062,795.2294130906309,770.5036676406046,775.3993773128277,69772,4192,64.71009291844295
2023-02-13,767.734375,795.4272091384863,766.4980877616747,795.4272091384863,57766,7371,64.98884058914521
2023-02-14,756.7562255859375,781.3335935925811,751.6626976333691,769.4652352088964,71585,9988,68.7132299096013
2023-02-15,734.30517578125,755.0253618454583,730.8930109506498,754.6297257853123,93089,14615,64.46421420889061
2023-02-16,743.1570434570312,748.5472077746783,734.8491686823538,735.8381985190731,48535,4074,52.12763015025242
2023-02-17,763.2343139648438,768.4761598676572,741.4756582156951,742.5635668569171,86812,17310,53.6475875590045
2023-02-20,784.1522216796875,795.6744425388839,752.8494659706914,763.2342784587688,98795,8982,52.65871079221921
2023-02-21,771.6410522460938,784.1522428380564,767.4871150656621,782.3225618774983,37091,4425,51.8692055034772
2023-02-22,766.8936767578125,780.8884112174069,757.8440305824379,769.4651299094769,81066,10470,56.50716870764579
2023-02-23,783.5588989257812,795.0811208283894,763.6794230803382,771.393843839812,79183,7422,45.02810743392874
2023-02-24,851.8019409179688,862.5823902090593,779.0588090090646,781.8280804593954,359812,7040,68.29694494584854
2023-02-27,839.2907104492188,886.1707497024842,812.1418892335078,858.4779137742815,349600,7935,50.58207391924112
2023-02-28,821.6859130859375,854.4722737981597,813.971493025881,842.6533560851162,106549,14903,70.85573352793071
2023-03-01,835.9280395507812,846.6095498353993,817.5320481597695,821.6859855942296,107084,16220,78.32487364624498
2023-03-02,842.5050048828125,855.2635133566579,832.2685706731744,838.6972643266214,59471,17725,69.41710476495388
2023-03-03,824.2079467773438,849.5765848963271,820.8947211454615,842.504997790827,80735,5986,68.38973441616604
2023-03-06,835.9774780273438,842.6534294934006,823.861862403759,830.0432989464043,89639,5673,68.02061453067132
2023-03-08,840.378662109375,856.0053214150646,833.8015895663622,836.7192396500805,107074,3333,64.44429719309787
2023-03-09,832.9114990234375,850.0711425006881,823.1200795185546,842.4061612855859,35120,9433,60.21175146342723
2023-03-10,814.8121948242188,835.7301997087263,808.1362435247703,831.7740804201643,37016,17962,66.21190968100217
2023-03-13,820.1528930664062,834.9388994130746,802.4492369806027,811.9933978987273,122846,11098,74.68864561645404
2023-03-14,806.4053955078125,830.0432310598626,786.2786639172962,825.8398545546444,107861,7600,72.84914569634824
2023-03-15,805.4658813476562,813.9220739394112,787.2677091507015,805.0702452872752,152524,5278,68.41551225017238
2023-03-16,797.20751953125,814.4166635210652,787.762296287922,809.7187716097436,62738,12319,58.8675302599934
2023-03-17,787.2183227539062,810.5099636948372,780.3445532095504,806.0098899414619,91545,6372,75.77229692676713
2023-03-20,767.0914916992188,790.185373837849,764.866174640616,783.3116046281584,55493,12662,74.73301974003547
2023-03-21,759.87158203125,776.8334672199036,751.6626467777163,769.4651831487674,89834,14128,49.95693764803998
2023-03-22,787.6633911132812,790.8777381030387,758.1408140803075,765.509098483793,63176,13492,67.61027662111927
2023-03-23,767.3882446289062,794.1909280159618,765.1134278003999,781.4819192543451,62111,4097,49.34810509280073
2023-03-24,757.3989868164062,785.289638441214,752.6516559871081,771.4432216425024,83825,4061,51.97280282661618
2023-03-27,780.0972900390625,796.0701461778579,752.6517118475139,758.5858909159568,189406,12182,46.566369441781305
2023-03-28,766.6959228515625,779.8005678693829,757.8935333726022,776.4872817775994,125689,6098,78.30111294009615
2023-03-29,756.5089111328125,770.9981613487498,746.7669314740327,766.6959059049842,98534,7408,70.20745290384174
2023-03-31,768.0805053710938,777.3774094780072,757.5968138169892,760.5639031661419,111684,15093,46.40516939819299
2023-04-03,782.0753173828125,788.4051322735943,771.1959895406235,773.371867182179,53738,3965,67.98411007630816
2023-04-05,802.3504638671875,805.663689710418,778.5148686862138,782.0753519913449,84717,10178,76.2112272626922
2023-04-06,846.1644287109375,852.9887584400258,801.0646942226651,802.1031634338948,157283,8899,67.58595336698377
2023-04-10,860.5053100585938,865.4010193267592,833.2081134809206,846.2138182948806,113695,17479,56.374279198688754
2023-04-11,861.3460693359375,862.7801142407632,836.7192033878611,855.5107694213946,86442,11716,56.72144247080307
2023-04-12,871.8792114257812,876.280406125602,857.8844759220224,863.4230186768065,100460,3955,68.55054438775986
2023-04-13,868.4669799804688,877.2199292923158,862.4339227861115,866.3900416979743,36180,5282,50.12502194248508
2023-04-17,883.5497436523438,892.1048755295442,858.5273018996327,860.0602860095204,118145,16869,60.1414603319427
2023-04-18,869.901123046875,890.819126850648,862.4339603486252,882.1156769385957,48287,6627,51.44166042060259
2023-04-19,856.8954467773438,876.2309673824788,852.5931309083537,869.3571981679872,31239,8710,72.02186638703668
2023-04-20,848.9337768554688,863.3736493824207,845.6205508900317,856.895515714803,25522,10751,66.64680831314979
2023-04-21,843.4940185546875,853.5326949063679,840.6753078452059,848.933682311333,24937,9257,65.44761566261359
2023-04-24,856.9448852539062,865.9450323188719,843.4940437079229,843.6424223246727,71671,17387,69.92519722643969
2023-04-25,859.0217895507812,861.8900000129553,849.180931324699,849.180931324699,22639,16646,49.242254914863345
2023-04-26,866.4889526367188,876.2309320375704,856.4997761602984,856.4997761602984,54647,13400,48.4486884107844
2023-04-27,882.956298828125,888.2970835609417,862.3844923455152,863.8680369528994,72368,3522,49.62683089713419
2023-04-28,873.659423828125,889.4839001598052,870.3461982424141,886.1706745740943,44424,15634,46.32635720381239
2023-05-02,865.401123046875,874.549649204799,856.7965512360335,862.5329123213972,57749,11627,65.87356630588175
2023-05-03,869.2088012695312,878.2090085206678,857.4888224787726,857.4888224787726,31560,15109,64.96210379488264
2023-05-04,859.2196655273438,877.0222024821549,853.0382290847009,872.3243107857463,42911,13160,77.45677222651739
2023-05-05,851.1589965820312,868.7142750132731,846.6094837827046,860.4559005735432,63616,9999,77.82483138510045
2023-05-08,853.0381469726562,860.8020062510432,846.2138176506412,851.5051629555614,26166,3290,66.28705490698681
2023-05-09,842.6533813476562,866.3900963151958,840.675321767028,855.5107686217402,40596,12269,60.993013790170245
2023-05-10,849.527099609375,865.401014720561,840.477453423492,846.6094498294859,42979,7245,59.45845273100687
2023-05-11,836.6697387695312,854.4722744755841,834.7905580765467,852.5436543676445,45769,4477,66.68132720566366
2023-05-12,878.0606689453125,890.4729812096368,835.7302043935275,840.6753535319508,127081,7214,61.18135589255981
2023-05-15,875.1430053710938,892.1048908002838,866.983509418652,885.1816821133636,140928,14017,74.69204583066482
2023-05-16,871.9285888671875,891.4619261029123,867.6757730864502,877.2693735740751,65452,13975,77.81436917395877
2023-05-17,962.8204956054688,998.9200827545181,871.1374224716149,873.1649214575535,1322804,17250,54.7626031055446
2023-05-18,984.8759155273438,1019.0963846599102,965.8370908574211,970.6339218637437,538663,5736,66.30325994944515
2023-05-19,1007.4257202148438,1022.1127884540024,975.1833731985312,989.6726837721075,332996,11855,67.29452782385167
2023-05-22,1009.4037475585938,1032.8932043271511,1003.865205056242,1008.8103538496224,142169,5540,68.4012726540183
2023-05-23,968.6558227539062,1014.3984515936089,962.6227046767757,1014.3984515936089,163573,16904,62.73625220834374
2023-05-24,961.9798583984375,991.8980098261136,951.0015914072761,964.4029331141588,129211,4195,63.90391641718338
2023-05-25,971.1778564453125,985.4693496031887,956.3918483710088,956.3918483710088,78074,13985,69.74756381231632
2023-05-26,1014.7940673828125,1043.4264315972039,952.4356906427556,959.3588991936376,407280,7284,64.78306389166136
2023-05-29,993.7771606445312,1030.3713247029489,989.0298295358771,1023.6458735696327,103171,8151,49.665255944352516
2023-05-30,999.9585571289062,1041.398869111487,991.5518039137169,998.8212090897333,199587,10840,71.7910869309252
2023-05-31,999.8596801757812,1015.4863388143923,994.96397063285,998.9200898003762,90139,9315,78.5522462266471
2023-06-01,999.0684814453125,1012.3214446100187,991.0078643901155,999.9091326331404,58025,8224,60.21570544907385
2023-06-02,1093.669189453125,1103.509987565564,999.9091171219226,1009.5027181525898,675435,9075,57.45529131682764
2023-06-05,1091.5921630859375,1132.241385237296,1080.3666987850002,1107.762897213725,287473,11384,45.93086061753647
2023-06-06,1106.2298583984375,1122.153214422264,1071.9105717902157,1092.8779557713665,226097,5315,61.547395327154554
2023-06-07,1171.258544921875,1180.5554492220185,1107.6638802574587,1107.762879822761,416332,11989,71.12211176246626
2023-06-08,1185.4510498046875,1204.6382513534315,1172.000269173905,1172.000269173905,341783,15353,71.99154388538783
2023-06-09,1203.5997314453125,1229.7596413252131,1186.8852249014712,1187.775255110373,205709,15614,71.96103804691263
2023-06-12,1251.7655029296875,1269.6174171318758,1189.654387543157,1211.6109200055555,276498,6823,77.9030594744807
2023-06-13,1219.2760009765625,1263.9801002030083,1211.6110199307307,1253.1007722669888,176962,6343,67.90000403346392
2023-06-14,1210.424072265625,1232.6772423185455,1194.3029592882137,1219.2759612364914,156735,3007,74.58139650672341
2023-06-15,1199.149169921875,1236.2872883565788,1189.110613725364,1211.5615425894473,168388,7224,65.950739162483
2023-06-16,1226.1002197265625,1237.2763049865384,1197.7646119646918,1199.6931718214796,207704,6923,51.44538138534931
2023-06-19,1224.9134521484375,1236.2872952648743,1206.7152790159023,1226.1002396594192,162060,5968,54.3894452288694
2023-06-20,1243.160888671875,1259.0348643586528,1209.8306345850133,1224.913338183968,288963,13490,78.7566787626688
2023-06-21,1214.2318115234375,1261.4086044257886,1208.1987540170885,1243.160932562466,193808,16219,55.16439533011655
2023-06-22,1261.26025390625,1290.6838904902224,1206.6163573931583,1214.2318385694803,665439,3669,61.232137921236436
2023-06-23,1258.095458984375,1282.7717052532505,1227.4355338780906,1262.9911084104863,288358,10311,62.94598234092004
2023-06-26,1285.1453857421875,1299.4863182826994,1254.4854610004031,1256.0183847987842,291387,13024,52.86178939827325
2023-06-27,1260.9635009765625,1295.035650180882,1251.1227027140887,1285.6398670379697,169593,3860,76.80306155731267
2023-06-28,1260.9140625,1273.128555863899,1242.221375929351,1270.9032389086115,140873,9343,49.81469673816986
2023-06-30,1246.07861328125,1267.936146734733,1241.2323433323636,1267.8866469544823,93787,14716,65.99204612120776
2023-07-03,1258.9854736328125,1269.914301545281,1246.177585628547,1246.177585628547,114120,13282,64.19000828196113
2023-07-04,1277.03515625,1293.7992828375516,1236.6333153826345,1256.16665281271,319050,9121,73.22466140672829
2023-07-05,1264.375732421875,1313.1348295842236,1257.0568876864343,1286.7277819669953,233095,15097,62.235758068156535
2023-07-06,1257.600830078125,1273.8703212142077,1248.2050474294178,1264.375659736485,92093,12563,57.38396767248492
2023-07-07,1236.287109375,1262.9414111606598,1227.4847210100174,1257.5017478794098,91523,6265,45.5126748600677
2023-07-10,1218.5836181640625,1244.1006358353231,1210.720879380512,1235.298246283226,117507,15605,70.0752441829516
2023-07-11,1241.2322998046875,1260.9633944453708,1221.4517053854893,1221.4517053854893,151428,8001,51.140358780529596
2023-07-12,1250.2821044921875,1269.9143227972954,1241.9247298512685,1243.3093957824865,98056,16368,66.09986733765253
2023-07-13,1230.1058349609375,1263.0899552134533,1225.6057010008703,1256.0678676586056,61194,9409,51.35233423418715
2023-07-14,1240.7894287109375,1256.0943446058986,1233.3357477214845,1238.1061520813032,59825,5200,67.7337858294787
2023-07-17,1242.0814208984375,1262.2063591209774,1232.8885478832033,1242.2801371938206,84940,3711,75.15619492397077
2023-07-18,1224.391357421875,1255.9452743034858,1217.0867741550862,1238.3048955743964,118034,11328,68.02554151914546
2023-07-19,1201.5333251953125,1240.0440086951621,1193.582732472763,1232.2425138494439,108832,14782,63.235802316570215
2023-07-20,1174.8988037109375,1208.4901068523143,1165.656312361211,1201.5333381451053,154701,7115,64.05507059789704
2023-07-21,1184.4891357421875,1205.5085380598516,1173.7061693723701,1174.898709671587,158262,17326,75.32458069026828
2023-07-24,1157.30810546875,1196.2163412641078,1153.829721296023,1187.6197389739427,129474,9948,68.76214127110204
2023-07-25,1081.479248046875,1166.7493973324908,1075.416945799315,1162.7741012598078,426487,10067,58.02384094330837
2023-07-26,1031.0924072265625,1107.0702040325016,1027.6140232021837,1098.1755276967244,399628,17102,54.70987964498274
2023-07-27,1003.2157592773438,1054.2486636854767,995.8117575313222,1043.4159566306844,348825,5478,77.10119685482367
2023-07-28,968.9288330078125,1011.7129490250182,966.0467188111566,1006.1972373186555,337111,10193,67.80861091523195
2023-07-31,973.251953125,998.7435661852136,956.0588079004286,970.8170718879982,366955,12901,61.92664480145691
2023-08-01,964.0093994140625,989.7991475403386,957.1023096268248,983.5877467709181,204008,7819,74.0713438993773
2023-08-02,981.0037231445312,992.8302539361833,942.6918170687255,968.0343310580876,399440,15524,62.09604174800501
2023-08-03,964.4069213867188,981.4012890657383,958.9905679635244,973.9476083892896,200820,10890,71.58563591952415
2023-08-04,955.4625244140625,972.9538045013649,950.0958499523032,969.3263222335559,162556,9584,59.18383353079965
2023-08-07,1015.78759765625,1053.3044577750861,983.8858680171594,983.8858680171594,658244,10816,61.99520653891133
2023-08-08,1015.78759765625,1041.5276663454374,1003.7623501993243,1027.514770670295,199416,6224,67.55655294031864
2023-08-09,1023.2412719726562,1029.1048584424202,1005.9984480524769,1019.6137897341771,92061,12824,78.19822566962004
2023-08-10,1062.39794921875,1080.8830529774204,1021.8996176652756,1022.644985730677,264176,6925,57.24543781672244
2023-08-11,1050.3726806640625,1083.268233018119,1040.6331562810035,1067.3670479462933,176472,5574,64.1886737615703
2023-08-14,1007.88671875,1057.4288250592779,1000.6317544124064,1057.4288250592779,183763,13187,58.416040499279546
2023-08-16,990.2960815429688,1011.6136215875752,981.0535291249345,1007.8867810433507,180311,7404,77.47430695267435
2023-08-17,916.3058471679688,983.8858879569295,909.3490782632227,983.8858879569295,1401737,11873,73.0237512829294
2023-08-18,920.03271484375,938.9153738575563,914.417584084254,924.3061465941794,280309,17877,74.07416450187145
2023-08-21,920.778076171875,930.6666386088712,914.4175773403224,929.1759023819334,108981,15514,76.97684279943023
2023-08-22,945.02734375,959.6365092274873,924.3557543197384,930.2193406662813,253672,13518,52.312281592872765
2023-08-23,938.3190307617188,963.3633490876234,930.3186983795018,956.4563202481314,186215,4565,64.93482360285356
2023-08-24,909.1503295898438,953.0773696009022,893.8454739181876,939.1638313585534,230627,13494,63.4747762685059
2023-08-25,916.057373046875,928.5795325648664,895.4355227721555,899.1623631832493,219907,6043,76.9484516657582
2023-08-28,883.8574829101562,924.1073609565096,874.9130655665222,920.2811622450178,305147,16787,46.95000515673179
2023-08-29,896.1808471679688,903.5351694839745,890.5657169590258,892.8018210966782,133477,15392,74.58834901181262
2023-08-30,894.1435546875,910.3428753819785,885.4972728879288,906.0197648112976,146641,17011,56.44576536344243
2023-08-31,883.7581176757812,902.3923203256783,879.33558811523,902.3923203256783,151616,7389,52.22071805418774
2023-09-01,886.888671875,902.8395369219414,877.9939338400355,892.6031605838383,137755,12481,78.4176485447812
2023-09-04,897.5225219726562,902.3922843342194,889.5719291591389,896.4293397240814,149874,10458,68.27286151990137
2023-09-05,911.2373657226562,920.2314619345709,896.4790410512855,899.8580673441934,173730,11843,74.2226673600999
2023-09-06,906.9638671875,949.0523550430231,898.3176458744651,916.5046151295745,541825,10007,76.60989595032487
2023-09-07,916.9518432617188,919.1382077864665,901.5475694910845,906.9638623870942,108299,11326,66.16712368722509
2023-09-08,894.9385986328125,925.7471456151746,891.7086703201454,919.6848428916063,301288,15276,70.00223958737963
2023-09-11,918.0947265625,922.2191209985284,905.4234688028655,906.3676138656178,229181,5088,54.15230099308748
2023-09-12,894.0441284179688,933.5983757848135,886.988001631856,923.1134830932986,253092,6999,58.12525846092587
2023-09-13,896.1312255859375,918.8897616520329,889.1744567113894,902.8892175038565,143151,17408,65.38023739579737
2023-09-14,931.3125610351562,943.685683493301,899.4108309626387,906.2682416719364,370608,6202,48.364668199129845
2023-09-15,927.0391235351562,942.8906303214783,919.3369866339794,933.2505242619117,139116,4910,51.05428877394512
2023-09-18,900.75244140625,930.1696709206304,893.4478585942634,921.274933166721,183374,12077,63.03307436066378
2023-09-20,881.820068359375,902.0941032639477,875.5589889694414,894.4416459392704,291763,12962,59.658857367249006
2023-09-21,884.7022705078125,904.2806183954766,879.1368188725946,881.8201562093772,155882,13913,47.51771549595606
2023-09-22,866.217041015625,886.4910764442244,862.2417447087003,884.503428290762,192218,11964,64.55710694729629
2023-09-25,875.9566040039062,881.5716738893685,868.6022812494937,876.4535160641176,110118,10947,59.7660382889149
2023-09-26,882.5654907226562,887.8824861179431,873.1738407305637,882.7145886027728,119522,9264,45.38226110797827
2023-09-27,863.1859130859375,888.1309344822578,858.6640255460119,886.4911004479659,200029,10704,60.230324135695085
2023-09-28,868.2047119140625,884.4040933157339,863.6828243781141,870.8880491231756,123896,10800,73.4746753104555
2023-09-29,872.2794189453125,878.242363505962,862.2417592066273,878.242363505962,70823,12471,74.56841307131077
2023-10-03,869.1985473632812,888.4787594719294,845.7443224950916,871.5837495043423,110873,5679,62.84724017037371
2023-10-04,845.7442626953125,879.1367263598357,843.3590607229012,868.6022157411318,233428,3719,59.650665081620794
2023-10-05,848.924560546875,864.7263273828112,843.5578861297136,855.6825523127086,183716,13714,77.49982895280687
2023-10-06,845.59521484375,858.1174349523134,842.8621985570434,853.4464495306637,161598,12019,63.49161986120798
2023-10-09,843.4088745117188,850.3159037076816,831.5823430688474,849.1233632749645,143220,12661,47.8362537504507
2023-10-10,845.8934326171875,849.3220773395419,840.7752140837714,842.7628623440168,74492,3575,74.53154185115713
2023-10-11,850.9122314453125,856.2788453473887,847.7319821006315,849.8189885084038,73542,5958,59.42110150472573
2023-10-12,863.3350219726562,871.0868379482548,847.2350591567453,852.7010917964662,123671,4822,54.893694699693285
2023-10-13,845.0486450195312,863.7822662519266,844.3032769225498,859.6578718520111,244365,5512,55.1000188969239
2023-10-16,849.02392578125,855.3844243540768,844.601396356254,847.7319665687661,87385,14874,62.596726844772206
2023-10-17,852.2042236328125,854.688784051567,846.290957704534,854.688784051567,53292,15752,56.45936874241982
2023-10-18,840.92431640625,854.9372124516765,838.7875702519209,852.7011081470949,100247,17618,60.42971973096206
2023-10-19,835.1600952148438,845.1480763894233,833.6693589987228,842.8622323314684,94036,10783,67.65214825543205
2023-10-20,822.5882568359375,841.2224595521457,818.9110953682966,836.7999299758566,103086,4040,47.69153962644792
2023-10-23,796.8978271484375,828.9983939771791,795.1089559072027,824.873999715319,113458,17196,49.05208841640375
2023-10-25,788.1025390625,812.4512303702318,785.1210666574716,812.4512303702318,71968,8626,77.82065065451567
2023-10-26,790.3883056640625,795.0096120570461,754.8094145175878,782.189256724273,181268,13426,64.28948454668227
2023-10-27,801.9166870117188,807.9293106585229,796.1027796574696,805.9913415404399,57261,5502,49.60800401356352
2023-10-30,800.6743774414062,806.1900888375234,797.3947095199575,803.6061098890548,34417,17327,48.486581274883456
2023-10-31,801.7179565429688,808.9728607299115,800.0284433508339,806.9852124234498,39938,6180,77.10439465614189
2023-11-01,796.0531005859375,805.7925645913022,794.910178612699,804.9975174464537,47054,16232,66.79876617381875
2023-11-02,806.2894897460938,809.966651091279,798.8854879817769,807.9293237937957,59200,13270,46.4174729612109
2023-11-03,825.9672241210938,833.6196821829006,808.9728554745328,815.5818103138688,143956,4382,66.66879021763384
2023-11-06,837.8434448242188,846.7381831758422,833.8184691133,845.6946799408948,67494,14656,67.73767918510796
2023-11-07,843.359130859375,860.651694951948,839.7813882614273,853.6949260551078,139762,6007,52.8007580814415
2023-11-08,836.9490356445312,850.2165638385752,831.830816987595,849.4215166469321,59382,5992,66.2266174933959
2023-11-09,809.2213134765625,843.2597905862614,799.6806259076399,841.4212401735479,175493,6056,66.58814598619082
2023-11-10,804.8484497070312,814.9357889185144,795.0593062619653,810.9604923872046,235832,4415,64.57375150386548
2023-11-13,812.3020629882812,814.8363628422965,804.997480484207,809.9666007341095,54303,5830,49.379116390083624
2023-11-15,816.12841796875,830.6382265418282,812.9978475798108,820.8490827614025,80072,7914,60.521649932411634
2023-11-16,815.4326782226562,822.8863590107975,811.556739949539,819.904886695541,50476,11537,65.28548432747388
2023-11-17,815.68115234375,819.9049048840618,810.9604877398721,815.929608375533,32601,15278,70.07785594943626
2023-11-20,817.6687622070312,821.2962443640314,813.9419219052672,815.6811140460904,47209,13794,59.227516040685785
2023-11-21,841.0236206054688,844.2038697662831,818.9110350120014,818.9110350120014,141178,13950,73.13257800046104
2023-11-22,849.0736083984375,850.7134424514937,833.7687534221568,846.73814599144,124527,14715,56.06612366628396
2023-11-23,838.8869018554688,858.3658906872237,832.8245990848413,851.7072570593186,87605,7778,62.07077818968011
2023-11-24,837.6445922851562,848.2288428831855,835.4084881299282,841.5702094893093,38495,9103,58.95005475991056
2023-11-28,831.9301147460938,843.2100544712736,828.3026932418618,837.6446032173683,35554,6025,73.06019303421164
2023-11-29,832.9736938476562,841.769012871161,830.3897147922053,835.8060682699485,37898,15556,49.495340488176666
2023-11-30,833.967529296875,839.781376098891,823.5820551767911,831.3338711322158,49968,4633,55.669826323811584
2023-12-01,832.675537109375,844.7505247559359,829.8431625543606,839.9801809830742,52818,4440,60.10757977874833
2023-12-04,833.2718505859375,844.2535950467218,826.9113519161799,844.2535950467218,119446,15089,52.22910063070207
2023-12-05,882.4661254882812,891.460221499978,834.8122475585078,838.7875439754531,683162,13628,57.64956235830369
2023-12-06,912.9268188476562,929.2255587946108,875.6584140831666,893.3485320712797,1059361,8488,66.35077484055907
2023-12-07,893.2490844726562,916.8027276562805,887.9818289006902,914.3181674187297,293039,7776,48.07925938959524
2023-12-08,878.639892578125,914.3182032508729,869.6954753724099,905.423465120214,295209,11856,51.67939605679385
2023-12-11,871.1365356445312,906.3676134525929,868.6022962254015,886.4911307014395,159097,16445,72.61200146997581
2023-12-12,854.4899291992188,874.5651876845279,850.5643119637659,871.981269347834,159589,8066,67.94326468081452
2023-12-13,854.1918334960938,864.5276286358869,847.7816557727707,859.6578661711706,124376,12847,77.28837639392161
2023-12-14,855.5831909179688,865.5214319059428,850.5146516191764,860.6516695585518,132529,4403,62.800703159357155
2023-12-15,843.4585571289062,859.6578784289305,841.2721318960574,856.2291730249416,147477,6382,49.9642549970188
2023-12-18,860.6019897460938,865.6207893090683,847.2350434971075,848.7257796440233,169009,14952,56.60412539260139
2023-12-19,855.4837646484375,872.5775511302388,853.1979813727904,862.6393102289833,137998,3167,65.5926067794956
2023-12-20,837.4955444335938,866.813354096472,834.8122073497567,857.6701606462382,189991,14305,63.18666816992422
2023-12-21,848.7755126953125,853.694954424629,824.9237328278025,824.9237328278025,94494,12465,72.14287523793321
2023-12-22,847.6326293945312,858.4155970009548,841.8684008823118,854.7881146432522,77558,11562,54.973682450876986
2023-12-26,859.4591064453125,866.5649733286541,850.2662331256585,850.2662331256585,127092,10769,51.037608314721965
2023-12-27,860.1050415039062,881.0747048248339,850.2661590849989,864.577249756463,192997,6612,49.759366530556626
2023-12-28,857.0739135742188,867.5090664473227,855.6825355945216,864.5772732703804,106036,5343,73.07487346798369
2023-12-29,868.0059814453125,874.0682841099092,854.6887144224239,859.7075139277977,144206,6515,68.59867234858604
2024-01-01,873.1241455078125,880.528147138531,869.5464030332871,869.5960821063371,114388,10995,69.25921921214722
2024-01-02,870.3414916992188,878.4908617891067,857.1236427522432,871.4844137249403,115351,3442,65.34743210748879
2024-01-03,878.1926879882812,881.1244205492359,866.6642920627611,870.3414533550236,157298,9885,73.27395378049609
2024-01-04,867.9562377929688,883.6587068158871,866.117687504464,882.4661057857883,88496,3906,47.155594310080176
2024-01-05,875.2112426757812,905.870692764425,862.341208085226,881.6213597754665,596543,6225,55.662848942235556
2024-01-08,862.7386474609375,879.4846193685368,859.6578171195146,877.5466503081287,132396,16201,48.366389473155
2024-01-09,854.58935546875,868.4034738636332,852.7507445154693,865.6704576282394,113669,15007,68.17483618584015
2024-01-10,846.8872680664062,860.6020291137618,842.762873607988,860.6020291137618,112411,4748,51.32630742549232
2024-01-11,832.12890625,853.9433573622665,828.6008428289668,851.7072531387402,224876,9294,72.34521193026279
2024-01-12,815.8798828125,843.8559940022838,809.7181614437292,834.8122192239737,384461,8207,46.99506827722921
2024-01-15,829.246826171875,832.7252104080687,819.9048556742431,819.9048556742431,79922,13843,60.58801629827034
2024-01-16,825.2716064453125,833.7687908787667,820.0540296070952,832.8246457954467,90618,9909,65.9241845128874
2024-01-17,822.1409912109375,829.6940301488663,818.4638298892315,824.87400750085,76564,14118,78.17961659928172
2024-01-18,815.4326782226562,824.8243281473561,804.9975251192584,821.892534905712,94408,13251,78.97490256349161
2024-01-19,820.9484252929688,828.7996603251592,816.8240914738508,818.4638649230619,53510,4845,49.16732943561206
2024-01-23,800.8731689453125,823.8305432605956,789.6429681548763,820.7993917274292,150480,13989,78.67350950154966
2024-01-24,804.6994018554688,816.9234263961782,796.5003528679158,804.0037128400343,77819,8594,66.90701506782129
2024-01-25,806.0906982421875,813.7431558963199,804.0036919084282,805.494428049173,41279,11921,56.019397985817974
2024-01-29,804.5999755859375,814.5879564228867,798.7861288028801,806.8858195666224,126327,14218,62.11362515934648
2024-01-30,806.041015625,810.0163119828405,803.1092224294508,806.9851606416288,56995,6187,76.07973604718457
2024-01-31,807.0845336914062,812.4512081368787,803.8546053410149,804.9975273282835,63162,10204,67.64213403509666
2024-02-01,801.9166870117188,811.9046070409664,797.0469246799418,806.4882535882452,75444,5376,70.17565998540883
2024-02-02,799.630859375,808.9728303275706,792.7238302961915,802.6123317226446,93786,5030,60.27710713085539
2024-02-05,795.8543090820312,802.0160304937987,794.0654378742814,795.1089410239515,119275,16376,72.07856689579921
2024-02-06,793.9661254882812,797.394770226484,789.0963629648859,795.8543549493157,65989,11105,75.66820738567407
2024-02-07,785.6179809570312,804.9975516447759,782.5868294682826,804.9975516447759,98829,5532,77.49326428192128
2024-02-08,787.108642578125,796.5499709928878,782.6861134522002,796.0530589710582,84157,5610,48.34390251589104
2024-02-09,851.707275390625,878.4908476993702,781.1457624936187,787.1087072454784,1738770,14314,71.554985575811
2024-02-12,802.0657348632812,863.6331505341531,795.0592870279891,863.6331505341531,430489,9512,53.9128143135683
2024-02-13,793.220703125,814.9357347197996,787.5062147412941,813.9419106530681,164264,4015,67.86133631586432
2024-02-14,805.1962890625,810.9604566472234,785.1210303324834,785.1210303324834,102119,7383,72.39051009359949
2024-02-15,806.5379638671875,813.9419657975992,802.0657552639041,813.9419657975992,109017,7894,71.82745979619163
2024-02-16,803.6061401367188,813.4947020281676,800.0283976527354,811.9542868102917,77051,3984,73.46757933313579
2024-02-19,791.6305541992188,808.4758843891217,781.3444992941829,807.9789723520048,149258,12488,58.10110750671528
2024-02-20,796.0531005859375,806.8858074914018,793.3697633961409,793.5685403469053,82090,12352,72.51772633325828
2024-02-21,795.6058959960938,802.0657528480459,791.5809203969043,796.2022268696622,75703,17908,69.16135361385312
2024-02-22,795.1586303710938,801.5688078850524,790.139830846813,790.139830846813,77715,5620,60.146298154457284
2024-02-23,790.2392578125,804.9975214423256,785.1210394314039,804.9975214423256,87436,10003,49.61262267745171
2024-02-26,787.4068603515625,797.6929766785877,785.1210769427387,795.0593184230265,74573,3230,46.45174127893546
2024-02-27,787.6055908203125,793.7673123060059,783.1333824181783,789.2454248310452,70872,14112,71.33894421292973
2024-02-28,778.5120849609375,789.8913830447301,776.7232137114552,789.8913830447301,71967,6306,51.90322733767106
2024-02-29,776.872314453125,785.1210423870688,770.2136808227574,776.5741793534806,40415,12102,62.19013355177523
2024-03-01,781.6923217773438,788.5497322258308,779.4065385139176,780.1519065775266,56279,6366,67.3340863962919
2024-03-04,770.2633666992188,783.5309550035596,768.226039399078,781.1457528689201,78792,9045,74.69557468225439
2024-03-05,772.05224609375,785.1210575813311,770.1640166539871,775.1828163461244,68390,15477,73.0110046636683
2024-03-06,761.36865234375,777.9655276777648,755.6541635165859,773.195183918905,92542,9912,52.66531666437874
2024-03-07,763.0084838867188,770.3628067898754,760.9214774549047,762.958804811335,56221,11399,45.841423647054384
2024-03-11,757.5424194335938,767.7291164479517,755.3063152109298,760.3747938523511,99069,13258,54.41219479120276
2024-03-12,750.9832153320312,758.7847103566314,745.3680848296968,756.7970621304189,92548,5569,49.869330728172905
2024-03-13,718.6839599609375,752.6726974412261,707.354340362033,745.4674723374329,247932,6166,48.85338416101255
2024-03-14,724.6468505859375,733.9390814500175,713.9135020192085,718.6839061191804,115590,12902,52.29207813152037
2024-03-15,728.224609375,734.2372330491838,720.5721516723073,721.0193846490106,108340,16316,54.53627352275915
2024-03-18,719.777099609375,735.3801500066255,716.0502592593092,731.4545327062478,75271,9137,65.99081318931871
2024-03-19,718.6342163085938,726.9823634052402,715.5533857167094,719.9262362260408,70446,12893,63.63329136951512
2024-03-20,698.857177734375,725.8394679124189,696.6707523997657,718.6342425844612,170008,17195,67.69193432714656
2024-03-21,715.7024536132812,718.5348280497788,706.6586178611592,707.403985940049,89066,17557,64.97769179230022
2024-03-22,709.8885498046875,719.478976731678,706.6586214464444,715.702457244451,133326,10410,59.39112026491722
2024-03-26,691.8507080078125,712.5222382476219,687.726313511762,709.8885799802817,316602,16355,57.813482110735556
2024-03-27,669.6883544921875,697.0682573405085,663.9241867666184,691.7015828653383,387328,10563,45.471450611716705
2024-03-28,661.3899536132812,694.0867915112416,657.2158801665742,668.8436345330402,547252,9607,78.71003873636258
2024-04-01,745.7159423828125,756.300194066343,678.9310066238928,683.7510295895454,726106,9947,69.46909978526972
2024-04-02,761.269287109375,776.1269700534,756.8964366538173,775.1828249938806,218574,15107,66.20966621197522
2024-04-03,755.902587890625,762.5612215071882,750.4365553283761,761.269262305935,114721,17087,64.31501137066977
2024-04-04,778.46240234375,784.0278536768373,756.4492350100529,756.7970491804044,181608,10331,56.447357742185034
2024-04-05,800.9725952148438,810.562961979855,772.201373603384,779.158142734946,406641,5981,64.62575807507876
2024-04-08,802.0160522460938,813.9419414988238,795.0592835153346,808.972820976853,121064,15861,48.95619633910541
2024-04-09,790.785888671875,808.3765882670868,783.1334305815046,804.9975618921558,80173,12897,70.97534237769528
2024-04-10,794.0158081054688,795.0593113199338,777.2698349658657,793.9661290301535,95634,8839,73.42687452232843
2024-04-12,790.88525390625,797.3947900185734,784.2763596412732,794.0158242715951,65958,8044,47.02269266048545
2024-04-15,768.6732788085938,775.6300476582138,746.4115942265253,765.2445734582103,114263,7423,47.47709538309409
2024-04-16,762.2134399414062,773.9405527177178,757.5424543294772,757.5424543294772,58779,10768,65.96812801980545
2024-04-18,756.44921875,774.1889542207877,753.3186486512927,764.2507134734091,61186,4867,60.52484296067315
2024-04-19,764.3004150390625,767.878218208339,731.5042196075128,731.5042196075128,125347,8047,73.76309449484069
2024-04-22,782.4376831054688,794.0157578571456,769.8658449357428,770.2136590991496,90881,15312,77.40876567523864
2024-04-23,789.7919921875,796.0530716304804,782.1395347979876,787.1086550953065,91798,4865,65.80866457686432
2024-04-24,792.3759155273438,803.7055341406987,789.2950851866597,796.0530767024296,64532,3902,73.25879166092058
2024-04-25,787.2578125,797.9414219471308,784.1272422126724,795.0593076934575,54463,15086,70.61677032923191
2024-04-26,790.04052734375,796.59974252999,784.4253965820079,787.2578318301396,46542,3415,68.75872447812654
2024-04-29,787.2578125,796.3512669368171,784.6241542799809,795.0593076934575,41289,17478,65.64965041235797
2024-04-30,786.2142333984375,794.7611571854642,781.1457546733828,790.3386277404678,50481,15452,74.06257986417343
2024-05-02,780.301025390625,787.0093381431049,778.6115122694696,786.2142303273541,50326,10278,45.54161616176797
2024-05-03,774.2386474609375,783.8290742209393,769.3192060693211,780.1519129454781,48230,13570,64.96317142709717
2024-05-06,779.1084594726562,782.1396110177661,760.2754795788959,771.2075452983311,82116,3519,58.87021356099389
2024-05-07,766.4371948242188,784.1272525213209,764.2507695676753,782.1396042259564,52187,11732,75.91391700127261
2024-05-08,769.91552734375,775.2324619114786,760.8220127433159,768.1266561303784,40117,15853,45.00722305186602
2024-05-09,769.2695922851562,773.6921220056561,765.2446164988505,773.1952099170204,61683,3649,57.06465589050639
2024-05-10,762.4618530273438,774.1889651430552,758.4865566723088,772.3504148421349,28610,16373,75.0068239608556
2024-05-13,738.1131591796875,762.213393212157,735.4298220217503,758.4865528978576,57014,11594,53.4529473164271
2024-05-14,749.5421752929688,750.3372224699038,740.299622962399,740.299622962399,31003,3140,47.98737216158017
2024-05-15,736.3739624023438,759.1822371140685,733.0446153475812,749.3433544829063,61446,11963,66.57923850187603
2024-05-16,740.5977172851562,745.86497278276,737.6659241145951,740.0511261722536,35371,17495,75.58414717710477
2024-05-17,759.0828247070312,765.4433231203113,741.3430890363393,741.3430890363393,47049,13455,76.54578449357058
2024-05-21,772.8970336914062,792.1771853101861,760.5239112107618,768.5738623552621,60637,3797,76.90329351869909
2024-05-22,780.0526123046875,789.0963879537181,766.2384321313812,774.8847145088644,47795,14526,48.72371342961431
2024-05-23,779.0089721679688,789.3447667481299,777.7170130100004,787.1086625930361,54340,7997,52.07001526557651
2024-05-24,778.1145629882812,795.059251146704,770.114291405259,785.071331435815,108085,4038,57.9131463159634
2024-05-27,767.5303955078125,786.363375689135,766.238436216522,782.3880790031867,49861,14698,62.6278934881109
2024-05-28,756.1013793945312,773.5927203252892,751.3310357436739,770.213694049401,65286,10343,70.33828913397092
2024-05-29,761.7661743164062,765.2445586740155,751.7285751477322,754.312493550101,24672,14574,50.73157922973073
2024-05-30,727.6283569335938,769.3192304250808,715.5533695590013,769.2198722759264,93999,15463,53.09352046538263
2024-05-31,698.0123901367188,705.5158112392423,680.769564838048,697.6645759362186,241907,7275,57.163268072788355
2024-06-03,697.0682983398438,713.5657553278712,696.670744407852,706.7083442794016,110394,4906,67.91064250147177
2024-06-04,685.2914428710938,705.366703195116,665.8621925195176,700.1491263134332,157469,16673,60.442809806011944
2024-06-05,694.3849487304688,706.6586527726017,680.5210896465526,690.7077872279723,86720,13424,54.92311727394259
2024-06-06,719.131103515625,727.4295712496249,700.4472223329449,703.6274716244715,83698,9857,74.40642246749506
2024-06-07,737.8150634765625,740.3989819691434,718.5845300331754,719.180860910225,57766,12430,55.32890837300582
2024-06-10,762.859375,774.188994301848,745.4177737170113,752.3248635256725,119352,10038,51.242903756649625
2024-06-11,808.82373046875,819.9048935970118,775.1828084917203,780.1519290589748,449184,11276,76.12482275633411
2024-06-12,794.6617431640625,843.7566790217826,791.1833587393555,814.1904114117732,632573,4377,71.15685745547162
2024-06-13,803.70556640625,809.8175482613414,789.0963399209087,804.9975256120101,133502,5349,73.07034478936299
2024-06-14,793.4691772460938,806.7367045763982,791.0839751682328,804.9975124199353,64333,6647,61.7039260850769
2024-06-18,779.5556640625,802.5626560476754,773.1951654306347,800.0284166730861,147850,11374,77.50526965254124
2024-06-19,771.8037719726562,784.8229040805496,767.1328472281589,780.151918677843,100063,5034,46.21897491095631
2024-06-20,797.4445190429688,801.221038666265,776.2263371301623,785.1210753688314,146951,14835,62.45556426892018
2024-06-21,780.3507080078125,809.9666545327037,778.6115158048282,797.6929509634983,95446,4170,52.62147664548109
2024-06-24,780.9967041015625,791.0840437467953,777.2201843660723,784.1272745178661,101865,15607,53.19963637285589
2024-06-25,785.1210327148438,793.0716254511966,778.9096321395681,778.9096321395681,74078,12306,56.03221299496438
2024-06-26,779.5556640625,785.8167438874299,775.2821718195412,785.1210548717243,51654,17677,60.44247526198194
2024-06-27,763.1078491210938,780.1519575525652,759.9276603684683,775.1828368038227,66902,15975,45.875568364430784
2024-06-28,761.6668090820312,771.2074961108406,757.8405499293395,770.2136720179143,63151,13424,66.15936633166132
2024-07-01,765.8905639648438,773.4436028323353,764.300409016071,769.2198504236782,44520,6978,67.77327882539439
2024-07-02,809.6685180664062,829.5450003527635,767.2322162533915,767.2322162533915,616350,15027,58.904321884283746
2024-07-03,837.5452270507812,858.6143092666429,805.9416340560923,816.7742799214512,835888,14444,53.37920431234309
2024-07-04,823.681396484375,843.7566553028454,820.8987011544762,839.7813589292159,185180,12745,52.459100742246605
2024-07-05,813.9916381835938,826.9610308948962,810.7120306997787,817.9172556125257,117294,5067,56.375842178897955
2024-07-08,833.4706420898438,843.8560558613575,809.8175789513717,810.9605009795173,234239,10069,62.08629826126786
2024-07-09,854.6390380859375,861.0988946691143,830.8866180783576,834.7625562915472,382722,12814,78.8622298453653
2024-07-10,852.7010498046875,873.5713552194876,829.4455423649132,871.5837070847447,280045,12562,70.4201877770939
2024-07-11,853.0986938476562,867.6085025013464,849.7196673982259,860.6517332945773,180392,8256,78.16945202664971
2024-07-12,842.21630859375,862.0431130015377,837.7937788867265,856.6764381973408,123164,6211,71.75515717066665
2024-07-15,846.3903198242188,852.9495346271033,840.7751893906546,842.2659255420565,91326,15931,67.60968287429162
2024-07-16,852.1047973632812,863.633132521458,842.2659146282344,852.701067552832,149498,4763,48.48780508345462
2024-07-18,831.830810546875,853.744620843618,829.843162254051,850.7134693287037,87458,9435,54.759840216263555
2024-07-19,829.892822265625,839.7813844269094,828.1536300493563,832.0792474691478,101086,17493,55.1997688814053
2024-07-22,828.600830078125,841.4708640982365,798.0407394935345,814.9357489224138,145438,15905,47.31895660787092
2024-07-23,853.6452026367188,857.3720429235738,804.0533569563528,820.302417001965,173289,5935,72.77762979361981
2024-07-24,900.6033935546875,920.9767871975615,850.5643147247038,852.7010607602884,776597,9337,53.03989906638874
2024-07-25,901.746337890625,920.2811829553326,880.776672131926,893.4479303205659,324948,3262,46.79614347494168
2024-07-26,874.1676635742188,912.3305336912545,868.6022728171639,912.3305336912545,166835,8858,57.36230293324976
2024-07-29,871.8321533203125,882.0685289677526,866.7636748968655,878.9876986567486,95341,14972,65.09578221853482
2024-07-30,943.7850952148438,954.0711505433552,867.9065876282664,870.4408269902551,661489,6405,76.46490160050881
2024-07-31,973.3513793945312,992.7309499735177,936.2320116598536,946.1205739074402,733343,7548,70.25015102992174
2024-08-01,963.313720703125,989.8488372056413,945.9714774377092,965.9970579958668,253244,7483,46.224773275812865
2024-08-02,974.0469970703125,992.830297227082,939.8098046164275,950.0958600090995,255450,14414,65.7439718404927
2024-08-05,906.76513671875,952.5804036481416,899.4108140861431,952.1331706697165,320122,15863,54.515262176031165
2024-08-06,894.7398681640625,932.5548648575357,891.4602606078499,914.3182160080512,127462,16175,53.22019268347996
2024-08-07,948.4063110351562,954.9655863831367,896.4293235842521,909.3490366736038,228697,5577,67.71346490234424
2024-08-08,911.03857421875,956.5060272737136,903.3861164363273,944.4807191418465,270678,14935,49.095234828498704
2024-08-09,939.1637573242188,944.1328777333416,915.858570473791,915.858570473791,143559,7237,54.926415254372486
2024-08-12,938.2693481445312,949.102055554988,917.7965950838026,939.163814135564,160384,7353,59.745302944466715
2024-08-13,880.03125,921.573085694445,876.0559535573123,921.573085694445,377519,7544,66.56953120800895
2024-08-14,860.3535766601562,889.8204262398973,836.7502531559952,879.5343705761057,376383,9897,66.28515126526332
2024-08-16,849.2723388671875,874.4160754691139,844.7504515230291,863.3349735881771,154958,7598,47.21094580635132
2024-08-19,871.4346313476562,879.0374099194574,850.6637442068928,853.6948955577319,130116,16359,45.712143196567865
2024-08-20,882.81396484375,885.4973021333722,866.6146436142542,874.5652366749355,61008,6308,49.23599899236089
2024-08-21,912.7777709960938,916.5542905032833,879.5840212757105,884.5034627789885,165538,3363,67.17364499462421
2024-08-22,906.0437622070312,924.749245925423,903.3002912616671,912.8276054575186,90680,12844,66.93342645953533
2024-08-23,904.248046875,915.0722624177652,898.3620303158327,903.8489722000494,55733,7242,45.21401945333068
2024-08-26,894.3216552734375,908.3382855020927,889.8822083117701,904.2480441024982,64849,7801,58.241407727117036
2024-08-27,890.0319213867188,907.290836315803,886.8893756209385,897.8632599087116,78566,4774,47.67733053920865
2024-08-28,887.537841796875,927.6423513504204,882.9985955695238,891.0295321931462,174954,16940,60.28856374787506
2024-08-29,897.9630126953125,903.300347583229,877.5116825547126,897.8134053503851,117150,10165,72.06181734370963
2024-08-30,1069.6544189453125,1077.5356877469403,928.7398244012944,928.7398244012944,5396601,13898,77.20509898342263
2024-09-02,1096.64013671875,1151.2601480768137,1041.6210506932964,1047.5070671409483,2859894,12833,53.906741481712125
2024-09-03,1118.9371337890625,1161.2364943660566,1100.4312472607212,1100.8302001780278,1286110,17257,61.13748511931617
2024-09-04,1098.934814453125,1116.343336992506,1078.7328907944134,1097.3385156532215,350094,12476,47.52185075464484
2024-09-05,1055.7874755859375,1086.1152037090792,1047.9560153145592,1073.1460677841442,308505,5054,54.75108873280254
2024-09-06,1084.8681640625,1104.7708725116024,1000.917986697168,1056.4358278042087,346110,17216,77.44741427435676
2024-09-09,1087.811279296875,1122.3291102424535,1062.5214877021788,1084.868209895049,427535,5206,45.75363408944858
2024-09-10,1236.307861328125,1285.341197271296,1082.5737388771533,1092.4003293558983,2189756,13081,68.35724642937663
2024-09-11,1224.38623046875,1265.7877024339557,1212.1153840415625,1232.0679006513003,501500,17644,47.03911324950159
2024-09-12,1208.2745361328125,1236.9562784550521,1197.150983884784,1224.386217480361,190714,6529,54.132276139591795
2024-09-13,1214.31005859375,1256.9087527448282,1205.1319500703116,1209.02271499369,270403,5694,59.03507629127937
2024-09-16,1312.975341796875,1337.3174366142864,1209.222254584726,1209.222254584726,1991414,14371,60.30044992492678
2024-09-17,1305.5928955078125,1366.4980020977775,1274.965830758138,1366.4980020977775,768646,5393,55.0441215635726
2024-09-18,1328.288818359375,1339.8114450239373,1286.1391284470435,1291.9254067803417,580174,3528,77.48619595616752
2024-09-19,1314.3720703125,1338.6642356430104,1261.996712671964,1331.2319716995537,337495,17350,58.79887478963918
2024-09-20,1286.239013671875,1335.5715615758688,1271.9729157865418,1320.856580785397,201104,8472,49.23863708852629
2024-09-23,1306.5406494140625,1316.8660520570477,1274.4669556839988,1298.2603065866583,262576,16548,47.04719354214676
2024-09-24,1297.56201171875,1346.6950820125344,1289.4812671534341,1326.8423043803687,241930,10384,72.947353013725
2024-09-25,1218.2508544921875,1296.9136299200861,1198.8469582685436,1296.8138916892697,303139,14372,51.688621686279056
2024-09-26,1317.0157470703125,1326.8423370146604,1196.9515043138445,1224.086877832322,676573,13062,50.886230196578005
2024-09-27,1252.9681396484375,1319.011044094956,1238.0536818786982,1316.8661241578416,200663,13131,65.83443955862066
2024-09-30,1230.8209228515625,1266.9848608076875,1210.1201859525393,1227.2294940589168,148228,4052,70.4296112751556
2024-10-01,1218.7496337890625,1276.9610772923443,1212.1153975860925,1225.3838699920325,124040,12023,51.06918131203958
2024-10-03,1188.322021484375,1222.04170117848,1153.305379510287,1202.13911475429,257443,11713,64.16262466011544
2024-10-04,1171.8612060546875,1235.9586656589393,1145.7732662332,1181.1889832129812,273149,11153,59.760018029008556
2024-10-07,1098.984619140625,1187.87305859676,1089.4074352745313,1176.2008847881616,217633,10767,75.22636547189539
2024-10-08,1175.5025634765625,1186.1771111387834,1089.407405688437,1095.393160664747,197915,16963,62.13148012292637
2024-10-09,1144.426513671875,1192.961035439135,1134.2506569736922,1162.2840406725743,115529,9480,76.13290196740095
2024-10-10,1118.687744140625,1165.8255664632454,1106.3670890113422,1147.1200814145866,117086,13008,71.1225780383611
2024-10-11,1106.965576171875,1137.1437569721375,1101.1294895302372,1117.3409089683946,131306,9258,66.63010013965041
2024-10-14,1107.863525390625,1127.616566270979,1088.8088956855267,1103.374208988772,110663,15964,45.17592064482762
2024-10-15,1110.0582275390625,1120.9823035955446,1093.5974011185126,1112.3528156917023,82103,14542,52.29213503378659
2024-10-16,1113.1510009765625,1122.229372090623,1099.6830516526973,1099.6830516526973,78887,10922,61.648895269686946
2024-10-17,1078.8824462890625,1132.1058837738615,1072.447808152349,1123.3267274228324,109251,15079,75.82885961524258
2024-10-18,1086.564208984375,1092.4002957976052,1059.0795683550762,1077.4359081839393,80191,16660,70.63895295605383
2024-10-21,1048.3052978515625,1122.32908763017,1036.5831940474252,1093.3979378157035,126004,10156,65.87586062543966
2024-10-22,1004.1104125976562,1062.471524507207,994.882373535035,1046.509510993484,207403,13913,65.96738898988204
2024-10-23,1040.1246337890625,1050.5997046796476,997.6257991033581,1004.1602359094358,192228,17017,72.23510027759623
2024-10-24,1025.9583740234375,1049.0035051295288,1022.8158284679499,1046.509440685569,69917,13942,60.92050791558873
2024-10-25,990.8419799804688,1032.5427272206039,974.8300976929235,1031.0962184888701,107067,7322,59.922289463295286
2024-10-28,1011.5925903320312,1024.910870789475,977.6733121552176,977.6733121552176,87130,15326,63.539503794848656
2024-10-29,1010.3455810546875,1021.2695963061009,992.6377221914728,1011.6424824835209,73091,12125,47.326618952720075
2024-10-30,1058.4310302734375,1078.4834060216078,1002.9630608582919,1002.9630608582919,199357,6599,67.966222212389
2024-10-31,1053.29345703125,1065.4644441037544,1039.5261711199553,1065.4644441037544,81878,7415,59.07524668485384
2024-11-01,1070.3028564453125,1087.21268747566,1062.3717797416834,1066.0629466318194,22563,10749,54.297891148638556
2024-11-04,1039.4263916015625,1082.424041137659,1013.8871334516303,1082.424041137659,79727,3136,56.05980230041692
2024-11-05,1055.089111328125,1102.276864387777,1032.8919353930135,1039.4264336501578,341943,10338,57.89793547558015
2024-11-06,1094.4952392578125,1108.2125939881846,1037.5308305154201,1068.0083473740078,194175,12165,69.4248061683406
2024-11-07,1101.67822265625,1126.3195312712446,1083.4216217542707,1083.5712899807775,196769,6937,63.91373101340878
2024-11-08,1089.8065185546875,1112.9513898950386,1072.996547096758,1108.6616717467025,101453,7821,48.287293487283904
2024-11-11,1065.0653076171875,1089.3076639042745,1059.4786273469751,1079.431143869517,69034,12223,77.30254429655469
2024-11-12,934.8751220703125,1102.5261881306678,884.7444251244933,1060.4762358886728,804697,9437,58.7291315762888
2024-11-13,885.0437622070312,952.2837053055863,868.9320810101584,925.4476075352877,435411,16598,57.54025793651895
2024-11-14,835.9107055664062,904.3478130053029,829.5258759116484,885.1435158179315,378671,8056,60.423261261677126
2024-11-18,810.5211181640625,841.6470562535696,807.1291659842786,835.9107077282209,491731,10548,67.13461526702592
2024-11-19,831.3714599609375,848.1316225946892,814.9605637916155,819.9985620483184,140937,12752,55.472644972581335
2024-11-21,809.6232299804688,837.8061596717732,802.7396482891311,836.9582020725591,146494,15153,67.57204266927805
2024-11-22,812.6160888671875,831.9201847656783,803.2883119283713,810.421299913864,117644,5762,56.98375620495063
2024-11-25,815.7586669921875,837.0080853480023,808.0769357948532,816.0579425681357,99933,4813,51.035879164277304
2024-11-26,841.1482543945312,862.4974109136017,822.0436951333305,822.9415827486778,176688,9330,58.425706876326515
2024-11-27,866.9368286132812,872.872714358936,841.4475013539667,849.5781151687231,113505,4930,50.60664015224742
2024-11-28,848.3311157226562,884.3454453794532,841.9962159422239,867.9344879973161,151560,11144,53.24172583825316
2024-11-29,881.6019287109375,886.6897959179461,847.433245174385,850.0270478896743,167957,6100,72.63492435857555
2024-12-02,892.7254638671875,899.6091065601489,866.4879162974893,881.8513786807875,154806,17753,57.13503497703248
2024-12-03,910.5330810546875,925.3976689604013,894.8703437957099,897.3145391870252,133786,15214,63.44676720660522
2024-12-04,897.8632202148438,922.7041269968864,880.1553622606066,918.5639555697971,98953,4261,58.42898527620831
2024-12-05,888.834716796875,908.1886207415478,885.9914467387767,902.8513470790025,88040,3536,72.63649972055323
2024-12-06,905.0960083007812,926.7445003687473,894.7706056126108,912.8276082614658,206232,17131,70.63273861830794
2024-12-09,895.7682495117188,917.7658866984998,890.8798586301017,898.9606034284301,98278,9702,56.919151448087334
2024-12-10,908.5877075195312,917.8157462728178,857.0603100167029,892.8751009936651,259610,11059,71.81321680008406
2024-12-11,895.6185913085938,922.8038952497346,892.8751202686622,922.8038952497346,108744,11492,50.99082926835054
2024-12-12,883.1482543945312,903.6494527534009,878.0603870845335,895.6185771055526,82314,11377,50.044995193129765
2024-12-13,873.8204956054688,882.8988663725216,856.960594592086,882.8988663725216,104974,3649,54.21117617763253
2024-12-16,892.9249877929688,907.8395061433739,880.9534778218473,882.7491921394659,170775,12602,65.4834726681754
2024-12-17,912.9273681640625,927.4927417442111,888.435666336681,894.8703650864223,176902,11545,50.83154491389613
2024-12-18,887.9867553710938,920.7588014705044,865.6399725974256,915.8205412757712,99472,14629,50.836349166440925
2024-12-19,901.853759765625,914.8727648054307,868.6827005707057,877.9107395948562,152403,3670,71.55527872149972
2024-12-20,877.0128173828125,905.7444891664245,867.934446948985,901.8537241860718,87266,11919,71.29702240743256
2024-12-23,898.3121948242188,902.8513801929956,860.7515578004217,894.8703735172564,141065,13139,61.01693516241267
2024-12-24,891.5781860351562,907.939212554893,882.8988294321805,900.2076126361366,79448,8968,55.77735271767976
2024-12-26,878.1102905273438,897.065181789144,874.9677447252085,891.9273842752403,39591,17957,54.68382895024541
2024-12-27,877.5116577148438,884.5948376581604,872.1245147546965,884.5948376581604,39393,12647,52.631519048664266
2024-12-30,866.8370971679688,886.8893517432987,863.943957941166,877.5116447028497,34741,3757,59.48321536873212
2024-12-31,866.2883911132812,888.3359591518632,863.0461070685119,866.038984648299,60254,8837,69.03580882841587
2025-01-01,873.6209716796875,877.8608815550808,866.3383151305912,872.1744020147386,22931,9188,49.97784379222299
2025-01-02,891.5283203125,900.8560971841665,878.4593858014832,881.4023940888274,63090,16508,75.50171448850803
2025-01-03,886.7896118164062,906.8418663532673,878.9083435173031,894.8703565664255,56478,4593,62.9316582287468
2025-01-06,843.9415893554688,892.875124503564,842.9938326318565,892.875124503564,86241,7541,76.7070218599595
2025-01-07,850.2266235351562,870.0294721355516,843.0437052973198,848.1815027378501,78456,16863,66.63747710204973
2025-01-08,844.2907104492188,857.4593833134078,842.9938090748453,852.9201980579772,50824,3651,71.9725596490976
2025-01-09,818.6517333984375,853.4688992919893,815.1600429863721,839.0033247277182,74113,10314,45.58489718051866
2025-01-10,797.3524169921875,825.3358083757659,793.1125073616379,820.6469549592264,82064,13092,62.66223690699095
2025-01-13,760.7395629882812,794.9082475984011,757.1980034768148,788.4236797161885,91186,5931,55.06392890790586
2025-01-14,778.796630859375,794.16003215287,749.2170005558957,763.7324442474709,85192,12138,73.52368190444302
2025-01-15,771.4141845703125,791.0674258929278,763.6825842723237,786.129165782614,49719,12556,48.361263993603885
2025-01-16,797.1528930664062,809.4736083813181,780.7918662803505,780.7918662803505,74089,7191,77.94165857282684
2025-01-17,794.2598266601562,806.2812056995454,787.4759223231789,798.1006617386744,35043,5845,45.305155645879175
2025-01-20,924.1007690429688,953.0817864389996,868.9320743209616,907.8394806338405,2804507,17721,48.432893751552946
2025-01-21,895.8679809570312,919.6114631517851,887.8869744451646,897.863232584998,520825,10204,75.42490300409335
2025-01-22,867.2860107421875,909.8347777185692,841.297869455798,895.8181466653187,285412,13616,53.06280782092426
2025-01-23,884.046142578125,892.3762937985693,859.0056980234688,866.238485200707,92057,6565,73.72760942023743
2025-01-24,850.4261474609375,881.0033424904234,847.9819520094488,879.9059784380399,79704,10977,46.10694372984594
2025-01-27,813.66357421875,843.4926098516852,799.2479301901346,843.4926098516852,80786,10713,57.78029933750843
2025-01-28,789.9201049804688,827.8298857988871,781.8393602673784,823.9391816700925,184508,10392,62.85987936615106
2025-01-29,817.0555419921875,826.034174321772,796.1552690024942,797.0032874788811,68198,10540,67.00835817454953
2025-01-30,846.9843139648438,862.7467896085193,823.0412944888058,851.9724430223516,122001,16006,76.92698136648465
2025-01-31,916.0699462890625,926.694686058153,863.9439950844848,863.9439950844848,375446,3707,48.41525923288809
2025-02-01,929.4879760742188,947.7445161547289,889.084130911833,907.8394838955824,164293,15375,58.708197033849
2025-02-03,954.628173828125,977.6733059698875,910.8822449809359,932.6804057349234,315152,9548,70.23850080551688
2025-02-04,949.2908325195312,964.6542944336595,940.5117375215641,954.7279053918185,68376,3507,65.60404033305102
2025-02-05,940.1126708984375,967.6970492883755,932.9298136777738,951.0865549625325,80519,17404,51.97565386972602
2025-02-06,948.293212890625,962.7089181960665,929.2385840471958,945.7492792226643,78571,6550,57.01510363882914
2025-02-07,944.1031494140625,956.3739954394872,926.7444970660835,947.8941761579885,90460,14751,69.97217956801632
2025-02-10,903.8988647460938,974.4808917229528,897.8632406950268,950.9868157694825,100745,6835,57.28909925659338
2025-02-11,860.202880859375,910.8323922581727,849.5282721893619,910.8323922581727,71501,16246,64.85245273633305
2025-02-12,865.939208984375,909.8347449236751,817.6540950950458,862.447518625567,295205,17626,74.53463845779373
2025-02-13,851.7230224609375,882.4498847681555,832.4189876842464,852.9700547046579,143523,13985,75.52577981823262
2025-02-14,855.414306640625,882.8988869314582,839.0033490501202,853.0199802182701,168765,4832,48.24817452713366
2025-02-17,841.3477172851562,865.9392182896897,818.0531785686009,857.9582116695083,158459,17220,53.449936136749386
2025-02-18,807.0294189453125,848.5804977975987,798.1006556818226,838.0056884659136,56387,14475,62.738144292201895
2025-02-19,851.1743774414062,868.2337549207538,804.1362948080362,807.0294340952934,113777,10140,62.71183978051202
2025-02-20,863.1957397460938,876.0152071620112,846.2361008259162,850.9748234653775,49605,16513,48.16082564111756
2025-02-21,855.2645874023438,887.8869632877054,848.081669453877,867.9344472587682,53986,3634,67.22529736678528
2025-02-24,863.84423828125,875.4665427705768,829.5757541800272,854.965343958718,77970,6334,47.60741800603169
2025-02-25,848.8798217773438,872.8727102080392,841.3476982378688,854.2170954776602,44345,16053,61.905478377035095
2025-02-27,849.6280517578125,858.905959681725,840.5994893980062,848.8798323947511,41727,11355,49.50364873257759
2025-02-28,863.4949951171875,872.1244826043632,830.1244000796551,838.105406443657,92688,5815,78.23573711223654
2025-03-03,881.65185546875,897.8632757248939,840.7990642452172,867.9344998673974,174919,14505,49.80624351246381
2025-03-04,889.8822631835938,902.8513993062246,863.096033317183,875.3668191628531,92791,7762,66.15513737235892
2025-03-05,908.537841796875,912.8276206228454,896.4166637898825,897.8632333995201,53650,14098,61.28276866389825
2025-03-06,942.4571533203125,945.7493064495235,909.7350375958895,910.7825325610589,108204,7322,71.1562292894366
2025-03-07,978.521240234375,987.4500033102015,939.7635023135302,942.7563797094332,144086,8413,47.05215130031872
2025-03-10,973.5331420898438,1017.4786086243961,967.6970553390017,1017.4786086243961,131652,14306,67.32366866368592
2025-03-11,946.8466186523438,966.20058345135,937.768248264604,948.792001132644,95000,6949,64.99578245747642
2025-03-12,934.775390625,964.6542960252681,927.8418790180884,947.8442644729431,47467,3608,63.88377754193331
2025-03-13,879.10791015625,935.7231770766573,864.8418726962061,927.7920394005063,116530,15610,78.7470898894823
2025-03-17,882.2005004882812,896.267061085073,869.8299768538644,873.1719989949181,102578,7727,69.38217279890983
2025-03-18,882.2005004882812,882.2005004882812,882.2005004882812,882.2005004882812,0,15667,60.25301507659936
2025-03-19,928.6399536132812,932.6803868243517,894.2717934400029,897.8632219717913,68580,3891,54.43741334492635
2025-03-20,963.207763671875,975.1792739401945,933.2789880010762,933.7778009289228,112118,14574,62.61454502212028
2025-03-21,1006.6044311523438,1017.3787776030807,963.8062600207887,974.7302746974685,193630,12057,64.23818898883852
2025-03-24,1069.30517578125,1081.4263534532683,1017.5783030648834,1017.5783030648834,234377,12466,70.56349375039231
2025-03-25,1043.16748046875,1093.7470616756552,1027.554611768785,1093.7470616756552,104784,6828,68.69926994047978
2025-03-26,1049.652099609375,1069.7542855549386,1028.901432482244,1042.319573708277,69634,12909,69.88483892044863
2025-03-27,1065.3646240234375,1081.1769687138105,1031.8444212526306,1032.542710605577,87044,8281,56.42744687213115
2025-03-28,1049.60205078125,1081.326599055624,1037.4310650702203,1065.8134695826775,53379,9631,53.02050765427304
2025-04-01,1064.5167236328125,1080.4288074026738,1031.5950702216508,1047.5570839967595,105654,6986,46.711661621138106
2025-04-02,1082.9228515625,1090.8539282947243,1039.5261274326347,1076.7376200538909,97319,14006,75.00085392139192
2025-04-03,1098.5855712890625,1111.8041142104362,1067.459692518482,1079.4312030887825,84667,7678,68.46711651752048
2025-04-04,1053.1934814453125,1106.8158668255967,1030.6970932982501,1093.447778871462,90917,4414,65.29761431194457
2025-04-07,996.3787841796875,1015.4833429208088,897.9131039179982,897.9131039179982,144213,9914,74.93172862656199
2025-04-08,1002.6139526367188,1031.5451015187732,994.8324833913192,1017.5783399895056,76849,16157,63.62519936882485
2025-04-09,981.0652465820312,1003.8609720000452,967.3977607976209,997.6258106832747,48900,5463,53.73727162630675
2025-04-11,1011.09375,1019.9726439910271,992.737410893038,992.7873408953192,49135,13174,71.10477070232075
2025-04-15,1038.7279052734375,1043.5165576920597,1023.7635186908554,1028.4524328883583,47913,4556,66.97543680681017
2025-04-16,1052.09619140625,1064.4667762359445,1030.846833983616,1039.526130119826,49025,12697,54.776566723932945
2025-04-17,1065.8634033203125,1102.3764823619028,1040.7231606995117,1052.0961189007912,155814,9837,73.86006947148675
2025-04-21,1070.1531982421875,1078.4335414912766,1047.5071402089181,1066.3622930887784,90648,16796,49.727862055576495
2025-04-22,1080.4287109375,1094.495209964799,1065.4643243594182,1081.4263367093722,107229,14956,75.8541118565618
2025-04-23,1081.4263916015625,1097.3884047617332,1058.4809976838171,1081.5261298277144,105903,4259,68.90183386654014
2025-04-24,1041.7208251953125,1108.262539988979,1029.5498389892268,1087.4121361417222,148101,17118,51.006590352162924
2025-04-25,1060.775634765625,1078.3338256964055,1023.4644029249031,1037.6306415464358,199418,5831,50.85529154705343
2025-04-28,1041.122314453125,1053.8919740667793,1033.3409058783507,1047.008331334114,67569,13361,73.58262884633031
2025-04-29,1061.5736083984375,1067.7589615372901,1034.5379730913019,1034.5379730913019,69285,13979,74.8475703196655
2025-04-30,1046.210205078125,1063.369443174741,1023.5641464564455,1061.473929658536,55160,12979,56.96160539851206
2025-05-02,1027.8538818359375,1051.4975639254815,1026.7563960620978,1036.3337008998526,28259,5856,66.29863691229036
2025-05-05,1004.9085083007812,1047.4074061199487,991.0415454954535,1017.5783687961956,76025,3964,76.77578067435161
2025-05-06,983.0604858398438,1022.3669666425219,971.7872656087037,1019.9726403708956,75138,3277,61.510721464329215
2025-05-07,972.3859252929688,983.5593469579244,951.4357825050204,951.4357825050204,52600,13593,60.930559348946154
2025-05-08,942.4571533203125,990.1436568050128,926.7944152865057,974.3811805422373,46573,3815,77.7764249423418
2025-05-09,941.9583129882812,946.8466429802606,921.8062592127241,932.7801432509708,56991,6376,68.75639562655341
2025-05-12,1000.119873046875,1015.8823486435294,982.3621458331694,987.6495504403055,73656,3342,49.448001881543334
2025-05-13,1014.58544921875,1026.3574824941545,993.8348445396215,1007.6020685456613,52999,7493,73.67389082843516
2025-05-14,1017.6781005859375,1034.2386652642833,1010.6947196677978,1017.1792876632132,47263,7233,57.41163665005024
2025-05-15,1066.06298828125,1072.2483417897083,1007.5023979874502,1022.5665243807639,93469,5278,45.91321418022325
2025-05-16,1084.2198486328125,1120.1343800987142,1070.4525628586825,1081.4264474732638,118161,9343,45.485099392881665
2025-05-19,1101.7779541015625,1112.1532867421167,1062.9702862584134,1084.518979108492,161165,8088,62.59130644113942
2025-05-20,1078.73291015625,1137.2935004589067,1060.4763078840508,1137.2935004589067,352611,10221,61.855770943017454
2025-05-21,1035.4359130859375,1097.0891186798428,1028.5522702384258,1082.4240671277323,123297,7741,45.62355964410497
2025-05-22,1023.5640869140625,1052.5949737949998,1007.4025365215805,1036.5332225182367,118829,12827,60.02109976040293
2025-05-23,1015.383544921875,1038.3289996157168,1005.706562313614,1022.6662012119227,50198,14957,65.49293172813097
2025-05-26,982.2623901367188,1026.0581894229779,978.1721484970635,1017.5783696756805,133208,11003,48.33455108345047
2025-05-27,980.1673583984375,987.5498137490896,961.312206231926,987.3502764090251,113666,11331,68.75897082275148
2025-05-28,975.0795288085938,987.6495901452516,968.6946990212518,987.2505154496993,56529,14187,63.27393755241347
2025-05-29,968.2955932617188,981.0652524267379,957.5212466202006,977.6733002941082,79468,8898,66.72168521605856
2025-05-30,946.7468872070312,972.6851580894157,939.7635065848508,969.6922806799098,116243,11154,76.54788894867193
2025-06-02,950.4381103515625,975.1293488629453,942.7563795255274,947.6447702939806,123355,14226,50.08529737811236
2025-06-03,986.0034790039062,1002.7137118984073,955.1270078304456,955.1768769446181,135522,5362,65.45034151898022
2025-06-04,1005.4072875976562,1016.580708941699,986.0533832549953,996.628192573854,111397,9581,50.734059512892195
2025-06-05,1005.507080078125,1021.4191630642765,1002.7136790928628,1007.6020699268245,54714,16674,47.337534732175264
2025-06-06,993.5355834960938,1010.6448298610823,987.6495667723613,1006.6044574477904,40229,12529,70.8015643411158
2025-06-09,994.3336791992188,1007.6020905903289,989.04627446625,997.6258322676523,40546,8546,53.085093071237495
2025-06-10,985.7540283203125,1005.3075305284384,974.6804062998215,991.6400448945983,90145,4552,60.5304835621838
2025-06-11,990.1934814453125,1028.5522058593383,978.6709155654809,986.6519220124981,127340,8323,52.55776900196511
2025-06-12,981.1649780273438,998.224354916052,961.0129246127389,997.6258037898767,96312,5768,76.44431954690631
2025-06-13,959.56640625,970.1911459837108,941.8585472873153,947.7445642000259,57543,15316,57.84634210321357
2025-06-16,973.084228515625,984.0581123025379,939.7635024792638,955.7255152602279,85208,10400,64.28513919670404
2025-06-17,955.3764038085938,974.5807011034932,950.7374193267134,963.357410476604,59825,12411,46.188209388058674
2025-06-18,938.4666137695312,980.8657107905134,929.7872570248336,957.720779768069,92601,5568,71.33341937964829
2025-06-19,936.6708984375,954.4784948102891,918.3644282688925,942.6566533043532,70146,6799,69.75604553200269
2025-06-20,941.908447265625,952.7326631134853,932.5806092653912,938.9654389030887,67089,12079,67.73697150969166
2025-06-23,934.8252563476562,941.9084361575451,928.2908194473819,928.2908194473819,41263,8078,74.45385894773008
2025-06-24,951.3359375,961.7112701649319,939.2646896890907,947.5449716421294,62227,16235,70.7569022390487
2025-06-25,960.2647094726562,973.1839758664623,951.7848901032406,956.1245989029134,46743,9429,50.62537731845881
2025-06-26,952.7825317382812,967.6970499961687,950.7374109756173,962.7089208724772,42067,7499,59.8228246293399
2025-06-27,951.0865478515625,957.7207838877171,947.794394834998,947.794394834998,41052,15335,73.33914354924272
2025-06-30,950.3882446289062,966.3502574608644,948.7421376995119,958.7183957194858,50263,10289,48.72175202910357
2025-07-01,946.4476318359375,961.611556545662,940.9606898014499,951.385891845026,75710,4742,50.928210332403516
2025-07-02,948.3930053710938,967.6970405349444,935.7730144554411,950.6376634548088,56536,7324,60.41109129191182
2025-07-03,957.5711059570312,966.6994064420722,945.6495262822498,951.7350193454457,78187,12437,70.42023229368549
2025-07-04,951.2362060546875,985.6542963629064,947.5948475065597,955.7753912940989,144015,7101,75.24939710800768
2025-07-07,959.2172241210938,966.6994177569837,949.4903723944368,955.6257955319657,63072,12185,69.01131258710092
2025-07-08,941.2599487304688,966.0509256737363,938.2172021977307,959.2172132531485,61473,12624,45.33805673644319
2025-07-09,940.6115112304688,957.2718751551334,936.1221948915605,936.1221948915605,77095,11424,69.66913788694187
2025-07-10,957.6210327148438,961.7611432634009,940.9108005135633,947.2457000069053,72447,17803,58.38075884077496
2025-07-11,1005.6068115234375,1023.5640760149274,961.3122014216635,961.3122014216635,471452,11706,45.6646441759632
2025-07-14,1024.16259765625,1030.0486140928788,1003.9606756849369,1006.554539237623,123726,7150,74.62189532170032
2025-07-15,1028.55224609375,1052.2957899146122,1026.2576579382765,1026.2576579382765,131013,6623,71.35792945888848
2025-07-16,1063.2197265625,1069.4548879896786,1033.3408817156587,1033.3408817156587,176038,10537,77.11823673920517
2025-07-17,1090.5546875,1104.3218507225922,1060.0771700423907,1077.4358836348288,215050,7661,57.36105370869655
2025-07-18,1097.18896484375,1102.3765705813446,1055.837300055453,1095.542857825696,133351,8326,62.09475418223962
2025-07-21,1106.5665283203125,1112.3528068799587,1082.5237700344326,1102.376548522291,119870,17695,67.29828196772144
2025-07-22,1106.2174072265625,1137.1438087949102,1098.386068604871,1106.5665519204276,182177,16440,73.99697039212958
2025-07-23,1131.407470703125,1135.2982359380992,1086.8136431882315,1105.3195299412414,182332,14936,62.020159372981844
2025-07-24,1197.0013427734375,1205.531092439054,1122.9775539717714,1131.3077054005878,544409,14314,73.0410632693968
2025-07-25,1242.24365234375,1280.951583806488,1187.9729038498676,1201.0915862752004,1024387,10208,74.99591298044474
2025-07-28,1254.1153564453125,1273.3695829074634,1213.1628908278246,1229.174711691486,281294,9942,73.12210990375985
2025-07-29,1257.8564453125,1273.9681260790737,1229.7732551387621,1242.044100993302,379516,5680,74.2774029159336
2025-07-30,1258.904052734375,1280.4527461950368,1237.0560228140596,1257.856496906084,152889,6438,67.41491657121708
2025-07-31,1278.1083984375,1300.105975643168,1234.113122245663,1258.0062129466846,213391,3087,48.48604910094175
2025-08-01,1252.6190185546875,1293.9207539465528,1240.4480316476531,1273.9682365379708,152752,15146,67.02068909966027
2025-08-04,1229.3743896484375,1268.8803491445449,1197.1510258244625,1264.091696329047,163504,14566,76.76154834561748
2025-08-05,1181.48828125,1263.1937366794823,1123.3266485160568,1244.039370070624,617077,10677,53.85300250232447
2025-08-06,1178.0963134765625,1201.5405194163804,1136.4952451873994,1176.2008001295853,173818,9319,61.84696533094598
2025-08-07,1170.215087890625,1185.877764566221,1133.003596059654,1162.4335577755735,148752,14763,70.33393857172084
2025-08-08,1159.739990234375,1192.162828671035,1149.3646575785453,1170.2150611139114,80556,7952,50.66262033984512
2025-08-11,1177.5999755859375,1190.0,1155.0,1159.9000244140625,83588,13489,52.98877761341855
2025-08-12,1189.300048828125,1221.9000244140625,1171.9000244140625,1175.0,145510,13996,69.48409019888166
2025-08-13,1194.0,1204.9000244140625,1184.5999755859375,1200.9000244140625,64579,9754,71.52688210030126
2025-08-14,1209.300048828125,1217.0999755859375,1182.9000244140625,1191.0999755859375,102590,5935,77.68971686779821
2025-08-18,1200.0,1217.199951171875,1184.9000244140625,1209.300048828125,64682,15618,78.14719453517239
2025-08-19,1234.4000244140625,1245.800048828125,1190.800048828125,1206.0,132526,3275,54.56882989201903
2025-08-20,1203.5,1264.5,1190.0999755859375,1234.4000244140625,143432,5232,73.88418959750825
2025-08-21,1213.199951171875,1223.199951171875,1190.0999755859375,1204.0999755859375,80857,15170,47.68611070848337
2025-08-22,1248.800048828125,1257.9000244140625,1205.800048828125,1209.0999755859375,106442,6377,71.82640789261299
2025-08-25,1229.9000244140625,1254.699951171875,1210.5999755859375,1248.800048828125,71343,11621,53.66174792062229
2025-08-26,1243.300048828125,1246.5,1205.5,1228.800048828125,95315,15289,69.74224319190463
2025-08-28,1204.0,1254.199951171875,1195.5,1243.300048828125,78534,10884,52.09350436987366
2025-08-29,1204.5,1227.4000244140625,1202.4000244140625,1204.0,35710,11579,46.22917958276245
2025-09-01,1206.4000244140625,1216.0,1204.0,1204.5,25025,14437,63.68862972851895
2025-09-02,1196.5,1231.9000244140625,1190.0999755859375,1226.300048828125,57715,15263,48.119741421422056
2025-09-03,1103.0999755859375,1205.5,1083.5999755859375,1200.0,420307,3689,60.25836722354343
2025-09-04,1061.0999755859375,1140.0,1048.0999755859375,1140.0,157762,8611,62.5140872696449
2025-09-05,1087.9000244140625,1092.4000244140625,1047.0999755859375,1061.0999755859375,110444,9310,61.44337992426621
2025-09-08,1063.5999755859375,1097.9000244140625,1050.5,1097.9000244140625,79899,5675,77.984309871611
2025-09-09,1045.800048828125,1069.0,1043.0,1063.5999755859375,48422,8988,49.45051997220433
2025-09-10,1038.800048828125,1062.800048828125,1034.5,1047.5,70222,14492,69.97123585847194
2025-09-11,1036.9000244140625,1059.699951171875,1032.199951171875,1050.0,56610,4623,77.39019868367257
2025-09-12,1032.9000244140625,1047.9000244140625,1031.199951171875,1040.0,46966,16378,51.01623129688922
2025-09-15,1055.0999755859375,1069.9000244140625,1030.0,1030.199951171875,82813,17598,61.459524978978784
2025-09-16,1053.5999755859375,1060.5999755859375,1039.5999755859375,1055.199951171875,54723,7849,62.84575139014601
2025-09-17,1080.0999755859375,1082.4000244140625,1046.0,1055.0,108714,12166,54.116792402285206
2025-09-18,1068.5999755859375,1089.9000244140625,1057.0999755859375,1085.800048828125,71056,16199,63.655507578226036
2025-09-19,1075.0,1080.0,1062.5999755859375,1069.0,53534,13387,65.69461034653123
2025-09-22,1089.5,1094.5999755859375,1067.199951171875,1081.9000244140625,63374,10592,77.5558247166242
2025-09-23,1088.5999755859375,1099.0,1074.0,1091.699951171875,50054,7954,59.264444789509206
2025-09-24,1085.800048828125,1092.0,1077.199951171875,1085.0,43100,13004,69.6670703099638
2025-09-25,1078.800048828125,1091.0,1065.0,1091.0,59489,8160,64.13912035391618
2025-09-26,1045.800048828125,1078.5,1040.0999755859375,1070.0,68919,17031,73.36516761997828
2025-09-29,1041.0,1052.699951171875,1034.0999755859375,1045.800048828125,37125,9585,60.23643647954179
2025-09-30,1045.0,1079.9000244140625,1025.4000244140625,1052.0,34495,15108,70.82407659103775
2025-10-01,1063.699951171875,1072.5999755859375,1038.0999755859375,1049.199951171875,48934,8321,75.70962217755039
2025-10-03,1069.5,1071.800048828125,1056.199951171875,1063.0,26587,5338,71.86338210894083
2025-10-06,1110.800048828125,1223.0,1059.800048828125,1060.4000244140625,1515947,14243,51.66224915893245
2025-10-07,1124.9000244140625,1139.800048828125,1101.4000244140625,1109.0999755859375,195244,15776,76.12522144883638
2025-10-08,1109.4000244140625,1123.0999755859375,1098.0,1119.5999755859375,56981,5431,45.83346508942327
2025-10-09,1107.699951171875,1126.0,1095.0,1100.0,43603,13268,55.50573053446378
2025-10-10,1121.5,1152.5,1103.4000244140625,1114.0,75855,8712,68.31025670529584
2025-10-13,1119.800048828125,1129.9000244140625,1109.9000244140625,1118.9000244140625,28015,4339,69.17958813554942
2025-10-14,1081.300048828125,1127.0,1076.0,1119.800048828125,52998,5024,64.7895534441216
2025-10-15,1112.300048828125,1122.300048828125,1081.300048828125,1081.4000244140625,46429,17778,78.22166863834046
2025-10-16,1124.300048828125,1129.5999755859375,1097.0999755859375,1119.9000244140625,61625,16906,77.57527207815136
2025-10-17,1117.5,1165.0,1112.0,1125.0,72554,4315,48.88404767267896
2025-10-20,1114.800048828125,1124.9000244140625,1101.300048828125,1116.699951171875,27610,13916,54.734335168166254
2025-10-21,1106.5,1125.0,1088.0,1114.800048828125,17024,6003,75.57320660989026
2025-10-23,1114.699951171875,1134.0,1108.300048828125,1111.800048828125,27933,14044,46.59997345101751
2025-10-24,1084.5,1118.9000244140625,1075.199951171875,1113.699951171875,66849,15727,72.23708385269966
2025-10-27,1065.0,1090.199951171875,1062.199951171875,1084.5,32761,6246,60.66209883473758
2025-10-28,1068.199951171875,1078.0,1055.800048828125,1065.0,25958,15019,67.74252833314571
2025-10-29,1082.9000244140625,1092.0,1061.0999755859375,1066.5,46450,9662,52.62013455056671
2025-10-30,1101.800048828125,1105.4000244140625,1078.9000244140625,1085.0999755859375,37523,6670,48.69162289686976
2025-10-31,1156.300048828125,1160.5,1101.800048828125,1107.5999755859375,202979,15034,55.7075114859297
2025-11-03,1143.0999755859375,1170.9000244140625,1135.0,1165.0,63230,14099,51.196798402511234
2025-11-04,1135.800048828125,1147.699951171875,1122.9000244140625,1147.699951171875,34545,5276,72.76335895045898
2025-11-06,1152.0,1160.0,1112.5,1143.699951171875,52588,5402,51.632325726051036
2025-11-07,1139.800048828125,1154.9000244140625,1122.199951171875,1145.0,40646,11742,77.90526988350945
2025-11-10,1143.800048828125,1156.0,1121.5,1150.0,52116,4362,78.32695936905168
2025-11-11,1097.699951171875,1148.800048828125,1088.300048828125,1144.0,66207,17417,56.56331434721379
2025-11-12,1170.199951171875,1252.800048828125,1092.0999755859375,1100.0999755859375,2891006,3443,59.024725379082604
2025-11-13,1186.4000244140625,1225.5999755859375,1160.300048828125,1170.0,453162,16584,69.25535838817845
2025-11-14,1193.300048828125,1206.4000244140625,1170.0999755859375,1190.5999755859375,94402,5778,62.37480690240956
2025-11-17,1189.5,1215.0,1176.4000244140625,1200.300048828125,73658,13449,50.13038790428919
2025-11-18,1167.699951171875,1193.0999755859375,1147.4000244140625,1189.5,93802,13873,75.64352434285244
2025-11-19,1171.0,1176.800048828125,1145.300048828125,1160.199951171875,81914,4376,48.31780336602833
2025-11-20,1139.699951171875,1204.800048828125,1122.5,1175.0,205287,15029,77.79068028608535
2025-11-21,1092.699951171875,1142.0999755859375,1090.0999755859375,1139.699951171875,100070,7187,66.31524230066563
2025-11-24,1051.800048828125,1090.0,1044.0999755859375,1089.0,74655,5666,70.0481067420665
2025-11-25,1047.300048828125,1057.0,1035.199951171875,1050.0,62656,11277,60.107893673643055
2025-11-26,1061.300048828125,1064.9000244140625,1042.0999755859375,1052.800048828125,36584,6529,63.38262186005848
2025-11-27,1059.0999755859375,1067.9000244140625,1051.699951171875,1067.9000244140625,39136,12283,47.992782294359046
2025-11-28,1064.9000244140625,1072.800048828125,1053.300048828125,1069.0,31929,9625,63.11565916862794
2025-12-01,1053.0,1099.699951171875,1050.4000244140625,1070.5,91892,12186,65.15051150443453
2025-12-02,1045.0999755859375,1058.4000244140625,1042.0,1055.0,29698,10914,50.14566620433791
2025-12-03,1035.199951171875,1046.199951171875,1030.0999755859375,1045.0999755859375,36439,16055,63.22670249458489
2025-12-04,999.0999755859375,1048.0,992.5,1047.0,82258,7746,78.8915404337655
2025-12-05,969.2000122070312,1014.7999877929688,966.5999755859375,1004.4000244140625,118779,3946,46.576768310244525
2025-12-08,945.9000244140625,989.4000244140625,933.5999755859375,965.5999755859375,152711,8989,55.57773079889569
2025-12-09,981.9000244140625,990.0999755859375,908.4000244140625,940.0,122438,3910,56.564331554489236
2025-12-10,952.7000122070312,984.9000244140625,950.0,982.0,56745,6346,53.10518187400676
2025-12-11,957.9000244140625,971.2999877929688,942.5999755859375,954.2999877929688,44894,15858,78.78961365520503
2025-12-12,963.0,985.0,957.2999877929688,962.9000244140625,31315,17770,55.07838246671997
2025-12-15,973.7999877929688,978.9000244140625,951.0,968.7999877929688,29705,16365,68.13002099907297
2025-12-16,978.5,983.9000244140625,964.4000244140625,973.7999877929688,30575,4788,48.756263871278776
2025-12-17,964.5,977.5,960.0,969.9000244140625,51618,15768,62.71779119441649
2025-12-18,969.0,970.2000122070312,951.5,959.0999755859375,29319,16821,46.981791073846864
2025-12-19,984.5,990.0,960.0,967.9000244140625,27166,12970,68.64359257496494
2025-12-22,982.9000244140625,996.0,980.5999755859375,984.5,26710,17009,47.81360006135583
2025-12-23,986.5999755859375,995.7000122070312,979.9000244140625,982.0,22364,13546,45.994762339407984
2025-12-24,988.5999755859375,994.0,983.5999755859375,984.2999877929688,27660,12157,75.65748629796343
2025-12-26,980.0,992.7000122070312,974.0,989.5999755859375,32498,5412,50.8822166073212
2025-12-29,959.2999877929688,979.9000244140625,955.0,979.9000244140625,31593,14237,67.98944285073016
2025-12-30,982.2999877929688,990.9000244140625,950.0,964.0,39956,17900,76.31268354975671
2025-12-31,1064.699951171875,1118.9000244140625,987.0,987.0,3034907,8245,55.69049489088575
2026-01-01,1074.800048828125,1095.0,1056.0999755859375,1063.0999755859375,195777,16291,55.763675164322194
2026-01-02,1088.300048828125,1094.9000244140625,1050.9000244140625,1078.5999755859375,108057,5274,48.466664481082766
2026-01-05,1150.0,1158.0,1070.0999755859375,1070.0999755859375,400305,13313,67.9904262332096
2026-01-06,1148.199951171875,1180.5,1135.0,1150.0,328400,15924,50.77542954443329
2026-01-07,1147.300048828125,1174.0,1129.300048828125,1148.199951171875,153559,5892,46.953100830963464
2026-01-08,1088.4000244140625,1154.800048828125,1081.300048828125,1142.0,245533,17110,56.22612373563507
2026-01-09,1058.0,1107.0,1023.2999877929688,1107.0,321200,11979,59.37763485153235
2026-01-12,1021.2999877929688,1125.0,1011.2000122070312,1090.0,776757,12452,78.2726078428406
2026-01-13,1009.4000244140625,1038.9000244140625,992.7999877929688,1021.0,170269,4987,76.27980696940388
2026-01-14,967.0,1027.699951171875,962.0999755859375,1015.2000122070312,210054,11732,68.81942169463673
2026-01-15,967.0,967.0,967.0,967.0,0,4690,59.540310940276456
2026-01-16,950.2000122070312,976.5,947.0,976.5,127317,12564,73.25297026250185
2026-01-19,943.7000122070312,965.7000122070312,940.0999755859375,950.0,94991,8571,45.68246042573238
2026-01-20,918.7000122070312,944.7999877929688,908.4000244140625,943.7000122070312,151831,13448,47.920313097125906
2026-01-21,925.7000122070312,944.7999877929688,911.2999877929688,919.7000122070312,147152,10220,74.36342366186997
2026-01-22,933.5,942.7000122070312,925.0999755859375,935.9000244140625,64111,15309,73.21669369264578
2026-01-23,914.2999877929688,941.0999755859375,910.0,932.0,58450,3472,57.90154848537214
2026-01-27,927.7999877929688,940.5999755859375,898.4000244140625,914.0,71516,8672,45.648392465007916
2026-01-28,950.0999755859375,963.0,922.7999877929688,933.7000122070312,135226,16203,56.070313623824276
2026-01-29,929.5,955.5999755859375,925.4000244140625,952.0,42202,14351,69.51218931401633
2026-01-30,929.0999755859375,934.4000244140625,915.0999755859375,929.5,70198,16886,65.52515859440999
2026-02-02,924.9500122070312,929.9500122070312,888.0499877929688,904.2000122070312,64821,8951,49.93223218321043
2026-02-03,956.2000122070312,995.5499877929688,922.0999755859375,939.9500122070312,198866,15100,59.84989278975499
2026-02-04,949.9000244140625,969.2999877929688,939.6500244140625,956.2000122070312,177728,4001,72.42781665871614
2026-02-05,940.25,960.0,933.0,949.9000244140625,85193,15274,52.553328033998454
2026-02-06,930.5499877929688,943.5,921.5999755859375,935.5,61204,12757,45.41331248494128
2026-02-09,962.5499877929688,972.4500122070312,931.0999755859375,933.1500244140625,94497,6277,73.5723109467686
2026-02-10,973.6500244140625,989.9500122070312,961.7000122070312,967.2999877929688,78989,5079,73.73156950034317
2026-02-11,986.4500122070312,999.0,968.1500244140625,968.25,46081,8956,72.9567083389162
2026-02-12,987.25,995.9500122070312,966.0,986.4500122070312,44215,7562,53.09067652004406
2026-02-13,980.0499877929688,986.7000122070312,970.0,984.5999755859375,54070,6382,47.580179670271875
2026-02-16,973.4000244140625,981.3499755859375,966.0499877929688,980.0499877929688,24751,9524,67.50681163720142
2026-02-17,985.3499755859375,993.0,965.0499877929688,973.0999755859375,28855,15187,77.93160935165463
2026-02-18,988.75,993.9500122070312,980.0,982.0,36666,17478,63.8702734380566
2026-02-19,977.0499877929688,1008.0,965.0999755859375,983.25,84454,10713,58.91611511295309
2026-02-20,951.3499755859375,974.0,945.0,974.0,57525,5429,71.55018670234192
2026-02-23,926.5499877929688,959.8499755859375,920.0499877929688,950.0,49207,4167,73.79567571402167
2026-02-24,923.0,934.0,895.4000244140625,922.0,110698,3151,45.70353016755657
2026-02-25,913.0499877929688,926.7999877929688,908.0,923.0,49940,3468,54.38476855296051
2026-02-26,897.8499755859375,933.4500122070312,895.0,908.0999755859375,64884,12247,50.30372784022132
2026-02-27,894.75,902.5499877929688,886.2000122070312,892.8499755859375,32103,11387,53.044612690619964
2026-03-02,857.5999755859375,884.0,840.0,840.0,64853,11334,65.65010542525863
2026-03-04,836.6500244140625,852.0,827.0499877929688,849.9000244140625,65249,6534,48.69023487706487
2026-03-05,840.5,853.0499877929688,827.9000244140625,838.5999755859375,58936,13722,46.29619420713701
2026-03-06,867.5999755859375,893.5,833.4000244140625,842.5999755859375,167292,8011,77.52138685125485
2026-03-09,836.7000122070312,859.5,819.4000244140625,859.0,70515,3615,58.61740258135879
2026-03-10,857.0999755859375,860.0,831.0,841.0,57656,3441,53.46580725337481
2026-03-11,853.4500122070312,875.9000244140625,843.0,857.0999755859375,46174,7910,63.33223732711164
2026-03-12,837.4000244140625,864.9500122070312,831.0,851.2000122070312,59310,10232,55.42438540963192
2026-03-13,825.9000244140625,841.9000244140625,820.3499755859375,840.0,45603,11924,58.06180403468648
2026-03-16,808.9500122070312,832.4000244140625,800.75,830.0,57403,8129,66.34430079731622
2026-03-17,822.6500244140625,839.7999877929688,809.0499877929688,814.5,53596,12278,73.28070844532843
2026-03-18,877.0499877929688,887.5,821.9000244140625,822.4000244140625,94720,13767,50.5040860736962
2026-03-19,887.25,915.2000122070312,849.0,875.0,61101,12901,48.716626571298484
2026-03-20,866.2000122070312,904.4000244140625,852.2999877929688,894.0,57336,4575,64.79093567574296
2026-03-23,858.6500244140625,869.0,821.1500244140625,858.2999877929688,65855,12095,70.98109734248328
2026-03-24,889.1500244140625,898.0,846.2999877929688,867.25,73025,16316,46.7944123787218
2026-03-25,871.2000122070312,898.0,865.2000122070312,889.9000244140625,55529,17131,70.13840157929961
2026-03-27,824.6500244140625,865.25,818.0,855.5,89441,12114,49.973716826004654
2026-03-30,802.5499877929688,823.5999755859375,800.0499877929688,821.0,94539,9195,70.84456474101074
2026-04-01,852.9000244140625,859.0999755859375,816.0,816.0,69451,15153,67.60463081432626
2026-04-02,865.5,873.4500122070312,822.5499877929688,839.9500122070312,59656,7237,57.95470133282174
2026-04-06,879.4000244140625,894.5499877929688,863.4000244140625,870.0,45540,11620,53.79305832170114
2026-04-07,920.2999877929688,939.4000244140625,883.75,887.9500122070312,203527,11367,51.24220079020051
2026-04-08,961.2999877929688,969.9000244140625,926.0,964.0,112015,3446,76.09660139128833
2026-04-09,934.2999877929688,958.5,931.0999755859375,946.0499877929688,65277,16896,72.91277604352844
2026-04-10,935.4000244140625,951.4000244140625,931.1500244140625,934.2999877929688,35222,3231,78.64539556549744
2026-04-13,916.0999755859375,932.9000244140625,902.7999877929688,926.0,44673,9070,47.97567510801856
2026-04-15,927.75,943.9500122070312,920.0,920.0,90081,16505,66.48545246405794
2026-04-16,952.4500122070312,985.9000244140625,935.4000244140625,944.0,213200,8421,71.39067277120523
2026-04-17,1014.2999877929688,1024.0,955.5999755859375,959.9500122070312,251134,10915,58.51801930495986
2026-04-20,1002.3499755859375,1035.300048828125,987.5499877929688,1009.0,177540,14489,47.55456475641394
2026-04-21,1003.5999755859375,1021.1500244140625,995.0999755859375,1007.0,72231,14094,72.49537104531075
2026-04-22,1020.3499755859375,1030.300048828125,998.0,1003.5999755859375,63454,16281,70.6245272069611
2026-04-23,1013.25,1039.0,1010.0999755859375,1013.9500122070312,52838,9595,76.8032256023123
2026-04-24,1044.0,1054.949951171875,992.0,1023.0,129531,3850,62.31600534979667
2026-04-27,1080.4000244140625,1090.0,1034.5999755859375,1044.0,110240,4555,50.005227608928145
2026-04-28,1068.550048828125,1095.300048828125,1063.75,1066.0,49658,15099,62.2727818058646
2026-04-29,1067.199951171875,1089.199951171875,1055.0999755859375,1086.0,67182,12851,52.26021321671668
2026-04-30,1106.449951171875,1125.0,1055.0,1055.0,311091,5238,67.58937371925876
2026-05-04,1124.9000244140625,1155.0,1102.5999755859375,1111.0,165701,14347,76.56663596165771
2026-05-05,1109.5999755859375,1138.699951171875,1103.800048828125,1133.9000244140625,64545,12747,54.431169743514225
2026-05-06,1107.300048828125,1122.699951171875,1090.0999755859375,1109.5999755859375,94488,5264,70.64190876601201
2026-05-07,1126.800048828125,1155.0,1114.0,1117.0,145085,16683,56.26015781894631
2026-05-08,997.0999755859375,1115.0,989.5,1115.0,961301,16787,65.71047598574468
2026-05-11,977.5999755859375,1000.0,973.5999755859375,997.0999755859375,133095,9947,68.39648500929366
2026-05-12,940.0,982.0999755859375,934.4000244140625,977.5999755859375,122069,4468,78.29847594072695
2026-05-13,937.0,975.0,931.0999755859375,936.5999755859375,95378,10249,73.0239200307295
2026-05-14,932.0,954.5,930.0,939.9000244140625,72755,15937,76.13685780792052
2026-05-15,903.2999877929688,946.5,895.5999755859375,939.0,114090,5309,65.16468026821298
2026-05-18,879.4000244140625,899.9000244140625,870.7000122070312,885.2999877929688,110735,10147,45.501727369410816
2026-05-19,887.9000244140625,905.0,882.0,889.9000244140625,73545,13598,57.77619235192452
2026-05-20,877.5999755859375,889.0,870.0,882.0,54992,7054,48.989339772198484
2026-05-21,871.0,894.7000122070312,868.4000244140625,890.0,110064,14350,72.13225824127588
2026-05-22,872.2000122070312,880.5999755859375,870.0,880.5999755859375,56488,7722,58.460334895290615
2026-05-25,884.0,888.0,870.0999755859375,888.0,73371,9828,62.879758111828124
2026-05-26,889.5,897.5999755859375,879.5,883.0999755859375,69632,6254,53.84809588422681
2026-05-27,875.4000244140625,895.7999877929688,871.5999755859375,886.5,65279,11317,75.32398705261835
2026-05-28,875.4000244140625,875.4000244140625,875.4000244140625,875.4000244140625,0,13799,59.20864205044809
2026-05-29,865.2000122070312,881.0,861.0,872.0,68538,14948,72.5328345692511
2026-06-01,854.3499755859375,874.0,850.0,869.5,66184,14696,64.72734383611197
2026-06-02,859.0499877929688,875.0,843.5499877929688,855.1500244140625,54374,10963,57.07597270400147
2026-06-03,879.75,883.0,854.0,868.0,119683,4950,60.244953137204575
2026-06-04,864.1500244140625,878.9000244140625,860.4500122070312,877.5499877929688,74092,13057,57.701663641763616
2026-06-05,863.4500122070312,878.5999755859375,855.8499755859375,869.0,68580,5277,71.39611736924655
2026-06-08,843.9000244140625,865.0,840.0999755859375,853.2000122070312,60240,14815,65.74814761137128
2026-06-09,846.0999755859375,857.8499755859375,839.5,856.5499877929688,47561,17540,58.86333709628194
2026-06-10,838.9000244140625,852.9000244140625,836.0,852.9000244140625,36053,4751,55.32296454925046
2026-06-11,836.1500244140625,861.0,828.7000122070312,838.9000244140625,52988,3700,52.466577444362926
2026-06-12,852.4500122070312,859.4500122070312,843.0,843.0,41109,13087,53.6813793136722
2026-06-15,859.7999877929688,875.0,853.7999877929688,875.0,108457,7795,52.49144347280129
2026-06-16,863.25,867.7000122070312,847.0499877929688,860.1500244140625,60930,12050,73.82959113546974
2026-06-17,870.2999877929688,874.9500122070312,860.4000244140625,869.7999877929688,39930,10360,57.94114703695808
2026-06-18,890.9000244140625,912.9500122070312,870.2999877929688,870.2999877929688,193687,3123,72.43242413700074
2026-06-19,889.5999755859375,898.0499877929688,882.0999755859375,894.0,58159,9360,53.70787936752291
2026-06-22,898.3499755859375,904.0999755859375,883.0,890.0,82617,3510,51.30878691824161
2026-06-23,876.8499755859375,896.5499877929688,873.0,895.0,81987,9010,54.27988956323516
2026-06-24,869.4500122070312,884.4000244140625,863.0499877929688,873.9500122070312,33687,10290,72.3678517565396
2026-06-25,866.5,880.1500244140625,860.0999755859375,870.0,50399,8801,48.80211934483308
2026-06-26,866.5,866.5,866.5,866.5,0,17158,50.40261225030858
2026-06-29,863.8499755859375,880.5999755859375,858.5,866.0,47080,15420,57.055657194268974
2026-06-30,901.4500122070312,914.7999877929688,865.0,865.0,149169,16779,52.44704821211433
2026-07-01,919.4000244140625,922.0,891.0499877929688,891.0499877929688,105303,3306,48.37083992136215
2026-07-02,927.4500122070312,935.0,912.0,924.0,66793,17204,53.700936537257434
2026-07-03,910.5,946.4000244140625,902.5999755859375,932.0499877929688,56392,12090,76.5002451312286
2026-07-06,923.9500122070312,927.4500122070312,905.5499877929688,910.5,40374,6244,45.80208497091879
2026-07-07,910.75,929.0,906.1500244140625,923.9500122070312,50995,11126,49.92049816976301
2026-07-08,888.1500244140625,923.5999755859375,881.25,907.0,60830,9023,68.98283781711496
2026-07-09,921.5499877929688,937.0,890.0,890.0,133881,16593,66.6948448088471
2026-07-10,926.0999755859375,930.1500244140625,917.5999755859375,918.0,43266,4041,54.85205297917898
2026-07-13,936.5499877929688,949.7000122070312,914.8499755859375,922.5,88027,6471,49.54272855654922
2026-07-14,937.4000244140625,957.0999755859375,927.3499755859375,938.0,90491,6510,69.70065260365529
2026-07-15,957.3499755859375,973.4000244140625,937.5499877929688,943.4000244140625,174121,9580,50.71405787176876
2026-07-16,988.5499877929688,999.7999877929688,965.0,965.5,408230,9715,65.21868970764216
2026-07-17,932.2000122070312,1009.0,915.0,994.7000122070312,1066351,6772,53.99003986139299
2026-07-20,917.0999755859375,932.9000244140625,905.0,928.0,185806,8475,65.86613873887873
2026-07-21,898.8499755859375,926.25,892.0999755859375,923.8499755859375,129352,14594,74.34712465768169
2026-07-22,878.8499755859375,904.2000122070312,872.5499877929688,904.2000122070312,112064,12064,53.21941694373436
2026-07-23,860.7000122070312,881.3499755859375,857.9000244140625,878.7999877929688,187163,3636,69.14796490885973
2026-07-24,880.4500122070312,884.75,853.0499877929688,860.7000122070312,84956,4455,61.70918204499179
2026-07-27,889.4500122070312,897.5999755859375,880.4500122070312,880.4500122070312,74494,15095,60.79569227375494
2026-07-28,874.25,896.5,869.0999755859375,895.2000122070312,85486,13593,62.896461873657515
2026-07-29,876.9500122070312,894.9500122070312,871.6500244140625,882.0,74781,7213,63.89612631292751
2026-07-30,879.9500122070312,886.4500122070312,872.5999755859375,876.9500122070312,36346,16563,78.5684037525665
2026-07-31,883.5,894.25,877.0,880.0499877929688,52674,12412,46.97298924915636
2026-08-03,900.8499755859375,909.9000244140625,882.5999755859375,888.0,70266,17834,75.18178880569386
2026-08-04,890.9500122070312,910.0,888.0,904.0999755859375,41160,3484,66.59810627995695
2026-08-05,891.5499877929688,911.9500122070312,887.9000244140625,891.0,78125,17433,62.68581664145675
2026-08-06,903.75,936.0,895.0999755859375,900.0,263446,8230,53.74241804687925
2026-08-07,906.2999877929688,934.8499755859375,904.0,914.75,130325,9500,55.61508749456841
2026-08-11,871.8499755859375,894.0499877929688,860.0999755859375,894.0499877929688,209398,16406,54.151982578929555
