Date,Open,High,Low,Close,Volume,No_of_Trades,Delivery_Pct
2021-08-11,1197.417724609375,1203.7110055553712,1158.78663793402,1187.9778031903804,1973876,10620,57.157241119732845
2021-08-12,1192.7216796875,1215.667896921058,1187.057751959023,1214.1188056551284,2264764,15892,66.88561966213344
2021-08-13,1202.645751953125,1217.168704837022,1186.428454566107,1190.88213647955,1861705,10666,53.66333128252135
2021-08-16,1186.7188720703125,1212.569799756056,1183.2818440489475,1203.1298801479797,843960,11473,46.65111560061188
2021-08-17,1185.4603271484375,1204.4369630573808,1177.8115478772538,1187.009418575843,1600498,15135,76.80831632885918
2021-08-18,1194.900390625,1225.737442455147,1187.251610434932,1188.9459552408534,2658601,16814,47.415643551580835
2021-08-20,1196.9820556640625,1214.9904970883433,1185.6057403695802,1189.914169950542,1989898,8910,55.31282823606298
2021-08-23,1219.1533203125,1248.4897295936955,1201.871031679277,1203.2749879026424,3835797,13250,65.82055342015428
2021-08-24,1225.4466552734375,1239.001410614894,1202.3551849900737,1229.5131527887268,1492926,9583,54.552372661549505
2021-08-25,1165.9510498046875,1233.6763717915128,1162.8044100605603,1224.7205509813043,2460031,10492,50.72060851627715
2021-08-26,1176.359375,1182.0233039086738,1153.1226466049384,1169.2914895045906,1413269,4986,64.39804143729756
2021-08-27,1195.7232666015625,1199.5475973854905,1176.3593270614563,1179.2639179924722,1169963,8876,64.4614286282752
2021-08-30,1226.221435546875,1229.6101248673756,1190.882246918797,1190.882246918797,1105428,4948,55.25090026768937
2021-08-31,1228.109375,1246.7471663034005,1214.6515319340022,1229.610127549022,4863922,16411,51.02961167989763
2021-09-01,1301.98291015625,1311.229238741769,1225.8826499208242,1229.6101847171872,5063369,7699,63.584714105680405
2021-09-02,1347.97216796875,1353.5393002839378,1299.078223287535,1307.8404527284188,2971890,11608,73.1925613020008
2021-09-03,1384.9573974609375,1389.0238959091214,1342.8892836863126,1354.5076480729283,2720191,6523,76.43978653651033
2021-09-06,1384.9573974609375,1394.0101342626667,1375.2754271387578,1384.521756071685,1244690,4117,62.277067742859195
2021-09-07,1398.85107421875,1416.1333670477263,1385.1510630179698,1394.0100892141004,1787418,8813,65.33788458427878
2021-09-08,1387.0872802734375,1408.0971052412435,1372.8547152604535,1398.8508959734063,1078326,6009,48.05078029559894
2021-09-09,1407.7100830078125,1413.3741304192424,1369.708348000687,1383.5536133804414,1745952,10144,53.527285502003465
2021-09-13,1403.9822998046875,1416.230014216423,1389.4110073854956,1410.2272407169967,1437805,10461,49.25161648731157
2021-09-14,1418.941162109375,1424.6534298648614,1403.9824475308628,1404.1761578439316,1024080,15962,61.03079898531254
2021-09-15,1405.0472412109375,1422.7652910904314,1400.4483061087399,1419.3766020677594,766614,8292,46.00728617623118
2021-09-16,1406.886962890625,1430.026893608299,1401.9976392112587,1410.082060097422,1068097,8930,50.259394290762536
2021-09-17,1425.089111328125,1435.5455674531438,1401.0777797436745,1411.6311501139717,2099188,3590,74.89564397371171
2021-09-20,1362.446533203125,1415.7942731375917,1355.4755632956972,1413.567373151227,1682673,5807,73.61191538895416
2021-09-21,1366.2227783203125,1382.3432821879678,1347.7786961771958,1365.2545813094996,1677219,11973,52.69185731687494
2021-09-22,1375.275146484375,1397.49533475214,1364.1893400030217,1366.2225297181405,1337462,8369,53.030105375292976
2021-09-23,1392.5091552734375,1408.0971013211322,1378.4218434689253,1382.1494959876286,1137902,16011,75.15951405785651
2021-09-24,1369.9019775390625,1402.8206759860545,1353.97506575993,1396.140092957719,972346,14064,52.50000780413849
2021-09-27,1344.3900146484375,1378.71255161098,1340.9528679643308,1378.71255161098,1130126,5888,67.38046231235504
2021-09-28,1326.28466796875,1359.493873124127,1317.3773026347471,1345.600269485368,1033811,15062,71.84697751491825
2021-09-29,1324.3480224609375,1333.6426884768239,1308.0339293629775,1320.6204882687648,869402,14471,52.38950649390319
2021-09-30,1329.4312744140625,1338.5808069587022,1318.0066207496873,1324.493493361521,910972,9566,45.538864041311804
2021-10-01,1315.87646484375,1338.7258894646532,1291.816794022713,1329.4312222852475,839100,8485,53.14400049787607
2021-10-04,1345.60009765625,1350.1021186866262,1312.1973046370063,1317.280338357326,802477,13258,59.981330137821466
2021-10-05,1345.358154296875,1356.5407584486718,1338.8711636495318,1351.602977512287,913676,3632,55.248734564789714
2021-10-06,1325.848876953125,1365.6902035803266,1321.5887868962059,1353.3456929334939,738636,8927,69.1240335921672
2021-10-07,1349.860107421875,1363.221272280547,1331.5128229430557,1332.432562747834,728717,10438,55.618111728302374
2021-10-08,1327.8338623046875,1360.6074286108314,1322.7024885999854,1356.2505416713807,566246,15725,74.84843051535478
2021-10-11,1338.193359375,1365.012366037413,1325.800391868644,1338.4837475300585,836394,16001,60.51449283668556
2021-10-12,1375.0816650390625,1382.536733990403,1339.306836395842,1342.889117697011,1358251,11614,76.37823645852612
2021-10-13,1364.8671875,1392.2672083470222,1354.5075274530489,1392.2672083470222,1406850,14762,52.21677615562961
2021-10-14,1427.2191162109375,1432.7379098001027,1360.4135259188606,1368.7399961437302,1827348,14994,51.810929443448366
2021-10-18,1408.4359130859375,1456.6037064646193,1394.3970587343617,1439.3698734148509,1694567,12323,68.81565732784372
2021-10-19,1378.5189208984375,1435.4004940304521,1366.222748219162,1423.0559824145682,951188,10108,75.22259262008441
2021-10-20,1361.962646484375,1388.2976752917884,1334.3206935777778,1384.5216834266396,1193058,13530,55.598036927693016
2021-10-21,1244.9078369140625,1321.5405402714166,1171.8089583032906,1310.938829655433,8213470,12837,48.56248501278345
2021-10-22,1248.3448486328125,1277.778062728435,1225.1565764518396,1248.9742003558865,1631143,9265,51.52423157082164
2021-10-25,1257.639404296875,1267.6603374660685,1231.9338457095735,1263.3034511101084,1114353,13546,48.441038492694524
2021-10-26,1244.6173095703125,1267.3699402781324,1221.67108672746,1267.3699402781324,1374534,9178,68.2400995970824
2021-10-27,1238.9884033203125,1268.3934401761744,1237.33866581838,1251.8955912985962,937862,6136,58.71891382380594
2021-10-28,1226.4210205078125,1248.9356854272526,1219.3366024397246,1248.9356854272526,943525,5687,47.72598348967939
2021-10-29,1225.64453125,1254.8069521169648,1207.0117143816512,1214.2901769809375,1421636,8046,67.70804969070082
2021-11-01,1250.100341796875,1251.8956723627757,1223.3640728811288,1237.8725472946178,890339,12430,57.206648095536
2021-11-02,1252.623291015625,1265.19072115733,1245.6844669889854,1257.5241694063866,571414,7612,58.47206329115353
2021-11-03,1252.57470703125,1263.395377281648,1233.4566613962152,1263.395377281648,584243,13696,59.45665971340115
2021-11-04,1256.2139892578125,1261.6000986030542,1251.8954824599539,1259.465130437393,56644,11313,46.8115508842545
2021-11-08,1287.1234130859375,1290.180272700138,1247.3344829843734,1268.1994097449497,760625,8937,76.98899216006387
2021-11-09,1287.7056884765625,1299.4482516733035,1273.2943555321729,1287.1234351336252,613322,6128,65.71140250492076
2021-11-10,1307.260498046875,1310.1233127147593,1279.2625828516525,1281.009461321098,729602,17110,61.89031578855202
2021-11-11,1306.04736328125,1315.4122236280382,1289.7435598343152,1314.926992792886,825469,14197,62.3345267516177
2021-11-12,1332.1527099609375,1339.140105183986,1306.241430311606,1316.3827075519005,1056339,3891,61.869185640135875
2021-11-15,1348.16552734375,1358.3069245497102,1336.4229628893665,1337.296402229602,1020862,11433,45.422863868975305
2021-11-16,1357.5302734375,1363.4500658882032,1319.8278615272259,1350.3974039081875,944782,15647,51.64891166010118
2021-11-17,1334.6275634765625,1361.1696694772193,1324.9715161475458,1358.646492541129,825684,7630,50.65258023228793
2021-11-18,1332.3953857421875,1341.1781117906082,1300.7583570151487,1329.5325710225277,771508,10904,52.893989533633274
2021-11-22,1336.8109130859375,1382.2770173625916,1317.8869110495123,1344.283420350396,2587391,5032,59.31595958290792
2021-11-23,1351.1737060546875,1368.3508286454817,1319.8277496155001,1319.8277496155001,1071227,9757,76.08288994492798
2021-11-24,1332.0072021484375,1366.0218123377288,1320.2645212614377,1357.675865733778,995846,12222,63.970297868821504
2021-11-25,1348.40771484375,1354.6186922796999,1321.5745485223983,1335.3550547539555,1110099,17416,52.009712489345894
2021-11-26,1287.9967041015625,1338.2666668935403,1282.0284594958403,1338.2666668935403,1219366,12599,75.48903454433746
2021-11-29,1290.81103515625,1316.7224326550083,1253.6424245163755,1276.1570877277256,1261578,10553,65.40207376532578
2021-11-30,1320.1676025390625,1368.3024810853565,1284.89134203046,1292.5580134590537,6604500,5998,71.3078015139445
2021-12-01,1320.7984619140625,1336.0832347099085,1281.009529556622,1320.11918606452,1624319,16948,70.25768022119371
2021-12-02,1338.4124755859375,1344.0896536793202,1295.5665614887312,1320.7985694278375,1539592,10048,59.76936566975561
2021-12-03,1342.3909912109375,1354.7158059891365,1327.7370449293055,1327.7370449293055,1085502,6108,61.199859628592634
2021-12-06,1329.9691162109375,1354.5704137241478,1327.8341479742178,1344.5746113782413,791805,6610,69.0992740991994
2021-12-07,1369.1756591796875,1377.084944534298,1329.5808988722276,1337.0048349855015,1410645,4838,54.84991036284453
2021-12-08,1376.0660400390625,1387.1778969360653,1365.6335773712551,1386.7896885857474,948420,8713,59.41843919374599
2021-12-09,1347.9713134765625,1382.5682970869982,1341.1780815151976,1376.1147030307889,1065129,16299,52.584695147711635
2021-12-10,1351.07666015625,1356.7053851054573,1335.452251302525,1347.9712302657226,887283,13471,73.14960866615547
2021-12-13,1329.53271484375,1353.3090298172333,1326.8153743180917,1340.3048175265756,1124454,7368,73.25520661789653
2021-12-14,1312.500732421875,1332.3951950534383,1300.4185329899894,1331.4733039270639,1322715,9357,66.44488042592985
2021-12-15,1311.4334716796875,1324.0980449948547,1305.2710632154135,1310.123372000601,766527,11776,72.17361642594219
2021-12-16,1320.7984619140625,1329.9692782057418,1310.463020425862,1318.8575383844313,822094,17838,70.04136665742232
2021-12-17,1280.8638916015625,1319.8279537829958,1275.1381436973845,1314.975645129382,1080803,11947,48.60197959965243
2021-12-20,1251.555908203125,1271.3047793652381,1216.3766728962623,1271.3047793652381,1419970,5397,74.72535699752822
2021-12-21,1299.1571044921875,1312.0642932240808,1255.826081887767,1260.6298201908883,1669146,9891,45.067275466931726
2021-12-22,1330.939697265625,1334.3848838060055,1305.368054276147,1312.0642639314324,967859,7796,63.553142832967325
2021-12-23,1332.2498779296875,1352.8236187195103,1323.5641745786827,1334.9186476222833,1260219,10613,50.74799158923723
2021-12-24,1320.8470458984375,1343.8955130485601,1314.199287969797,1343.8955130485601,559766,7048,58.546624785012824
2021-12-27,1334.0936279296875,1337.1991763933152,1310.4629096469448,1318.6633819451592,576867,13943,73.9359176694218
2021-12-28,1358.500732421875,1370.097820349252,1334.3847838395768,1334.3847838395768,1138137,3837,49.9001224657695
2021-12-29,1352.6295166015625,1363.7898257535076,1347.0007915564972,1348.9417148872703,405879,11977,60.645452367166605
2021-12-30,1346.127685546875,1357.385019958767,1339.2374297101246,1353.7943582939304,669700,11450,57.59962482596515
2021-12-31,1355.735107421875,1361.5578781051472,1335.9862338806913,1335.9862338806913,386452,3840,52.047811396125766
2022-01-03,1364.61474609375,1377.0851552727577,1354.7645361245734,1358.6463829329532,278480,6600,62.685871786145725
2022-01-04,1359.9078369140625,1371.8444430716133,1346.709464873044,1370.0491128712613,337682,13229,47.93791104834037
2022-01-05,1358.7435302734375,1369.2730170158736,1350.9313839324054,1358.5979373118312,473752,9326,73.79899608601883
2022-01-06,1345.302490234375,1352.1927443994714,1329.8236739814336,1349.0387439715098,409359,16592,58.520545147945505
2022-01-07,1327.97998046875,1377.0367544755181,1319.8280774737905,1346.0305466589318,947383,3840,53.65281425681947
2022-01-10,1311.676025390625,1339.4797771142003,1309.201419105378,1339.2371616863586,525478,4062,68.80900671028373
2022-01-11,1317.741455078125,1324.680280238957,1291.587558469491,1309.2014628117356,735871,16916,48.08786482790944
2022-01-12,1315.80029296875,1337.2960403877764,1300.4185008124966,1324.6800400067596,806492,17366,54.861153330104855
2022-01-13,1287.7056884765625,1324.5832340804352,1281.3006647751188,1319.8279479280752,895685,4556,66.85371766962778
2022-01-14,1305.1253662109375,1310.1232675541487,1274.4588008262858,1287.7056264466898,690763,5955,49.55324982538894
2022-01-17,1289.7921142578125,1304.251898193809,1282.610674293991,1303.3300070043126,434192,6048,78.29656250930563
2022-01-18,1276.59375,1301.874323762273,1272.275242976027,1287.1718058427505,423878,7720,45.811135543074215
2022-01-19,1270.091796875,1293.2858560562133,1255.777486270296,1280.815446442656,1105569,10459,45.503353558897864
2022-01-20,1271.5960693359375,1282.9504243440783,1262.5707277395202,1271.304883427188,760910,10445,51.36480945186464
2022-01-21,1204.876953125,1267.9084026806995,1195.706017595174,1244.2291099289168,3375259,13685,70.26873444651207
2022-01-24,1145.09619140625,1211.1361549324188,1116.3220978816257,1211.1361549324188,2571377,12285,65.23260192400424
2022-01-25,1149.4149169921875,1158.6343035899106,1101.5226534642982,1135.537266622419,1764518,6313,56.855803752565386
2022-01-27,1111.421142578125,1144.9990900995376,1084.0056024970668,1140.2923750528678,2266013,5748,63.89843107411561
2022-01-28,1108.5098876953125,1140.243938210679,1102.104864105416,1117.0014276535826,1082194,3515,62.90525295350418
2022-01-31,1149.4149169921875,1152.9085555889371,1114.3812716137538,1114.3812716137538,851868,5087,54.72022945814642
2022-02-01,1152.71435546875,1163.5834781877686,1133.1109597366465,1159.7016317217544,1153750,7298,74.69865079291043
2022-02-02,1174.2100830078125,1179.1109619639403,1151.0645952251366,1157.7608046279677,746085,5889,45.18046375152658
2022-02-03,1171.007568359375,1182.7987010463587,1161.6911602545006,1179.110899407246,809138,10084,78.22929774242616
2022-02-04,1173.8218994140625,1185.9040991926838,1165.5244051803709,1172.3176365178085,858263,14941,67.03162684353366
2022-02-07,1159.6533203125,1181.682875007091,1150.0942949474397,1176.9761588085162,1031295,12030,48.245768672324935
2022-02-08,1151.7440185546875,1165.1363192337255,1140.29252285424,1159.507712327312,608655,11413,66.56127114984298
2022-02-09,1187.7479248046875,1193.2310563015687,1152.6657157819386,1157.469453109335,613698,7580,63.535734120648755
2022-02-10,1183.2838134765625,1192.6972431112322,1164.3598132807374,1192.6972431112322,704743,8124,78.65619561997694
2022-02-11,1140.050048828125,1171.3474432309401,1130.9276838209,1170.8622123099663,1216283,11714,62.56744399043829
2022-02-14,1121.902099609375,1130.587682920674,1107.8788594163118,1121.853529147038,1094621,9273,46.29513459780743
2022-02-15,1154.6552734375,1158.731164822411,1107.2966993822204,1121.8536235634065,1325941,14030,67.17695889275072
2022-02-16,1170.764892578125,1181.536992595946,1145.3872981612856,1159.7016066958156,623551,16094,77.38466472530715
2022-02-17,1171.298583984375,1183.2838795492733,1157.275461211283,1174.2585392584087,846963,4125,58.7392182546238
2022-02-18,1165.81591796875,1175.666011398543,1155.8686835781107,1161.6428844483057,632744,9107,64.0318571784701
2022-02-21,1165.6702880859375,1170.2314114470114,1144.7083355803034,1162.6133095307323,578419,4584,66.74029269502168
2022-02-22,1167.9019775390625,1172.414647719904,1131.6552600869777,1159.1193710445084,847355,12844,77.48165890178345
2022-02-23,1165.7672119140625,1181.4886453465542,1162.952849062313,1171.3473671427876,627290,10243,69.15647302711018
2022-02-24,1113.5076904296875,1145.38733106683,1106.3748211903032,1116.0308669577246,1658545,3275,65.59748697743709
2022-02-25,1133.8873291015625,1155.819737026451,1118.1173284914198,1121.174306148757,1201568,4819,75.89523571628868
2022-02-28,1150.67626953125,1156.5961800515572,1085.8009353883617,1122.0476523860584,1813314,4884,76.78880685756562
2022-03-02,1114.914794921875,1149.2205890798873,1104.191265229667,1140.292389669994,1512687,12922,69.74507598016646
2022-03-03,1071.729248046875,1131.7522745256547,1056.4444777929684,1126.026645837102,1729863,6264,46.19195977770813
2022-03-04,1051.9805908203125,1064.0143408288843,1031.600893027668,1059.7442852175104,1210864,9536,54.28281426078659
2022-03-07,1040.383544921875,1049.0691300186263,1006.7570222880316,1032.5712806103777,1596458,8414,46.18688784390417
2022-03-08,1043.5859375,1052.6112784545169,1009.2801410151378,1036.4530678886222,1378391,10488,53.94453163553435
2022-03-09,1060.3748779296875,1078.1828243784012,1044.2166687949232,1047.1280535592211,1113825,14940,76.33305099962925
2022-03-10,1094.3895263671875,1100.6975269253098,1072.9423481624824,1082.0647111240623,1520340,5733,58.031393647245004
2022-03-11,1060.3265380859375,1089.6345554997745,1056.1536234282291,1086.9172150762538,1395420,15929,55.42187364101515
2022-03-14,1063.334716796875,1070.419133789826,1043.2462092693227,1070.419133789826,776057,14173,55.50310986589319
2022-03-15,1050.087890625,1081.1911099448885,1040.9169585707132,1067.4106043303827,1158265,9136,67.91084219979251
2022-03-16,1102.7840576171875,1105.307234180717,1063.6259542534149,1065.5668775276,1669435,17458,71.35318708375499
2022-03-17,1113.2164306640625,1142.2332549718033,1109.8683856712464,1124.8619693723563,1955444,3750,56.96555783222183
2022-03-21,1103.5604248046875,1129.8599102971348,1097.6406327769082,1114.6721626650794,1000399,4183,52.86369221317126
2022-03-22,1091.7208251953125,1110.2081676810708,1063.6260067993476,1106.277750470851,1207877,4256,54.33127487595752
2022-03-23,1107.6363525390625,1127.6278383308659,1098.6595825034506,1101.4739449102287,1613189,10829,50.85034823090058
2022-03-24,1112.29443359375,1118.650885121015,1093.3704349957773,1101.473764548669,838633,12214,58.1131066402218
2022-03-25,1114.623779296875,1125.73551784147,1099.24186732024,1116.5161321350097,778720,9930,68.87365071626556
2022-03-28,1096.6705322265625,1118.602947768546,1081.4342091129438,1114.624077617964,781636,14960,46.97690933291711
2022-03-29,1119.524658203125,1123.3094827450286,1090.8475843875985,1101.4740932316263,717636,13953,59.547494640297174
2022-03-30,1116.904541015625,1135.440338228838,1103.4150979198196,1130.588029091108,1059088,13683,61.9155132141161
2022-03-31,1118.5057373046875,1125.687059482752,1111.4213191441363,1116.904451724336,547446,7999,45.640950029926245
2022-04-01,1138.44873046875,1141.2630934226565,1118.9424716975536,1120.1069784886847,747142,12491,52.26807308664938
2022-04-04,1145.43603515625,1155.7713578799405,1139.66171674443,1143.2039257761232,712219,6333,60.63364360318422
2022-04-05,1221.4715576171875,1227.5853948240963,1148.6383647016178,1151.93795794551,3238425,3807,45.06377340486894
2022-04-06,1214.87255859375,1226.66369294272,1204.1974789874448,1221.4717460998406,845250,17008,59.407273275824075
2022-04-07,1212.300537109375,1244.9081403976936,1209.1951074936048,1214.8238319448028,1208629,12105,72.49059329891489
2022-04-08,1230.4967041015625,1241.0747589401894,1215.2605047912564,1228.1191206335275,741622,7512,52.743249976686904
2022-04-11,1237.53271484375,1248.935639840768,1222.0538980846868,1230.4968675051643,759966,15351,63.97580410507442
2022-04-12,1218.7059326171875,1240.2501364275179,1214.0962392306221,1234.4273658339614,844897,13418,72.98474358286272
2022-04-13,1236.0770263671875,1241.5601586937696,1210.8935925063374,1218.8999015731995,602668,15212,56.61294661434134
2022-04-18,1241.996826171875,1259.5621577657496,1223.4609144953931,1231.4672228443421,1154240,13771,61.30466520036883
2022-04-19,1247.81982421875,1267.2290601315347,1229.526524599291,1243.1615602138518,1033067,8336,65.61015781094193
2022-04-20,1260.96923828125,1266.1611840742844,1239.9587212480235,1251.8954461435842,732477,9816,57.02877967594807
2022-04-21,1281.737060546875,1290.6652592008322,1258.7371697650135,1272.2264902056472,795979,3788,57.48365451024023
2022-04-22,1277.418701171875,1290.7139782233915,1269.1697772508985,1280.03890020801,514639,12955,63.51275261338634
2022-04-25,1263.444091796875,1273.7795324383294,1248.9841889928566,1262.5706525871844,691797,6938,65.79267234246737
2022-04-26,1286.78369140625,1290.131855474042,1257.7669802727921,1269.5579955930148,1014769,7313,77.54059521507496
2022-04-27,1277.127685546875,1304.9798908777605,1274.2163002454763,1274.6045086452439,1444594,4247,68.8098984734643
2022-04-28,1278.195068359375,1296.5368179954871,1269.0727047793687,1281.9798926437413,920708,9422,56.43975445801725
2022-04-29,1273.0517578125,1286.8322671335327,1261.6002618956204,1284.8913436536934,875714,13866,58.47723123923757
2022-05-02,1251.7498779296875,1272.1781421075038,1244.9566466924443,1256.7477788899982,782353,11563,60.68535782720812
2022-05-04,1215.9884033203125,1255.7287590597641,1212.9314255408424,1253.8364062967628,1052210,8584,52.374641779036594
2022-05-05,1212.20361328125,1250.148639789035,1190.8050051547316,1227.6339770813497,1569668,11498,60.75694380342846
2022-05-06,1201.9654541015625,1216.7164253924768,1169.6490302726083,1189.3494512859277,1004903,11826,73.93851669919712
2022-05-09,1179.59619140625,1199.4906561728712,1158.0034186717464,1198.7142394303,858791,17575,66.3962665223878
2022-05-10,1188.1363525390625,1195.2692226163656,1163.583623195891,1163.583623195891,1059607,13292,67.72615097395993
2022-05-11,1192.93994140625,1204.4398878623442,1167.707939391556,1187.16574217717,612932,17617,67.83347368805197
2022-05-12,1164.117431640625,1200.9949778885366,1155.3347054773346,1188.8156356234647,684197,4924,49.45474631920167
2022-05-13,1198.4716796875,1219.191132629943,1170.3768596707823,1179.1110153399673,925407,12973,68.41777572663509
2022-05-16,1199.4908447265625,1212.0582782786014,1191.5331049548238,1199.4908447265625,335027,3732,69.96129839464562
2022-05-17,1215.6490478515625,1220.7924245260103,1194.0077014286987,1204.3917141978611,594675,10116,61.8114299411984
2022-05-18,1205.798828125,1238.5033445281522,1201.9655512685026,1215.9886773767605,729101,5515,72.18876796962394
2022-05-19,1179.15966796875,1191.0478251245383,1160.9635090568288,1182.1195054063435,793986,8738,59.34512159254669
2022-05-20,1193.0367431640625,1220.015618482216,1186.8743367357324,1186.8743367357324,586525,14949,56.415407984025684
2022-05-23,1208.66162109375,1236.3683533204753,1194.5899247647492,1195.608957057163,597894,15995,67.08949949492074
2022-05-24,1181.7310791015625,1219.1909927796798,1174.8408252235936,1213.0770371267392,366642,8370,53.98678391604719
2022-05-25,1193.134033203125,1205.2648038789246,1169.551886088105,1183.9632179580435,761679,15680,63.37594255916001
2022-05-26,1138.1090087890625,1204.343022730528,1131.3643470629017,1202.4020992450637,1375381,15849,74.3604746067472
2022-05-27,1146.455078125,1156.7905204782292,1116.0311229446004,1138.157700420117,1235041,16566,66.97642892561998
2022-05-30,1181.634033203125,1190.6593735662234,1151.937931615961,1151.937931615961,615374,15776,54.489605286881435
2022-05-31,1166.3009033203125,1181.488533956697,1159.8473094060953,1179.1109502083566,2007784,10835,63.7786794848797
2022-06-01,1155.965576171875,1175.1321963804628,1147.6680805438468,1161.8853693535116,1027857,17539,57.96897610929258
2022-06-02,1136.604736328125,1155.3832656667742,1134.7123833312314,1152.9085408573897,1052575,15679,71.49542655991067
2022-06-03,1121.9991455078125,1149.7057517009064,1119.0877608557823,1146.1150913492204,2326132,15494,57.69194586787024
2022-06-06,1115.2060546875,1129.3262009441612,1108.7524608722247,1121.9992863952511,332039,17010,75.89811575433438
2022-06-07,1099.3875732421875,1115.9339935174035,1079.299062340019,1106.03521255762,638957,12412,55.037362793602455
2022-06-08,1076.339111328125,1113.2166581055117,1067.0227021509625,1100.6976777434322,1469147,11786,47.76784541914641
2022-06-09,1098.6112060546875,1108.2186820359389,1060.035353789251,1068.9635539717788,1870191,9385,78.4325182792004
2022-06-10,1090.2650146484375,1107.8789160180766,1073.9127607185983,1090.7988159032486,901223,12924,54.012146311250845
2022-06-13,1060.2779541015625,1076.9212771141574,1046.8369650843301,1076.9212771141574,500303,7344,74.75812383665244
2022-06-14,1093.8485107421875,1097.21040290387,1059.205866673184,1062.1780638832822,1446380,7853,77.8298752751354
2022-06-15,1085.17578125,1100.9623540969042,1078.7442674032686,1096.2848245968178,412426,14812,73.56785231288872
2022-06-16,1065.4910888671875,1099.0130558066332,1057.5978644167096,1097.258953060092,478120,17283,58.027808226624046
2022-06-17,1042.3475341796875,1075.7719657811679,1036.4519110003982,1054.3822804101032,1136315,7536,68.98883457445957
2022-06-20,1043.85791015625,1057.3057170890468,1030.4588745710203,1042.3475447902551,602545,10302,60.58423831315283
2022-06-21,1077.7210693359375,1080.2060292990839,1046.5866264927524,1065.1016599223262,590641,15670,71.86786591772551
2022-06-22,1073.140869140625,1078.2080928591947,1062.4216413898446,1071.9227750780365,410868,7905,72.84723073285382
2022-06-23,1068.658447265625,1082.6421451515218,1056.8185476299059,1076.7952928824766,846567,16340,45.6075051348023
2022-06-24,1078.597900390625,1084.4935232005926,1059.3033619256814,1076.7463736355073,2337913,8369,67.81712690850019
2022-06-27,1074.261474609375,1091.3634428428707,1068.999284785803,1088.0503223562616,691858,4114,47.50958664130335
2022-06-28,1078.3057861328125,1080.9368220936278,1047.7558876132075,1074.8463509301523,913805,3597,49.399383464213656
2022-06-29,1070.5587158203125,1080.6932843881666,1056.3313979051152,1057.5007208744921,933631,16510,46.9599901761242
2022-06-30,1070.1689453125,1079.7188527835524,1059.2060959498513,1069.9740977945312,1374865,16613,69.12725049409651
2022-07-01,1082.8857421875,1091.4124015748032,1064.3707103750703,1071.77669930914,1848135,6479,48.90664398975432
2022-07-04,1104.1781005859375,1107.1015269147085,1081.6189702913496,1082.788412195571,693543,3901,78.06651331082213
2022-07-05,1127.5654296875,1134.1431384516338,1106.22439523963,1110.317263176688,1358545,17007,67.02602984524736
2022-07-06,1166.6419677734375,1169.3705466307185,1129.417052954169,1133.1201072669755,1415708,6368,57.84627406111871
2022-07-07,1190.8575439453125,1200.3586777692512,1164.0594741854854,1168.3470701834578,1067111,6792,56.024928702487756
2022-07-08,1187.4954833984375,1201.7227978686285,1179.2612153428238,1193.6833772758894,488079,6687,61.340250513467936
2022-07-11,1193.0501708984375,1196.8505294479219,1180.235796767249,1184.961978234933,355695,11713,69.04511579292364
2022-07-12,1189.7371826171875,1192.3195665284063,1181.2105218425704,1190.614234373483,356739,12002,56.283968089232275
2022-07-13,1197.191650390625,1211.2727705761822,1191.393451113718,1202.5024930740217,699876,11949,60.7766889787001
2022-07-14,1210.0548095703125,1217.119756113002,1198.9945377392119,1203.1847105228567,501292,16085,56.92785963226748
2022-07-15,1223.55126953125,1227.6441375206784,1212.2473788569275,1215.1708050117272,377925,7949,45.88192863892482
2022-07-18,1230.080322265625,1232.7113582151876,1216.8761332578779,1228.3262189962404,519695,17833,75.26995722866602
2022-07-19,1226.5721435546875,1243.430615627367,1220.4330198815887,1225.695210854614,907167,5044,63.77071357008987
2022-07-20,1192.027099609375,1244.1127650658825,1185.4493902920944,1237.632598457662,1405925,6720,65.71699163436658
2022-07-21,1224.91552734375,1227.8389534233293,1166.7393959419255,1169.3704318317423,2812165,10037,63.55808031318605
2022-07-22,1195.1453857421875,1227.7416613993719,1187.3009296264124,1217.7045165341528,1380188,9640,59.91238307469067
2022-07-25,1194.999267578125,1199.3356356604966,1159.8206093859944,1189.0062198917815,1023851,4354,78.50829627901552
2022-07-26,1179.651123046875,1194.3169049522273,1175.8506455825911,1188.8598670582705,710968,8486,65.9210189234243
2022-07-27,1189.83447265625,1194.414459490073,1169.4192604492378,1176.1918169501178,693406,15755,48.25016384312257
2022-07-28,1193.97607421875,1202.3078871011685,1171.5631383223767,1183.9877006127576,885351,14890,75.61989972047685
2022-07-29,1217.4605712890625,1220.9200058421116,1195.7784980185386,1197.1427870938744,1027274,11909,48.39443776382321
2022-08-01,1255.0269775390625,1259.996778629061,1217.0710867327807,1226.6697652448122,1026659,6491,78.63510154543454
2022-08-02,1257.26806640625,1274.56500410838,1242.4560884628506,1256.0987435518546,1040083,16847,47.04765553280055
2022-08-03,1246.79248046875,1270.4722798436142,1232.4189685779018,1257.0732433351964,912780,6986,77.69092111596392
2022-08-04,1276.4654541015625,1283.1893586995093,1239.5328096458936,1247.7670798640106,957136,9114,75.79573941637008
2022-08-05,1256.488525390625,1287.281922299701,1250.251859432639,1281.4350702680595,1078846,14731,51.01520779692279
2022-08-08,1271.6414794921875,1274.613676702385,1253.175220366412,1263.6996010586,576588,14520,68.10976871104205
2022-08-10,1275.5882568359375,1283.3352884304852,1262.2379918748454,1271.6903553635589,547484,4407,74.44809752747679
2022-08-11,1274.8087158203125,1291.0825269490374,1266.0872082634196,1286.3075735291236,492587,17538,63.930672780110136
2022-08-12,1264.040771484375,1282.4096087303774,1260.7763027302576,1276.5627564109382,477595,17851,77.13681861172401
2022-08-16,1268.1334228515625,1282.4095099561857,1256.1474478926086,1266.8179049719158,781060,6273,74.96167848480053
2022-08-17,1314.0802001953125,1318.2704923902788,1257.804240565146,1268.133656983414,1200211,15321,52.39818985290178
2022-08-18,1323.337646484375,1328.1612523267916,1308.3794722829853,1313.5928920920012,884432,17393,69.26760517082226
2022-08-19,1315.5416259765625,1335.0311315465858,1298.4883086027924,1330.15875515408,864242,5773,47.96585422559187
2022-08-22,1254.2960205078125,1309.6949225712049,1249.6672624109276,1309.6949225712049,858252,8124,47.52140794434313
2022-08-23,1258.68115234375,1263.894571852315,1242.504884775556,1242.504884775556,537982,12737,70.68049035987866
2022-08-24,1265.9410400390625,1271.6904690155548,1256.8784896785621,1257.0733371877898,379795,4292,74.24927429505607
2022-08-25,1277.683349609375,1295.418752990388,1262.9200246049206,1266.8179259154297,548190,7265,60.41650123558004
2022-08-26,1289.8642578125,1294.5904392382386,1275.295780668919,1281.727412828362,417728,8511,58.758068521132984
2022-08-29,1309.207763671875,1313.1056654617428,1255.124376337458,1255.124376337458,1011777,7837,60.908693245111614
2022-08-30,1355.9825439453125,1360.8061496818875,1313.6902870194992,1315.5418141043276,1448064,6773,68.41981298492388
2022-09-01,1349.599609375,1363.2910358370843,1339.4163893910454,1350.2330421532463,529228,5451,70.48894967512865
2022-09-02,1347.017333984375,1369.673886041714,1339.9036162942446,1359.3931234403428,688481,12876,70.81060968606673
2022-09-05,1344.5811767578125,1366.2144826096257,1331.523182876347,1350.7203002784283,459330,5415,76.56274732819054
2022-09-06,1343.1680908203125,1354.374557478294,1335.0312453421586,1344.7759989577949,281833,16523,71.4420697073725
2022-09-07,1332.4976806640625,1353.253935232115,1326.5534045376583,1336.980243696047,373109,11785,73.16627764916802
2022-09-08,1314.4698486328125,1337.6622910352087,1309.9385143774464,1336.9802058589223,380987,15427,49.943882426966105
2022-09-09,1311.7413330078125,1329.6717044438365,1296.344692815692,1329.6717044438365,321642,11717,53.63744782848584
2022-09-12,1348.2353515625,1352.4742953349803,1314.3235634736486,1317.149565640137,484016,7237,62.76201427553101
2022-09-13,1343.363037109375,1354.5207322500623,1336.005700658155,1351.0126447919715,575609,17928,54.78467304794182
2022-09-14,1333.76416015625,1342.4370132368895,1326.8454100193774,1334.9822541576182,404187,6717,51.93268889398182
2022-09-15,1323.7275390625,1342.5348447839685,1316.5651679496614,1335.7135163042121,458162,14297,49.71784513947938
2022-09-16,1269.10791015625,1326.699377820239,1261.3608789382831,1325.0915887046472,1054550,7146,72.68780803923431
2022-09-19,1279.827392578125,1286.3076785374203,1251.616374028378,1272.2265549413041,370467,8821,75.70611084351052
2022-09-20,1285.722900390625,1318.8062935095602,1282.6532790089304,1286.6486044631824,580519,11045,66.61799626214463
2022-09-21,1280.7530517578125,1312.4235019105329,1277.8296255898692,1287.2819892844134,383657,11181,57.91517808551074
2022-09-22,1279.8760986328125,1293.2751362672545,1264.8691526913324,1272.7623801614443,414650,15975,71.30912939905474
2022-09-23,1273.103271484375,1291.1798367811148,1259.996625628665,1279.4861325989461,367687,15066,49.05125718298132
2022-09-26,1259.8505859375,1273.736861366691,1237.8274641354421,1249.2775508928453,679026,17724,49.641260509801
2022-09-27,1280.36328125,1294.931641232705,1247.3285406405685,1264.3330891792123,455865,17838,71.56947284918954
2022-09-28,1285.62548828125,1291.8620358982566,1262.9689344297665,1273.541969102888,719495,7446,49.68481747924656
2022-09-29,1299.4630126953125,1302.386439045583,1276.5628396181921,1292.1544468196357,715783,7015,77.86733147927762
2022-09-30,1314.1287841796875,1318.3189568226799,1275.2471938245085,1298.1960170028976,617890,13832,66.4188213295814
2022-10-03,1289.377197265625,1319.244893177604,1284.0662347653476,1314.6161348554147,639263,10859,69.79299176467502
2022-10-04,1309.0130615234375,1333.4723741800365,1302.337808803418,1314.5675246089852,799269,10553,47.83095216791746
2022-10-06,1318.0267333984375,1325.9199602490005,1306.1380622941379,1317.685571849083,457774,4499,65.90775579951591
2022-10-07,1316.2725830078125,1326.5533455633222,1294.3468875662609,1319.8294418370108,568417,13695,69.8530049769177
2022-10-10,1311.05908203125,1315.2492544153738,1286.3073858163082,1290.2052869854485,391374,12621,77.29085723634603
2022-10-11,1246.7440185546875,1317.637113457818,1242.553726188222,1317.637113457818,1009006,12382,64.2918019299871
2022-10-12,1237.778564453125,1252.980475352639,1213.2218327692394,1249.2774213736263,1001404,7363,60.310630161303415
2022-10-13,1199.530517578125,1235.634880882893,1192.7579607260732,1235.634880882893,1498795,11068,72.46125351835875
2022-10-14,1221.5048828125,1235.1963094158577,1206.5467095940915,1216.0964968983378,929681,11170,68.63142086571575
2022-10-17,1200.5537109375,1234.6603504527698,1191.929627308114,1221.9921700613838,868754,3449,56.06815436050093
2022-10-18,1224.9642333984375,1230.1776525048906,1202.9897676231149,1206.5952786806042,982630,8334,49.09653447891444
2022-10-19,1216.77880859375,1248.9364988179873,1213.2219493689522,1230.8112790279583,702501,5243,68.36917550297943
2022-10-20,1178.92041015625,1203.4283717943765,1161.7208952102471,1188.8600118538764,3106479,13404,77.53415801309035
2022-10-21,1136.1895751953125,1187.252111301085,1129.6118660707825,1183.9876424153704,1432485,4141,72.98380624278238
2022-10-24,1145.934326171875,1159.6257534477506,1143.05967125564,1159.6257534477506,217790,10135,59.714049905608064
2022-10-25,1145.7393798828125,1155.435361924512,1131.5120637236491,1149.880900073756,764317,17251,74.7513372663371
2022-10-27,1156.215087890625,1159.6257518667035,1145.6907057540607,1156.7023256014934,735441,15206,60.374158729275315
2022-10-28,1157.0433349609375,1160.795041435916,1142.0851614580008,1149.8809646078846,564137,9379,76.28066057236174
2022-10-31,1185.25439453125,1188.859905679787,1157.7741187813565,1162.451647959277,718591,6550,46.60602899821454
2022-11-01,1189.5908203125,1202.2590002543902,1183.987586876664,1188.859963777391,689552,5895,72.3608154077255
2022-11-02,1189.054931640625,1202.50274082977,1182.0387557751305,1188.860084126677,677069,9288,67.09049085285015
2022-11-03,1176.2890625,1188.2751557792383,1167.4213614253154,1185.741543894257,495954,17680,72.90625304097111
2022-11-04,1178.0919189453125,1182.184786760728,1167.5676566081934,1182.184786760728,542314,12519,66.18042176085291
2022-11-07,1200.991943359375,1204.353954258014,1179.6996834859756,1183.9873982664817,591151,6398,54.85953351409513
2022-11-09,1172.3426513671875,1209.2751730386753,1167.6163506191376,1204.4515674982188,781273,4882,48.5627724520484
2022-11-10,1195.437744140625,1198.5073655627034,1152.9018674605923,1154.7533945845857,783233,10811,77.17997831742983
2022-11-11,1204.889892578125,1214.0499838505273,1195.729920260223,1201.430576763662,625997,11091,61.67680757447896
2022-11-14,1208.05712890625,1211.9550305808102,1197.6302895086092,1204.8900837956699,466101,11987,78.75972408249005
2022-11-15,1207.2288818359375,1215.9991608452135,1196.8020421511626,1211.7602164483012,798880,9254,75.4841172236162
2022-11-16,1201.0897216796875,1209.1777962604974,1186.911056793816,1207.2288454283237,595800,16070,71.51180905245872
2022-11-17,1192.367919921875,1203.184571658281,1183.0617524400016,1198.604585458249,389060,15800,45.75681426914647
2022-11-18,1190.370361328125,1199.3354865894041,1180.08959923605,1196.1196704878012,906381,15452,56.86081154340758
2022-11-21,1203.0872802734375,1210.2984218758388,1184.0850103647588,1184.0850103647588,695606,17997,46.36135967636823
2022-11-22,1208.9827880859375,1219.8482113222012,1196.9966944792068,1201.7228758282174,685087,7243,45.44299960161053
2022-11-23,1209.1290283203125,1219.2148241221284,1197.630171927489,1212.4421492547974,575291,3046,48.61529385658907
2022-11-24,1211.2728271484375,1217.5094930099342,1202.1615066643285,1214.196253119029,242093,9754,47.490597380153034
2022-11-25,1214.6837158203125,1222.8693338453866,1204.4517230276024,1214.0016305492768,329119,11571,60.96565981382413
2022-11-28,1190.370361328125,1217.0222372392107,1187.3981640537795,1213.2217597430902,684369,17838,64.15106539970051
2022-11-29,1203.330810546875,1209.0314673089772,1190.8088266273332,1196.1684408224644,298865,8785,68.00776189958336
2022-11-30,1221.5538330078125,1229.1546706744803,1185.2058486094472,1201.5283135337706,1931733,13536,74.60434016959391
2022-12-01,1218.4840087890625,1238.1683633961277,1211.8575287872425,1227.010668153053,611094,8463,55.54026089635233
2022-12-02,1207.3260498046875,1220.9200507617447,1200.6022658190323,1217.1195735386589,444917,8077,63.20747719990227
2022-12-05,1202.8436279296875,1208.3494374638726,1186.6673608642184,1208.3494374638726,658970,4126,50.79626273240362
2022-12-06,1191.2471923828125,1213.9525127292843,1186.9108252091257,1199.968817027777,543852,12405,57.30194803815119
2022-12-07,1174.9736328125,1196.119699957656,1170.5397224653664,1192.7578076404727,450207,15102,68.53002957005674
2022-12-08,1181.5025634765625,1192.4654109130809,1171.0757250520771,1174.9736263628392,526779,6796,78.25401558545084
2022-12-09,1151.829833984375,1189.7856003058641,1150.1732735139162,1187.4469546898065,920352,14885,45.71168848150626
2022-12-12,1137.212646484375,1153.7787261675235,1129.7578868360579,1153.6813024308758,589078,3260,76.65461644706824
2022-12-13,1122.2056884765625,1149.4423434354692,1114.5560814570251,1147.9318591968313,1338319,16647,61.91816598645227
2022-12-14,1125.7625732421875,1131.3658061321617,1121.2312393750472,1130.7811447519343,2024261,17179,74.89987716423087
2022-12-15,1125.1778564453125,1138.0408819947988,1119.2335812891786,1129.416799936314,615540,15262,77.3790022249678
2022-12-16,1124.301025390625,1130.391496817443,1110.9019882516252,1120.6467425345343,712922,11677,52.99431699699139
2022-12-19,1132.82763671875,1135.5074440314181,1120.5492706407015,1122.6444165124176,523406,5596,50.562212234252335
2022-12-20,1142.328857421875,1146.957615854593,1121.8161014171774,1121.8161014171774,535004,3085,55.24455867607132
2022-12-21,1126.7857666015625,1151.7323089326953,1122.010814138868,1147.9806030528985,526005,10970,59.29611690172337
2022-12-22,1109.245361328125,1133.3636267372626,1105.4448835939643,1128.4424785366234,697173,6780,68.4756329906042
2022-12-23,1072.702392578125,1105.7370080752971,998.3498841285757,1102.1314972663924,868844,13916,57.84228882372605
2022-12-26,1082.20361328125,1089.658254309262,1061.8857077130401,1070.6073331922769,537211,8808,74.46083812837252
2022-12-27,1081.521728515625,1094.4335303069136,1074.4567803656746,1088.4892528957946,569944,9831,62.711311874687595
2022-12-28,1082.4471435546875,1093.0688285010147,1076.8439109278922,1081.5213207045188,237041,10730,76.80160798691848
2022-12-29,1074.7000732421875,1083.7139698714263,1070.899595737337,1079.7186448861244,608371,17778,59.79180854348404
2022-12-30,1071.8740234375,1088.1478317855376,1068.3659362636567,1081.5701237266437,382009,5580,57.04387766608684
2023-01-02,1072.5074462890625,1084.1037256623279,1070.9483096655267,1075.7719146158875,461228,4797,61.06900590593311
2023-01-03,1099.1593017578125,1105.0549245543857,1073.1408603752357,1076.307904912098,998855,14217,78.64558627829012
2023-01-04,1119.4285888671875,1124.5933559449636,1091.6072692835032,1100.182700179373,2421079,8263,49.54171342655562
2023-01-05,1137.3101806640625,1141.5978960834475,1116.7487741456516,1125.42162873053,2453274,8338,67.36413594085667
2023-01-06,1162.0618896484375,1167.2753091360412,1137.3101912268678,1137.3101912268678,1198621,6870,66.79993160956465
2023-01-09,1156.1663818359375,1172.391422315119,1146.9576361622396,1172.391422315119,570085,13072,57.24340032891434
2023-01-10,1151.4400634765625,1162.5978777395985,1143.2057942528409,1157.1407205510247,509356,3556,51.14647484949129
2023-01-11,1158.0665283203125,1166.3982211799578,1145.8855864601496,1146.9574855529418,420758,16177,47.84431771067263
2023-01-12,1162.1595458984375,1167.4217377895652,1154.8509790925762,1162.0133507714127,578505,13611,61.82849584532009
2023-01-13,1142.669921875,1172.0016099760817,1133.31498107577,1160.6002944636646,962496,8923,58.160954083374676
2023-01-16,1148.3218994140625,1166.2522715683974,1141.939037605054,1141.939037605054,929746,17557,74.80868009116453
2023-01-17,1148.029296875,1159.5768050846862,1142.1337928381186,1151.196341516511,725215,4502,63.60079381326469
2023-01-18,1172.0989990234375,1179.6024116395886,1145.349579282696,1148.0293864962514,927227,15275,64.96838097196085
2023-01-19,1174.6812744140625,1192.6604161678088,1158.0665409088986,1169.370431287105,1825960,8870,60.84744771382282
2023-01-20,1124.1546630859375,1183.8900455373207,1107.5885832689244,1183.012993991402,3037526,14496,77.96217972971913
2023-01-23,1169.3702392578125,1173.6091825842236,1125.5188552856446,1130.391231282552,1252028,7918,49.98805827434557
2023-01-24,1162.9390869140625,1176.191929939375,1153.5353745366488,1176.191929939375,530155,17385,69.49590910223989
2023-01-25,1153.2672119140625,1168.2630810770806,1148.2359926872134,1161.5711266123,266216,13903,68.13702252824206
2023-01-27,1144.1817626953125,1157.0773259634302,1124.7409274063816,1153.755736064629,505303,10908,71.20088818037131
2023-01-30,1149.408447265625,1157.3215661086313,1135.5848469804203,1139.5902410363324,457495,16249,56.66634632619724
2023-01-31,1154.48828125,1158.6402382589379,1131.2861685529933,1152.7297576386202,971218,11591,76.27472539390246
2023-02-01,1170.363525390625,1185.2617255260232,1148.0406723172964,1158.738020778374,774523,10849,46.6725706313978
2023-02-02,1171.1451416015625,1185.8967785097025,1157.5657744030161,1163.9158270476182,470914,12827,73.30281060261557
2023-02-03,1169.288818359375,1176.664576365282,1154.2929503264431,1172.317280817297,353228,4387,51.73215168422701
2023-02-06,1171.7801513671875,1174.3690430554175,1149.4572959411091,1172.3175112615706,429582,13053,49.011110002153515
2023-02-07,1171.29150390625,1189.4625179133802,1163.427280041628,1178.6184872141944,614821,14285,54.78333582430854
2023-02-08,1201.9185791015625,1206.5101083303286,1168.4586833847093,1172.317514167121,652437,15384,68.00022739135544
2023-02-09,1206.265869140625,1214.6186790866489,1195.7638581317067,1206.5101019547858,666625,10993,78.65559026337138
2023-02-10,1173.2452392578125,1211.8340138403523,1168.702605501514,1206.314449081964,1706011,4588,78.00386796796815
2023-02-13,1156.2957763671875,1174.2224405308602,1142.130273576412,1173.2455093039102,1262978,5739,48.65085182792139
2023-02-14,1174.1734619140625,1181.5492198459588,1150.3852145137002,1155.0256370370385,661062,16897,56.97690425862434
2023-02-15,1190.0487060546875,1193.5656343492415,1162.5480702890095,1170.412413760328,728523,9953,62.587695926972216
2023-02-16,1199.036376953125,1202.748762881959,1190.830131758109,1195.91024509516,471441,8678,74.08805651278777
2023-02-17,1198.743408203125,1203.5791696652425,1187.9482713579018,1196.5453131286552,736168,17806,62.29113934590244
2023-02-20,1187.6551513671875,1204.5561079641016,1184.6755829122271,1201.6253145140672,349234,8782,63.1596872175905
2023-02-21,1188.6322021484375,1195.7638479630098,1182.6241703746146,1188.9253292246592,260195,3650,70.51003771464012
2023-02-22,1173.92919921875,1188.1923684443905,1166.2114202100647,1185.7989351161411,522972,4987,69.9717186217312
2023-02-23,1172.3662109375,1179.1558343615632,1157.6633502224129,1178.1789032643292,480624,16599,77.47427971085153
2023-02-24,1153.6580810546875,1174.2713055796437,1150.8738509780078,1174.2713055796437,523520,14485,70.45016215866812
2023-02-27,1142.3743896484375,1159.6172478929861,1126.059687527227,1159.6172478929861,384735,4937,64.49244102947675
2023-02-28,1169.435546875,1178.179033459736,1140.029822195328,1147.8941660988305,1124099,17847,70.66140904566299
2023-03-01,1186.53173828125,1189.853208682415,1165.2345921853696,1169.4354436987776,302995,14702,65.73808233076635
2023-03-02,1170.4124755859375,1189.4626340465545,1165.7720523711719,1189.4626340465545,673931,8330,74.7783237778334
2023-03-03,1177.2509765625,1181.4029341141852,1167.4327704150319,1174.3201829966044,561235,17229,56.50012524251502
2023-03-06,1196.740966796875,1198.2552581708771,1182.624355747408,1182.624355747408,417893,13221,62.05334947588095
2023-03-08,1193.712158203125,1200.2575489989633,1173.880408784943,1195.763689702247,846149,10462,51.13017148385251
2023-03-09,1182.2821044921875,1197.1803054680238,1180.7190384045987,1193.8099404899638,219314,5836,58.96410056248199
2023-03-10,1187.7529296875,1190.6837231123704,1163.7203282001315,1176.3716580367288,355348,12920,47.72745576295443
2023-03-13,1177.6417236328125,1191.9537902478282,1170.3636335466185,1187.7530574395998,404702,7727,53.07360095802949
2023-03-14,1149.6527099609375,1181.793651767158,1138.1248738375157,1181.793651767158,492822,5806,78.36960317068397
2023-03-15,1159.0311279296875,1166.3581114770502,1147.9429833455363,1162.5480561815637,305378,4349,61.54017851207249
2023-03-16,1157.7122802734375,1162.5480416525459,1142.0324879763245,1158.0052880590965,419044,7291,77.4989523557393
2023-03-17,1165.67431640625,1169.2890335733132,1153.3162315331535,1169.2890335733132,520672,14188,77.42284146135347
2023-03-20,1145.6473388671875,1171.3406809040052,1135.5361233124154,1171.3406809040052,555437,9424,62.31403990203835
2023-03-21,1174.6131591796875,1179.595484256725,1148.9199411629168,1157.3703003136595,524540,15116,55.82334598182369
2023-03-22,1165.1859130859375,1184.0407348659724,1163.0856061956868,1176.1763902041241,354856,16444,63.687236991049076
2023-03-23,1163.4273681640625,1173.733920578657,1156.8818576939457,1162.2549791934189,178081,12193,68.42963158462945
2023-03-24,1154.1953125,1170.021669409781,1146.9172227997947,1163.9158494417243,253493,10181,69.02769861723061
2023-03-27,1140.9578857421875,1161.913010690159,1135.4870952882318,1153.8045538980978,269418,6885,55.09002322260568
2023-03-28,1117.6092529296875,1145.4028968764403,1105.690740416595,1143.0094632235441,943699,6391,75.10486142404551
2023-03-29,1152.3880615234375,1156.247011456171,1109.842777770787,1111.747745978256,607826,11609,68.31675756573672
2023-03-31,1161.082763671875,1166.8466817639332,1150.6296472412525,1158.249639261782,492712,5809,77.35213170222606
2023-04-03,1161.5223388671875,1171.1452068915992,1146.9661589353518,1162.548164360991,703176,17490,48.91677443204273
2023-04-05,1173.19677734375,1181.7937009037807,1154.781646890888,1161.5223772007434,636055,6107,62.23335044357984
2023-04-06,1166.9932861328125,1173.2455508030025,1152.2415286806397,1172.3175138062943,554814,10684,53.14234182607297
2023-04-10,1142.765380859375,1171.877981114729,1135.2430575992541,1166.9933246459989,795946,16333,45.6502167209234
2023-04-11,1145.940185546875,1155.3675945558969,1131.4327824963075,1143.9374290809913,506156,14995,54.32869687746587
2023-04-12,1154.5860595703125,1161.0337813306398,1144.2306131971452,1147.3567451857007,498818,16132,55.63801218285015
2023-04-13,1158.835693359375,1169.8261689005462,1152.3391965540272,1155.709561351603,622876,13011,49.78325040598843
2023-04-17,1187.1666259765625,1193.8098051636387,1148.5778474954138,1158.835624053694,923153,6432,64.85790111089598
2023-04-18,1182.0869140625,1194.6404578527145,1177.9349558932722,1189.9023647339877,799192,14562,48.577745904406186
2023-04-19,1187.5574951171875,1209.1965441779357,1180.7678712519185,1186.4828946912567,1049172,10300,49.70240384229658
2023-04-20,1178.0323486328125,1196.7406031367875,1173.9780606978593,1186.971292090773,572387,8605,75.39284342688093
2023-04-21,1180.7679443359375,1194.298417898488,1175.5413861534585,1177.4463543330492,485085,10927,76.86994378267812
2023-04-24,1174.1734619140625,1185.31049982093,1169.0933488622613,1180.7677465524905,348301,15887,47.28666847542806
2023-04-25,1187.8507080078125,1189.9022397427157,1165.6742975043621,1172.4151468513016,394974,11503,77.88650269177603
2023-04-26,1191.758544921875,1201.2836253222704,1184.089657886265,1189.9023515570893,692419,9438,45.0821148053658
2023-04-27,1193.0283203125,1200.5507620204241,1186.531823309046,1191.660712051328,351744,11063,61.10146149939736
2023-04-28,1201.8206787109375,1205.3865013354966,1184.4801504278742,1192.8329596405881,584411,6399,76.24009849906052
2023-05-02,1197.326904296875,1214.3255317294672,1191.905007465628,1204.556219326173,680387,7955,64.97617626204854
2023-05-03,1212.6646728515625,1221.163926075331,1183.893979200654,1193.3213885608134,2137153,4694,78.65803271959156
2023-05-04,1227.1231689453125,1230.933224204422,1185.7012651688458,1216.0839187252586,1145568,17044,75.68814031638172
2023-05-05,1256.1380615234375,1265.0281107210933,1227.123136175171,1245.2940308630323,1216747,10703,54.282551622908464
2023-05-08,1228.8817138671875,1267.0796978704025,1226.6347245269965,1255.3565241044466,792674,6770,54.39165156278521
2023-05-09,1210.955078125,1238.69982791863,1208.4638559425605,1238.69982791863,658368,10135,51.3080294528629
2023-05-10,1226.7325439453125,1228.8818642847264,1199.1831299249302,1214.3744588244792,482371,14859,62.159126409993235
2023-05-11,1252.474609375,1256.333439656678,1226.7323785633625,1232.935986674274,600835,15593,45.27201626856932
2023-05-12,1275.8233642578125,1292.3824210952196,1248.5181825370698,1254.770566613469,1404037,11194,51.41538167125261
2023-05-15,1268.3497314453125,1286.6182958409595,1264.686239714558,1277.7770214290235,478721,13433,48.874847887759
2023-05-16,1261.36474609375,1273.0879205250048,1258.238494692837,1269.6686613158888,378732,8871,53.613044261926774
2023-05-17,1239.921142578125,1262.1952236381687,1234.0595548522513,1262.1952236381687,436672,3190,78.07926268962683
2023-05-18,1235.2318115234375,1247.2968877815285,1231.9591159115448,1244.8545598242513,261779,7758,72.98241493859784
2023-05-19,1230.4937744140625,1237.2833987385825,1223.0202266782042,1235.818001898387,314141,3052,56.153561940418385
2023-05-22,1234.5966796875,1247.9318130756344,1228.0023947514837,1230.4936167623594,444646,15607,56.87523913916787
2023-05-23,1220.919677734375,1235.817877442676,1217.7935458251682,1235.3294118784695,520570,17052,58.22347869522935
2023-05-24,1243.975341796875,1246.515339111197,1213.5928047872922,1220.1870905045907,561655,12453,50.684668800537224
2023-05-25,1248.9088134765625,1253.4026729425675,1237.7717744491295,1244.6102925400087,434611,14815,75.9540560596908
2023-05-26,1259.410888671875,1262.585915092903,1245.5872882494625,1248.9088782023207,390311,3440,75.83400065174253
2023-05-29,1267.665771484375,1270.010429975186,1254.3795323754916,1264.686203182004,319481,4485,66.30479119136164
2023-05-30,1258.6292724609375,1271.9644070306665,1255.893936686567,1267.6658859517468,408031,8286,58.99855588394328
2023-05-31,1277.777099609375,1287.8395385472293,1250.520814868326,1253.8911797651194,2068480,13122,63.13974593860807
2023-06-01,1301.1748046875,1328.528880716801,1280.170782022144,1280.6592476655244,1247361,8771,49.06869371589336
2023-06-02,1305.1446533203125,1315.8293272523317,1300.0474369634182,1307.6443211379453,944335,7164,57.39758468377325
2023-06-05,1320.5836181640625,1327.1022595089964,1300.7827529828487,1304.703725862978,953995,16363,58.82864988935697
2023-06-06,1308.232421875,1326.1709185307773,1295.7833823251665,1323.230189220557,796420,4333,73.42497850605281
2023-06-07,1319.260009765625,1330.1897430822817,1309.8987609664878,1309.8987609664878,785794,14979,71.01929731691594
2023-06-08,1328.67041015625,1340.0413253991603,1314.5059457777063,1318.4269180246197,810757,15456,71.22278767389149
2023-06-09,1319.260009765625,1337.8356863001982,1316.8584622933474,1329.2095000881163,659862,5060,55.8994659299822
2023-06-12,1319.946533203125,1333.6699380486605,1309.75197995758,1319.8974731795247,596601,8223,68.89141764651137
2023-06-13,1323.622314453125,1333.1306247218997,1302.7430884230916,1315.5842491853878,1257080,13846,49.109470775857496
2023-06-14,1334.0616455078125,1339.5511019627456,1318.4268177260865,1327.0530038764946,643835,9110,78.97319485893053
2023-06-15,1328.5235595703125,1346.5599374031042,1326.5140132939816,1334.7970198641956,414903,10923,78.54022150660704
2023-06-16,1324.1612548828125,1341.9526895636727,1322.004768109981,1331.170016382372,844325,15223,58.710662809908655
2023-06-19,1310.535888671875,1330.042749162214,1306.5659761422746,1327.2490804209601,573868,5456,45.43830816785665
2023-06-20,1320.19140625,1323.2301358162042,1301.7137287696582,1309.6047332970422,594117,6092,55.3294221599142
2023-06-21,1312.9376220703125,1336.2673358774477,1308.6245285314515,1323.3281749194455,717308,12783,75.7308485463563
2023-06-22,1299.2142333984375,1321.7598247804615,1295.0971405683101,1314.506001882355,377770,6002,60.47410114258023
2023-06-23,1259.5634765625,1300.6356913759241,1252.946834833347,1296.3225972800165,1287346,7376,51.37902161062986
2023-06-26,1264.90576171875,1269.6599169781884,1250.7902366833957,1254.6621491921399,1013995,14105,78.59034192669792
2023-06-27,1260.4945068359375,1279.1680643271516,1258.043899318043,1271.2771799146733,953208,5375,51.69276859530829
2023-06-28,1263.974365234375,1274.3159773757395,1255.6422992284567,1268.1403982373342,1172777,9963,63.3929269291516
2023-06-30,1257.455810546875,1279.119157643617,1255.1032033360518,1270.8360322199453,1416091,6768,55.39059488481963
2023-07-03,1265.101806640625,1308.4286263912238,1257.6519825076057,1264.4156842875718,1613382,4245,76.59929958097754
2023-07-04,1252.3096923828125,1271.8654954905028,1248.8297813139889,1271.8654954905028,635541,16900,76.42400332009831
2023-07-05,1261.6710205078125,1268.3856626116856,1248.5357374699713,1252.750831165971,551843,12934,53.7034052802654
2023-07-06,1282.89306640625,1301.1255628452375,1262.9451446635676,1265.1016314676406,952091,7290,58.55345993010002
2023-07-07,1259.0242919921875,1285.8829775128618,1250.7902258215202,1284.1675520464137,405412,11163,55.95621540480575
2023-07-10,1265.640869140625,1282.8931233142239,1253.7308918577974,1259.0242283900072,643139,16370,71.45643184741242
2023-07-11,1281.8148193359375,1289.5097031730625,1264.9056271050479,1272.5025105710997,659349,9974,45.10133388491374
2023-07-12,1265.1995849609375,1297.7437241689313,1259.6122477564957,1290.6369624597994,875900,15831,51.350660151537916
2023-07-13,1247.1634521484375,1271.1303501584332,1241.968115404461,1269.4149245846702,1516583,13892,63.304698958767574
2023-07-14,1255.4462890625,1257.9459567089552,1233.7338815252924,1249.0256492073777,828040,12703,51.857901705432525
2023-07-17,1272.8455810546875,1276.2764316774765,1250.3490512629726,1257.7498143827015,433028,8678,67.09528534956797
2023-07-18,1308.036376953125,1344.8934924650582,1294.3129739687877,1300.7825543011168,4395179,9289,77.90320233797215
2023-07-19,1337.0516357421875,1357.6367415710627,1316.4665299133121,1327.249204395104,3717564,7641,77.5741928081886
2023-07-20,1321.4166259765625,1380.4762668143032,1311.3691352116357,1340.8744256237558,4310236,7530,69.45509335766624
2023-07-21,1277.501708984375,1321.3675838948302,1256.377424152895,1311.4180933633145,2337996,13643,65.328752206241
2023-07-24,1271.0810546875,1286.0297604898456,1265.1015962982756,1278.7269979777013,699741,9918,55.97547242367916
2023-07-25,1278.2369384765625,1283.0401533580743,1265.1507176777084,1270.3949940687307,518803,6145,69.11012265447636
2023-07-26,1274.7081298828125,1283.48125761786,1270.3950363831293,1283.48125761786,501602,17054,65.8316388126708
2023-07-27,1288.774658203125,1293.7249338847191,1267.846491260047,1279.2172876631132,709401,3601,62.62456323986019
2023-07-28,1298.9200439453125,1302.9390165257819,1284.8535800843815,1295.6362536536571,563551,17493,61.32132207509022
2023-07-31,1307.6932373046875,1311.5651493365353,1284.1183450155913,1284.1183450155913,567110,7687,49.46901525404117
2023-08-01,1294.9010009765625,1311.614191963874,1292.1562727174237,1309.6046459535864,346660,7981,70.70193379014276
2023-08-02,1286.2259521484375,1308.6244820861366,1274.5610358295874,1294.754018887366,763382,14583,60.571437311059306
2023-08-03,1275.7373046875,1284.4614920044423,1258.1910493362104,1281.3247620215002,504649,10825,50.571392434579145
2023-08-04,1287.990234375,1299.4100891892265,1268.4344345039956,1268.4344345039956,588755,5393,54.776496443776146
2023-08-07,1293.8719482421875,1297.302799400466,1286.079062760392,1293.8719482421875,451200,3038,48.30238401324212
2023-08-08,1297.4007568359375,1313.5257073953828,1287.8433869500384,1298.8220614170762,731893,3742,51.49588379113619
2023-08-09,1286.1279296875,1306.5169131432533,1283.5302616973775,1305.683730490196,528665,10852,60.71046205520024
2023-08-10,1265.3958740234375,1289.4607709475924,1261.6219619238173,1288.8237086431955,388643,11878,49.85269891572062
2023-08-11,1275.149169921875,1285.5397225015545,1266.130981567869,1270.1990142281022,484186,9226,56.98546609872582
2023-08-14,1250.4959716796875,1272.9926207645651,1246.967120742424,1271.2281354666475,749601,16668,58.29332097503154
2023-08-16,1244.7615966796875,1254.7110874375674,1237.9978957922544,1254.7110874375674,433375,8792,77.74699294657145
2023-08-17,1270.689208984375,1272.3065144114453,1244.6637061893969,1245.5948892933818,733247,5107,72.03935948673174
2023-08-18,1260.73974609375,1276.2275160045886,1257.6028962315615,1269.365813982947,585202,12608,47.554474463818416
2023-08-21,1264.90576171875,1267.0622487461492,1256.671695476578,1261.523851117519,256366,3937,65.6095624516844
2023-08-22,1293.185791015625,1294.9012165485244,1270.1500767166922,1271.375380668763,712933,13929,60.94956401877194
2023-08-23,1313.3297119140625,1319.5542314714658,1295.8813374197155,1301.8118558515196,1057129,9058,54.48228870246228
2023-08-24,1309.0167236328125,1324.0634320213076,1304.2135082764016,1320.8776417906436,579338,6670,49.044811452613736
2023-08-25,1282.4520263671875,1306.8599825127906,1279.952358733686,1305.2916175691666,501479,15215,49.88273124430327
2023-08-28,1289.90185546875,1296.8615572030528,1279.3642426645679,1284.118397532879,483634,7137,54.77261390869604
2023-08-29,1312.4473876953125,1316.270359359253,1285.3927045989624,1290.6859211167273,718024,8471,48.246470214576696
2023-08-30,1327.2001953125,1337.4438082585007,1309.1147566464513,1321.367796300574,1357809,4628,46.779865542355374
2023-08-31,1357.1954345703125,1371.359897441721,1323.3279925277507,1333.1304221020305,1921612,10441,72.63428826706554
2023-09-01,1350.530029296875,1362.194946967394,1341.9529015477567,1362.194946967394,848245,5923,67.1648870105254
2023-09-04,1332.346435546875,1353.7648440036705,1329.2587653653113,1351.7552976918903,568970,17244,74.68318033433557
2023-09-05,1332.54248046875,1350.2357964479827,1325.2886576710828,1337.0025147330718,611500,13098,57.63313725831092
2023-09-06,1326.268798828125,1347.8341451505335,1321.5635844943529,1333.1304999307094,1007504,15316,76.53250552924283
2023-09-07,1343.3250732421875,1345.138498917321,1324.8964564010607,1327.6411847505299,765717,13396,62.1452636639991
2023-09-08,1421.59765625,1425.2735681348042,1348.814600930874,1349.2067221303043,4377612,17152,63.5187420634571
2023-09-11,1417.480712890625,1436.8894562592177,1407.923341787264,1436.8894562592177,818704,3531,57.89985813989804
2023-09-12,1388.6124267578125,1426.2537877687887,1382.1428458790324,1426.2537877687887,717778,15506,69.39530332425453
2023-09-13,1370.8699951171875,1392.6313443875415,1346.3639172638234,1388.6123715513063,1313648,15432,56.48136371571687
2023-09-14,1364.400390625,1384.0541929243986,1359.2050543475475,1383.1720698639772,601680,4003,59.19925535236146
2023-09-15,1402.7769775390625,1409.7856201841457,1357.1466120232749,1367.4391648771893,1526334,5615,56.31897630124682
2023-09-18,1397.7286376953125,1412.3342835816377,1387.093024163437,1406.6488258298345,824119,13391,64.70484643947346
2023-09-20,1385.2796630859375,1399.493189698424,1376.0164125708932,1396.846580882296,524300,13307,65.15139617500057
2023-09-21,1385.426513671875,1391.9451539937725,1369.791684629531,1385.8186348300676,406806,13947,45.95715569840721
2023-09-22,1365.086669921875,1389.83781096726,1360.9206362805726,1383.5642304933444,350916,10242,77.75272842175882
2023-09-25,1369.20361328125,1386.1617471574414,1350.2848735416976,1362.537912321568,466853,7112,65.53573144896494
2023-09-26,1372.1444091796875,1381.995781041649,1367.7333150048603,1369.2036797298028,322754,13240,71.14307328806723
2023-09-27,1378.85888671875,1382.0936169334857,1360.5773302160487,1366.5078484309242,346769,5103,65.62994493407828
2023-09-28,1347.981201171875,1388.6122261343965,1341.0214997220635,1382.9268884629403,1016134,7090,46.956613686871194
2023-09-29,1361.508544921875,1368.076245192964,1347.9812625426896,1347.9812625426896,389818,6408,57.2717292059359
2023-10-03,1360.2833251953125,1373.95778846857,1341.9528267762653,1357.6367166436285,755516,9097,73.34397334825343
2023-10-04,1366.0667724609375,1381.5546614430586,1347.834274569388,1358.6660087848152,678164,6345,73.07920041142722
2023-10-05,1383.4661865234375,1396.8465298463152,1365.4787481234505,1370.3309039952696,539631,5626,58.6142702567482
2023-10-06,1371.80126953125,1390.965071551724,1367.4392352464095,1386.3579764720364,313649,17790,69.45083012710052
2023-10-09,1357.1954345703125,1370.281654120263,1352.7352812505897,1362.9298319395534,370048,13612,61.438373086845445
2023-10-10,1371.7523193359375,1378.2219003418127,1358.9111577097055,1363.4691927343192,563800,11936,69.66175088235227
2023-10-11,1363.4691162109375,1391.5531054546573,1358.666020662802,1375.2320336191062,502182,15833,54.1694520950406
2023-10-12,1360.67529296875,1372.4382090431002,1357.2935024608023,1372.3402086741946,386010,10985,53.39516862919209
2023-10-13,1363.5181884765625,1372.3403766119247,1352.5884536882577,1359.597215971957,290082,7331,67.26357947891422
2023-10-16,1386.308837890625,1391.9452358527046,1357.5876664986813,1363.5181852613466,622342,6320,72.14386545071847
2023-10-17,1356.70556640625,1396.6994147415464,1351.755290683532,1391.9452594420707,1019606,10876,75.20901961147727
2023-10-18,1313.868896484375,1356.656534379731,1309.1147410867998,1356.656534379731,1969647,13848,62.20107681378484
2023-10-19,1335.777099609375,1352.3432303821328,1305.3895663506555,1311.5651451666622,1898484,4892,70.95863782190118
2023-10-20,1267.4053955078125,1347.834397799968,1264.5137259359701,1303.723453871969,3033731,13770,55.049348105648434
2023-10-23,1259.416259765625,1274.3159055672916,1252.358438339649,1266.4739615330313,1347306,14104,46.070298698783404
2023-10-25,1242.114990234375,1275.5412539173235,1237.6548365455285,1261.9158517497196,1025370,15221,69.34770225788702
2023-10-26,1241.8699951171875,1248.0945148092994,1215.7464928272009,1240.9877524041415,758444,8480,65.70741289711835
2023-10-27,1235.0084228515625,1257.357895857877,1232.1166336369183,1246.0850991378372,567880,8340,48.47252094210486
2023-10-30,1243.9775390625,1247.5553306079078,1224.8627988407736,1236.9687770494843,497634,4627,46.53217553029585
2023-10-31,1221.5299072265625,1254.3680495773046,1219.128239946064,1252.848624978243,1191513,5293,75.86763015093766
2023-11-01,1216.2364501953125,1229.6167905043503,1208.4925068950379,1225.4507579326557,778047,14102,47.89263659521769
2023-11-02,1240.9876708984375,1243.536278834287,1217.4618382747703,1225.3037824826595,674945,15072,76.57869294564914
2023-11-03,1245.888916015625,1251.7703743131024,1240.9877007677271,1251.7703743131024,422147,17452,66.3210799089029
2023-11-06,1237.556884765625,1244.9087078434407,1227.9995147644647,1238.5371278426671,1593562,17565,75.61453310547122
2023-11-07,1228.24462890625,1240.0075463419046,1220.4517439685626,1240.0075463419046,578997,3038,63.410036847228895
2023-11-08,1227.3134765625,1238.1941515314334,1224.4707475125947,1233.096815386427,968745,11403,67.0915669355897
2023-11-09,1228.3917236328125,1235.3514260450106,1222.3632043468583,1234.959304854481,412408,5762,49.21218455291302
2023-11-10,1232.557861328125,1237.066956254385,1219.7166989469029,1230.2052536444162,372182,14173,57.27973062271802
2023-11-13,1225.9901123046875,1238.6352734125226,1219.4225307820795,1237.0669082371257,472505,15944,67.25569897595187
2023-11-15,1237.11572265625,1244.9086066216746,1228.9305979016067,1236.0864196456155,553895,9208,50.143969680467364
2023-11-16,1253.8780517578125,1257.357843152108,1237.1159177910613,1243.928559833729,598909,10082,77.1759850062632
2023-11-17,1255.4462890625,1261.03362659642,1246.183040082955,1254.6620467573364,487287,10309,56.32147877806702
2023-11-20,1250.5450439453125,1259.6122919613767,1247.8493756162122,1259.3181711893185,338939,13516,69.06065258038488
2023-11-21,1273.2379150390625,1281.71704264164,1250.5452610518084,1254.9072954236683,919344,16207,70.5614450123816
2023-11-22,1280.1976318359375,1283.7264834590494,1272.355686158535,1279.1683286023404,590510,9366,51.49227194927265
2023-11-23,1275.7373046875,1289.01964624417,1271.4243308755993,1283.9224301072443,243581,7100,48.01355047617859
2023-11-24,1268.7286376953125,1279.315190925419,1260.298451670565,1279.1681305350198,471600,7934,78.27749067305663
2023-11-28,1255.936279296875,1268.7774380061685,1252.7504897103659,1268.7284976538217,446363,9259,60.533353572862325
2023-11-29,1262.60205078125,1269.5617521868417,1258.8280194841648,1268.3364484302738,568761,8440,74.60760073927517
2023-11-30,1276.9136962890625,1282.255973312858,1256.965773164799,1267.160205663103,1003617,7241,77.41568275668135
2023-12-01,1286.52001953125,1293.9209028618093,1280.1974993466083,1289.019687320666,406906,11112,68.18390338439337
2023-12-04,1287.745361328125,1298.7241562586541,1282.746145260697,1294.9011840922965,574357,15071,76.40965992772576
2023-12-05,1291.5194091796875,1294.9012001812223,1279.2173097929563,1287.8924377322485,389012,3820,59.942638306643175
2023-12-06,1298.2828369140625,1313.4276635657977,1294.0188036531447,1294.0188036531447,658995,10990,76.18626281721109
2023-12-07,1322.8380126953125,1324.4554376799715,1289.460688557502,1303.7232729787074,614481,10868,64.51818088059896
2023-12-08,1316.4664306640625,1330.1898335153633,1305.6837569951833,1330.1898335153633,514463,13713,56.01553783935694
2023-12-11,1318.427001953125,1322.0538536489676,1311.8594208848965,1321.3677313255112,495744,13064,75.05606814639766
2023-12-12,1315.093994140625,1336.757340661653,1302.890016568006,1319.4070873027492,895136,6691,49.51366874577831
2023-12-13,1301.0765380859375,1315.5840622037745,1284.6084083753494,1315.5840622037745,643534,15076,57.42876243430581
2023-12-14,1307.30126953125,1311.2711823982504,1301.1256899711361,1310.4379996724788,400039,5786,62.9942552778302
2023-12-15,1306.075927734375,1318.3779068193849,1300.8316510916811,1308.7715962539316,526573,13565,50.86568961456589
2023-12-18,1319.260009765625,1329.0624397072777,1298.3318457719101,1304.0173030014962,488264,4252,45.70818434940624
2023-12-19,1345.2857666015625,1347.8343749424628,1305.879918898999,1319.407322670949,889643,14204,67.87265618703307
2023-12-20,1309.212646484375,1367.4391099359443,1302.6940060070863,1352.735463592547,1453036,11532,70.90420018262206
2023-12-21,1314.6038818359375,1325.0434938643077,1286.6180155879317,1304.997572096129,671157,13953,73.72055267913552
2023-12-22,1325.0927734375,1329.1606868918172,1311.6633701285382,1318.4270719759695,592159,11639,72.9905864471604
2023-12-26,1334.89501953125,1337.688688263108,1322.3478607577395,1322.3478607577395,376595,13175,69.86947607372198
2023-12-27,1334.6500244140625,1352.6864015075366,1326.2198381298665,1334.2088432292867,570198,5685,69.6098711856383
2023-12-28,1339.5511474609375,1351.2650036919,1336.0712368749073,1341.7076342425014,602887,7081,64.20230589384067
2023-12-29,1340.9234619140625,1356.5093506840121,1334.6989423412003,1345.8737372890082,551096,12058,70.08006217214184
2024-01-01,1335.287109375,1349.7947551881678,1329.2096499892195,1340.9235072270928,240757,9303,68.49262243276219
2024-01-02,1352.8336181640625,1356.5585901923896,1319.5053493203145,1338.4730313334935,732232,3972,58.71694281811828
2024-01-03,1370.085693359375,1393.268465935234,1354.0098027114402,1357.6366542130547,1332808,16534,78.82148543479397
2024-01-04,1372.291259765625,1384.446297958279,1359.401158917381,1376.261292125573,668322,10097,64.75063140528404
2024-01-05,1377.731689453125,1388.0242420957845,1368.8115010945367,1372.3403523545892,488819,9798,75.95246118931708
2024-01-08,1348.4222412109375,1377.6824707064613,1345.1384511064286,1377.6824707064613,485181,14828,65.44573943568517
2024-01-09,1352.392578125,1368.1254099610549,1348.4225452331248,1352.7846993434782,454465,10121,76.70433746083604
2024-01-10,1363.2239990234375,1366.507909057535,1338.4239209758884,1349.892717110858,1353774,14139,63.94973774869133
2024-01-11,1401.845703125,1442.9179149902022,1371.5561658962736,1375.2811377250364,3886984,5113,50.30323968104713
2024-01-12,1403.75732421875,1418.5589726259616,1392.0433461686123,1418.5589726259616,585322,11588,55.64290657203639
2024-01-15,1412.089111328125,1418.4116308586417,1394.885798695126,1406.6487147768837,592597,12003,63.86511251466311
2024-01-16,1401.943603515625,1414.4907627884063,1397.728630071694,1412.0401550912677,627295,6813,64.19364016818838
2024-01-17,1403.0709228515625,1415.6670226255544,1385.2305464781164,1399.640072036778,1089285,5346,76.31140681372145
2024-01-18,1372.63427734375,1405.6193575234981,1366.4586987756704,1396.4051693418203,603033,6492,69.17571005001115
2024-01-19,1354.6468505859375,1390.9649038674725,1343.570175789327,1382.1427163165158,651609,14098,72.10525946677933
2024-01-23,1287.206298828125,1347.7363125164723,1274.8552592380095,1342.9821572354206,1286175,9985,78.83735498718109
2024-01-24,1279.80517578125,1297.0084874735376,1254.7109801107476,1273.3355962217665,1122451,6304,58.32476696380157
2024-01-25,1264.8565673828125,1285.9808525018916,1257.7498054290554,1285.9808525018916,470783,5608,68.74050283704493
2024-01-29,1291.8624267578125,1296.6165819396147,1264.3665594852646,1264.8566810433595,1195162,9923,71.60057792435475
2024-01-30,1269.5126953125,1301.7627141968312,1264.90560103984,1301.7627141968312,702512,14068,49.43444966977461
2024-01-31,1268.8265380859375,1276.8644826638463,1262.0137775752753,1270.4439629357246,824629,7337,61.34356032042434
2024-02-01,1291.62109375,1294.86345854231,1270.300452347701,1279.14313457776,759546,12509,50.882621003127355
2024-02-02,1317.8543701171875,1320.2614965921698,1285.3328560937548,1301.8392431513487,1097984,12582,57.459206170202734
2024-02-05,1316.33154296875,1334.066081968255,1311.3207135362886,1326.402375822215,1659511,14062,64.97259625995349
2024-02-06,1321.4896240234375,1326.205768797544,1310.731076174221,1316.5770231906367,436681,12470,56.88920942844047
2024-02-07,1327.728759765625,1332.2975030665498,1314.7595400112818,1326.402381371565,416325,8054,64.03537744530345
2024-02-08,1325.763671875,1330.6762731121228,1310.2889779780635,1327.8761143942736,793521,10648,75.18831342392441
2024-02-09,1323.3564453125,1331.21660669835,1303.4604118045668,1316.5770321298953,941809,14040,74.63292362207287
2024-02-12,1309.7977294921875,1330.3324268331264,1304.8360741605402,1321.4897445277363,902739,5985,75.68619881138092
2024-02-13,1338.8310546875,1342.5155051077295,1292.0631213406944,1309.6010813536793,1032576,8509,77.02557554324666
2024-02-14,1356.6148681640625,1364.671486435281,1331.2167430714962,1338.83127519409,918064,5202,59.80057626777278
2024-02-15,1356.5166015625,1366.9804661692115,1351.9478584315073,1363.2468412599683,250907,15226,45.358343908264835
2024-02-16,1374.6439208984375,1376.5107331748482,1354.3058017233618,1362.7554510446212,458522,12108,57.53931670816803
2024-02-19,1385.8939208984375,1397.6349893546003,1368.2576112852503,1376.5599789660166,1412922,4857,49.66884841118219
2024-02-20,1370.81201171875,1389.6764698232414,1367.7171693164644,1384.7146952850862,542689,6131,61.006314784687625
2024-02-21,1390.11865234375,1394.883851228269,1372.67891915304,1382.4058929199564,454441,10648,61.76888884505194
2024-02-22,1406.919677734375,1412.8639726034637,1390.266009202991,1398.9612885241254,1507612,6975,73.54129243160455
2024-02-23,1404.5128173828125,1413.6503044631816,1397.536946999074,1405.9865978837388,542609,4400,50.37545532436191
2024-02-26,1399.157958984375,1405.0039062841543,1388.5958666818892,1399.1087849990458,363708,13112,66.81655166414745
2024-02-27,1443.4696044921875,1456.094965325684,1407.9514745693016,1413.4535638112923,2867826,4320,77.29720326147046
2024-02-28,1507.52978515625,1522.9062496643633,1445.483612997132,1453.1473182281247,6273879,10854,68.78014577702305
2024-02-29,1504.5823974609375,1513.425079926105,1484.5881338742313,1505.270233614607,1253651,14109,71.63535239017438
2024-03-01,1489.107666015625,1509.3475591661213,1479.675495608618,1502.2242873579125,802788,4642,75.47405140687778
2024-03-04,1526.787353515625,1560.242217295611,1505.2210811693174,1560.242217295611,1390941,3795,60.38723482240037
2024-03-05,1513.2286376953125,1530.766600757761,1499.3259517049698,1530.766600757761,1243789,12839,69.84527248886108
2024-03-06,1491.1707763671875,1543.5391480799724,1481.6403789335445,1542.5566279347909,1660233,11390,75.44419864607822
2024-03-07,1516.1761474609375,1535.4826943567516,1488.5673524289639,1491.4657391912422,1462696,15449,55.45065265994306
2024-03-11,1515.4881591796875,1534.0578140238902,1506.3507937358395,1516.1759952474235,766416,10041,78.41535883029812
2024-03-12,1475.745361328125,1522.9063315969331,1472.4539425987575,1510.1335688157976,565010,13762,76.47149529133824
2024-03-13,1448.283935546875,1517.1585769500307,1438.45873363668,1481.6896220415372,1611966,5972,61.32117606338795
2024-03-14,1490.43408203125,1498.0486141565973,1432.5637338278564,1448.28405821567,848225,11377,70.36485799232733
2024-03-15,1456.3897705078125,1493.725538878764,1450.2490191310112,1488.370731716263,1050296,9680,73.39162670306239
2024-03-18,1475.4014892578125,1479.2823960914498,1445.090764932536,1456.43880133399,392071,17248,45.599511877830885
2024-03-19,1431.7777099609375,1473.7804528676659,1424.654437772077,1473.7804528676659,563152,14438,67.5635808190363
2024-03-20,1435.658447265625,1440.32541814736,1409.965640360679,1434.4794710174895,487253,7438,45.28293696709329
2024-03-21,1459.0916748046875,1465.478056121408,1439.7851288368313,1441.8483972749236,434617,6862,78.05196225645241
2024-03-22,1443.5677490234375,1468.5728391891275,1439.441212314782,1459.04244158571,416340,17008,59.49103588860163
2024-03-26,1461.5482177734375,1469.8012928949438,1423.6720097062123,1424.654530071779,764041,10915,74.9519730942543
2024-03-27,1462.3831787109375,1478.6929910367226,1453.540496372512,1462.088374658368,973040,11901,65.06412699646201
2024-03-28,1488.5181884765625,1498.3433910407641,1454.7194676683976,1462.3831736430968,924279,9521,51.04919737925715
2024-04-01,1487.9775390625,1512.098455842134,1484.3422626143627,1502.27325469956,1111418,10106,54.30625584769754
2024-04-02,1517.1585693359375,1530.9629059885538,1490.237492249802,1493.4798568385127,3136602,12901,61.10783528498796
2024-04-03,1523.4466552734375,1534.598234906033,1495.3956572240854,1522.9062212203237,1132164,6600,48.31810713755104
2024-04-04,1511.8529052734375,1532.6822848158286,1505.8103822658645,1532.63323076946,797587,8274,72.52265428566032
2024-04-05,1523.004638671875,1525.8539714274666,1505.5649039694683,1512.0986877185262,786786,12291,63.85553771249418
2024-04-08,1503.4031982421875,1554.3468429050874,1499.276541741578,1535.6789604681744,1851259,11797,66.08153277008618
2024-04-09,1486.2581787109375,1510.3299223175984,1480.5596338190405,1507.185905821141,1062855,3118,58.469197897781044
2024-04-10,1475.0576171875,1493.430696865103,1469.3589520801063,1489.500616083879,1384698,6110,77.67750116172223
2024-04-12,1484.244140625,1510.673957573984,1462.3338925371718,1474.3697647966706,1466807,14432,73.08912545216796
2024-04-15,1475.3524169921875,1492.448293718606,1450.1999220070195,1463.955205820094,900584,15994,68.18486165226385
2024-04-16,1456.0948486328125,1479.6753320114815,1447.6942534545453,1470.8326507444806,1521805,11593,56.42647494645701
2024-04-18,1467.59033203125,1503.25586222734,1459.9758007029743,1473.7802570856275,1182191,16870,59.54596376000576
2024-04-19,1475.450439453125,1489.6969814173672,1428.535102984673,1446.5152694382978,628014,12140,65.28785476083713
2024-04-22,1523.6431884765625,1536.2685489625235,1480.6579300558953,1490.5323059648617,1567505,13831,63.573824923449756
2024-04-23,1520.8922119140625,1534.5002136738692,1513.0812237013956,1526.6891055246454,966466,11483,65.52821899081536
2024-04-24,1540.68994140625,1551.3012078148033,1520.843080828514,1520.8921348778517,1214213,6914,51.75942212791882
2024-04-25,1533.321044921875,1547.3711321669052,1526.050371242185,1541.5742388302651,1076657,11410,51.60973848503514
2024-04-26,1611.38232421875,1623.8111089710062,1540.8373249107387,1541.2794110322197,4166048,16477,76.17550114189457
2024-04-29,1615.705322265625,1631.4748197171862,1602.932559449411,1627.5447388506586,1115405,11333,57.56818900966877
2024-04-30,1634.9136962890625,1658.4941822932317,1597.0866666573745,1597.0866666573745,2511176,10716,64.19995860082815
2024-05-02,1638.5,1677.0147477317278,1621.207666731399,1656.5292234925746,2985962,4686,55.02579195540495
2024-05-03,1634.4715576171875,1670.0387415556816,1619.7337543382728,1648.718100786805,1770873,10776,73.32481137273888
2024-05-06,1645.9178466796875,1664.389275038442,1637.5664246974993,1640.7596154553946,1372662,12043,75.40284192899563
2024-05-07,1643.7071533203125,1673.2319338923878,1632.9486048908682,1648.6689284036563,1702335,4492,71.08459415829523
2024-05-08,1661.589111328125,1669.3018711480615,1627.249957319917,1641.7421307156992,1420666,4500,49.275849549837275
2024-05-09,1644.296875,1675.1970900649917,1636.633168783437,1662.4243263284259,1304325,12138,76.08737674038501
2024-05-10,1657.265869140625,1665.371660408098,1632.1624312406825,1645.7212573354361,802843,11048,52.853989238602125
2024-05-13,1672.6424560546875,1684.9239588747312,1646.3108660338937,1660.3117792487433,1539023,4357,63.57538984102592
2024-05-14,1698.875732421875,1713.957394202236,1673.2319780029168,1673.2319780029168,1980463,5526,56.243995398608845
2024-05-15,1723.48779296875,1726.4844075475369,1699.7599067000501,1709.5851084728827,1043231,16947,67.1473167465713
2024-05-16,1746.626220703125,1753.7986665859137,1721.571954037612,1725.3055790055262,1134916,6659,55.57295191310536
2024-05-17,1781.9478759765625,1788.186855578771,1746.1841148776762,1758.7112480692308,1217585,9944,78.13774529646145
2024-05-21,1834.2178955078125,1841.8324274070478,1790.9379506747368,1793.099447239253,2054011,4837,45.70972448194612
2024-05-22,1810.735595703125,1843.6009691008082,1800.2718512849285,1843.6009691008082,1042740,15101,62.46595960749325
2024-05-23,1821.739990234375,1824.9822351770147,1792.1169799825495,1807.0021861226764,1157389,10414,52.87445933827415
2024-05-24,1856.81591796875,1891.351529626911,1811.5217572725285,1818.6450292672273,1864447,8416,50.91792536847263
2024-05-27,1854.310546875,1885.9476514805674,1837.36207227847,1865.8059860180242,998013,9233,77.62020897912731
2024-05-28,1852.7874755859375,1873.666029931,1843.3553056103015,1857.6018485751674,1180720,8296,66.56175665046372
2024-05-29,1860.451171875,1876.4171251180521,1836.6250570353684,1856.4719170921126,831300,15990,64.8548298506053
2024-05-30,1828.0771484375,1871.5046153371816,1821.985570877867,1859.3213402813622,1204505,9705,48.06321615450547
2024-05-31,1880.0235595703125,1922.1621875334438,1829.5557037097833,1845.77052280496,2634560,14349,65.99376749641038
2024-06-03,1852.424072265625,1957.0067060843935,1839.9549565680175,1951.6839077256807,1184715,5028,64.30331562843637
2024-06-04,1747.6441650390625,1851.0932173722051,1686.777257429834,1847.1997548128613,1810438,5965,73.42876330079157
2024-06-05,1767.1610107421875,1791.0148756507456,1724.9730502965353,1748.6791566318675,1855495,14794,57.57163533672721
2024-06-06,1813.3902587890625,1848.1854788677088,1784.1150489336283,1784.1150489336283,2087804,6310,68.54134619996798
2024-06-07,1828.81640625,1835.1742362670034,1797.3725876842932,1814.0802560166044,1165761,13676,66.14613704227246
2024-06-10,1830.294921875,1858.9295221655054,1820.1422957132877,1833.3998973790235,790525,6598,54.74113658163088
2024-06-11,1806.63818359375,1844.0947413540846,1799.8861702729196,1833.3999324795348,1206884,6463,45.39524149667628
2024-06-12,1804.075439453125,1823.247235222961,1793.9720255728384,1809.743208215237,704224,11612,56.729651112933645
2024-06-13,1812.20751953125,1826.5494873832354,1806.096234171229,1824.5287564059527,1607614,12564,53.247871628489804
2024-06-14,1813.1932373046875,1846.2141524716933,1809.0533498016414,1838.2792277121778,2791525,12711,71.32252544084007
2024-06-18,1802.0546875,1827.0422509668658,1797.9148002345523,1805.3075420118325,3521095,8647,61.08327399920804
2024-06-19,1789.684326171875,1813.6860715869275,1781.355097833155,1809.940367439688,1261356,10356,56.153424997515756
2024-06-20,1792.29638671875,1799.7876744138723,1779.827271369036,1792.0499619898014,1036750,4635,53.71423636846205
2024-06-21,1860.0631103515625,1897.3717887084672,1792.0498879709687,1806.3425216596443,3596315,14543,71.59924725046237
2024-06-24,1884.5084228515625,1907.3273765114332,1856.5638830280539,1863.956624797478,2485454,14623,59.58104640394609
2024-06-25,1889.4368896484375,1940.7917776551333,1884.0155457637186,1887.61337077031,1895230,12970,55.246000614101035
2024-06-26,1890.8662109375,1917.5292934651409,1874.0106638182224,1874.0106638182224,1011884,15318,49.47567463382941
2024-06-27,1826.352294921875,1890.8663640822087,1818.0231868353708,1888.0078130318045,2145795,8055,55.59471139233938
2024-06-28,1796.337646484375,1842.7147061678356,1786.6777494192363,1836.3569965800352,1799112,6001,46.854401749368066
2024-07-01,1797.8162841796875,1847.1997760047611,1791.0149375670496,1795.499915782697,1346860,17343,56.85096071218728
2024-07-02,1788.747802734375,1805.7511093015253,1780.911544359345,1803.8290445150694,1235074,4703,72.03820618933757
2024-07-03,1852.0296630859375,1857.0567033453658,1788.7477223377061,1788.7477223377061,1890144,8315,54.614655936234854
2024-07-04,1855.6767578125,1881.600687469673,1848.284015932079,1860.5067065726234,738610,9918,55.50688922734214
2024-07-05,1866.5687255859375,1877.017109746473,1847.1997183483736,1855.430280008224,474114,10937,64.06009797099966
2024-07-08,1859.22509765625,1877.559192278547,1839.9547575934778,1877.559192278547,625411,8810,60.888934128559576
2024-07-09,1893.5770263671875,1911.1717286558476,1839.3142507435548,1869.8709183604092,1106006,11435,62.55203663889269
2024-07-10,1901.856689453125,1917.1843554374798,1871.2508108836867,1907.2780333888095,692263,5630,62.04926245890625
2024-07-11,1892.5418701171875,1921.817079040734,1887.8104673120658,1918.1700412750242,584446,9170,61.231999571107444
2024-07-12,1881.156982421875,1901.413142568176,1870.7085983420393,1892.6897315311055,525200,12687,61.586557331322744
2024-07-15,1864.6466064453125,1911.3687595089389,1854.5925255501038,1885.6420416568421,483219,10848,52.9807190023162
2024-07-16,1848.5797119140625,1882.6848692502258,1843.2569138732576,1868.8850848682869,1213886,9874,72.55334245260218
2024-07-18,1836.0120849609375,1888.4020056981328,1795.007034678404,1853.113936855836,3379348,6132,60.74518638549343
2024-07-19,1743.2083740234375,1866.9135767036419,1739.7584281319575,1843.2568048763517,1992696,7935,60.85400086261097
2024-07-22,1743.405517578125,1759.4231239798632,1715.658191055691,1742.715576509108,1315829,13101,78.72504968336386
2024-07-23,1736.949462890625,1749.566337503452,1663.4163438426406,1747.594939564768,1604569,12566,60.164106788401156
2024-07-24,1766.1260986328125,1773.7159324393406,1728.1766889510136,1736.801554787786,852488,12533,56.35853685457092
2024-07-25,1800.6748046875,1813.6859820812974,1749.3197955656483,1760.4582413028245,1449713,16428,67.2069609021389
2024-07-26,1812.3553466796875,1830.2458061757386,1799.9355643295992,1819.6002096901912,814890,16031,67.60911899680984
2024-07-29,1811.3203125,1836.0121185918192,1805.8989684364894,1828.4714977840213,838188,5848,62.447763733817254
2024-07-30,1789.8321533203125,1818.2695431967707,1786.0864492813932,1811.3203176566567,875642,5394,51.314140123693036
2024-07-31,1823.3951416015625,1831.0343083090875,1793.0848995039632,1796.929149395891,831749,7325,56.45559247338359
2024-08-01,1811.763916015625,1838.3284533103065,1796.38691687573,1830.935711540962,504762,8587,58.13783855233165
2024-08-02,1793.4791259765625,1812.7002542846378,1781.552193501594,1795.9433731955464,670205,9803,77.74950637277578
2024-08-05,1758.7825927734375,1780.3693023915437,1739.8571017269553,1739.8571017269553,970438,12620,52.170531652671905
2024-08-06,1763.85888671875,1786.0864455255119,1756.071961499574,1757.5011768057327,656243,4020,53.25126688863442
2024-08-07,1798.259765625,1803.089714303876,1767.801645525104,1779.186515959271,352266,7872,54.10638098628468
2024-08-08,1760.0146484375,1806.6874654157207,1756.318277710747,1798.9004203531142,811391,17788,54.92413148273995
2024-08-09,1773.6666259765625,1781.7000960821463,1765.386731145805,1777.2151179541522,789272,11427,58.4713419586147
2024-08-12,1784.1644287109375,1795.3520877042774,1764.9432992275908,1765.3868156242982,618188,15225,70.71661855880821
2024-08-13,1799.442626953125,1818.5650888426146,1778.0036764508618,1789.0434557061074,810978,10259,75.84843080682157
2024-08-14,1819.5509033203125,1824.6766099837828,1782.1436768178226,1804.8147523525624,648490,4870,68.6214635176342
2024-08-16,1849.6146240234375,1863.8580451017713,1826.0071838652375,1844.242613231773,1620998,14630,51.08997803903012
2024-08-19,1854.9375,1870.166620602856,1843.256991790733,1859.028174608194,622654,15371,64.56915111733088
2024-08-20,1862.6751708984375,1875.3414980754444,1839.3141550017176,1861.8866839699224,964261,7610,59.56896816774626
2024-08-21,1893.0841064453125,1897.4704185037117,1855.5288813830596,1862.9709563490987,948150,10353,76.30634641705933
2024-08-22,1868.5401611328125,1896.4847011413685,1866.4702174885813,1896.4847011413685,767704,12507,64.65397288790078
2024-08-23,1857.697509765625,1880.713555682463,1850.1568888972658,1868.5401979797273,543897,7722,52.96611576107656
2024-08-26,1884.7548828125,1888.9441032268242,1853.4589420701968,1855.1839151819772,580249,13267,62.18096329896866
2024-08-27,1868.0965576171875,1929.456315799834,1864.8438233540578,1892.443393299666,1032266,15733,66.38145925994257
2024-08-28,1863.5623779296875,1878.5942866520072,1851.1425954437027,1871.8422730285365,766452,14223,53.45957953698221
2024-08-29,1866.1744384765625,1874.799303833314,1836.899229338332,1865.9280137520839,636198,16074,56.3063857520028
2024-08-30,1872.187255859375,1894.0205114247108,1860.999596965836,1860.999596965836,1562361,8999,63.546199966607915
2024-09-02,1858.436767578125,1892.5419261405343,1853.2125151730113,1892.5419261405343,663594,3746,57.617642956915475
2024-09-03,1874.75,1882.6849243818053,1855.0853548097161,1862.9709461160273,593605,4452,51.549917013928734
2024-09-04,1874.109375,1888.599100764344,1851.6353918506368,1870.807187410717,573554,7173,72.54305220266926
2024-09-05,1852.57177734375,1888.5991208105452,1833.3999815801744,1888.5991208105452,544961,11681,53.6191195213397
2024-09-06,1845.573486328125,1861.4432160578128,1833.5972194927458,1850.2555565470302,788707,10261,63.0747457037044
2024-09-09,1865.336669921875,1872.8279576877108,1832.4636348347453,1845.5733583438139,422565,3257,78.10504375941494
2024-09-10,1894.9569091796875,1914.227371892682,1867.0123678516284,1867.0123678516284,1335774,12981,53.489947141690635
2024-09-11,1929.604248046875,1939.8555412321232,1897.4211531378387,1897.4704862153644,1175514,11901,56.50132214554322
2024-09-12,1967.8492431640625,1972.3341008164969,1942.1225267869368,1947.642416380085,1824365,5347,71.86711393108054
2024-09-13,1959.61865234375,1994.068779117611,1945.7695353327554,1972.3834043570637,1147593,10522,58.990079214748164
2024-09-16,1961.4422607421875,1980.219752550008,1956.1194626293022,1959.3229840470624,324013,14478,58.27230526320065
2024-09-17,1977.854248046875,1981.2055281694204,1944.7840006161462,1966.4693772068988,596475,14479,51.79293073141113
2024-09-18,1959.372314453125,1980.022658203502,1948.8252640665821,1980.022658203502,427477,5928,45.579275179892775
2024-09-19,1970.0177001953125,1973.3691003547344,1939.4610358042053,1959.3722247957314,757558,4478,64.69309583900699
2024-09-20,2018.81005859375,2029.4063220062258,1961.5408549606166,1971.397844181524,1360503,4856,49.31496888693437
2024-09-23,2052.619384765625,2075.8819761041373,2021.6685341830892,2027.5827278472034,1311899,17228,54.99088102069541
2024-09-24,2038.5731201171875,2057.1536409730825,2024.6749097689099,2057.1536409730825,1097815,8838,54.79333254459197
2024-09-25,2032.116943359375,2043.3044814565887,2005.6014986269593,2032.5111266587198,676261,13926,51.51953075552912
2024-09-26,1993.1324462890625,2032.1168846897526,1963.3642682490606,2032.1168846897526,1227890,9912,63.64657056723712
2024-09-27,2002.250244140625,2007.868679798154,1971.9400026561905,2007.868679798154,1325848,10634,66.54906244206707
2024-09-30,1984.11328125,2030.5396740033173,1978.7411502089876,2005.8972022314324,749912,13464,63.11631541498795
2024-10-01,1971.20068359375,2035.8623862321838,1942.3689911308438,1991.11175299386,860908,14317,64.57608719774684
2024-10-03,1944.6854248046875,1981.2054976235813,1892.0984114478038,1930.984185741403,1327472,12694,54.534050862478
2024-10-04,1906.78515625,1955.1830676690297,1901.314599643632,1940.791767716362,1379482,10602,59.357827847251684
2024-10-07,1887.2191162109375,1922.1128818227892,1873.7643019732632,1916.1986883402576,731944,16940,73.5118666064036
2024-10-08,1920.5849609375,1926.7455790219624,1882.684886611716,1886.6276821857718,1086748,3918,71.59539636071284
2024-10-09,1901.1175537109375,1943.6012755418874,1892.8377786295632,1906.440352209379,1281595,12353,52.18614101101483
2024-10-10,1910.5802001953125,1931.329089565332,1902.6946091018162,1913.241539059539,517804,16005,57.266399751955646
2024-10-11,1910.77734375,1919.1557845144443,1900.9203546153599,1916.6422041552812,329385,7114,66.03815199110751
2024-10-14,1912.5023193359375,1931.9698729021711,1905.7009727592751,1911.418074594632,505739,4938,60.47474429026492
2024-10-15,1907.0316162109375,1923.9857095080026,1894.1189846688515,1923.9857095080026,484293,11889,60.1932408385708
2024-10-16,1911.5660400390625,1941.8269499619369,1887.5641741187014,1906.391120502362,646184,17034,50.384661307880044
2024-10-17,1779.7286376953125,1918.219328528549,1760.2610850692881,1917.1842965882242,3142978,13381,55.128256856620325
2024-10-18,1823.2471923828125,1838.3284335600777,1738.4278749218747,1779.7286825611416,2638593,6454,59.822564319554616
2024-10-21,1786.7763671875,1838.3284683438076,1775.9336791704588,1828.4714792374064,920339,7438,47.459783087921124
2024-10-22,1745.4755859375,1793.4297391212294,1736.3085384279511,1786.7762718294957,1400528,11591,77.80288575666195
2024-10-23,1724.77587890625,1751.340414522809,1721.523024603397,1749.6154415522644,1457260,3357,64.08973512895744
2024-10-24,1698.655029296875,1733.8444332808162,1680.6660236644846,1733.647341622895,1229222,10192,59.553544741260225
2024-10-25,1670.7103271484375,1705.604092789712,1653.1156255879846,1698.8520792897098,720139,5188,49.84855134097187
2024-10-28,1644.5401611328125,1685.2002430400594,1637.3445106290922,1680.616718832872,694254,9709,48.18406044801504
2024-10-29,1648.28564453125,1658.980573804526,1622.7561394035606,1653.9042004290002,1036926,17171,47.63825233944134
2024-10-30,1638.7244873046875,1660.9027134486607,1626.6003422161511,1650.060025111607,1154994,11038,70.07025843389272
2024-10-31,1614.96923828125,1655.0871387711707,1609.252136048356,1638.724559713534,1787940,14909,47.3550230953699
2024-11-01,1623.7420654296875,1632.8104484047865,1619.207753617549,1631.3318998550687,64766,4725,71.68717546394907
2024-11-04,1605.013671875,1629.261842334515,1583.5253863210785,1629.261842334515,854857,3318,71.11462022933443
2024-11-05,1610.1884765625,1617.3347935446168,1567.2612415952663,1601.760702888244,1191485,5777,64.55708112920323
2024-11-06,1651.193603515625,1660.8041681812635,1611.7656459130053,1624.4318532279312,980220,3758,67.09168544691344
2024-11-07,1642.2237548828125,1675.7375185931462,1622.0169267633466,1675.6881855166826,944499,13650,56.1384376250774
2024-11-08,1636.9010009765625,1647.5464775432306,1621.671879859233,1638.2316705068235,743428,6337,47.08391467535322
2024-11-11,1618.271240234375,1641.730923215784,1608.6606755367748,1631.3317512336778,511576,17514,66.9712860121607
2024-11-12,1580.4697265625,1631.77528491222,1576.4775976698422,1620.4397469437017,538309,5222,58.32039645038762
2024-11-13,1591.0166015625,1598.803647089813,1564.0577601848095,1577.1182708654135,723526,5551,65.02402343463237
2024-11-14,1595.6986083984375,1613.835491861891,1574.7032944416094,1591.9036917739832,717761,3252,69.21363178836307
2024-11-18,1595.895751953125,1610.9276592341264,1578.7937808524648,1595.8464188813941,458137,9541,52.24272741246268
2024-11-19,1609.3505859375,1640.1536773288176,1595.2551635115785,1599.740021423409,575229,9099,62.51808015016293
2024-11-21,1612.701904296875,1616.003971461111,1588.3551902296879,1601.7113377827013,739900,15328,57.7474296516243
2024-11-22,1641.9774169921875,1652.0314985072073,1608.217226763147,1613.096388608022,740554,6141,47.73107634350128
2024-11-25,1683.7216796875,1703.2877797124524,1662.578365088336,1665.7326739121804,2342379,7962,64.20488961082069
2024-11-26,1686.72802734375,1702.25278610293,1662.7756145957637,1683.5738387733047,941525,12258,50.991376381214536
2024-11-27,1704.0269775390625,1709.103350951382,1668.6896959526248,1687.8122787242685,1127424,7999,66.87534259424976
2024-11-28,1693.036376953125,1717.4817573752491,1683.4751459202407,1712.158959343464,886719,8601,71.40832195240344
2024-11-29,1693.4307861328125,1703.2384424977552,1677.8566946846468,1693.0364824902174,640326,11154,72.84188250481986
2024-12-02,1714.475341796875,1716.446739578646,1684.6087375977856,1702.2034387351785,512799,17052,67.26235406110396
2024-12-03,1732.070068359375,1735.5200145281165,1713.834638610314,1714.3768211380884,891519,7167,63.83750934756065
2024-12-04,1707.8712158203125,1738.6743063131162,1694.7613723767465,1738.6743063131162,603018,13311,65.0776355739939
2024-12-05,1721.7200927734375,1725.0714928497266,1690.473488091313,1709.2017658019456,961207,4768,65.2075863354181
2024-12-06,1713.8839111328125,1746.6583985779116,1710.8774814478707,1725.515205934886,698889,3879,75.1439708270333
2024-12-09,1680.32080078125,1713.095287920508,1677.0680667335982,1705.357575923973,805098,14660,66.5936843919757
2024-12-10,1684.5594482421875,1694.3671043312047,1675.6388249183308,1680.4195609228557,1160263,7232,77.10976431593403
2024-12-11,1727.19091796875,1734.7315387079186,1681.5530102287316,1689.438601522069,540835,4174,71.36533356855732
2024-12-12,1732.809326171875,1739.3150351454276,1712.4054071535795,1734.7807239639644,713475,4164,65.35252895391235
2024-12-13,1732.7108154296875,1757.1561966763738,1715.5104174752776,1739.5614950906481,900553,14061,51.66324156966853
2024-12-16,1743.5042724609375,1749.615557546199,1731.3801277914922,1732.7107972492183,620774,6709,68.05374626002741
2024-12-17,1707.6248779296875,1745.869924835583,1695.4021869357005,1742.7157363385572,756251,3239,49.24237815052619
2024-12-18,1672.7802734375,1709.9904048451572,1666.767414221908,1700.3305080320185,704084,11419,46.67221446474096
2024-12-19,1668.93603515625,1690.670622645864,1651.1934558220835,1659.9168665964687,997730,15020,78.19822076960457
2024-12-20,1633.6973876953125,1688.4036768720273,1626.4031917401694,1668.9361235163497,735134,10178,51.51505625782896
2024-12-23,1637.097900390625,1657.452605576655,1629.754492135351,1644.1950042595554,281353,10598,52.36628928040678
2024-12-24,1650.2080078125,1666.8170119267465,1632.021789035816,1637.2460418748233,409597,5161,78.06666613323799
2024-12-26,1652.4256591796875,1658.5862773015363,1633.0073186648765,1649.123591931291,255748,7325,73.2468891921414
2024-12-27,1626.3046875,1665.4862199392658,1622.6083165151636,1646.6593944547476,548906,16853,45.20527810875962
2024-12-30,1627.2904052734375,1639.2173383910424,1610.0406738111144,1622.7068811342474,2215585,5184,50.566778577518114
2024-12-31,1651.1441650390625,1662.3318232297333,1623.446050656229,1625.4174484105172,614282,7773,50.61468201700369
2025-01-01,1656.0726318359375,1661.8882791791173,1642.7164844678805,1652.6226858234068,353971,14452,63.98852223801417
2025-01-02,1677.068115234375,1680.6166071728755,1645.673629657966,1659.8183846622194,707455,4614,59.93378037320768
2025-01-03,1675.6881103515625,1696.5848786567065,1666.1268792635028,1690.473593678194,482170,4741,76.89688625734874
2025-01-06,1622.6082763671875,1680.320875054379,1615.7083840328828,1676.6738372360758,442325,6853,48.20617219755494
2025-01-07,1612.65283203125,1642.075921929512,1603.1408130000136,1623.9390369961714,527750,4531,61.3073145141765
2025-01-08,1620.1932373046875,1625.614581266414,1590.4745116650633,1612.1598875119694,704620,6943,73.30377807924366
2025-01-09,1606.8863525390625,1624.9246911438292,1592.938808895973,1620.1932881353268,1034497,8557,64.47056073111153
2025-01-10,1577.36474609375,1620.1933173782434,1568.2470307984104,1606.8863815418017,936502,16056,62.18525349504341
2025-01-13,1510.14013671875,1566.2263111687298,1499.4945398426237,1557.6014452863153,1242457,10915,62.75727232922063
2025-01-14,1503.1907958984375,1533.3039448903623,1486.0396112770427,1513.0477847240008,2260391,8119,47.89882970599668
2025-01-15,1505.11279296875,1517.1876037375753,1485.1523914937534,1507.1335237170326,1668330,9606,76.86091378356208
2025-01-16,1535.96533203125,1549.4693590169845,1503.3387220578306,1512.8999533893857,1557265,17337,58.53232844607588
2025-01-17,1551.6871337890625,1593.1358199570623,1512.0620868146223,1517.926947039779,4102106,12467,51.960160333707435
2025-01-20,1578.2025146484375,1601.711409794261,1553.4614958542525,1577.1182699027943,1349467,17472,48.698027779106404
2025-01-21,1554.003662109375,1591.9037370060994,1548.5329850381313,1585.989543555922,1195387,6596,67.08589383234012
2025-01-22,1535.3265380859375,1557.9070249140032,1517.4400305590718,1556.3752571003047,820772,14535,62.024134029469636
2025-01-23,1576.4853515625,1586.070903161126,1520.5527858250193,1529.8419479509687,872416,8154,69.53977015296417
2025-01-24,1505.235595703125,1587.0096565863364,1499.652327325578,1576.4853573397131,999025,7665,60.19677103460617
2025-01-27,1488.041015625,1505.2357078256807,1473.9096180345625,1502.3700062126643,912320,15943,62.41347774612813
2025-01-28,1475.144775390625,1500.096981438934,1463.9779973028892,1489.4243064412638,612261,10971,49.58706365890286
2025-01-29,1510.1766357421875,1513.5860194409343,1466.3991743547317,1474.4036202851119,569570,17097,71.82663870759963
2025-01-30,1525.7904052734375,1531.9666941548876,1504.0004098474246,1516.8965492841494,597904,16022,78.71319946469984
2025-01-31,1547.7283935546875,1550.8907255511112,1510.1272226622489,1526.7784718373914,632351,9719,59.90912585224889
2025-02-01,1636.6669921875,1650.2548268729527,1522.7268944398672,1555.8318007644245,1523321,5325,49.517865900862844
2025-02-03,1640.5704345703125,1692.6488494872967,1615.8652812642229,1625.5990875406958,1872505,14002,69.1712322711656
2025-02-04,1607.1690673828125,1655.4923728289427,1600.350420739139,1653.2689089645253,492523,17696,76.60395489791463
2025-02-05,1588.936767578125,1625.5991933444463,1586.2192005375796,1607.1691236524377,606325,12221,61.729489486349124
2025-02-06,1583.798095703125,1597.9294932151083,1577.3254171968124,1589.8262502834677,288020,10054,61.425454455648605
2025-02-07,1595.0634765625,1605.8349474128104,1577.9181244808644,1588.7389332588712,422760,16632,55.78569927604222
2025-02-10,1579.0546875,1610.7760819196521,1567.1962132772785,1597.9294015117039,533472,15824,56.76466228654229
2025-02-11,1530.28662109375,1581.0309807559495,1516.94583859828,1578.2639553935264,566945,13510,60.0314859370352
2025-02-12,1510.9178466796875,1532.312535396075,1491.5490289596692,1532.2631974636279,289847,11039,50.93325723282146
2025-02-13,1504.5933837890625,1531.7195954694762,1490.2149354632065,1510.8684689734066,598449,5629,63.66297253627762
2025-02-14,1480.5799560546875,1538.7358674625614,1472.4272548116032,1504.0498535726579,896376,8122,52.64354835811902
2025-02-17,1514.475341796875,1517.2422465624236,1457.6534897340935,1477.3681536323195,473270,16148,63.52797894180753
2025-02-18,1493.1300048828125,1516.8469520188803,1476.2811627332765,1509.2872716237637,773114,6455,60.627422124029444
2025-02-19,1497.7747802734375,1503.0616594200885,1478.5540969313963,1493.1301386647601,904580,12901,73.15525589231456
2025-02-20,1510.522705078125,1516.8965871104679,1470.6979451251816,1490.2644770417962,941417,3463,58.07835758292218
2025-02-21,1502.3699951171875,1526.7786409960643,1480.777592265899,1509.7815419181393,393223,8293,68.29525622874041
2025-02-24,1504.889892578125,1509.28748285344,1474.7002634394144,1492.1420075822546,570593,14088,70.78682243723321
2025-02-25,1529.6444091796875,1534.3383886544625,1492.1913698758801,1511.2143393262845,550271,6895,61.820750392157855
2025-02-27,1434.1341552734375,1458.592257146318,1385.6625960367492,1454.639432601206,6037735,5285,48.308655558143286
2025-02-28,1405.0316162109375,1446.6844108229395,1386.5520879872684,1421.04050831663,1845171,13705,66.99479574529578
2025-03-03,1412.443115234375,1425.9814913980274,1365.0092194706153,1421.0404605893025,1035355,9118,54.70676438404331
2025-03-04,1390.5050048828125,1411.553846481593,1377.7077820628904,1388.4297958621019,710232,6703,47.81706682449146
2025-03-05,1426.1790771484375,1440.7551179602863,1390.1590109876818,1393.3212224369818,768353,5043,51.06021803134163
2025-03-06,1433.64013671875,1460.6675520130998,1428.9461572947182,1439.8164254345813,1036317,14204,55.29426368474054
2025-03-07,1443.3245849609375,1452.168982022806,1424.0545644441327,1433.6401161412628,527443,17756,52.154004535094195
2025-03-10,1451.773681640625,1480.4811195549344,1446.6843956639093,1452.6630913328747,1125377,3403,48.25448859346054
2025-03-11,1452.7125244140625,1459.5805090241765,1431.219040276435,1441.8915945043238,494941,5030,54.6672163495776
2025-03-12,1462.5946044921875,1468.8696896070476,1434.9741693916633,1458.5923212122163,722230,6675,54.71875845636028
2025-03-13,1441.4468994140625,1475.8364004494704,1432.45424773371,1472.4765961032033,964862,8725,72.86293174284643
2025-03-17,1444.9056396484375,1449.3525673028166,1418.0758186742237,1432.8989108554872,723248,9633,73.3852919984696
2025-03-18,1444.9056396484375,1444.9056396484375,1444.9056396484375,1444.9056396484375,0,5297,60.50656918032103
2025-03-19,1539.5758056640625,1548.5685786155968,1495.6995467567292,1501.9746320194574,1120632,14572,62.237952212162575
2025-03-20,1483.643310546875,1502.0733797601913,1453.7007359471422,1502.0733797601913,3969488,11727,68.71162208025099
2025-03-21,1463.3358154296875,1493.031339893335,1458.592377332447,1483.6433808251384,2203224,15224,77.96635300671147
2025-03-24,1465.707275390625,1477.2693594239531,1457.1099303609915,1472.4271252884892,1347968,15555,57.53434824020248
2025-03-25,1459.82763671875,1477.6648072203034,1452.9596517503635,1468.3756446374775,1302829,7582,57.55346918637
2025-03-26,1475.391845703125,1486.8056754810812,1453.1572063673445,1455.1336187527472,1027318,7017,57.56908806560004
2025-03-27,1497.4781494140625,1510.473084275038,1462.050983437958,1467.2390656705022,1077299,11459,50.843438268422844
2025-03-28,1510.8685302734375,1525.3951136127594,1495.6995887580192,1502.9628804276801,751781,6697,66.87525288746293
2025-04-01,1483.593994140625,1499.8993961969484,1471.2907547561074,1497.1323706260443,723671,17979,53.84542367438518
2025-04-02,1492.635986328125,1501.6287591308787,1466.6462359983984,1487.0032593166454,802612,10426,71.67128838893423
2025-04-03,1500.7886962890625,1509.9790621315162,1467.5849923473768,1467.5849923473768,452802,10653,69.2565512104308
2025-04-04,1451.9219970703125,1498.2194346169722,1438.8777231436836,1487.2503696381284,753027,14005,71.77791499223383
2025-04-07,1438.9268798828125,1444.2632169556096,1373.112377666657,1380.523923425923,857804,3365,54.975663304521476
2025-04-08,1445.8939208984375,1457.06057854331,1430.4284697931982,1438.9270189591061,1232475,14575,54.90649624177091
2025-04-09,1452.3665771484375,1461.655739383544,1433.887169800915,1448.7102625280093,441153,17259,73.04958260883839
2025-04-11,1514.7718505859375,1519.5646265331068,1440.8540991534708,1440.8540991534708,1019197,11156,63.862135229260524
2025-04-15,1553.16357421875,1558.9940146918764,1481.8151376822998,1511.0660159072206,1878333,13809,62.81166739659636
2025-04-16,1594.865966796875,1606.8232373645428,1544.7638414453183,1557.4129287124968,1102376,7777,53.458904530857254
2025-04-17,1619.1759033203125,1627.3780632585988,1590.0238196169564,1594.5695441360967,1468556,8862,52.638196035353076
2025-04-21,1627.773193359375,1642.6952033827881,1611.7643012800932,1620.6581570198362,917439,15384,50.73712808102407
2025-04-22,1645.0667724609375,1654.0595451644556,1625.3026489466322,1637.655226143073,926695,11018,56.975759163024364
2025-04-23,1592.98828125,1620.6580528846152,1564.7256100636262,1620.6580528846152,4912430,13651,48.773854503774686
2025-04-24,1585.675537109375,1603.8585540852666,1567.2949271591083,1603.8585540852666,1594861,17875,65.1715048254038
2025-04-25,1580.9322509765625,1599.6092507537714,1554.744787936061,1593.976523936936,2010475,7217,74.7619210683393
2025-04-28,1590.61669921875,1595.9530369048077,1572.0384947588623,1580.932350692078,770118,3453,50.542339405025345
2025-04-29,1603.6610107421875,1613.7406653599096,1591.6048231663838,1591.6048231663838,895483,4085,60.284180862384076
2025-04-30,1582.1180419921875,1601.9809614288608,1575.0030059831392,1599.1151394752656,911924,16432,61.983780264348866
2025-05-02,1543.1827392578125,1577.3746487978508,1538.241708381199,1567.294994061814,1112942,17050,53.65837079081632
2025-05-05,1563.638671875,1571.2478111357932,1549.7048683660794,1553.361303575406,672439,3414,55.403454325420846
2025-05-06,1561.7611083984375,1573.2242762348246,1557.4129769761832,1566.306832809169,723699,7666,59.55347802978788
2025-05-07,1560.4764404296875,1570.5562163977572,1537.1547974267444,1539.6253130124512,343957,9161,46.20726177043757
2025-05-08,1519.0704345703125,1565.9114298685633,1508.496677093837,1559.4880899398966,801061,10935,45.22847582152206
2025-05-09,1530.03955078125,1533.3993550121345,1495.254623730639,1495.254623730639,743978,5672,74.81073665238605
2025-05-12,1564.42919921875,1566.3068151106256,1546.7402842468935,1558.0058589675077,570891,5169,48.290286244071375
2025-05-13,1575.101806640625,1580.8333299323522,1556.4246862791485,1565.318541629315,735186,14122,46.13612102938796
2025-05-14,1579.35107421875,1586.0709245188107,1569.3702158915194,1580.8333834940013,723943,5904,76.784840600744
2025-05-15,1574.4100341796875,1604.5503226018404,1560.47635119918,1586.0709153296932,963117,10476,61.822853144124736
2025-05-16,1558.7965087890625,1581.5252517504214,1550.4955524509596,1581.1299451380085,1795856,7329,61.7576425108202
2025-05-19,1566.3067626953125,1581.920468266548,1557.3141107706335,1569.2713811736,1325871,8400,60.641029825380876
2025-05-20,1541.404052734375,1575.595962545343,1536.858207787361,1575.595962545343,1597769,7214,49.023221116786104
2025-05-21,1558.5987548828125,1572.2360485594047,1540.6134504739862,1549.50730618551,662434,14555,61.3773897363875
2025-05-22,1547.9261474609375,1566.0102477440912,1537.7475757980935,1558.5987015713313,619942,7835,51.092156915274735
2025-05-23,1561.0206298828125,1572.3295225922784,1545.5453603777726,1554.4734144492745,701082,11790,62.057463936015765
2025-05-26,1554.8701171875,1576.5950712494548,1552.5884551132247,1576.0990682850015,566200,11159,61.04735981161941
2025-05-27,1560.22705078125,1563.6990717045728,1545.545313867693,1557.4493856048,787007,7705,75.18479645370029
2025-05-28,1536.4189453125,1562.409454143636,1529.673256056817,1560.227089375641,1504866,7389,62.37906132336799
2025-05-29,1538.3035888671875,1546.2396365220786,1532.054023995647,1542.5692629194823,282508,4438,45.68212093623436
2025-05-30,1514.793212890625,1544.4542175060053,1510.4283621250881,1538.0061782893786,1067726,6095,61.034543431799506
2025-06-02,1502.6907958984375,1521.5389106342127,1498.9211245134877,1517.4715889998504,543472,8567,59.29101045033252
2025-06-03,1490.2906494140625,1512.610784222001,1486.520978208707,1508.8411130166455,1180380,7640,47.72003615616725
2025-06-04,1488.009033203125,1492.969063313802,1480.0729850260416,1490.191398014029,656425,13685,59.33556963177968
2025-06-05,1476.10498046875,1495.647450925602,1470.1529442571825,1493.4650860858221,1934068,8855,53.7082602205058
2025-06-06,1511.0234375,1513.8011026398829,1479.0808938637385,1483.0489177238694,707150,4828,75.52821037076346
2025-06-09,1531.4588623046875,1535.6252389337708,1514.7931135993979,1523.7211673141292,616827,12909,45.63209562053622
2025-06-10,1557.0526123046875,1571.0398728557848,1518.7612044582108,1539.5933307113933,1021695,14245,64.47855411443982
2025-06-11,1566.4766845703125,1569.5518790185338,1557.4494539921848,1564.3934961437424,656673,16008,57.78433661229253
2025-06-12,1544.35498046875,1570.1471363222988,1540.5853092523616,1566.5758178669912,819293,12772,77.4538594875454
2025-06-13,1528.7803955078125,1533.9388992738245,1473.4265343375262,1473.4265343375262,711058,9955,46.991084876166276
2025-06-16,1540.6844482421875,1547.5293136561006,1513.999463422427,1523.2251673839376,428063,8196,45.262017843133826
2025-06-17,1516.38037109375,1556.7550885818057,1512.2139942663905,1540.8829923336032,870615,9264,74.41794855243941
2025-06-18,1523.4234619140625,1534.43482463903,1516.0827148900496,1516.3802440130783,253794,17287,75.18622702972851
2025-06-19,1506.1627197265625,1531.657224836898,1503.4842309383596,1530.962869092445,329625,16401,62.03710435908347
2025-06-20,1521.2412109375,1526.994894212879,1498.8218994099425,1508.7419594747453,1032126,17811,68.29136517062048
2025-06-23,1550.6044921875,1559.0365428492967,1517.7691191233992,1519.753131043822,661255,9989,69.66099689045974
2025-06-24,1560.72314453125,1576.2975908552091,1539.6925439160113,1558.2431294417988,1138399,16267,69.6339999722421
2025-06-25,1556.7550048828125,1586.2175335216907,1554.0765161282468,1563.7982229953766,1082601,6459,76.29568334300197
2025-06-26,1561.4173583984375,1574.015785469961,1539.4940512192352,1559.4333465072068,1376736,7706,48.43415782631954
2025-06-27,1554.2750244140625,1581.2575387453246,1547.132508671448,1562.5086014258725,1884791,14578,64.05757597484416
2025-06-30,1538.700439453125,1563.9965917473912,1523.8203498682624,1559.7310387230848,1565123,16834,62.431268901308286
2025-07-01,1535.526123046875,1551.4973955468429,1528.5820809951947,1539.5933234582483,662726,16742,51.35618977601107
2025-07-02,1538.105224609375,1539.5932335335376,1523.1259589917004,1535.6252097357708,580598,11486,55.23811126391291
2025-07-03,1560.028564453125,1578.6783251299055,1532.8475766518732,1541.5772776270637,1087139,11641,74.77422952051495
2025-07-04,1564.9886474609375,1579.2735581353295,1551.4973900274217,1563.302285692179,639702,8788,78.11662026112938
2025-07-07,1525.308349609375,1580.7615073460909,1514.3962839797503,1569.0557885056112,1114712,7134,64.90350844605413
2025-07-08,1519.8524169921875,1529.2764742936074,1501.8971320368007,1528.6812948934676,890061,6659,53.39316692619448
2025-07-09,1511.51953125,1525.6060894560558,1499.0202795588975,1521.7372417412064,888113,16869,68.19496856837233
2025-07-10,1517.471435546875,1519.6539212680602,1500.90498481323,1507.749850007149,736380,10175,56.60401699159196
2025-07-11,1515.5867919921875,1523.225189637239,1507.3530938806805,1522.7291866448468,1687155,9039,71.86571870501128
2025-07-14,1514.1978759765625,1522.4314525399964,1500.904972293862,1509.3370227000075,981425,8133,53.31227159259075
2025-07-15,1525.7052001953125,1528.6812181410771,1510.428283854825,1510.8251104664896,705444,6819,47.93146880528305
2025-07-16,1512.80908203125,1527.0939920083422,1507.948228630746,1524.8123298730616,755182,14372,69.95152171671029
2025-07-17,1520.3482666015625,1524.7131169196416,1510.130678162429,1512.8090457400478,1502245,12389,57.392269328437216
2025-07-18,1506.361083984375,1535.1292574684362,1502.8890630466435,1523.7211886730327,1342857,6232,63.76217182338014
2025-07-21,1519.3563232421875,1524.7131797125132,1499.5162037924476,1502.8890483177993,847973,6690,74.23597257202425
2025-07-22,1565.9805908203125,1570.940620641164,1502.9882120954996,1542.5692742847896,5086878,8996,48.35798439357953
2025-07-23,1560.1278076171875,1570.8415209913287,1535.5261311607835,1570.3455179850164,1664830,13096,76.66383386037128
2025-07-24,1539.7916259765625,1561.6157574268368,1533.244410760376,1560.127748464318,935752,13372,77.92399831643912
2025-07-25,1511.4202880859375,1541.0812911299283,1506.261905423713,1539.7916349171321,942201,12822,59.51772146891764
2025-07-28,1495.7467041015625,1522.134039639037,1481.461793398014,1511.7179765773117,756595,12727,52.74251513544035
2025-07-29,1498.2266845703125,1504.8730762186542,1479.3785708932166,1495.0521927680081,728746,5164,68.63835894712389
2025-07-30,1515.78515625,1520.1500068350613,1493.9610244191754,1500.8058899850123,704672,14632,52.540402963691626
2025-07-31,1488.604248046875,1522.729280239878,1484.7354002495179,1497.929129095906,705250,10784,75.77066280862192
2025-08-01,1470.748046875,1489.3978078020443,1464.2008316029883,1488.6041545774754,721140,16435,57.752484502201995
2025-08-04,1496.540283203125,1499.7147751782254,1460.4312392373354,1470.7481262410593,418757,14559,76.36165040699203
2025-08-05,1490.78662109375,1504.2778780753606,1483.0489260850798,1496.5401830666906,494352,9958,74.86489502439468
2025-08-06,1476.7991943359375,1495.4489544444107,1465.589599871414,1489.9929217747958,881779,10982,57.52605489791553
2025-08-07,1482.751220703125,1491.6792741066631,1461.0263876300953,1468.0696055406584,822755,6575,74.10647831803936
2025-08-08,1479.676025390625,1494.7545882283666,1472.235980893393,1492.6712788935622,716786,17637,75.73858762139805
2025-08-11,1462.4151611328125,1478.08890398874,1439.797497540545,1478.08890398874,1445173,11635,78.97964144848297
2025-08-12,1453.0904541015625,1470.1529090617869,1440.888731722163,1468.5657236622635,1076222,12473,78.80005574161513
2025-08-13,1454.181640625,1465.5897097897932,1447.3367749072274,1456.2648290361958,557221,5806,54.29912322207554
2025-08-14,1467.375244140625,1482.949811181767,1451.4039715703705,1455.6696458586828,861774,11184,48.21072224120327
2025-08-18,1540.1884765625,1569.3534769007915,1512.4123088297426,1512.809135444821,1496208,6163,67.41411008913997
2025-08-19,1557.449462890625,1560.4254809725817,1529.8716468933662,1539.9901810287101,604629,9643,59.208757285237546
2025-08-20,1555.3662109375,1562.3102528451664,1547.5293394228088,1548.0253424162136,643628,11235,73.98240973585729
2025-08-21,1541.180419921875,1560.425359573527,1538.2044020714486,1560.425359573527,442684,6013,68.24881437307292
2025-08-22,1543.5614013671875,1549.3150848486391,1533.64134094709,1540.5853832411583,457314,4784,65.9518033833426
2025-08-25,1549.513427734375,1558.5406584401785,1538.9981879750494,1547.5294156630123,586960,16405,50.331850697642395
2025-08-26,1505.7659912109375,1545.0494061467175,1496.8379368576018,1542.5693910485686,4779697,17372,74.60419384419154
2025-08-28,1507.25390625,1515.7851334365716,1500.1113905561765,1502.3930527419423,655530,13108,66.11569075077175
2025-08-29,1513.404296875,1526.0028454610879,1499.9130397836725,1499.9130397836725,1112664,12411,47.35449186283055
2025-09-01,1561.61572265625,1564.492564138627,1504.3770276102862,1513.9002605394678,897681,6077,58.53339660384953
2025-09-02,1570.147216796875,1592.1697025627516,1562.7071714577967,1564.2943569112358,1448767,15049,74.98736985233127
2025-09-03,1553.58056640625,1586.019235138185,1550.307019275529,1569.353485964486,795321,7273,68.9777706238962
2025-09-04,1572.0318603515625,1584.4319353562112,1561.3182682042354,1580.2655585924422,937677,6207,69.05103510856176
2025-09-05,1569.8494873046875,1577.0911795069821,1551.6957291558833,1572.0318520561968,463270,4190,78.44238843828543
2025-09-08,1566.5758056640625,1583.7375576707263,1560.822243598239,1569.3534708644468,606915,16013,69.96470750154523
2025-09-09,1574.4127197265625,1578.2815673979119,1551.6957577996757,1571.3375253037664,417622,9038,78.92593749162104
2025-09-10,1562.80615234375,1586.2174678631739,1558.4413020719487,1575.2062263576897,458241,12456,48.52269238646335
2025-09-11,1561.814208984375,1570.2462596516175,1552.48932873347,1567.369418146251,580706,11128,54.75978434739344
2025-09-12,1560.028564453125,1564.8894179257998,1554.6717079953708,1561.4173970302434,428195,11171,48.30427946186434
2025-09-15,1582.4478759765625,1588.2015590442456,1562.8062304139642,1571.3374575428388,506002,12780,78.02666269228635
2025-09-16,1601.8912353515625,1605.958435473977,1581.9518191441975,1589.1935109213919,833915,4259,57.865525555768926
2025-09-17,1580.7615966796875,1608.1409386787757,1579.2735876461013,1607.049756273043,719829,7866,78.94000028992993
2025-09-18,1581.55517578125,1586.4159081874723,1570.94063918266,1583.14236112376,940785,16788,61.30975558870226
2025-09-19,1578.083251953125,1597.129719423989,1573.81757755662,1587.2096590548958,551120,12112,48.03337951048484
2025-09-22,1568.6591796875,1586.8128173336413,1565.385511359031,1576.1984012774296,396646,17911,55.160243087893505
2025-09-23,1559.7310791015625,1572.7263334565357,1552.4893868783308,1568.6591330836104,436090,15646,45.27797435031945
2025-09-24,1532.1533203125,1559.0366596290307,1528.4829464225793,1557.251121423591,732959,10703,72.85080108405619
2025-09-25,1527.2923583984375,1546.338945569448,1521.8363255948552,1529.0780175719465,727426,11901,57.611945886791375
2025-09-26,1495.349853515625,1526.3995683453286,1489.000990960853,1521.7371886302124,953494,14908,53.15003766481487
2025-09-29,1493.1673583984375,1508.7419250009993,1484.0409517851444,1493.9610116232805,794772,16557,49.07431406962634
2025-09-30,1489.9930419921875,1501.8971142318055,1483.0489998524104,1493.1674128182917,853021,8258,73.9941117494541
2025-10-01,1473.3271484375,1498.7225969424935,1471.3431365914519,1489.992896382093,786430,12383,66.83328521084229
2025-10-03,1476.2039794921875,1479.4776474530236,1460.2327084622757,1468.1687557908751,1019221,6521,67.10804323398222
2025-10-06,1485.727294921875,1489.0009630652733,1473.327220279426,1478.9817269730702,499550,12656,62.04164315956622
2025-10-07,1490.2906494140625,1496.1433878881146,1485.7273249777434,1488.008987195903,615736,16024,78.00853602907384
2025-10-08,1491.4810791015625,1496.9371123141057,1472.2361377329676,1485.1322162353422,416913,11537,52.69596514605318
2025-10-09,1473.922607421875,1496.9370988739922,1468.8632797946245,1492.969074755042,561521,17069,70.08541361376388
2025-10-10,1483.94189453125,1507.8492164414567,1468.3673266784172,1469.3593327418655,817076,4989,48.88999271578389
2025-10-13,1461.323974609375,1483.9417592315972,1447.0390643792598,1483.5449326235007,720965,8130,74.1474062918803
2025-10-14,1437.515869140625,1467.176872733926,1429.2822920044196,1467.176872733926,1392203,11055,74.85782851357416
2025-10-15,1452.4951171875,1456.5624386082723,1436.9206716351837,1443.368710548286,794127,8668,54.892036389507766
2025-10-16,1464.00244140625,1468.1688179924918,1442.8726660608645,1452.8919020188096,1288100,3736,58.15652371858539
2025-10-17,1479.576904296875,1484.4377577689083,1457.2567699712433,1465.093641353361,905801,13807,54.64454826801918
2025-10-20,1473.525634765625,1482.0568615570319,1428.190891042571,1468.168778517006,1277994,8849,53.43093291511928
2025-10-21,1472.236083984375,1479.9737792411058,1468.168883593317,1474.0217432265383,72699,8393,67.49302958543745
2025-10-23,1484.437744140625,1501.103371627406,1462.4151391514988,1468.16882216263,1050285,16475,45.074832785994445
2025-10-24,1482.94970703125,1499.912984421888,1479.477686233977,1489.794572250483,1009492,8233,48.51305121869167
2025-10-27,1480.668212890625,1482.8506988674585,1470.2521493172296,1482.8506988674585,589156,5908,47.260248231492554
2025-10-28,1468.7640380859375,1477.791268336158,1459.3399812225741,1475.1129006127837,954761,12746,56.639610150050544
2025-10-29,1497.3338623046875,1500.905059642111,1472.3352387537614,1479.0809279090465,625897,16001,49.63078851132447
2025-10-30,1494.2586669921875,1504.4762560038985,1488.306631068848,1501.7978882761881,644881,17754,71.35653292896662
2025-10-31,1481.957763671875,1498.028212174399,1475.708077535071,1497.929035794898,1154138,9938,68.02727192818195
2025-11-03,1485.3306884765625,1487.9098799553215,1470.2521240489566,1481.9578437299608,349232,14077,77.66199324630009
2025-11-04,1474.517822265625,1485.3307124685844,1467.1769532502083,1478.1881962260888,776103,12738,61.960887787705204
2025-11-06,1430.770263671875,1473.2280466707507,1427.694948279183,1463.3079869381424,1209100,13450,69.9837383603212
2025-11-07,1436.920654296875,1454.7767618407784,1419.8581999704927,1432.4566274108993,586545,14643,76.07986800798926
2025-11-10,1446.047119140625,1455.4711762799507,1420.5526130015062,1440.3927332948233,944575,12271,48.132381662506546
2025-11-11,1432.059814453125,1445.3527188591954,1418.0725542959642,1444.360712875078,613786,10182,50.65102518972095
2025-11-12,1446.3447265625,1449.4199208980233,1433.6470015129107,1437.6150254540973,430648,9991,58.282098656991316
2025-11-13,1454.3798828125,1459.7367391014923,1442.277458795626,1446.3446589262492,392270,5770,56.66141929890844
2025-11-14,1457.653564453125,1461.2247616476252,1441.9798220343214,1451.5030549178139,247053,15380,62.50745485764982
2025-11-17,1468.565673828125,1472.6328741184143,1454.4791162859663,1458.3479638184774,545878,7371,74.95249263457495
2025-11-18,1456.2647705078125,1465.9864774953157,1444.360698814288,1462.3159827331249,708532,11849,54.53731814547636
2025-11-19,1428.885498046875,1454.4791807531124,1426.8023096199524,1453.2888219647236,1021976,9837,58.95017552560407
2025-11-20,1436.920654296875,1441.682331413041,1427.2982447804523,1433.4486333855605,650084,3504,47.99417870505684
2025-11-21,1429.579833984375,1436.424699658828,1418.5685915138981,1435.4326936507766,978674,11659,62.396045425300215
2025-11-24,1413.2117919921875,1435.234398918069,1404.0853847868955,1429.2823626290992,1766273,14781,78.2899794554021
2025-11-25,1408.0533447265625,1417.6757545168407,1400.7124760862507,1413.608554123872,773716,8436,73.04081756864552
2025-11-26,1428.290283203125,1431.464653956365,1406.6645040264211,1411.6245340124099,609827,14624,73.36013144280219
2025-11-27,1423.1317138671875,1432.4565940306034,1415.691669230602,1431.4645880790586,578302,16421,73.46595325721965
2025-11-28,1430.37353515625,1433.9447326859997,1413.6086088395364,1424.5206752937363,574515,11429,77.08003281251806
2025-12-01,1423.8262939453125,1440.4919224831635,1419.7589723734372,1437.4167280292581,418134,4847,68.03138037015447
2025-12-02,1411.1285400390625,1425.8102773292833,1406.7636894045795,1423.8262653221984,529711,17108,54.36792659471092
2025-12-03,1409.24365234375,1414.69968516164,1398.7284133136213,1413.5093264391644,501288,15446,78.22141217396324
2025-12-04,1422.0406494140625,1424.1238378660892,1404.6805438230292,1404.6805438230292,360610,13793,49.435221534066784
2025-12-05,1425.0166015625,1427.298263772373,1408.6485027627916,1419.6597450091538,440018,15729,67.5890764791091
2025-12-08,1396.0501708984375,1425.512702320715,1388.9076546393019,1420.5526720412415,642925,4476,70.94481482037459
2025-12-09,1408.4501953125,1411.4262133718212,1379.8803735052234,1384.840403604092,730475,11293,61.27243545004084
2025-12-10,1378.7890625,1412.4180876525802,1368.9681796013565,1408.4500639435907,806272,6483,78.38531532329588
2025-12-11,1391.1893310546875,1394.7605286730748,1374.126754064297,1381.8644498162112,707388,8515,52.40508686592046
2025-12-12,1398.3316650390625,1401.8036861176683,1389.0067842090525,1391.3876228818508,430872,12428,45.51058913725423
2025-12-15,1401.010009765625,1404.581206860035,1387.221103253693,1398.7283477110022,732814,5500,54.30963814498263
2025-12-16,1400.7125244140625,1413.6086028966283,1394.5621354217105,1398.7285123398217,298684,15881,77.76307651078815
2025-12-17,1385.8323974609375,1399.918834380299,1379.1860056245805,1399.0261258459252,348931,5672,73.90164128326155
2025-12-18,1389.9986572265625,1400.6131933078887,1378.0945860961226,1383.8482689136247,223572,9744,72.91977428400429
2025-12-19,1405.5732421875,1407.557254069734,1387.8163116226117,1389.8994998800622,705789,7921,65.7678987437989
2025-12-22,1419.7589111328125,1435.9286570559323,1405.7716510239097,1412.616516509601,479639,9659,54.834966585247244
2025-12-23,1415.3941650390625,1425.1157508787956,1411.6244939189858,1421.5445536092104,274659,8663,65.72770259143174
2025-12-24,1413.013427734375,1424.91750021555,1408.747753324159,1414.6006131796341,661762,12573,71.67022980505797
2025-12-26,1406.8629150390625,1424.3223181882333,1403.787720539318,1418.568634728463,217465,10285,68.82195737369868
2025-12-29,1403.8868408203125,1416.5845660405416,1399.2244610645546,1412.6165420460302,235094,14522,45.253659696910226
2025-12-30,1401.7044677734375,1409.5413393351575,1393.7684198313373,1403.8868325197225,466114,9142,62.658148862628124
2025-12-31,1413.50927734375,1418.5684833802673,1399.522017915329,1401.7043825288936,217229,16083,49.66113846502275
2026-01-01,1406.16845703125,1421.4453731290037,1402.4980833942507,1419.1637109690453,320747,14629,59.510626875653834
2026-01-02,1428.389404296875,1434.0437898242515,1406.3667993548,1413.1124883124396,256390,9326,66.89004072342591
2026-01-05,1439.797607421875,1450.5112001217976,1419.659836137848,1428.4887142154384,454648,12570,77.83905059487036
2026-01-06,1489.6953125,1493.960986596733,1432.4566166305992,1446.3447001713391,1346661,14450,71.3318829994807
2026-01-07,1484.2392578125,1500.7066535009103,1473.128839581394,1491.8777763040525,421633,3595,48.53175479685923
2026-01-08,1471.8392333984375,1487.0169734262374,1457.7527968311247,1484.5369584605498,761222,17196,62.8028813214791
2026-01-09,1453.1895751953125,1502.5914000323962,1449.5190804356741,1467.3751879635433,1297815,8834,68.2671131837388
2026-01-12,1438.805419921875,1451.5030231235735,1426.4053458414232,1449.3206585232033,1832938,3140,54.23798845524449
2026-01-13,1420.2548828125,1445.352682008573,1408.6484615320342,1441.3846581732714,684472,4708,60.568394219625795
2026-01-14,1425.61181640625,1436.7223564034189,1406.7637021679382,1408.6485378106663,788769,7031,64.38425461383285
2026-01-15,1425.61181640625,1425.61181640625,1425.61181640625,1425.61181640625,0,10860,75.41086510785163
2026-01-16,1414.69970703125,1435.8294828904206,1408.6484947585775,1425.5125964563915,406281,3805,63.13581468279451
2026-01-19,1435.53173828125,1442.3766033274896,1408.84675489488,1415.09644060981,1337059,7493,75.53114073936824
2026-01-20,1335.5377197265625,1442.8727199654725,1326.5103682949882,1414.6005491033095,4182464,16597,62.91820308122778
2026-01-21,1305.4798583984375,1337.8192288480743,1283.9533772562547,1329.2880017126947,2232518,13063,61.46646241211308
2026-01-22,1301.3134765625,1344.1680859193323,1296.1549728749785,1314.407906895288,808021,10580,57.16889819119859
2026-01-23,1280.6165771484375,1317.4330599413606,1273.6512966200467,1317.4330599413606,783770,16952,67.80362898399001
2026-01-27,1282.5072021484375,1288.3779629992077,1257.133679737611,1282.6066818649208,1086332,9459,74.67308472783782
2026-01-28,1280.417724609375,1290.169045284257,1274.646443103834,1283.6018045307928,802524,4092,51.565716500032785
2026-01-29,1267.5816650390625,1280.4177072028447,1251.6610227186784,1278.6265863558567,1124235,15472,47.76482016197482
2026-01-30,1278.6265869140625,1285.3929084891242,1252.357502780988,1259.8203038719262,2002060,12839,53.760960653887295
2026-02-02,1272.1588134765625,1276.4375346459633,1243.8996493300633,1268.676173001656,823663,16228,55.72446554549079
2026-02-03,1311.462890625,1328.4780525457516,1298.9254092868073,1302.5075294598823,1080071,11333,49.0732741604907
2026-02-04,1337.5328369140625,1352.1599990779403,1300.5173942482559,1317.4330757342698,410223,6946,59.808747568601916
2026-02-05,1343.503173828125,1346.1898551358074,1325.393491523879,1343.1052549364947,392787,4327,55.97898585811199
2026-02-06,1348.2794189453125,1350.7670193492706,1319.5227339825838,1344.199778575794,417229,16737,70.55044437106531
2026-02-09,1365.0955810546875,1373.9514625203246,1339.3240173491283,1351.2644989302498,482069,14398,58.329162551485986
2026-02-10,1366.28955078125,1383.7027527066734,1360.4187898391358,1372.2597914413952,418360,6853,46.32584597509894
2026-02-11,1376.9365234375,1381.9117238813922,1358.2297211825241,1367.2845616974369,472510,16942,66.95260275094975
2026-02-12,1393.5537109375,1398.0313915510087,1364.9961076106229,1372.1603480062925,568421,12572,52.162659014596265
2026-02-13,1397.036376953125,1411.9619792710002,1371.563373290257,1384.2003346667798,774193,15869,53.092613789230946
2026-02-16,1413.6534423828125,1421.414803863495,1389.274959572413,1397.0363210530957,369629,14165,61.059997322067964
2026-02-17,1427.2855224609375,1431.5641219482563,1406.8872007149507,1410.0712804015534,305464,11179,78.35357536526885
2026-02-18,1427.68359375,1435.1463945506207,1417.9321521179131,1430.3701534522806,388023,7362,47.17471391713331
2026-02-19,1389.175537109375,1431.7633043601868,1385.3944573965523,1426.8875833041805,270597,8285,77.31260933111597
2026-02-20,1405.8922119140625,1409.374852339198,1389.3745701906778,1392.0611299326958,543595,8518,47.182241782324674
2026-02-23,1405.792724609375,1416.8376456050926,1395.046242769572,1412.9569648593383,221863,4872,76.27070362553891
2026-02-24,1396.83740234375,1410.7679643558665,1385.6928798551398,1403.0066026488857,273019,13919,45.4623858607764
2026-02-25,1410.56884765625,1413.553968011673,1388.5784853309387,1404.2005666050425,1008679,17981,52.894568976353554
2026-02-26,1406.6881103515625,1418.9271519027236,1396.1407098127177,1410.5687909505784,312149,10024,63.05942234995957
2026-02-27,1390.1705322265625,1409.9718549768666,1383.2052513621743,1407.8822950105218,1498208,13404,69.41007116225906
2026-03-02,1347.2843017578125,1376.7374645638304,1327.0849390465496,1353.254542385986,861596,15524,72.02668164150852
2026-03-04,1312.1593017578125,1333.3537039968378,1307.582141693779,1325.393383375961,932884,10433,65.86088414058058
2026-03-05,1345.791748046875,1352.5580693771572,1320.6171846915527,1327.3835060218346,320753,8424,61.77506000474375
2026-03-06,1342.508056640625,1358.229738833579,1333.6522969072946,1345.7917375622092,489820,16720,51.39327088994955
2026-03-09,1324.79638671875,1330.2691071583938,1294.9451843206928,1330.2691071583938,872333,4029,61.7954456643712
2026-03-10,1351.2645263671875,1375.5435303680829,1331.7617636816644,1341.314124847547,1530785,9034,56.82390140106958
2026-03-11,1358.727294921875,1397.633339637651,1353.055614777643,1356.2396946016224,755141,3279,73.79058370554222
2026-03-12,1347.2843017578125,1357.8317025746144,1327.8810197162488,1348.4783012975045,853612,10022,65.81746739402348
2026-03-13,1303.7015380859375,1346.4882639498444,1297.0348177582032,1334.2493431514106,1599343,9440,62.035884401798874
2026-03-16,1290.8656005859375,1310.368362710294,1266.6860770030005,1303.502561566324,963287,13308,45.629555895842074
2026-03-17,1310.5672607421875,1315.2440219816378,1285.094259071374,1293.5520997234116,849515,9398,55.425954770078135
2026-03-18,1337.2344970703125,1342.5081370463092,1304.796212104753,1311.2639731532336,1048399,12942,73.16840414532416
2026-03-19,1287.8804931640625,1329.1746586975494,1283.6017720047694,1317.234177097505,506987,7035,48.4387006118631
2026-03-20,1274.8453369140625,1308.0797007915642,1271.6612571565772,1294.646659342727,811006,7827,55.02912096020447
2026-03-23,1224.8944091796875,1265.591575093658,1211.1628066971716,1263.700974539564,835568,16721,47.24522408830149
2026-03-24,1228.0784912109375,1254.7456155273603,1214.944009959482,1243.2031742056477,561103,12046,60.17641511847878
2026-03-25,1262.10888671875,1293.5521295754593,1234.4467233618864,1244.9941241254535,1256831,16358,55.93195849995051
2026-03-27,1225.4913330078125,1268.5766168739779,1220.217693485219,1262.1088563815654,5656981,15937,61.951762444293806
2026-03-30,1184.6947021484375,1218.6255447894932,1178.2269415891656,1204.8940644810284,1632810,17551,56.13583753104148
2026-04-01,1180.01806640625,1221.312230119633,1169.7691048986733,1211.9588289855585,962738,3223,64.42721243398972
2026-04-02,1174.744384765625,1180.6151459834202,1136.8333790864372,1164.296463119754,967015,16433,75.05467925040269
2026-04-06,1200.6153564453125,1203.003476970483,1158.3261523334468,1182.5056752704088,693409,9612,53.2019251036785
2026-04-07,1227.97900390625,1230.5660839592128,1180.4161584252902,1194.0481596621557,1033027,13755,73.9597470036363
2026-04-08,1240.218017578125,1271.6612607657464,1233.8497365802234,1271.6612607657464,755940,12998,58.16483706391531
2026-04-09,1250.765380859375,1260.4172210517438,1228.277499338963,1243.7006205826547,1025061,3493,45.85871151902507
2026-04-10,1275.3428955078125,1277.6315364097557,1252.0590534647567,1261.4123335843417,698587,15713,54.089425016457184
2026-04-13,1267.5816650390625,1275.342905291333,1222.9043382345121,1252.1585427911903,954294,3079,45.023116152893095
2026-04-15,1278.8255615234375,1294.3482851485696,1252.4569973560715,1278.6266020779308,1086325,13522,54.2938608750994
2026-04-16,1284.6962890625,1301.5124915722697,1265.7905265702423,1290.5670501293835,992284,16226,59.74636242267793
2026-04-17,1299.92041015625,1308.278771284227,1278.825487169941,1285.492328714871,770722,9090,64.1334778741039
2026-04-20,1295.6417236328125,1311.761446551201,1284.6962822479852,1306.2887258587873,639788,4080,74.90030418301673
2026-04-21,1322.2093505859375,1330.7666712637667,1302.1094674267702,1302.5075077648953,896686,7507,49.61613762969195
2026-04-22,1342.0106201171875,1403.7031102629533,1313.5524957300167,1329.3736586248874,4815785,9076,67.67876027887074
2026-04-23,1254.049072265625,1293.4526354817515,1248.9742706418122,1288.1788744261578,5666205,11821,46.95336493189146
2026-04-24,1232.4566650390625,1261.1138690042749,1226.884464674954,1255.7406280776902,1752335,12778,50.54970163419602
2026-04-27,1267.7806396484375,1275.143961102674,1236.934394783683,1241.8101158456006,2461604,5153,54.63193236752021
2026-04-28,1265.8900146484375,1274.8453758881085,1256.7356939671624,1266.7855750653766,1435828,14098,63.200532405899736
2026-04-29,1246.2877197265625,1283.9002839258094,1243.0040388251732,1271.6612421641094,1553192,13125,46.4498818527405
2026-04-30,1234.44677734375,1245.790259269044,1226.8844965485075,1245.790259269044,1559906,8219,55.825096824017365
2026-05-01,1234.44677734375,1234.44677734375,1234.44677734375,1234.44677734375,0,7999,61.42998757979615
2026-05-04,1250.367431640625,1257.7307530638764,1231.9591888149273,1234.9443092731485,769063,5518,50.16073628367676
2026-05-05,1233.45166015625,1247.780261616104,1224.894339752332,1247.780261616104,895097,4021,56.44118437985769
2026-05-06,1251.06396484375,1253.5515650908228,1235.043722080717,1244.7951636351845,857286,8425,46.188313984915865
2026-05-07,1262.6064453125,1270.3676854479686,1247.8798028018268,1253.7505638620894,998450,15503,68.1972082377102
2026-05-08,1248.974365234375,1268.3776484318705,1245.7902852956033,1262.6064883597387,606893,14573,58.1855178936254
2026-05-11,1223.8992919921875,1242.805053413205,1220.5161314449297,1242.0089727674315,617476,16226,59.45169198676561
2026-05-12,1184.9932861328125,1225.4913698475514,1181.510645762975,1219.4216494959487,969615,9976,71.89596503862629
2026-05-13,1193.2520751953125,1198.028316404797,1177.3314331168433,1184.5952746510886,638992,14483,60.898641004743844
2026-05-14,1204.794677734375,1208.7748383856747,1180.1176331103711,1199.023396204045,510878,13685,56.43808472773445
2026-05-15,1203.6004638671875,1211.7598654522124,1196.6351832644089,1204.4960242376585,599340,13633,65.96490480246159
2026-05-18,1188.8740234375,1200.0184245655971,1170.4657806062698,1200.0184245655971,943013,7170,72.71901747600924
2026-05-19,1201.21240234375,1212.1578438283645,1189.0729612831217,1193.948682237422,502340,10505,57.135129483494715
2026-05-20,1201.8094482421875,1206.9836080336372,1184.5952064006967,1194.0480870901604,648009,5512,55.030045047565345
2026-05-21,1203.699951171875,1210.8643127159582,1194.3466714753424,1203.8990320692649,853872,13730,61.479750438211795
2026-05-22,1200.9000244140625,1217.4000244140625,1198.0,1217.4000244140625,581336,11755,59.3973663345451
2026-05-25,1203.800048828125,1214.800048828125,1200.800048828125,1209.9000244140625,375805,9407,47.64864984614181
2026-05-26,1201.0,1205.800048828125,1193.9000244140625,1205.4000244140625,475276,4675,53.08379164150305
2026-05-27,1211.0,1219.4000244140625,1201.5999755859375,1203.0,1246990,11946,74.07649348585116
2026-05-28,1211.0,1211.0,1211.0,1211.0,0,17919,51.32504300842559
2026-05-29,1176.800048828125,1215.9000244140625,1166.0,1214.4000244140625,4333519,15347,52.32833007668156
2026-06-01,1143.199951171875,1186.199951171875,1138.0999755859375,1185.300048828125,936054,9804,71.69405238016532
2026-06-02,1174.5999755859375,1177.699951171875,1123.5999755859375,1133.0,1283197,16805,49.057787043799756
2026-06-03,1156.4000244140625,1184.199951171875,1153.300048828125,1184.199951171875,873609,16179,55.715393096702144
2026-06-04,1166.4000244140625,1176.800048828125,1137.0,1145.699951171875,645046,4790,45.34862709076643
2026-06-05,1150.5,1177.5999755859375,1147.800048828125,1177.5999755859375,751308,12536,54.055425045415014
2026-06-08,1140.300048828125,1153.0,1129.0999755859375,1143.0999755859375,947900,15966,71.59052130850526
2026-06-09,1150.5,1154.0,1138.0999755859375,1144.9000244140625,692180,13499,60.82194931088357
2026-06-10,1155.5,1165.9000244140625,1147.800048828125,1150.4000244140625,673056,4259,73.71372695849237
2026-06-11,1129.0,1154.199951171875,1125.5,1154.199951171875,559810,17098,57.95239004190695
2026-06-12,1154.0999755859375,1156.9000244140625,1134.5,1147.0,458490,15823,51.346440643371906
2026-06-15,1171.0999755859375,1191.300048828125,1166.0999755859375,1172.199951171875,1073016,12313,61.9100776640564
2026-06-16,1180.199951171875,1188.5999755859375,1165.199951171875,1176.0,573010,11478,65.36440335469831
2026-06-17,1196.800048828125,1207.4000244140625,1183.4000244140625,1187.699951171875,803357,7965,59.48037963430153
2026-06-18,1194.4000244140625,1209.0999755859375,1184.199951171875,1202.699951171875,753480,8415,69.42714563035842
2026-06-19,1176.300048828125,1194.4000244140625,1168.199951171875,1194.4000244140625,681280,15432,57.25095475519856
2026-06-22,1181.300048828125,1195.5999755859375,1177.4000244140625,1185.5,488074,6550,70.86475009411012
2026-06-23,1174.800048828125,1193.0999755859375,1171.0,1182.800048828125,561924,5408,47.69882485161058
2026-06-24,1186.199951171875,1189.199951171875,1163.300048828125,1173.0,425553,7858,64.63933763959814
2026-06-25,1178.300048828125,1196.0,1175.4000244140625,1189.9000244140625,937219,4718,64.89809108186368
2026-06-26,1178.300048828125,1178.300048828125,1178.300048828125,1178.300048828125,0,4911,76.15303719174528
2026-06-29,1156.0999755859375,1185.800048828125,1152.0999755859375,1178.300048828125,995233,11764,60.60137115378504
2026-06-30,1159.300048828125,1164.4000244140625,1140.300048828125,1161.800048828125,986708,13828,66.275176037148
2026-07-01,1188.800048828125,1200.9000244140625,1172.4000244140625,1172.5999755859375,1370728,3106,68.49198786219137
2026-07-02,1186.699951171875,1198.0,1182.5,1193.9000244140625,612723,9635,48.288780491753315
2026-07-03,1181.0999755859375,1192.699951171875,1176.4000244140625,1189.9000244140625,474220,5070,59.78401653712796
2026-07-06,1181.5,1190.699951171875,1176.0,1186.5,344591,11791,68.0148137810756
2026-07-07,1225.0,1228.9000244140625,1177.0999755859375,1182.0,1375962,3645,66.6308036435459
2026-07-08,1207.800048828125,1234.0,1197.9000244140625,1225.0,2255761,17916,66.09961425554795
2026-07-09,1190.800048828125,1223.0,1182.5999755859375,1212.0,2319664,5194,48.849776685986804
2026-07-10,1188.4000244140625,1211.699951171875,1176.4000244140625,1205.699951171875,2410663,6619,65.388900373777
2026-07-13,1178.800048828125,1187.9000244140625,1161.5999755859375,1180.9000244140625,2184918,4903,47.413774593635395
2026-07-14,1187.300048828125,1190.0,1167.300048828125,1178.5,1122208,3594,63.481865376096685
2026-07-15,1177.4000244140625,1195.5999755859375,1172.0,1188.5,969323,15749,64.93046006298006
2026-07-16,1170.5999755859375,1188.0999755859375,1165.0999755859375,1179.0,1429928,6622,76.97648127070786
2026-07-17,1187.300048828125,1194.0999755859375,1141.199951171875,1173.0,4169240,8406,76.83590016747955
2026-07-20,1200.300048828125,1209.699951171875,1165.5999755859375,1165.5999755859375,1893253,10498,45.69485636402641
2026-07-21,1217.5999755859375,1223.800048828125,1201.0,1206.9000244140625,1553656,17715,56.634333562168074
2026-07-22,1207.0999755859375,1217.5999755859375,1191.5999755859375,1215.0,601548,7046,46.726738815234086
2026-07-23,1209.9000244140625,1219.9000244140625,1198.199951171875,1201.5,956879,16692,61.62301309652989
2026-07-24,1226.9000244140625,1239.5,1195.800048828125,1201.0999755859375,1065814,3232,62.56568435844922
2026-07-27,1237.4000244140625,1246.9000244140625,1230.0,1235.0,828132,15020,59.235812262900964
2026-07-28,1227.0999755859375,1240.0,1224.0,1237.4000244140625,658217,8554,78.82306240239464
2026-07-29,1237.0,1244.4000244140625,1227.9000244140625,1230.0999755859375,584475,13668,50.5820299092282
2026-07-30,1261.699951171875,1264.4000244140625,1227.9000244140625,1237.0,1639594,11861,60.96111484311671
2026-07-31,1260.699951171875,1273.9000244140625,1256.9000244140625,1273.9000244140625,1095362,6479,74.40871498932148
2026-08-03,1285.0,1287.300048828125,1259.0999755859375,1261.9000244140625,1214090,17457,45.17600131630157
2026-08-04,1295.0,1301.5,1277.300048828125,1286.0,1437161,3041,77.01222609024276
2026-08-05,1290.0,1296.9000244140625,1282.0,1295.800048828125,1565263,15675,51.026696995329644
2026-08-06,1285.5,1290.0,1277.0999755859375,1290.0,1078858,14887,76.26673559846111
2026-08-07,1288.0,1293.5999755859375,1276.199951171875,1276.199951171875,1506943,14679,56.66510219868304
2026-08-10,1285.0,1287.4000244140625,1273.699951171875,1285.0,327152,12977,75.92056556934175
2026-08-11,1275.9000244140625,1285.0,1270.0999755859375,1285.0,307403,5210,70.3034363945561
