Date,Open,High,Low,Close,Volume,No_of_Trades,Delivery_Pct
2021-08-10,705.427490234375,711.089053111212,696.7011680096034,696.7011680096034,14838346,14101,73.12576514205968
2021-08-11,699.4851684570312,710.6679592857763,697.660409142684,708.8197821888172,12585786,7362,77.34684058176293
2021-08-12,702.5031127929688,705.4040618582296,696.8415500011622,700.4443471096191,8597674,7270,57.83627445085821
2021-08-13,714.1069946289062,716.3529313032537,702.3159698799373,702.4095267761425,16658428,17122,63.376832299342965
2021-08-16,716.165771484375,718.2245372816506,711.8844867606579,714.0836450209575,6252778,8109,68.65864938694833
2021-08-17,708.7027587890625,713.0776000960025,704.3279174821225,709.8958661728431,8282666,9239,59.70264937240629
2021-08-18,707.9307250976562,732.4252103424661,705.7549847439424,728.3778752099084,22985932,6669,47.995253856609146
2021-08-20,708.7496337890625,711.1125453306043,695.3209624684945,695.3209624684945,13150406,15353,74.4916082918742
2021-08-23,713.3583374023438,717.3588940823976,705.8953760801488,715.8148055456828,10843054,16452,47.26667638825714
2021-08-24,729.3839111328125,732.0275503345746,714.6918798434089,715.8850444307441,18381314,13358,73.04036977871559
2021-08-25,728.7054443359375,732.1679061275219,724.3071851475217,726.2255583877181,7727974,11018,57.99783531314116
2021-08-26,727.4889526367188,735.0688890534149,722.1782564719654,725.2430159343049,11119002,10872,55.11259286120988
2021-08-27,724.517822265625,729.2904239546797,723.0205690591855,726.1788857336068,6382138,5664,45.16860073828042
2021-08-30,733.7821044921875,734.6009271817212,725.9915800513157,727.8631747702501,9049166,13411,57.0360905048882
2021-08-31,739.9349975585938,740.8473771547274,730.9513084677536,731.5595996095356,12062576,13703,47.164630132977926
2021-09-01,738.85888671875,747.702184301824,736.7065639444443,736.9405133137502,12422558,11713,63.93935389144821
2021-09-02,743.4910888671875,744.8947850702093,735.1858863326421,736.5193863022039,9618524,5265,77.19453283883053
2021-09-03,737.4317626953125,747.7021162261457,733.8055478012244,742.1341103203025,10735334,9128,61.7627384004797
2021-09-06,732.5889892578125,739.724444603404,730.8343690908638,739.2565458922177,7876896,13992,48.64468410784252
2021-09-07,734.25,740.2157081408316,727.6760007315273,731.0916839254421,7245496,3292,53.68248500586796
2021-09-08,737.5956420898438,739.5140156486024,732.5423124611898,735.5134582662054,6724080,13769,59.47730305450315
2021-09-09,733.9458618164062,739.0225510973258,730.3898432533427,736.4725261247671,8250948,8830,53.66009926607469
2021-09-13,727.8399047851562,741.1516010354179,726.950885759595,730.8578287988149,8959164,3716,76.87496258526733
2021-09-14,724.5645141601562,732.027475160657,723.6520774763231,729.9219311285555,9758506,14505,78.69073602988436
2021-09-15,723.7457275390625,727.4889171159565,718.2245000665279,718.2245000665279,14822998,14534,58.93523737671999
2021-09-16,729.8986206054688,731.9340258288291,718.8328610372279,719.5112913673174,10260550,13971,67.62991965930826
2021-09-17,740.2860107421875,743.4911057217695,729.547700275712,734.1331308228171,20498102,11520,60.36254145228189
2021-09-20,729.8517456054688,740.0753203546,728.9861444695539,731.7935365535188,8781610,12166,74.81363139143873
2021-09-21,726.1554565429688,733.9694000920663,715.3937850806404,730.8578619198661,14774996,15721,78.07016683034479
2021-09-22,717.6162109375,725.3131787966195,715.8850085999203,724.7750838701154,10582202,4595,59.0418178682923
2021-09-23,734.60107421875,735.5368717655255,721.4999085638933,721.4999085638933,13664304,12681,49.84179341278109
2021-09-24,749.3632202148438,752.3577263390091,736.940486313232,738.812081199107,20806702,11752,48.06967982252102
2021-09-27,760.3822631835938,765.2484217091811,752.3812058137348,755.9840034178407,16415462,15697,53.552204568810716
2021-09-28,755.6798095703125,763.6106695972712,740.2157348669626,763.6106695972712,12773790,10056,47.45968804512268
2021-09-29,745.7603759765625,751.7260847567792,741.6896798907969,747.2342683926307,16263036,16329,75.36187673290405
2021-09-30,746.2750244140625,751.6090811295566,740.7304361257566,742.0873538076034,15975348,7140,56.848756034795166
2021-10-01,740.5432739257812,743.4910586790553,732.3784641896735,740.6836663870009,11128596,8348,53.70700463697347
2021-10-04,741.970458984375,749.2696682201581,740.9644652266392,743.4911299550193,7051028,3498,52.17105537744919
2021-10-05,746.5089111328125,747.4681262541196,737.5252795042604,744.8946835659208,10257178,12709,55.24925178708027
2021-10-06,755.6096801757812,761.2010472242603,742.5552940183129,746.7663826422353,18600830,4015,66.53584280532368
2021-10-07,753.5509033203125,761.5987386153337,751.9132577682348,761.084061436561,11265724,13549,53.59725356699445
2021-10-08,749.8778686523438,758.9316971425425,748.7081218934927,754.2527101071383,7245562,12141,66.52684019999026
2021-10-11,764.4530029296875,769.6934460990624,748.1701035333743,748.5912238329689,13080848,8329,56.597953424664006
2021-10-12,762.48779296875,768.0792173113862,760.3354701381298,760.3354701381298,8176946,15834,56.19912089567974
2021-10-13,767.0731201171875,771.0970374085115,762.6748610290496,765.9501518432847,6225644,5291,65.73672344433848
2021-10-14,789.5323486328125,790.7488739386398,766.4181393559124,766.4181393559124,14757288,3706,69.9134447760961
2021-10-18,781.53125,807.125286978139,780.0105791694615,797.7673126363635,28856456,14773,45.04409178899717
2021-10-19,790.1404418945312,791.8950618641999,781.8586584843099,783.940784668369,8987540,4212,48.81829899340708
2021-10-20,783.1923217773438,794.8430122320457,778.7940620449946,790.3277778106263,10908568,9439,69.37160525742532
2021-10-21,784.3386840820312,786.9822662811649,777.109614248012,782.2331397429754,9738190,12433,52.260432190919346
2021-10-22,786.4207763671875,799.1710165314034,781.7417891509615,786.1166307748242,12175554,12317,76.71415118031805
2021-10-25,775.3081665039062,790.7488240142435,755.0949649733542,790.7488240142435,16426766,6729,58.49943286088927
2021-10-26,773.319580078125,783.1922312714548,770.3250169606707,772.0328586470465,12090656,12111,54.19317499612247
2021-10-27,768.6640625,779.0748093238908,766.090619464881,773.3196320532794,13249642,5078,64.56627336908704
2021-10-28,745.6434326171875,772.0329334003637,742.6255085423319,772.0329334003637,17797750,17869,63.72165542473114
2021-10-29,740.613525390625,749.5737978809885,729.9220503710001,743.9590128781347,12406874,12221,76.6233849079118
2021-11-01,751.1177978515625,753.7847975661676,740.9410012363768,741.6194314974399,8122320,11356,69.37936047464419
2021-11-02,751.7962036132812,758.9316584787566,748.6613053058843,751.4452796035038,13237722,9124,73.83130944855634
2021-11-03,739.9583740234375,753.2701262679756,737.1978173950451,751.0241896681732,10207338,10106,75.51805687400935
2021-11-04,745.8072509765625,747.6320676747624,744.0058520644047,746.2985675510379,1096808,6765,73.15767948578667
2021-11-08,748.7548828125,750.8370091478968,734.8114789267887,744.9414970446072,18943580,16127,65.25856635819748
2021-11-09,735.65380859375,746.1113342173927,734.1565554425947,746.1113342173927,12695476,14372,67.82588013648828
2021-11-10,727.6995239257812,734.1331316762905,725.2430555119505,733.6652329307989,13714126,13661,48.33625047961122
2021-11-11,724.4476318359375,727.5357520533504,718.5052836512886,725.2664546194623,7999404,13143,45.905977962952704
2021-11-12,726.6466674804688,729.4774774090271,722.9268957318046,725.2429714067782,14914092,9758,75.48674322834867
2021-11-15,728.63525390625,735.4665635341739,727.3017540284615,730.9045511883169,9533594,15381,65.30973187309186
2021-11-16,724.3071899414062,728.6118351487053,721.3126268284178,727.582480851994,8245406,11987,78.98745046843699
2021-11-17,716.2594604492188,722.435701370795,715.183270430868,719.113631524848,7598878,6152,48.16141448668254
2021-11-18,720.2833251953125,722.2016985884679,713.6625466615229,714.0368884967193,9152874,15334,70.38663201327965
2021-11-22,709.0302734375,726.5062782081744,701.403559006971,723.3713798098189,15261272,17422,55.602777567310206
2021-11-23,709.1239624023438,714.8557220008774,700.1402722718575,702.7839115916332,11235214,9630,55.46864891293661
2021-11-24,710.2936401367188,718.8561520256227,708.4220453479039,713.0776145384648,30802286,4410,53.79682434127601
2021-11-25,713.989990234375,717.4290913331872,705.123332817624,708.7729654824068,10251652,13733,54.709200151948515
2021-11-26,697.122314453125,704.9829786803473,694.8295993014816,701.8480801025066,18624936,7880,51.16693043107168
2021-11-29,702.4329833984375,705.4275467576333,684.0679578541319,699.4150593721698,12990996,8361,46.83392568702033
2021-11-30,698.8302001953125,715.4171880192514,695.554908948658,699.5086305355009,25221542,3846,71.20990693707009
2021-12-01,704.0238037109375,705.1467720355122,696.7479559415331,699.508569747121,8677634,15617,63.143299800488265
2021-12-02,713.8964233398438,715.3235371851069,701.8480321217536,703.9535762181189,11203110,13002,70.99147399906062
2021-12-03,708.1881103515625,718.6689956881011,705.146768758102,713.9198695084689,8124694,17059,78.03755448230758
2021-12-06,703.6261596679688,710.6446408837688,700.6081784752469,707.9308053003743,7029532,7461,72.53396608923236
2021-12-07,713.8731079101562,716.820892914321,706.4803418484618,708.3752975369557,12427534,7017,75.74045805459019
2021-12-08,727.0211181640625,727.6059916156952,717.7566998435823,718.6924973661944,15295534,17753,72.86058194572769
2021-12-09,714.4111328125,727.4421004421224,712.1418354958904,722.9970627041388,11747744,7628,57.19282764941478
2021-12-10,712.3992309570312,714.9492561772763,705.8018132009037,713.4987815442046,7779384,8050,58.28146720708939
2021-12-13,707.0650634765625,719.4643778261712,705.2168295205678,714.0133470755834,10322142,11075,75.82006960194039
2021-12-14,702.9944458007812,709.3344966351345,700.4678382738138,703.0178635846237,9191100,5248,55.51097990386737
2021-12-15,701.8480224609375,712.7734452539385,699.8126746191084,703.2517185058593,10115148,3902,73.04311729623484
2021-12-16,701.8948974609375,709.8023976917555,699.0407265336075,707.8372458051468,13210432,4751,57.28800322495355
2021-12-17,689.2382202148438,704.6554599209462,686.7349164136573,700.4443715150442,14994768,13896,68.13712908574264
2021-12-20,667.0599365234375,682.1964513000983,661.6556825296859,679.3890584963941,21156668,8569,68.27114378459075
2021-12-21,674.6163940429688,678.8040647198691,669.0951663273568,673.5402041456153,9118750,4163,50.23706276602485
2021-12-22,676.207275390625,681.2606049221063,671.7622371030151,679.5294023303934,8577484,16816,66.99987073873231
2021-12-23,675.6925048828125,682.1027513772324,672.3002392895576,679.9737894341596,9779166,9874,76.73693972967871
2021-12-24,673.259521484375,679.3889836741034,668.1594136960191,676.347641805039,5561024,12408,47.64285037116299
2021-12-27,678.8275756835938,680.324828939178,665.4222641577338,668.5805809358214,4705098,7026,62.77795019610791
2021-12-28,683.5064697265625,686.3606404814903,680.0440077919508,683.4596341615539,5450678,7888,75.60455810441908
2021-12-29,680.2545776367188,683.6000650800983,677.2366535841128,681.2839891435909,7668702,15982,64.7451779619444
2021-12-30,683.833984375,686.3372311223421,676.1136554374787,682.4302882045415,7215918,8326,77.35595523492344
2021-12-31,692.2094116210938,694.7360762558859,683.8340127004611,683.8340127004611,6325736,4751,67.24117994288517
2022-01-03,711.0422973632812,712.6097466433577,692.7240511526534,694.8295953810808,9069184,13917,75.9124020701245
2022-01-04,715.2066040039062,717.2419519918268,705.4977056629859,711.2060471421149,8857352,4377,72.39001738743151
2022-01-05,732.1912231445312,735.5367100620778,714.9959470028128,719.0666997062847,14332638,9927,74.74750089406785
2022-01-06,720.4470825195312,727.4655635961949,715.9084876032401,721.967753419475,9628930,16442,59.66264243244184
2022-01-07,725.5003662109375,733.0803024514203,718.6456386996041,722.4356068198455,11179384,3423,61.205613294627895
2022-01-10,729.5243530273438,735.5368405872058,723.1375236180195,728.986258037447,8856496,16675,70.7026230454471
2022-01-11,732.6826782226562,733.9927604780729,724.2137221071267,730.6473300440902,8389198,6192,52.84182743060931
2022-01-12,728.3544921875,737.7124657944661,726.1787519005727,733.6651307861456,21085530,10965,54.39469275554435
2022-01-13,714.9492797851562,727.5825458546584,711.3932607592723,727.5825458546584,41963896,11191,66.01663076006008
2022-01-14,722.9736938476562,724.634699976791,710.7381313157847,715.8850170593487,11208968,15635,57.5004894619938
2022-01-17,711.9078369140625,728.0503412673554,710.8082864466385,715.8849756677723,22989372,10061,67.93574516573227
2022-01-18,715.5341186523438,725.664137379117,712.6097516478794,717.2887388550224,12341152,9667,60.357236936613575
2022-01-19,710.480712890625,720.4469774121077,708.0944410960062,717.7565600585635,14317626,17915,62.22524401890712
2022-01-20,706.0591430664062,715.183167778,701.894833184986,715.1597499962256,15197846,6144,63.82502294155552
2022-01-21,711.9547119140625,715.791515854972,695.1103572609701,701.8481105455162,11537694,14317,69.49952147123508
2022-01-24,695.6016845703125,711.7909698146024,686.664829914109,706.503691119895,11868508,3479,75.1164003136748
2022-01-25,696.2566528320312,699.5085258077329,675.6456931547601,682.500420232304,13594248,17650,78.5013515020497
2022-01-27,690.127197265625,694.8296022690124,671.4346661656787,678.4531469966787,28617838,8055,72.2854062109623
2022-01-28,684.65283203125,695.6250346492707,683.1321611246369,691.3203890833227,24925208,11283,73.78525243231336
2022-01-31,695.1571044921875,697.8943576936214,686.3138643897004,689.0978389232178,12842546,10227,50.2237840212348
2022-02-01,700.4443969726562,709.8023715481092,689.4253590634428,705.8252323535418,14739484,13894,61.82625245082174
2022-02-02,716.446533203125,718.2245712750496,704.4683367927917,707.439482390718,13969290,16433,77.58493903148076
2022-02-03,709.0302734375,720.5405698688631,706.0591281584843,715.3001273507508,10564762,15035,48.52170926859232
2022-02-04,713.07763671875,717.2185288944974,708.4454280490403,715.1364024737923,11579958,17300,59.6283774470956
2022-02-07,686.945556640625,710.7381964956596,683.1321704303245,707.5096837189468,12268042,7721,63.836821743877444
2022-02-08,683.9976806640625,691.76478740517,675.9030676903482,690.8056293716563,13981130,6343,57.78893342522582
2022-02-09,700.72509765625,701.7076735253208,686.4074085334615,689.6826995080589,11308342,4123,68.25585108713295
2022-02-10,713.59228515625,718.4584429859755,702.6200836537802,708.398621088093,14314530,4158,57.3658040310423
2022-02-11,710.66796875,713.5455573389709,701.614139822811,701.965063867404,10711104,8141,59.487885766768585
2022-02-14,689.5424194335938,701.5908131967175,687.483710464398,697.1691925069682,14656620,14461,46.02042219610554
2022-02-15,710.1766967773438,713.4987662506672,689.238229154205,690.6185075252026,13135066,14543,66.8734270433069
2022-02-16,709.2174072265625,718.1074819336743,705.1232938746031,717.9203110428488,10032264,5728,61.56068640347243
2022-02-17,704.889404296875,712.1418342780244,702.7838601087993,707.9775243494109,7351208,13597,75.36921491864095
2022-02-18,707.6266479492188,709.8023885133234,697.3796541208723,701.0527049227635,7796128,5329,46.786619490624474
2022-02-21,712.1886596679688,716.2125774026551,699.765982409433,703.7197039099151,7468066,7923,69.98999056530002
2022-02-22,706.8545532226562,712.1886099012698,696.209857647376,697.0755159478297,9536196,17249,75.66779361138006
2022-02-23,702.2692260742188,713.873080486644,699.8127577039627,713.592352667638,9029562,4992,60.11361462430012
2022-02-24,664.135498046875,690.127239373635,658.4037383518357,678.4064099406461,23630766,15698,65.89305978442644
2022-02-25,681.307373046875,685.8928037417243,670.4287268763292,673.7507966491863,18318654,12655,73.90989866694551
2022-02-28,667.3405151367188,673.0956919438478,661.6321738924195,667.2235404627246,24880832,11434,78.50400743695357
2022-03-02,643.0098266601562,654.3095923595013,633.7220483369093,648.7415860755369,38505560,7069,57.875844587876074
2022-03-03,641.4890747070312,651.3149467484956,637.6991069143452,646.1680613934428,17527922,4795,58.88708073966086
2022-03-04,639.3836059570312,648.5076310694807,625.5338151583654,636.3422642528815,21219364,16948,75.84512701137015
2022-03-07,619.8722534179688,623.4048545200336,606.8880638056838,616.9244686053191,27054458,12684,72.96207140917926
2022-03-08,621.2760620117188,624.1770117835816,604.5252617873969,609.2978067969916,39212492,6382,72.5386387634644
2022-03-09,641.559326171875,643.2203323186494,617.0882008482499,622.3052828761213,23134694,15658,58.94741753263742
2022-03-10,651.642578125,667.6915283883826,645.8172614282165,667.6915283883826,22273206,8985,65.15970075064048
2022-03-11,653.5609741210938,659.2458980426811,642.284568944958,649.4434424176493,15150780,15727,76.89934022281804
2022-03-14,674.96728515625,678.4531075865442,662.0766532654897,662.0766532654897,25018126,7002,55.469176176224956
2022-03-15,666.2877197265625,678.2191360559357,660.5559609016676,675.4117439784361,18867928,10325,75.19951223672079
2022-03-16,677.5875854492188,680.7926804596888,671.9961611232817,677.0494904640341,13364108,4136,48.38455271174425
2022-03-17,692.5135498046875,697.075562498746,688.0685117950921,688.7469421183597,14823954,6270,61.0441289406143
2022-03-21,695.5314331054688,698.8769203085982,689.1212436187219,695.765382460701,12257876,14276,53.82391443860576
2022-03-22,699.1109619140625,700.9123607637435,681.822068011142,693.0984741145326,10461814,3513,47.51139131850655
2022-03-23,692.1392211914062,710.6446394736307,689.4955818487248,705.123411414872,31188256,10190,63.09478156516206
2022-03-24,675.0140991210938,687.6473645478017,671.22413091639,685.93952279829,20160044,9165,59.931743122198874
2022-03-25,669.5162963867188,679.3889480514861,663.948290141225,678.9210493269327,16366462,3613,55.414517938753534
2022-03-28,670.4052124023438,672.8382625496506,655.8067401688977,669.5161935389503,15754886,4499,51.98113957702562
2022-03-29,679.2953491210938,683.2490702523118,669.0951347103618,674.2420203619799,12377448,11651,54.67782140467573
2022-03-30,691.0630493164062,693.7768849654531,680.3482134276455,688.746973305781,20109742,7968,60.58918436316486
2022-03-31,687.9749145507812,694.6892501793495,685.8927879631939,688.2790601611094,14295714,7064,62.504510632227785
2022-04-01,704.655517578125,706.5271125783324,687.9515550478917,690.8057259998988,14568556,5756,50.64009412388522
2022-04-04,775.214599609375,805.7683508673401,731.1151465312183,739.2799561112737,97450970,15796,51.47653323661534
2022-04-05,752.4981079101562,779.8467649375319,749.573740943305,779.8467649375319,30922582,10156,51.39480229615013
2022-04-06,725.6407470703125,743.8654372020744,724.0031014858087,742.882804158136,27027860,9471,54.799797047083885
2022-04-07,709.6854248046875,721.1957225623213,708.258310779131,721.1723618948894,40781732,16184,50.3800908841941
2022-04-08,708.7027587890625,713.8964227995248,700.5847279803062,707.509594288743,41256322,4970,72.57166323692695
2022-04-11,700.0467529296875,706.5271394409854,698.6898350796367,704.6555443696186,20799066,3769,61.53481154478344
2022-04-12,698.8067016601562,705.0531378211556,692.5602654991568,694.3616640533457,27435402,17660,57.054698059598145
2022-04-13,685.4481201171875,702.9241807868303,684.3719874675439,697.1690044138467,28892520,4939,54.55224557761973
2022-04-18,652.92919921875,669.8671659396864,650.4025920049239,663.8780399059723,45620376,3145,67.58396916602783
2022-04-19,628.013671875,650.1687231151512,620.901633806875,646.1213875528598,74096022,3106,71.08944221916357
2022-04-20,633.6752319335938,636.29545322895,624.8085173031893,633.7453710453256,49325736,11604,46.30676700968433
2022-04-21,643.056640625,645.6067231021995,633.2074061310639,638.6817987018899,52446270,17516,78.50172566757402
2022-04-22,634.283447265625,643.5244463133578,631.2655235877911,636.3422129071619,20659148,3451,67.73982655488287
2022-04-25,639.0325927734375,641.325307623133,618.6790011310106,631.6631889029036,20935488,5004,62.36628070637704
2022-04-26,641.98046875,646.6126204361926,635.0087663212903,641.9570509671229,17016842,12802,77.12418495227843
2022-04-27,642.2144165039062,645.2323404272349,634.5174482238076,636.3422646708045,18054334,13299,61.80130029315309
2022-04-28,641.6528930664062,645.2323296688057,637.3248299413617,641.9570386552584,20773722,12768,62.40424804534006
2022-04-29,647.8526000976562,657.2807713665148,641.7465556586802,645.8640304031856,28401476,15023,52.30923811739067
2022-05-02,656.7894287109375,658.0761502267766,637.3014921733744,637.3014921733744,19494316,17582,47.459351454049276
2022-05-04,634.4705810546875,656.7425457804977,631.663189103118,655.0581220328631,29055916,10717,57.386831603324474
2022-05-05,633.0435180664062,643.360707162427,630.0255943230603,643.360707162427,17862912,14465,48.00022353148537
2022-05-06,616.5033569335938,624.6448062814701,614.3510341929365,622.3053126249852,26731268,6993,45.035878917645746
2022-05-09,617.5560913085938,620.6676291047224,606.1627693216494,608.2683134837084,32762434,9764,74.4202184960195
2022-05-10,627.4755859375,633.0669526579659,615.3102195153957,615.3102195153957,20113812,4277,76.0118237182268
2022-05-11,631.0081787109375,634.002741829974,621.6736224435258,633.0669444250589,17102924,17476,47.24118411677281
2022-05-12,616.7843627929688,628.0261632360961,612.0272830721492,625.3280964613642,22382290,15877,63.29232808107602
2022-05-13,611.246337890625,623.8608344529532,609.187324689644,620.0978123194584,16768238,9304,72.44737742658072
2022-05-16,617.7546997070312,621.0207502699137,608.382622442987,614.867343445593,9804356,9078,62.675414495090365
2022-05-17,621.9674682617188,623.3874853125446,614.4886886817793,621.3047820818717,16641444,5699,47.072184548990656
2022-05-18,621.9201049804688,631.1028928608465,620.0740713797754,626.7245072423251,15732384,6808,64.67159514760517
2022-05-19,609.2109375,613.636645262878,605.0692215597546,608.8085531555822,20537506,11730,74.43147146256551
2022-05-20,625.257080078125,626.7954317079133,611.7195972921158,616.760668804318,13919350,7345,51.01511102002873
2022-05-23,617.2340698242188,629.5171940370686,614.9146971161438,621.9674599302327,19486320,9440,51.43882252574453
2022-05-24,624.3104858398438,627.1742100621962,613.8733949747416,615.3407344006453,12870796,10356,61.68922804631454
2022-05-25,628.9728393554688,632.3571667282956,626.3220949288518,629.5408230008094,12887112,16284,51.067070640644125
2022-05-26,646.912353515625,648.9477342187919,634.2742260052379,635.2919163568214,26992428,15037,74.31773508198197
2022-05-27,658.91162109375,660.1659233011529,648.8294766230603,649.3265057177756,24031718,17060,62.95819158356274
2022-05-30,663.4082641601562,672.3780146327596,661.9408671117387,667.5262901343535,12624674,10101,77.54504741543424
2022-05-31,657.4441528320312,664.9466218858126,653.2077920753914,660.7338934097787,13485388,16969,50.40832335706318
2022-06-01,660.2368774414062,662.887564224445,652.8054784242131,653.2078050088518,12091896,9175,75.15597726205095
2022-06-02,655.6218872070312,656.9945819675592,652.5451834730333,656.6395776905593,11475020,10735,78.20428889230197
2022-06-03,653.349853515625,663.0296130823147,651.4564974904033,661.8699556291225,6957244,4529,73.24368100238101
2022-06-06,652.4740600585938,656.521131240136,644.0486613195667,651.4564275288357,6173266,11869,63.84955390278654
2022-06-07,644.9716796875,650.5097803969437,640.9482983756177,644.6876878569063,10253966,17412,77.4117645601682
2022-06-08,647.2437133789062,653.6811117575384,642.3209765785515,650.036424833201,5986588,14098,51.152351918226394
2022-06-09,652.119140625,654.178211573515,642.3920584937911,644.8060759244232,7311816,17532,73.26305117966284
2022-06-10,639.5283203125,647.5040710182226,635.9782777627149,643.7883713722422,9155430,15283,71.35740295917876
2022-06-13,627.9315185546875,629.5408827433928,619.2694493477306,626.511501525943,10892572,11278,67.75103297595572
2022-06-14,621.0208129882812,627.6475594683392,617.7074397482523,620.6658087125638,11870356,10942,77.91234897574974
2022-06-15,618.8670043945312,622.8194309622124,614.5833214454613,616.1216730760376,11810470,13747,64.0164476023705
2022-06-16,606.4892578125,625.0678127660508,604.9272160672077,620.0740634178733,12169192,12602,48.778679176331806
2022-06-17,610.489013671875,614.867399697434,601.8978987250547,603.5072629824699,14723922,16282,71.78624147329144
2022-06-20,625.8251953125,627.1741999600592,612.5717027850421,617.5653947653956,15936840,6870,56.035630965407464
2022-06-21,632.6412353515625,640.9009774209887,626.7244981154012,632.8068924380476,13220684,16303,57.19603314184174
2022-06-22,629.6592407226562,632.8305890915806,626.3221774697528,630.6059187767403,8159698,16303,47.02219809620462
2022-06-23,631.9785766601562,638.0609712468488,624.097470763331,629.7775387566263,15372244,9916,45.889977129996694
2022-06-24,640.8063354492188,644.5220348931247,633.5879159905552,633.5879159905552,8013432,16872,46.513387139724216
2022-06-27,641.966064453125,651.3145103686636,639.9543735599078,648.4744761664746,9804164,8563,57.41780200211136
2022-06-28,637.06689453125,639.4809115828753,633.5168524610268,636.1675389840003,9770574,7114,56.14228604789273
2022-06-29,636.1438598632812,639.362587841217,630.1324782999224,630.1324782999224,9994046,9241,64.49362040267653
2022-06-30,638.06103515625,640.9010694373609,632.3809665940282,632.3809665940282,12475822,7388,49.322032494552865
2022-07-01,640.7826538085938,643.7410224780701,629.5645429261943,636.1439086225995,11472452,4480,65.99779521496183
2022-07-04,641.6819458007812,643.8356033101861,635.3391924463452,640.7589001990658,8487480,9670,46.64531767774593
2022-07-05,640.2383422851562,652.9001609789714,638.203019182199,645.6344186304245,14325718,11015,56.831449222310134
2022-07-06,649.0660400390625,650.0837303452961,637.6348927549916,638.0609093693026,15049078,4897,63.74618281420791
2022-07-07,660.6865234375,661.7278460056563,650.5806907235652,653.2077449841241,17743142,9700,78.86479047867671
2022-07-08,661.3019409179688,667.4080259025676,660.1896057642597,667.4080259025676,12474030,6616,75.74822154551555
2022-07-11,665.5856323242188,667.3606535366644,659.4795477972783,659.8345520397675,7462880,5900,51.37694306833005
2022-07-12,658.7932739257812,665.1596606593656,657.6572487168633,665.1596606593656,9876974,5895,52.65388902111736
2022-07-13,642.7233276367188,659.9291881427924,641.0193188510601,657.9411875229638,15945610,15726,74.53225657319261
2022-07-14,639.5046997070312,649.7288108809627,638.6526663672696,644.6877388120965,10372410,10256,52.851550281134664
2022-07-15,644.71142578125,646.0604304121975,637.4930058328619,640.4276846012615,13595646,14257,52.36293275229844
2022-07-18,637.8480224609375,646.628426654129,635.2446578389066,638.0610019086649,20332220,14338,60.33685216069566
2022-07-19,638.0845947265625,643.0546537020829,632.8541762162614,632.8541762162614,15792538,7271,46.898403439317576
2022-07-20,646.1314086914062,648.9950749004665,641.492663496681,643.6937013470418,20347862,10249,77.06698466580167
2022-07-21,644.0960693359375,648.237785747247,642.8417093809554,644.0014246445072,12640278,11924,45.37370696014223
2022-07-22,659.1245727539062,661.2545983032007,644.877080080309,646.5810889636165,12729592,13338,78.42787769320053
2022-07-25,661.065185546875,664.8518972587639,654.7698119942409,660.3078547606243,10143126,9705,78.26962760508087
2022-07-26,659.7162475585938,663.6212944051289,656.189895033676,660.7812603349215,8527964,10559,70.70397273469769
2022-07-27,664.7572631835938,665.5145939819267,655.219471350983,657.4205091247603,9212778,15551,63.84856668429747
2022-07-28,670.6503295898438,674.0347148899765,667.8813080826944,669.7983540849104,17420406,16780,63.382781617679335
2022-07-29,678.86279296875,680.9454961932345,669.9167317996424,680.6615043400415,20019736,10419,66.07200825951251
2022-08-01,684.5192260742188,685.6078711371147,676.898479511382,681.1348405708483,13193036,13680,75.9814166260222
2022-08-02,676.9931030273438,683.7855061039321,673.5850853482716,682.5548362631915,15036510,12652,68.62263533146529
2022-08-03,678.5787963867188,679.5964868191563,670.7213803397141,674.4844023747412,10975498,4858,72.94559340734567
2022-08-04,677.7741088867188,684.7794912450086,668.8043003902649,681.6081431357295,12012206,6232,68.81950998058022
2022-08-05,675.4784545898438,680.1644645453026,672.6857428860559,678.2947985756512,9268982,16113,45.1193874461463
2022-08-08,692.0452880859375,693.2049454902074,675.5020558450844,675.9280724889151,15357736,6268,68.11950461630002
2022-08-10,694.0570068359375,696.5183465521361,685.8919089915445,691.7139440904666,17353102,6680,61.50318580901364
2022-08-11,703.2396850585938,705.7484047134244,697.9620017642866,703.6183793470861,18301766,17838,52.81889604910552
2022-08-12,702.9794311523438,704.9437995689399,698.6246776607533,702.9084187458374,8850370,12218,66.53530819984447
2022-08-16,711.0261840820312,714.0318751491698,704.3521157975206,707.5471540191029,12563756,6794,50.12809698781883
2022-08-17,714.6945190429688,716.0435235450822,703.2633714143817,710.0084517055847,12384350,15635,71.7157841459947
2022-08-18,715.5465087890625,716.5878892073837,709.8428087816419,710.0084658675503,8342138,4494,78.69766955046768
2022-08-19,706.7188720703125,715.6886237062248,705.2751648956845,714.7419456325393,8063702,8803,75.88332013720327
2022-08-22,695.9739379882812,704.4940393871315,694.7195781706567,702.8137207240729,8234066,17615,75.09665332360088
2022-08-23,693.8203735351562,698.6247184668651,686.5309409144127,687.9036356580337,14966884,9274,49.72154787782578
2022-08-24,697.1573486328125,698.4117085642,690.696259596575,691.9743095906954,13455520,5014,74.08536959647165
2022-08-25,693.3706665039062,703.7604928802608,689.654966674725,700.4944420172992,11823040,10593,56.971071018338336
2022-08-26,693.4889526367188,701.3937485514476,691.642918993121,696.778693332773,7706176,6365,64.46552066392422
2022-08-29,681.3240966796875,684.4481221958239,676.2120129037309,680.1880716427379,8653178,6035,52.28058528817013
2022-08-30,703.4290771484375,705.251420744394,683.0755001251575,684.6611742208433,10135400,3745,77.18369662600192
2022-09-01,696.8259887695312,705.014718429371,690.6015696459982,693.3232687724303,22403136,8593,67.59342874720437
2022-09-02,703.1450805664062,705.5117755531663,693.5362758079048,696.8260165078848,12038086,5838,56.10449401962663
2022-09-05,707.6654663085938,709.5351321703702,702.482369800808,703.4290477623429,12131932,4645,69.38629325473524
2022-09-06,704.9673461914062,713.1561330522964,703.5946516947567,709.487756228485,12238696,3768,53.28471518397603
2022-09-07,701.63037109375,705.2750580128373,696.4236424775478,696.4236424775478,9776206,6023,60.083650236872245
2022-09-08,708.8724975585938,710.0085227511238,701.5594328865137,705.3224549448381,11164690,16809,63.72663623606773
2022-09-09,709.345703125,714.268439512758,707.1920456795393,708.2096781461895,15128888,6097,74.27430481662871
2022-09-12,706.9554443359375,711.9018134782359,705.2750678740501,710.0084575913257,11080492,15222,65.69877169793642
2022-09-13,716.209228515625,717.5346008263482,709.3221807419732,709.4878378356536,13001966,11737,77.05534631836318
2022-09-14,723.5696411132812,728.4213656433966,706.3874130797399,707.1921240116534,20219760,15937,76.66861658656178
2022-09-15,719.8065795898438,729.3916941454547,715.6885534856144,724.2086553128241,13539372,9883,66.48766392991831
2022-09-16,706.5767822265625,716.9665500169183,701.9617270420313,711.4758292509372,20560046,17207,61.76854273764923
2022-09-19,711.2391357421875,716.6352116395905,700.5416864112245,704.8017372069685,12076038,14983,64.40082442016725
2022-09-20,719.8065795898438,721.3686213704209,714.694553161901,716.6352314664156,10781668,10190,64.44402733631792
2022-09-21,718.6942749023438,720.1853043412685,712.3752106694769,713.7952277007117,9072304,13698,45.39776835257718
2022-09-22,703.3817749023438,714.8129236481702,701.8434231066286,710.9551991274026,12048144,10925,78.25159797223773
2022-09-23,684.5192260742188,698.1750450604594,680.1881625436476,696.9206851182904,15806252,16961,62.86346592619354
2022-09-26,675.2891235351562,679.9278112565614,671.1947294615087,674.6737596977232,8923486,3832,53.32915716148251
2022-09-27,669.2303466796875,681.6081733278456,665.9879860224158,678.0108084136324,12639700,3132,58.92748382931797
2022-09-28,657.7282104492188,667.6919614261478,656.0005115959231,665.5146136488581,11816132,9949,60.32611074443241
2022-09-29,654.3201293945312,663.7158966193714,652.6398106789119,660.9232428535685,14410388,8346,72.39831957338086
2022-09-30,672.7803344726562,677.561046520772,646.1076950288735,652.6397959370244,15781756,9619,50.328699351190295
2022-10-03,668.922607421875,671.1236451823496,663.1952174570123,667.3842557736752,11541112,14149,51.04972490685635
2022-10-04,687.7615966796875,690.1282917818199,675.0524555373647,676.638129699665,11538526,5285,65.76308039252542
2022-10-06,680.1881713867188,692.3056387362966,678.8627990191503,691.0512787778197,12549198,8842,58.01403284265954
2022-10-07,677.25341796875,679.2177284598232,672.3069910888432,676.9930584243101,13297994,10979,74.06082951605248
2022-10-10,669.774658203125,674.9813869948101,661.8225402090238,666.4612853356891,13109302,11851,56.857846149390284
2022-10-11,662.9822998046875,670.7213811074919,662.4142583209682,663.1952792481815,14521620,13993,51.89072628747378
2022-10-12,667.3132934570312,669.7036205529012,661.3965564168059,664.1892100752841,9225050,11700,78.5849343647817
2022-10-13,659.645263671875,665.6330139849169,655.1012205192,663.6450131620727,14714234,10199,55.16758515524868
2022-10-14,681.1348266601562,684.9215386916234,669.8930253167381,670.7213685736215,12849920,9279,65.99591548672392
2022-10-17,684.7085571289062,689.9389184377674,675.4547565184473,679.2414685381723,18410500,9163,45.33427287498586
2022-10-18,683.4304809570312,692.4476117206183,681.6081374235195,690.1519292027847,10561108,8868,58.71724712339918
2022-10-19,690.4359130859375,699.3110189397639,687.9508834468661,692.9682650667686,12967040,13390,56.05906489537563
2022-10-20,685.7736206054688,687.7142991029858,682.7915615571211,683.501570113333,7898078,14293,74.29115427599461
2022-10-21,680.9454345703125,689.9625651125049,678.768086852019,687.2881883606218,10492606,11130,69.74553640509771
2022-10-24,691.5719604492188,692.4949483754677,688.3769222390107,688.3769222390107,2167794,3271,67.0954842278044
2022-10-25,686.767578125,694.7670189147169,683.9748664222344,691.5956128933714,13773394,12121,57.97513947203686
2022-10-27,688.4241943359375,694.5539107499477,686.9331650572058,693.204906271337,15937276,3560,58.28256836026447
2022-10-28,690.4595947265625,694.3883316443048,685.110898551334,686.3415684282495,10474278,3381,50.10032694411394
2022-10-31,708.4464721679688,709.061835992368,694.5066614551414,696.7550217495098,12830528,4738,62.20623960761485
2022-11-01,716.2802734375,723.7353630173054,709.487870043139,711.6652179833346,19073756,3520,68.26038438637917
2022-11-02,716.7298583984375,723.3802941610854,715.4991886100082,718.0552306509842,12720406,4083,53.51924078220901
2022-11-03,713.582275390625,719.5936579391653,708.5885255286502,708.9198397362794,10332352,12004,52.19637247670936
2022-11-04,708.659423828125,717.6291738598813,705.0856916268333,711.5230898204973,10818060,17637,54.658566921377215
2022-11-07,714.1739501953125,715.6886119761264,706.2691537412114,714.7419339179569,9835834,9933,62.159532063902944
2022-11-09,713.9608764648438,718.5049193556288,711.9018633497144,717.1322824659693,9269790,10422,54.095017011538445
2022-11-10,721.7236328125,722.7886455515248,707.6654877696277,708.6357980412447,12774182,5297,76.16541686311173
2022-11-11,762.6201171875,774.8559183927981,727.9953588809551,731.3087317757319,56722338,13175,71.67634765556808
2022-11-14,764.4661865234375,770.5959035530808,756.3957333401862,763.0224794395369,19195390,16265,48.66216572534702
2022-11-15,766.3358764648438,768.3002449618797,759.8274649136445,768.3002449618797,11030202,16129,68.5883698291181
2022-11-16,772.915283203125,777.2226566503574,763.022486309608,766.170202291269,13578150,11276,61.481033385295845
2022-11-17,765.9334716796875,772.2762254819945,763.9217810419066,765.9097816187531,12100930,15062,51.34016615835468
2022-11-18,763.9218139648438,768.2291872540715,759.8274201106582,767.2825092660813,10459232,11590,61.50362385792093
2022-11-21,756.0880126953125,763.0224403501558,752.7036274118254,760.9634273308967,8344816,9204,47.212032239962866
2022-11-22,754.9757080078125,759.4014161193165,753.0823520002695,757.3424030172414,8546314,17038,59.1656639508589
2022-11-23,756.9400024414062,759.7090237756768,754.5022952638185,759.7090237756768,10185738,7930,51.23085851197427
2022-11-24,769.246826171875,772.489186507646,756.9400131515326,760.1586834269335,17197960,6068,62.626234221531426
2022-11-25,765.69677734375,772.3471550385603,764.0164009297646,771.4004771220918,8410496,12286,45.85130643863742
2022-11-28,757.460693359375,760.8687108608916,754.5260148319932,758.7150531969597,16105980,10059,65.02332324761134
2022-11-29,756.3247680664062,763.1881840970266,753.9580728834337,756.0407762005783,12638236,5106,46.83647248876907
2022-11-30,761.342041015625,763.4484340945068,755.969655277555,755.969655277555,15184806,4476,60.403691694461145
2022-12-01,766.572509765625,774.8559422576894,764.4424842676656,767.7558572644913,20446366,10894,50.01380654762246
2022-12-02,760.703125,766.1465237122118,759.7801370262731,762.0758197096427,7811078,10630,72.69743999980604
2022-12-05,763.4721069335938,764.2531278294877,755.5436787874839,762.052089952201,11592622,3824,76.40481509831328
2022-12-06,762.6201171875,763.827096930786,757.342375948978,757.8157149339461,12353092,15184,66.98331360490388
2022-12-07,762.2887573242188,766.1464816690436,759.4487233693498,764.0401462647712,11674720,9173,76.32309113978465
2022-12-08,766.572509765625,769.6492132626774,759.7090942722001,762.0757892699328,14803634,7236,51.245267266414935
2022-12-09,772.03955078125,773.8382042003839,766.8091320460886,769.6491658684815,11963384,7295,47.17735522213003
2022-12-12,778.0509643554688,782.7133418481023,767.4718494913106,769.175858298182,14434808,10357,77.66293887149033
2022-12-13,780.2047119140625,784.322738181516,778.6426700715715,781.0093651173817,17031702,15351,64.43580430020693
2022-12-14,786.8076782226562,788.3460298269417,781.0092760218877,782.4292928873821,14227640,12990,48.57347668189203
2022-12-15,772.3946533203125,790.1921893164714,770.1462929247442,784.3464638441227,18182648,10965,57.9710414757742
2022-12-16,776.1102294921875,778.6899036859147,761.6023789583885,766.8327975258877,14647958,17964,77.62314539940982
2022-12-19,778.5242919921875,779.4236476156718,769.7438307486328,778.169287755073,9604542,4430,59.227145258455025
2022-12-20,773.1519165039062,774.5719334714851,766.9038071781762,766.9038071781762,7174698,13161,70.4927750584047
2022-12-21,765.6731567382812,778.5480122385196,760.4427954437242,776.7493009218134,9269198,10382,75.7554263868542
2022-12-22,763.046142578125,770.3592068674686,761.6024355451656,767.850487106121,9747096,17553,75.17185294052872
2022-12-23,756.2300415039062,759.3067449086949,750.455271214228,751.1889697537788,10693152,4135,62.90358764525239
2022-12-26,771.2822265625,775.8026372192614,752.6090257343659,757.1057463283763,9907322,15604,57.29403056477044
2022-12-27,772.063232421875,774.3589150189524,763.732477566371,772.9625880792587,7926772,13609,54.07146124934829
2022-12-28,771.4478149414062,772.9624764124482,768.2764094267546,768.2764094267546,8691870,4170,55.88827634529998
2022-12-29,776.8912963867188,777.9326190377025,762.5491020807658,766.8564752725806,11012896,4102,54.04589975530314
2022-12-30,770.6668701171875,778.6426203561981,766.8091458826996,778.6426203561981,7122640,11696,77.15459490839986
2023-01-02,770.9271850585938,776.1576039774972,766.1228405647803,770.1225318929031,4381378,10185,73.85316214541444
2023-01-03,775.9682006835938,777.6958994173672,767.8504260872918,767.8504260872918,8378030,8795,53.61773477856385
2023-01-04,762.0994873046875,778.9976666530196,760.6557802287117,773.9092723546631,10351600,8890,65.31487708769352
2023-01-05,757.2003173828125,765.8861335942461,752.3249607233827,764.4424266422033,10941436,12082,78.5630239271328
2023-01-06,754.6917114257812,761.649771597572,747.0235849749788,758.2890762614053,9092462,3909,58.02865330710547
2023-01-09,756.1590576171875,762.8094937244492,752.6090150931632,755.4490491123827,10729340,15582,59.51894359961692
2023-01-10,742.3375244140625,757.3423465426853,740.775482712064,757.3423465426853,16371766,12132,65.74424377477268
2023-01-11,753.0349731445312,756.3956682495882,738.4087875277582,742.1718091980973,15195798,8699,46.4974919952719
2023-01-12,757.058349609375,759.1883749446505,749.8399304176081,751.5676291901252,9250070,17987,52.87558398598251
2023-01-13,757.6500854492188,762.0284712196939,750.7156575106625,756.750729788885,9244546,11972,65.59602531770274
2023-01-16,750.3843383789062,767.4245423463568,748.017643383427,764.4424835397972,14748094,4047,51.38128887942559
2023-01-17,761.55517578125,762.5491761866309,746.6923187054068,752.5144118779344,10786354,15300,47.11620584125351
2023-01-18,774.9979858398438,777.0333089188046,757.200392801334,759.7091126719464,19090642,8533,75.04742189225676
2023-01-19,778.2166137695312,781.0093253374716,772.9625625915704,774.8559185317824,11172162,16430,66.59698760880072
2023-01-20,786.1923828125,790.002784845069,777.8853180956044,778.2166322807672,18843404,3422,45.74835112286664
2023-01-23,791.9435424804688,796.4402633957444,786.4054987812821,788.7011815871622,15444400,12468,46.850092825019765
2023-01-24,802.5462646484375,805.8123152644733,792.842815267551,792.866505329516,24983940,7497,72.94283588226833
2023-01-25,780.370361328125,801.3392445591735,778.7846872191718,800.6056037705797,14704142,17651,67.72207849708815
2023-01-27,764.8211669921875,774.8559305182873,752.5853078147762,772.4892355564111,35179948,4763,53.73672205593655
2023-01-30,764.0401611328125,769.3179025577755,748.8223006723755,754.9757076943356,18512822,3493,55.833474448777565
2023-01-31,758.9990234375,768.0871083701478,754.9756422717883,766.667091488132,18596244,13712,53.21752539310076
2023-02-01,770.3828735351562,788.1093950748863,760.18239548965,768.7024970580272,17302790,6826,72.04033645295668
2023-02-02,758.9280395507812,768.9391705012463,752.0173020214557,761.1763996984457,17497106,3650,53.82627449582712
2023-02-03,785.1748046875,785.9794579248195,760.65581986461,762.5491759812612,14411100,9336,47.12008993683762
2023-02-06,781.8377075195312,790.1921525781385,779.2106529093284,785.7427543408033,11167672,13446,55.63008217505405
2023-02-07,782.997314453125,788.0620761871278,772.7732040823922,785.4587118076032,10264588,5491,78.74013490739512
2023-02-08,782.9026489257812,789.6240391235308,781.0092930638084,783.0209836671545,8444826,8233,62.86868758506939
2023-02-09,781.2696533203125,786.5237042859567,774.1695688314326,785.7426834360527,11777336,15678,72.1085301744421
2023-02-10,784.3700561523438,785.0327423176034,777.3172933990301,780.441377066591,8172116,5289,72.76106249241698
2023-02-13,784.961669921875,786.5710339771882,778.4296267994425,783.3759959273335,5736944,3714,67.1798304025751
2023-02-14,792.2274169921875,794.0261282040997,784.7723281580804,788.1093910341734,10908592,6152,49.06213030504255
2023-02-15,790.6181030273438,794.2627899763636,784.204336885185,794.2627899763636,11438712,8016,56.218404634134956
2023-02-16,787.7545166015625,796.1089624181799,786.2161646839088,791.9908780009964,8062500,5769,46.184598069603084
2023-02-17,783.8020629882812,789.6004657481362,777.6722882594793,786.2160803362563,8956270,8072,59.95573256072511
2023-02-20,776.4415893554688,790.2157422072587,773.8145926677021,785.7427119293137,8086706,17738,61.90020953539625
2023-02-21,779.3526611328125,786.8550727038969,773.4359236507838,776.2759576421577,12389296,7542,74.52721618424145
2023-02-22,764.0637817382812,777.1989388344294,761.6261321413451,775.8026119130404,10359102,4404,47.56452697169169
2023-02-23,758.8807373046875,766.2648140080034,753.6029959990215,763.4957924668398,27882010,16590,59.968058598610725
2023-02-24,752.1119995117188,765.8151985685134,750.3369782178833,765.8151985685134,17061740,8476,62.96547930852145
2023-02-27,753.9817504882812,756.8691070076666,746.5976731955545,750.6683772868718,14312972,17527,75.27355227516983
2023-02-28,757.1530151367188,759.8510819707354,751.9936087375356,753.5556504719998,18993992,11498,72.04759215686259
2023-03-01,756.4193725585938,763.4957671267764,755.330669803195,763.0224281514963,14137256,17744,56.2124727594329
2023-03-02,749.98193359375,760.1587217973406,748.8222761897821,754.5023440243442,17391814,15958,54.163279759082904
2023-03-03,764.8684692382812,766.8091474999005,751.6623001418777,755.4490119813835,14986234,7929,55.293747697733664
2023-03-06,770.2646484375,776.0156715902972,765.8862622860476,766.8092503084201,27004710,6732,51.630692212047386
2023-03-08,771.802978515625,776.03933972207,766.8092286366291,766.8092286366291,20099774,17138,77.42702662948079
2023-03-09,771.8739013671875,779.0923212778464,770.1225701404643,771.5188971092862,20700166,16218,57.71612976995489
2023-03-10,751.969970703125,763.8507673644085,750.2422718962587,762.2887256418968,27387000,16758,48.44026225039287
2023-03-13,742.4559326171875,759.1411328403547,740.751865944351,751.6150309707979,26443550,12925,46.21187570643509
2023-03-14,740.4678344726562,749.5796099935142,738.0775072511518,743.2605460585534,33185612,12669,53.0171286290966
2023-03-15,729.8414306640625,749.248330063132,727.3327108002192,746.9289573593102,37264754,3757,66.02750975811722
2023-03-16,734.5748901367188,737.9829082164058,725.179121462276,728.4688047783538,21753342,17856,64.02129408995263
2023-03-17,744.396484375,747.4968197170898,728.9419566598198,737.2253879854995,22950876,9142,72.40319493611055
2023-03-20,739.2371826171875,742.2428737084866,731.4981015299404,742.1718613024195,26503114,5911,71.84806357847295
2023-03-21,747.615234375,749.0589413869266,736.6101030086518,744.0651919987587,33050494,11212,65.38247322105259
2023-03-22,745.8876342773438,750.7393591246861,740.9175746776272,749.7689910429613,14177324,9746,54.37642301946086
2023-03-23,739.8998413085938,752.7746385074203,737.722493547406,742.0771890697815,28364178,5442,57.23790365609768
2023-03-24,738.7164916992188,744.9882331927605,736.0184248411618,738.4088098056723,31477748,8637,78.25228756959649
2023-03-27,741.9352416992188,747.6153100763521,737.8882276488973,739.4502117842229,31872006,6391,72.22620641057061
2023-03-28,747.97021484375,749.2482647269658,740.3494690077168,741.1067998011212,39276302,15908,59.59155420462892
2023-03-29,751.567626953125,758.2890171010677,748.7749155212824,749.7689157853254,39763612,12148,46.46289152917534
2023-03-31,761.86279296875,763.4720993070749,753.7450177500838,755.2596794028502,34711228,13498,47.63741882862699
2023-04-03,762.3361206054688,764.7737701383646,758.6440534334533,760.916103659407,40025398,6079,50.06506797050481
2023-04-05,782.7843627929688,783.8493755314626,764.9158157360166,766.1464855665928,43365392,12059,55.667437446642026
2023-04-06,788.7484130859375,790.0974176490104,779.6366375439686,780.3230137466818,44637344,10630,57.16309427876401
2023-04-10,785.009033203125,790.9494607030667,782.902697787476,787.2810834915474,31813286,17820,71.69214752700567
2023-04-11,787.3048095703125,790.1921660159843,781.5300388983272,785.2694286862951,42361542,10393,63.84354462461596
2023-04-12,797.5288696289062,799.0908536154229,789.4347845187364,789.5294292037479,26955504,8406,77.26165271731848
2023-04-13,801.1025390625,803.2799446098875,794.3338262706332,799.138228506588,35330086,7061,64.79521196702726
2023-04-17,788.890380859375,814.1430025509777,782.5713173666323,814.1430025509777,32405148,7814,67.87330351606772
2023-04-18,785.5533447265625,793.9077891209577,784.0386831315956,790.4760815811592,29637226,8090,46.629817288657414
2023-04-19,788.4407958984375,790.6182016519483,784.3937818770584,788.1094816910648,24741168,16672,73.18385467526834
2023-04-20,791.37548828125,794.0024850715804,788.7721237726142,791.280785812552,32922716,5772,63.21475652471276
2023-04-21,792.6534423828125,793.7657774269219,787.2810565292857,790.0027556575246,20128618,5129,77.14048130414086
2023-04-24,799.0671997070312,800.6291836512714,792.4167640167948,798.5228483313539,35675852,3989,56.65796248894795
2023-04-25,787.7071533203125,798.8542527375239,786.6421405095866,798.8542527375239,50353068,3231,56.07609335554795
2023-04-26,791.328125,792.8427866144116,783.376007072747,785.7427019581631,27392750,13500,52.84036881957516
2023-04-27,795.6828002929688,797.6944908945422,788.5117034159383,790.7127411596693,47790392,7506,77.35103909256168
2023-04-28,798.8069458007812,800.4163100797197,790.4761903211897,797.4342510399031,27916272,12313,52.10804126787279
2023-05-02,798.6411743164062,804.202907194295,796.1561447326687,799.3274927082318,32221184,13984,65.93399785706279
2023-05-03,801.4338989257812,802.7829034515152,795.0438227485433,797.5524846534473,29407270,8222,65.6916651874317
2023-05-04,817.8350830078125,820.9827408858079,798.5701525541848,798.5701525541848,56854638,16005,53.9127354611572
2023-05-05,769.4835815429688,786.1924141095578,767.8032049269116,775.8026458391606,62770416,8820,46.35945148430492
2023-05-08,778.38232421875,781.1750359781396,771.5425985281042,773.9092936156137,37244524,15602,75.17623016925643
2023-05-09,778.406005859375,783.8494045017483,776.2522902407883,780.9620480823568,43688938,6131,70.33405448931487
2023-05-10,782.0033569335938,783.210394506021,773.0099158578086,778.4059920594077,46340550,4211,48.50319305855242
2023-05-11,782.5240478515625,798.9962689250709,780.6543818274131,788.1804838313546,35734618,11298,53.76712405256117
2023-05-12,789.434814453125,791.8015094745331,778.287657790037,779.5893400518114,22478760,17305,75.49830231647223
2023-05-15,793.2215576171875,795.5645626680762,788.1567954042247,791.4228462180713,18512260,8474,50.030468296353455
2023-05-16,788.6732177734375,800.4030139627808,787.0932626645074,800.4030139627808,32722086,15462,61.65779206456666
2023-05-17,784.4360961914062,789.9658807338478,778.1642575542323,789.9658807338478,30466868,5310,64.16262527218254
2023-05-18,787.5720825195312,791.8570257917997,785.1782464024507,789.0083841897797,49646942,12128,47.1312629549657
2023-05-19,788.481689453125,789.9658560394562,781.1326248446826,789.0083216684993,30460332,12129,75.43690791039717
2023-05-22,785.680908203125,791.354287626984,781.6831554747228,787.5720151966582,28334032,10527,62.704429585803666
2023-05-23,783.8375854492188,789.774310031499,782.0422085660649,789.487061418846,22470074,9622,76.25958269323122
2023-05-24,773.592041015625,782.6646557954235,772.538718142512,779.2175554402136,33588112,8057,64.95501987448772
2023-05-25,770.6236572265625,775.6268094273125,764.7587591498904,773.5441253964981,29776930,4854,46.965160912874936
2023-05-26,773.592041015625,775.1240726305493,767.1047222806039,775.1240726305493,26635066,9864,48.53469545018088
2023-05-29,783.023681640625,785.6569009919081,777.9247997535801,779.6723115571738,21816292,12102,71.64025192027685
2023-05-30,783.6221923828125,786.4469304713781,779.696324831423,782.1140640569184,37125928,16419,51.65563088334058
2023-05-31,771.22216796875,782.7604463317739,768.2538345692759,780.3427069263231,43334270,5610,72.4341978155556
2023-06-01,767.9425048828125,775.5549142196161,766.0274362920823,775.5549142196161,50366938,10413,62.432926662812875
2023-06-02,769.1395263671875,773.1133176055869,766.5063067001975,771.9881679023533,17859710,9540,51.393728586533875
2023-06-05,768.1341552734375,773.9272270660708,767.2005241092544,772.9696926063541,18697242,14044,54.51167430198826
2023-06-06,765.740234375,770.7433279959911,762.3170373717256,769.6900635841799,32182852,16360,60.543111330132284
2023-06-07,769.7139892578125,772.0360568877586,764.1124365028589,767.6792286969496,24949026,7396,73.5855874923903
2023-06-08,770.1928100585938,778.4755064131117,767.5835520644657,767.5835520644657,37395522,15183,77.34073784466054
2023-06-09,771.1024780273438,774.8847507794242,769.3789277124094,773.6399676877086,18212578,7200,48.74694205897061
2023-06-12,766.4105834960938,773.5920917430839,765.7642009992537,772.0360982895694,13408292,13213,76.81372511087515
2023-06-13,767.7032470703125,770.3364668139276,761.287754551761,761.287754551761,27926108,15716,48.67662460042354
2023-06-14,766.8652954101562,771.7726587801916,766.1231829378727,771.030546307908,20113968,12762,64.95558062844975
2023-06-15,757.4336547851562,768.8761438484094,755.9733914813049,767.9425712071014,35377476,6140,55.417301860436055
2023-06-16,767.3441772460938,770.4322024997265,758.3672916910389,759.8754201529412,15779272,12107,77.18038912036253
2023-06-19,768.0143432617188,772.8498798378108,765.2374703858508,771.2938865843043,24829146,10514,74.32731391699946
2023-06-20,769.6182861328125,771.2939713592292,761.5510703742875,768.0144276761805,20005626,13169,49.50246442376918
2023-06-21,783.0716552734375,783.8616328770374,771.2939933210611,773.6878294269613,24308946,14385,68.79674182526888
2023-06-22,786.9017333984375,793.580570693625,784.7233777731387,785.1781832214814,56596140,8953,64.34025240663912
2023-06-23,786.8538208007812,794.7056138469821,782.3294945543738,784.0051796001923,21339218,5493,75.68822119622584
2023-06-26,783.0476684570312,790.3249060654587,779.7680665871447,787.571994837304,16130314,13058,64.66005009322424
2023-06-27,794.0833129882812,800.929707728713,784.4840651290187,786.5905941784453,33831864,6282,59.58589857842877
2023-06-28,802.4856567382812,804.2810337444777,794.9929383437692,799.5412267594668,59562950,13602,67.08885961193965
2023-06-30,814.574462890625,818.1173515857972,805.8848271927366,815.8192458258862,40699016,12507,59.72354070463306
2023-07-03,823.3839111328125,841.4334124492976,818.691968869587,819.8888869527296,44104116,10880,70.82499413965006
2023-07-04,827.4054565429688,836.406303333363,820.5112555769142,825.1313123295552,38795188,15540,58.34930159551467
2023-07-05,801.1211547851562,823.4795589682101,798.8470106542848,821.6841820227852,37165754,4702,59.54926610587997
2023-07-06,801.9349975585938,808.0871439109142,794.9450086715105,800.9774632331506,52156544,3988,62.26941528619365
2023-07-07,794.9450073242188,801.9349961994551,792.9820736490386,797.1473245803539,19926336,16690,48.75862015497662
2023-07-10,793.0538940429688,802.772891445225,789.8222154878739,795.2323081500037,38398442,5488,49.11017600681771
2023-07-11,789.1998291015625,802.4137915457645,787.8113925946035,796.1898182223189,50670426,12327,47.00706784600251
2023-07-12,781.8028564453125,797.7697889233564,779.0260418202364,792.5272531476065,70958358,11978,55.11273627128877
2023-07-13,785.704833984375,793.5326659534852,784.2446291019418,793.1735905563402,41913546,9168,71.68701926476017
2023-07-14,787.3326416015625,791.6894113288874,782.7843533101579,791.6894113288874,24727214,17073,66.97207242848245
2023-07-17,803.80224609375,805.2864126924621,781.8268204083179,789.9658626293475,49252928,8823,73.21531198272906
2023-07-18,803.1320190429688,815.8193504913376,799.5412648594681,812.9467471445371,81076818,6108,69.13316150629744
2023-07-19,806.7706298828125,808.5181419226229,801.9350926545632,804.8555610048314,32935134,13676,72.20812708470694
2023-07-20,808.5181274414062,810.0741208768967,804.3289143458549,804.8795083270657,56210948,7396,71.1010801620099
2023-07-21,802.2941284179688,809.0208308967337,801.0972104283851,804.3288890002611,42154248,4469,59.88600158024216
2023-07-24,803.5628662109375,806.555161158962,799.5890751426567,803.6107312414538,32179444,13833,48.75992921820937
2023-07-25,812.2764282226562,813.4254812031791,803.5628884699448,806.555183500857,55992596,5675,66.6109672641892
2023-07-26,809.45166015625,813.7126998116902,808.1590121278992,813.7126998116902,24794358,3857,64.67748523679374
2023-07-27,801.04931640625,815.3405049960073,798.3203084228094,813.85633843129,59741302,9173,53.72204760872693
2023-07-28,786.8538208007812,799.0145182505155,785.7047679378544,795.471629607848,41015684,10028,69.08815134985007
2023-07-31,790.5403442382812,793.2214872008873,784.5557544882844,789.989808735889,34565006,13072,51.96788567061141
2023-08-01,795.8306884765625,798.3202542585794,789.965790937782,792.0962813602819,35394188,16774,74.07035625285941
2023-08-02,785.4176025390625,790.6840418124119,781.8986752587043,786.1357533490648,28116322,8152,61.25529057766252
2023-08-03,779.7442016601562,790.6121935791729,777.0391553272656,785.1781976196645,57673946,16659,48.975673676621284
2023-08-04,791.0191040039062,793.0778262359121,780.0314207032054,782.856158727379,37388304,8556,51.36853822130025
2023-08-07,790.5643310546875,796.2377106290166,788.7929158097952,796.2377106290166,28300918,11584,55.276295336129614
2023-08-08,789.91796875,792.6469182530226,786.1596581385537,790.7797145936216,43773828,5943,63.079694683131756
2023-08-09,790.2052612304688,792.1203300247262,780.917165889668,791.4021792268796,33361236,16541,54.91212037099648
2023-08-10,783.1912841796875,792.0006120305654,780.8692750321005,788.5535116922156,50781118,13752,51.14040082689243
2023-08-11,775.0283203125,784.4121451817492,773.7834789124577,784.4121451817492,28225822,9625,55.57157018158364
2023-08-14,771.24609375,773.2090275802822,766.1472113841155,771.2939587813216,31304410,16151,71.33566416036865
2023-08-16,768.9957885742188,770.6475703412267,757.0745330516527,757.936278873205,34137542,12393,67.90129070159126
2023-08-17,764.73486328125,770.7673182443161,763.1549081618289,764.8784583736676,52884040,17675,46.33882641354458
2023-08-18,761.5989379882812,764.2561193764838,759.0854101401351,760.0669062962402,25633366,14417,46.42541774526442
2023-08-21,761.0004272460938,766.2668661889733,759.8035093045302,766.2668661889733,21837270,15963,67.31590398132917
2023-08-22,757.7448120117188,765.069973432526,756.4521639695814,764.2799958764373,32273570,3935,65.07255480339933
2023-08-23,759.6119995117188,761.5031649471699,753.2204693186583,756.4521477981758,36498588,12136,66.63224544176994
2023-08-24,756.1170654296875,764.2081843881693,754.6089370548672,762.8198062571005,43145792,5265,78.25669392921284
2023-08-25,747.594970703125,755.2552457791736,746.1108040957927,753.8429059393314,30069756,11359,71.38028899535962
2023-08-28,755.3749389648438,757.7209098998453,747.5949720764402,747.5949720764402,28867238,4027,64.88363017052902
2023-08-29,761.383544921875,762.5086362173317,757.1464082058284,761.0962378308944,35538932,11519,48.13327380638948
2023-08-30,755.8297119140625,767.918583020737,753.4358760513546,767.918583020737,28084204,9617,73.52008129371794
2023-08-31,752.3587036132812,757.9603149977916,748.3610091258726,755.9734194012763,100075772,5410,60.636947498287704
2023-09-01,753.9146728515625,755.9733951516992,746.5656081528945,752.1432576208482,43226776,8604,57.69402522680337
2023-09-04,758.630615234375,761.9340622690505,754.0104999128797,761.2398731833899,25073638,10386,78.4472215211338
2023-09-05,754.0104370117188,760.473793886353,751.9517147780502,760.473793886353,38712082,9371,59.316368521300596
2023-09-06,763.873046875,766.0274992165465,754.010454511239,754.9201238552107,56320910,8798,57.199269577558375
2023-09-07,771.22216796875,772.730296406896,759.8754081832036,763.8731027987624,34208342,10196,68.27035022787427
2023-09-08,777.2306518554688,781.7789400663747,769.6661070326583,770.0012791246807,34502210,12262,69.79595790956247
2023-09-11,781.2523193359375,783.5025017381441,777.51791189902,779.8638828046087,31573022,16346,75.28685453524659
2023-09-12,783.6940307617188,786.5666339228394,778.0206512071577,785.178197372979,39033340,12601,56.35972349608817
2023-09-13,787.04541015625,790.7318942113928,779.7202486339522,781.0129551372609,46420094,12473,69.7128575386364
2023-09-14,786.5665893554688,789.9658245482066,782.8321820803015,787.2129133414476,23538848,16299,76.29160636766666
2023-09-15,795.5914306640625,799.5412602431078,789.9659158090586,789.9659158090586,173411202,12789,47.21935467535705
2023-09-18,779.9356689453125,792.3596534268783,778.5232707508934,791.7611944741388,37056288,6205,48.92812834370421
2023-09-20,748.6482543945312,765.548760092835,747.0683576854377,765.548760092835,115474648,15713,78.69542429127276
2023-09-21,743.6929931640625,751.161749541656,735.8891231351594,743.5254363384076,72841442,10431,48.78645031252554
2023-09-22,732.3462524414062,748.9834124885792,729.5215142987016,746.3980579436757,61704250,7522,60.090728280323916
2023-09-25,732.9925537109375,737.636571986799,730.1199506265053,730.1199506265053,40208754,10010,65.26979908551439
2023-09-26,736.1763916015625,737.3014828250133,730.1199748754191,730.1199748754191,27575308,14329,56.56134462337034
2023-09-27,731.0056762695312,733.7107225961398,725.3322967263633,729.1624342668326,39338538,13726,69.37533121216875
2023-09-28,729.49755859375,736.1524343562999,726.9361657647512,734.4288841265327,55354188,14948,67.63700495889161
2023-09-29,730.742431640625,735.1231049512756,728.8273627596361,729.4975901133708,32053782,13723,69.97942338868555
2023-10-03,722.0048828125,731.0774976675469,721.0233866976592,731.0774976675469,38971694,8369,56.97064952809869
2023-10-04,732.2984008789062,734.9076587656226,713.0040591639762,715.7569705893197,54649430,10263,71.78482484948445
2023-10-05,735.2667846679688,742.8313303944558,733.7586561818523,734.9316709791724,48512674,3061,74.14556643126106
2023-10-06,734.452880859375,739.6953585670591,732.4420234594476,739.2165913446855,17759356,7095,74.85948333986555
2023-10-09,725.9307861328125,732.513835306317,723.8960254791839,731.55630088108,16454972,4389,54.50540806950139
2023-10-10,730.0481567382812,732.035052316478,725.4280415474352,727.989492834349,33266292,12010,55.91046086145516
2023-10-11,737.1099853515625,738.330865115236,731.7956810054357,732.5616968533279,31333360,3684,69.700424183411
2023-10-12,742.017333984375,743.046695154072,733.2798325755078,735.4342849776942,22025336,10729,65.84114122258075
2023-10-13,735.2667846679688,741.5147204919085,732.4899113143808,737.3015454264508,39745300,16046,59.10632534583112
2023-10-16,732.3223266601562,734.6443359841811,727.965556654919,733.2319960651158,17856084,13508,50.2957177423776
2023-10-17,737.8759765625,744.8420626176685,734.9076433348039,744.8420626176685,32902558,5978,76.71264198634617
2023-10-18,727.6065063476562,737.8760401745988,726.8165287202147,737.8760401745988,31216200,6755,52.39983854858478
2023-10-19,725.308349609375,730.7184423716426,719.682834983418,720.7361578942352,30252364,16396,75.88117212867141
2023-10-20,729.0667114257812,731.0775102771368,720.5446319365362,720.5446319365362,21094010,4148,77.17838630043403
2023-10-23,721.04736328125,731.9153553189844,718.1986633818357,729.4018275247573,22376136,8513,52.91237169356555
2023-10-25,716.4751586914062,729.0667602000749,714.0573608059868,728.2049558099759,28311996,10458,71.07404081188804
2023-10-26,700.6278686523438,714.3205976423598,699.1197404204128,713.9615222749121,55561798,5213,56.69779211722485
2023-10-27,703.380859375,707.6179375015631,702.3036331507926,703.548416210113,31940532,6611,77.03005539408193
2023-10-30,711.01708984375,713.3390988556793,699.9097152306466,700.5560392009198,23310982,4788,72.8435483753313
2023-10-31,706.8997192382812,720.0658162779376,705.7028013255851,720.0658162779376,32634824,13589,54.470385404553625
2023-11-01,705.9421997070312,707.354539496317,700.0773018118728,700.0773018118728,33877466,12644,48.49642171178385
2023-11-02,707.0194702148438,713.6025192857455,702.4233167339939,710.9692996573848,45225154,17203,45.55381764667347
2023-11-03,710.370849609375,714.0334304636632,709.3654501545199,712.4056102569502,18095340,13155,59.867438190627595
2023-11-06,715.517578125,717.193263319672,710.0117553425058,717.193263319672,25593730,12298,68.59441002098417
2023-11-07,712.0464477539062,715.2781260341811,707.234814492639,715.2781260341811,41952848,11615,55.15150310939004
2023-11-08,714.1051635742188,715.0147744015756,709.0541467812902,710.4664864917698,31399546,14784,77.15149465861374
2023-11-09,711.2805786132812,714.6079876326531,710.2512173342882,711.4481354625899,22116740,6595,54.833572591176946
2023-11-10,714.081298828125,716.2357512885518,708.5994376116778,708.6233409063911,14015186,5491,54.17833778727781
2023-11-13,712.7886352539062,716.2117740009877,711.4001986764561,714.3685319579603,20605914,10084,73.13472480831012
2023-11-15,720.2574462890625,723.3933366396359,718.4142041069291,720.1137927400063,41245460,12613,65.58221894745509
2023-11-16,722.1484375,727.2473194666765,719.9461202422743,722.794761480394,29713838,6867,62.93667676714104
2023-11-17,720.5924682617188,721.7415211781168,712.8843283809061,713.3630955591337,23701874,13095,48.19057093187068
2023-11-20,720.6403198242188,724.3747271219125,718.8928664109501,724.3747271219125,19331452,7640,49.16373715390533
2023-11-21,726.74462890625,728.6836593929769,723.9438525479579,727.2473578304415,24959972,5494,60.486212402600586
2023-11-22,724.1593017578125,727.7260937743376,719.8503972552013,727.7260937743376,29123650,14913,51.634422854796185
2023-11-23,728.3485717773438,729.5693930831869,722.220328180805,722.220328180805,13046220,15613,59.856007251868675
2023-11-24,733.5192260742188,734.0219550188177,727.654327789123,728.3006518298484,16469192,6099,51.400614048101495
2023-11-28,731.867431640625,735.9848175325754,730.5029569217514,735.0033214761758,28489338,11920,78.35119536155847
2023-11-29,746.4698486328125,748.3130905581396,733.950075384279,734.3809775281464,34042488,17887,74.64722590600228
2023-11-30,746.3023681640625,752.8374939821603,738.3308822383686,751.257597217354,69491440,10684,50.988228615206
2023-12-01,744.6744995117188,749.6297282428743,743.09454440636,745.8714174875178,22153536,7672,70.61075219554769
2023-12-04,770.5279541015625,771.7727371502491,753.4120264631497,760.2823241901957,50662456,14264,49.76971106142137
2023-12-05,777.3743286132812,784.6994906156142,773.9272279317513,783.5025725396295,52230820,12522,53.83320234808808
2023-12-06,779.3372192382812,784.4360428215049,773.9989536278642,784.4360428215049,38613060,16292,45.362665056623044
2023-12-07,780.60595703125,782.3056039667443,773.7835244385168,777.996699171334,20450386,12677,63.56578430260902
2023-12-08,791.4979248046875,792.3597291563016,780.605970823838,780.605970823838,33728038,10501,56.495064923188664
2023-12-11,790.4446411132812,796.5249611291558,788.5295723280279,789.9898356540881,23187620,14513,74.81198213049926
2023-12-12,782.5928344726562,792.9581557902037,781.2762247045517,791.9766596766761,36581476,11356,77.28761100205035
2023-12-13,780.8214111328125,783.2631120796166,773.2568662574292,781.563465201162,29346914,7300,58.45483390179102
2023-12-14,790.0376586914062,794.2507747290626,787.5719960728002,788.0507632436652,35172366,9491,71.61056615379856
2023-12-15,793.101806640625,798.5836675519721,788.3380380661904,789.9658581899005,138837130,8946,65.04585601182292
2023-12-18,792.69482421875,797.0037289891579,790.4206800343679,795.0886602023099,18014754,11997,72.15366959081328
2023-12-19,791.3543090820312,794.1072204559873,787.1172310907685,789.9658725265142,24008446,14613,76.31831036491526
2023-12-20,793.3171997070312,799.038444004139,787.308648353673,793.795966876438,34232520,5877,50.960699539703775
2023-12-21,807.5365600585938,808.9968233004131,790.0855201370065,793.31719852569,36589240,7022,77.06364262039112
2023-12-22,799.9481201171875,807.1535894553359,798.1527432166448,806.052401579033,48578850,4257,49.23667957883268
2023-12-26,805.5018310546875,807.1775162105685,798.8470139045111,801.0971963079616,18045856,17344,73.32163042534374
2023-12-27,815.4841918945312,817.0162235511344,803.6586070355986,805.0470435987298,27009078,8906,48.897564545030555
2023-12-28,816.417724609375,824.1498261689791,814.8617312916912,818.3567550440999,44076470,8643,75.49200031539854
2023-12-29,818.3328247070312,821.0378710363707,811.9891593992248,812.4679265922668,25011426,17194,75.23631759354484
2024-01-01,812.9945068359375,818.2849073581062,810.074038833758,816.7767791077962,14239686,5103,71.89636738469827
2024-01-02,813.4733276367188,815.2448013204753,808.4941371304667,813.3297325444754,29242092,7018,69.13240554639881
2024-01-03,800.9296264648438,816.1543877106121,799.038461039413,814.8617397029581,28389762,8322,78.42571949378033
2024-01-04,809.5234985351562,811.4864323425077,799.8763278844378,803.3713517790169,26734056,13156,47.30778066273271
2024-01-05,805.3821411132812,816.2501913581319,798.6315354441177,807.7520737623003,31889470,17220,75.23175631485552
2024-01-08,796.4052124023438,805.453923454508,794.753489070434,803.6106815691105,17998470,14150,75.04086277794289
2024-01-09,790.2052612304688,803.2756291285802,788.4098842358525,798.1767467752176,25326888,9265,63.865416703643255
2024-01-10,792.814453125,794.729521759928,785.8484260314029,786.6144417967229,16115824,6723,59.469779635526294
2024-01-11,789.4871215820312,796.1419974247106,786.6145183500772,794.7535608406137,18314010,7614,73.30738531446255
2024-01-12,785.752685546875,792.8384633063858,782.1140666068262,790.9233945544381,19773552,10399,48.59984478454895
2024-01-15,800.8817749023438,804.7597774337735,786.9017379565865,788.8646717373587,28320356,7474,45.159375469941125
2024-01-16,803.9219360351562,806.0763883828079,793.8438633427261,800.9775061380469,25322500,13524,49.92076009959103
2024-01-17,736.1045532226562,764.4954709128732,731.7477834906084,751.6644868680132,170145236,12496,76.9481593334705
2024-01-18,711.5198364257812,725.332257495375,708.5993683977847,715.2781469954391,161070930,14908,65.85534946840667
2024-01-19,704.0989379882812,723.058105901483,703.0217118745396,720.9993837290294,109600538,12223,57.38860363875883
2024-01-23,683.3683471679688,706.0379622645205,682.243255943311,701.3939438294391,115469402,16006,52.54319368886162
2024-01-24,697.037109375,698.2579305485548,660.8183625809348,660.8183625809348,86004404,4095,65.87967479197137
2024-01-25,686.9830322265625,697.731331945695,679.5621410018516,695.409322831776,98941852,11129,78.24665918355902
2024-01-29,696.438720703125,700.3406850803747,692.2016426624417,693.2788688648152,65645498,14207,55.46314828714066
2024-01-30,691.4835205078125,700.53217422801,689.8557002681358,696.3908845219285,41728768,4946,69.42029996566608
2024-01-31,700.2210083007812,706.1576749666016,687.8927526091608,689.1854007024332,65761040,6449,54.72051123157229
2024-02-01,702.0402221679688,705.5112841214318,697.1089554241759,701.4178599181299,32690740,13459,65.20564540340466
2024-02-02,692.3692626953125,708.9824627111053,690.4063286804585,706.1816860179249,44867754,13305,50.92060448421978
2024-02-05,691.7467651367188,695.1220972150085,686.5761145330804,692.2973590957444,38605046,16874,48.34288197462925
2024-02-06,691.3876953125,694.0687799185687,685.8818725644124,692.0819428119112,41075740,5123,64.07201792902819
2024-02-07,684.6131591796875,696.0318040698868,683.0332624281431,695.6487669186412,54837086,7180,71.19835849837784
2024-02-08,671.7343139648438,688.9220089386799,670.5134342809237,684.5652392978377,69106124,16269,73.21531777926916
2024-02-09,671.9976196289062,677.0725401801844,664.0500959229506,666.515758652701,56642124,11310,68.56574586047279
2024-02-12,665.4864501953125,676.809306881893,662.3026364247897,670.1065656569043,34447812,3932,65.32982541153294
2024-02-13,667.6168823242188,672.3566891768745,662.7813454112104,666.4199643535106,57580994,3741,72.93337528507183
2024-02-14,662.6378173828125,666.2046099191948,652.8230890297091,658.7837177497752,91320810,10617,61.1694003399714
2024-02-15,677.0007934570312,677.6949825309235,662.7813723217212,663.0925826953933,41584944,4960,54.81023582401823
2024-02-16,679.8015747070312,683.5359238875297,674.31965507416,681.7166435513678,32175742,7017,54.66850794949645
2024-02-19,678.4610595703125,684.1584015447481,677.5513901049375,684.1584015447481,34451756,10674,53.709954396007326
2024-02-20,696.2711791992188,697.6835190961174,675.9235727064516,677.4556044062488,56133508,10893,74.76976347710206
2024-02-21,689.017822265625,700.9151754054046,687.0309267122648,700.9151754054046,45893136,13497,57.21391112513966
2024-02-22,679.634033203125,684.0626300055545,676.1150473676641,678.7722288264276,50560882,3420,48.2932157070588
2024-02-23,680.1366577148438,686.5042847124961,678.8918747107963,681.0702888003248,29833452,11255,52.66046007253502
2024-02-26,680.9505615234375,686.9590543726445,676.761348833584,676.761348833584,23506870,17122,69.25378541686617
2024-02-27,679.9212036132812,683.0570934898373,676.5219684176848,676.7613520010825,32087150,7498,48.59860241362056
2024-02-28,674.7745361328125,681.8602559709077,672.1891814386264,679.9212837827165,25321986,11837,55.04122781249984
2024-02-29,671.9019165039062,675.2532869853846,668.9814482015562,671.2794957514693,53295700,5486,62.95820263666376
2024-03-01,684.9961547851562,685.9536891619308,670.2740637422462,670.2740637422462,34738898,8143,47.09880645379847
2024-03-04,685.9296875,687.9884096675396,681.9080901062357,685.0918449690896,35616474,10564,72.14403629187335
2024-03-05,689.8316650390625,690.8610261429652,680.6393587545882,680.806915575396,37991672,7935,68.42598651108624
2024-03-06,690.6695556640625,695.576919496979,686.3367475409569,686.3367475409569,42409530,16590,59.43368749779669
2024-03-07,692.34521484375,694.7151474764962,690.0950324505662,692.0579662212759,49348046,4696,73.76640230630588
2024-03-11,683.5838012695312,692.2733788101641,681.2856954339823,684.6370656855901,50531094,5265,56.60248764109146
2024-03-12,698.7847290039062,700.9152197851,684.2780586597365,686.5522029862251,65418454,12455,62.63879343651467
2024-03-13,699.1915893554688,704.5537583020961,694.2602641088363,701.6332902428926,63067454,13532,76.47088277823994
2024-03-14,696.8216552734375,701.8726723020275,691.4834480743144,700.0054686474973,52432158,8760,67.50726574286347
2024-03-15,695.4811401367188,698.6649535010525,690.5019498876019,694.2123954494871,143613804,10285,54.56290093831416
2024-03-18,692.3213500976562,697.0850604784281,687.413986176019,692.7761555716247,21437856,9610,49.623757582787825
2024-03-19,693.9011840820312,695.3614473234808,687.2702704859524,687.2702704859524,36183594,16986,57.61028952112532
2024-03-20,685.1397705078125,695.0023623556473,682.0756489825828,693.7575794231888,43606094,17343,45.83445181592295
2024-03-21,692.1776123046875,694.8108316494399,688.6108203877344,690.6694840822236,28922860,14211,71.36903110984792
2024-03-22,690.7891845703125,694.5714568199686,688.3474837448974,689.9034770136652,45980326,15640,50.711141052659045
2024-03-26,682.434814453125,688.4433080631126,680.8788209713061,683.2965603924812,56844290,12187,49.73992015526194
2024-03-27,689.7598876953125,693.2309499256703,680.4478889511747,681.5490768981103,62168668,3896,71.94045746359444
2024-03-28,693.2069702148438,699.2394246339555,689.75981165874,689.75981165874,55592142,17065,58.62097149710715
2024-04-01,704.027099609375,705.6070545940972,696.8934573296461,698.04251018733,25199570,16271,70.22597861514728
2024-04-02,708.6472778320312,715.685132245699,700.5561005197442,701.4657698820595,41225446,7763,47.96918582431816
2024-04-03,709.6765747070312,716.0681045148733,704.4580010474605,704.7931146774648,45584386,7303,65.11836947310312
2024-04-04,731.36474609375,732.5137990357915,720.0658521240722,720.0658521240722,88935066,15493,77.05170714783804
2024-04-05,741.8737182617188,744.2435924609226,732.5856231419043,736.8227010597361,59055902,16468,78.93027238263895
2024-04-08,740.4613647460938,745.5602472863112,738.0436253706997,744.4590593119542,20482940,11518,60.363946243424806
2024-04-09,741.3949584960938,744.4111567395224,737.4451291623751,744.4111567395224,21884494,8911,68.21095837687562
2024-04-10,735.5540161132812,742.041335404094,733.9261958559255,742.041335404094,27807400,5799,46.042918930761616
2024-04-12,727.223388671875,732.4419626511461,724.5901691674342,728.2048847735614,41084208,13494,56.74456487127824
2024-04-15,715.61328125,722.9384424882777,714.3445949763995,716.9778144689066,23415248,4268,72.81122949035651
2024-04-16,722.5794067382812,724.3269187314523,709.6526921569106,711.9268363888184,20744886,16197,60.50521779245943
2024-04-18,715.61328125,727.1755203466597,713.8658277959437,722.8427124294902,34234884,12562,70.08795614165247
2024-04-19,733.13623046875,734.8836839791993,708.6951417404246,711.7113984519393,34576434,11736,65.83780807940317
2024-04-22,723.99169921875,745.6320106114753,722.12455398941,745.6320106114753,42298438,15444,53.00043321125761
2024-04-23,721.7894287109375,730.838140600938,719.7068030516607,730.7424105369589,26827060,11981,63.77126169105141
2024-04-24,723.7523803710938,728.5640142912791,722.4836939974829,725.3323355684494,22441580,10589,55.48952090912614
2024-04-25,723.2975463867188,727.5824894434112,721.1430939897369,721.1430939897369,35445204,15972,78.53897300383215
2024-04-26,722.8427124023438,731.5562517090086,720.807951885483,727.630384206722,24854694,16416,62.772107349477196
2024-04-29,732.2744140625,734.6442882658492,721.2867304749565,725.3322898363435,36093350,7397,70.46714348810846
2024-04-30,727.7739868164062,737.0620819015442,725.2844208297038,732.1307565147657,52307382,3175,68.45499877500758
2024-05-02,733.591064453125,735.8652087221101,727.8937229116466,728.6837005042626,33475006,13351,53.17201737813653
2024-05-03,727.53466796875,737.5887797565925,721.59794265299,734.0698523195007,31865242,15184,49.03042500859241
2024-05-06,728.994873046875,734.6682525558684,726.361653503664,728.6836626849343,28793396,13638,75.54260045433064
2024-05-07,721.0951538085938,729.6650974721125,720.1376195097258,728.6596397036968,28480602,15733,50.60399693340682
2024-05-08,709.8441772460938,716.6905129132654,708.7429893452799,716.2117457291306,41687862,4220,77.92511134823278
2024-05-09,693.0155029296875,711.8071150125822,691.9622384959757,706.1576388307392,46281278,16917,47.935086312345454
2024-05-10,697.8200073242188,704.6385064038308,692.4331341667237,698.3538309269745,27276608,13373,57.58749484779027
2024-05-13,706.2400512695312,708.4482125597933,694.1317160729689,694.956710818051,27047202,14284,55.30779957712913
2024-05-14,709.0062866210938,711.2144479759614,703.8378359787137,704.7841569928967,25665142,17369,56.69974902313783
2024-05-15,698.1112060546875,708.39964782104,696.8009063196256,708.39964782104,38931996,8338,52.15011509431916
2024-05-16,708.6665649414062,709.782790041372,696.655267230535,701.7752582341244,34945236,16307,55.7578028803793
2024-05-17,710.5349731445312,712.4276743183018,701.848002597153,701.848002597153,20920190,5504,78.27435841902144
2024-05-21,707.962890625,713.2526672307866,703.7407019802051,703.7407019802051,43769978,11333,49.171220217476794
2024-05-22,708.156982421875,711.2629460513618,702.7943980944078,707.5018325662894,39996278,13147,73.067642562896
2024-05-23,724.3661499023438,725.8463536828482,707.1135946322969,707.8900706969359,40861920,15404,48.21880337450172
2024-05-24,736.3046875,737.6150464828621,721.1631959122375,721.8911533778286,31060206,8331,49.202772245180505
2024-05-27,741.400390625,749.7961904344879,737.2025499615863,739.2893258205864,29385440,5976,66.35244785152277
2024-05-28,742.75927734375,745.4527436990592,739.9930626339711,742.5651435020584,27908904,14969,58.882781979711766
2024-05-29,731.9854736328125,739.5319299971256,728.5640500675219,736.692907911739,35147706,12644,61.404412094595415
2024-05-30,735.1642456054688,739.4106642295702,726.8170235494816,727.569210732381,33755350,9532,52.666573670638925
2024-05-31,743.2688598632812,745.4284433104547,734.751733835956,737.1782587165238,74079588,8276,66.78879631512359
2024-06-03,762.9964599609375,776.0026570209221,752.2227131847588,776.0026570209221,72637256,16751,75.0031306126804
2024-06-04,719.7800903320312,756.5904610836327,705.6334383679294,755.6198511271432,89531240,10718,59.396964220855594
2024-06-05,753.0963134765625,756.8816568854197,719.3918460943981,725.0699500696824,81631650,16708,67.21900704028444
2024-06-06,756.9301147460938,759.7206182378197,750.5726316827747,759.4537360573207,46422870,6953,62.09974715350207
2024-06-07,763.5545043945312,768.8928586568827,753.2175448676818,757.5852892641512,36712216,6308,74.5667244052382
2024-06-10,757.7067260742188,767.0973660487972,755.9110620154896,763.8700759254958,22454058,14779,58.36279550149257
2024-06-11,759.4052124023438,762.4140794074847,753.2903226155619,755.1345051292465,29545326,14186,48.961211099750244
2024-06-12,763.9428100585938,770.8098870497467,760.1816966411113,764.3553074238586,39280436,6780,75.31001561686108
2024-06-13,767.1458129882812,769.5480488358222,763.8700045190919,767.6311179466796,24120192,12014,59.33054954801319
2024-06-14,774.9835205078125,776.0026490992642,765.6656295141681,768.7230745298527,25540554,5889,70.11594355707325
2024-06-18,780.2733764648438,781.5836762242601,771.3679826211641,774.983540294414,32415714,6261,54.57678413810429
2024-06-19,804.5628051757812,810.4107535609992,778.4291452824868,782.9910236928816,90131196,17853,47.16165178988155
2024-06-20,810.1438598632812,816.0160382972864,801.7238302737451,810.3622826499824,41408742,16135,59.978736278630386
2024-06-21,808.3967895507812,811.8424431419929,797.4289085916951,811.8424431419929,51630776,10016,48.10627542697889
2024-06-24,811.6240234375,812.9343231272944,798.6906344612428,799.2972656586157,28544994,14886,59.84044477233279
2024-06-25,830.5266723632812,833.2443684249017,810.9931467609703,810.9931467609703,74521548,3242,51.890480742630935
2024-06-26,825.7464599609375,830.3083388227997,820.699276097629,828.876653523733,47596666,7443,53.41601602523014
2024-06-27,823.1500244140625,831.3274011881083,818.5153383232833,823.1257354693937,55074650,3095,59.84941975018643
2024-06-28,817.1565551757812,828.2214732583296,814.8270675577021,823.8537284054296,26476046,10681,65.89485451963682
2024-07-01,827.5419921875,828.5611799942127,815.3123309202279,815.3123309202279,21187024,4424,66.65213641737884
2024-07-02,839.8687744140625,841.9556094944659,826.353042764463,832.2980286836319,45921690,15385,75.4240765358115
2024-07-03,858.3346557617188,870.6371250279785,856.3934358619908,869.1812101031826,123217802,4965,64.20126035490384
2024-07-04,838.1945190429688,854.0154497500956,837.0782938778042,854.0154497500956,45848658,12798,63.973729483063984
2024-07-05,799.8310546875,817.7388187080663,796.9677437114144,817.7388187080663,82242548,16765,45.31414722855454
2024-07-08,793.6434326171875,803.1553977227993,789.6639557513818,798.472252380916,39087800,10114,48.96838862277969
2024-07-09,794.2015991210938,799.1516862165171,786.3639118522315,788.6205918556537,48550878,16784,54.94214615638481
2024-07-10,789.1544799804688,795.9002315965357,786.5581099756618,791.0228924563764,45507182,11412,64.63680603994494
2024-07-11,787.1161499023438,789.0330808548738,776.973264088155,788.1109895551602,44177074,10710,51.752454971378135
2024-07-12,787.50439453125,795.1237185250396,781.899157363576,787.1647047300575,56049960,3811,71.583435890728
2024-07-15,787.2131958007812,790.9500796896383,783.8645795922547,787.8926346206944,33375694,15005,54.13677745613987
2024-07-16,786.0726928710938,789.5911537590798,784.6410669649267,786.5579978211608,28950324,5537,58.124701086399774
2024-07-18,783.6705322265625,788.1110255525017,776.0754971813087,780.3704345530638,33717064,3897,47.63996756725204
2024-07-19,780.0307006835938,787.649965003423,778.1865181041212,784.2528302190582,26002152,4324,56.68980823862441
2024-07-22,797.1376953125,801.2384985771903,782.6270649860646,784.7381297391379,53744822,17035,65.25883336174701
2024-07-23,785.4176025390625,799.6855810002239,778.9145038672318,799.5642547535156,52002152,9783,74.55770114493198
2024-07-24,778.4534912109375,786.6793870769927,770.6886113878456,780.4432298173384,61728206,10910,63.62996206327803
2024-07-25,784.5440063476562,788.6205799631161,773.0908208499962,773.0908208499962,25535732,13854,75.25258932226433
2024-07-26,785.2962646484375,787.0433507268658,774.7651110455088,778.9144923179402,43810540,11842,67.07247752838583
2024-07-29,778.938720703125,791.9448576014164,775.662912345258,783.7674811785615,51001148,12452,52.649452143270686
2024-07-30,784.0344848632812,793.3523167913979,776.0026637402938,777.4585786816452,54595834,4469,58.759268675771736
2024-07-31,784.1314697265625,790.0279366929944,780.9526986206498,783.2821860675673,37820484,16200,57.36180998060753
2024-08-01,795.3178100585938,800.7774909815698,785.1991540216145,787.6014491725216,26215174,16352,51.493121099911185
2024-08-02,805.1937255859375,810.7019249608421,791.5323792943032,791.5323792943032,44119238,11043,51.44107165017618
2024-08-05,784.1314697265625,798.8119444034794,776.9732217436031,795.9486333620303,41333634,10218,75.09872570241704
2024-08-06,777.0702514648438,792.4786834136157,773.2363898060842,791.0470575275043,45116050,7585,51.38226006471002
2024-08-07,787.8926391601562,791.0471215466921,777.5556193354371,784.7381567736204,42346264,8357,70.01102722307438
2024-08-08,797.21044921875,802.3547292854007,785.8300713873926,788.1352699911228,33976950,14700,73.60887828145013
2024-08-09,800.8502197265625,806.8437833638833,798.7149252998082,801.7237923493824,26644618,3188,67.07027368303437
2024-08-12,805.65478515625,813.3468572381819,799.4671466635041,801.7238266679481,39316196,6329,69.09660332083025
2024-08-13,778.0409545898438,792.2118961762867,777.0461148817201,790.0765423217451,54055042,3989,73.7063188496552
2024-08-14,780.2733764648438,783.1366284755188,778.0409261468292,779.6424562895212,32334428,11940,64.8194455438177
2024-08-16,792.0662231445312,793.061122021343,781.8263002104013,790.3191371152319,27849246,16653,54.670411550422656
2024-08-19,791.7993774414062,794.759726022084,787.9896858897818,794.759726022084,19502164,6597,62.1156715675603
2024-08-20,794.783935546875,798.8119905444514,789.8095595425733,789.8095595425733,31134494,16932,74.361230647149
2024-08-21,789.0088500976562,793.2552686183906,785.1264103072706,790.1250159925943,47630904,3299,48.183980337314644
2024-08-22,791.6781005859375,795.0752357163401,790.0765703279278,792.0177904024437,21300638,7265,70.59610169018208
2024-08-23,788.6448974609375,792.9883534236101,787.6499985352013,792.9883534236101,20333422,7970,57.51758406750161
2024-08-26,795.8758544921875,799.7582942162704,792.1147410094821,792.1147410094821,22364266,16752,72.45056924904135
2024-08-27,794.8082275390625,799.4914324239653,792.1147612152419,797.550212512406,35773244,14946,60.746056807939745
2024-08-28,794.4927368164062,795.7788068064845,791.1441207498361,794.8081968881353,26921188,10884,63.89217377477787
2024-08-29,795.1964721679688,798.035494358065,791.6052035874162,796.8707505966252,49052604,16543,46.937234715655435
2024-08-30,794.395751953125,806.5768953841255,786.7521983416328,803.6650654368904,445342100,5490,76.1466643515827
2024-09-02,789.56689453125,799.200245545704,787.747000900005,799.200245545704,34049680,11915,47.579821131143035
2024-09-03,794.6140747070312,795.8758557711201,788.4264363868309,792.9883149182248,37282860,11484,56.64699068486487
2024-09-04,796.7737426757812,798.2296576209254,792.0177301584446,795.4148650304477,24682744,12783,69.90373926265259
2024-09-05,798.5451049804688,800.704747819695,796.8708263925602,798.8120464324933,22876318,5676,68.21593564235428
2024-09-06,794.419921875,799.6612390821284,793.0368146024134,795.0751309568867,26029602,3737,74.25288529041435
2024-09-09,799.0546875,800.0252975060735,791.0956736019307,794.9295949741877,23792914,6276,74.04038166532706
2024-09-10,800.9230346679688,802.6944096330184,794.9295302169795,802.6944096330184,26606646,7654,63.36514845286682
2024-09-11,797.7928466796875,801.9664575454252,795.5118777911906,800.9473289635273,22226684,14358,51.944402954054624
2024-09-12,808.8092651367188,810.4593139115112,799.32158835399,802.6944342572692,32424046,4384,49.03254657073548
2024-09-13,808.4937744140625,812.400503038587,804.1746076631325,812.400503038587,23860532,8591,65.42272710814663
2024-09-16,810.9203491210938,814.2447356947455,807.5717920840796,809.0034181076534,15172820,17836,67.74031988933086
2024-09-17,809.876953125,814.3417351276187,807.6202731787942,814.3417351276187,20127122,15503,57.21924664680429
2024-09-18,822.494873046875,824.4846115422112,810.9931099061356,811.3570886275262,40917342,16298,58.64040476400083
2024-09-19,829.1435546875,834.2392569551141,824.6059649927001,824.6301946967953,30651776,6479,72.68350570020141
2024-09-20,845.0130004882812,846.8328941482245,828.6825354394553,833.0259912779876,60623386,12653,46.96832536599688
2024-09-23,854.0396728515625,857.2183847223622,844.551937403139,848.7983557064159,26965350,15082,53.22091954835649
2024-09-24,858.0435180664062,864.6436541344489,851.3462854547951,856.5633141386422,33039036,17476,67.28683585998986
2024-09-25,863.4060668945312,867.7252930088929,854.2095613390953,854.2095613390953,31965312,7614,53.68605232652299
2024-09-26,865.5171508789062,867.7253122548344,858.0435015109396,860.4700264333525,31899644,3750,55.4803706676467
2024-09-27,850.5697021484375,862.9692076341789,849.2836322285123,862.3868654114664,35613502,13374,74.82948350012089
2024-09-30,840.572509765625,849.987378933711,836.8599148404105,848.7013681367213,26383534,5466,71.05555595208635
2024-10-01,837.7334594726562,845.4013020975134,834.773110848595,836.6658121791694,24572284,14033,57.90286030533326
2024-10-03,816.282958984375,837.7091852435565,812.0850591484665,832.613483062025,48473398,10415,58.57367506937041
2024-10-04,804.4657592773438,820.4808225688465,802.2090794198211,812.6431358067093,48683232,17806,49.848509754290454
2024-10-07,785.1264038085938,805.1209448670484,782.7969162571121,801.8208473760044,94458296,10129,60.00593413378053
2024-10-08,801.2628173828125,804.0533210403008,787.164683903665,791.0471237749532,29734406,15758,78.14608257351009
2024-10-09,792.5758056640625,804.0289908485573,790.4161630516477,800.5105298956967,41125642,15281,60.73248202632149
2024-10-10,806.7709350585938,808.2510795642027,792.2603056670246,795.4147877416559,21754766,11758,61.713926906650045
2024-10-11,801.238525390625,807.7658537028776,797.4774117796152,807.7658537028776,23672594,4701,56.490029670655325
2024-10-14,819.2433471679688,821.1603374358971,802.6944587482099,803.689357680797,18527508,15399,74.39597151156633
2024-10-15,817.3021240234375,824.0478752509669,813.1285129464045,822.1066552857113,19651130,7797,51.80822189904083
2024-10-16,824.92138671875,828.8765747113987,815.3608435545054,815.3608435545054,20470682,13665,63.84718024474277
2024-10-17,811.988037109375,823.8780090897097,808.1298269832027,822.5676501021808,14695732,13543,74.80167937202343
2024-10-18,816.2101440429688,820.6506963237373,802.7429312558701,807.1106759435778,24809724,8768,56.06104683565475
2024-10-21,838.9466552734375,848.3858722296796,830.3810701774502,832.2980010606213,46548354,15069,78.75782642925392
2024-10-22,832.07958984375,844.4305765922039,830.211118473748,839.6018162444277,38875280,13240,75.80638988623609
2024-10-23,842.3923950195312,847.5851345291038,827.4692671141377,827.4692671141377,38036090,5363,46.22547081889288
2024-10-24,849.1138916015625,858.3346864549975,843.5085952441257,843.5085952441257,30832258,15793,60.661738014484605
2024-10-25,846.0807495117188,853.0933830706845,838.9467304613248,851.7102756678665,26130478,11627,55.348929769448254
2024-10-28,841.6158447265625,849.7689918168825,839.043763962605,845.4012471416386,22012142,11763,59.189559743894584
2024-10-29,850.1815185546875,856.0779859182065,837.1996103215174,837.7092042477628,35794926,11988,69.02442422870001
2024-10-30,841.8099975585938,851.5889046504595,836.7628139716957,845.4012662208864,32715724,15691,74.88009053843108
2024-10-31,842.3438110351562,843.8968224808245,834.4333755848933,838.6069864702176,22895912,17587,76.7870035404365
2024-11-01,843.120361328125,846.4203996311912,837.6849100339031,841.0335262277963,1759692,3327,52.151721606949245
2024-11-04,831.8612060546875,846.8571409139798,830.3082539054162,846.8571409139798,28089248,4959,60.72495914804869
2024-11-05,853.0933227539062,855.447039991069,823.999313734677,826.4743572133567,44232406,6494,74.51225147219071
2024-11-06,851.83154296875,859.7177486791857,847.0270119492034,859.7177486791857,27787910,11062,75.96454992782073
2024-11-07,847.609375,854.5977188117542,843.4599940256105,846.5174388742477,18895456,4286,65.1662074762019
2024-11-08,851.4432983398438,855.0103373353861,847.2696873607207,850.2543248355499,19902986,12263,74.55686845062074
2024-11-11,857.1942138671875,865.2017460745226,849.8660612419557,851.4918803256005,24565362,11502,47.791320131602184
2024-11-12,833.8509521484375,861.4162973605047,829.2163253609564,859.9603824917264,31395406,11225,47.95365737949738
2024-11-13,815.967529296875,839.2864576545572,811.9152444974701,833.1473377113161,35728500,5062,74.0033479939115
2024-11-14,821.5,827.3721783747438,811.4784403744485,811.9637453515568,27146470,14038,73.08420331102852
2024-11-18,827.4934692382812,834.190701332557,822.5919010273279,825.0184258091194,27081968,15937,51.59220504842126
2024-11-19,845.5225219726562,851.1035287183504,826.3286881202827,831.812657575625,50981272,3602,67.16853047478325
2024-11-21,845.0130004882812,853.6514527573436,841.6158656563873,848.9925368361551,35716512,17153,46.87320512724574
2024-11-22,847.1483764648438,851.370565411524,839.3592669406547,846.1535367827626,24773612,14422,47.30561234510579
2024-11-25,866.5604858398438,875.2717450257129,856.5146973151911,866.2936036686173,427737274,7509,78.31018246440811
2024-11-26,866.5362548828125,878.4019369086114,858.8927021168951,878.4019369086114,30935566,15248,60.890329565525775
2024-11-27,879.5182495117188,881.9690041453489,866.3422072982357,868.6474059809165,32714976,12629,71.40618113571404
2024-11-28,870.224609375,891.0684339141281,867.725276958314,882.7697308653094,35722392,12330,45.66545017546087
2024-11-29,871.632080078125,875.7814023363161,865.2503073983569,874.1799313606635,27669536,13836,46.9301550094186
2024-12-02,875.8298950195312,877.5042327860683,861.4163604593637,875.2475527258944,15110876,9001,64.80946148349761
2024-12-03,886.3125,891.6993733770357,881.3623537076274,884.5653546960274,43410242,16090,74.40353745623592
2024-12-04,902.7157592773438,905.0937654692016,888.6662041479593,891.9905313310416,44669084,12929,72.21612754098089
2024-12-05,905.457763671875,912.349070670313,890.6316728815866,902.6672600453907,39682714,13069,72.56643177777282
2024-12-06,900.6531982421875,904.7054828102569,894.9023463139778,901.2113107944992,17783156,4096,51.040165192631314
2024-12-09,907.520263671875,912.3733132102273,897.3288596413352,899.5855395249345,26947912,17059,57.702514072202206
2024-12-10,906.5982055664062,911.2571214453396,901.9635786325839,911.2571214453396,13325480,17365,69.99362965181321
2024-12-11,904.1716918945312,908.4423993938311,901.0900171351183,903.492253077643,14045426,10622,63.40617616557276
2024-12-12,902.3032836914062,906.8651623497835,897.183292457994,898.299517608064,17293790,10134,61.13782360201132
2024-12-13,908.36962890625,909.9468701478396,887.7441665162323,903.8805576801874,19009002,10091,66.35044679723711
2024-12-16,905.1907958984375,907.4959944793276,900.3620351992098,905.1422772502634,13107082,9098,57.47599175979117
2024-12-17,889.6853637695312,903.8077269850552,886.4095551207139,900.8958970749953,21079532,4381,53.3534082140936
2024-12-18,878.74169921875,891.0199388482123,877.0189020931173,888.0353013877913,23422312,16592,66.23657620678462
2024-12-19,870.3944091796875,874.0827148724125,863.3574875554302,873.3547574630064,25380770,3578,63.013208089418924
2024-12-20,859.7177734375,872.3599918831414,857.5581899695972,864.9105130352275,25692348,12710,68.4375174330991
2024-12-23,874.0343017578125,876.4608267488114,864.4738169898098,864.8135067920166,11044592,7149,45.631517707248854
2024-12-24,872.6268310546875,877.7710517489787,868.4775092184595,874.5438211790217,14485834,3297,62.873744863692494
2024-12-26,869.0598754882812,879.3726061062491,864.2068257857081,872.8452779528201,10481678,9707,54.81646658091657
2024-12-27,872.6996459960938,876.4364704987394,868.2590937552997,871.0253675774094,7259330,16718,50.35598309390248
2024-12-30,862.82373046875,880.8285332674382,859.4751142791366,869.7635560951499,22222218,16788,45.984625080953904
2024-12-31,860.3729248046875,864.7164399349241,856.8544636879918,859.1354326463724,14117236,13205,72.51666215087948
2025-01-01,865.1774291992188,870.637110073425,854.6705648241472,860.6640693133434,7313806,4893,51.88656069189538
2025-01-02,870.5157470703125,875.2231813509705,860.4456694386978,862.4354078694503,18558576,10532,60.3270092422223
2025-01-03,848.8954467773438,871.2437647886038,847.4881097293069,869.181218624921,24426194,15853,77.02009315554511
2025-01-06,830.1141357421875,852.7778537230372,827.8332261221516,844.4791507386858,18816348,14118,51.02381690025011
2025-01-07,831.5215454101562,835.209851324859,825.0184469798143,832.2980215119891,13527906,10446,78.74160207669544
2025-01-08,822.252197265625,830.6722262669281,816.9380725391129,829.0221775951162,19738190,13096,75.16858095480723
2025-01-09,809.3916625976562,819.6801043914131,804.6841687860751,817.3263871062876,40420222,15376,56.032790594807
2025-01-10,804.0289916992188,812.8372885629307,802.6944030605147,810.9445873725031,17453280,15976,78.57093160968284
2025-01-13,791.4596557617188,799.1760171914914,788.2809435229427,795.9002084068898,21669066,17276,71.75621297004591
2025-01-14,799.1031494140625,803.7620652641559,794.4442335639691,795.8516298211142,26661432,17437,49.75580800821377
2025-01-15,797.3803100585938,806.9165047926833,794.1045016943054,803.9076378434971,14022892,16348,76.54714492132388
2025-01-16,801.7481079101562,805.873200199019,797.2832665938832,802.1363163454865,21212454,15139,56.3663492976514
2025-01-17,794.3229370117188,800.9958805790999,790.31917087129,797.5987456720695,23112076,14835,70.35455018031821
2025-01-20,801.3598022460938,806.0672365854673,789.1058522041777,789.1058522041777,17557618,16784,71.36968476059305
2025-01-21,797.0648803710938,806.115829748555,792.5272908307279,804.756952160241,31158144,17958,55.285307089665196
2025-01-22,808.5423583984375,811.3813805875693,788.8389294808721,797.0648841596673,30619306,16332,72.6188240947582
2025-01-23,807.9842529296875,818.7094808723397,801.359828269384,818.7094808723397,34909158,15414,70.6752302431423
2025-01-24,800.6561889648438,810.6049411699597,798.0840488445496,805.6062761215885,24236200,8571,77.07597306337247
2025-01-27,790.9500122070312,797.6471848113616,789.1058297447998,796.4339224655055,22804166,5145,71.19785239997758
2025-01-28,810.6534423828125,817.3991933860295,799.2972941154203,799.2972941154203,30179312,4977,66.41325974295657
2025-01-29,814.0020141601562,815.8704263644069,809.9011517987993,812.8857890816031,12619890,15782,50.56318049681989
2025-01-30,820.8933715820312,823.9993352943973,811.696865930955,815.7976693049923,25744846,9950,50.771560664221376
2025-01-31,824.4118041992188,827.2993450265934,817.2292670650723,818.830797136207,15821686,6588,54.20158030306359
2025-02-01,820.6264038085938,831.3274019434516,813.3954072501344,823.8051750140157,5587528,4089,60.45800772598677
2025-02-03,814.341796875,818.6125046075882,807.2805853688532,810.4593568422229,20276540,7880,54.88092861648618
2025-02-04,835.161376953125,837.5393832746403,815.3366797744094,819.5345205841194,28616502,16651,56.489577920280794
2025-02-05,843.363037109375,846.4689416589049,834.1907609306318,841.0335494558958,23675506,9932,76.88794981739498
2025-02-06,846.299072265625,848.7984047453597,836.6657803207547,842.2467875560731,26760716,4669,52.66191617983415
2025-02-07,840.9122314453125,857.5339275509261,837.1511177279839,849.2837426225924,23509600,14952,56.964855953131554
2025-02-10,832.6619873046875,836.3988118099606,829.1435263354559,833.4142336911924,17195950,4798,69.56165417547071
2025-02-11,825.6979370117188,830.3568531530897,819.5345279806279,826.4744131617251,22724704,11266,68.723710741761
2025-02-12,828.3185424804688,830.8421046157138,815.8946879155817,821.6213102303759,22809570,10801,72.24465215637505
2025-02-13,823.9022216796875,831.9340426083429,821.8882534526111,824.5331418355402,12602434,12665,65.70615379036734
2025-02-14,822.5191040039062,825.9405276867242,815.3123371576534,825.9405276867242,19959892,6858,62.470388173002334
2025-02-17,833.4384765625,834.7245465784594,815.918979031997,817.8359099627821,12938946,5579,73.69283657981435
2025-02-18,836.2047119140625,840.329803960056,828.003046468469,831.3516624481879,16350910,3639,47.61732898550346
2025-02-19,838.2186889648438,843.4114874933574,831.0604409265417,833.2686021535318,11884112,7659,66.34373987758951
2025-02-20,818.758056640625,832.152462841255,817.884543182236,830.3568580312333,26390510,3519,76.25666250652297
2025-02-21,821.378662109375,822.5676355898997,813.9777613134116,815.7491363030065,15680940,14405,77.29841542858375
2025-02-24,813.9049072265625,817.3505604700815,806.1400281464854,815.8461269965818,20693646,16239,55.08155748493439
2025-02-25,816.4527587890625,819.1947435645432,810.9930781817751,810.9930781817751,24138708,15696,73.77768003788051
2025-02-27,825.3580932617188,830.235431637752,816.5498559350805,816.5498559350805,35786800,14170,73.24112229630117
2025-02-28,840.7423095703125,843.0960267361039,817.7388430279666,817.7388430279666,54516728,13897,63.20445884860173
2025-03-03,825.7706909179688,845.9108470636534,822.1551333662954,844.3336059197142,21205364,14905,71.27369716649812
2025-03-04,829.8714599609375,831.9582949310542,821.7426020928991,824.0478005927906,19920958,10031,60.66567893090964
2025-03-05,820.1654052734375,830.2597724194886,819.316121569752,825.9647760106438,21583872,11210,60.46209922981567
2025-03-06,820.7477416992188,824.9699304836942,811.5512362127743,818.7094845214233,32966088,11561,70.75934055817048
2025-03-07,819.8014526367188,825.576593853863,814.1476376668198,816.2829914666041,13372914,5072,48.09423068593428
2025-03-10,818.9521484375,824.969941998729,816.7925649870414,819.6801059027778,15604050,16070,49.23032520054413
2025-03-11,817.9815063476562,822.1065984888339,810.4835684463997,816.4770728267864,19898430,3958,58.11522282581784
2025-03-12,830.4296875,833.9966675086949,820.9177210630354,820.9177210630354,18784106,7132,65.07063377481896
2025-03-13,828.2214965820312,835.112863088808,825.0427843943695,832.8076643515269,15736264,4101,46.38940654190317
2025-03-17,830.0656127929688,836.6657483797172,827.4449541690359,827.4449541690359,18950652,15373,72.4019445961452
2025-03-18,830.0656127929688,830.0656127929688,830.0656127929688,830.0656127929688,0,7560,67.81881725063563
2025-03-19,846.42041015625,849.7690263917825,840.6452690024086,842.004146653194,15221406,5036,48.44592526521627
2025-03-20,858.3831787109375,860.9310298420936,848.9440205977578,851.2249302948321,17833978,10253,65.46801848656125
2025-03-21,859.1596069335938,860.9795004972574,851.9771292137973,851.9771292137973,33508264,8968,75.69165269834009
2025-03-24,873.5489501953125,875.6843039218336,860.7611760226637,863.3575457763671,17393736,6588,48.78341265964704
2025-03-25,883.9586791992188,894.7567143577081,874.2768691244298,875.9269178059026,39101416,10508,70.1007895840762
2025-03-26,876.7277221679688,886.8948376499686,874.5195608455505,885.681575218163,24478442,5074,45.52042497271521
2025-03-27,885.8513793945312,893.4464137168152,872.626819495681,873.5489107497378,41658100,4881,69.67426044545115
2025-03-28,887.2345581054688,891.0199607200933,876.3880034384333,887.6228257936006,28773648,6579,71.311041647392
2025-04-01,857.9464111328125,878.3535095734435,856.7331486628899,874.5195883202217,28511006,17238,78.91193638760257
2025-04-02,872.0444946289062,873.16066049231,859.3294691298255,859.3294691298255,11573564,4623,51.96278538261716
2025-04-03,871.0496215820312,875.490173946712,862.3869396359797,864.3766781830471,11250038,13427,68.67870357249271
2025-04-04,881.9447021484375,893.9074216754443,878.9357759381479,879.8578671839032,33540454,16477,45.51417501201523
2025-04-07,853.0205688476562,863.7700863708694,843.5571214137302,855.4956717234414,37995450,3780,67.0996239765459
2025-04-08,858.5773315429688,864.8134887917699,849.4293443655757,856.5633039940931,35563872,13966,67.1801385511306
2025-04-09,856.5632934570312,861.4163432783175,850.982286162552,856.5632934570312,22454608,7531,49.419408367169304
2025-04-11,876.82470703125,882.9638264173292,861.2949488328275,861.2949488328275,32775766,16699,67.8969032199678
2025-04-15,905.0452270507812,910.8203678930464,900.240696123474,905.0937456982635,49298344,7617,50.2481924655148
2025-04-16,911.4027709960938,914.2175636339349,902.9099336731801,914.2175636339349,19136820,3477,66.13458468015776
2025-04-17,925.3309326171875,931.6398970227459,910.7717839889756,913.3439239431574,35703084,11256,55.155545618970855
2025-04-21,935.231201171875,946.6843866809207,926.9324979858176,933.7267676045618,34247298,12779,45.141928150097606
2025-04-22,952.0227661132812,956.3419923313835,939.0651467003056,939.0651467003056,45961750,17549,75.30729004032548
2025-04-23,933.6782836914062,960.3700581866361,932.0282348743439,960.3700581866361,30570642,11586,52.66141671357892
2025-04-24,930.2325439453125,933.6781972127433,924.5544405338061,926.9324466168475,25931754,16429,77.24347595779105
2025-04-25,927.5148315429688,938.094503546439,918.099962552793,934.1150265036636,18500878,13449,54.83838801778024
2025-04-28,931.882568359375,936.4929655182809,926.156005327847,927.5148236825167,13920492,8224,62.99561074384357
2025-04-29,926.3501586914062,936.0562581779409,922.1764885191324,931.2032084346736,18918308,3492,69.62662848327389
2025-04-30,934.2120361328125,939.9871769317172,927.0780770079656,928.3883766867898,31936870,3189,47.419958255444534
2025-05-02,932.7076416015625,942.4137410838799,931.7855503024763,936.5415627453439,17840404,6784,61.89513355094052
2025-05-05,939.9386596679688,947.3152712805899,937.754787372496,941.0063068714467,15068024,3523,66.03392769026084
2025-05-06,937.463623046875,941.5401968005327,933.872413523286,936.6386282625547,17490156,8515,54.75548578125874
2025-05-07,944.2094116210938,945.7138452974749,932.9503591331654,938.5798853771296,21420778,9396,60.69707774201631
2025-05-08,935.91064453125,948.6741890736062,931.348765916796,948.6741890736062,34803430,3453,76.37926781422402
2025-05-09,917.080810546875,931.3002703673066,915.6734734771652,926.9810441332826,17188796,12285,47.046877697670894
2025-05-12,949.8388671875,951.149226156264,928.0487213449755,930.6208021509265,18618972,8043,74.80683843906829
2025-05-13,933.04736328125,952.0227765695508,931.7855821536832,946.3447318748346,24242102,17879,58.630731201284505
2025-05-14,927.2236938476562,936.7356597192896,923.5353878045329,932.8047011833116,15445308,8449,48.83422337754135
2025-05-15,938.4827270507812,943.8210814498384,920.6234813646776,928.6310129632633,32241458,13622,56.99073924760522
2025-05-16,938.9194946289062,943.3358172154161,935.8621088859327,938.4827675522878,15868010,13603,47.631625057831286
2025-05-19,940.8607177734375,943.9181627683963,937.1238932163359,940.0357230243618,10202964,11280,63.53744492256618
2025-05-20,929.3104858398438,938.8709699179398,928.3883945615378,935.7164876572758,23879090,4710,69.03915040337701
2025-05-21,935.0856323242188,944.8402502940019,932.3193584728106,935.1826696209016,15132040,8458,67.4948117008992
2025-05-22,931.7369995117188,933.8237752836327,924.6029810935157,929.4560306672615,21306670,9182,73.4693771526239
2025-05-23,938.3856811523438,940.0357299039,929.1163680438908,931.8340640363383,9566072,13987,52.93008517179986
2025-05-26,941.588623046875,946.2961165204464,935.1341028748952,939.0650610496285,10802860,16403,63.27785684326223
2025-05-27,934.8429565429688,945.3740503477449,929.989907003196,937.415037254252,26162148,6142,46.09650392290973
2025-05-28,933.484130859375,938.8224856498367,930.6693382733266,931.8826007257043,18157594,6362,70.89865650755752
2025-05-29,935.4253540039062,941.8799339693113,925.6222170514742,935.6680064952172,28917794,11505,61.723343273622746
2025-05-30,943.86962890625,945.7623300992254,934.406182182701,937.560664423884,28748078,10931,49.087265169943585
2025-06-02,937.6577758789062,939.5504772215758,925.9619372617597,936.6871658817765,14668822,4793,74.40380342960464
2025-06-03,934.0179443359375,947.3153125176999,931.7855532960983,940.5210428582492,24377584,13938,65.7142392092359
2025-06-04,942.0740356445312,943.0932235303936,932.2223797589662,932.2708984103567,12961542,3884,50.13993068437872
2025-06-05,946.1505126953125,950.6638723983343,941.5886343458625,945.3740366284826,22255418,3627,57.30436655208702
2025-06-06,960.27294921875,968.8143643397722,942.8019697752012,943.4328899516395,30127008,7365,71.7689713080939
2025-06-09,960.3700561523438,968.1834546397668,958.9141411829606,968.1834546397668,13202588,5770,72.67792933487547
2025-06-10,953.7698974609375,962.2627345803987,951.7315810074685,962.2627345803987,15533126,8342,75.70701568599097
2025-06-11,946.5388793945312,954.8861016587219,944.8888305540286,954.8861016587219,11096394,3310,53.244758641962484
2025-06-12,943.1417236328125,951.6830795561876,939.2107650861756,946.3447246989118,16349130,9422,77.37436508524343
2025-06-13,930.620849609375,938.0945584051007,928.3884584733355,931.7855934494534,12117762,15280,57.14643776096417
2025-06-16,939.2592163085938,940.957783641244,931.8340268436207,933.7267280054107,16513746,7471,77.75832444924347
2025-06-17,936.4444580078125,942.268117646221,931.3487558242051,940.0357266330969,16978736,7987,78.12460012745422
2025-06-18,938.5313110351562,939.6960548333931,930.329645039179,930.329645039179,18433816,6102,67.32380437414272
2025-06-19,939.210693359375,944.7917002839463,934.5031997999406,938.5312545811619,16876220,4347,74.44546971446604
2025-06-20,953.4786987304688,956.0023202459611,937.415115265286,937.415115265286,32900408,8896,55.560173035805946
2025-06-23,945.5681762695312,950.1785732937573,942.3651754483343,945.5681762695312,11739518,4883,63.74209877571314
2025-06-24,951.634521484375,960.4185295373859,949.0623814631601,953.6242600004867,22625322,7353,67.21757688266985
2025-06-25,961.0009155273438,961.8744882040819,953.0904797513926,954.1096083800328,18405932,16927,76.70969922553161
2025-06-26,981.1896362304688,983.7617170900772,960.9038642878594,961.5833031108746,50084830,9139,52.00535728132289
2025-06-27,988.5983276367188,991.0024945345428,978.0494846238399,987.666092322087,28213384,10370,58.32053980769316
2025-06-30,982.023681640625,988.0586250503452,979.0798184930638,986.9301202198938,13649020,15707,63.97880049953852
2025-07-01,987.2244873046875,989.138010315157,983.250284063281,983.740927917604,14389386,4886,51.454755373555535
2025-07-02,974.418701171875,991.0515399227539,970.4444979040134,991.0515399227539,18878250,11629,66.73718260182866
2025-07-03,974.9583740234375,985.2128423794024,973.584607191008,978.7854199779471,16860506,7227,56.5664984344876
2025-07-04,976.037841796875,983.0049605598704,971.4748300017685,974.9583893832662,7863944,9111,72.86280885888186
2025-07-07,975.1055908203125,980.5026731224453,973.3392849545877,975.8906089947405,11349426,12034,48.9344888963463
2025-07-08,981.974609375,983.740915249207,970.0028875050783,970.0028875050783,15224316,5390,76.96231223837236
2025-07-09,986.7828979492188,988.058619887602,980.3554754225707,984.7222177139129,13861428,11212,48.40328308091039
2025-07-10,984.3296508789062,989.6286283244265,981.2876830187669,989.1379844829171,17030310,6845,62.169244595191685
2025-07-11,973.2901611328125,983.6427940678678,971.9163943170895,980.3063919997392,12516922,7783,72.6776516034992
2025-07-14,972.94677734375,975.7434233970494,966.8627814826074,972.94677734375,13088850,17344,57.288465721343314
2025-07-15,979.079833984375,983.0540373178538,968.0403470063502,968.0403470063502,14498168,8085,47.92199972289506
2025-07-16,979.4723510742188,992.4253009235872,977.6569328760377,990.1192987637652,17994612,10306,54.91631244165731
2025-07-17,974.8602905273438,983.6428275379242,972.7995503940688,983.2502884954769,22529158,15351,58.4096327333133
2025-07-18,960.3862915039062,979.8157761377424,958.2274465683581,974.8602851924708,16129446,3770,59.42295592085688
2025-07-21,981.5330200195312,982.2689857931025,969.7575676423911,970.5916382285527,22309078,4151,45.522404892442765
2025-07-22,984.771240234375,990.1192700741381,982.7596124670459,987.7151032772119,14836814,14207,72.11473124958962
2025-07-23,993.2103881835938,995.9089294093236,982.7596500249109,986.6848008986999,13634916,16509,59.262032122407355
2025-07-24,988.2548217773438,999.7849522880986,985.4091233743482,999.7849522880986,19107176,17069,71.58275344122946
2025-07-25,985.9922485351562,991.1076548914018,983.237817433207,991.1076548914018,9306598,13388,57.72873354509781
2025-07-28,987.9105224609375,994.2555908496133,983.9756037755068,985.205265864704,12059580,10695,56.63515588576021
2025-07-29,994.3539428710938,996.7640925817828,981.9097985152405,983.6804999207345,19895696,9006,49.47914002309565
2025-07-30,996.4197998046875,999.764444634085,992.091365270063,997.5018784172968,15154036,16438,74.86597622660486
2025-07-31,992.6815795898438,999.1742313953042,987.664582321978,990.9108782036614,22183032,8978,73.1973466922419
2025-08-01,989.7304077148438,997.6494796779898,988.3040477115343,990.6157884442932,11317258,6514,50.04027433426481
2025-08-04,979.7947387695312,992.8291567300697,977.8764539291843,988.6974801605747,13933946,12023,48.242911444141306
2025-08-05,972.7118530273438,980.975205994727,966.7603007320947,977.0894619202779,23978058,9992,60.31652071278249
2025-08-06,976.499267578125,977.8272785976125,968.9737116887809,969.5147509914575,14080204,11433,77.61189094503881
2025-08-07,981.4671020507812,984.5166400056098,972.3184281442016,973.9415460716062,13081186,16219,73.98768878611978
2025-08-08,970.8920288085938,980.1882863803764,968.9737439061473,977.3846207407715,13895264,15313,46.64354077181701
2025-08-11,981.5654296875,982.5491593344192,970.4984711596596,971.8757166821836,9105854,13375,71.81554773479772
2025-08-12,968.924560546875,981.7622208654035,967.7440729221851,979.7455870293594,12937802,15077,66.93904882278369
2025-08-13,974.0399169921875,980.7784409396806,968.5309950398891,980.7784409396806,13577396,16947,45.9527593792957
2025-08-14,979.35205078125,981.7622004561191,969.5639286580633,972.908633518138,17511716,16221,53.172293678780996
2025-08-18,985.5003662109375,996.8132573563983,981.5654475516468,988.6483131467888,19284796,12978,45.607989488564534
2025-08-19,979.35205078125,986.7300232295675,977.1878335213248,982.8935135816985,12352438,11931,67.88803767715152
2025-08-20,977.9256591796875,979.7947696044055,973.4005266300795,977.3354453835109,9950228,9162,49.40307065415903
2025-08-21,979.4012451171875,982.5000176251586,975.4663263982883,982.5000176251586,12439850,14780,68.01040834578419
2025-08-22,966.317626953125,981.7621945267439,962.6286407512459,978.7618310909676,19833502,14166,64.659410743313
2025-08-25,966.0717163085938,972.6135426708398,962.5794879672083,964.1534314319724,17518044,7227,45.976773027012456
2025-08-26,957.5625,969.6623631247153,952.2503356808104,963.5632270654481,16917731,12879,51.83376097001477
2025-08-28,942.2162475585938,956.3819785474136,939.4618165446824,951.2665723546679,25438255,6127,66.25960847850692
2025-08-29,936.1171264648438,947.6267755693488,934.6415319653455,938.4781016808785,14823813,17845,46.84015471787285
2025-09-01,935.1333618164062,941.8719458039564,930.9525108908947,934.1496321868741,20178344,17101,76.81048744748676
2025-09-02,929.1326904296875,939.2650942089082,928.6408255856272,935.5269334024698,14196320,8813,67.00103154322676
2025-09-03,938.9207763671875,940.740652202688,924.7058709175366,929.6245191670979,16083481,7530,46.61949125553919
2025-09-04,945.610107421875,949.9877162864987,940.6914592688354,944.5772033181551,17597657,5181,54.22314799696427
2025-09-05,947.7251586914062,951.7584261964354,938.5272505370174,951.7584261964354,11602111,6793,54.945735355226596
2025-09-08,950.2828369140625,957.3165278914954,944.823149393627,953.2340258485783,11711307,7165,74.2256270245027
2025-09-09,949.4467163085938,958.5462157684692,947.0365666053971,958.1526998830964,13985539,16334,77.1343505012944
2025-09-10,950.1845092773438,958.0543466125587,946.0528326679372,958.0543466125587,18091100,9647,61.32844300604206
2025-09-11,952.0535278320312,953.4799478098324,944.2820997482355,944.6755555766032,15113633,3888,58.266828395192036
2025-09-12,951.5617065429688,954.9555859441327,946.5938836721522,954.1194397337725,14363519,13327,76.19066724498242
2025-09-15,951.3157348632812,956.5294899386951,949.2991011128589,953.824233432933,14486377,15273,59.86616641677481
2025-09-16,951.1190185546875,953.5783427584718,945.560981879392,945.560981879392,18661794,6013,71.68051511642554
2025-09-17,950.7747192382812,958.5462075924,948.6596764461077,949.4467082101403,17361476,16220,56.98952579663495
2025-09-18,961.0055541992188,963.7108108355188,953.4799980850369,957.4640913046234,17791598,8696,70.4504793507727
2025-09-19,951.168212890625,960.8087513537787,946.4462625851606,959.0380500102757,31243267,8708,76.3320184811123
2025-09-22,948.5121459960938,955.3982535857159,946.298754270858,948.315388056543,10854415,7433,68.09130540915368
2025-09-23,941.6260375976562,952.447063800625,939.9536851760515,951.2665762064279,21022298,17183,70.33857551205246
2025-09-24,935.5761108398438,940.8882751893465,927.6570988338277,936.7074240016012,15117220,3725,76.31273990748004
2025-09-25,934.3955688476562,942.4129893816753,931.9854792780051,937.0024763946197,31413279,12313,53.753617172442006
2025-09-26,929.6737060546875,935.9695999150294,925.9847198182591,929.7228805294212,14874656,11751,53.21153770397773
2025-09-29,934.8382568359375,941.232499440892,923.8204729543667,930.6574059019287,32398179,14226,73.14877634061553
2025-09-30,935.5269165039062,944.3804835370663,930.9033750448373,942.4621986714628,28296687,8949,75.55264661522844
2025-10-01,949.5450439453125,953.8242439027433,930.6082481971154,937.1992488555558,25350832,14485,57.42011387255255
2025-10-03,949.4467163085938,951.0206597658967,936.5106471136629,936.5106471136629,26658296,11689,64.29311740782882
2025-10-06,957.6116333007812,961.4973774003239,946.3479168763192,956.0868643620497,18542683,5686,61.491773425673756
2025-10-07,966.514404296875,973.7447933808842,955.201513050652,958.1527020714059,25535736,9211,76.61072437270619
2025-10-08,962.7762451171875,969.8591107869768,958.6937429483099,960.1201629857547,15939710,13600,56.64529904868653
2025-10-09,961.2022094726562,963.0713198098597,954.3653364923583,958.6445364195181,15370950,10580,69.93988760281918
2025-10-10,964.9404296875,970.1541847807785,962.1859386567031,963.0713193511867,13757080,11837,51.96430874491919
2025-10-13,961.1038818359375,965.0388004923793,956.1852335153851,958.4477997344204,18634254,15946,73.04583776836768
2025-10-14,961.25146484375,964.4977607253469,951.2665847409552,954.2177737318785,22934382,13377,70.12191417397221
2025-10-15,962.3335571289062,968.8753835018975,957.5132576917447,959.1364356766506,23310447,11397,66.75821046934763
2025-10-16,978.1715698242188,980.384961573746,965.5306676270898,966.6619807603523,22936566,9069,77.74470166534773
2025-10-17,986.2381591796875,992.5832274986775,969.9574453059425,977.7781081157631,25210511,11561,78.78335329761757
2025-10-20,986.6316528320312,1003.4042311581684,980.7784494751901,980.7784494751901,22195202,4571,59.77704030911239
2025-10-21,991.3043823242188,993.5669485153896,987.664570603417,989.6320299074079,3471600,16520,47.270975550019884
2025-10-23,992.386474609375,1003.8961237048558,989.6320435542233,999.4693402098319,43526526,4246,62.984768669284804
2025-10-24,978.5650634765625,995.4852253636408,975.1711841959709,994.5506701933195,17707768,9707,64.9608484510078
2025-10-27,986.6316528320312,992.6323796093756,979.9914777728962,980.286584655995,15700796,9195,47.78479509645515
2025-10-28,987.2218627929688,991.5994716753507,978.8109864255694,981.4178939740924,33904289,14651,60.425414357487725
2025-10-29,991.451904296875,996.0262711888014,983.729650556841,988.5499498614066,17769445,17566,72.35911054180636
2025-10-30,981.9097900390625,993.0750977302371,980.8768258561881,983.7296659041476,19962917,6999,63.75758585746455
2025-10-31,971.2362670898438,988.1072545286754,965.1863657946757,977.8272677237645,23221330,4526,74.07477129967175
2025-11-03,976.499267578125,978.3683179002891,967.3013592642496,968.9737116887809,16607180,4565,77.22819951067774
2025-11-04,969.2196655273438,980.7784892471573,967.6948965344255,970.9411924643373,20024544,9866,50.2658225159207
2025-11-06,968.6294555664062,974.9252895070431,958.1527104344483,965.0388182096445,22279516,17683,57.6047176412259
2025-11-07,966.317626953125,968.8753600783504,958.8904800750938,964.0550607577244,15004568,17049,67.46826042261347
2025-11-10,968.4818725585938,974.8269410200376,964.2518469316628,966.3176552483678,15988262,8451,68.58815066662389
2025-11-11,975.564697265625,977.3353986115102,962.0875891716729,967.4981021987119,10200530,11386,51.980428836162446
2025-11-12,973.4005126953125,982.7459446009269,971.629811290036,982.549186657653,13137263,14402,60.27261958608005
2025-11-13,970.596923828125,973.9907432290495,966.6127705451346,967.990016129637,14124839,13043,58.793881086094856
2025-11-14,973.4988403320312,975.5155341538173,960.169315545859,960.169315545859,21386965,8148,74.69574955132668
2025-11-17,980.3357543945312,981.7129998984626,969.5639028977658,975.121999344663,18396408,3834,67.61230132392913
2025-11-18,976.302490234375,982.7459073482096,973.8923406153428,981.4178963551165,20002640,9801,63.36138426729352
2025-11-19,978.41748046875,980.3357652840727,967.9899702531849,973.8923481205824,19813847,14118,61.72417239335269
2025-11-20,992.4356689453125,995.1409255797437,976.3025381325072,979.106143718625,19850865,6522,68.32211522961431
2025-11-21,981.8114013671875,991.8946306513916,980.3358068377918,986.7792242744008,17499897,5418,58.24247457518963
2025-11-24,982.8934936523438,994.9933562138265,977.4337461176169,983.7296398293618,32204053,6836,71.23001051426661
2025-11-25,973.6956176757812,989.7303993265384,972.3184321597589,987.6645910314578,24989383,8458,55.21657947346904
2025-11-26,987.5662231445312,990.566586579224,965.3338969506472,965.3338969506472,19494356,3206,60.45399901838528
2025-11-27,993.0750732421875,1000.2562876177888,984.7133712881919,985.7954498771661,25536848,11065,53.75239646633924
2025-11-28,991.2059936523438,995.583602701878,987.8613487922537,990.615779865885,15988807,14045,57.99989346726072
2025-12-01,985.7954711914062,1000.9449320171519,983.0410401436599,1000.9449320171519,16746566,9922,67.31963954360442
2025-12-02,973.6956176757812,978.2208101938114,968.9737272569581,971.9249162739843,27316662,3190,69.55115111753848
2025-12-03,984.2214965820312,985.9921979107919,969.957416921422,969.957416921422,15448777,14660,70.36933194086656
2025-12-04,980.9752197265625,988.3531921071142,976.8435431850351,983.7296507402166,14528169,9825,53.833267540761426
2025-12-05,986.9759521484375,991.5994935414243,974.0891176678615,975.8598190407668,12843366,6071,54.03746291264885
2025-12-08,986.7791748046875,990.1238795871441,981.2703128546212,983.7296369469886,12901022,6976,55.83014423414409
2025-12-09,980.8768310546875,986.4841021884776,977.82729309106,978.7126738119038,15294322,12979,78.43618723604351
2025-12-10,973.6956176757812,982.2540778335763,969.2688341502419,981.2703481612342,15322830,3737,56.57689385560201
2025-12-11,984.0247802734375,986.3857555063869,972.4167821359742,973.892376646044,11844809,3570,56.45954134767557
2025-12-12,985.2052612304688,988.3532081724247,981.9589653386773,986.6808557305643,11988618,6335,69.49194558225409
2025-12-15,979.89306640625,985.5003373398883,975.8597989154725,975.8597989154725,9790060,13160,51.5687783541872
2025-12-16,978.1223754882812,982.4508099496376,973.9906989646398,973.9906989646398,20049088,3979,46.493415741113346
2025-12-17,967.989990234375,979.7947462128429,964.8420432983647,979.7947462128429,19080922,17631,65.98613167165604
2025-12-18,963.7599487304688,971.334679033018,957.464054962666,957.464054962666,14912404,8616,45.62700820271104
2025-12-19,969.465576171875,971.9249003123414,962.7762265182249,970.9411706561548,25952384,11336,48.07342550499789
2025-12-22,971.6298217773438,976.745228147207,967.8916609831689,971.9249286743926,13540411,14749,67.40971124327984
2025-12-23,980.3849487304688,982.647574967353,971.6297908389565,974.3842218605324,17927849,6364,64.0805097924185
2025-12-24,980.9752197265625,983.1394369666097,976.8435431850351,976.8435431850351,13699996,8900,62.21271388179928
2025-12-26,975.9581909179688,980.9752483081762,971.6298163538564,979.7947606844748,9360853,7138,69.12551496207236
2025-12-29,975.564697265625,981.1719682293385,971.1379138798658,976.9418827381613,13545749,9735,70.09630592451654
2025-12-30,974.7777709960938,978.8110386964976,966.219310709625,974.0891482066822,33155849,14825,75.8395664167882
2025-12-31,975.0728759765625,981.3687099365719,971.531413084593,974.8761180311038,10963454,12143,64.18259944958841
2026-01-01,975.023681640625,981.3195154723957,973.4005036762727,977.3354223369146,7132074,9431,46.54450127025268
2026-01-02,985.3035888671875,986.8775923251652,972.7118614138294,975.0236621058955,11751459,3233,50.63728060051361
2026-01-05,961.5957641601562,990.0255759869466,960.4152765333309,989.3861276768052,27647379,10082,47.52951864926298
2026-01-06,946.544677734375,950.9714611429873,940.445541918535,947.0365425575541,31988783,12658,64.48501681835688
2026-01-07,933.608642578125,940.8882662408619,930.6082790568153,940.4455758755977,52884712,14044,61.296181085858464
2026-01-08,931.296875,937.4943598087852,926.083119844739,929.3294156929511,21928849,11918,55.32206971354433
2026-01-09,923.72216796875,935.1334082207486,918.1148967937476,929.6245460388378,38183839,3475,74.19239155505777
2026-01-12,921.7055053710938,926.6733280832916,914.4750564356341,922.246544668881,21071666,10852,77.36009854949144
2026-01-13,922.0989990234375,932.2806373194226,917.4262830054705,932.2806373194226,32042827,9337,75.40531744737167
2026-01-14,910.3926391601562,924.7550683892156,905.2280583696796,914.8685971701506,36688248,6216,70.25860667040386
2026-01-15,910.3926391601562,910.3926391601562,910.3926391601562,910.3926391601562,0,10831,78.20942964666759
2026-01-16,915.95068359375,920.7218085803552,904.2443363942556,906.9987674975428,37780235,7402,61.068981198801396
2026-01-19,912.8027954101562,920.9185652819042,904.5394420693568,920.6726328615482,38191942,12015,78.58558880088609
2026-01-20,916.049072265625,919.2953681382725,904.637772173591,914.1799618930222,36022727,12953,78.57173700848735
2026-01-21,905.3755493164062,916.9836070913005,900.6044845836736,909.9499161549952,32766854,16594,67.39033645444589
2026-01-22,903.75244140625,913.1962220288154,898.3419283315923,912.9011151422527,44444755,7327,60.87288502972904
2026-01-23,901.1947021484375,911.0319985807623,894.4561781091321,905.0312717738813,30985247,11635,64.79460245371425
2026-01-27,911.3272094726562,916.0490999795524,890.2753700750383,891.2590997657288,44753093,9059,57.29319574812524
2026-01-28,917.524658203125,926.1322926560076,913.2946327089841,917.3279002643548,35347138,8590,66.16952995016037
2026-01-29,920.2791137695312,924.0172745375145,909.310503842987,914.9669494914904,37175628,8300,75.12826848207122
2026-01-30,914.1307983398438,923.6238136980638,912.6552038308206,914.8685955943554,29691233,12020,71.84368532010379
2026-02-02,912.9994506835938,914.6718030723491,894.5053455447564,900.1126164754811,28032106,10225,70.23268037357859
2026-02-03,933.2643432617188,977.8272849855383,929.6245315003357,967.7440559401642,50336968,15735,73.36563070776874
2026-02-04,937.5927124023438,941.62604002273,932.5265406922532,937.0024986247718,24366770,9526,61.494157746343085
2026-02-05,934.248046875,940.4947060438036,931.2968579683982,940.4455315704454,28103169,5639,72.474576211869
2026-02-06,925.7879638671875,932.674071523322,922.3449100391202,929.6245335781572,18120272,9367,63.7315820068678
2026-02-09,922.0006103515625,934.5431633331389,920.1315000080592,929.6245151050697,23947829,3074,62.37342620829931
2026-02-10,917.2295532226562,925.5912552799808,914.8194035624206,914.868578036692,31525385,17758,70.29701494171579
2026-02-11,912.0157470703125,920.7709650928405,910.2450456843219,916.098249190927,24869804,3482,67.16059535355035
2026-02-12,905.6215209960938,913.4913584500406,903.5557126812706,911.9174149760892,33872203,5805,63.05568345375203
2026-02-13,889.1932373046875,913.097855324917,886.3403973585059,898.1451529282086,50188359,7217,71.10474897491179
2026-02-16,910.7368774414062,914.3766890728148,887.4224732532938,889.1932346170704,18806989,7453,54.145161801453305
2026-02-17,910.6385498046875,912.9994649414832,903.6540332583628,907.9824677389611,22599629,13429,68.70990869511459
2026-02-18,909.6548461914062,910.4418179261975,904.5886143276533,908.1792516728873,12738702,7444,63.045043360509325
2026-02-19,900.702880859375,914.0816406792112,897.6041683586819,913.8848827326366,21209234,10028,76.88551513426812
2026-02-20,897.0138549804688,902.9162328649714,893.6200357305538,896.1777087970013,22654907,3653,55.204142495177074
2026-02-23,908.5726928710938,910.5893867142319,900.3585742006053,901.5882362795462,23270122,12303,64.2841011916548
2026-02-24,895.6858520507812,912.8519465614362,894.3578410316289,912.8519465614362,31313985,4911,72.92390365354876
2026-02-25,892.8330078125,901.0963609031212,888.4062243801156,895.7350222932594,27884303,3642,73.82129805287758
2026-02-26,883.9794311523438,897.1614323550999,880.4380284625158,897.1614323550999,41165937,11966,62.53147383441765
2026-02-27,873.3060302734375,884.3238147843207,870.6007736322075,883.9794733683615,34620755,3092,76.15712989012843
2026-03-02,865.0918579101562,873.3059762779105,857.3695443137591,861.9439110956672,38378924,17617,66.76176708640108
2026-03-04,854.5167846679688,864.993469417403,834.202743374385,834.202743374385,39862322,7037,67.18806946054019
2026-03-05,863.4686889648438,867.0593261570968,849.4505416361635,859.6321193633155,31324582,15956,64.35184897786814
2026-03-06,843.10546875,857.5171318697022,841.1871839599715,853.9264946975441,34439647,7525,57.74525891945651
2026-03-09,827.0215454101562,828.7430723323081,808.1339237415574,811.5769775858611,35592613,15458,71.61217985867519
2026-03-10,835.629150390625,842.8595391904452,826.923107096334,836.2193641547399,52866024,3724,58.23565830920831
2026-03-11,820.38134765625,835.0388833093358,814.1346283989498,831.2515482012323,42261076,13392,75.91043925175397
2026-03-12,819.2008666992188,822.7915039414563,806.7566625998296,806.7566625998296,46107561,5691,64.36243911927438
2026-03-13,803.7071533203125,810.3965031755142,798.7885048911796,806.6583423777922,41700464,15739,56.361438935102804
2026-03-16,826.9231567382812,830.7597265616207,802.3791489072894,803.7071599773169,52182605,4707,68.18263349882855
2026-03-17,831.5958251953125,835.0881134427475,821.5125964091002,833.907625869114,38826979,17085,60.60472026572775
2026-03-18,829.333251953125,833.0222380629118,818.0695356894909,831.5958180920426,23507063,5598,58.05239362698137
2026-03-19,785.2130126953125,802.3791069663046,757.4718247668609,757.4718247668609,171637393,16477,65.384703250951
2026-03-20,767.7518310546875,780.8354236248008,765.5384393026802,772.2277890336613,103129469,15553,58.88017553265587
2026-03-23,732.04248046875,756.1930326018271,728.9928823726722,750.7333447737776,72341738,13701,63.420704173070746
2026-03-24,752.454833984375,760.1770877270425,735.5346719806084,742.7158864237038,61269986,11138,55.3190636654998
2026-03-25,769.5717163085938,781.8683373030494,755.7011518436857,755.7011518436857,59230640,7568,54.03533836228858
2026-03-27,743.8963623046875,762.2921184952538,742.2731843894259,760.6197661066401,65485199,17366,58.542326849570514
2026-03-30,719.6473999023438,738.7809532430898,714.8271607333363,733.0753333889118,103500135,12354,74.5663651583999
2026-04-01,730.17333984375,743.6012737142313,727.0745673991486,730.9111370884557,78862761,11613,71.86351776670126
2026-04-02,738.6826171875,742.7158847301245,714.8271732077576,718.1226435138951,49310300,3168,58.76758040388833
2026-04-06,758.45556640625,760.1770933079504,732.8785952952741,746.6508105088765,42976659,10699,57.217314658961975
2026-04-07,759.4392700195312,761.4067292682865,748.6182441513773,753.5368922732654,51309793,9704,69.2831837101343
2026-04-08,802.82177734375,804.4941298279846,783.0488345582994,786.9837533249241,70269512,4654,57.19102215465687
2026-04-09,784.72119140625,805.674621946626,780.1959987742106,801.7397031581198,48879392,4340,46.19670186098866
2026-04-10,797.1161499023438,799.0344347920734,787.9674758614352,790.9186649096054,38156026,12131,50.58118249094661
2026-04-13,781.7699584960938,785.5081191272287,774.5395096022282,778.6220116333144,47549328,6976,56.85452653799852
2026-04-15,796.72265625,801.5428954413671,790.9186273804953,791.8531825431569,39769515,8330,45.608103709290084
2026-04-16,782.5077514648438,806.7074765090769,779.3106301457999,804.6908427624061,62861293,3061,62.89041451133947
2026-04-17,786.8853759765625,790.8694690755784,775.3757269911107,777.2447773125524,37282544,6300,46.27696289300823
2026-04-20,782.5077514648438,796.7718311959621,777.146412936798,784.130869340026,52148044,5851,59.54699800949473
2026-04-21,798.5425415039062,801.6413139109341,782.2618278432276,782.2618278432276,49135752,6564,71.35435392992237
2026-04-22,786.8853759765625,799.8213849297669,785.0162656130275,796.8210214869076,23876412,12897,76.01263529659448
2026-04-23,771.5883178710938,783.6882404572269,769.7684420568696,779.1138736217773,37677616,13859,68.1295592982917
2026-04-24,772.0802001953125,774.7854567622786,764.3579463755373,764.6530532653331,27720358,3465,59.785544597679284
2026-04-27,776.9496459960938,780.0975928052393,772.227755803421,774.6870798664892,18115375,17522,46.17793781991337
2026-04-28,769.817626953125,781.5732082997206,765.6367759332712,772.2277766082829,35366803,8244,76.8629919773255
2026-04-29,766.3253784179688,777.1464043006358,764.7022005187322,772.7196209849993,25799963,7008,51.52632148574982
2026-04-30,759.1441650390625,766.1286213727735,749.847908057028,757.4718126650201,47998755,4696,71.46454504828787
2026-05-01,759.1441650390625,759.1441650390625,759.1441650390625,759.1441650390625,0,13928,51.103205321592355
2026-05-04,766.7189331054688,773.8017387354295,760.0295232783589,760.0295232783589,29028060,13472,70.9734775355618
2026-05-05,759.734375,764.2595672860843,751.2743242683289,761.8002432312857,38887657,8780,51.80681509810091
2026-05-06,783.58984375,785.9508189360297,760.9148872376333,762.5380651832903,35530831,16263,78.17326392047156
2026-05-07,783.0979614257812,788.5084744009563,775.7199891869062,781.0813276889071,46137553,12781,48.459578954124254
2026-05-08,768.145263671875,775.9167518274592,764.5546865191014,771.2440360478325,38016841,3922,57.72252317772801
2026-05-11,751.2251586914062,762.2428825536997,749.5036318326614,759.3901026416063,41123422,16375,67.19381120025545
2026-05-12,738.2399291992188,747.3394284783378,735.6330216051203,744.2898305325124,43937132,11866,75.53129794033629
2026-05-13,737.4037475585938,747.5853858194506,735.1903557682459,739.7647228184694,28960919,10248,52.778606912314714
2026-05-14,757.0291748046875,765.6368096362314,734.846082190099,738.7810009702333,50992358,3071,63.80276288296059
2026-05-15,755.0125122070312,769.1782432932904,752.9467039429112,760.4230253238243,24347873,14087,75.07937513717846
2026-05-18,756.143798828125,761.5050772404568,739.1252283144738,746.6507839481793,29812079,5529,78.89688878566758
2026-05-19,750.044677734375,758.2587962302428,747.8804605130283,754.2255287138954,40307830,10546,74.38180412868374
2026-05-20,747.1427001953125,749.8479568451309,742.8635000569833,747.2410491475586,24013451,17379,45.327811094238
2026-05-21,746.7984008789062,755.7503168336749,742.8634822100684,754.5206547496631,34664725,10127,75.01282960326643
2026-05-22,754.3239135742188,762.390509033052,746.7984174780529,746.7984174780529,25604071,12441,57.12945292103265
2026-05-25,774.0476684570312,775.0313981291084,762.5872538025895,763.3742255318324,26043952,10895,67.84177763744262
2026-05-26,766.22705078125,777.9825721015808,764.1120080103449,771.2932224692265,31528062,6692,57.77980341377603
2026-05-27,746.3065185546875,761.3083956280444,744.584991677417,756.9799611769273,63680153,9174,62.79399550480578
2026-05-28,746.3065185546875,746.3065185546875,746.3065185546875,746.3065185546875,0,4633,70.89904503808071
2026-05-29,732.4359130859375,748.1264133157719,725.7465633447872,733.9115075895189,101299431,17816,54.56456367723237
2026-06-01,730.6160278320312,740.1089829912345,727.1729740345589,736.8135126590627,47996441,8468,57.8677479019338
2026-06-02,736.0757446289062,741.3386744827858,721.2214502442791,725.0087855549667,47314447,14490,63.69445956769941
2026-06-03,741.3878784179688,744.5849997963322,730.5176176978582,732.3375535846441,36109480,4315,59.205531998060096
2026-06-04,741.9288940429688,744.9784318589446,732.8785694984622,736.9610714527732,42673538,11195,68.48639771926197
2026-06-05,734.8952026367188,746.355676758121,732.5342875674706,741.6829610502508,22116568,16313,45.67462845738083
2026-06-08,726.6319580078125,729.4355636015806,722.5494557860566,725.9925096938186,21550700,14442,75.95914172382915
2026-06-09,726.3367919921875,731.8457142768752,720.3852393810432,727.4189306755471,38539563,3498,54.73253349311578
2026-06-10,734.698486328125,743.6504624272108,724.418559222074,724.5169081730804,44458159,13801,63.572561274537904
2026-06-11,732.485107421875,743.699649970007,728.0583237911012,730.9111639255492,32632007,16854,57.3363500584902
2026-06-12,759.8819580078125,761.8494172504803,740.8467538097462,742.4207572291352,36088159,17106,50.4024803520225
2026-06-15,764.7022094726562,780.5894671305239,762.980682607529,777.1464134002696,39990334,15879,46.75581525776886
2026-06-16,772.1294555664062,774.8838866823837,766.7681167622869,767.8010209255166,27820970,3032,75.65843953800349
2026-06-17,774.2935791015625,781.376444549763,770.3586605239058,774.8346784396643,32405604,17046,46.14742033497352
2026-06-18,786.0,789.8857441736253,773.4082723338255,773.7033792240301,41492071,16679,54.81548893495719
2026-06-19,779.7999877929688,789.0499877929688,776.2000122070312,788.7000122070312,33798761,12868,60.20074512768845
2026-06-22,786.4000244140625,789.9000244140625,783.0999755859375,789.9000244140625,25194765,16904,63.57382141618462
2026-06-23,774.6500244140625,790.9000244140625,772.5499877929688,783.0499877929688,28289062,4997,61.66800219213394
2026-06-24,793.2000122070312,794.9000244140625,772.6500244140625,773.0,34701292,11759,48.82436443028275
2026-06-25,796.2999877929688,804.4500122070312,794.75,798.5,46707966,4697,71.48737989298436
2026-06-26,796.2999877929688,796.2999877929688,796.2999877929688,796.2999877929688,0,12919,54.285681304907335
2026-06-29,798.9000244140625,805.9000244140625,793.2999877929688,800.0,46695977,3170,53.920727820540215
2026-06-30,797.9500122070312,806.0999755859375,792.75,806.0999755859375,45778356,3653,72.60410568254727
2026-07-01,796.1500244140625,802.25,793.5,793.5,26094378,9131,48.234774975625
2026-07-02,795.9000244140625,805.4500122070312,794.0,795.0,34143823,16023,66.00670771425449
2026-07-03,801.0499877929688,807.0,798.5499877929688,803.0,25871958,12111,67.94456374261546
2026-07-06,829.8499755859375,831.5,805.0,805.0,63203327,3645,77.78881238380396
2026-07-07,829.2999877929688,843.0,826.0999755859375,843.0,57611729,11349,63.88085501114149
2026-07-08,810.2999877929688,834.3499755859375,806.9500122070312,825.9000244140625,38754632,8695,62.24572759534982
2026-07-09,817.5499877929688,822.8499755859375,812.2999877929688,813.0,39891798,13788,76.61440537140759
2026-07-10,824.9500122070312,827.7000122070312,820.2999877929688,824.0,23595785,11226,65.8159270806021
2026-07-13,817.9500122070312,821.9500122070312,811.0,817.0,21741736,11369,57.03876919815601
2026-07-14,809.4000244140625,818.4000244140625,807.0,811.4000244140625,25605395,6270,75.5962623440818
2026-07-15,815.4500122070312,819.7000122070312,809.7000122070312,811.0,21488739,5265,62.799478013900924
2026-07-16,808.2999877929688,818.0,806.5,814.5,18698186,9386,66.05231967653313
2026-07-17,819.5999755859375,823.7000122070312,808.5,810.0,17415322,11188,57.25352537817818
2026-07-20,777.5999755859375,790.0,774.5499877929688,790.0,56061789,4836,72.40605638666322
2026-07-21,761.4500122070312,772.5,760.0999755859375,769.1500244140625,42246009,6045,75.06506401837046
2026-07-22,753.1500244140625,761.3499755859375,750.3499755859375,760.25,23385446,16322,53.96986480004733
2026-07-23,747.25,751.0,743.25,749.4000244140625,32532090,5504,75.25237868219142
2026-07-24,742.7999877929688,748.25,737.25,738.5,23837859,3888,48.99921113428563
2026-07-27,739.5499877929688,747.9500122070312,738.0999755859375,746.0999755859375,29678752,9017,49.13815362134583
2026-07-28,735.4000244140625,740.25,732.0,732.0,33886037,10258,66.35572500184188
2026-07-29,748.2000122070312,751.25,740.7999877929688,743.0,20460659,15765,69.3621808031962
2026-07-30,753.9500122070312,757.9000244140625,745.5,752.7999877929688,35844392,3867,55.97767178480162
2026-07-31,748.1500244140625,757.5499877929688,747.2000122070312,753.9500122070312,25522483,5702,75.12852489739663
2026-08-03,753.0,756.8499755859375,750.0499877929688,753.0499877929688,14827841,4479,57.76174433099105
2026-08-04,742.0,753.2000122070312,738.0,753.2000122070312,31559802,3839,67.26276418493765
2026-08-05,735.0,741.9500122070312,732.5999755859375,733.7999877929688,60050538,14273,71.34652512158212
2026-08-06,734.2999877929688,740.5,733.5499877929688,739.0,44772122,9212,49.36216223007623
2026-08-07,731.0,736.0,728.2000122070312,733.0,19382042,5800,60.10108412152878
2026-08-10,731.6500244140625,737.5499877929688,728.5,731.5,18956788,6775,71.01891164950786
