Date,Open,High,Low,Close,Volume,No_of_Trades,Delivery_Pct
2021-08-10,2350.189697265625,2389.512909459654,2344.265973402328,2389.512909459654,574570,10796,78.43758704376296
2021-08-11,2337.2080078125,2365.1459440835138,2311.7066816729707,2361.0707044074684,551805,5502,70.60165405677859
2021-08-12,2338.342041015625,2353.7184488843413,2331.66218497244,2352.668150602822,410605,5686,72.0061056008293
2021-08-13,2329.309814453125,2364.7678485651804,2312.3370327833786,2350.0218226578327,1083905,5533,70.09483872146976
2021-08-16,2308.4296875,2334.0988135964935,2303.7663220654863,2331.662203618437,396756,9142,64.27880409649765
2021-08-17,2338.048583984375,2344.266269095146,2279.5678810233444,2314.0176720745635,877329,11397,59.7782152931741
2021-08-18,2322.083984375,2348.467400125056,2312.757251822618,2344.6863255989156,613650,16994,65.44912806586203
2021-08-20,2266.5439453125,2303.0943296020623,2252.8480131606243,2252.8480131606243,809463,3564,55.717002734180184
2021-08-23,2252.343994140625,2277.8030632390683,2232.094158940769,2269.4847819683855,758426,17278,72.84160135698102
2021-08-24,2248.353271484375,2264.443763855711,2228.3134922988297,2252.680419627889,567946,17071,65.91558316801073
2021-08-25,2246.756591796875,2275.366765155605,2243.437689425947,2254.3607942808303,407780,7671,53.31344683592364
2021-08-26,2224.57421875,2251.839926081426,2220.3309718918536,2247.638732189483,445529,11584,77.24330181580146
2021-08-27,2246.8408203125,2251.756094683492,2214.8696898696044,2224.9525564395726,517155,10169,62.6469434102455
2021-08-30,2290.701416015625,2293.0120731065167,2251.840364941541,2251.840364941541,518747,12492,62.28971322918926
2021-08-31,2303.80859375,2307.295502349025,2269.568866247916,2291.3309668265806,708031,3781,65.40348468755178
2021-09-01,2302.968505859375,2322.419951254716,2294.3560585003443,2318.218757421043,442282,4044,74.15509166327664
2021-09-02,2294.146240234375,2301.2882705032152,2270.829612003749,2289.6508803047054,422436,9992,50.26726875652379
2021-09-03,2352.206298828125,2364.389760553787,2295.5322368625884,2295.5322368625884,981491,13091,75.91763579756105
2021-09-06,2367.120849609375,2377.8759479276428,2353.509021252766,2373.50674693047,580935,3038,59.938358651670626
2021-09-07,2350.77783203125,2373.6743366949445,2345.1062207842797,2368.002725447974,311022,11811,55.38949359162486
2021-09-08,2351.28271484375,2360.903409659164,2335.86424827269,2351.828788099014,341207,16558,47.8129834610626
2021-09-09,2349.8955078125,2357.961881306564,2321.579504932353,2338.3842787646536,403669,4820,75.45722309878963
2021-09-13,2344.097900390625,2363.5072907331523,2327.461133571033,2327.461133571033,279930,5587,49.490631434439464
2021-09-14,2396.109130859375,2403.9233933330097,2352.668822555899,2352.668822555899,880592,12443,57.100470947099645
2021-09-15,2415.644287109375,2424.0887273428248,2403.082759168277,2403.082759168277,681873,3335,60.390553653480694
2021-09-16,2453.8330078125,2458.538426568627,2421.4838179892286,2427.4495947904184,1118060,15802,46.4047079284255
2021-09-17,2463.664306640625,2482.4435210368547,2433.8776765986777,2471.1423500247547,1024040,17351,52.43372288018573
2021-09-20,2427.8701171875,2453.4974016914693,2414.4683487774655,2453.4974016914693,442234,14135,74.10198092679596
2021-09-21,2395.05859375,2432.4912724939004,2364.767944649001,2428.2900785863117,580932,9389,69.83635410006826
2021-09-22,2392.327392578125,2403.082488097587,2373.7582418882926,2394.6801017755674,561230,11447,53.41515253001623
2021-09-23,2397.243408203125,2421.5682810328485,2392.369982016231,2394.6806387729416,448036,11007,64.6013243175335
2021-09-24,2380.7744140625,2405.0153837379294,2367.2466934460476,2394.6804062206425,603710,16943,49.95650431791032
2021-09-27,2447.57373046875,2460.219366257711,2387.1185859078405,2387.1185859078405,1187306,16462,59.96416218384286
2021-09-28,2453.95947265625,2469.4618375160594,2429.130375045569,2460.1771577325467,788979,7393,52.38322988686433
2021-09-29,2425.055419921875,2453.9597611725826,2407.70456868615,2449.296394248867,613787,7617,46.672271895123245
2021-09-30,2379.97607421875,2418.92121930598,2375.5227681629235,2400.814034624891,920513,4802,71.41347836932985
2021-10-01,2392.9580078125,2395.5207771352116,2354.5591363476487,2375.5230530157423,329726,10399,64.46278718782654
2021-10-04,2399.343994140625,2411.4854040150876,2394.6806276804878,2404.385427041005,386779,12765,49.86576451402168
2021-10-05,2390.1015625,2402.7890465877153,2386.278434544128,2397.201540054365,316991,5711,47.20480039443667
2021-10-06,2351.114013671875,2394.6804756072256,2336.7040009346297,2386.278087973516,468624,16850,73.17518576257291
2021-10-07,2387.664306640625,2402.53669628066,2361.0708328729716,2369.4732201785696,552458,16694,65.8722009978614
2021-10-08,2388.04296875,2413.1660288481244,2386.278385072658,2409.5950136591955,300133,7087,53.7011493316104
2021-10-11,2401.234375,2418.669329310985,2388.9668070205953,2390.479277819434,658779,11310,58.29697673705895
2021-10-12,2450.6826171875,2459.7992909780673,2399.0920326439373,2414.7624055088277,956819,15005,50.78047685208439
2021-10-13,2457.86669921875,2476.057993819256,2442.616445796961,2458.5389313414157,754779,15414,59.43825955330168
2021-10-14,2460.0517578125,2473.7895422275215,2436.693072845514,2465.261198527151,572466,5230,62.05711782237334
2021-10-18,2440.137451171875,2478.7043279832174,2433.4994419235627,2469.4617016754833,440831,13857,75.97051725499679
2021-10-19,2416.56884765625,2461.899689999432,2407.704287267363,2440.13758708097,447221,8499,47.702287150402206
2021-10-20,2366.1123046875,2416.526629361239,2354.3489622636275,2405.603525681929,424722,5046,75.01889050097654
2021-10-21,2316.4541015625,2382.0768292482053,2289.650567795894,2382.0768292482053,737326,11801,67.06029184562192
2021-10-22,2305.7412109375,2352.6686297679776,2291.7092640658116,2330.822421062989,387942,9892,51.90768259871812
2021-10-25,2257.553466796875,2314.7317535527636,2251.041616622052,2305.5730282895543,326076,6626,72.87236093573904
2021-10-26,2269.065185546875,2275.3669773971255,2256.0414823896904,2266.0402434041735,282346,17096,74.49182917460531
2021-10-27,2260.3681640625,2293.3056867753457,2253.520300386955,2280.3658870991817,444512,14141,52.15247214315511
2021-10-28,2241.546875,2280.2399095963005,2235.0350248336613,2280.2399095963005,366561,17823,64.24616686712159
2021-10-29,2232.598388671875,2271.039310175673,2217.389985760072,2252.680012058641,614962,3096,59.53362430567447
2021-11-01,2252.42822265625,2262.595194698727,2219.911020499088,2247.6389022842773,502481,10305,56.6236321071802
2021-11-02,2255.45263671875,2269.946753350899,2248.9407872173497,2264.4431491966316,813089,4879,65.70993772724275
2021-11-03,2219.44873046875,2266.124036693788,2218.230425239748,2266.124036693788,504184,3953,51.41780816078541
2021-11-04,2249.739501953125,2256.0412932751224,2226.6329337724674,2226.6329337724674,93301,11945,61.111269240138014
2021-11-08,2254.277099609375,2276.795545522649,2243.858218209257,2275.115067546083,644351,3134,73.13256315663965
2021-11-09,2280.702392578125,2310.6568253687856,2254.865048076274,2264.401635891843,723569,7117,65.43904183652214
2021-11-10,2284.441162109375,2295.4902196539815,2270.1991562768885,2280.407975068706,390217,3167,47.11405975993591
2021-11-11,2269.401123046875,2289.6509622353515,2256.5456322121054,2289.6509622353515,264937,5028,52.03667369329819
2021-11-12,2254.40283203125,2285.449615747295,2251.8400625745408,2285.449615747295,352693,11921,74.36032452692696
2021-11-15,2262.97314453125,2339.897047577225,2256.8814132408565,2298.053114375928,2023708,5663,65.56790776886635
2021-11-16,2311.4130859375,2326.6214919372087,2269.4852472814737,2278.8958818445403,1246961,10436,65.22543048170414
2021-11-17,2310.1103515625,2330.5279878603997,2295.4061743146453,2311.4125574381887,570038,4109,49.046651181526
2021-11-18,2255.91552734375,2321.580116332001,2241.0431344763256,2319.0593995933127,559569,14073,51.28292371940435
2021-11-22,2213.693115234375,2267.132177193988,2200.3331958921603,2256.041066608892,636253,8612,56.776485431049835
2021-11-23,2211.676513671875,2224.027982922714,2184.620865518508,2205.584782412256,626376,17626,53.72932925532628
2021-11-24,2202.307861328125,2233.2705368110046,2195.5438982263213,2223.6918969215303,564230,5266,71.19634931108097
2021-11-25,2180.16748046875,2218.2303375147526,2168.7403563573425,2218.2303375147526,625134,7655,69.89340426452122
2021-11-26,2125.2998046875,2175.966242160796,2104.92401507198,2167.815967341871,685448,5498,49.1226092555244
2021-11-29,2092.86669921875,2124.921725165633,2055.3499163134534,2121.602823162621,594113,14230,74.34092198341565
2021-11-30,2057.996826171875,2111.2258282845346,2036.7807975821142,2080.4311599305966,1527406,16960,52.23520597466488
2021-12-01,2057.072509765625,2083.7921436019988,2047.703929561659,2083.7921436019988,769987,15651,66.59282541909802
2021-12-02,2077.658447265625,2086.4809546976126,2024.0511706039774,2040.099813796735,921229,9701,78.63687670217516
2021-12-03,2069.046142578125,2098.4545027179,2059.467501615746,2087.99356992404,499760,17023,76.98490591323197
2021-12-06,2033.3779296875,2079.9270779241215,2026.3618535366925,2079.381004749645,347297,7987,72.53549498709212
2021-12-07,2068.499755859375,2079.590866118056,2041.8642290256703,2045.9813167666532,347226,3910,60.33062487648155
2021-12-08,2092.74072265625,2100.597037631564,2067.113438797145,2067.113438797145,308181,14392,47.356178720441555
2021-12-09,2118.199951171875,2124.8798085709705,2084.968465771843,2108.9993773854662,402958,8803,71.91339676106313
2021-12-10,2123.157470703125,2138.2397159715215,2111.435975461688,2117.98987905757,327197,3962,78.8927203543839
2021-12-13,2096.395751953125,2144.289362318387,2092.194558061435,2142.6088847617107,332491,12621,58.4073657273154
2021-12-14,2086.9853515625,2090.5143137980535,2066.9876253791044,2083.792402821211,365318,8522,74.76428143584852
2021-12-15,2106.60498046875,2120.763088689905,2080.557573278026,2087.237636973203,470021,7963,53.181608414414384
2021-12-16,2076.31396484375,2121.6027494001455,2066.399107007391,2111.519884848541,496003,10769,78.5835645870275
2021-12-17,2054.089599609375,2074.549495440358,2034.218035018674,2074.549495440358,492339,16180,55.34822074446439
2021-12-20,1980.1490478515625,2045.9818519175396,1940.9519827225943,2045.9818519175396,687713,13210,75.02694980287842
2021-12-21,1972.3763427734375,2008.1705952709062,1960.3190398962313,2008.1705952709062,401977,7656,78.91801292876698
2021-12-22,1973.552734375,1988.0047992424657,1963.8899891546753,1978.7621733795463,367785,15618,76.89560796557316
2021-12-23,2010.439697265625,2019.0941994892303,1976.6621324587657,1987.1651193474945,472868,17994,53.624884706259984
2021-12-24,2010.2296142578125,2027.4965655302963,1996.9119501189446,2027.4965655302963,343453,8808,61.63620566416774
2021-12-27,2018.253173828125,2025.1430895141668,1992.2057764972874,2008.17031034522,223494,8128,45.61853173458054
2021-12-28,2031.5291748046875,2037.5788524320508,2013.1278241483053,2019.9338396893402,265463,8156,73.07444359523566
2021-12-29,2044.5108642578125,2052.535185056454,2024.9753140291084,2034.2179399437641,270407,3325,75.12187396950705
2021-12-30,2043.3763427734375,2048.3759269770167,2026.949840857886,2037.5787779957598,366389,14031,72.19324460179138
2021-12-31,2068.752197265625,2086.817332912852,2043.4609253049305,2043.4609253049305,253608,16834,55.29318909185886
2022-01-03,2080.93603515625,2097.6567095688806,2069.508702450692,2069.508702450692,234912,17467,46.946162046787904
2022-01-04,2087.909423828125,2097.740382423502,2074.045482886009,2093.8752016820345,181575,4814,67.03947375147331
2022-01-05,2105.638427734375,2111.478046353041,2082.06968842379,2087.95136000964,294097,15419,78.53399495743555
2022-01-06,2097.236083984375,2108.15918858846,2070.3484418820112,2092.1946510901817,406402,12504,65.57872335811926
2022-01-07,2099.8408203125,2113.620654270668,2085.4726550983096,2108.159102192449,308537,10284,73.6632746671904
2022-01-10,2166.2197265625,2171.1770534147204,2091.606480294028,2091.606480294028,783876,9198,58.07546683599735
2022-01-11,2157.94287109375,2178.0244923854984,2151.68313429969,2171.7227026324745,372092,5314,55.25989598883667
2022-01-12,2176.638427734375,2180.4195020153265,2152.691623955016,2163.6147274333202,410716,8870,52.57733503204065
2022-01-13,2179.243408203125,2184.620854405554,2159.413690700874,2183.780615615398,243121,4204,47.754052133902306
2022-01-14,2159.16162109375,2180.251697201805,2146.8101516594334,2176.218509901343,267065,10364,48.45369159621965
2022-01-17,2269.905029296875,2289.188467974335,2177.436711951205,2183.7805556700273,2357848,6769,62.08842538031412
2022-01-18,2262.63720703125,2291.3312809147924,2231.0020921171786,2271.1655490695575,1082632,6282,60.50495429039366
2022-01-19,2268.476806640625,2302.2543661680675,2247.680895851333,2264.443619278446,763040,12048,77.15522774426992
2022-01-20,2276.585205078125,2318.4291425626475,2265.3260860779465,2268.6449886451564,1022978,7168,60.01828373447798
2022-01-21,2310.740966796875,2333.3433100357674,2232.7247067312005,2271.7537606809237,1170753,10091,49.29720351379325
2022-01-24,2273.85400390625,2326.9570504703506,2241.3788591347543,2302.254113930189,593277,6161,74.84649956414736
2022-01-25,2337.586181640625,2343.4257997414193,2229.0273795963426,2272.0896141738785,971148,5880,77.51906685868903
2022-01-27,2281.248291015625,2327.4614239827924,2259.402082703873,2296.372589077607,559824,14529,61.38538564119762
2022-01-28,2245.244140625,2314.858010771187,2237.5980902411566,2285.617658028895,466238,9303,62.02917062243192
2022-01-31,2289.062744140625,2297.2550729426493,2251.966075765493,2251.966075765493,442531,12502,68.90339548067928
2022-02-01,2291.12109375,2327.2934142623626,2250.1594532181166,2308.976167828,414159,10412,46.394557167240364
2022-02-02,2270.6611328125,2305.110921818402,2266.9641643396035,2271.1653581208107,283071,9998,59.746010544033524
2022-02-03,2337.124267578125,2367.750931405494,2255.200982987484,2272.25787198595,1436881,12826,49.16680621740671
2022-02-04,2286.919677734375,2335.863581923969,2279.357529447571,2323.2600014459617,585251,11862,72.8705214334338
2022-02-07,2224.994140625,2297.212616189334,2205.6265974751286,2286.919692067783,688838,7481,68.32886948147979
2022-02-08,2245.076171875,2261.6288363228055,2226.6329699998364,2235.4975309642937,625615,7887,77.40902174912105
2022-02-09,2292.8857421875,2299.3975929180383,2246.0003759003366,2252.176008027443,359950,7413,73.3174180394003
2022-02-10,2297.296875,2311.4968279846707,2269.5269429640316,2306.7914088756825,448648,13952,76.53388437606576
2022-02-11,2284.273681640625,2308.1363856627872,2230.8344025972697,2243.4379867927346,1235994,4004,77.43954691587322
2022-02-14,2225.37255859375,2271.2915289564494,2210.4583192450473,2252.6803207815155,576694,5680,75.98598439262885
2022-02-15,2334.729248046875,2342.459608415671,2209.827843797089,2226.6326182746334,1131545,8571,47.98180064111321
2022-02-16,2341.577392578125,2390.1432334186843,2324.2683922510078,2324.2683922510078,1127829,15952,56.39893327208952
2022-02-17,2347.16552734375,2413.418452680321,2336.3265266039484,2352.669133665869,1166885,12839,77.892203703881
2022-02-18,2330.8642578125,2367.792708459021,2309.774183926028,2335.8636371597154,662754,13994,59.34097404827672
2022-02-21,2330.263671875,2360.021501038071,2305.9162046168926,2335.9317199829247,522214,16273,59.583654355744805
2022-02-22,2345.42138671875,2363.4564834309776,2272.465168381427,2297.2848128454016,644900,12821,71.38686608369434
2022-02-23,2293.592041015625,2372.4312258792993,2288.7398246930106,2357.4449601434576,631227,9131,48.789797721204145
2022-02-24,2138.790771484375,2254.0438033350633,2095.506620246223,2248.8909182033103,1934361,3069,56.86992216586478
2022-02-25,2197.190185546875,2226.046426799893,2151.071904518526,2219.7770411481524,715496,15713,74.01096162448755
2022-02-28,2177.48046875,2187.356832264512,2137.631572873067,2170.2235305366685,1008620,12933,74.77511870054713
2022-03-02,2083.74072265625,2145.7470596314697,2079.1889659266712,2145.3176525753097,855090,14742,71.34783065364024
2022-03-03,2076.09716796875,2119.5532462705787,2065.4479567588096,2096.365265051249,831912,7256,62.890443430724304
2022-03-04,1984.977294921875,2064.245887217757,1976.2174320491386,2061.1540722408217,1266961,14189,65.71379019824813
2022-03-07,1888.27490234375,1966.5129665751501,1863.7129399097769,1966.5129665751501,1284637,15827,76.66372343598302
2022-03-08,1933.74853515625,1940.2756056810772,1843.7449921595487,1873.073407542516,1081826,15295,47.11059850946267
2022-03-09,1967.1138916015625,1984.3761405961739,1919.5784425724805,1946.0729440598736,670764,8045,52.98005833538876
2022-03-10,1993.0927734375,2070.1283543739905,1985.6211328859872,2018.2130852431865,716132,14522,45.786044497523164
2022-03-11,2002.0672607421875,2013.918936503224,1964.1936871421296,1990.7309572769607,467988,11574,71.448450043024
2022-03-14,2011.2567138671875,2019.0720062670305,1960.0715178608011,2001.0369096563934,382149,12222,61.72211782024486
2022-03-15,1991.074462890625,2043.9774936537547,1975.2723678166535,2013.919001100023,612285,7883,61.15138754560418
2022-03-16,2034.960205078125,2040.9719043545745,2005.3311157870528,2018.3850494244853,493507,13835,51.632332494547825
2022-03-17,2078.244384765625,2086.274381350315,2039.6837113129557,2046.5542248668519,781757,4720,59.06937632855137
2022-03-21,2053.89697265625,2102.3340056753577,2043.9776275295435,2090.997701104015,516893,9074,72.50719209745822
2022-03-22,2081.46435546875,2091.2119777139133,2013.9617044960873,2065.4475590973148,470208,17994,49.845241635895576
2022-03-23,2056.558837890625,2095.3344153533753,1998.6318761823416,2080.9062983828494,1137046,13798,68.71058238950003
2022-03-24,2071.58837890625,2084.5565558817534,2003.613325727523,2027.6601208927054,692836,17733,70.55825161409118
2022-03-25,2042.603271484375,2093.7886732048673,2032.598171578187,2078.3300201623374,467568,6575,57.54598875485493
2022-03-28,2042.2166748046875,2059.3071989182913,2017.3540518597224,2035.389145554509,493636,16883,72.36399064192668
2022-03-29,1898.537353515625,2062.0127053850424,1849.9286000495063,2048.2716794432845,2475877,12356,57.48710663970825
2022-03-30,1950.9248046875,1958.9547997254715,1912.063469883652,1932.3315648322275,3115035,12026,55.22330220491888
2022-03-31,1970.2481689453125,1989.7861885828756,1958.0960340063327,1958.0960340063327,1338490,3097,45.74914728401513
2022-04-01,1923.872314453125,1928.8964607863375,1846.450307520314,1876.5088008985517,3541517,5409,59.48240267618826
2022-04-04,1985.3636474609375,1991.5900501619612,1932.3318727315277,1932.3318727315277,1417392,7334,52.033441589147145
2022-04-05,2002.96923828125,2020.4889625211356,1988.1546946601325,2000.9509412237196,715666,9406,64.16984776338137
2022-04-06,2015.55078125,2017.4831130266061,1980.8977571923813,1999.3192781950756,812337,7215,66.38639425121465
2022-04-07,2018.728759765625,2033.8437640128725,2006.920064413977,2018.2133873726145,853476,9342,70.30617982204403
2022-04-08,2028.9052734375,2043.9775024169141,2001.5091882610623,2022.5071505007702,694946,9498,70.506798647078
2022-04-11,2005.6748046875,2028.3046450489546,2002.0248439628433,2025.041108819676,408871,14190,56.69845932837006
2022-04-12,1973.4688720703125,1997.5586499435335,1962.8196609070485,1996.6998358280634,502227,5950,58.103774225909525
2022-04-13,1953.2864990234375,1984.8479138674757,1948.5630219719487,1968.0152850868221,426929,12684,74.60592645407162
2022-04-18,1962.73388671875,1970.9356042542925,1931.601872001943,1949.422266632943,422209,13372,56.68848799044883
2022-04-19,1943.7110595703125,1998.8898668507245,1925.8047012768961,1982.1429914893542,484466,6089,47.69230033156045
2022-04-20,1953.6732177734375,1988.154517875813,1942.3367046212172,1949.507885778875,424461,6777,62.66187576263229
2022-04-21,1990.4302978515625,1993.9515193228888,1955.519590609763,1959.8136608570398,341987,5052,71.99433931160328
2022-04-22,1970.33447265625,1979.5667252795713,1952.6428163188,1970.9785833043886,598737,7121,52.93615026193836
2022-04-25,1965.48193359375,2003.5702111970586,1946.0726520480994,1948.047966312349,596296,15584,67.2544800944762
2022-04-26,2067.38037109375,2072.318552476568,1976.3890534611503,1984.7195088161413,1311255,7385,53.52178859506324
2022-04-27,2147.03564453125,2171.5978161732673,2035.389791015625,2052.566076171875,2082863,4757,71.87529411652207
2022-04-28,2161.892578125,2183.0622598851332,2145.3604082121283,2181.215893607577,1182758,8911,56.92581067603453
2022-04-29,2152.74658203125,2191.693890801012,2139.692647813432,2154.4214374984426,839920,3058,66.0713931871205
2022-05-02,2136.12841796875,2151.8447584120318,2102.4629461569834,2112.854471280847,667551,17250,63.05284087307653
2022-05-04,2069.3125,2164.211454658643,2060.123231392675,2095.506329113924,1263034,13868,48.93445028811609
2022-05-05,2148.452392578125,2179.799109900814,2087.004406221066,2087.004406221066,1675043,16539,68.09846695098048
2022-05-06,2201.44140625,2232.058047816073,2067.380429244033,2069.7421682326803,2491483,9064,50.82489275362724
2022-05-09,2140.80908203125,2198.5643365760707,2135.0120862219187,2194.2702656061956,996952,12637,58.16153956370692
2022-05-10,2121.055908203125,2163.653167108375,2111.4802158285534,2134.152821898883,644415,9752,71.12514111688068
2022-05-11,2121.52880859375,2163.69646097288,2067.938675488311,2117.4064584054177,575504,11096,50.65141915364341
2022-05-12,2062.184814453125,2111.8243219459673,2036.2486650402147,2111.8243219459673,966472,8864,59.143792907412276
2022-05-13,2103.364501953125,2147.0352834878336,2073.9931012092943,2073.9931012092943,691344,9251,71.2696028117974
2022-05-16,2143.513916015625,2157.2979235327175,2095.5062942094683,2104.1374173965373,473407,12954,62.14358346573179
2022-05-17,2167.21728515625,2180.400164874681,2148.795765463187,2159.9173656302632,517525,8181,76.64485686153124
2022-05-18,2180.52880859375,2193.5827398341958,2157.1691090574695,2168.806081025795,332168,13392,67.52126048562135
2022-05-19,2160.3466796875,2189.1169495223367,2147.5074519492173,2155.7091678214865,556405,17098,58.208744340136604
2022-05-20,2224.457275390625,2244.4247033784927,2185.681902327911,2185.681902327911,751633,14698,45.58795398114781
2022-05-23,2254.12939453125,2318.755157511412,2241.9772585171686,2245.8419220840888,744827,7281,77.640619066493
2022-05-24,2264.692626953125,2279.292465655515,2244.4245317094833,2258.6379460275602,616849,10207,50.050443272252195
2022-05-25,2228.364990234375,2292.3896258204004,2218.8750521250176,2267.441033308208,525893,8486,61.77755091130015
2022-05-26,2264.220458984375,2273.5816587541176,2211.446372912646,2239.7872390509438,362813,10868,74.3962635655681
2022-05-27,2335.802490234375,2341.899944173771,2265.5514591571628,2271.6918957332487,654718,12147,55.265934405169965
2022-05-30,2379.3876953125,2393.9015712504965,2339.4098528459162,2339.4098528459162,924244,14921,56.10300310428789
2022-05-31,2382.2646484375,2413.224942579738,2363.585439407738,2383.123462645765,1859231,10871,72.44289325161142
2022-06-01,2368.265869140625,2404.5935381880204,2345.85073704331,2404.5935381880204,430807,5028,73.41532811503141
2022-06-02,2287.10791015625,2347.138931787858,2267.612662378293,2345.077861819507,1093645,11119,52.1510339832101
2022-06-03,2218.961181640625,2309.093689687251,2211.5752956773786,2297.3279771218854,753558,10917,70.33650798646939
2022-06-06,2182.031982421875,2228.1502588802136,2168.591625269128,2202.85822489899,965347,15123,55.95778358922059
2022-06-07,2207.882080078125,2214.065499011929,2147.0350236396225,2168.5053738760184,550257,12190,62.71720473473111
2022-06-08,2220.850341796875,2247.559544919116,2192.8531271601823,2219.1756961895294,539786,5660,57.38698529086367
2022-06-09,2231.284912109375,2235.9654068418554,2198.5640122768496,2215.697310985117,327503,15580,65.32293565138248
2022-06-10,2234.59130859375,2245.28350221898,2211.8327349128595,2215.7403810074456,324452,15322,78.34946428605366
2022-06-13,2231.886474609375,2243.4804667754183,2178.425288510397,2198.564440375643,625967,6581,62.47164168205454
2022-06-14,2196.502685546875,2245.7125581116834,2172.7993361925865,2229.4380753736864,509259,13737,74.54477246516709
2022-06-15,2237.468505859375,2256.9635447722485,2196.503113590601,2204.5758825838516,673444,3525,58.23270107443782
2022-06-16,2163.3955078125,2253.742701149609,2156.5249956245616,2250.522148561513,493824,11034,78.6577435094085
2022-06-17,2119.0380859375,2162.4941685870535,2108.947019026897,2162.4941685870535,725864,9156,63.31360053607297
2022-06-20,2106.28466796875,2148.280595685301,2090.267658401838,2108.474685967289,377385,9693,73.25359331546707
2022-06-21,2146.34814453125,2168.376851873325,2116.9767444132267,2116.9767444132267,381831,15937,49.12690123669778
2022-06-22,2168.033203125,2192.981794552824,2129.858958484826,2142.7411699272748,873408,12064,69.32450941171211
2022-06-23,2296.5546875,2307.332635867583,2209.342080591048,2209.342080591048,1846048,6610,57.7283611971668
2022-06-24,2370.283935546875,2376.9397448280138,2310.381652016626,2331.680283650552,1354569,6017,51.71464772062325
2022-06-27,2366.46240234375,2412.4089596021026,2345.0780137687125,2393.9874379253283,1005184,13688,62.018340574047606
2022-06-28,2376.080810546875,2398.4099760380773,2344.5623765762653,2360.021029608636,714029,11519,69.64852263410323
2022-06-29,2363.799560546875,2391.5822772074794,2344.5622108901766,2353.1933334909177,653929,8243,67.47076615490289
2022-06-30,2335.716552734375,2381.4913839821234,2330.8213545356953,2357.4445903465303,643735,10770,50.46809937221604
2022-07-01,2373.590576171875,2378.9151819372332,2304.4990201325672,2331.68040395653,393346,8695,51.87993571595128
2022-07-04,2370.71337890625,2403.820704933127,2352.205892816444,2361.7388133498034,499627,9150,52.81357051934836
2022-07-05,2350.788818359375,2379.6450550444038,2344.5624163379644,2373.160966867137,401190,7053,64.52074486924803
2022-07-06,2431.98974609375,2440.7496077481496,2348.0836526737053,2351.0035366680363,739745,13255,71.34257433924793
2022-07-07,2438.5595703125,2463.7228645100113,2426.2784871712497,2453.6317991826068,382303,16637,56.540922829287645
2022-07-08,2447.01904296875,2473.34161111356,2421.0399165933973,2446.245984480356,532145,13848,51.758510972971315
2022-07-11,2463.164794921875,2469.4339700914406,2411.5929664743085,2417.5616825128377,428940,15006,58.67889388714345
2022-07-12,2469.520263671875,2477.292574215528,2433.879473916221,2451.485165241303,422887,11301,72.18270092642203
2022-07-13,2441.9091796875,2483.5186813171217,2434.73799801174,2477.6787034440454,539917,11041,56.93166535819905
2022-07-14,2398.49609375,2461.361244809455,2380.6757009273215,2437.3144496752384,620757,15025,47.25865792960495
2022-07-15,2404.72265625,2418.807124755414,2389.865129189498,2404.6366909645144,816619,17900,53.45236051760294
2022-07-18,2420.094970703125,2435.4678677496713,2409.1880743806946,2430.4007391346618,369313,16455,62.26519524077372
2022-07-19,2405.7099609375,2444.9149495245424,2390.4660110049804,2417.561637185515,661056,16859,70.96748699383772
2022-07-20,2427.65283203125,2437.9586015490268,2413.267695412687,2421.8558366775005,201509,10903,74.66990077610737
2022-07-21,2445.73095703125,2451.0555627806516,2417.604793863392,2421.8558819346313,314132,16571,56.38825075016848
2022-07-22,2466.170654296875,2476.304492943314,2439.2897310231283,2448.5219826013786,576270,7518,49.766101631077234
2022-07-25,2438.044189453125,2469.7773245804574,2431.6888400980365,2469.090231451342,421977,13338,65.503147341848
2022-07-26,2405.323486328125,2445.6447646413158,2392.355310111602,2439.0319382921984,347002,11559,67.14500679920694
2022-07-27,2419.934326171875,2424.6305252735297,2374.536956331747,2404.6713606043522,498259,7948,67.71172536811775
2022-07-28,2418.325439453125,2445.546536898493,2395.452753346481,2433.3709851500653,294368,11684,68.23578213192332
2022-07-29,2450.807861328125,2475.811223508468,2426.0654462615694,2435.110055824734,400652,8504,53.011893668378896
2022-08-01,2470.59326171875,2529.0358636968617,2452.5038293071357,2465.5055358663476,961562,7866,60.22991022607145
2022-08-02,2410.281005859375,2460.2877388975494,2384.712430766291,2457.8092716983538,1137765,17096,48.03070340377118
2022-08-03,2436.76220703125,2441.8934588497204,2391.103896481994,2422.934346480511,600314,11484,57.591688784976974
2022-08-04,2441.19775390625,2459.417552176726,2416.9770215070666,2452.4165685222715,396416,4506,62.26093037494883
2022-08-05,2409.628662109375,2443.720165181401,2401.192786418496,2442.067853771509,512072,16291,59.557029865984795
2022-08-08,2381.2333984375,2429.2833401542266,2374.2324142382563,2409.0197023589635,675310,7384,50.38706604708027
2022-08-10,2413.759765625,2422.065274290847,2376.754740244037,2422.065274290847,895054,10748,48.821665491843845
2022-08-11,2422.325927734375,2450.7644938388084,2406.7584886149925,2426.717865406526,422152,5577,69.40101056352557
2022-08-12,2401.97509765625,2430.7616623803497,2393.2349617175073,2426.369724961904,435760,17128,60.848075063706744
2022-08-16,2449.89501953125,2474.8113322973168,2419.0212981278564,2439.45883201461,1213957,5449,62.01542611513895
2022-08-17,2533.775634765625,2547.299235822946,2442.111213223786,2448.1554622197314,2510869,14180,63.08942073769211
2022-08-18,2529.209716796875,2555.6481829172485,2524.817779247586,2546.3859401465143,805655,9225,46.91713398765083
2022-08-19,2468.72314453125,2554.1694155736673,2463.679157932561,2532.5144150180054,510610,6472,77.22747395417255
2022-08-22,2418.19482421875,2466.114184865702,2405.1495915394935,2465.5489763795013,570304,14362,68.69083257778338
2022-08-23,2438.067138671875,2443.807126461086,2396.97465229277,2413.3682476617487,396875,9396,68.10707553565956
2022-08-24,2440.632568359375,2455.9823732623677,2417.7163589480815,2418.8905147717123,324008,16173,59.52252672579736
2022-08-25,2434.936279296875,2453.4170261476065,2428.0656624845724,2442.154684061171,363945,5453,54.14416938690938
2022-08-26,2458.374267578125,2470.6801863224846,2449.9383923299774,2465.549146045453,475372,8860,54.91131434421725
2022-08-29,2458.635498046875,2462.89685657652,2401.279990275499,2425.456989431135,339203,12192,54.91298120784125
2022-08-30,2467.89697265625,2490.769655462914,2462.5485124111824,2471.6366483329616,918526,13172,59.719205089273885
2022-09-01,2501.771484375,2506.5982635683176,2428.9355923028725,2452.5040673838844,838699,17730,46.95108321408005
2022-09-02,2456.982421875,2512.511711646938,2452.5906969117345,2511.9029766116605,776170,15435,73.58690477678437
2022-09-05,2471.680419921875,2476.8549867163897,2442.111224153491,2459.461342146752,930716,14791,78.22776525508034
2022-09-06,2492.987548828125,2495.770489398656,2459.28736363283,2471.6803349627125,481401,5261,70.09957874640047
2022-09-07,2482.725341796875,2500.336406923904,2462.0703888701123,2469.8975289265695,551689,13179,74.09316670464666
2022-09-08,2484.94287109375,2499.0316795803237,2475.1154202490347,2495.1616364443917,519141,6496,45.02245368134126
2022-09-09,2468.54931640625,2503.16270928536,2463.548643921792,2497.379407776713,522672,11284,70.5139087533762
2022-09-12,2485.46484375,2495.9010308608713,2471.0717722194063,2475.9853920542,313906,11506,67.94362878974854
2022-09-13,2495.988037109375,2524.6875511249186,2462.9401118793553,2466.4188408509367,766550,14573,54.25304708591226
2022-09-14,2479.89892578125,2495.7271002018724,2461.200757482356,2461.200757482356,519643,13236,65.698487823876
2022-09-15,2426.674560546875,2482.9429628082567,2406.0196059525856,2482.9429628082567,1010823,17534,46.52244839822214
2022-09-16,2335.2705078125,2438.849738630245,2322.051381364811,2438.849738630245,1906557,13049,45.0733157923042
2022-09-19,2351.968505859375,2369.840517907495,2317.5727439909933,2346.9678331049604,534862,5865,56.433191202469594
2022-09-20,2410.36767578125,2455.3302017860924,2360.882632604366,2363.752626248239,1009201,17547,51.06390673301013
2022-09-21,2414.802978515625,2442.0240736468627,2406.932524521438,2422.0649097638493,447919,11793,65.77382255950266
2022-09-22,2415.06396484375,2434.5449736962164,2376.841474270218,2414.8030177164196,328914,5726,65.62962096463662
2022-09-23,2402.10595703125,2445.7639645332506,2385.0165730258154,2427.1961631333315,408930,8655,57.790179149630085
2022-09-26,2366.709716796875,2395.8440702124753,2322.225345306263,2382.9292047386434,610918,9126,54.47419932981322
2022-09-27,2294.43896484375,2378.580714051988,2287.264087004288,2378.580714051988,740040,11414,76.1208258749489
2022-09-28,2253.6513671875,2282.9160923557847,2239.5190294729164,2261.1740343333486,923391,10809,71.01122448819405
2022-09-29,2205.775146484375,2264.9570664198654,2195.9476945349675,2261.2173902572877,1057406,3250,46.627455133277444
2022-09-30,2216.99365234375,2254.3464575141516,2182.902155174106,2216.8197583819906,706844,3036,66.43984635319497
2022-10-03,2196.426025390625,2238.5185609091764,2191.9905610332985,2207.6883679423563,658511,15414,45.14037102302347
2022-10-04,2280.1328125,2285.437746474136,2227.343145932558,2243.7800544246043,391128,9851,78.57467678981162
2022-10-06,2301.266357421875,2316.52911151891,2287.481808405575,2308.136762478242,463669,8218,58.74427880302785
2022-10-07,2282.8720703125,2378.4935782770385,2269.78331175875,2335.009471669723,1065099,10087,75.18183881561991
2022-10-10,2235.51806640625,2260.999797004133,2201.513407892811,2260.999797004133,1076512,13537,45.530611376985064
2022-10-11,2216.08056640625,2239.8664590060457,2203.6007544934955,2239.4316179151883,407068,10204,69.8693388395862
2022-10-12,2217.733154296875,2230.2564931470465,2188.207485835886,2217.689627721576,401910,10708,65.6970107828362
2022-10-13,2214.6025390625,2238.823277017427,2202.0356717891664,2220.2990008205934,239037,8603,67.2931206574532
2022-10-14,2205.4267578125,2248.1282339560257,2199.469562807881,2239.8662539859747,250851,9886,71.70171356545501
2022-10-17,2220.90771484375,2235.083579231459,2192.9475129751077,2195.078192210196,257635,8716,48.00476284687147
2022-10-18,2228.1259765625,2258.3474354561563,2204.383608117781,2232.039546778945,454003,4625,77.39326936467145
2022-10-19,2210.03662109375,2238.56224303483,2202.209480383838,2238.56224303483,375698,13264,74.91540173202043
2022-10-20,2231.21337890625,2235.0834225230965,2176.5972901632995,2205.9055400481616,364460,7811,76.36978928662046
2022-10-21,2234.953125,2241.1712684633803,2215.9069553935115,2235.9531747067717,360297,10927,75.64862412375255
2022-10-24,2245.4326171875,2252.4771286587766,2239.4318943229146,2248.9983995025464,35097,10784,46.081842781275974
2022-10-25,2248.650146484375,2262.9128481454054,2231.6478187845155,2249.0849875389763,410336,6735,63.74995956020449
2022-10-27,2270.52294921875,2278.5675100845065,2241.214699664678,2259.4345004578427,473043,3188,66.66572559525025
2022-10-28,2304.52734375,2325.8345565511368,2277.697564333773,2281.9156077161406,717856,14150,61.834731795011834
2022-10-31,2328.0087890625,2343.054120662064,2310.3106720691317,2320.3120169698636,511816,12496,57.78356970439664
2022-11-01,2324.790771484375,2340.1843155126735,2295.352157884656,2339.662421288928,368266,7569,45.01265049141695
2022-11-02,2299.396240234375,2310.919529534765,2287.568689554868,2304.6143335024763,565598,6473,67.02392087147211
2022-11-03,2301.483642578125,2320.659965792226,2285.524888808934,2295.09139329025,311401,17298,63.92959285673825
2022-11-04,2251.520263671875,2293.5259582815484,2238.0837155439517,2279.437148474359,855256,10289,52.3066963451129
2022-11-07,2279.48046875,2282.9156708182823,2252.4767952073717,2260.3039346501773,314060,16892,57.52912916591855
2022-11-09,2305.962158203125,2310.3540954064947,2280.350062044998,2287.263992485091,459177,11481,62.68445739496888
2022-11-10,2359.01318359375,2367.275165250576,2284.090140130443,2305.919037955192,706321,6938,54.879264032801146
2022-11-11,2320.74658203125,2375.92786639032,2313.3978110736107,2370.840353723365,474615,14331,46.03041474989562
2022-11-14,2338.053466796875,2355.0993223017804,2309.788796200565,2322.486240844499,352558,12626,58.53115177176451
2022-11-15,2374.884521484375,2395.1481579621723,2341.1843383085006,2343.358543674686,1012827,4408,58.75772041722797
2022-11-16,2382.45068359375,2395.9742832655143,2356.012431604854,2374.7105975178156,647740,7342,66.86315601830842
2022-11-17,2386.407958984375,2404.758338351074,2371.79725554605,2383.798912381987,517393,15501,64.99843041069754
2022-11-18,2368.275146484375,2382.1467483038905,2350.4033460136675,2378.580966130424,469583,5145,65.17034118081452
2022-11-21,2328.530517578125,2367.7097423732553,2317.703016868586,2361.187126003081,467604,3089,48.16549221392316
2022-11-22,2335.48828125,2340.184693047132,2319.4426853405525,2321.8778382363125,361527,14851,74.03793504727653
2022-11-23,2312.3544921875,2345.9676226855145,2303.5706174562583,2340.314688654947,264132,16258,58.42687753645736
2022-11-24,2324.747802734375,2331.3137341313054,2301.005433870833,2317.703291290598,498023,17757,46.076287369727496
2022-11-25,2355.229736328125,2362.709088086976,2316.398511500749,2324.6604923001696,423634,4309,57.459048798739644
2022-11-28,2420.76025390625,2438.5887379030446,2358.6215070262724,2365.491911051238,1223958,5272,69.1917573002414
2022-11-29,2459.6787109375,2468.1145859112803,2411.715821976056,2420.4559583285436,731879,17692,50.5044755246811
2022-11-30,2480.246826171875,2488.1610199032957,2452.5910993407056,2462.89670703352,1379225,14488,48.15956110125308
2022-12-01,2497.55322265625,2508.1633023440745,2458.2436322273174,2482.9425201776467,782249,16304,50.83907328782352
2022-12-02,2452.895263671875,2491.6396504394743,2446.4161733634346,2491.6396504394743,526214,15406,64.99231371433568
2022-12-05,2459.15673828125,2463.7225697391245,2422.630086618255,2443.806932690868,397713,6887,50.320148355940525
2022-12-06,2434.06640625,2456.8520357627453,2416.0205019165214,2454.2429893530857,339117,15603,54.655633624217806
2022-12-07,2399.931640625,2436.84960882914,2392.495815092421,2429.0659953344134,340800,6488,52.67114908637279
2022-12-08,2398.75732421875,2416.6728618909033,2387.4949825568947,2391.6259728736763,190468,10953,56.13139417755788
2022-12-09,2392.930419921875,2419.6731458577638,2375.2323033563575,2402.0620824365687,254995,11879,73.94900536946992
2022-12-12,2410.281005859375,2413.2813673767087,2379.494336884047,2392.4960450090157,166357,12439,73.20416127852526
2022-12-13,2399.844482421875,2448.1988972304507,2389.7996106386026,2421.108169552852,440848,8034,78.24935625314339
2022-12-14,2389.3212890625,2420.2383189795532,2372.145066964253,2402.453361854164,438317,6476,58.392603706381436
2022-12-15,2409.7587890625,2421.0211300605756,2378.2328121872424,2381.6244875280654,299314,5252,57.816823756115696
2022-12-16,2369.753662109375,2406.975890951618,2363.0569392120497,2387.3647269158355,271086,10240,76.82204164368238
2022-12-19,2418.238525390625,2422.0650423229167,2356.0127185528877,2369.7537404320965,276490,16977,64.35964097853417
2022-12-20,2411.237060546875,2426.93486434214,2385.8857008651253,2409.0193288081177,234062,7476,61.0140396847842
2022-12-21,2398.10546875,2433.41465584145,2380.3205077863013,2411.2377567005838,328455,16130,67.83822553195569
2022-12-22,2372.23193359375,2432.109633932834,2363.1873242570446,2397.887556753823,483991,13739,61.54988366394775
2022-12-23,2293.221435546875,2365.5354205503463,2286.0898721398344,2361.187009850805,328855,16830,75.5250362644678
2022-12-26,2336.2275390625,2346.4027792205547,2271.2623155497768,2300.3096186205958,175951,8283,67.57023930268795
2022-12-27,2350.18603515625,2364.0138987187984,2335.5318035535115,2343.7502587774707,181947,9675,47.05353575541784
2022-12-28,2345.184814453125,2371.405644599672,2335.096417255018,2337.357675624337,225857,17115,59.66414817996141
2022-12-29,2367.448974609375,2387.2777723418676,2323.312600494129,2340.8368251978018,243791,6826,47.43407262855231
2022-12-30,2381.92919921875,2404.540936616384,2368.057598147703,2379.320152595946,211762,10422,47.16314366534899
2023-01-02,2361.9697265625,2391.278185625618,2356.838686676388,2381.929102274411,131296,17415,65.37435456374051
2023-01-03,2365.88330078125,2382.842103171107,2349.881233712515,2350.055127682333,136701,14131,55.78914318451399
2023-01-04,2356.22998046875,2372.492994823152,2346.1851087918467,2354.2296689832374,178937,15528,58.89548897832166
2023-01-05,2406.541015625,2409.9764301759824,2349.8813052054807,2355.012345257337,258988,5856,68.55368839113139
2023-01-06,2385.146728515625,2413.6723443711985,2377.493483433681,2406.4104137763125,162618,15181,78.97260819520952
2023-01-09,2393.669677734375,2411.106634452139,2383.146439109298,2397.713614679075,110658,5686,63.23685885405039
2023-01-10,2358.62158203125,2398.62696202795,2337.4447361683146,2391.6259780635773,206381,9506,57.91125774766946
2023-01-11,2342.706298828125,2365.535455336427,2334.270424411911,2358.6650512600168,150551,6396,75.94633531587091
2023-01-12,2343.141357421875,2348.4029773990865,2315.9637876271518,2339.4452079297926,163626,10778,55.51250074503347
2023-01-13,2372.88427734375,2387.1905065938226,2333.6182122473115,2333.6182122473115,196440,4687,58.26024947757489
2023-01-16,2399.10546875,2404.6713500553046,2356.838827721474,2375.9718366550064,362194,7913,64.05414976918237
2023-01-17,2406.2802734375,2408.1500052324986,2373.971452400759,2404.671276441986,254062,7417,78.38786508451739
2023-01-18,2408.9765625,2423.2394803139887,2389.4087097908496,2406.3239888900234,159791,3961,65.25938241127724
2023-01-19,2408.6279296875,2417.4986440060306,2393.0171795776046,2402.061787838711,140565,8121,67.7884226823188
2023-01-20,2388.5390625,2406.8459185459496,2373.667621617682,2406.8459185459496,300399,12800,49.52433986851223
2023-01-23,2413.020263671875,2445.5462923024697,2391.66952366922,2392.886993792386,434312,11817,67.77304992445589
2023-01-24,2410.67236328125,2423.8046513815493,2402.280013734727,2415.107828089904,129633,16972,63.348087051577664
2023-01-25,2422.064697265625,2429.0221542057056,2405.540737032933,2416.846604560564,356744,8296,69.38040265296488
2023-01-27,2379.581298828125,2443.8944790597993,2360.8398138737193,2424.6744140187575,464092,10726,49.91536538729921
2023-01-30,2350.14208984375,2404.6275909954443,2331.7048709371147,2368.187994252258,459196,9788,63.35448943763248
2023-01-31,2403.1494140625,2410.759133549715,2334.748991830181,2369.4057011856685,579601,5173,49.846261304868406
2023-02-01,2371.841064453125,2454.982777675904,2326.4436906326464,2413.8467622166736,408279,11525,66.05071816157012
2023-02-02,2314.180908203125,2359.6218051280603,2291.2649086320116,2338.5755374383066,453723,3367,48.125096590595724
2023-02-03,2308.354248046875,2334.3576639238204,2279.4808381109056,2325.7914206515466,328028,7865,72.36540246630676
2023-02-06,2343.793212890625,2352.316139766082,2300.396161893524,2306.4404099033804,252416,6452,77.1549031333357
2023-02-07,2306.919189453125,2343.619737431842,2274.2625789512094,2335.9664912724747,421543,12573,70.13487705868657
2023-02-08,2273.914794921875,2336.792869174369,2254.2601018686364,2312.528817356396,793670,15211,68.74175120181715
2023-02-09,2225.6904296875,2273.349052128203,2216.9067677072476,2273.349052128203,1266011,12041,68.75161244911041
2023-02-10,2246.650146484375,2252.1725012481993,2217.9506329038227,2225.6907198183694,283858,16506,77.8422460628808
2023-02-13,2227.734619140625,2262.9132238332636,2222.0816844923097,2255.912239226935,327921,3470,55.60810823865219
2023-02-14,2211.166748046875,2241.2578337564814,2205.5573409445046,2238.9095222173537,409279,15668,77.18893134249979
2023-02-15,2236.82275390625,2239.4318006643057,2206.383875062269,2213.3413330837507,643367,7017,77.3765080924299
2023-02-16,2223.5166015625,2252.4770634142083,2214.645884936016,2252.4770634142083,433077,17327,61.284598233755425
2023-02-17,2262.647216796875,2265.8151716570687,2224.6321942017826,2224.6321942017826,705628,6933,74.48321910284577
2023-02-20,2255.41845703125,2270.633395235034,2243.1930427479138,2266.617733895456,182493,4782,68.36544505575782
2023-02-21,2249.26171875,2271.080106852142,2245.6475791329726,2266.618259883867,203273,13478,55.448575544987094
2023-02-22,2230.432373046875,2261.8437284079255,2226.4613732884786,2237.169804743173,310260,7882,57.802284183120925
2023-02-23,2226.907470703125,2242.1670720737748,2215.5744247635484,2231.413979003172,294710,10457,67.14087308677489
2023-02-24,2218.1171875,2238.5525708037244,2214.3246187887,2227.353294918822,255112,3903,47.51986340729404
2023-02-27,2175.19482421875,2220.2148116950725,2168.457392451377,2218.117656700966,293892,17793,47.38721794800057
2023-02-28,2158.730712890625,2205.9369628548193,2150.9224813271217,2184.4754370989845,542868,16398,50.8737525380091
2023-03-01,2169.439208984375,2180.9060243875656,2154.4473603658325,2155.0719753366866,293122,5152,49.34438403799398
2023-03-02,2198.218017578125,2216.0207416641347,2178.18415236301,2180.504399704575,525446,5508,45.354494691463856
2023-03-03,2196.611572265625,2212.0049418376234,2192.5512486029024,2209.2385100154816,197868,4658,75.94246024473254
2023-03-06,2212.80810546875,2223.561199086213,2196.29927344985,2205.9369054444137,203422,14143,47.5901583176455
2023-03-08,2211.335693359375,2213.9681391096615,2177.9165080688695,2192.551276820813,286894,11214,74.87148592877578
2023-03-09,2180.772216796875,2222.936667727737,2177.381169763047,2218.430159029072,244591,14947,76.08437242055392
2023-03-10,2177.648681640625,2180.7719739543722,2146.415758503151,2156.856434950676,224485,15103,78.07123387753968
2023-03-13,2130.130126953125,2179.076451094907,2123.838879975437,2179.076451094907,249618,6401,74.9879863190709
2023-03-14,2117.993896484375,2151.948592322436,2113.487387893522,2137.179836660586,302570,5109,59.41997905610528
2023-03-15,2123.34814453125,2148.6915640523516,2114.9599600306487,2141.68637771314,217071,11559,66.54657694786447
2023-03-16,2115.762939453125,2136.3320953052034,2110.4533857129513,2114.379723471164,577586,6771,54.33756930553007
2023-03-17,2101.663818359375,2119.8682858171683,2078.150014122223,2119.3774390480303,628419,10154,67.65615153216024
2023-03-20,2087.56396484375,2102.8233473701575,2056.018626634292,2101.663223843179,352432,17977,50.73425219785286
2023-03-21,2096.22021484375,2102.7345545150124,2080.112904890389,2092.5614134511816,291142,4822,47.808367023757924
2023-03-22,2099.923583984375,2114.2461561234304,2093.498568013324,2096.2203381983413,166790,4897,49.53258954535211
2023-03-23,2108.22265625,2127.274829622299,2103.3146246693123,2110.453579695767,371585,14905,68.75763331735598
2023-03-24,2064.36279296875,2122.679001250537,2056.1083762013495,2108.6688455531867,272040,11584,50.625787903141735
2023-03-27,2060.1240234375,2080.0236861817416,2049.3709289108133,2070.252285111652,238881,13444,66.28378793338696
2023-03-28,2007.3843994140625,2060.123503232246,2004.2611073945252,2053.3414105586835,456838,3124,46.135311922726295
2023-03-29,2056.15283203125,2066.2813117000387,2007.8311169618169,2007.8311169618169,712847,10248,52.903663997545266
2023-03-31,2094.703125,2103.225077367488,2065.6117992092563,2065.6117992092563,302919,14551,51.501631749213374
2023-04-03,2169.439208984375,2172.4731776220137,2116.74475541429,2128.3008948977213,787785,8358,57.92396184602564
2023-04-05,2170.420654296875,2178.7643947294987,2158.7307467196315,2178.095117727853,289012,9327,67.9774248433329
2023-04-06,2165.28955078125,2175.7748905713383,2150.877873023722,2170.4206745083143,211340,14157,71.83095592717955
2023-04-10,2195.808349609375,2202.2335826223875,2156.990286496444,2168.4573187223664,261131,11743,52.805624691150946
2023-04-11,2204.0185546875,2212.0498789411504,2184.564859033713,2207.721800392349,575155,8026,60.979774135801435
2023-04-12,2210.66650390625,2217.5377039231516,2185.590839505181,2208.6140109496178,464883,4706,59.3831379338708
2023-04-13,2183.671875,2210.6660405874113,2175.595890978824,2210.6660405874113,458472,14887,73.09821444228469
2023-04-17,2200.537841796875,2203.259611499633,2159.0873349628846,2168.457211804013,656224,15013,48.59050622109152
2023-04-18,2177.11328125,2208.5692982602886,2163.995496452471,2204.999821152738,397381,10506,58.98317100874455
2023-04-19,2182.690673828125,2188.1788758118537,2160.515427156147,2172.9192734402004,247426,7363,49.00247039879915
2023-04-20,2185.0107421875,2197.236157180474,2170.108219479411,2186.304634010422,315314,8578,47.93878044528864
2023-04-21,2194.6484375,2209.863159166818,2185.010805871971,2187.152404961049,699932,16877,49.69369840399523
2023-04-24,2231.8603515625,2252.3401840691718,2180.415129080633,2195.1838850330473,686216,13515,65.34994482750739
2023-04-25,2228.915283203125,2261.263668356208,2225.4351302907103,2235.295636163747,538138,4509,49.90781553278084
2023-04-26,2235.51904296875,2252.3402927602065,2223.8291349249707,2239.8471215642307,560280,17929,72.04376011517147
2023-04-27,2238.64208984375,2254.8833849052385,2228.290736993821,2230.9231827767794,685268,14984,51.703846747292886
2023-04-28,2283.216064453125,2290.7118790544982,2244.4424460076316,2248.770524042593,721370,15333,52.42796585974442
2023-05-02,2227.264404296875,2266.573314750492,2200.5826499045406,2266.573314750492,997629,5222,65.06959648008564
2023-05-03,2233.287841796875,2246.9857970857843,2212.0940718680476,2221.999457801272,863935,12934,55.86350148470902
2023-05-04,2243.86279296875,2260.148534059098,2234.760668918375,2238.017729990998,684323,9118,47.81617755167365
2023-05-05,2273.087646484375,2286.250093352819,2242.122476068279,2263.9408613724054,1527593,15894,63.85573498409907
2023-05-08,2299.055908203125,2313.02140166573,2289.819798099639,2289.819798099639,855245,14099,60.443140981283804
2023-05-09,2312.619873046875,2323.7298280761293,2298.0742088145357,2308.9610715023846,556418,13098,76.77063671079894
2023-05-10,2307.711669921875,2323.8634235203067,2295.2631617699294,2320.1601780738206,549062,17364,63.38624789975103
2023-05-11,2307.176025390625,2323.7295184902214,2297.8954723700463,2320.160041503293,506829,14194,73.98528540340689
2023-05-12,2325.42529296875,2332.653572131898,2307.845659658919,2315.6985538187737,718178,11795,66.08948296361658
2023-05-15,2402.1689453125,2427.2446109757443,2325.514505956908,2344.254262144588,1383562,15883,61.36315955921945
2023-05-16,2396.904052734375,2425.058349048634,2392.0406833929483,2409.3525614831888,602177,11105,64.94614602581552
2023-05-17,2429.876953125,2468.650355816999,2393.691334269556,2399.536396784368,1169727,10665,66.23924686471943
2023-05-18,2440.763916015625,2462.180780200721,2431.037177343671,2449.5985032101426,610410,3951,52.87585047594751
2023-05-19,2420.997802734375,2448.7059118341485,2380.1272470476747,2445.671725631551,458137,13854,48.098564373186534
2023-05-22,2402.39208984375,2429.029402434705,2392.5315826883134,2418.8118168164365,241924,8797,46.75307233996906
2023-05-23,2418.722412109375,2425.59361239238,2386.2402555732046,2402.392009762656,224454,7029,59.89054038133248
2023-05-24,2443.931884765625,2449.330762882637,2414.751450718796,2419.2132974496144,402069,10372,65.6248823498297
2023-05-25,2438.66650390625,2462.046532516184,2417.4727361834302,2444.1544871395745,208718,5583,46.9182506586557
2023-05-26,2449.6875,2453.9262541806243,2421.533422838522,2440.1391920500505,167210,12228,72.74122608386534
2023-05-29,2478.02001953125,2493.9935594141193,2441.5668673232067,2462.939066739041,462628,4497,50.56193208513035
2023-05-30,2480.028076171875,2494.1722168547562,2463.1177213512506,2477.975801053537,399817,15998,70.86316602343717
2023-05-31,2462.849853515625,2487.033147803318,2444.2440850117846,2479.9388557014627,773286,11218,69.4853671875073
2023-06-01,2498.99072265625,2509.9222458029685,2451.204524334318,2461.91295517192,552629,8520,72.45608419626545
2023-06-02,2581.311767578125,2599.159152188939,2530.759137813427,2530.759137813427,2090599,5916,71.34107034784088
2023-06-05,2561.635498046875,2605.540025719312,2556.6381426296257,2596.839424710363,620625,17120,78.90999598154642
2023-06-06,2592.154296875,2598.5793120408443,2553.0238172731792,2561.0998027325627,729992,5648,60.88279274003585
2023-06-07,2639.62841796875,2658.3681734715706,2594.2069072525915,2603.8889835442214,996180,14139,65.30254938511467
2023-06-08,2645.69677734375,2700.309739743364,2630.8833585129955,2657.0744869213204,1150017,16992,73.00218189401508
2023-06-09,2587.24609375,2699.4168598579954,2576.537663231555,2666.3098750263725,826404,12913,54.39103370371165
2023-06-12,2614.9990234375,2622.0042098929607,2568.3282813062297,2593.4930530892407,617327,13358,50.9085270265734
2023-06-13,2634.67578125,2637.754411861647,2591.485192881405,2603.041332116675,973087,7716,66.68020798227838
2023-06-14,2616.070068359375,2648.150702854821,2608.9755577502133,2634.675838551398,304861,13702,48.03588584815675
2023-06-15,2537.05078125,2642.662565483768,2507.5579299953033,2623.4766240265085,951322,14196,58.44233825330298
2023-06-16,2527.234375,2538.7011891305765,2503.095743243773,2537.0057747030473,1029235,6861,64.81556746367178
2023-06-19,2483.10693359375,2523.3526588285895,2478.1542403416693,2516.481458702017,671364,3069,74.33928753661196
2023-06-20,2499.258544921875,2507.200762060424,2449.5982827083203,2476.3246984941247,872568,6926,55.177651797554056
2023-06-21,2519.649169921875,2525.4049078529224,2498.6338310912306,2499.5262003166204,407191,13837,74.54244814152494
2023-06-22,2520.988037109375,2553.9610405132307,2513.6259900848345,2525.4052217513777,578572,13858,53.78143485618961
2023-06-23,2477.573974609375,2534.105655477679,2467.401051992528,2521.166300955476,381689,16322,52.70679873449248
2023-06-26,2544.36767578125,2551.283537065706,2476.3245244341842,2477.573754165947,583691,6642,74.73231280828998
2023-06-27,2537.987548828125,2558.3333940606026,2523.1294696422583,2550.391394637714,415101,4390,73.54547613352419
2023-06-28,2524.28955078125,2553.3808758782434,2494.172088178027,2543.2523976055018,781032,4313,57.37148784282486
2023-06-30,2596.8837890625,2605.718157313438,2529.8667725971222,2534.283956722591,962194,13278,54.11056016113936
2023-07-03,2586.75537109375,2598.445495448785,2554.3176616148066,2565.561601343521,818522,17615,54.709591220534264
2023-07-04,2703.700439453125,2712.7132383007483,2601.8810192923233,2633.4710219538947,2177103,4113,61.45894152077476
2023-07-05,2818.2802734375,2830.5950115750734,2704.0570195025666,2721.72597266834,3069147,14610,49.34483038262778
2023-07-06,2830.684814453125,2861.6946484034866,2783.0321619234714,2801.1473027391376,1676341,12205,72.69479774677356
2023-07-07,2809.35693359375,2830.5953661050885,2789.546379080866,2810.9632418761125,931135,12802,45.84815138436431
2023-07-10,2787.493896484375,2843.400962998088,2753.76229388417,2816.718990615332,570281,7445,63.4350092063155
2023-07-11,2768.6650390625,2791.331131823815,2752.2453134512616,2765.452422481459,663715,13130,54.97738964441442
2023-07-12,2747.47119140625,2778.213268931275,2728.3743584677277,2766.255390093825,739038,7643,70.98276801571008
2023-07-13,2742.34033203125,2793.9637681240056,2726.634544352146,2747.4714557851444,665215,7484,77.39547742259566
2023-07-14,2798.73779296875,2804.270438885639,2742.340098518375,2747.5156660081016,811153,16927,63.32548554069031
2023-07-17,2758.848876953125,2817.566599663596,2736.8965061263375,2806.188891658017,909246,9756,63.23025940581387
2023-07-18,2780.9794921875,2784.1921086891157,2753.7622295865326,2765.4523541114004,578275,16238,69.74805730531375
2023-07-19,2763.355224609375,2805.296580478613,2750.7282865303496,2788.653980667427,486164,17586,71.98076853976839
2023-07-20,2754.8779296875,2766.523393184641,2722.618865088289,2762.7308234774546,735511,3088,59.60176790754251
2023-07-21,2768.174072265625,2788.297042402074,2721.280024660796,2747.6495795398673,749722,11431,72.6640666646007
2023-07-24,2796.73046875,2815.4255648232474,2757.4662136462844,2793.0270048799935,784541,12732,46.58017183990345
2023-07-25,2802.307373046875,2836.842021589765,2791.464955269163,2836.842021589765,748386,3310,52.92780172826885
2023-07-26,2807.1259765625,2846.5686548291105,2789.6356695419486,2824.3040850558727,509747,14689,65.51573955798358
2023-07-27,2830.81396484375,2850.6669775458804,2795.484714456585,2804.283208722302,524436,12997,60.67476238432016
2023-07-28,2862.894775390625,2865.150799642312,2825.8508131149533,2839.838163475412,445865,11388,71.69310169585995
2023-07-31,2891.0498046875,2914.783222980936,2863.3458719871546,2878.4612339019936,933273,8882,70.90853005456967
2023-08-01,2799.365478515625,2927.4173387138026,2736.3320669898053,2910.226388269044,3043469,8423,67.19137770075612
2023-08-02,2701.318359375,2773.105097384255,2681.8264414163496,2762.2761806356016,2692656,11795,57.01054596181277
2023-08-03,2664.2744140625,2726.676179440131,2646.812917875411,2681.9617329982643,1250490,7442,75.04593525963048
2023-08-04,2657.325927734375,2693.693084461946,2636.344901197109,2686.4738065136394,642027,15323,63.50289330537376
2023-08-07,2665.763427734375,2675.599605373062,2643.7444987879235,2662.108624373532,444210,9459,65.21378868353503
2023-08-08,2767.600341796875,2787.3180827298347,2689.1810235645185,2711.7412670507983,2020469,5635,51.290267059629244
2023-08-09,2761.10302734375,2780.640330332413,2710.9291781716884,2779.286715727351,548711,10331,68.64763577313731
2023-08-10,2739.625732421875,2763.9907962101393,2718.9606368163013,2753.6130838558784,476401,17072,49.072037913396855
2023-08-11,2705.60498046875,2773.4212081795167,2689.181166401357,2747.7474734765588,816082,15466,71.58142980979655
2023-08-14,2716.83984375,2729.7895118744314,2664.0940375752702,2716.1630364330063,526850,16656,74.65701705967103
2023-08-16,2690.76025390625,2722.434924043473,2667.523203000545,2711.7412804521778,753515,15305,52.808008837243506
2023-08-17,2699.15283203125,2704.8830019782213,2671.809771477261,2704.8830019782213,565973,6973,70.70718555609552
2023-08-18,2641.398681640625,2697.934568180026,2635.0366484093975,2697.934568180026,560922,5179,70.43746789163461
2023-08-21,2645.4140625,2657.0101153890814,2628.177948928461,2643.158038227017,328451,14617,64.87643418375032
2023-08-22,2668.19970703125,2676.186120483048,2635.036152712015,2653.0843455388094,255764,14751,57.82594509090694
2023-08-23,2663.687744140625,2684.6687689737814,2648.3919442929737,2679.2543109523217,325912,12927,66.62219060137488
2023-08-24,2642.030029296875,2681.4652895735044,2635.03635404214,2666.620693902234,273751,15654,66.68324220404402
2023-08-25,2626.824462890625,2657.5967236056963,2607.964187171634,2645.6849589244976,429528,8078,70.78446429335175
2023-08-28,2645.639892578125,2663.191718869251,2627.6820259458973,2639.548626516932,303029,3762,47.09596369867008
2023-08-29,2696.53564453125,2700.9124200066967,2651.3250476047992,2660.303980681504,590653,8964,69.15480165594938
2023-08-30,2663.7783203125,2714.448539870635,2655.024769447315,2714.448539870635,415898,9623,77.05497585349792
2023-08-31,2631.3818359375,2675.645081088983,2608.0095100330345,2675.645081088983,920121,13918,49.11978141027311
2023-09-01,2641.71435546875,2659.5369489855207,2624.207693507347,2646.7227739123905,331811,7482,46.334738580758845
2023-09-04,2655.65673828125,2675.599862448716,2637.5182133786584,2662.1088801529527,643279,15409,70.74504077104889
2023-09-05,2648.888427734375,2683.6761457683065,2642.4360661253836,2675.6447874832593,306742,15680,61.49947158856659
2023-09-06,2651.27978515625,2666.620750557086,2632.193907504101,2666.620750557086,275916,3836,49.237279064749345
2023-09-07,2671.945068359375,2678.7583063605016,2644.60222787938,2653.084791808867,242002,5779,70.56436908581448
2023-09-08,2715.125244140625,2731.594221525109,2671.268043637365,2679.976429621372,569352,6617,51.101801224396574
2023-09-11,2756.275146484375,2760.471263449975,2724.4200401135286,2733.3086434411107,486566,12799,73.25869761448958
2023-09-12,2725.322509765625,2769.7661883258656,2716.2532480472105,2769.7661883258656,429664,6919,70.37175343962276
2023-09-13,2702.175537109375,2738.7231302238656,2693.783303090536,2725.3224782708076,290774,14498,76.24214205364785
2023-09-14,2705.78515625,2733.3538166469134,2685.5712670967246,2713.3655299186294,311245,9994,45.26257331122483
2023-09-15,2765.7509765625,2800.1778249567096,2711.696493192469,2720.4048806217734,949607,15170,50.97320200949286
2023-09-18,2810.6904296875,2822.737687932987,2741.520810722639,2767.465090942611,897322,8584,60.72264360156041
2023-09-20,2763.04345703125,2827.1145510405177,2750.770595968309,2810.6455726508116,575906,5316,75.93849838188194
2023-09-21,2708.086669921875,2764.0360780316605,2698.205326584819,2758.6667837357163,585566,10559,60.396902601154146
2023-09-22,2727.7138671875,2743.3255996961148,2698.340386193568,2716.2533075938504,323540,9328,77.22710665039781
2023-09-25,2684.398193359375,2727.7138606186863,2678.712967968615,2720.945787609419,408884,4365,58.44719331271354
2023-09-26,2738.22705078125,2742.423167897394,2680.2020611125486,2684.668945210512,372568,6746,78.27996020142835
2023-09-27,2712.959716796875,2737.911258964383,2707.2293265962917,2737.911258964383,222370,4963,58.19391605241149
2023-09-28,2680.15673828125,2723.652840610586,2671.1778060661422,2713.0946914621477,331995,9958,74.55838363716543
2023-09-29,2758.892333984375,2770.3980588215,2682.0971726318035,2693.7383911265347,375842,9810,54.22581236198128
2023-10-03,2721.306884765625,2765.7955084455234,2699.558722027983,2759.5689694004923,387906,4141,71.99610710163171
2023-10-04,2697.34814453125,2725.2776846871666,2685.6168167494843,2721.622880815252,307263,16487,58.84789853391885
2023-10-05,2722.25439453125,2751.312165910724,2701.2733669934914,2725.277555442216,537209,16774,50.07130337956759
2023-10-06,2741.520751953125,2747.837620045183,2727.533401177854,2743.3255714079987,180660,10338,63.497514753735146
2023-10-09,2666.711181640625,2752.3046155644715,2638.600985303956,2726.2702260627993,976306,5658,50.778175268089456
2023-10-10,2686.29345703125,2710.0268781303284,2676.5473874173263,2684.6690753764483,467743,4514,52.355475978767394
2023-10-11,2798.2373046875,2807.396675338369,2695.9942380221983,2707.229195118967,1048795,3509,67.32651389049934
2023-10-12,2786.86669921875,2826.4374518831046,2765.8405095743647,2812.76581301786,927642,17894,69.26116142293614
2023-10-13,2796.0712890625,2814.6158524482735,2779.467038719371,2783.0315129690525,374642,17477,72.96030625184538
2023-10-16,2852.517578125,2864.519673370855,2797.335303105647,2801.0802159126856,966651,7575,74.14616128113876
2023-10-17,2863.30126953125,2876.4765413753526,2857.4807701023124,2871.558451790123,416816,15246,63.31904516687369
2023-10-18,2845.433349609375,2873.2727798389847,2841.6884370957796,2860.6390427417027,344063,9378,73.78295288713556
2023-10-19,2947.135009765625,2955.391970963126,2831.806998102927,2842.1395458162947,1129769,4196,63.62446000718111
2023-10-20,2897.863037109375,2946.367556609454,2890.9145267509402,2941.855508283865,458086,17538,63.37271403423901
2023-10-23,2842.45556640625,2917.2652499041606,2833.070372397193,2892.719747668355,313646,16983,78.22633768599668
2023-10-25,2834.333740234375,2861.5413059636116,2788.446116501911,2842.590701288356,391029,11164,75.67689916268274
2023-10-26,2808.25390625,2824.587610436833,2783.9340081670744,2823.6400361603814,461475,3831,71.84670684507347
2023-10-27,2808.479736328125,2845.2077711360153,2801.1251845819056,2820.211063731597,314423,5342,69.84554342059877
2023-10-30,2806.81005859375,2823.233870837146,2756.8615942833253,2808.524548873414,265215,3620,48.11159530857376
2023-10-31,2786.95703125,2833.2055274810323,2779.557095601144,2811.051325711292,207132,12819,51.220953955354574
2023-11-01,2790.656982421875,2837.762727226143,2775.4063457996194,2793.815416541326,473455,5232,51.01755521654722
2023-11-02,2754.244873046875,2842.5455344769352,2744.6792416162602,2832.6641918242453,1268028,6877,54.924325883716236
2023-11-03,2787.904541015625,2806.674707525077,2772.247864336937,2783.9340263163594,411691,3024,76.10952421163806
2023-11-06,2857.841552734375,2865.376762809616,2793.590018020236,2806.494522427496,850503,9530,72.57145611685459
2023-11-07,2824.76806640625,2870.7457982344654,2816.691543359782,2865.1057374038483,355269,17660,61.186093592171815
2023-11-08,2826.437744140625,2857.390223168338,2821.7000928223156,2851.8856557302815,459324,5130,77.00987579765628
2023-11-09,2864.158447265625,2884.1017924671546,2829.05479329929,2838.07889152353,604807,10031,45.70462747878112
2023-11-10,2802.162841796875,2868.8058930558823,2793.0935793251338,2864.113406200893,820659,4614,55.29576415518111
2023-11-13,2814.435546875,2830.81419556322,2799.365348249454,2799.365348249454,386501,7625,54.953657408487466
2023-11-15,2867.72265625,2871.106692510511,2824.6325945328254,2838.033245935533,570652,7432,58.83287764564012
2023-11-16,2959.94921875,2977.0498398781997,2867.9485864942194,2875.0775355719747,963718,11545,67.59919422072642
2023-11-17,3009.311279296875,3040.038379079193,2959.9495040398056,2968.6576710589707,947293,5414,58.16715941159991
2023-11-20,3019.77880859375,3039.315890607844,2992.0297101269475,3029.3893838392314,677714,17161,54.13853164187281
2023-11-21,3046.986572265625,3063.681152922197,3005.069682734129,3027.5395977621556,742294,7255,45.15605868732883
2023-11-22,3080.466064453125,3093.1899099611164,3040.038062885034,3056.4618765585096,775145,8254,75.25666298209957
2023-11-23,3219.798095703125,3227.017373944612,3086.196283683632,3086.196283683632,1726414,15795,68.97528586199995
2023-11-24,3202.29150390625,3230.4466455988777,3187.9882204525247,3219.798165897561,514405,7151,68.93958779207851
2023-11-28,3268.528076171875,3273.9425346083826,3208.1117881808177,3212.5786723279607,659645,13969,67.33972071565792
2023-11-29,3381.23876953125,3418.4631691358186,3271.866759483344,3280.2592136389835,1561256,13273,46.64030036241121
2023-11-30,3446.347900390625,3505.410572761487,3413.0940139363806,3429.1569510860213,2909100,15046,61.18803127046582
2023-12-01,3393.060546875,3487.813567465924,3375.3282840046477,3483.301518866356,1060628,12791,52.730841066697
2023-12-04,3426.540283203125,3501.349966263574,3414.7186268921046,3501.349966263574,1018705,14153,78.85833319756728
2023-12-05,3435.248046875,3451.7170235231824,3410.2965073668493,3427.351962180666,713163,9748,76.91426115440473
2023-12-06,3394.00830078125,3451.717361361161,3365.582393099452,3415.8014085446744,672675,9439,73.85698710802112
2023-12-07,3404.475830078125,3439.940574970865,3394.2336122818574,3411.108629427959,500651,3847,53.648581251952194
2023-12-08,3353.12890625,3431.0520734460392,3332.0575512301702,3418.3280083092245,779332,4466,56.78154299989568
2023-12-11,3343.112060546875,3364.7698936939055,3323.5749783547726,3353.1288965033254,451738,16142,54.14454721756101
2023-12-12,3381.464599609375,3423.69741988521,3352.677816769725,3364.1835410584845,598126,4164,54.219726995348815
2023-12-13,3486.279541015625,3492.3256421211804,3370.3198911415757,3375.0123776571613,1355603,13507,75.98662495617481
2023-12-14,3504.6435546875,3524.7221717236903,3463.8998424006895,3499.545027700892,1067427,7428,72.40682335769452
2023-12-15,3516.28515625,3555.494820294069,3506.899961591245,3554.5924104412024,924599,9500,51.23033710772174
2023-12-18,3510.148681640625,3563.255588948937,3505.2757566215614,3519.3983825177547,725829,10703,52.27735851733334
2023-12-19,3448.87451171875,3532.753447121992,3429.111607606109,3530.948627768227,560186,11371,54.09559330715625
2023-12-20,3443.14453125,3524.7222876070746,3419.00506952521,3478.2933482778853,595832,8958,66.06250712697482
2023-12-21,3474.412841796875,3490.4306150021084,3385.88657672195,3406.6420011569003,410786,11942,54.420090025771
2023-12-22,3551.614013671875,3559.104058669678,3474.412815395108,3492.3257370820625,573168,17417,47.80956465381165
2023-12-26,3670.506591796875,3680.929468751266,3551.0727903772677,3564.4734433344393,1149831,7569,69.16804192373154
2023-12-27,3667.663818359375,3697.1276274990087,3629.491843668067,3667.3930513841433,683058,5028,46.00675392804507
2023-12-28,3765.9814453125,3780.194398709414,3658.5043572136938,3667.6639482584096,1714818,11234,53.32893907160854
2023-12-29,3735.5703125,3784.165168371072,3710.3028380921405,3768.463325972145,383687,7362,63.50617936611785
2024-01-01,3716.61962890625,3773.336171792786,3686.3439569924085,3735.570234315513,392408,17606,63.68250191125599
2024-01-02,3689.231689453125,3716.981011036453,3632.3798722202314,3712.558850525623,507848,6738,46.86561209747454
2024-01-03,3600.4794921875,3665.5431004983043,3584.100623659186,3609.6388626755906,896596,4349,75.83778027455963
2024-01-04,3561.76611328125,3615.188726337006,3546.335038768653,3607.3829701373324,630734,16116,66.7921183486446
2024-01-05,3600.885498046875,3643.0279873024606,3567.9023791917525,3573.5424398607242,593042,9173,78.020861406069
2024-01-08,3618.2119140625,3654.7595091540406,3603.818522527697,3623.0848386154194,508360,17148,67.52971228327092
2024-01-09,3711.159912109375,3743.8722639182415,3637.7038502424466,3652.909321583991,1043602,3290,75.86860223385008
2024-01-10,3734.216552734375,3769.365589341767,3687.336629808835,3694.6460167182213,511944,3653,58.1806302092558
2024-01-11,3918.44384765625,3966.0909068725737,3755.8294321737544,3767.560759088281,2133475,16576,77.35128900462144
2024-01-12,3955.3974609375,3966.091105285901,3828.6088829414434,3828.6088829414434,905401,16756,50.9581769849697
2024-01-15,3945.696533203125,3982.8306084583064,3913.8865876579207,3955.397438582159,490217,10418,61.24396136667693
2024-01-16,3956.750732421875,4015.7232963720758,3916.548555223578,3916.548555223578,972808,8907,65.15246953843443
2024-01-17,3944.2978515625,3997.6753016058424,3917.360831663874,3921.8728805370183,443836,10993,73.61590854806825
2024-01-18,3965.188720703125,3981.116165786181,3877.564639682248,3911.044131890611,570816,9983,61.833573699705006
2024-01-19,3970.37744140625,4007.466571600913,3947.1403895018893,3966.0909949384554,383901,3587,72.3702188014739
2024-01-23,4010.489013671875,4114.98787152585,3972.0912199226914,3972.0912199226914,1399043,3288,51.64278819671554
2024-01-24,4000.96923828125,4018.972490567999,3890.198432102033,3996.773120714881,596736,7862,45.528696564301434
2024-01-25,4008.6396484375,4042.840892102624,3951.201352170255,4014.685970415016,664356,8804,60.06234332687541
2024-01-29,4145.2197265625,4173.64563739013,3994.3820053285153,4013.9190908348755,418127,6524,54.2145779110348
2024-01-30,4140.57177734375,4207.034165905692,4133.081512198628,4175.449825320814,709726,17069,71.41624801172148
2024-01-31,4170.53173828125,4184.38381651617,4077.222655249752,4121.756665973582,645505,10022,51.89825374997552
2024-02-01,4139.08251953125,4257.433457049254,4128.524150370222,4170.666857293645,660378,3840,66.6130953683391
2024-02-02,4256.9375,4303.862808792127,4142.105854926959,4149.280188965358,994506,4134,54.27227074099316
2024-02-05,4283.4228515625,4308.419776137814,4241.325527800806,4259.373721536129,425966,11119,64.00497239772825
2024-02-06,4316.63232421875,4324.347751739243,4271.10557366065,4283.333050170854,261001,7616,71.46512533676268
2024-02-07,4325.56591796875,4347.133423140437,4268.533444795888,4322.542757142081,265821,12751,45.69356200389175
2024-02-08,4338.69580078125,4353.856549140399,4299.44097618684,4327.912268517657,444060,12980,71.20266145873323
2024-02-09,4429.7939453125,4443.4653641456935,4324.437612805593,4367.6629493227365,718094,8642,77.6758633265028
2024-02-12,4230.04541015625,4466.070487669983,4175.945773138733,4466.070487669983,1321957,10390,50.68500541978124
2024-02-13,4281.75341796875,4358.503628221756,4247.010644115797,4266.593111084812,938269,17712,49.567853421476954
2024-02-14,4344.24560546875,4354.127168766876,4206.222294621143,4247.642815209469,735284,16181,60.271607491413704
2024-02-15,4346.86328125,4381.019141396104,4319.880874367462,4358.820211702096,530347,6439,57.99749785697723
2024-02-16,4416.6640625,4439.856170373579,4358.6392892082085,4358.6392892082085,848705,9981,54.6646693404288
2024-02-19,4379.033203125,4461.5133579020185,4371.137118602014,4447.93226877437,524294,15110,54.721732010478945
2024-02-20,4208.2529296875,4405.56474905453,4198.912899907974,4379.033988425429,1153742,16449,63.34960599379647
2024-02-21,4181.97021484375,4260.448238596435,4157.209460630041,4237.116690839914,1112050,10361,69.03767770813624
2024-02-22,4145.359375,4222.500052047878,4095.1002978066667,4205.11722686178,1441798,8181,58.225189190976565
2024-02-23,4167.583984375,4246.615408049765,4136.091461041309,4182.108396114538,819122,8002,54.41655629673561
2024-02-26,4146.2353515625,4177.4973275993425,4122.304474836529,4171.918289428364,605090,4793,75.06975963051306
2024-02-27,4085.32470703125,4167.353227392557,4064.9907117385237,4151.491468276086,830187,6203,72.37277187301932
2024-02-28,4034.60498046875,4112.207202221804,4010.628172392235,4094.5010715279805,569688,17492,52.127415042876734
2024-02-29,4082.0517578125,4107.411844413617,4011.5046078130295,4038.247971865116,1548190,4130,47.345501845780646
2024-03-01,4156.3798828125,4172.886903378686,4103.7230320519675,4112.85257300997,510674,17002,53.569742647855676
2024-03-04,4252.83984375,4269.715645561,4207.929263648994,4232.782324248715,570306,15156,51.65560076829011
2024-03-05,4232.82861328125,4283.318235629213,4216.091047710686,4252.793825942551,442519,3571,64.95541903460283
2024-03-06,4274.60302734375,4287.237139229845,4183.12256526909,4223.606387970034,353334,15348,72.82390829107344
2024-03-07,4290.833984375,4337.957722308385,4261.231759350599,4288.159738251274,684934,14451,52.57267455647362
2024-03-11,4308.1708984375,4357.323168028235,4242.557089869337,4334.268548091578,644170,15554,65.9644515248362
2024-03-12,4296.36767578125,4331.503014905422,4272.483173952911,4303.1917548342535,312738,14065,48.88712808831329
2024-03-13,4160.99072265625,4322.050231008613,4128.20677814502,4284.471195021287,700123,3323,45.25171692066438
2024-03-14,4311.49072265625,4317.80777904365,4108.333576849079,4108.333576849079,708629,17566,48.43981824208657
2024-03-15,4228.49462890625,4316.609674338119,4150.431760032972,4292.771102433963,1278695,11328,54.68147056054659
2024-03-18,4199.81494140625,4225.912595762283,4175.238351897429,4205.6245265627695,232124,7486,57.76928723069365
2024-03-19,4188.3330078125,4239.837121315714,4158.684855187569,4199.629772131474,388757,4781,58.92301755017461
2024-03-20,4159.46875,4231.860259214387,4131.388041789239,4188.563501296144,418716,5956,70.3798856667748
2024-03-21,4168.18310546875,4191.330034661174,4099.296169129813,4175.468275537892,633619,11432,52.42480899701152
2024-03-22,4319.51416015625,4367.790630718106,4166.062679707393,4185.612729816839,902115,10515,58.94368646476525
2024-03-26,4307.66357421875,4356.908154033582,4272.989334588883,4319.513739329317,551123,15867,49.3571796213706
2024-03-27,4216.736328125,4332.4246024008335,4205.163087898638,4326.8914930746505,693528,12918,72.05538106491719
2024-03-28,4354.8330078125,4380.377706340532,4226.557465103673,4245.738728419328,1086607,9064,78.61327713366694
2024-04-01,4316.51708984375,4407.813397464223,4299.318431041055,4371.156546677215,664163,6087,55.04421367044383
2024-04-02,4205.900390625,4320.851089860344,4170.1197993516,4288.15945753758,1342779,11184,65.78579958984302
2024-04-03,4202.5810546875,4245.047487685289,4174.269799165255,4228.125305324034,681469,3066,54.09392728983237
2024-04-04,4170.99609375,4232.828407032623,4115.480386380139,4228.217482841956,1378250,12301,54.18294953421818
2024-04-05,4172.7939453125,4210.327047091187,4120.644574563685,4131.8490299174655,605460,3962,58.04183162952443
2024-04-08,4237.53173828125,4250.21178010038,4172.978798111136,4186.719262461659,711580,7266,55.82868543286922
2024-04-09,4169.84326171875,4309.600190439074,4154.4425951806625,4255.882924918703,945922,12290,71.6383574769489
2024-04-10,4145.12890625,4197.509279869771,4127.60739277254,4197.509279869771,515061,4229,72.89194105259834
2024-04-12,4095.238525390625,4170.85768721989,4086.201293481366,4158.1317157092035,438331,7784,73.64890911811543
2024-04-15,4040.276611328125,4095.0079242012107,4028.9798464503815,4085.2790537472674,645166,5158,56.551595527546304
2024-04-16,3986.51318359375,4100.449403002799,3954.3749484056425,4005.971375867911,719918,6584,71.0186836685438
2024-04-18,3920.48486328125,4056.368911455737,3902.3180891709103,4018.8821817132675,1103254,8376,51.46285772105999
2024-04-19,3885.810791015625,3920.438654767663,3843.8049975923545,3920.438654767663,674079,10314,74.30936412327671
2024-04-22,3976.368896484375,3997.671457282722,3879.5394840242398,3909.925655953345,619635,7820,77.59122814388388
2024-04-23,4006.939208984375,4028.933408299153,3953.3142485872772,4000.4379857331364,547228,6655,61.9988906267018
2024-04-24,4051.48095703125,4062.5471753848274,3997.763688773259,4020.726001799817,658601,15256,59.36350621737477
2024-04-25,4148.2646484375,4163.66531821159,4027.089628237043,4058.536227120533,1103462,11700,54.878953714845565
2024-04-26,4142.08544921875,4187.45667242856,4118.892590931638,4159.2841061445315,497777,5412,45.32301422071937
2024-04-29,4110.8232421875,4177.49702115261,4099.664716378528,4177.49702115261,590104,5736,54.760734361557894
2024-04-30,4189.53173828125,4231.168744841041,4117.555390241318,4117.555390241318,828084,6738,63.866168540489966
2024-05-02,4206.546875,4265.1056224651975,4197.140407891333,4265.1056224651975,808478,11073,71.43076674512812
2024-05-03,4198.47705078125,4223.560658665781,4165.370704920941,4221.3011256825375,347594,8917,61.626764662851635
2024-05-06,4158.82373046875,4226.097305147603,4118.017044937791,4216.183816572285,241049,13265,78.9456209681217
2024-05-07,4128.39111328125,4181.601360349485,4087.3079574717253,4176.529343568774,456294,7131,58.0029175800222
2024-05-08,4254.8681640625,4299.225340970892,4071.1228510662645,4143.05326217646,1313834,12025,63.82216499416323
2024-05-09,4394.11865234375,4538.993987302371,4273.266503722516,4292.770623911528,3589872,16397,50.05272044902221
2024-05-10,4497.8642578125,4568.82656151072,4403.248002976729,4415.974423966252,1520297,6927,77.62588004518003
2024-05-13,4505.38037109375,4527.882043446659,4362.488087425796,4526.0836027323085,624906,3511,56.80114442733698
2024-05-14,4650.99267578125,4657.954990257514,4523.361951139534,4532.4455606292295,1335266,12741,45.94354302931226
2024-05-15,4663.765625,4705.909656041362,4630.059946221765,4664.411334559515,882851,4820,56.656533670352005
2024-05-16,4741.27587890625,4753.817684802281,4649.3802348937625,4670.821035868359,1296732,4399,55.531689357047796
2024-05-17,4693.18359375,4766.404985073585,4678.105780511841,4735.419482240752,609690,9147,53.17191547958231
2024-05-21,4660.583984375,4724.168359476711,4637.898147055854,4680.088103854145,480490,15509,59.278084517574435
2024-05-22,4607.189453125,4673.586760475309,4578.647652698387,4657.033362764723,422368,7334,72.86741160981946
2024-05-23,4744.82568359375,4754.278078332665,4576.849352468379,4610.924262885331,644911,5266,78.65966907229634
2024-05-24,4720.0185546875,4793.655105283058,4684.7449840476065,4707.845984794881,458258,7269,60.448700440077225
2024-05-27,4688.29541015625,4729.701419345695,4657.0334341897915,4727.119481912252,380940,9928,60.848217651449815
2024-05-28,4780.56005859375,4818.415564396947,4652.422300934469,4689.263763689387,727224,7967,70.86300745110616
2024-05-29,4743.48828125,4797.343785968099,4708.721732590815,4768.6637473235005,409279,11399,54.79658648621635
2024-05-30,4736.34130859375,4783.32680601188,4698.25525505437,4729.886014754156,457454,16652,62.53792104486881
2024-05-31,4721.2177734375,4786.093569414183,4614.152019453424,4772.306725426495,1905070,5419,67.67645281270104
2024-06-03,4759.02783203125,4900.490915949792,4753.494722227769,4869.136627063399,962485,6317,56.57676865885808
2024-06-04,4897.447265625,4932.766765284636,4537.380010635957,4763.084752794008,1945233,17513,58.22521933738915
2024-06-05,5218.18359375,5325.802758646547,4901.4130601362995,4901.4130601362995,2058534,3285,47.445961319951515
2024-06-06,5103.6015625,5289.145336484222,5046.518409711427,5215.0476929109345,1498100,9602,52.59653266510059
2024-06-07,5147.498046875,5198.725239674975,5107.060147595763,5149.388345869201,637134,6706,73.2161072145221
2024-06-10,5276.92626953125,5334.839297346734,5146.759519186895,5150.40232941772,1018162,5294,58.89449312226827
2024-06-11,5336.31494140625,5391.461415304858,5261.064567612557,5284.119188855381,1015127,9259,73.56696476900963
2024-06-12,5339.634765625,5403.080901610935,5327.0929619201825,5348.67199681574,668529,6654,56.760036266608076
2024-06-13,5363.42724609375,5385.559683147782,5285.041531527387,5367.3006026924395,547596,9839,76.23864961290117
2024-06-14,5352.54638671875,5408.384508663328,5313.261215444338,5369.883284700381,573273,6705,71.75397532390768
2024-06-18,5307.03564453125,5435.86459961513,5290.298079338671,5370.804637698178,527069,17538,77.38903596672691
2024-06-19,5208.2236328125,5330.043893031555,5187.289856300399,5325.432968714843,447054,17505,71.01621242672775
2024-06-20,5076.25927734375,5227.866390423989,5068.328396854868,5227.866390423989,840321,15583,67.95955092974776
2024-06-21,5027.751953125,5178.068088187248,5009.30825557135,5054.495314577793,669719,11574,70.11468144865529
2024-06-24,5094.56494140625,5103.371627762024,4970.576991983613,4970.576991983613,464982,5989,49.57759257586418
2024-06-25,5081.23876953125,5145.653474479795,5047.533091745965,5132.788815085166,1118588,14299,72.74669803014065
2024-06-26,5028.67431640625,5112.593143252568,5005.619693646273,5098.760369596581,384494,15235,66.8135217470141
2024-06-27,5058.36865234375,5081.238657110887,4999.164203302744,5035.0371048539055,874237,6254,69.23562024850997
2024-06-28,5145.4228515625,5169.076803700632,5027.844279246933,5072.016844985233,539635,11365,63.24573843717212
2024-07-01,5167.09423828125,5282.551516138248,5150.402601743995,5159.624450628048,1018344,14756,52.49246462981344
2024-07-02,5133.8955078125,5232.476980895627,5072.016812641162,5228.788241395525,689851,14589,53.79388836371712
2024-07-03,5145.56103515625,5190.010526062997,5120.9385189806035,5164.142970254095,329072,7289,54.71523833363848
2024-07-04,5125.82666015625,5167.878382729589,5100.236028526315,5158.702462625514,676316,4748,50.43811926400319
2024-07-05,5125.5498046875,5161.4690880678245,4963.752727797675,5125.826730339737,613329,9783,67.05431380118272
2024-07-08,5073.7685546875,5191.900519804461,5060.535112506198,5132.557836772319,478557,15543,72.06696673030989
2024-07-09,5154.2294921875,5163.72826654949,5076.673654321366,5095.11735177892,570084,16195,58.10847626419027
2024-07-10,5080.08642578125,5210.345052083334,5044.905159424751,5159.624879009956,354244,15881,61.263791019637225
2024-07-11,5096.22412109375,5127.808952787477,5074.783322936694,5099.682314344887,491353,7606,57.64899061184171
2024-07-12,5115.26708984375,5164.23519577509,5076.765872089534,5103.278686710701,265681,9275,58.254575946350144
2024-07-15,5170.09130859375,5200.2005549650075,5098.39143394425,5115.359545733445,249438,9383,46.76893384478046
2024-07-16,5144.03955078125,5218.64421724922,5129.192284209253,5179.91245242779,336316,7300,62.88864662789817
2024-07-18,5074.04638671875,5143.947828221417,4995.568354714394,5113.976816314425,841644,13325,50.20019862249848
2024-07-19,5005.3427734375,5097.607185408688,4953.054713550733,5090.414323861081,370397,3859,73.69500287143651
2024-07-22,5038.03369140625,5062.794442809338,4970.575964798239,5000.0858777617905,415035,7495,56.63015375632739
2024-07-23,5084.51171875,5219.427622370522,4914.968407005529,5058.183523368832,908996,17951,46.10734349691975
2024-07-24,4996.16796875,5084.006093252504,4984.410109564626,5084.006093252504,723617,13570,55.676359019425156
2024-07-25,4982.74951171875,5026.1840592335775,4936.455650740112,4980.720524873406,438831,17316,73.27977174448903
2024-07-26,5052.55859375,5114.621905666994,4977.35459772222,4989.020146269598,517306,4779,48.84611321344511
2024-07-29,5002.25439453125,5102.126851908033,4977.309019612557,5076.859072461428,418301,6389,51.097692890485256
2024-07-30,5020.65087890625,5116.281629492429,4989.5735191363765,5030.518437073036,412385,6340,62.302050169669016
2024-07-31,5061.36572265625,5105.353670721244,4984.593832338105,5028.581780403099,870466,4017,46.71744211045408
2024-08-01,4990.2080078125,5097.595318057775,4947.057857976036,5097.595318057775,868140,13586,68.07853820797501
2024-08-02,4899.49560546875,4992.298137491515,4864.427547325863,4946.6863473079175,402666,11378,62.03579304487584
2024-08-05,4815.6103515625,4874.227510300588,4759.037075523139,4812.03378363541,439371,4836,66.57280053765787
2024-08-06,4806.22802734375,4881.752354037574,4791.550717246281,4830.799072772387,552856,15355,59.71754889425112
2024-08-07,4868.79296875,4937.164155349303,4852.1184967327445,4858.435210024339,515480,15094,66.73665836410373
2024-08-08,4792.38623046875,4878.872038394662,4781.238769604177,4863.079802169851,243559,13665,64.96108325993731
2024-08-09,4837.2548828125,4873.901887115161,4821.973390913986,4835.164733965116,333635,10369,53.87624001347433
2024-08-12,4934.470703125,4946.686373121564,4816.632646879871,4844.315330029042,569618,4863,47.48606810464237
2024-08-13,4872.83447265625,5023.139241686905,4845.430294419026,4969.910290479637,1042924,8901,48.0349333537632
2024-08-14,4712.07861328125,4921.232769313528,4636.415036784376,4904.883068367362,2185163,8732,70.13309896849871
2024-08-16,4763.77490234375,4773.854156242566,4663.4010281928395,4756.250275057513,679493,12998,72.97565298328414
2024-08-19,4820.25537109375,4852.8617881450855,4744.684777606406,4783.190150681287,714915,5758,58.80242509945248
2024-08-20,4871.8125,4969.910258626878,4821.277428462336,4829.638025159092,962948,3658,51.6818465830267
2024-08-21,4909.24951171875,4928.293092484127,4844.501155679915,4871.812346644666,612911,12853,65.56097452805466
2024-08-22,4951.28466796875,5000.565557088307,4889.509150683524,4909.527952667974,761731,17943,55.479690678754814
2024-08-23,5002.33056640625,5057.045934787423,4937.396691232309,4951.331018676991,757678,13400,49.44377599087392
2024-08-26,4964.10400390625,5039.581608644006,4948.544005391082,5025.647281615497,553070,13131,68.71762911748236
2024-08-27,4975.99462890625,5013.524780605725,4947.615229930792,4973.625974661934,672259,5367,47.016914472534395
2024-08-28,4934.05224609375,5000.7514973846055,4891.877773402894,4983.844332378755,688591,5507,47.65993503009889
2024-08-29,4992.66943359375,5004.559878029372,4915.008692647836,4923.462275197111,516725,15119,71.66109224636298
2024-08-30,5067.82177734375,5125.974459795112,5003.213128827646,5016.357753333383,1569946,11391,64.54514193130905
2024-09-02,5181.89794921875,5229.134957090986,5125.0457109559275,5141.766904140122,1054947,7360,78.52251216846676
2024-09-03,5245.345703125,5294.115852671456,5155.608537241237,5204.007195414195,805935,7310,68.22225145820337
2024-09-04,5279.94873046875,5285.104250013789,5206.793513838107,5206.793513838107,532554,16697,66.08509789572159
2024-09-05,5326.81494140625,5387.011055258667,5248.596734300994,5285.754941269497,817503,10148,51.83732397266686
2024-09-06,5335.6865234375,5360.350102992841,5248.318466784091,5313.623837051143,683920,11472,70.56103456930636
2024-09-09,5337.1259765625,5360.396575812158,5282.178368771451,5335.732543802331,469914,10100,60.53316655944921
2024-09-10,5266.8974609375,5447.532526807413,5256.260742497166,5385.153276058158,775935,5876,55.02778041753908
2024-09-11,5252.73046875,5303.126284096631,5204.331816196529,5293.1862828589965,592210,9525,55.26464468582835
2024-09-12,5390.86572265625,5404.660796673008,5253.241114676153,5295.044094368537,855863,15354,51.93621694586432
2024-09-13,5384.03759765625,5431.693264763859,5360.0707383562885,5412.928190967738,332581,14210,76.68759350032079
2024-09-16,5368.8505859375,5408.841927900865,5320.12670177557,5369.3613298869905,333195,16932,46.7995056766144
2024-09-17,5537.6875,5559.750184327968,5354.125875673033,5387.939751672149,1250736,10373,71.59094022513914
2024-09-18,5540.98486328125,5709.3117067281955,5506.9387500112125,5560.074708910459,1446956,15929,78.93744321857781
2024-09-19,5579.3505859375,5629.467894920405,5555.244473294759,5573.730589030104,532623,9664,64.08674848077773
2024-09-20,5586.03955078125,5659.194768778842,5560.493284178916,5619.01745857699,993542,7205,48.59257559951915
2024-09-23,5750.7431640625,5768.811523297465,5577.7252661214125,5620.178698220558,887240,6606,56.0485159298926
2024-09-24,5691.05810546875,5802.486464029237,5676.194822150845,5751.161688822094,631130,6145,48.688054403032375
2024-09-25,5655.75732421875,5730.166720687889,5605.1759896552885,5707.500306283553,341785,5780,75.24765258671513
2024-09-26,5621.52587890625,5634.113039875353,5484.644245496195,5578.933194143738,1255943,12058,55.539955253619326
2024-09-27,5534.111328125,5656.686694093789,5518.458342352659,5636.993116091595,718197,7565,78.0422308859693
2024-09-30,5306.56298828125,5471.545503694975,5286.218962440791,5471.545503694975,1346723,10474,68.97499120688546
2024-10-01,5341.5849609375,5382.366000252204,5262.530788993568,5306.563171249397,742940,16202,61.30342063782408
2024-10-03,5260.44091796875,5326.025244051223,5222.585994582193,5326.025244051223,1219791,17807,63.622956248452454
2024-10-04,5128.6220703125,5248.550269486106,5094.389982719097,5245.8559367096705,943922,9030,46.39256458188331
2024-10-07,5110.69287109375,5209.998536529848,5049.89303050069,5174.233764325211,682783,7330,71.94801300597165
2024-10-08,5136.98291015625,5151.056490462408,5026.576495922829,5073.95321026252,473756,7351,71.50014091668194
2024-10-09,5159.97412109375,5191.001130907387,5137.121734774132,5147.386507256078,439340,5894,48.022151243300144
2024-10-10,5068.47216796875,5197.457678295578,5058.160675322821,5191.001258715137,579335,8736,65.8016487511032
2024-10-11,5087.23681640625,5098.430997920314,5053.515926495048,5072.559506732759,303034,8847,69.13794240928911
2024-10-14,5160.67138671875,5178.925265771303,5109.114372862193,5112.969446243095,407147,12736,75.96302372832415
2024-10-15,5114.50146484375,5190.6757816920945,5075.8105763335625,5169.635039768717,302887,3004,72.82526736727573
2024-10-16,5014.68505859375,5126.902641071234,5004.2805811652,5114.501001112476,504211,16489,75.31451836101574
2024-10-17,4846.77734375,4982.032853924608,4737.671377358395,4982.032853924608,1947589,6610,77.51703182046191
2024-10-18,4845.61572265625,4912.918246782518,4780.449160209424,4846.776916518932,427617,3647,55.80528603823688
2024-10-21,4869.81494140625,4880.590911435947,4723.783016197648,4845.615842147745,740720,4232,66.64279117996955
2024-10-22,4808.08642578125,4899.681504611844,4788.764337920298,4889.091505426679,531833,13414,48.210315732666864
2024-10-23,4780.12451171875,4904.8830020969035,4756.760927727716,4808.085697778067,411524,16889,65.44817362842198
2024-10-24,4750.30517578125,4859.55039282998,4731.726072663826,4793.454870616636,349453,13466,57.082515610267606
2024-10-25,4619.97216796875,4779.195433278457,4528.6560640521975,4756.250061117385,709797,12354,52.36884456603312
2024-10-28,4577.705078125,4659.499852512959,4548.210751652522,4619.972538109182,419927,13184,75.63208229771683
2024-10-29,4447.32666015625,4607.571428786553,4407.89233130893,4577.751876775331,953917,9599,71.48250822923227
2024-10-30,4560.51953125,4679.611768003289,4403.340585311311,4407.892375022453,1039340,14940,59.89127185934836
2024-10-31,4635.068359375,4670.322391584443,4570.413438617249,4586.251943759799,897452,7618,71.9150573641589
2024-11-01,4663.81884765625,4684.72033636699,4654.204072131043,4681.654966125948,49631,8248,53.38733769696735
2024-11-04,4464.60498046875,4763.217812479998,4390.706775365521,4763.217812479998,1676556,7843,60.54314527614868
2024-11-05,4478.21484375,4531.722304335942,4422.663046545591,4475.706483088779,673746,12651,67.5498075503387
2024-11-06,4545.19140625,4570.459166820186,4497.0717127188045,4512.86394967733,602657,14778,57.484093313833164
2024-11-07,4473.84765625,4567.625852823257,4447.883180379868,4567.625852823257,373373,11990,74.10483886065478
2024-11-08,4430.09423828125,4488.711400475104,4399.485437454783,4486.853490127225,333494,5693,66.77864427104409
2024-11-11,4419.50390625,4446.118379255126,4382.391968417305,4424.613159320809,424955,12107,45.577264188126165
2024-11-12,4388.56982421875,4455.4545907994025,4368.6898223897515,4419.503847325761,310558,6431,49.21307082522986
2024-11-13,4198.505859375,4363.070176329423,4172.86660607266,4358.3324142640895,1304908,3254,50.24286026128943
2024-11-14,4276.90869140625,4301.061520680048,4149.64186023278,4198.504982481875,889483,14854,59.63086346745874
2024-11-18,4396.7451171875,4496.097060779827,4379.1879540044865,4490.708848274311,1783519,17446,55.852027763801644
2024-11-19,4436.50390625,4509.10211544262,4398.138239279702,4421.780329722419,704072,6149,62.57052641955423
2024-11-21,4429.119140625,4477.564063582198,4404.362575265592,4458.938693260499,572418,4003,70.76945653350836
2024-11-22,4453.50390625,4466.787783252386,4405.105252967489,4438.919129184688,394712,10159,49.117810748324054
2024-11-25,4513.142578125,4559.915560172325,4472.919001973708,4505.432431894597,1174601,12293,51.18171367434522
2024-11-26,4494.935546875,4534.4624077844055,4459.960021973087,4514.722110490594,384827,9036,57.507099719462964
2024-11-27,4525.17333984375,4545.749608268914,4468.832293674889,4498.0013983112,296689,5762,63.448958313944956
2024-11-28,4443.65673828125,4561.123292573582,4421.919279574251,4546.306277233916,778790,10701,56.436262984194286
2024-11-29,4423.4052734375,4463.118100302494,4395.9081142934165,4457.869141598161,462448,6459,67.81021126589603
2024-12-02,4411.09765625,4439.477057173053,4361.073326249696,4397.209594084254,510429,11591,56.56825425925479
2024-12-03,4363.302734375,4444.121839738131,4356.800047736588,4412.537361780126,664696,17484,69.20440441838232
2024-12-04,4306.49658203125,4389.3128383044805,4287.592255067582,4370.780002661763,586762,5390,50.208825999751696
2024-12-05,4314.392578125,4345.698091887622,4262.417360424958,4325.214813992429,796988,6559,76.46048406017714
2024-12-06,4300.69091796875,4384.668374075995,4287.1280818560845,4326.0979324224045,733835,11463,73.47518026157113
2024-12-09,4269.431640625,4328.5595457242025,4263.904175997338,4309.376712426282,329145,8604,52.33731718140817
2024-12-10,4262.3251953125,4287.0822156165805,4237.615348517244,4273.194153182166,384707,14001,51.83337630670489
2024-12-11,4320.0595703125,4323.682404605056,4260.420469466897,4260.420469466897,571443,13730,49.04659362944008
2024-12-12,4233.01611328125,4329.069979026091,4219.3140256813385,4320.059386793164,821540,7707,75.63184325340049
2024-12-13,4250.3876953125,4257.401124718559,4180.297853203909,4233.016053908203,552194,7448,57.60292062680573
2024-12-16,4216.52734375,4263.904055477528,4194.8828706129925,4263.904055477528,835965,10930,78.49315537413023
2024-12-17,4101.4296875,4234.688022320873,4083.315063338091,4192.652804714392,778939,9990,67.97446305871459
2024-12-18,4077.602294921875,4115.17825794241,4061.577818858217,4085.9628911290006,738092,9965,45.32526856344488
2024-12-19,4093.859130859375,4141.37509665705,4017.7310739295194,4021.9576384782545,691740,4282,55.37266284475686
2024-12-20,4031.61962890625,4144.580227521664,4017.731566102452,4093.8596323580105,800108,17885,76.78348297578555
2024-12-23,3969.053955078125,4064.643351473695,3955.8163438888896,4054.8893221763633,931177,5183,75.89281816347084
2024-12-24,3956.5126953125,4008.441193872908,3948.0591133163057,3969.0535889665634,561434,14096,55.16472600726668
2024-12-26,3971.283203125,4001.7994700357094,3953.261564219737,3966.6384274488305,375676,8175,52.133984284073755
2024-12-27,3936.86572265625,4039.7007872592876,3928.1331812327867,3976.392583487512,744900,16973,59.78022751499975
2024-12-30,3890.092529296875,3970.3541604940647,3872.1171571079517,3950.613864305366,1819173,5176,77.0918871947408
2024-12-31,3865.0107421875,3917.821931193526,3855.1637272502267,3866.682679957954,492605,6959,45.28622611004331
2025-01-01,3887.073486328125,3898.8246779964734,3836.584684328195,3878.201692687749,329310,12994,54.4716611522436
2025-01-02,4005.18994140625,4015.08322257154,3851.4478712908067,3887.677120441878,1062633,8042,71.47140211702212
2025-01-03,3941.649658203125,3994.3211426593584,3866.7295166342396,3962.411896368618,1269643,17083,54.2984012988368
2025-01-06,3904.21240234375,3994.5070215702094,3890.2318092048013,3956.419861597098,813031,4327,53.68188011451828
2025-01-07,3866.357666015625,3924.6963225771806,3860.0872186470683,3901.7046822258053,396158,4840,51.45800458935598
2025-01-08,3844.109130859375,3898.8244946889195,3808.7158513758804,3898.8244946889195,438731,16717,63.584707909504345
2025-01-09,3847.035400390625,3868.540620754523,3820.1886880732723,3854.560027599853,340998,12002,54.19850123740568
2025-01-10,3829.3388671875,3868.1690086524163,3796.0820026912475,3850.5188618790266,355269,12314,48.01867756422581
2025-01-13,3756.369384765625,3829.1068448398796,3713.498195503294,3808.7160979520963,801718,5214,46.468571756149345
2025-01-14,3811.177734375,3840.5328076711094,3769.4677390886964,3778.0605741787267,242769,3516,45.330860992729534
2025-01-15,3819.7705078125,3861.8524473506363,3793.0630478286093,3830.2679729349047,281045,12982,74.71397768246345
2025-01-16,3784.656494140625,3878.3879836745004,3769.6537314916227,3873.7432076461478,349664,16633,57.88213882282468
2025-01-17,3806.858154296875,3831.93994301479,3762.2683076872486,3786.4211412674626,211342,10000,46.343328734652836
2025-01-20,3801.377685546875,3824.9730570383745,3758.1347753898867,3824.9730570383745,254936,16465,59.45498580221691
2025-01-21,3738.858642578125,3826.366170230822,3725.1100613317785,3802.120350684428,287082,17641,55.342601352293954
2025-01-22,3767.563232421875,3782.705246227354,3740.902265854016,3740.902265854016,272889,13471,49.794846880995664
2025-01-23,3809.04150390625,3822.6506067210103,3739.0446396238317,3767.563518596729,282745,13554,47.38535327609008
2025-01-24,3764.033203125,3831.939913893114,3754.0006691506287,3813.407077600282,216273,10556,53.29670148350957
2025-01-27,3730.63720703125,3785.3063056562873,3715.82041847173,3757.623398179537,328160,6788,70.68639789293424
2025-01-28,3740.298828125,3773.69472191913,3715.8207680968812,3734.3998719373653,444089,4297,68.35456026120339
2025-01-29,3783.123291015625,3822.464404872643,3746.5225494454335,3749.2629217322597,479893,3767,72.15223267036833
2025-01-30,3880.988525390625,3889.5350939454665,3771.604286623357,3789.3936864828374,807120,3755,54.43311567732947
2025-01-31,4030.875732421875,4062.1349831526513,3879.316787258629,3890.4642492909816,1056018,11685,50.428958450513136
2025-02-01,4089.400146484375,4201.618209640005,3935.1005931400196,4022.376117825951,1141242,15739,54.69449035202054
2025-02-03,3982.10546875,4115.271279074443,3927.808312854736,4105.98172765441,846135,5547,63.04636672350564
2025-02-04,3936.076171875,4040.9551233229627,3920.1909472236557,4016.8022881031015,554233,9361,58.99641287847554
2025-02-05,3967.009765625,3985.217376290894,3913.3163423180436,3936.911711123732,408928,4798,70.2314504479492
2025-02-06,3929.526611328125,4026.6954122326147,3917.3109416358034,3984.288699700409,576470,8999,78.55159080543487
2025-02-07,3970.95849609375,4013.040441363973,3916.1038696393266,4013.040441363973,1344288,17798,66.18750967031781
2025-02-10,3898.31396484375,4013.968879362974,3873.8359062734144,4000.3593237372097,779450,9606,75.4738813009965
2025-02-11,3795.292724609375,3937.8408457470246,3781.776381938225,3901.6115952199816,593081,4681,66.82171570979165
2025-02-12,3824.051025390625,3872.473703117973,3766.248694438756,3815.718722216332,619474,17464,70.00612541422367
2025-02-13,3767.677001953125,3832.954690663012,3756.7736348349617,3813.8141073917614,557075,13586,67.64357423954426
2025-02-14,3678.021484375,3791.0553181564164,3666.2135130676297,3771.010130243584,475952,6183,68.97168451268739
2025-02-17,3691.400634765625,3700.6375413074547,3578.271720119957,3661.499663283133,913565,17707,50.98904085515708
2025-02-18,3657.1669921875,3706.1132299828973,3628.1229632168665,3694.7813903625834,482022,13333,73.12010699482981
2025-02-19,3693.97216796875,3712.779368554967,3632.8845689325403,3657.5480959473425,453662,15542,69.47603168736069
2025-02-20,3722.492431640625,3750.012747074416,3671.451027512801,3680.0213969195224,438563,10969,52.64638263458439
2025-02-21,3668.689453125,3729.87236632346,3645.8825625274767,3713.826637727539,426337,8490,65.13809567411627
2025-02-24,3699.39990234375,3705.3515475317067,3618.695593595059,3656.5480569904626,272543,17574,64.57481268782061
2025-02-25,3645.501708984375,3697.9238462749395,3634.88406696801,3691.92454143079,661184,8037,77.80304751684977
2025-02-27,3580.081298828125,3628.408658101387,3547.41862330483,3626.3611526503423,877741,14065,49.14308641699209
2025-02-28,3505.37646484375,3568.0828625518834,3487.3308896378694,3566.7974466112323,995134,3164,62.88512538941467
2025-03-03,3457.4296875,3537.6578638194587,3444.336068219376,3470.094834828667,691809,11685,65.33099713745852
2025-03-04,3347.0625,3466.14283067497,3328.1599819293506,3451.95420157193,946922,7247,46.108196254010835
2025-03-05,3417.4345703125,3437.289351092677,3345.776764275296,3347.2051590800243,611959,17631,55.39807198853788
2025-03-06,3474.570556640625,3483.378991761948,3411.6735220608707,3456.2394889557104,654829,7036,72.63020969718356
2025-03-07,3478.1416015625,3555.4653327646197,3451.9543615781145,3489.0926291923342,621576,6321,47.83467394910829
2025-03-10,3411.816650390625,3490.7591848039915,3405.0078283179178,3478.6178277539334,675889,7244,69.89982217130806
2025-03-11,3476.3798828125,3488.616559069975,3383.153399818713,3408.150311153662,618870,3173,65.70737304835849
2025-03-12,3437.908447265625,3494.2823859711166,3425.2909590234617,3476.3797901189687,385877,8223,46.27251323653869
2025-03-13,3360.679931640625,3452.4782532370255,3356.1092537903123,3451.954461924881,359751,4776,56.4861943882504
2025-03-17,3326.3505859375,3379.5820043671474,3296.35429595791,3319.5894244079673,673556,7329,51.53231236862245
2025-03-18,3326.3505859375,3326.3505859375,3326.3505859375,3326.3505859375,0,11790,57.49129089814218
2025-03-19,3368.155029296875,3417.5299705438165,3346.3957215952005,3413.86366413042,674188,4284,57.24772014364959
2025-03-20,3425.43359375,3460.5245868616416,3391.2474366981346,3408.150109074798,771668,8548,45.02978560227548
2025-03-21,3455.76318359375,3534.705710582741,3439.336643247376,3455.76318359375,1195882,10738,62.32936507926645
2025-03-24,3453.23974609375,3511.3278012563947,3411.816296920388,3483.378783359915,663262,12586,71.73105070693016
2025-03-25,3454.763427734375,3500.2339981376495,3442.4316650855853,3478.1415371300413,544164,5976,76.05934951095628
2025-03-26,3471.904296875,3494.1397376986265,3433.2899739549594,3475.7610096980607,755658,9958,77.19247110545155
2025-03-27,3591.984619140625,3608.1254346431856,3438.0036989495975,3460.5246316952594,1525094,5516,63.71407139075934
2025-03-28,3545.228515625,3626.9327511739466,3530.3733480163787,3598.602918723031,509889,8925,77.58800758176068
2025-04-01,3582.4619140625,3634.407919511811,3530.3731621238167,3530.3731621238167,506307,12844,50.57284327204798
2025-04-02,3603.31640625,3608.8872391455043,3554.703321812856,3590.0323806754977,321687,6153,68.24075468510026
2025-04-03,3574.177490234375,3625.3616417527905,3557.3222441175276,3599.555213760207,339509,5954,46.93283085183119
2025-04-04,3484.521484375,3566.178054464717,3459.1437628750987,3566.178054464717,330498,8904,61.24791522841173
2025-04-07,3358.537109375,3375.773166917044,3184.3682567477,3312.8761337696405,605866,16793,59.06529527491668
2025-04-08,3403.53125,3449.9540786364532,3342.6817276125125,3428.1473454611623,450859,5765,55.96374596099166
2025-04-09,3438.52734375,3503.1384995219146,3369.1074444603555,3418.6251344298125,584571,12654,64.8727480828028
2025-04-11,3490.9970703125,3527.278393088438,3447.6214328298006,3447.6214328298006,436704,17215,70.9565060074199
2025-04-15,3622.314208984375,3633.836687702421,3510.5185925615765,3570.0350477453817,604277,5631,52.91863968664192
2025-04-16,3601.3642578125,3634.4079782610775,3563.3690474945483,3627.1706846356856,491227,12149,56.511342562878816
2025-04-17,3591.74658203125,3616.3150204413,3489.3782823944966,3601.3643013891556,970749,3757,61.676730206903336
2025-04-21,3730.01513671875,3744.7752170402055,3576.7007540249233,3612.8867573936527,1031160,12080,77.0620455618425
2025-04-22,3650.5966796875,3716.5883403851944,3638.7884752764103,3714.77913310975,927543,10537,49.118407894533135
2025-04-23,3752.39306640625,3765.4390254945506,3640.121330310663,3677.735725976961,800615,5463,47.800857203710535
2025-04-24,3765.724853515625,3797.625670962274,3737.5377695832367,3752.488487927738,1227984,4120,73.65280965041234
2025-04-25,3709.54150390625,3803.4347536932014,3656.595574018662,3770.9624837552947,652719,13333,50.103695322188
2025-04-28,3724.96826171875,3747.1560428534613,3662.8807417626017,3709.0655112869713,521342,17584,74.47538089778256
2025-04-29,3668.784423828125,3765.153414213325,3662.785119106004,3747.631864138247,428581,12596,74.17614911650128
2025-04-30,3644.6923828125,3682.8782333133254,3624.7901732662376,3668.78469028008,892342,6904,63.36672175384212
2025-05-02,3558.988525390625,3727.15830587018,3547.180554258155,3622.028537605549,881303,7158,56.31622006252148
2025-05-05,3587.746826171875,3613.362612549564,3563.654521380407,3589.079901620584,640182,10819,77.56990581311265
2025-05-06,3687.73486328125,3721.444890327112,3600.5074540242604,3604.3165071361614,1210118,6574,66.67257037389355
2025-05-07,3683.354248046875,3708.874949623643,3631.551220282866,3637.645612083522,448141,14824,67.26365349375746
2025-05-08,3619.076416015625,3690.020026854505,3595.460241346528,3684.306447458085,739365,12893,78.3788486332311
2025-05-09,3669.927001953125,3710.1126944177513,3556.703002057448,3556.703002057448,859973,11330,73.7192218063395
2025-05-12,3794.673583984375,3808.5767198867798,3723.349162334619,3742.2991072763434,547435,16406,74.82716323636326
2025-05-13,3869.6171875,3902.755763911114,3768.581959716918,3808.10088614225,1197629,14663,66.48840787269106
2025-05-14,3873.044921875,3911.7066691152,3745.251244248616,3875.7113053882194,1199813,5687,70.61399389707012
2025-05-15,4118.53857421875,4139.488365810152,3873.045060800459,3888.0908667133313,2629014,16817,46.16791410472014
2025-05-16,4137.869140625,4154.724385431727,4089.303716912642,4123.2996995002,765257,6461,76.87039472578059
2025-05-19,4178.24560546875,4241.9519232506,4116.729307150685,4116.729307150685,753807,4376,54.5186843979919
2025-05-20,4039.119873046875,4225.382656766118,4029.4066019588145,4198.528647267802,842529,12978,57.884988421640216
2025-05-21,4060.260009765625,4084.161911220483,4010.932957577315,4038.548592850283,396931,16962,61.894456234534324
2025-05-22,4072.162841796875,4079.495454255845,4002.2668175312,4047.118506206195,394809,16565,62.53900084469705
2025-05-23,4103.11181640625,4128.06130021887,4072.258579267587,4084.161870214008,461297,10148,66.92991128983677
2025-05-26,4151.29638671875,4207.38460006349,4094.732041741249,4104.15935507545,765160,14018,75.42582501439855
2025-05-27,4131.1083984375,4166.0561788789855,4094.7317582243677,4161.866313795255,411809,13628,69.6153070418377
2025-05-28,4153.962890625,4174.150592325294,4104.730695138657,4159.4858314269,424160,13471,58.923312583953226
2025-05-29,4148.63037109375,4174.722292426956,4125.29992032631,4174.722292426956,369150,13664,63.1033773756798
2025-05-30,4103.587890625,4170.913089264837,4084.5426253772152,4134.34627298355,914311,13804,78.77507372132033
2025-06-02,4030.263671875,4112.539590794089,3995.696700989299,4104.350033636495,771163,10159,68.24851042431031
2025-06-03,4007.695068359375,4076.1627006723234,4000.457774915181,4047.1186725516586,417447,9917,63.13402447022642
2025-06-04,4000.0771484375,4038.26299821034,3991.2208211239745,4011.8851198832385,353642,7958,68.56928025570528
2025-06-05,3979.4130859375,4025.978669185533,3973.6041867041963,4025.978669185533,394746,10415,69.63575302768602
2025-06-06,4064.25927734375,4091.779590421284,3959.605646209786,3989.0304856590838,551467,10798,48.92017328194666
2025-06-09,4141.7734375,4151.867520337475,4070.9251489547487,4099.397725423161,495256,9816,49.20934176545754
2025-06-10,4169.9609375,4182.340360242065,4123.014543397864,4161.485887232587,469185,9183,71.54123718456256
2025-06-11,4199.76611328125,4272.519392150703,4157.485721118774,4166.151409044037,1241569,11501,61.09949920674126
2025-06-12,4154.53369140625,4213.764648270277,4132.8222764955935,4199.766193280338,813687,17722,54.9351128624496
2025-06-13,4126.91845703125,4139.488518438483,4048.452054990209,4062.4505113313403,521000,14505,47.95989244453484
2025-06-16,4156.1533203125,4203.385674662792,4106.635626955586,4109.96854862384,360242,9069,67.23187190531624
2025-06-17,4162.3427734375,4180.435775655599,4126.91839363209,4160.438246888227,331648,15265,62.73269107657458
2025-06-18,4149.8681640625,4220.43096796082,4142.345376947105,4144.2499035571955,370443,17862,77.8443340129142
2025-06-19,4175.0078125,4193.767585554189,4142.630860204623,4166.056630448094,425692,5739,54.305949795061046
2025-06-20,4131.39404296875,4173.198305969759,4004.1715818423063,4171.389098818626,1159015,8029,76.33653498753726
2025-06-23,4050.071044921875,4118.253188692946,4042.3576193674903,4113.777365292711,580717,15790,74.42706801615624
2025-06-24,4087.590087890625,4123.299960527992,4058.5460581455663,4078.638906143985,469217,13437,75.32798222964766
2025-06-25,4095.49365234375,4149.867977613319,4085.209395100248,4096.160422616251,412213,16433,72.46386234752745
2025-06-26,4073.7822265625,4118.443280465138,4045.3096480809845,4100.350278523883,795726,3325,67.72661902171755
2025-06-27,4114.06298828125,4142.250075224837,4080.44827945923,4093.779965786518,543489,10562,61.3867299293579
2025-06-30,4034.834716796875,4136.631565409761,4009.980552932897,4136.631565409761,871009,3046,52.808675054489015
2025-07-01,4024.264404296875,4060.4504069857726,3990.0782473826093,4055.0223205935263,480538,11928,68.33487249169478
2025-07-02,4041.119873046875,4118.157879513495,4028.1689994260764,4079.8767096143692,808159,4038,57.776377827728325
2025-07-03,4104.826171875,4142.345251967324,4035.6917650201194,4041.4053446780053,650625,6386,77.47197532684719
2025-07-04,4137.58349609375,4165.865898385065,4101.492814749431,4118.538232590442,437195,10537,60.41750149465793
2025-07-07,4101.3974609375,4151.486596524314,4088.065776597327,4132.8221454536215,353771,9589,72.37802814613306
2025-07-08,4095.113037109375,4122.34786071517,4037.5964262952925,4099.588860646318,467771,17820,45.38722853015509
2025-07-09,4126.25146484375,4136.63103997447,4085.399469529056,4094.7314622215054,276485,17154,70.28256654848764
2025-07-10,4115.0146484375,4141.297204910572,4104.254260610877,4123.394843312585,368728,15368,77.05253815615458
2025-07-11,4017.31298828125,4132.822329615466,3989.982848177143,4094.8271205473256,556464,16344,73.61637311589409
2025-07-14,4048.738037109375,4055.6893731735536,3996.8396875348367,4017.5988413757273,293675,13071,58.51493677349311
2025-07-15,4241.38037109375,4251.855266487111,4056.7366261997727,4071.6868797323873,1756329,9465,71.16686719277789
2025-07-16,4213.28857421875,4256.616550289934,4162.342492464721,4241.380338924243,791606,5909,56.13912033690522
2025-07-17,4231.47705078125,4250.8078086763635,4201.385439228402,4225.192020366369,414759,9727,66.3088842338343
2025-07-18,4186.81591796875,4269.948311733254,4177.769417308298,4237.57136200111,370997,3665,45.45474924704321
2025-07-21,4197.76708984375,4210.908136846348,4138.726767707958,4199.48097772329,269975,9851,67.61445151832474
2025-07-22,4135.10791015625,4220.145298729109,4112.634404101189,4207.099106005857,463290,8205,72.58494672843455
2025-07-23,4155.39111328125,4168.05602785677,4119.3952853253095,4151.867553451112,376802,17216,64.31038567406954
2025-07-24,4158.484375,4175.981056698354,4113.244769020328,4166.314433881923,584473,14971,70.17538341952918
2025-07-25,4089.658203125,4147.754227219877,4055.1481717182137,4135.381139120505,630896,5392,58.42777775310739
2025-07-28,4148.04443359375,4163.414268813324,4074.9646738292477,4074.9646738292477,462891,11431,72.32280081328742
2025-07-29,4181.00830078125,4189.901311445611,4123.395128725488,4146.981596317909,422393,8056,63.518178031480005
2025-07-30,4109.57080078125,4181.587134308381,4075.158004241846,4167.280722623665,547169,9001,57.908043513241964
2025-07-31,4118.65771484375,4159.547336015459,4060.9477942367985,4069.6477538055037,446590,17425,56.07023462633802
2025-08-01,4167.86083984375,4177.914032332607,4098.6477318579955,4113.24442549234,473918,5962,69.22612959478187
2025-08-04,4384.68310546875,4398.313137283798,4166.410963193333,4172.017415314369,1454995,3131,74.69715248463689
2025-08-05,4395.22021484375,4428.763587424019,4365.350442420971,4384.780450192153,803505,8478,72.37607783649285
2025-08-06,4325.716796875,4398.216465436459,4313.343708908398,4397.926655563433,574216,15780,72.22185453299787
2025-08-07,4505.32275390625,4519.049074095443,4274.870105288517,4282.313593111617,2121194,13116,46.554920141073964
2025-08-08,4446.45263671875,4554.912325285896,4435.142972084014,4504.645890456764,972461,12349,58.51033498517352
2025-08-11,4410.1064453125,4470.522832369612,4387.6796936356905,4449.546073982173,455558,10127,52.76657023259395
2025-08-12,4490.33984375,4513.92630914891,4418.613313263333,4436.013234426917,723767,12868,54.482100144723944
2025-08-13,4609.72265625,4633.695692267428,4495.173174757627,4512.669384623625,1342794,5137,78.75383876588515
2025-08-14,4551.142578125,4614.362194103434,4534.129228331865,4610.9788762696935,373862,10074,64.41393680845576
2025-08-18,4817.8447265625,4948.344132277977,4736.645096339536,4736.645096339536,3698091,5777,70.43156772975752
2025-08-19,4947.5712890625,4967.677676574312,4817.845016549206,4817.845016549206,1509894,11399,76.7955347248462
2025-08-20,4964.77734375,4992.8105491566885,4940.707547991075,4949.310747663551,916240,4190,77.859294608203
2025-08-21,4927.17431640625,4986.913855473805,4871.97780677413,4964.777384046018,819430,4341,53.93277310161891
2025-08-22,4831.28125,4952.500603885235,4815.911414354799,4927.1743356908255,1357460,6625,52.98385775534526
2025-08-25,4894.984375,4910.547732459425,4810.111613704121,4842.97813196496,693190,16189,53.45527051924573
2025-08-26,4904.26416015625,4971.543947093848,4872.944397686193,4894.984108164331,1662083,15416,60.93895457106986
2025-08-28,4921.95458984375,5071.110392966802,4909.097698135147,5055.643796266941,1584393,3940,48.26416027577445
2025-08-29,4918.08740234375,4976.666753330022,4892.66390359932,4929.493827360141,783364,4785,57.2908594433775
2025-09-01,5069.1767578125,5084.16002244753,4939.160687269826,4943.027336207898,659443,14105,63.86316904203094
2025-09-02,5134.90966796875,5169.709507586008,5034.376797963338,5113.643099313758,962257,7376,78.14201359039184
2025-09-03,5170.6767578125,5184.693361474546,5081.260493071865,5147.476862096011,659989,13638,45.465503099021355
2025-09-04,5172.60986328125,5335.009126415477,5162.943240475641,5321.475854487625,1187848,8053,52.355537965779014
2025-09-05,5184.20947265625,5238.825887947146,5170.192870501949,5181.309486003635,517415,6761,59.26730851450482
2025-09-08,5261.54248046875,5340.325451653428,5157.142960371262,5190.976138180633,726543,16646,57.02836962644845
2025-09-09,5242.69287109375,5305.042588100397,5211.276347020634,5283.292686819008,608443,11793,51.960963213221845
2025-09-10,5172.12646484375,5276.042658651936,5140.226610000306,5268.309360508071,536616,4908,69.12605430490504
2025-09-11,5125.2431640625,5184.209560329534,5109.776568320328,5172.126282405961,765635,6326,48.677373046750105
2025-09-12,5124.759765625,5209.826041089491,5109.776501196595,5129.109745620343,537933,10582,78.80042894406444
2025-09-15,5112.193359375,5177.443061891368,5092.376783055214,5146.509869587312,588879,11478,67.1780243850147
2025-09-16,5138.77685546875,5170.676711795023,5107.843661455394,5130.076894652493,925160,15091,60.15313108104657
2025-09-17,5171.64306640625,5208.3762321115655,5133.459907317831,5165.843092873832,616629,8717,50.08375686632981
2025-09-18,5190.9765625,5207.409821636406,5161.976693435754,5181.309939478585,420977,3762,52.60297489406855
2025-09-19,5227.70947265625,5253.809353529349,5192.909631492118,5210.3095520741845,579031,12469,74.16555613495348
2025-09-22,5248.49267578125,5315.675702020645,5219.976139463809,5228.6760996962485,672445,15154,77.63559091435403
2025-09-23,5191.4599609375,5330.176003092705,5172.610045801427,5268.309614953799,507377,3526,45.95904381781286
2025-09-24,5101.07666015625,5196.776222285389,5089.4767132315055,5190.976248823017,410267,11295,55.57408020210073
2025-09-25,5175.9931640625,5194.843078470796,5056.6103728099615,5094.310201626553,640474,16048,46.888956345175146
2025-09-26,5150.37646484375,5272.175908269109,5131.526550980301,5175.993014453052,689941,12769,46.92755256125057
2025-09-29,5123.79345703125,5248.009561026819,5093.343594962297,5150.37666994859,8318930,4663,68.61145432235308
2025-09-30,5290.05908203125,5300.692366618247,5145.543077871603,5145.543077871603,1141788,13282,77.98801542065073
2025-10-01,5251.392578125,5335.008861237345,5229.642677893465,5290.059067425506,701001,9202,53.425360131484666
2025-10-03,5365.458984375,5397.842170750383,5191.459773999809,5282.809359446784,1634394,3159,50.96690742270562
2025-10-06,5395.42529296875,5408.475233209739,5342.742200884759,5342.742200884759,844413,17147,58.317271618010004
2025-10-07,5427.80859375,5460.675110613312,5386.7254476708595,5395.42540801703,858678,15621,72.76810167433281
2025-10-08,5328.7255859375,5470.3416037769275,5309.392341181264,5424.908478599773,789561,15935,49.20098522370457
2025-10-09,5328.24267578125,5352.409233635845,5283.776209328794,5331.142662723802,872880,14752,63.393767825304174
2025-10-10,5316.642578125,5381.892282492898,5293.926014382102,5328.242525568182,835407,13028,51.74315747274537
2025-10-13,5373.67529296875,5394.941861856196,5301.658957418081,5316.642221861508,417645,4988,66.95835702347597
2025-10-14,5385.7587890625,5404.608703158653,5355.308927830252,5396.3920739372525,375269,3159,55.69398422731429
2025-10-15,5352.892578125,5422.008933761286,5265.409638473476,5393.975726580135,484777,17793,49.72872116509724
2025-10-16,5393.4921875,5424.9087115780985,5366.425643678869,5391.0755318016845,294066,16962,45.5893522591692
2025-10-17,5406.05859375,5437.475116646178,5365.458779545709,5395.908640198927,435204,6399,59.812144523192146
2025-10-20,5452.94189453125,5504.174995118053,5419.592046036067,5432.641986751573,368799,7816,64.53369847398457
2025-10-21,5458.2587890625,5479.042028939387,5443.275523104744,5478.075366619531,40575,4628,68.1940935218107
2025-10-23,5402.1923828125,5526.408491104779,5376.092500136301,5524.475166462098,489097,17767,76.1452955435056
2025-10-24,5355.79248046875,5437.475444930371,5301.659391594776,5427.808821917161,546761,11252,46.77099142347785
2025-10-27,5458.2587890625,5473.242055020256,5364.975875196471,5384.309121593576,424721,6065,64.3027177206634
2025-10-28,5422.49169921875,5476.14145219257,5389.141852775565,5451.974896798957,539756,14452,53.776312549976836
2025-10-29,5366.42578125,5450.525401707309,5342.742554799379,5449.558739403202,432099,11047,75.14613938985272
2025-10-30,5331.142578125,5401.225594791194,5309.876007550431,5384.792335710846,402078,14896,59.94981690871757
2025-10-31,5359.17578125,5437.475427404626,5317.609302427173,5330.659243452945,424188,7401,56.36217395135151
2025-11-03,5354.34228515625,5393.4921068837875,5299.242536058235,5393.4921068837875,223771,9750,75.86991503911453
2025-11-04,5132.009765625,5292.475695384606,5077.393349773086,5292.475695384606,2003141,11554,61.3174281415541
2025-11-06,5148.443359375,5228.192998343914,5128.1434512738215,5174.059910074106,815323,14504,71.14529012783623
2025-11-07,5119.443359375,5146.509902815805,5082.7101932767655,5128.1433197666875,436406,12669,69.0479488416281
2025-11-10,5180.826171875,5229.642614020664,5123.793100853332,5132.976391950042,347961,10872,64.98585497493966
2025-11-11,5236.892578125,5248.975855877942,5153.276296074642,5196.292764875116,348232,5902,77.12987372053736
2025-11-12,5349.50927734375,5371.742510697365,5240.75976637498,5258.643019289844,534031,4727,65.43560515304972
2025-11-13,5324.859375,5407.992334290188,5302.626141701461,5368.842510438413,585663,16421,74.36139546561614
2025-11-14,5353.85888671875,5441.825151716747,5280.392555511632,5337.425628422421,938647,14168,59.44325878877356
2025-11-17,5605.19091796875,5616.307533568757,5385.2752615338295,5402.675181603406,1770568,13460,45.75191751677842
2025-11-18,5606.158203125,5685.907845638632,5596.491579790014,5625.974780961721,1182455,10037,58.44093175713738
2025-11-19,5680.59130859375,5719.257802653778,5640.474821006472,5655.941418630483,935374,10438,56.12770319434247
2025-11-20,5799.490234375,5840.573380463997,5724.090578023429,5751.64045245958,1276202,17639,52.22553053255043
2025-11-21,5802.39013671875,5836.7066464819345,5758.890335610487,5770.973613696116,703572,8107,69.89853991635391
2025-11-24,5782.57373046875,5847.34010290964,5772.907107716378,5802.8736382487305,1349305,9626,46.24513885341643
2025-11-25,5878.75634765625,5884.556321032216,5770.49017797155,5799.973375966045,707293,5632,45.91555239253631
2025-11-26,5931.92333984375,5941.106631904129,5850.240373622484,5880.690236770057,452071,16190,62.55669737405684
2025-11-27,5945.939453125,5993.3059030035765,5893.7396920343235,5932.406181731121,352120,11197,59.82284665080747
2025-11-28,5968.65625,6031.005967082355,5923.706453963883,5946.906348692201,504441,14479,73.49979161191692
2025-12-01,6085.6220703125,6122.355235060633,6003.455780744306,6022.30569423348,912454,8841,51.16540300041268
2025-12-02,6061.45556640625,6128.6385919808035,6023.272407986181,6118.971969595976,809216,8978,77.88235752731946
2025-12-03,6004.4228515625,6084.172490981949,5984.606274494638,6084.172490981949,543787,13726,66.40566308817306
2025-12-04,6128.638671875,6139.271956636928,6031.489115641019,6039.705744775237,883433,6829,48.62858068680946
2025-12-05,6138.78857421875,6175.521739453033,6094.805442161912,6123.805309452135,651633,10499,47.87177166526462
2025-12-08,5961.40625,6139.2721086022375,5939.6563488122265,6099.638955326739,707514,16950,64.44760735716257
2025-12-09,5800.93994140625,5958.505882157661,5767.10676394429,5958.505882157661,1186776,13429,51.13434422401519
2025-12-10,5747.29052734375,5842.99009209138,5718.290659238408,5827.040164633441,820197,3902,59.77825510249204
2025-12-11,5780.1572265625,5818.823718587335,5708.624216316555,5747.29070834139,695094,17696,68.97778685002727
2025-12-12,5761.30712890625,5836.223454827431,5752.123837341718,5803.356937649106,679186,3644,47.64732284938362
2025-12-15,5760.82373046875,5777.256988865925,5680.590763000186,5741.490485295602,652031,14395,45.63270882122356
2025-12-16,5748.2568359375,5786.439993260216,5734.723564987677,5761.790106887323,388048,8126,47.42044391786531
2025-12-17,5623.07421875,5771.940202880565,5589.241040538508,5770.973540645951,538205,10503,47.74305248690535
2025-12-18,5556.8583984375,5592.141573447149,5329.2094199505855,5592.141573447149,1016539,15823,68.81943145383843
2025-12-19,5588.27490234375,5604.224830710585,5534.141812129038,5534.141812129038,769295,4063,52.79322031554526
2025-12-22,5509.49169921875,5600.357954105418,5491.608446927225,5600.357954105418,1213460,11828,59.48374944422352
2025-12-23,5552.5078125,5560.724441400809,5505.141363542392,5519.641296896762,351302,15233,66.59012957417976
2025-12-24,5508.52490234375,5558.308008857868,5500.3082731132645,5552.5080352834075,313655,11735,53.38217564592032
2025-12-26,5449.0751953125,5529.308163418042,5423.941976387872,5508.524924691907,249826,10929,77.31236100229259
2025-12-29,5380.4423828125,5462.608678633388,5365.459117103986,5449.075406380536,572147,10475,69.63201667175373
2025-12-30,5520.6083984375,5551.058260904805,5380.925696008115,5384.309014060038,2980473,14224,65.6160906600986
2025-12-31,5578.6083984375,5592.625002453675,5494.992105513424,5519.158664162001,473265,13130,69.19115736470451
2026-01-01,5646.7578125,5660.774415817855,5538.9749662971835,5578.608120506291,384697,9293,50.10000115643123
2026-01-02,5735.20703125,5828.489936781034,5679.140621708031,5703.307177545087,1069537,12975,73.4410495478927
2026-01-05,5785.95703125,5843.47343645581,5727.473963771824,5761.307143304653,653817,3819,78.99479756145692
2026-01-06,5799.9736328125,5835.740136881511,5761.307141927084,5809.6402555338545,453152,7587,76.21833489101722
2026-01-07,5781.60693359375,5847.3399667795675,5745.840430242643,5832.3567018622125,609748,17591,51.29097272944246
2026-01-08,5654.97412109375,5785.473523888221,5635.640876235309,5781.606874916533,562060,9614,62.251902671160835
2026-01-09,5580.541015625,5694.607157984909,5559.274446710441,5654.974006825957,500234,17633,54.856640825732484
2026-01-12,5535.591796875,5598.908179079717,5439.408895663254,5580.541594928731,314329,15049,63.259097196562905
2026-01-13,5543.32470703125,5587.307839679244,5491.124945207257,5587.307839679244,336437,3447,64.47924635752037
2026-01-14,5487.25830078125,5549.608016345487,5451.975128407689,5529.308108952479,368182,13292,45.359022550546186
2026-01-15,5487.25830078125,5487.25830078125,5487.25830078125,5487.25830078125,0,15670,70.60242497298437
2026-01-16,5463.091796875,5540.908109296204,5430.225279827535,5434.575260024993,588398,7986,48.752412016705954
2026-01-19,5570.3916015625,5594.558159486849,5403.64235188449,5437.475532978579,581040,13190,65.81708709052577
2026-01-20,5394.45849609375,5650.140652211803,5369.808609587095,5586.340945959283,394664,15753,66.43501165013491
2026-01-21,5353.85888671875,5453.9084298758125,5320.5090389997295,5394.45870133321,406596,4413,56.63074666844392
2026-01-22,5305.52587890625,5476.141769883193,5283.292646654297,5406.5420863118625,401574,17998,68.04092478071107
2026-01-23,5204.509765625,5340.325817272532,5189.0431689961,5330.1758632348165,460330,7223,55.26782730298808
2026-01-27,5200.64306640625,5243.659537866301,5121.860090586156,5237.376233046294,400942,15576,50.786679020809515
2026-01-28,5328.7255859375,5339.842201672335,5150.8597341801305,5226.7427198483565,547414,13372,53.955603044993
2026-01-29,5393.9755859375,5408.4755203083,5289.576058467742,5337.909173037075,337842,14849,55.141833809419424
2026-01-30,5349.50927734375,5408.475678846817,5282.809577282905,5355.792582421946,466102,16707,57.31252447380197
2026-02-02,5435.5419921875,5462.125204847141,5237.376225088365,5364.975645854637,449861,5914,67.88152743965028
2026-02-03,5570.87451171875,5597.941054548548,5487.258227619553,5542.84130664503,592655,11680,60.045904343417156
2026-02-04,5656.42431640625,5682.040866758256,5525.924908952632,5555.408108414375,490202,8413,71.60556712540348
2026-02-05,5573.7744140625,5693.640530493952,5553.474507247496,5684.457239315735,331312,10844,61.147147095303765
2026-02-06,5561.69140625,5646.274355419527,5524.95823975352,5579.5746583601285,770475,9321,64.25044575053943
2026-02-09,5564.59130859375,5622.10771315578,5478.075036185317,5606.641116971033,543956,16229,50.6183215899711
2026-02-10,5561.69140625,5650.141004524419,5527.374895444077,5592.1412679510295,816528,14439,45.89093177464144
2026-02-11,5600.1259765625,5666.64749058238,5465.604692655631,5612.44477545507,684908,16008,69.41542886104446
2026-02-12,5649.89404296875,5720.8503260829575,5601.111598327733,5621.314428936639,560676,13907,77.01786928578059
2026-02-13,5503.0537109375,5641.517007210193,5479.401617624015,5619.343169728801,394003,7678,78.97997131400305
2026-02-16,5412.3876953125,5541.981464783293,5379.866064951008,5497.1410350424485,285719,12397,45.06868700208645
2026-02-17,5496.1552734375,5506.995816383136,5367.54701394609,5410.41643377656,288723,10295,54.30956692486369
2026-02-18,5510.93798828125,5546.416129836709,5466.097559370879,5513.894500077538,197770,14748,68.39156362126673
2026-02-19,5336.0107421875,5562.676633904764,5309.402137507647,5518.821711376858,307768,8447,75.67204257990153
2026-02-20,5385.77880859375,5392.677335887466,5297.083457674548,5321.721055152105,560735,5788,48.868240699042985
2026-02-23,5408.93798828125,5468.560972391848,5358.184538997022,5424.706050194797,310190,7065,74.9917782681374
2026-02-24,5431.11181640625,5442.937862821941,5357.691778242166,5400.561196499048,396015,11462,62.289458326664366
2026-02-25,5654.32861328125,5755.342762799564,5420.764189516953,5431.111980443219,898486,7152,50.327733182902676
2026-02-26,5703.111328125,5744.50249380346,5635.604307911321,5676.5027216174185,489797,12451,61.35860486457569
2026-02-27,5627.2275390625,5715.9228943191765,5606.531956169275,5691.285295636766,584546,17693,51.95352381598671
2026-03-02,5510.4453125,5642.0100892537785,5423.228213303675,5484.329457938388,432301,9248,74.88263835740406
2026-03-04,5420.271484375,5448.851097656249,5348.8224511718745,5439.9815625,455955,8156,69.62952589912204
2026-03-05,5507.48876953125,5540.995903496368,5400.561592024917,5433.57597401996,545405,4940,69.63306278795518
2026-03-06,5432.59033203125,5490.735063022605,5410.416493941327,5490.242311065051,431008,4268,64.32120240209332
2026-03-09,5400.5615234375,5430.126641266537,5260.127213749573,5368.0398938255585,306358,7459,70.42479085340949
2026-03-10,5628.70556640625,5650.38665236632,5447.372847467486,5466.097421705728,493375,11047,65.99093188241426
2026-03-11,5494.18408203125,5682.4153214335765,5473.488500735706,5646.444430134179,511965,5323,72.03739194491156
2026-03-12,5316.30078125,5507.981289536797,5298.068959125035,5507.981289536797,476478,6805,59.653531092473216
2026-03-13,5130.533203125,5299.547118671665,5093.084055656935,5260.619715382491,496250,8467,67.60683840551224
2026-03-16,5201.982421875,5251.75036964514,5050.214818773977,5123.142108575767,466610,12776,45.57920603674187
2026-03-17,5277.37353515625,5305.953149072129,5156.1565519957985,5200.01147679775,403766,3083,57.83936209802744
2026-03-18,5347.34423828125,5408.445480959731,5287.2284995169375,5292.1560190877835,390261,3450,46.07032513794919
2026-03-19,5097.51904296875,5288.706804077679,5076.330708619049,5271.460485420946,397483,10287,58.235039756697304
2026-03-20,5199.02587890625,5289.692238655918,5140.388396242062,5142.359404062708,1043098,17096,52.6880908243671
2026-03-23,4991.5771484375,5124.620172137216,4977.7800941279,5115.750637223902,340775,15933,77.4685278520466
2026-03-24,5176.85205078125,5239.924301161985,5050.214798063681,5109.837784751719,435050,17241,64.19659082291082
2026-03-25,5212.82275390625,5286.242792693662,5201.489459328327,5228.098063989537,531702,3394,75.36330324438325
2026-03-27,5068.44677734375,5167.982675557189,5051.200458346372,5136.446549390555,535331,11791,70.06318327450063
2026-03-30,4989.6064453125,5065.4902486482815,4964.476094857144,4994.533965009629,704213,10661,54.90321062274342
2026-04-01,5047.7509765625,5167.982452380662,5003.896053005876,5077.316093566967,546972,5649,74.48048665208815
2026-04-02,4938.85302734375,5003.403535832429,4832.911353106605,5002.418031886037,753867,14002,69.60788986602739
2026-04-06,5029.51904296875,5048.243616656691,4913.229585327854,4946.736717190485,348536,4319,75.9126279205494
2026-04-07,4977.7802734375,5010.30190262448,4860.505307581419,5001.432367391668,429282,9400,61.20699007413
2026-04-08,5210.85205078125,5271.953294686392,5166.9971257203015,5173.895653257979,790692,13208,62.45729735641743
2026-04-09,5207.40283203125,5302.011210508729,5128.562516633351,5210.852095829909,760419,15876,53.583504282431775
2026-04-10,5387.25732421875,5404.996395257977,5218.736149346088,5220.214405266023,855903,7469,61.9466944373353
2026-04-13,5170.93896484375,5297.08346408141,5127.084041280657,5247.808269066699,743470,8048,63.86764206869335
2026-04-15,5210.85205078125,5283.779341893838,5198.5332516068265,5283.779341893838,651858,9006,76.08042540607997
2026-04-16,5084.70751953125,5271.460513997995,5055.142401673717,5237.9533804261255,920301,16981,51.8524016378237
2026-04-17,5154.67822265625,5173.895548981037,5056.127831247088,5062.040854731637,545014,14486,72.31694983572868
2026-04-20,5205.92431640625,5240.909704618729,5134.475284141327,5154.678113954167,654258,11260,57.72877523529344
2026-04-21,5182.76513671875,5233.025836846656,5175.866609250214,5183.7506406428265,321063,5489,49.75968949016807
2026-04-22,5113.77978515625,5214.3011839008905,5102.939242154377,5179.315795122118,293830,12120,50.11144401385215
2026-04-23,4959.0556640625,5085.200164261228,4922.5920194738055,5075.345125183202,628266,11717,49.51844881921133
2026-04-24,4889.57763671875,4987.142523554416,4869.867558570131,4962.504925868642,520325,13876,74.21648398192106
2026-04-27,4969.89599609375,5024.0987087221765,4932.939601119822,4939.838128181622,448144,12592,59.243497662629295
2026-04-28,4994.53369140625,5031.490087110223,4946.244001019725,4969.403342327549,667998,13014,73.4606287065815
2026-04-29,5040.35986328125,5132.997232945623,5007.838233505459,5020.157032662955,474261,6719,76.76443003562576
2026-04-30,5025.08447265625,5040.359783369365,4947.229663215214,5006.359898233723,478138,8986,70.06927925410163
2026-05-01,5025.08447265625,5025.08447265625,5025.08447265625,5025.08447265625,0,8840,57.407783970689884
2026-05-04,4993.0556640625,5161.08408421895,4933.43267626505,5110.823383761595,617748,13827,70.02187116298565
2026-05-05,5034.939453125,5060.562554667621,4945.258597725827,4986.6497617562145,573411,17377,54.69308165543921
2026-05-06,5095.05517578125,5204.4461089556635,4878.244317237367,5164.040448954303,2717300,3394,50.97873224466988
2026-05-07,5265.54736328125,5379.373064284242,5114.2725138963215,5159.112941564167,1775531,4871,73.8723134279518
2026-05-08,5244.85205078125,5320.243103371397,5188.678325321925,5263.576625934359,558660,3453,72.08428170178586
2026-05-11,5152.70703125,5206.909744593932,5071.402961234101,5186.21416313534,447686,3947,67.89375016632046
2026-05-12,5008.82373046875,5193.605717574091,4996.504931328394,5154.185560324951,391060,13356,55.83786245653556
2026-05-13,4922.591796875,5053.663810685685,4904.852727336712,5043.316020121684,494571,12824,70.31350901773706
2026-05-14,5003.4033203125,5017.200374967685,4809.259051235966,4947.2295977878175,594448,16430,58.33185061700469
2026-05-15,4991.08447265625,5064.997264728364,4970.881642823206,5008.33079080641,425856,15362,78.3574483615165
2026-05-18,4885.14306640625,4961.519622316374,4852.621436147745,4961.519622316374,434446,12896,71.28765854914806
2026-05-19,4934.91064453125,4966.93952040689,4860.997854049005,4872.823900526164,560327,3851,51.16725829718905
2026-05-20,4895.9833984375,4942.302081957339,4830.940140728789,4894.997894532822,416572,14733,55.43957505607489
2026-05-21,4897.4619140625,4966.447191048993,4883.664858665202,4947.2298638884695,335986,7180,49.11199781113568
2026-05-22,4894.01220703125,4941.809144615023,4878.2441451479435,4897.954222502077,284550,14617,78.76720148815502
2026-05-25,4906.82421875,4992.070311323183,4876.2735959781085,4953.14290488803,445788,10366,59.49811664889062
2026-05-26,4910.76611328125,4956.099294339034,4881.200995200086,4906.8240975370945,413024,3183,75.38266488801447
2026-05-27,5001.43212890625,5028.040733335899,4907.809261468596,4920.620811749538,460843,12774,73.28119082181172
2026-05-28,5001.43212890625,5001.43212890625,5001.43212890625,5001.43212890625,0,11921,64.24200623044808
2026-05-29,4831.92578125,5065.490213262288,4804.824423105114,5040.852614948755,1648645,8002,55.78584956174986
2026-06-01,4750.0302734375,4896.969004944203,4691.984188476425,4844.24454493927,856536,14261,47.408898238182914
2026-06-02,4804.33154296875,4821.18375600624,4678.28568959999,4768.262003759384,703263,7911,62.88003139762907
2026-06-03,4770.7255859375,4803.148567005582,4745.2011319563735,4785.606790608546,571637,7418,78.23369144408433
2026-06-04,4811.525390625,4907.809311977758,4780.087913160374,4780.087913160374,783946,13509,48.59656789430622
2026-06-05,4764.91162109375,4833.404145947114,4721.648093721958,4826.998370241404,654540,14803,57.51738142971678
2026-06-08,4706.27392578125,4766.4883109686225,4691.590013751708,4725.491252040853,296366,16248,77.55677077451067
2026-06-09,4785.015625,4801.572379536581,4699.47407743846,4722.14066754196,481952,8030,67.99672972938566
2026-06-10,4786.296875,4912.7368300195785,4772.105234199577,4780.285205105803,632203,17904,60.40759321617693
2026-06-11,4766.09423828125,4804.331597798908,4740.471136426322,4770.4303592776205,365084,14688,63.906083607636106
2026-06-12,4890.66162109375,4896.968749646403,4797.826963686646,4841.780532705329,435472,16311,47.9208730185373
2026-06-15,4951.171875,4999.855674186329,4932.841405177572,4957.084898736067,575605,12073,61.19995934553385
2026-06-16,4958.0703125,4978.765895199761,4923.5776746670645,4976.794887323594,456693,4324,76.98347189590716
2026-06-17,4943.681640625,4974.823659934938,4899.531258628202,4974.823659934938,354200,14406,60.56927048669999
2026-06-18,4948.806640625,4974.823848186307,4907.809580817711,4951.763152420674,357138,14752,54.51350691775901
2026-06-19,4902.783203125,4945.652622313809,4860.702475769553,4937.079027197889,461353,16708,74.2076257427988
2026-06-22,4911.4560546875,4955.113685649841,4889.57767528872,4934.418103430539,569422,6004,76.6651178425395
2026-06-23,4902.48779296875,4939.444189186999,4881.200812506423,4906.823913884409,332377,4144,71.13660441109832
2026-06-24,4826.2099609375,4927.519570832585,4812.215612875102,4910.766004291754,554117,5610,51.70766596046699
2026-06-25,4825.1259765625,4970.88191424676,4806.500048183916,4883.073416229894,1282928,5868,66.00021931911272
2026-06-26,4825.1259765625,4825.1259765625,4825.1259765625,4825.1259765625,0,3048,71.51612473930211
2026-06-29,4743.82177734375,4854.000923392374,4716.621772843525,4788.563559182342,3355142,13853,54.71353045160257
2026-06-30,4724.80126953125,4769.838991331462,4603.781580166306,4745.694145197656,1121686,7370,74.657132015933
2026-07-01,4764.81298828125,4822.957721778694,4704.795893505018,4749.04492495991,820162,12030,74.80989482619891
2026-07-02,4796.54638671875,4822.070842865256,4722.534943594995,4808.667892861511,775927,5851,52.254398644158854
2026-07-03,4782.25634765625,4842.5688979457855,4756.534599484309,4828.969136532293,507590,15469,61.99567020665262
2026-07-06,4872.7255859375,4877.061707033986,4754.071007771872,4792.407014807026,629194,16287,47.66136407685794
2026-07-07,4922.986328125,4951.171837292884,4872.725626751207,4893.027104331045,676040,6493,56.44315055601484
2026-07-08,4821.87353515625,4902.882152345592,4805.317261273791,4902.882152345592,888966,17461,56.04455314513714
2026-07-09,4827.49072265625,4843.751536563329,4758.012699598729,4809.258901002858,534195,14267,62.475064954500596
2026-07-10,4877.357421875,4895.983349245646,4817.241684293683,4852.0297792980355,686707,11978,55.96632121220483
2026-07-13,4880.31396484375,4894.9978767294215,4800.389502224484,4846.314080256038,508201,13564,70.30822922901606
2026-07-14,4807.58349609375,4886.12834962072,4794.673779930752,4850.650209123271,680383,7870,48.63136341543907
2026-07-15,4805.51416015625,4886.128184187026,4797.432835946439,4843.652871177866,596432,11371,54.834700126829304
2026-07-16,4826.998046875,4857.05591548049,4803.740058860958,4828.969054652409,289732,5240,51.9489188449963
2026-07-17,4838.7255859375,4853.606791325124,4800.290933173707,4828.9691933996155,434144,9938,50.45601640321638
2026-07-20,4905.54296875,4912.736954758185,4828.969123032117,4836.853154253394,352274,12026,76.04846237604126
2026-07-21,4961.12548828125,4983.693432301597,4899.925597271809,4937.374747049832,554172,7010,59.31177716332218
2026-07-22,4914.806640625,5038.8814865227,4898.6444727586395,4976.794740258093,877166,15176,62.04581370327755
2026-07-23,5098.7998046875,5122.944649855584,4907.907990998814,4914.806518189695,1603396,15162,77.58573587013242
2026-07-24,5011.10009765625,5102.0,4982.0,5101.2001953125,694927,6049,77.13605123273008
2026-07-27,5113.7998046875,5125.5,5034.2001953125,5050.0,564495,14260,58.5630885340365
2026-07-28,5154.2998046875,5172.7998046875,5096.60009765625,5108.0,633759,10826,56.153586961498945
2026-07-29,5149.10009765625,5227.89990234375,5127.7001953125,5185.0,682570,13549,78.84260154285005
2026-07-30,5325.0,5353.60009765625,5161.0,5168.7998046875,1368741,10446,64.34042892063269
2026-07-31,5386.0,5394.7001953125,5297.5,5375.0,769470,8155,76.04995255974727
2026-08-03,5460.0,5460.5,5388.0,5425.0,602971,17924,55.13902453565026
2026-08-04,5548.0,5606.0,5425.0,5460.0,1013842,13073,71.27730310655711
2026-08-05,5690.0,5705.0,5555.0,5578.0,893125,3894,50.74880212873
2026-08-06,5550.5,5755.0,5550.5,5680.0,533656,15256,48.66003667316446
2026-08-07,5725.0,5800.0,5541.0,5541.0,1914675,8545,77.10796099493075
2026-08-10,5874.5,5933.0,5756.5,5765.0,854596,7528,75.31793238068994
