Date,Open,High,Low,Close,Volume,No_of_Trades,Delivery_Pct
2021-08-11,206.56910705566406,207.7778817392906,200.29656324159885,202.55076521754742,1527673,10642,45.68674044826354
2021-08-12,208.95399475097656,210.3587984010046,206.27511323201375,208.43129102529332,893026,11746,66.79206201942357
2021-08-13,209.67271423339844,211.04483635245606,208.4966209541306,209.67271423339844,605873,6252,46.18350996510783
2021-08-16,216.17396545410156,217.25205436750025,211.17553871752992,211.17553871752992,2768305,6519,67.31634458897794
2021-08-17,207.5492401123047,217.51343332033005,205.16437162753854,217.44809036049978,2585664,3603,58.44635248138693
2021-08-18,209.90142822265625,212.31897794000136,204.7069724510036,206.79782733843018,1471950,9105,70.19309809970919
2021-08-20,201.30935668945312,206.99383472391767,199.93723442600657,206.43846946907465,1087129,5113,66.57147236274469
2021-08-23,202.71412658691406,204.6742954177303,192.1618883689936,202.74678809148025,2182369,9852,63.91849741816393
2021-08-24,206.63446044921875,207.41853594307608,198.4017475231893,204.38025835928005,1537821,15359,76.80825227645897
2021-08-25,206.50376892089844,207.45119178847787,203.4981928027862,206.47110741782365,703209,4830,66.35779437098543
2021-08-26,206.01373291015625,207.1245032061364,203.85755520603962,205.8177240060977,641303,12705,56.7192699349459
2021-08-27,207.90858459472656,209.60738165103027,204.57629355220922,205.850391344437,711069,17850,77.6841791949977
2021-08-30,211.7309112548828,212.35163940756058,208.4966444032127,210.16278005953944,747758,11983,60.43079188288548
2021-08-31,210.22808837890625,212.93965103202834,208.46392861236734,212.35160442313762,845627,11194,52.38752076064184
2021-09-01,210.88150024414062,213.4623972238507,207.58189063299938,210.22811062293493,909890,6913,73.03210369783825
2021-09-02,212.4822998046875,213.00500349375582,208.03923868813646,211.04483474994825,1014427,6401,46.316737730064006
2021-09-03,212.38430786132812,213.5930827593129,210.52216322212715,211.73091818024128,635352,8013,63.14937802512334
2021-09-06,214.34445190429688,215.42256070424028,210.162762421051,213.65840079512225,690323,15674,55.20901535637674
2021-09-07,214.9325408935547,215.61859207420628,210.78351248233452,214.89985944598484,713935,6034,52.15357985675844
2021-09-08,215.58590698242188,215.9452632872855,211.92692122619167,214.9325173809475,611443,15137,78.48327120453064
2021-09-09,215.2592315673828,216.92536722524315,213.8217663387374,213.8217663387374,390563,9531,49.07100792215062
2021-09-13,219.14686584472656,220.71499688238947,212.41696100231715,212.67831285194964,1169181,16007,66.55335779175284
2021-09-14,217.57875061035156,221.36840255494445,216.30463283353237,220.8456988177142,571182,10003,68.3187607351226
2021-09-15,218.52618408203125,219.4735871438343,215.94528689807285,217.57876108035782,514511,7071,69.1916847148229
2021-09-16,218.82015991210938,219.2775405805914,215.94524983271828,218.78749841001792,487050,14972,60.80622410958033
2021-09-17,218.72218322753906,219.21222546031174,214.31180313258494,218.23214099476638,673375,8894,55.019093799985
2021-09-20,211.2082061767578,220.02896652752727,210.3914691072421,210.71816393504838,989401,3340,49.79781610530528
2021-09-21,208.16995239257812,211.95960449430328,204.0535855167005,211.76359556968208,855536,7297,47.89239876071426
2021-09-22,207.64723205566406,208.98669286182934,205.42571113455233,208.75800248615522,975106,16202,56.0260705983802
2021-09-23,210.7508087158203,212.05758792333398,208.43128359843084,210.32610946135202,517633,3758,60.800144264429605
2021-09-24,210.7834930419922,212.6783189308215,208.59463385150465,211.69823451178544,768446,12225,64.82900729867052
2021-09-27,210.22808837890625,211.76355781424687,208.20257677951219,210.78347348614008,601771,13901,56.092886256855145
2021-09-28,210.1954345703125,211.95957446155148,208.2352658423576,209.73805389117607,626305,13453,74.60381768026677
2021-09-29,210.29348754882812,212.12297080783472,207.7779331127901,209.08471256632964,1613303,8750,70.9690530771178
2021-09-30,203.59622192382812,209.9994326121015,202.61613743440648,209.9994326121015,1915795,16258,58.198340248071105
2021-10-01,200.03524780273438,205.4910556530388,199.54520553965082,203.53088660070458,2042841,8662,48.11660972751656
2021-10-04,202.3874053955078,204.51092135203857,200.45989832055662,201.79935881090321,1438742,14912,54.93769377240641
2021-10-05,203.89019775390625,206.4384329089604,203.5635029842702,203.5635029842702,1387444,9394,70.84568806959145
2021-10-06,205.58905029296875,206.20977843915944,203.69422428756994,205.16435100656605,764014,14570,55.84353960300215
2021-10-07,204.8049774169922,206.79780771443842,204.02090192364423,206.30776551606297,664318,15331,71.99312889117192
2021-10-08,206.1117706298828,207.45121142058767,205.16434767264417,206.47112695718332,669127,14701,56.19526522662892
2021-10-11,206.1444091796875,207.8105446059853,205.6217055000282,207.1244935339491,629602,11729,65.25755720295682
2021-10-12,208.2678985595703,209.05197391832868,204.6089134518057,206.43841597562036,630240,12430,66.25237438093514
2021-10-13,217.48072814941406,222.80584929863664,207.90857468218226,208.62728727641266,3029449,8352,65.40211116300452
2021-10-14,226.5301971435547,235.8736610600118,225.41942677480353,228.6863749889311,9464918,9481,78.54114001959286
2021-10-18,253.2864990234375,266.975020447313,240.12070129419254,243.06095477942756,8782614,3984,66.62655822127846
2021-10-19,241.29678344726562,256.39008795480686,238.48721600182196,254.95264272638858,2858310,4853,56.22858554553193
2021-10-20,235.1549072265625,241.10075642724033,229.04571062993125,241.10075642724033,1981348,17007,67.20054047256673
2021-10-21,223.491943359375,241.55818487601925,222.15250242365164,237.8338555359094,2189697,14795,55.44056319757249
2021-10-22,210.6201629638672,227.02024757940418,206.27512567003672,224.70070229963153,3860723,5876,45.815301529738605
2021-10-25,211.0448760986328,216.53334566864152,207.1898808018333,210.6201767755727,1885013,6199,75.74185890607012
2021-10-26,211.175537109375,213.9851045519723,210.3914615747636,211.6655793335398,828215,11227,66.30805534166353
2021-10-27,211.60020446777344,216.23927414482057,209.73804030883392,211.69820890985108,1132806,13860,57.697252944773226
2021-10-28,207.5492401123047,210.78352719512063,206.53649402448687,210.78352719512063,824077,16730,77.75876438119352
2021-10-29,203.432861328125,208.3659449626421,202.38743395250313,207.77789829506375,851684,6115,66.9314615768732
2021-11-01,206.1117706298828,208.30060997959032,204.21692471540553,205.7523943627129,545266,4834,45.76859633181833
2021-11-02,205.68702697753906,208.1045763427105,205.22966624620062,207.8758860071077,490874,5323,60.090426828835916
2021-11-03,206.3077850341797,207.41855543153105,204.7723153460305,206.14443761926745,441908,9651,61.27423747438654
2021-11-04,208.1372528076172,208.75798091460962,207.18984983468013,207.77789649717013,141805,11391,48.58150703175026
2021-11-08,209.5093994140625,211.04486916843237,206.30779393167964,209.73808979277646,443669,17092,74.99722646124793
2021-11-09,207.12448120117188,210.8814710021395,205.9810495226165,210.58743773742168,711829,10532,68.84575153515836
2021-11-10,206.63446044921875,208.10458704530018,205.81772345139578,207.12450264791258,424368,5392,67.78586300678356
2021-11-11,208.7579803466797,211.63289064204054,207.12450632205778,207.12450632205778,1091464,10239,63.673432246894336
2021-11-12,211.7309112548828,212.3189779005228,208.2679540343383,210.06477559855608,760512,3207,74.03211025263319
2021-11-15,214.60581970214844,215.61856559490462,208.59462747325242,211.04483844592178,1464062,5499,46.55886915859311
2021-11-16,215.32452392578125,216.36995122142503,212.0902575315964,214.6058113536516,902964,10712,61.80190339680864
2021-11-17,217.35008239746094,218.2321624913133,214.31182424296637,215.618603659082,870444,12640,64.39280751049169
2021-11-18,211.01217651367188,225.4194090277598,208.9539833489154,219.57156420891857,9391701,17328,64.96865877644204
2021-11-22,208.3006134033203,211.04485792190602,203.17152057909553,203.17152057909553,1309404,7305,66.04130278727872
2021-11-23,213.46240234375,215.25922384516247,206.83048157755033,213.03768312788432,1738021,8827,49.04219663522672
2021-11-24,215.78192138671875,216.6640013591651,212.5803162458661,214.96518436405896,736909,17957,69.04544542236785
2021-11-25,216.6966552734375,218.88551440546578,213.005008048304,215.78191382807483,755057,14288,71.06440970750647
2021-11-26,215.81460571289062,218.23215553155376,211.69825865935155,215.61859678267288,1380003,7029,75.80318183654533
2021-11-29,215.5205535888672,216.85999423102498,210.71813626281107,216.20660466121782,921006,3619,54.37441642173054
2021-11-30,217.6113739013672,218.16675898706058,212.97232421347934,214.96515429405844,1291897,12242,72.51080206164788
2021-12-01,217.31736755371094,219.40820214243791,214.8344753085228,217.84007121592603,630349,9239,72.58406552605913
2021-12-02,217.7747802734375,218.78754627812404,214.99787403263377,215.6186022271149,490104,14357,70.40640526416166
2021-12-03,227.15086364746094,228.686333014244,222.1850992854642,225.48472834001777,3532515,7079,71.03842634290993
2021-12-06,228.032958984375,230.45050835929663,225.81143844356083,229.63377140018355,1984752,15480,75.4692775898009
2021-12-07,231.03857421875,231.95331570114695,229.04572390866392,231.29992607945357,1291881,4883,51.358432649079916
2021-12-08,236.36367797851562,237.67045712421577,232.08398425229453,233.26007750747775,4226137,16585,53.49067180336809
2021-12-09,239.92466735839844,240.67606140498316,237.57246082745962,238.19316897904352,2019400,6033,69.31201342038672
2021-12-10,238.78126525878906,240.61074837708617,237.37646150238285,240.44740095795711,1345835,12894,57.68161492264091
2021-12-13,240.41470336914062,241.6561395802351,238.09515840169834,241.62345813739176,1464889,10739,60.56772442451797
2021-12-14,232.61727905273438,241.85737972465577,228.87313555730805,240.3116358722217,2717685,6714,70.3482002429649
2021-12-15,228.7700958251953,234.88436746646371,228.08309854043497,233.54473534047705,873355,9849,48.734651072137716
2021-12-16,222.44970703125,230.14408482039772,221.90011760295064,228.77009028415657,1180628,17220,71.50360371268242
2021-12-17,215.30496215820312,224.9916288450908,213.99967140533062,223.65197564592202,1424154,10728,74.34015531114947
2021-12-20,213.5874786376953,215.30497206669816,210.04944636704863,215.30497206669816,933224,16667,67.0280432009171
2021-12-21,214.9271240234375,219.49565218409185,213.3470175473535,213.3470175473535,658526,6772,63.641989994952915
2021-12-22,214.44622802734375,217.5377162381142,212.38523588683015,215.92326820161261,696814,4852,66.124263222452
2021-12-23,216.4385223388672,219.39262373618715,215.030186056009,217.05683677085062,649236,6025,77.47887114935095
2021-12-24,215.47666931152344,218.3964074348923,214.5492188910022,218.12161274579105,368237,13595,62.47835650229234
2021-12-27,216.71331787109375,217.43465668717553,213.5187634886019,215.44236860731144,381503,15963,69.04536483169142
2021-12-28,217.7781219482422,218.46511917836284,217.09112471812156,217.7781219482422,244343,6055,49.082413270462865
2021-12-29,216.88502502441406,220.04519538073794,216.43846007078977,219.0146995778956,362907,6769,59.89079587461731
2021-12-30,216.85069274902344,218.46514059114477,216.4041486987755,216.88505519319247,220544,10635,76.34469403160885
2021-12-31,217.64073181152344,218.7055901840848,217.1254838470402,217.77813965491632,262845,8834,54.50144609936841
2022-01-03,219.56434631347656,219.83914104668605,217.6751036951066,217.74380761978253,297955,4385,69.66467507967548
2022-01-04,227.08694458007812,229.80059224691922,224.30461395700783,227.87700823164758,2498082,13861,71.64282395367175
2022-01-05,228.04876708984375,228.90751373355383,224.02982860418177,226.57170609026704,565040,4427,76.55280855676745
2022-01-06,227.7052764892578,228.42661530929973,225.33512728255732,227.3961193003856,349833,14845,77.84988257661036
2022-01-07,228.7700958251953,229.52579703153035,225.60990412219905,228.7700958251953,417489,7576,48.827917831586895
2022-01-10,227.0182647705078,230.1097526014335,226.36560895333716,229.45709678426283,326601,3472,67.9776151410349
2022-01-11,224.4763641357422,226.33126520186764,222.48407619114033,222.58712159137096,381278,6804,51.117324485835226
2022-01-12,227.1899871826172,227.91132587152276,224.64808910320403,225.33508631758693,405320,6624,77.27330296989476
2022-01-13,227.67091369628906,228.77011363055587,226.7434630965797,226.77782554278815,291606,6775,73.7103626196735
2022-01-14,226.7091064453125,228.52964507669887,225.5412026622756,228.048759551414,220490,10589,58.83926064799416
2022-01-17,224.99159240722656,226.67474400379785,224.64809379286436,225.40379493755947,285705,7527,74.82425891999034
2022-01-18,223.82369995117188,226.64039292322443,223.34281444625583,226.64039292322443,243633,5665,50.10933304290007
2022-01-19,222.7245635986328,225.71298549117714,221.90015833934677,223.96115052206517,292701,5274,64.15450381270662
2022-01-20,221.35052490234375,225.0603059022533,219.56432783853768,223.27410883844723,398781,11271,74.31022406947794
2022-01-21,223.96112060546875,226.2969072407706,217.6407370365402,221.3505392422774,2227785,3344,67.6299473740017
2022-01-24,217.46900939941406,224.4420494873185,214.6866784331192,224.37334555712073,697303,7588,62.97687789665758
2022-01-25,214.51492309570312,219.49565389616382,211.5951843506055,215.7858723896094,707511,12764,50.567718760393454
2022-01-27,214.99581909179688,217.7781498439844,212.62566995808572,212.62566995808572,599365,15970,47.161656975875815
2022-01-28,216.6445770263672,219.42690737482974,215.99192128265804,216.3697823320917,377815,14373,63.52881792385773
2022-01-31,216.71331787109375,218.84299283876183,216.40416068391878,217.2629073532994,264966,9950,58.048530413592985
2022-02-01,218.46514892578125,218.98039691853074,216.2324076238668,217.50335686574778,336321,13237,57.97342517722387
2022-02-02,220.1482696533203,220.9383122708233,219.32386459519188,220.5261097417591,237138,11030,76.02624638412848
2022-02-03,222.10623168945312,224.30463156418216,220.52614619326943,221.1100981255095,619741,10632,63.83686795538823
2022-02-04,226.4686737060547,227.32742039913506,221.11010272743138,223.27414020089483,826825,16339,59.43191249680378
2022-02-07,229.49142456054688,230.76237367491905,226.50300327481077,227.01825121586765,1048595,11743,75.21541051389545
2022-02-08,224.8542022705078,231.79287901977122,223.20541298491386,230.96849485972086,667055,11180,56.13964159225406
2022-02-09,227.8769989013672,229.8005828378789,223.99544762065028,226.64039125747325,434764,7063,53.4364984244246
2022-02-10,227.94570922851562,232.20510112650155,227.43046122305742,229.45711176405774,691056,9125,49.225461644847925
2022-02-11,224.68247985839844,227.63658110747656,223.9611410112782,225.33513574140875,275139,11844,59.90453288460523
2022-02-14,215.51104736328125,222.4153613925121,212.96914913259846,220.52611894052936,510584,13128,62.57237278551929
2022-02-15,216.4728546142578,217.33160124398313,212.79741484593464,216.404150690781,480791,16302,58.58215893274442
2022-02-16,218.1216583251953,219.77044776983,214.85842091718058,216.9194129643478,639949,17979,51.32253955783028
2022-02-17,217.46900939941406,221.17881197513512,216.40417186058417,218.5338679037399,346779,7612,73.2429630889074
2022-02-18,217.94989013671875,219.49563403839758,217.09114352467492,217.4689836477768,231662,3661,45.77033908981862
2022-02-21,214.5836181640625,217.40031138319293,213.5187597334612,216.40415687803275,230960,4312,66.47204456867355
2022-02-22,212.4196014404297,213.69052983992873,205.79005985246542,212.07610274532257,627968,3909,64.44842373007279
2022-02-23,214.99581909179688,229.97235224061131,214.34316325338528,214.72100339215348,382356,6221,72.14881819629153
2022-02-24,205.20608520507812,212.4882392203649,203.38552573576436,210.2211567009631,733004,16191,46.64317716586974
2022-02-25,213.20962524414062,214.34316664386986,207.64494268624892,207.64494268624892,378004,12336,51.940256845455714
2022-02-28,214.3087921142578,216.06062664681926,210.22115025095928,212.45389122584692,471318,8740,75.15458809503683
2022-03-02,241.6512908935547,247.3190183985208,213.9309467216219,213.9309467216219,9273376,8665,57.17886918248008
2022-03-03,233.8538818359375,255.35691037501323,231.4150497538535,247.31903340321117,8389106,6005,56.52824601946212
2022-03-04,220.73223876953125,240.38036704807647,218.4651559151009,233.5790975192903,4485873,13778,71.45749925686631
2022-03-07,219.46131896972656,227.19003940818232,216.7476709629148,221.2818578132414,3370332,3833,45.87093274111935
2022-03-08,221.48788452148438,232.13634070968544,217.50330930177282,223.96107853893872,6205251,15949,61.742971730598555
2022-03-09,217.7438201904297,226.22822075762082,217.434662994287,225.67863125947324,1982633,9211,66.45434243439564
2022-03-10,214.96145629882812,219.6330506337818,214.37750438627214,217.5033547579569,1670847,4183,65.59609291135126
2022-03-11,215.13320922851562,216.47286240529994,212.4882653206691,216.43849995957785,1373085,3604,63.94427659451408
2022-03-14,212.8661346435547,216.4041668287672,212.35088662729572,215.03017211874328,855693,3087,63.07935367989552
2022-03-15,209.87767028808594,214.24010723512683,209.53417164604326,213.5874514290484,973924,4732,64.42547101008573
2022-03-16,212.934814453125,215.47669179945467,211.5951613763954,211.5951613763954,1119742,9061,48.839135940312936
2022-03-17,213.00352478027344,216.33546619594117,212.35088986236676,214.37751951122956,1297589,3822,53.48734555709551
2022-03-21,213.93096923828125,216.19807305818065,213.41572122905347,214.34317183876252,1053117,14215,71.99243185054016
2022-03-22,215.03013610839844,216.4041305883243,213.96529877265266,215.20188541838917,1178316,10714,75.7245846169016
2022-03-23,213.65614318847656,216.06063354590316,212.96914594349755,215.09884159603095,1050024,4457,46.20340317569816
2022-03-24,213.69052124023438,219.08345472948366,213.24397714766505,216.4041692085719,2043996,5374,75.9306942758929
2022-03-25,213.5187530517578,215.30495022985878,213.17525440079586,215.030155502188,852759,12819,50.176146204419965
2022-03-28,212.96914672851562,215.30493317695576,212.35085339885384,215.30493317695576,959106,14062,74.72830771244145
2022-03-29,212.8661346435547,214.82408129843787,210.255532115212,214.34317476373133,1291346,6129,54.30871200299232
2022-03-30,213.7935791015625,214.68666725112925,212.96917391312022,212.96917391312022,722629,10915,65.45671856176071
2022-03-31,213.07220458984375,215.92323914073737,211.73257245810726,214.68665240905855,1148619,7510,62.44025550719215
2022-04-01,220.28570556640625,220.90399901492108,212.93484618429213,214.0340252192091,1339271,5185,47.04216865282018
2022-04-04,223.30848693847656,224.51073233708655,220.69790531626464,222.24364940019177,797433,17845,45.45748707003822
2022-04-05,228.66705322265625,230.83109050302338,223.30846175668276,226.7091067440408,2069155,9549,60.167569520419995
2022-04-06,229.04486083984375,230.14406054599738,224.6480829807198,228.08306895901828,732422,12869,47.60025545161425
2022-04-07,231.79290771484375,232.20511032864465,228.15183005151007,228.77012348946351,982237,14521,50.824337718183884
2022-04-08,232.72036743164062,234.12870370443787,229.31972194201282,231.51812199103438,890129,10695,67.09111388566753
2022-04-11,239.45289611816406,239.762053283667,232.20508312286375,233.57907769755525,1506518,11523,63.582156245655405
2022-04-12,233.8195343017578,239.1094009110518,231.58679308579443,239.07505943238831,712314,10432,65.88509420633915
2022-04-13,242.13223266601562,245.08631298574204,237.28888860374818,237.32325105171932,3585186,16095,78.35908102990625
2022-04-18,236.3614044189453,241.58258790958521,235.64006566535062,241.58258790958521,543920,10061,47.89190199827152
2022-04-19,234.5752716064453,240.4490910150426,228.83883909912993,239.4185949106924,543960,6688,52.228876593175315
2022-04-20,238.6972198486328,240.3803506513569,234.98741766280526,234.98741766280526,534452,3170,45.30827487495439
2022-04-21,240.31161499023438,241.06731611218927,236.5331303459509,238.66282588400887,599962,5730,46.79939703359813
2022-04-22,237.2545623779297,243.12838191262347,234.64395961156785,240.03689353320624,1924985,4317,75.05632924120158
2022-04-25,221.7970733642578,235.2965655602355,221.1100760925491,235.2965655602355,1840008,8138,58.641496815027295
2022-04-26,221.86578369140625,225.12902082625604,217.26289345184176,221.93446664816616,1762087,17674,71.40575576560256
2022-04-27,218.56817626953125,221.7627093674942,216.09498191561084,218.60253871217165,1364198,12246,56.86856786432104
2022-04-28,220.9039764404297,222.58712823457392,216.78199258423388,221.90013092520797,1015521,8594,78.5955410235833
2022-04-29,221.1444549560547,223.06806022133463,218.19037457449508,221.90015627578978,838605,4999,48.8316988927928
2022-05-02,222.14060974121094,225.88473292884427,217.12551622639052,221.11011365856933,699894,7294,73.3666013657586
2022-05-04,216.98809814453125,223.27411915217849,215.71714896548937,222.14057781727382,612426,3707,76.20666383015967
2022-05-05,213.65614318847656,220.4917741622147,213.072191337146,218.6025317385224,548685,7100,76.5405906922912
2022-05-06,209.39675903320312,212.59131310382642,207.0266310363934,210.28986806146608,741272,14251,62.331928204115826
2022-05-09,212.31649780273438,213.9653080223166,207.19838072305083,208.8471699771402,625988,13011,74.30600266609156
2022-05-10,206.75184631347656,212.1104168800379,205.79003331879144,209.56851847778807,562023,14525,61.621600204979984
2022-05-11,202.97335815429688,208.57238188676936,197.16822265508392,206.20223284496205,873285,10325,55.28869909430382
2022-05-12,196.58425903320312,201.4962851810729,195.89726178271806,200.84365037240744,548950,9686,64.04959912012633
2022-05-13,195.48507690429688,202.35505002995123,194.42023945601812,198.54222333141072,415655,12390,51.573076933509434
2022-05-16,193.90499877929688,198.06132429075964,191.63791594858898,195.58815064471284,448904,6634,45.885415251570954
2022-05-17,201.83978271484375,203.55727583176886,195.27896739438663,196.82471119961923,821541,11721,61.516150151946235
2022-05-18,199.91622924804688,204.72521070762187,199.46968516275683,204.03821335625403,371423,8889,64.40564217065136
2022-05-19,196.10337829589844,199.71011394846784,194.21413581121922,197.09951175397907,339233,9163,65.97301971812271
2022-05-20,201.73675537109375,203.9351551436541,199.2979233130452,200.01926210049788,591646,11922,52.974213240182195
2022-05-23,205.5839385986328,206.09918656504541,196.6186323692507,200.60320825664422,741139,9229,59.19121503907118
2022-05-24,202.93899536132812,209.499832062983,200.80929956830147,206.09918708980382,365786,5606,72.15172944176348
2022-05-25,209.190673828125,218.46513719981527,199.36662101319857,203.00769824699813,5949768,12653,70.25364979550439
2022-05-26,205.54959106445312,216.4041395175489,202.73289807128486,212.62565454184568,1752641,3637,74.89878091177658
2022-05-27,203.55728149414062,208.16017156173584,202.93898814794687,207.7479690091091,439604,15138,69.1561085493014
2022-05-30,204.93128967285156,205.82439875726624,203.79774830176186,205.61828698448096,247360,13539,72.32736487272203
2022-05-31,206.75184631347656,209.19067834808595,203.35120128418208,204.62215048530697,382712,10463,63.52320460587541
2022-06-01,212.96914672851562,214.1026879938109,208.19450747211494,208.84716324344757,708301,4826,71.0511734839267
2022-06-02,210.08377075195312,212.9691678640509,209.0876372234985,212.2821705483604,264475,13176,49.451622623461176
2022-06-03,205.8931121826172,212.00738434516757,205.30916024768646,211.18297914697186,344104,3082,72.36528939768287
2022-06-06,205.79002380371094,206.99226902598548,203.79773591418314,205.75568232641453,154736,3266,66.50843665354142
2022-06-07,207.3357696533203,210.90816387717655,206.03047902112044,206.03047902112044,607057,8880,59.849215363006934
2022-06-08,204.5191192626953,208.05715141831632,204.17562058806232,208.02278897155585,261209,5722,72.27306353633338
2022-06-09,200.91236877441406,206.0991900032996,200.22537147440306,202.80161134944433,514985,8205,57.018929135123805
2022-06-10,198.98878479003906,204.69087556219026,197.75219790549812,200.91239001270895,1034256,11797,45.463623174684095
2022-06-13,192.73709106445312,197.85522951982702,189.78301095434796,195.1415817009788,586014,4271,76.62172301047983
2022-06-14,190.46998596191406,197.23691301064764,186.2449571030169,189.88603411122276,589705,17917,47.65966298627821
2022-06-15,192.9775390625,198.6109253579034,191.08829647099807,192.35924568019817,543382,4287,77.11852348320221
2022-06-16,188.95860290527344,199.81317305012257,185.48927485437994,195.10723725423668,969370,15715,58.027307821015555
2022-06-17,182.63824462890625,189.57692186470464,180.61159411637536,188.82122060754935,543481,5191,62.426151091812315
2022-06-20,177.03921508789062,184.45877764611785,174.11946603905048,184.11527899128336,584569,17465,76.25292645580546
2022-06-21,181.0581512451172,183.5313460080238,177.2796656523559,178.0010254811808,634830,11831,65.50137073362828
2022-06-22,170.10052490234375,180.1650305169611,168.48607715647174,179.99328120283627,668130,8069,77.51543336264562
2022-06-23,171.98977661132812,173.29506727580733,169.0013341916694,170.5127261407366,395882,7246,58.96834592347634
2022-06-24,169.37918090820312,176.38655104397532,168.3830369521185,173.3981086929749,798772,3418,74.28594655953029
2022-06-27,169.0700225830078,172.95155274140475,168.52042270217612,171.74930758828674,735020,9895,55.83779126690664
2022-06-28,172.57371520996094,173.46681377346275,169.07003536002608,169.27612615851012,298402,3443,65.44086213671503
2022-06-29,174.15380859375,176.55829904770712,170.71882223095415,172.0928167760725,491018,6581,46.99033883695174
2022-06-30,171.3027801513672,175.49345737222816,170.753180217374,174.15381474000822,249341,14327,74.33179940214964
2022-07-01,170.06617736816406,171.062321319459,168.55478546108762,169.00132949633297,310474,17101,54.427817285879755
2022-07-04,170.2722930908203,173.81032516087757,168.86394646233487,170.68448520076288,332384,16003,59.14309529531013
2022-07-05,170.78753662109375,172.95157396921852,170.37533403919042,170.6157872924252,277978,11438,71.2128532431656
2022-07-06,169.72268676757812,171.06232941949466,166.28770023305012,170.3066281887997,356748,6272,66.55482818340462
2022-07-07,176.21481323242188,177.17660529088397,170.68448268939682,170.68448268939682,589216,3284,63.895286898201014
2022-07-08,180.71466064453125,183.22221796801117,179.37502827188155,183.22221796801117,980999,16546,53.316891301829315
2022-07-11,186.4510498046875,186.79454843032823,180.71461856338894,180.71461856338894,761611,14225,50.48135816852601
2022-07-12,183.94354248046875,187.85943580462651,182.9130464441636,187.44723319700535,779193,3494,56.907462211314325
2022-07-13,186.622802734375,187.65329863126883,184.4587655439965,186.1762587054862,780303,15514,61.80302346011457
2022-07-14,194.90113830566406,197.8552182474671,192.35923996281522,195.10722910514116,6466717,16129,75.28868141522938
2022-07-15,196.03468322753906,197.16822457643025,194.59198470827133,197.16822457643025,1663756,6756,60.16345507587492
2022-07-18,201.5649871826172,202.5611415725454,198.30175027384198,198.54220350232382,1941113,5478,70.46363730319797
2022-07-19,205.1717529296875,205.92745420242846,201.633720795372,202.66421681306554,2560461,6818,49.63505734517179
2022-07-20,206.0585174560547,209.12518975673163,204.46976169076103,206.90831495365674,3156045,7192,59.624917191870665
2022-07-21,209.12518310546875,211.93321541290032,203.91553650442313,206.169350128713,2947592,3728,55.595582565346064
2022-07-22,204.8761749267578,210.71394059477026,204.32195623894873,210.60310136745167,1416962,7370,75.65708262410139
2022-07-25,201.7725372314453,205.2087110683215,201.21831855468668,204.5805920577519,752631,6707,63.17516141529012
2022-07-26,196.48899841308594,201.92034617826144,195.8239404839498,201.92034617826144,593234,7433,59.434750854016386
2022-07-27,194.30906677246094,195.9717227144345,192.35080951094272,195.82392205466215,655614,5033,77.77827195544415
2022-07-28,195.45445251464844,197.41268732071464,194.05043638300938,194.34601516579409,494063,6529,54.68993915022433
2022-07-29,199.2970428466797,199.66652196018765,196.56288838623462,197.0432067235519,588967,4316,48.0623134317123
2022-08-01,201.29220581054688,202.28980387414165,199.777350546313,201.1813665926395,494511,16637,63.073885252433875
2022-08-02,200.36851501464844,201.14443466929828,198.89059858813255,199.5187175796448,403498,17178,73.4148354545703
2022-08-03,199.0753631591797,201.73561757146453,198.11472638170747,200.44244053575002,313021,9125,72.0399488860983
2022-08-04,200.36851501464844,201.47695233453535,197.1910037181253,200.55325456796294,434407,9084,69.01776514534819
2022-08-05,200.92271423339844,204.17412554688528,199.51869827430332,203.17655009648402,690443,15427,57.41273356148124
2022-08-08,200.55325317382812,202.474549025186,199.74039463465192,202.17897025218053,344207,9616,78.3570030274297
2022-08-10,201.51390075683594,203.28739584383283,199.8881837722142,200.9227206936946,539114,6058,47.21948223988665
2022-08-11,201.6616973876953,204.91310910446182,201.36611860457393,203.9524724215134,577857,17358,54.91290616875109
2022-08-12,202.2528839111328,204.32195800973219,201.73560411087482,201.80950444679974,867326,7703,52.85952585181716
2022-08-16,216.66253662109375,223.16535926119985,200.62713589210514,201.73557310697868,5158878,16282,70.35020099501396
2022-08-17,211.0464630126953,220.20954003407158,209.86412540159841,218.95330209392841,2997649,11236,77.5261572019543
2022-08-18,209.01434326171875,213.41113127092657,208.53402491465786,210.60309897178908,1443038,16564,52.84052290066057
2022-08-19,206.9082794189453,209.6793724468776,204.69140499659946,209.0512535169704,992701,15045,60.539258691197965
2022-08-22,206.317138671875,209.79022868470472,203.25044409776123,208.01673351313053,772130,10395,75.11464884499537
2022-08-23,208.7556915283203,210.0119294889766,204.13720277769377,204.69142142776894,885701,3608,52.05205199153987
2022-08-24,208.71875,215.29547338750072,207.5364123845448,208.12756991666524,791395,12101,47.87851246513202
2022-08-25,208.0906219482422,210.45527452476418,207.0191235979092,208.75567978066357,369250,17482,60.817426964816406
2022-08-26,210.71395874023438,211.6746180792262,208.3862445612302,208.60792303495703,638190,9827,70.21326638406256
2022-08-29,210.3814239501953,212.08101891403734,205.76293486234607,206.83441079999736,713986,9850,64.90335637853632
2022-08-30,210.60308837890625,212.78302410366504,207.16693723665125,211.4898472451981,457643,15767,54.87711866984788
2022-09-01,210.12274169921875,212.2287768090341,209.1251437470734,210.60305995730008,453578,15184,47.64299447243562
2022-09-02,210.8986358642578,213.78056792535594,209.86409904119841,213.48498919751202,873457,6166,52.65738219018564
2022-09-05,212.41351318359375,214.5195257109491,210.6030568324443,212.8199311148911,706524,13094,70.68241296895239
2022-09-06,212.0810089111328,214.11314401393983,211.56372913720494,212.41354913026004,437294,12241,62.45417966767005
2022-09-07,212.52439880371094,214.15009343517042,210.9725819568325,211.8962797762582,326092,13271,61.43615822794365
2022-09-08,213.30027770996094,214.26093689073724,211.7115221066634,213.55891758752435,685165,12539,60.64655015146653
2022-09-09,213.96531677246094,215.77577320511207,212.96774134142092,214.29785695028255,527012,16893,50.41696986338347
2022-09-12,213.89146423339844,217.99267330388378,213.04164424564854,214.5195606748274,662532,11397,50.14847576313709
2022-09-13,213.15249633789062,216.51474704108048,212.81995613594262,216.51474704108048,490769,14468,53.965885576655964
2022-09-14,214.1131134033203,217.99264349949783,209.4946251935852,209.4946251935852,1343291,15029,70.76051526655985
2022-09-15,214.8520965576172,215.70189397700887,212.30268174822754,215.59105475729945,561891,11657,77.20623636326367
2022-09-16,207.86895751953125,215.03686193794982,205.8737836714559,213.04166553865718,855108,11921,58.52254465989791
2022-09-19,203.5090789794922,209.6793843144964,202.95486034253756,209.6793843144964,538419,8887,77.93993655463703
2022-09-20,206.0215301513672,207.79504781218205,203.58297719456752,203.95245628203497,354395,13176,66.59655512467491
2022-09-21,207.7581024169922,208.31232109099335,205.13480971387293,206.02154606154545,271931,3516,78.07754933568651
2022-09-22,208.64486694335938,209.08824640476206,206.2062911812527,207.758108020554,270528,3652,69.06867027537373
2022-09-23,205.7259521484375,210.3814021983817,205.43037338761897,208.64484597065362,308887,5698,63.105652047950045
2022-09-26,201.32916259765625,203.9524550827643,198.77974788863622,203.9524550827643,296586,3083,68.33661195889704
2022-09-27,202.4745635986328,204.02638045762475,200.99664707601505,203.2135218599417,217422,7615,57.243806265678415
2022-09-28,196.63674926757812,202.10503454014048,194.08733487538083,200.66405726607925,308238,10691,47.14921467187139
2022-09-29,197.929931640625,201.3291434116467,196.67369384985233,198.2624492549743,215429,14711,67.72251700847484
2022-09-30,197.4496612548828,199.51873541649297,196.93238143887174,197.92997962619762,459950,5413,66.08528068472152
2022-10-03,196.59982299804688,199.03839862485236,195.08496768612167,197.44964298159096,342434,10299,59.75212702658675
2022-10-04,201.2552947998047,203.21352975813966,196.67374438113424,203.21352975813966,1136013,8322,77.2527703238973
2022-10-06,210.27053833007812,210.82475695778123,202.6592781967741,204.4697347344231,1178145,5221,75.3330233100898
2022-10-07,212.6721649169922,213.11554435552736,207.05610053293003,209.3838143962209,550838,15640,62.73670393993422
2022-10-10,214.1131134033203,214.63039310329543,208.71872819483448,210.60306236392162,433434,3639,51.473742471357376
2022-10-11,212.00709533691406,214.74124959767312,208.57094434248873,214.1131306403405,639022,12115,78.54433355285462
2022-10-12,213.89146423339844,214.1500815675327,209.05127439710859,212.00710725546634,414835,13728,49.524239542725624
2022-10-13,213.66978454589844,214.11316402910987,210.04889344357025,213.78062377889697,312524,4718,60.75656685490587
2022-10-14,210.71395874023438,216.33004643723453,209.86416118932402,215.03686938765244,280350,11673,52.64918314757661
2022-10-17,204.61752319335938,210.7139284066303,203.95246531670006,210.60308918572287,373337,15540,47.36176808490029
2022-10-18,207.31472778320312,207.64726801581455,205.31955404118298,205.35649293315487,305689,11441,66.5110017897991
2022-10-19,207.97979736328125,210.5291896587475,206.9082989375828,206.9082989375828,237621,5479,47.13441293540455
2022-10-20,205.68902587890625,207.64726065958095,204.8392284327133,206.35408376935223,234039,6112,55.70128452453678
2022-10-21,207.7581024169922,209.64245943932548,205.5042888298737,206.13240783731814,653505,4585,74.34306422509
2022-10-24,209.30990600585938,209.67938509854406,207.86892852390355,209.12516645951706,123463,13281,71.45517621161613
2022-10-25,210.0119171142578,210.38139619253678,207.31470180185062,209.12515830590294,287573,4576,59.82309970122485
2022-10-27,209.9380340576172,212.6721659310602,209.1990758402734,211.3420501603274,284662,17400,60.47709570271432
2022-10-28,209.49465942382812,210.97257589242656,209.12518030667852,209.86413854097773,169733,15323,52.12874410730305
2022-10-31,209.64247131347656,210.6770083866318,208.46013356506333,210.56616915579673,419177,10593,57.852508275325405
2022-11-01,209.5685577392578,210.38141629940188,208.8295995120751,209.1251782927051,288825,7560,66.96874602772154
2022-11-02,213.0046844482422,216.51473562301808,209.56853359791467,209.56853359791467,1146681,7940,45.52392876186422
2022-11-03,211.23121643066406,214.96294650480127,210.7139366445864,211.52679521504456,317644,7861,47.2328051397118
2022-11-04,213.48501586914062,215.03683257321077,211.74845961818627,211.89626027617933,359041,15842,62.10671707928826
2022-11-07,214.8890380859375,216.73643360782904,213.18944322628323,214.55652042272595,644150,7733,74.83672759986914
2022-11-09,215.88662719726562,217.9926625148553,215.03682980278947,215.62798732471708,603701,13630,57.4184718001027
2022-11-10,216.40391540527344,216.921172619385,213.74366135013682,215.8866356399471,452302,17338,66.36067461367219
2022-11-11,219.1380615234375,220.4312384698272,216.73644719442805,218.103524476569,941418,13929,55.417040534027734
2022-11-14,228.5967559814453,229.0770743690724,223.3870864045793,223.90436623815785,2416967,12627,64.52692244391955
2022-11-15,232.2545928955078,232.77187274431589,228.8184411890497,230.1855186027124,996538,6176,74.40282009174176
2022-11-16,235.7646484375,237.61204428029885,233.17829425758163,236.4666678782511,1639754,11361,72.74079673571738
2022-11-17,239.607177734375,241.49151197749094,236.42966674172885,237.9075830269062,2636045,6971,73.55624910645149
2022-11-18,238.97909545898438,241.49154901891853,237.9445584109193,241.01123066280437,1233833,6223,57.120939674505635
2022-11-21,239.7919158935547,240.1613949627281,236.94692255067676,239.34853650030402,1152337,7507,63.784945300524576
2022-11-22,236.1341094970703,240.01364046942888,235.8015918015984,239.68112277395696,1190367,9848,63.21016322311566
2022-11-23,233.80421447753906,237.41555926915197,233.02758526658448,236.17294779145612,1784660,7807,64.51386801002121
2022-11-24,230.03759765625,234.07605561168788,227.3970391959186,233.3770940137125,1088237,10186,77.96666009009796
2022-11-25,230.7365264892578,231.28015267677875,227.8629891379298,227.8629891379298,683382,17711,78.02948132752805
2022-11-28,233.84304809570312,234.50318763112946,230.1928815121749,230.73653141213572,576400,9745,61.210265847896395
2022-11-29,235.4351348876953,236.05645246199336,230.89184937291697,231.66847856515798,495661,11258,68.45325406126925
2022-11-30,238.6193389892578,238.89116396912146,234.1537207656997,234.1537207656997,495922,6938,50.15955020629163
2022-12-01,238.42515563964844,240.3667285683101,236.7942296394044,239.82307866794827,604601,10774,46.44698726240378
2022-12-02,237.18252563476562,241.53165339425126,236.25058492255843,239.20176606247392,828054,6695,65.48791033964
2022-12-05,243.90037536621094,244.63818253992162,237.72618783689833,237.72618783689833,1227211,3633,69.1764593617732
2022-12-06,244.67701721191406,247.66704433825979,243.20142648877416,244.24988063708267,830567,12377,60.06555127229303
2022-12-07,244.67701721191406,247.20106208336244,242.30830765904545,245.91962865802628,444698,3776,53.413054549340075
2022-12-08,246.34677124023438,247.27871198225188,244.71584531565338,246.19143593281132,490930,7503,55.71002252708492
2022-12-09,246.15260314941406,248.28833317809355,242.73541614285546,248.28833317809355,638318,16166,62.13926387263349
2022-12-12,246.30795288085938,247.16224976475533,242.7742994030516,245.88081628933287,529141,16845,48.51634432720322
2022-12-13,246.34677124023438,248.13300877139815,245.60896408123526,246.54092852409306,337990,16692,48.708752603640846
2022-12-14,247.12338256835938,248.36597013484385,245.53127873493838,246.9680472721295,420848,16334,53.87135777557699
2022-12-15,247.7835235595703,248.13301616126063,246.65742550015685,247.35638700269644,388016,13413,76.1156667181404
2022-12-16,248.24951171875,251.9385003099587,246.26911679749037,247.43406056313523,1124919,9291,63.47335632486141
2022-12-19,251.6278533935547,252.3268149128129,247.1622356249962,248.48251470647187,699822,11489,74.90847848773906
2022-12-20,255.12269592285156,255.4721885482884,248.67668294912568,250.03578406895824,1039966,5767,64.19944190653726
2022-12-21,251.12306213378906,258.61752933995865,248.52134951587618,257.0642709054844,790394,17303,66.21234195063789
2022-12-22,248.6766815185547,253.53061406146182,241.60935099591342,251.6278630243052,752259,5578,47.98720562714353
2022-12-23,243.201416015625,245.02649927655358,239.39593788271836,242.50245451379988,993236,3177,60.13185279765719
2022-12-26,243.90037536621094,245.3759897136323,238.42514933255853,241.68700124676047,351079,6042,76.53673039502532
2022-12-27,249.76393127441406,252.01615099615313,243.47323062340217,244.83233159179437,366016,4637,53.160769857708715
2022-12-28,251.82199096679688,253.4529168512371,247.51170885155616,248.40482759515635,297658,12382,67.15407776505356
2022-12-29,253.3364715576172,253.64711851834022,248.7155180265138,248.7155180265138,447463,12330,63.90363910816832
2022-12-30,249.8416290283203,256.1323067364016,248.94848646652642,254.69556164310083,327330,14667,69.32906034852883
2023-01-02,252.48214721679688,253.53060133359833,251.0453785160572,251.08420049411453,241376,11367,51.00825400813455
2023-01-03,257.5690612792969,261.0250705901374,254.73436952927656,255.8604913139347,1354277,8182,57.59554608638451
2023-01-04,257.8796691894531,259.3552833600997,256.55941401155616,258.2291617458353,638125,11213,57.05741312269417
2023-01-05,262.2676696777344,264.48104376284994,258.850482506021,259.8212689296122,1187757,7428,45.772002031632304
2023-01-06,258.462158203125,262.8501316331823,256.52058542906053,262.267659800963,330906,9509,46.18070041483278
2023-01-09,263.0442810058594,265.3741682647214,259.47178246876985,259.782429363117,535175,16598,58.57616876956123
2023-01-10,266.9274597167969,268.4030504245461,264.13158991741625,264.59757216745334,780956,8077,71.73017796924654
2023-01-11,263.58795166015625,269.60682809534336,261.9570255633563,267.93708001800843,507764,7541,57.32556414332146
2023-01-12,268.01470947265625,268.6360032777044,261.7628309429769,264.83052539489574,599868,9021,70.9891134887642
2023-01-13,271.5872497558594,271.8202290432735,268.0147505768363,268.0147505768363,647059,16994,53.212959617910634
2023-01-16,267.4710998535156,273.99478059124175,264.0539360100251,272.9851720809524,388733,7570,72.64235533357451
2023-01-17,269.91748046875,273.33466805487706,266.11200196693756,268.7137146378484,809639,4069,60.894186340619825
2023-01-18,280.63494873046875,282.6153435871333,272.2085176936498,272.6356542467842,2252175,11147,46.88523017464738
2023-01-19,293.2163391113281,297.4489776469544,282.69302314227525,282.69302314227525,3152013,10247,62.43686777326202
2023-01-20,274.15008544921875,277.1012666904323,264.20924197275605,267.93705235121945,5818613,8316,72.78778608859871
2023-01-23,268.8689880371094,279.58645950444463,265.4518012380515,279.58645950444463,2107210,10693,51.552445444677986
2023-01-24,275.66448974609375,277.2565698122999,268.0923565369343,270.2669083884604,1278140,15480,75.83219157043825
2023-01-25,278.0332336425781,278.80986278683116,273.76177334918657,278.80986278683116,1109433,9629,56.72380914078457
2023-01-27,268.9855041503906,278.0332287826178,264.442218995758,276.2081455853572,1306217,9312,57.7791212664945
2023-01-30,266.2823181152344,270.31689869273794,263.98260226103224,269.429286040662,1021008,17116,69.69916857333384
2023-01-31,268.5820617675781,271.0431463245264,266.2823456753562,266.2823456753562,590476,17341,60.49601558890542
2023-02-01,268.21893310546875,276.7722495320684,261.6022352095162,272.29387458648387,949631,15513,63.596806229609754
2023-02-02,277.3774108886719,280.4033462801847,266.64543655015666,266.64543655015666,1353291,10609,57.89959037037436
2023-02-03,279.3947448730469,282.09791917085164,274.59358345044757,277.5791833540162,695416,15729,50.80783936188878
2023-02-06,273.100830078125,278.1843928900222,270.31695900843346,271.0028427846751,556891,3862,47.51342817475874
2023-02-07,267.9364929199219,274.51287912378814,266.44371776947486,273.5445699112201,573595,11362,71.63230415455057
2023-02-08,265.43511962890625,271.2449020582898,264.0633521055783,267.2910172191682,346573,9039,45.788074196316316
2023-02-09,264.0633544921875,268.29966499206216,262.44952192080666,265.51579395637793,559495,7168,76.4553300363819
2023-02-10,266.16131591796875,267.0892646313905,263.86159980200813,264.06332885384455,205428,15801,48.62353735288427
2023-02-13,263.0143127441406,266.20161656526636,262.24773259880175,266.1612806103012,276106,4691,70.74193830693017
2023-02-14,263.21612548828125,265.31408831625396,262.40920913132777,263.05473236683736,180115,7771,51.531146683153864
2023-02-15,260.43218994140625,263.8212476543661,258.8990541665442,262.24775129653614,268049,7042,57.38690800803655
2023-02-16,262.0863952636719,265.4351174921689,260.67429178784363,262.2477883681044,267210,6130,49.72159542256473
2023-02-17,261.4005126953125,262.852952004457,260.67426841561206,262.0863717648302,135607,16099,60.387208284240124
2023-02-20,259.1814880371094,262.368792187434,258.6166368585062,261.92499813647987,157990,4517,54.292207525133904
2023-02-21,259.5849609375,260.6339421860299,259.1008062746673,260.5532456380363,92681,15973,77.22158390869946
2023-02-22,254.9048309326172,260.9567026291424,254.17861125405994,260.9567026291424,366016,13852,51.85681455998437
2023-02-23,254.78382873535156,258.89910690360927,254.1786414936999,254.9855578159021,243213,9722,77.55450628159973
2023-02-24,258.1728515625,259.02010373400844,254.21894242845127,254.98552267896156,219964,9557,50.4401653945431
2023-02-27,249.01429748535156,257.1641545000046,248.53014293124002,257.1641545000046,395864,5647,48.93780465886654
2023-02-28,245.30252075195312,248.1670633646304,238.80685529919757,247.72326931200527,636946,8131,62.33226061056524
2023-03-01,251.39476013183594,253.37171489107024,243.08353220042963,245.30255199645015,743898,14397,45.85486457970595
2023-03-02,252.16131591796875,254.98552265625,250.06332884450555,251.39473566752673,244043,4101,78.85437456025765
2023-03-03,251.55609130859375,254.70305913770997,250.26502063828008,253.77511055830868,344245,17943,58.04121183257389
2023-03-06,251.71749877929688,255.55035042992654,250.95091859912043,252.16129280458244,492230,6492,68.17000824106246
2023-03-08,250.1036834716797,257.97111634088725,249.53883228742902,251.75785181464138,829264,11068,70.61962514262362
2023-03-09,251.47543334960938,252.56477516432147,250.18436248125167,250.18436248125167,238206,8538,47.59879052945301
2023-03-10,245.62527465820312,251.67714587001066,245.06044812017728,250.95092624961916,687462,8679,59.58585118273635
2023-03-13,242.43798828125,253.3716932181605,240.05757558090045,247.72327967508048,3529283,7332,48.48069526049909
2023-03-14,237.9192657470703,245.82703529690303,236.91062041545234,243.04318895671557,1644635,16522,78.70474815446619
2023-03-15,238.1209716796875,250.1036819802018,237.23335894907018,239.16995287260846,2796338,5581,71.78294872928616
2023-03-16,245.9884033203125,246.91635200576616,239.0489192212687,239.29098422612526,1996713,5594,71.96077584472455
2023-03-17,251.83853149414062,256.599331781412,249.33708654231543,251.75783495534762,6324640,15697,63.70830271384031
2023-03-20,250.62820434570312,255.99419274375325,249.78092746698096,255.6310705635679,1409324,9883,65.76329346126055
2023-03-21,250.62820434570312,254.98554738227273,249.4178299119265,254.0979345391437,1566260,13598,59.70182590323779
2023-03-22,256.3976135253906,262.247755769479,255.67139389597753,259.0200910830854,10748992,4259,78.9044499023498
2023-03-23,258.4149475097656,262.0864068593053,256.03453455228504,258.21321843286495,4468037,10288,70.58830444456848
2023-03-24,260.7146301269531,261.44084978466265,258.45524998336674,261.44084978466265,2726902,17779,45.504930536172814
2023-03-27,265.55615234375,266.04030703617576,261.48121035972434,263.45816509332525,2633761,13031,46.236417622197436
2023-03-28,265.31402587890625,267.5330453383182,260.87598696008246,267.0892512964866,1943385,9745,67.34844599414927
2023-03-29,261.9844665527344,265.4016498989865,258.47965763564093,261.9844665527344,2729086,16637,61.684990256061965
2023-03-31,257.033935546875,261.10827066402027,256.1139071400547,261.10827066402027,1891210,4373,63.35837617246812
2023-04-03,261.2835388183594,261.89686438992703,257.0339522786465,257.6034784306638,792375,8000,52.28115188419402
2023-04-05,267.85504150390625,268.99409374576356,260.7577978519508,261.98447566769806,2122227,7562,48.67399747297506
2023-04-06,272.76171875,273.85697143810563,265.7959276973887,266.54070487321405,1107348,5483,74.4814705182151
2023-04-10,274.0760498046875,275.95990601116506,271.9293703617728,272.7617464455098,839201,15313,68.58279954318846
2023-04-11,273.4189147949219,275.08372054303646,271.9731863595972,274.1636920917776,741347,13458,76.28935886462574
2023-04-12,274.4703369140625,274.9522374243091,272.84935750935375,274.25128636584697,507479,8935,66.77052774065164
2023-04-13,280.12188720703125,281.96189065326377,273.94464492179907,275.03989780149567,1314001,12571,60.52860341254112
2023-04-17,279.3771057128906,281.12951029413557,277.8437517043013,280.1218830078341,767761,10278,68.60094423271853
2023-04-18,283.27618408203125,284.67811306633456,279.50852500506426,279.50852500506426,1129990,10692,72.01767888715737
2023-04-19,284.28387451171875,285.64197751265147,283.36384596371533,283.8895727426352,789880,17332,45.169593933614145
2023-04-20,287.0000305175781,287.8324333341594,284.8095249366485,285.37907777934623,794274,11047,58.714079194298805
2023-04-21,284.41522216796875,287.3943041188482,281.26088909192157,286.4743025606362,1221091,12787,74.80130467851438
2023-04-24,279.0266418457031,280.3847447572921,275.12753079309283,280.3847447572921,892063,3466,58.081314490000565
2023-04-25,277.62469482421875,279.6837755083152,277.05516869616775,279.0266238052783,302289,11160,72.48647010919399
2023-04-26,274.42657470703125,277.1427804815122,273.8570218127957,276.44182932801505,401604,7547,62.210860690231506
2023-04-27,271.8855895996094,273.9884967170476,270.92178836695405,273.375144351199,329620,15816,62.779855328245844
2023-04-28,275.4342041015625,275.9161046807915,272.76177098704227,272.9808215666141,554348,4426,57.923500732796334
2023-05-02,276.1789855957031,278.45709026603595,276.0037344335668,277.2304123498014,407894,13836,78.57637240251064
2023-05-03,275.4342041015625,277.18660873813735,273.37512330567256,277.18660873813735,466517,16604,46.0951410798326
2023-05-04,273.9446716308594,277.44948118760044,272.9808436548406,276.52947937478586,404326,14639,66.70063169607474
2023-05-05,272.9369812011719,274.73318498836977,272.1484045809282,274.25128448143437,348800,11954,51.59213017139418
2023-05-08,274.6456298828125,275.56563162962595,273.3751258138102,273.59417639539174,268684,5532,71.39950257248168
2023-05-09,275.3027648925781,277.4056450000177,273.59415976427454,275.3027648925781,408045,15412,67.61319449838831
2023-05-10,275.390380859375,276.441834348288,273.90085294625004,276.441834348288,214245,13084,60.329450198687894
2023-05-11,274.8646545410156,276.0037067619829,274.29510169096153,275.3903544955726,146651,17192,78.16446353641237
2023-05-12,271.9293518066406,274.2512822348366,271.0093234742523,274.2512822348366,339326,17585,54.629360872024165
2023-05-15,271.3598937988281,273.8132498213978,270.6151164113989,273.8132498213978,308715,8313,51.88981687912467
2023-05-16,272.1046142578125,274.119895596656,271.62271368742176,272.6741671459116,242696,4855,47.7986597017337
2023-05-17,273.6817932128906,274.77704608572947,271.75413746086537,272.84939033370426,314221,8827,73.53714947008618
2023-05-18,271.8855895996094,274.68944792981057,271.62273957971695,273.9008711305586,303319,14385,72.34011166838258
2023-05-19,270.1769714355469,273.5503554746801,269.47599358583676,272.3674770791956,330855,7385,46.468815920351325
2023-05-22,270.48370361328125,272.41133293532226,269.8703512101549,271.57895666202376,330803,7297,76.71990417155702
2023-05-23,269.47601318359375,271.622719566318,269.0817381828057,269.95794050398734,533927,12569,57.27018715487486
2023-05-24,268.59979248046875,271.3598509949614,268.20551750666334,269.47599474168646,480513,16906,75.44882430260002
2023-05-25,267.154052734375,269.34455829424945,266.7159516224001,268.11788052863375,363830,6649,53.81076037668541
2023-05-26,267.76739501953125,269.7388499500324,266.84736667488943,269.7388499500324,442425,6195,64.97103229220619
2023-05-29,268.7312316894531,269.8702838801323,267.4607277740597,269.2131322148398,453398,4263,62.140684812278195
2023-05-30,268.68743896484375,269.69506629574755,267.6360122132988,268.9941151280509,370133,12414,65.24447696097799
2023-05-31,268.117919921875,269.125547279549,266.71599080966286,268.68744610320607,343628,13980,58.81804158235168
2023-06-01,267.81121826171875,269.08172224802314,266.8035909999452,268.7750461058561,283062,11125,76.88434580972876
2023-06-02,268.5559997558594,269.1255258919297,267.2416963312793,268.11789861433266,273163,17766,50.59952477969871
2023-06-05,268.90643310546875,271.5350395419632,267.6797554496848,267.98643154852266,421092,15112,72.58783704007612
2023-06-06,269.0379333496094,271.097014315524,268.46840714360957,269.8703363165456,255148,15732,70.5945529134867
2023-06-07,267.6360168457031,271.4474756529376,267.3293406771878,271.4474756529376,710622,5309,65.9904069794709
2023-06-08,266.5407409667969,268.55599548997964,266.01501425740145,268.55599548997964,712681,8431,63.92560421442654
2023-06-09,263.3425598144531,268.07407307353645,261.9844571038893,268.07407307353645,854118,14905,59.92512064274084
2023-06-12,261.9407043457031,264.21880907376203,261.7216537572687,263.7369084750358,697003,4797,63.40109320234217
2023-06-13,266.23406982421875,266.8912215384107,262.4663839524418,262.64163510538833,984236,5061,51.47779861135811
2023-06-14,264.7445068359375,268.0302653025582,263.7368795874213,267.2416886184834,790046,12614,67.47636814135264
2023-06-15,266.2778625488281,266.978840403421,262.9921040604675,265.5330852768855,1066599,15725,56.533737979523174
2023-06-16,266.8035888671875,271.1846001786356,266.2778621618996,267.1540644241892,803574,14923,50.18316971657887
2023-06-19,269.0816955566406,269.38837166838715,266.8035645345404,268.24929278755275,661796,17401,57.21329230663834
2023-06-20,269.95794677734375,270.13317120190834,268.1179165121886,269.08174443580066,485539,17749,68.07049989077566
2023-06-21,269.78271484375,270.48369281069535,267.72363384643444,270.2208160457501,488122,13933,66.31922298021362
2023-06-22,272.23602294921875,272.893174571974,268.95026483544274,270.5712174465845,655279,7434,48.16531358790995
2023-06-23,270.26458740234375,274.7770235199463,269.8702857046746,274.7770235199463,333504,10976,75.69778239606484
2023-06-26,268.99407958984375,270.70268460228453,266.3654729489006,270.2645834954607,577649,3887,45.244382311710645
2023-06-27,267.4607238769531,269.4321788441051,267.2416733250474,269.08170330896974,362332,14988,73.1461363013027
2023-06-28,268.90643310546875,271.0531390577662,268.0302309599706,269.56358471459237,349310,16881,56.66065072798301
2023-06-30,269.30078125,269.8703073949646,267.5045504979461,269.8703073949646,347574,14514,54.76061133165519
2023-07-03,271.2283630371094,271.62266469782026,270.0455115341115,270.74646255363376,329058,15793,75.75411775824121
2023-07-04,272.27984619140625,274.11987624407317,271.6226945111374,272.2360467752165,388875,14759,75.44859573314663
2023-07-05,272.9369812011719,273.72555782141563,272.06077901433025,273.72555782141563,311186,9039,54.07391073556491
2023-07-06,294.3601989746094,296.4630793295344,276.8799508739228,276.8799508739228,6685794,17014,46.866940693795534
2023-07-07,298.43450927734375,301.4135917549139,295.7620762136804,297.90878254846143,3390644,3840,47.02669484927306
2023-07-10,287.2629089355469,290.8991428735522,283.93332438903514,290.0229406359813,2648867,13979,50.12264304880911
2023-07-11,289.9791564941406,291.7753604799453,287.26292406668324,289.10295421041707,1207370,12834,49.289267356374936
2023-07-12,291.4687194824219,291.77539566662307,290.5487176693931,291.68777007976917,624584,9174,62.59519279154404
2023-07-13,289.7601013183594,292.65155811286763,287.3505450764121,292.0820319854125,1090510,6042,78.96518038873
2023-07-14,294.1015625,294.50439098318157,290.0733869394398,292.53504978200436,563672,5790,73.26834742754869
2023-07-17,289.98388671875,293.56448712982115,289.13348319399535,293.16165865645036,720807,8795,56.4428521070429
2023-07-18,286.71661376953125,291.0580979398659,285.10535424878447,291.0580979398659,442325,7868,69.88926480373812
2023-07-19,289.3572998046875,293.60926322022425,285.284377354826,286.44806167826755,607414,8202,76.34143534030619
2023-07-20,289.26776123046875,290.61048643560895,288.23834403675744,290.61048643560895,208681,3866,62.678371520799146
2023-07-21,284.7920227050781,289.67060208582393,282.5094006860153,289.67060208582393,950300,4347,76.60359466173627
2023-07-24,283.35980224609375,284.65778104275546,280.1820297684983,281.9723302782012,763349,8539,59.483990618697504
2023-07-25,284.7025146484375,286.44806849294304,279.28686678061945,282.8674676367812,572162,7102,62.9186199081778
2023-07-26,286.3137512207031,288.6411468326743,284.65771815154216,286.4480182657028,562029,6370,77.15303956464948
2023-07-27,286.8061218261719,288.1936210423895,281.8380490876991,287.432737900311,816751,11561,47.7062728493925
2023-07-28,286.5823059082031,287.25366849926615,283.6730680135967,286.80609343855747,497223,12633,69.94447077953902
2023-07-31,288.1935729980469,289.1334696347502,284.83676027008926,286.716553543496,632384,15506,73.92154363294517
2023-08-01,288.4621276855469,290.341948410986,286.80609449128355,289.6258119205352,406743,15284,73.42037073859909
2023-08-02,287.34320068359375,290.6552671949231,285.82143448805,289.13350099937935,580855,5591,69.19403102269452
2023-08-03,284.747314453125,288.238395141901,282.9570138621815,288.238395141901,485555,13843,70.73408616969476
2023-08-04,284.8367919921875,287.7907765946489,283.53881333236404,285.46338071383525,362429,14664,52.26298936920373
2023-08-07,283.5387878417969,288.14880529026357,282.86742528179263,288.14880529026357,411143,3974,67.57980035643453
2023-08-08,285.9557189941406,287.2984441846259,282.64365259715134,285.8661985178788,427000,15562,73.15131777959067
2023-08-09,286.9851379394531,287.3431925288858,284.7024887109184,285.59763884340714,235747,3173,75.02267156151909
2023-08-10,285.3738708496094,288.1936158142659,284.6577616217126,287.2984656204869,225424,16441,67.56041723080219
2023-08-11,283.35980224609375,286.44808155245835,282.8674805330526,286.44808155245835,279237,13219,51.95776898806364
2023-08-14,283.35980224609375,284.61303445714003,281.07718002334974,283.762630787904,234103,15892,48.255134888866905
2023-08-16,281.25616455078125,283.6730533630979,281.077123608619,283.58353289201676,207990,14459,66.53701102622357
2023-08-17,281.0771484375,284.0311330194306,280.2267448638275,281.3904564550538,231013,5457,77.72620276361181
2023-08-18,281.5694580078125,282.7779161277483,279.33158271823265,281.0771363712304,246539,7728,64.23659890033318
2023-08-21,282.061767578125,283.62828006209986,279.5553312130793,282.86739710632156,243071,17590,55.51977798565516
2023-08-22,283.1359558105469,283.62830473903284,280.62954654524214,282.77790124661936,190788,15377,45.30201393946052
2023-08-23,281.1666564941406,284.21016142059375,280.71908143678536,283.1359703558157,322539,16791,45.042316223573046
2023-08-24,282.9569396972656,283.53878177325373,281.1666395755718,281.1666395755718,305984,12181,51.23338125705493
2023-08-25,281.4799499511719,284.6577217670439,280.45050551820486,283.71782512229646,344870,6784,49.92505004669393
2023-08-28,283.0465087890625,284.03115217088805,281.1666878748032,281.4799959134825,475282,4602,75.81392784880049
2023-08-29,282.3303527832031,284.52348158510574,281.79325722785813,283.80734507204085,219232,8998,54.652486983458125
2023-08-30,286.4033203125,288.68594241844954,282.9569865440963,282.9569865440963,567027,6194,68.05009431596179
2023-08-31,284.7920227050781,287.74603467318843,283.80735204904136,287.34320616732305,219124,13504,57.334306605887505
2023-09-01,286.1795349121094,288.2383694812776,284.7920356869598,284.7920356869598,281397,8394,65.24778246042673
2023-09-04,289.5810546875,290.834259352415,286.3137623161032,286.44802936630606,667679,10151,57.02866882840636
2023-09-05,290.0286560058594,292.22178485648664,287.0298974632234,290.923806178717,535157,15693,66.61599059766633
2023-09-06,287.74603271484375,290.92380488725536,287.3432042117199,290.92380488725536,291816,7181,50.12366397556698
2023-09-07,287.2536926269531,289.0887669206828,285.552912716967,288.23836330678176,263613,13192,66.94452561757228
2023-09-08,286.6270751953125,288.999217515356,286.4480342467829,288.23833446082534,295099,4050,73.13642440015782
2023-09-11,286.4033203125,288.2383673139248,285.37387571784,286.9851624848189,391440,11435,74.99186683574693
2023-09-12,282.1513671875,288.2383779055841,281.5694976759832,288.1936313206139,388769,6457,76.56797480746715
2023-09-13,281.8380432128906,283.71786407830734,279.7344347996342,283.27028898262796,297983,17972,58.86790284376431
2023-09-14,287.522216796875,288.23832593418274,283.225480019591,284.47868466878583,555890,8812,48.20289481459645
2023-09-15,287.790771484375,289.58107177354685,287.522237368125,289.0887501211504,538269,9778,50.80055525785865
2023-09-18,284.7920227050781,288.6411848481645,284.21018055490674,288.6411848481645,299525,11182,57.021599780924134
2023-09-20,282.5093994140625,285.4633840510576,281.7932628866167,284.7920214228482,239370,13826,48.85938524075709
2023-09-21,280.5400390625,282.8674348124946,279.4211014247923,282.5093802319908,233391,6984,74.37041050494949
2023-09-22,280.8981018066406,281.9275463175008,279.33158906832296,281.03239618131926,195355,10384,48.244571737863104
2023-09-25,280.4505310058594,282.3751256821855,276.7804372459226,282.3751256821855,350059,3593,75.382771563609
2023-09-26,278.7945251464844,283.31502247688866,277.5412930822243,281.83803019294174,276885,6031,78.16752383545293
2023-09-27,278.3916931152344,279.28684325386854,276.78043379281854,279.28684325386854,199242,6585,75.9177252083744
2023-09-28,266.7099609375,278.7497123858454,263.1741074108087,278.39165783932486,1140485,14625,71.4751778063642
2023-09-29,276.2880859375,284.2101701598492,268.7240836262966,268.81357678626864,2289398,8310,46.033388174748865
2023-10-03,274.81109619140625,278.7945252880818,271.7675911434031,276.2880884761033,703140,9182,59.01462963022587
2023-10-04,275.84051513671875,276.9594528318359,272.30468841083746,274.81109792077393,369670,6412,54.3332768920632
2023-10-05,272.5732116699219,275.30340861009773,269.037357767111,269.037357767111,292298,17444,51.22565862662974
2023-10-06,273.5130920410156,274.6768035187871,270.827641840052,274.3187489555544,326063,15551,56.10624837640169
2023-10-09,279.1078186035156,281.5247350461415,271.0514668851841,275.7062588051242,1103868,6374,73.26870491234448
2023-10-10,283.8073425292969,284.5234790359456,280.1819953693749,281.9275490791533,601029,17472,56.148038187397475
2023-10-11,284.0310974121094,286.2689725172089,280.0029222229302,284.6577133686618,461120,6699,75.77464640143232
2023-10-12,284.38922119140625,288.1488355313118,281.972304794612,282.5541469441172,555523,6675,73.20460804231175
2023-10-13,285.19482421875,286.8956039266716,283.8968456607554,284.3891946010832,365388,12097,46.88145832541145
2023-10-16,288.1488342285156,290.56575061438235,284.29969942505477,286.58232143118374,710371,14617,77.76103853170406
2023-10-17,287.522216796875,290.02862609526466,286.5375462447175,289.7600919982274,473925,12785,68.2600964075196
2023-10-18,280.40576171875,290.4762000885375,277.0936955055616,287.1641338753491,2046808,4178,59.51048302911971
2023-10-19,281.4352111816406,281.9723067533053,277.49655585245915,277.49655585245915,205302,17078,56.973926609646554
2023-10-20,276.24334716796875,282.68841198360406,268.81358438665563,281.6142481732391,1532582,3205,72.46102281135323
2023-10-23,271.6333312988281,275.61673318348596,270.2458321380742,273.915953316002,499171,4149,59.274297754478845
2023-10-25,268.2765197753906,275.6167348580272,265.50154875483844,273.8712083983524,512926,3785,65.09041086336497
2023-10-26,263.8007507324219,268.23172742634927,260.04110930925896,267.6498853131443,557107,3401,64.8824288656796
2023-10-27,264.785400390625,268.2765077896338,262.59229893909423,265.18822888060737,346211,12274,60.54875881054281
2023-10-30,262.14471435546875,264.7853907810045,260.80198919467705,264.7853907810045,325580,17306,68.07457433811908
2023-10-31,264.5616149902344,265.9043402105898,262.3685135210093,262.68182153598843,228054,11585,76.38970943051228
2023-11-01,261.8314208984375,265.09871350762427,260.6229627230356,264.8301793876749,315882,8032,78.88241761779068
2023-11-02,263.4427185058594,265.41206006415433,261.8314589165772,264.0693346338129,213238,10337,73.55918114752428
2023-11-03,267.7394104003906,268.36599910316846,263.8007552764508,264.78539856907514,211812,6031,67.67316963077937
2023-11-06,265.0091552734375,268.27647473495546,264.3377927513959,267.6498587872589,333777,10538,67.64619956720739
2023-11-07,262.0552062988281,266.30716950948374,261.47336416514344,265.7700739561538,393766,17861,76.28407156791346
2023-11-08,265.8595886230469,266.30716368806884,262.9950972797807,262.9950972797807,197817,14502,62.234922720856844
2023-11-09,265.50152587890625,266.754730558909,264.06928025126894,265.85958045636227,186227,11302,72.21235882348722
2023-11-10,270.1562805175781,273.8264012724702,264.3825789499542,265.5015165387742,331948,9389,70.16862360861049
2023-11-13,269.66400146484375,272.66276013971736,268.6793307677159,272.08091796526526,247756,10869,54.11018990965552
2023-11-15,272.3941955566406,274.453057412045,270.8276827030534,272.976065042226,306698,5013,53.91202785287351
2023-11-16,271.7228088378906,273.8264170899488,269.75349495849804,273.8264170899488,300970,3480,73.5663882801197
2023-11-17,275.34820556640625,276.3328762449016,268.6345791009598,268.8135927493488,334149,17039,57.57873468694795
2023-11-20,273.1103210449219,276.5566546467616,273.02080056478025,275.3481964593873,119971,14483,67.26112435281311
2023-11-21,271.9913330078125,275.0795841176289,271.49898411704635,274.8110500447092,142123,10227,66.05238967516179
2023-11-22,268.1422119140625,272.1256409404814,266.97852766611373,271.9913738838433,290073,3139,46.04994923770823
2023-11-23,269.75347900390625,270.78289612063713,268.14219248754245,268.14219248754245,115557,6741,78.68863383662689
2023-11-24,269.440185546875,272.03611542579046,268.45551495340675,272.03611542579046,132414,11029,48.29467184364837
2023-11-28,269.2611389160156,271.0066925366054,268.5450297637708,271.0066925366054,197865,17377,55.25158456055931
2023-11-29,268.3212585449219,271.2304965441579,268.09747100651913,270.827668047907,636251,15480,55.99071331455623
2023-11-30,267.8736877441406,269.305933476344,266.30717495031524,268.58979695133473,382853,12386,63.27381886195981
2023-12-01,268.6792907714844,270.33532388133983,266.6204565167316,269.3954272254337,395237,5498,67.10693934255644
2023-12-04,284.5682067871094,285.5528773449649,280.18197683063954,285.4633568728303,2209533,13513,64.1278118751273
2023-12-05,290.9237976074219,292.71409790039064,286.448046875,287.298450441286,1829812,8870,59.299739829313076
2023-12-06,291.5055847167969,297.18979253762967,290.92374269496884,294.9071710220698,2934514,3039,61.56090276193447
2023-12-07,290.16290283203125,293.251181640137,289.1334856686005,292.7140861103169,861934,7138,65.75839098828195
2023-12-08,288.8201904296875,291.7294284171447,286.62708895290854,290.16291565466776,676456,8069,71.04483585095468
2023-12-11,291.23712158203125,292.53507297487255,289.62583483937226,290.028663354491,565522,12031,66.60591133422895
2023-12-12,290.83428955078125,292.49032285606967,290.2077008121692,291.1475975789951,453205,4418,70.03032478624294
2023-12-13,291.37139892578125,291.8189740393385,289.670618957827,290.8343033259491,879874,17258,48.458128011113544
2023-12-14,291.006591796875,296.47835462164545,290.00342971283544,296.47835462164545,846426,9574,59.263715971653625
2023-12-15,288.49871826171875,291.82736861886235,286.81158572072565,291.82736861886235,778336,16668,59.29068892127544
2023-12-18,287.5411071777344,288.4986823101819,283.66527542125556,288.17949059936603,401872,5126,68.59608607912791
2023-12-19,284.486083984375,287.1763507124339,283.1637301508573,286.5379950724247,541553,16184,63.78633118347909
2023-12-20,279.880615234375,286.355539039978,278.831866437813,284.62282000685553,681204,17383,47.56035459959745
2023-12-21,279.515869140625,280.47341645070236,276.0504306718634,277.2359680872757,472198,14608,73.88596410598969
2023-12-22,282.6165466308594,284.5316692012637,278.19353274537985,278.19353274537985,480182,13809,73.54667694315907
2023-12-26,284.258056640625,285.35239237912253,282.7077128892264,283.66526013926443,311187,3948,52.22700602127895
2023-12-27,284.486083984375,285.6716214806958,283.0269416444857,284.53167087622376,306296,10750,71.6976361412178
2023-12-28,285.0788269042969,289.54742730280554,283.6196846966064,284.62284670382,1639625,11726,55.704820030803106
2023-12-29,290.04901123046875,293.69685304606753,286.0820055206646,286.0820055206646,1519854,10993,47.66601016281424
2024-01-01,290.32257080078125,292.55685686599213,288.95463033320806,290.0489660087746,579455,7060,45.28931025333135
2024-01-02,289.3650207519531,291.0977677584331,285.17002522062086,290.3225958604009,566897,16143,74.65274742966588
2024-01-03,290.7330017089844,293.6512864959329,290.0946460455325,291.9185670796687,787990,17621,71.10007741872232
2024-01-04,290.2314147949219,291.73614397946125,289.9122230695167,290.04901157159765,447976,9882,45.60422490500933
2024-01-05,290.4593811035156,291.82732167386183,287.9059031711982,290.0034009134002,524841,14672,65.30564541589206
2024-01-08,287.6778869628906,290.27695154596705,286.99391673980324,290.00337458905994,451664,10375,62.920229025964375
2024-01-09,286.1731872558594,289.86664389531103,284.98764976516634,288.9546834160625,371112,16589,59.131098134085875
2024-01-10,289.3194580078125,291.05217732806153,283.6197050919769,285.4436260250443,417359,17264,66.14973668402031
2024-01-11,289.3650207519531,290.869777660825,288.635463571936,290.41379746560864,319079,13821,50.29242868212593
2024-01-12,288.5442810058594,290.8241821323767,288.1339155015809,289.0914628423884,310597,12776,60.4459563009185
2024-01-15,293.4232482910156,296.79751278364506,288.17947617703476,288.17947617703476,1709160,8475,47.932375285450206
2024-01-16,292.37451171875,295.42958464489953,289.3650256805696,293.65125072093736,939904,7754,72.62933467275413
2024-01-17,288.08831787109375,290.82419938521775,286.3555984783137,290.82419938521775,765447,6875,60.42628779142907
2024-01-18,284.5772399902344,287.6779277053554,277.60074829285924,287.26753438105305,890971,4759,55.95802783663365
2024-01-19,287.4043273925781,295.01920264049926,285.48920490046265,286.4011653413915,1814063,17584,61.772454238328514
2024-01-23,283.3460998535156,289.09143908791833,280.61021872650065,288.5898720136277,613374,16830,49.63753960945702
2024-01-24,283.84771728515625,284.531687688253,280.8838455384036,282.7077666133283,420648,6415,70.89114048845289
2024-01-25,285.6260070800781,286.6747559690219,283.61968307710714,284.07566327498034,331791,12716,60.804203246131685
2024-01-29,286.3555908203125,287.26755130063196,284.1212765111997,286.3555908203125,366623,12919,55.317397916368726
2024-01-30,290.04901123046875,291.3713650209531,285.44362207060504,286.4467841360596,733697,11504,47.53091287429175
2024-01-31,289.3194580078125,291.4625706703316,288.22509431564214,290.55061020379793,491387,11171,54.14363918348098
2024-02-01,289.3194580078125,292.73930975731383,288.17950742464535,291.82734929078015,504653,12861,62.62839315643434
2024-02-02,290.1858215332031,293.14969294678843,288.63547766145973,290.82417713917334,707719,12662,64.81110787396952
2024-02-05,287.7235107421875,291.59934250337386,286.8115503277907,290.1858149933881,802078,9953,50.44635047067625
2024-02-06,288.08831787109375,290.6418239827717,285.8996182259597,287.7235392353757,433851,9186,72.21477085528178
2024-02-07,288.08831787109375,290.68741087567673,287.26755898302173,289.09147999243777,430490,17476,62.3607841941762
2024-02-08,286.6747741699219,289.2738670289791,285.44362199133434,289.09146380592006,403828,13560,68.62194197057264
2024-02-09,285.0788269042969,287.0395362001828,283.1637044961295,286.67475760596585,290538,7362,52.750089678184594
2024-02-12,281.15740966796875,288.54429524867305,279.4246902924519,286.31000873289423,439066,7744,52.864319128482826
2024-02-13,281.24859619140625,283.5284973081181,278.147936238843,281.15739458057294,331920,8040,76.89362547340431
2024-02-14,282.93572998046875,283.6197003188583,278.78632105990204,279.0598980629281,228976,13731,48.47910024193711
2024-02-15,287.17633056640625,290.0034134333361,282.70773007652264,290.0034134333361,398989,4967,78.41205971081783
2024-02-16,285.5804138183594,288.5899000489281,284.9876450827522,287.26754624341424,225066,4958,60.854052605759406
2024-02-19,283.7109069824219,287.1763456263111,283.16372513580126,285.7172033122644,278687,15252,51.41685230366916
2024-02-20,283.7109069824219,285.4436263043665,283.16372513580126,283.6197053695143,194595,11798,46.20460884525921
2024-02-21,281.886962890625,285.3524012498293,281.24857948353986,283.57409518293076,280526,8407,67.3062079388215
2024-02-22,282.93572998046875,283.6197003188583,280.8382320750706,282.7077398676723,193163,7515,73.16496989072411
2024-02-23,283.3005065917969,284.03009164608204,282.38854614705855,282.8901410901591,193107,9164,48.05507047622517
2024-02-26,282.93572998046875,286.30999478218683,281.52220241346015,283.3005085947783,349742,12656,71.22934538461494
2024-02-27,282.3885192871094,283.16369115756976,281.15736723765133,282.7077109785721,262548,15560,45.53396843498849
2024-02-28,281.7957763671875,283.93888897044906,280.4734225949471,283.16371702916416,312859,17586,69.55245769015038
2024-02-29,279.4703063964844,281.7045929233019,279.05991303909656,281.7045929233019,283041,3832,48.46300272211623
2024-03-01,281.5677795410156,285.808389925833,280.10863730354527,280.8382223376921,331401,8017,54.129076114310706
2024-03-04,284.71405029296875,287.22194141305766,283.3916965700472,285.4436074864836,421726,14816,72.9205642891358
2024-03-05,281.0205993652344,285.80839159593324,279.97185044276983,284.98763277969243,418677,12511,52.88208789995197
2024-03-06,280.4734191894531,281.75018605645477,279.10547854408594,279.971852085148,268163,17600,59.8959121040575
2024-03-07,283.5740966796875,285.2612011500756,280.9293892627948,281.43098417981565,310481,11360,55.34131087239466
2024-03-11,281.24859619140625,285.26121659065427,280.9294044689018,283.57411202894684,240075,4574,65.22384278180468
2024-03-12,281.294189453125,282.4341399245174,278.6494820948369,282.4341399245174,301099,13668,49.91670201021639
2024-03-13,275.2296447753906,281.52219396438096,273.5881271448509,281.29420385842695,560411,9823,55.66271641109846
2024-03-14,277.41839599609375,279.6982972523706,271.7642297481969,275.2296685254073,520707,7294,75.1412333043428
2024-03-15,263.92132568359375,277.2359526604232,259.54392703707373,277.2359526604232,3154634,9699,77.96796662609069
2024-03-18,269.4386901855469,270.3962373981362,263.92131349967264,263.92131349967264,685732,10264,78.17366573452682
2024-03-19,267.5691833496094,269.84908441399057,265.8364641068444,268.98273870801984,366865,8871,56.05638227980357
2024-03-20,266.01885986328125,269.30189503925186,265.19807323846584,268.98273116384894,331332,14150,61.90543769149376
2024-03-21,268.025146484375,270.35066212035997,266.292427352016,266.292427352016,367193,13108,48.62554235840989
2024-03-22,269.9403076171875,271.7186417219959,267.386829353139,268.11638661977406,563796,4448,73.60452710799461
2024-03-26,268.9371337890625,272.6305903464541,268.3899519475055,271.6274282754036,455958,15127,47.8910583182508
2024-03-27,267.8428039550781,271.58181965627864,267.20442048711334,268.3443710864611,465415,13847,73.7137388655518
2024-03-28,266.5660095214844,270.0770625714572,264.5597133720873,267.8427763257089,452622,14884,61.13841739745523
2024-04-01,279.1966857910156,280.4734248529744,268.2531604070987,269.4387256888509,916687,8118,63.70870697675036
2024-04-02,287.86029052734375,291.7361221712449,277.5551492888295,279.1966668527411,1847216,5541,78.07885257770565
2024-04-03,299.4422302246094,301.2205364683525,292.2833348653309,292.73931510693046,5708706,4757,73.43893947848468
2024-04-04,308.1058349609375,311.1609079489536,303.3636296215552,305.32433896792196,5296425,12397,72.70929277332775
2024-04-05,310.0209655761719,310.4313310794709,302.86207048983005,309.6105722420486,1822499,11539,51.2549496377023
2024-04-08,314.0791931152344,319.961349519037,311.34331159361943,313.2584342249151,3220184,15851,53.330735798982325
2024-04-09,363.3250427246094,372.07986873151583,313.7599860173712,315.6295216641493,21023442,17198,68.81044993123587
2024-04-10,365.9697265625,378.0076159344805,354.25105675295475,364.784189080319,13104407,10532,60.06499907383909
2024-04-12,393.92132568359375,399.2562720267013,359.35800252417135,366.60809920038935,19951451,11536,48.28622157313705
2024-04-15,371.3959045410156,389.6807009864569,366.6081120331204,387.58320302008997,9041149,15058,59.828279948997924
2024-04-16,367.29205322265625,381.1994494030299,364.7841621081626,370.25592453978504,4248215,15233,64.12702415326345
2024-04-18,369.2983703613281,380.78904898884304,367.5200364718772,369.6631489504707,3100128,11666,69.82080400790257
2024-04-19,363.5986633300781,373.99500748815257,358.5828805683836,368.4320428590171,3834728,6421,66.57653203036651
2024-04-22,373.63018798828125,382.9321673940851,362.5954615532931,363.8722005504635,3212026,12271,58.720103309481274
2024-04-23,368.88800048828125,379.2843440088072,367.52005981897986,375.7277038347883,1716625,9421,76.10587103879696
2024-04-24,373.5389709472656,377.4603893831468,370.7574751364378,370.7574751364378,1271005,7142,53.46645941304553
2024-04-25,375.271728515625,386.62564735152597,371.62388668315236,373.5390092113654,2419866,11541,57.72835967373759
2024-04-26,384.4825439453125,391.2310459313431,375.77330466256484,377.09565849093326,3812770,11663,67.51969799566393
2024-04-29,386.89923095703125,390.1822942284298,384.6649166641951,387.90239304423983,1474786,14975,55.82183662448622
2024-04-30,389.36151123046875,403.58807147320204,387.81116738900056,389.8630783275667,2369092,5251,62.53855653984884
2024-05-02,394.05810546875,398.84589770316,386.8536236726596,391.0486193657696,2249997,13713,65.29745614129197
2024-05-03,428.7126159667969,436.2818766198856,399.62108298418457,399.62108298418457,10396501,13029,62.93940116754765
2024-05-06,423.3776550292969,434.82274798014964,404.0896963437234,432.2692697552757,5386921,11534,46.18818307198519
2024-05-07,406.55194091796875,426.250291401779,395.47162746795766,423.3776216674537,3599889,3666,55.49170786569859
2024-05-08,430.30853271484375,444.1247276070927,405.2296209916506,407.3727335596155,8896879,7996,47.419099059382575
2024-05-09,415.9907531738281,443.9423353647186,411.56773943077195,431.17488908090866,3884464,10884,64.08147885746794
2024-05-10,479.2351989746094,493.3249985449172,419.775368673594,420.36816520910605,28236129,12254,72.40294620203409
2024-05-13,528.1162719726562,534.4088213142236,462.1815428643402,482.4270758962872,25340856,9961,73.41844015905582
2024-05-14,510.606689453125,530.760993576865,499.115954133337,527.6603057139896,17152568,15199,61.64118201203034
2024-05-15,520.7742309570312,538.5558832190695,506.567509510336,517.6636291286745,4213134,5247,72.26416128552367
2024-05-16,541.6200561523438,546.9127717296618,516.7350721011152,526.020518140668,5205070,5854,49.675320694491504
2024-05-17,548.0270385742188,574.8619437214076,537.0702235426321,542.9664591295593,6519031,11557,64.94909719903045
2024-05-21,688.330078125,690.4657193003549,580.4331878003103,591.2507547059357,15462688,8544,56.63076509115789
2024-05-22,717.114990234375,749.9854920642834,661.4487295870674,713.122259750234,17441458,14489,66.25176543569805
2024-05-23,687.9586791992188,704.6724810854843,661.0308872713465,704.5331767335541,6795842,5857,57.2448360999199
2024-05-24,689.5836791992188,705.6939055578687,675.9804779554321,687.1230133063458,2234866,11503,58.15514824260226
2024-05-27,656.38818359375,696.1298801208474,649.9812033483424,692.6942538540907,2122125,14275,61.96114023245852
2024-05-28,665.116455078125,692.6942397654914,652.7668238004563,662.9808139310467,3413004,11335,54.94464781240748
2024-05-29,660.93798828125,679.6945992117563,656.3881540667992,668.459233014549,1808030,14155,77.73535402070334
2024-05-30,618.875,663.7236945917082,612.8394598649662,656.4810577644411,2466965,16374,45.183834003445476
2024-05-31,638.1422119140625,656.0631095497401,626.9996778391717,630.295999501555,2590960,6400,71.9979550495321
2024-06-03,646.6384887695312,687.1230110769515,645.3385036465962,687.1230110769515,1661075,17050,57.24943705317065
2024-06-04,593.6649780273438,644.1778278461992,582.0117544223406,643.249283229484,1984752,12565,51.093531904680255
2024-06-05,628.4854125976562,637.9101632984685,554.1554260109705,593.3400208846017,1764071,8587,51.793913706042275
2024-06-06,638.6530151367188,653.2311778463144,626.7676546499819,633.2210514659666,1059101,17574,50.16273706660875
2024-06-07,638.9779663085938,649.7026447202878,634.1959391200614,642.4600084340699,872911,14501,55.30226707651383
2024-06-10,621.7999267578125,637.0280245044786,617.4821716100903,637.0280245044786,880093,10619,64.85102525306479
2024-06-11,646.7777099609375,664.8379132118705,623.9819520647724,624.3533925629275,1993799,6629,57.91215939166145
2024-06-12,639.07080078125,653.0918011292084,630.9924516814257,649.9811994869234,769297,12756,78.51027335139251
2024-06-13,624.3533935546875,645.431310022695,622.1248639099424,644.4099336619404,874207,9864,65.88480001038991
2024-06-14,614.6036987304688,628.0675955470323,612.4215848972583,627.6033232430128,1052979,6627,61.47494390982542
2024-06-18,599.607666015625,618.4106938697736,598.354153494894,616.5536046989935,982672,15030,71.54840794302363
2024-06-19,588.1865844726562,610.9823429232414,585.2616463316695,600.7683523880504,867046,11445,57.68664070139485
2024-06-20,601.279052734375,625.7926531839004,589.2543886628317,589.9972696922266,2227735,6723,63.13945069135444
2024-06-21,617.0642700195312,635.1244728708805,596.1256017296861,605.6895992700162,2688586,5567,55.47052132133684
2024-06-24,612.3751220703125,619.1534858547417,604.0646371304921,614.7893151966481,626230,3931,57.80456658725626
2024-06-25,616.4607543945312,623.9819426407454,608.1966851632266,611.910863393231,713278,5732,51.26303970550837
2024-06-26,603.553955078125,617.2964030282085,601.6968659855769,617.2964030282085,492273,17233,71.1461399938034
2024-06-27,625.1426391601562,630.8996268971465,600.0719354730799,604.3896904442884,1332637,7042,72.23616783620052
2024-06-28,621.7999267578125,630.7603483264814,614.9750898041183,625.4212167674468,742344,13158,74.37589340525255
2024-07-01,609.8216552734375,624.9105047567924,603.5539793341977,622.1248710060192,1045453,7150,45.76155802338232
2024-07-02,605.8753662109375,612.7466190873206,603.5540046545738,612.7466190873206,435691,8042,58.59420917306212
2024-07-03,625.0498046875,635.1244906785723,605.4110642140778,608.1038661569679,1488309,6527,76.7714604651897
2024-07-04,637.0280151367188,645.3385006889976,631.4103316093789,631.4103316093789,1496295,10908,48.47733796272504
2024-07-05,643.6206665039062,646.2669957566413,631.6424193440449,638.8386394835765,1137292,9430,69.84330216847917
2024-07-08,637.120849609375,665.7664255860362,632.2459908446237,648.1240795802696,1463483,3192,46.572681010087024
2024-07-09,625.0498046875,649.6097634104682,621.1963220233405,639.6743817754934,588087,9792,65.43058427843597
2024-07-10,612.0966186523438,629.1353895875874,604.4825415105256,629.1353895875874,545551,10349,53.35748133669273
2024-07-11,623.6105346679688,631.7817725391784,613.7679845147369,616.1821778205892,503106,10404,60.56802330901432
2024-07-12,617.1571655273438,635.124480124478,612.8394106464262,631.3638859848293,536850,8192,45.87669357715263
2024-07-15,612.5608520507812,622.0320178122678,606.33959222003,620.2677604946097,398746,11405,64.40780702554105
2024-07-16,614.7893676757812,616.0429369118878,608.1967235707439,613.3037189595059,396045,7692,68.22467685833902
2024-07-18,601.6040649414062,621.6606054962349,599.8398075437905,619.3392440119324,597374,9295,50.77942310040389
2024-07-19,595.8934936523438,607.778853129803,589.6258176380807,601.6504814742916,488014,16771,59.10045060762869
2024-07-22,586.8401489257812,593.2006563513976,579.411792610265,586.8401489257812,481431,6255,71.43936278981379
2024-07-23,577.9725341796875,590.4614690139597,561.7230054628652,586.8401228018103,470578,12243,73.08607397888352
2024-07-24,589.022216796875,599.7933676575184,579.4118033058185,579.5046350919316,336587,8190,55.33387014305403
2024-07-25,567.7586059570312,584.1009682173271,564.7872519077416,582.2438790207542,783701,7824,63.72133808986085
2024-07-26,560.376708984375,579.4118747410937,556.1982579646075,566.4586652450406,915304,8956,65.68444056260483
2024-07-29,588.418701171875,596.1256097134603,564.7408148047516,567.3407282475456,759838,5377,75.74167775867001
2024-07-30,595.661376953125,601.4183649630493,589.8115571502448,594.2685600155885,526190,15174,61.3019649169918
2024-07-31,600.6289672851562,607.732355144702,587.8150649438437,591.4828269322768,422937,16676,63.806417190949176
2024-08-01,601.325439453125,608.8466844568152,593.5256990877231,607.2681473567422,540659,7387,70.45495570261836
2024-08-02,605.225341796875,615.7643567125832,587.3508587533275,594.2685271620965,1155061,10343,66.99282820126375
2024-08-05,573.0513305664062,590.5543738514186,565.5765010928737,581.315343617555,812500,14207,77.52426830911736
2024-08-06,565.205078125,584.9366497847541,561.7694519600587,571.0548974470018,490504,10939,46.269483334672145
2024-08-07,552.8089599609375,586.8401394515232,549.1412544284536,571.0548825358968,1411776,13740,60.5808403082737
2024-08-08,557.0803833007812,561.2124183962829,545.9842632152886,555.7339822012759,752219,14177,65.5857040660645
2024-08-09,551.5554809570312,566.7836347506428,549.6983917955598,566.7836347506428,455571,9441,58.532714682181314
2024-08-12,570.3120727539062,583.0331443971158,556.198184288605,557.0803129440354,930564,3646,58.42994175932314
2024-08-13,538.5557861328125,573.8404755691002,535.0737444121262,573.8404755691002,1345889,9510,56.52312713676559
2024-08-14,530.8953857421875,573.8405743571,505.17468846940193,521.8420757098546,3055207,9053,61.9128976485039
2024-08-16,482.7503662109375,505.1282686795862,479.17543545217626,492.1286441179792,11319240,11691,50.96284069030201
2024-08-19,460.2795715332031,462.925900985032,453.17618264312455,454.98685595568037,26422597,15830,55.89355211839993
2024-08-20,475.971923828125,477.4576291441795,460.83665867457916,460.83665867457916,21919526,3375,47.09326638238158
2024-08-21,474.34698486328125,479.96469634353525,472.39703565804376,479.0825676940207,7475230,15054,67.9165373869461
2024-08-22,481.5896911621094,482.70389937009264,475.5541511154466,476.2505595823692,7868421,7342,53.614284533907636
2024-08-23,477.0862121582031,482.5182321637563,475.92553138870875,480.0575662628819,4980038,15166,49.63057919887565
2024-08-26,490.3643798828125,491.1536767959923,480.15038929755224,480.9861021058921,8083106,3639,61.08421320994131
2024-08-27,494.3106689453125,499.1855278369777,492.12861192049274,493.0571564712861,5904226,12188,57.353652736207636
2024-08-28,492.28857421875,495.80322520097485,490.5553450271378,495.80322520097485,3918470,8907,70.16047966611438
2024-08-29,478.08563232421875,489.73686912004183,474.13768869776874,489.11098242717657,5148826,3915,60.596504900269046
2024-08-30,482.1780090332031,483.38164859644127,476.6412670423076,480.49291364466967,2166880,7853,72.8631271818899
2024-09-02,475.5339050292969,483.8149507620843,473.75251267157677,483.3816287827877,2338864,13389,52.58517438936934
2024-09-03,474.2821350097656,478.4708066841381,472.0674499057552,474.76359084852726,1772852,15952,76.09221955405899
2024-09-04,467.8787841796875,470.86381629510566,463.2086566071805,470.86381629510566,2637897,8743,46.415958962061346
2024-09-05,477.3153381347656,478.27824982808914,469.90090634188135,470.8638180352049,1948919,17908,61.4823533708422
2024-09-06,468.7935485839844,478.9522548651382,467.54174579177936,478.1819372897288,1938403,5629,73.05518979823404
2024-09-09,462.29388427734375,467.9750570766423,459.3088523159638,466.7714175265481,1742601,4835,64.27255688678828
2024-09-10,468.8416748046875,472.7896184324921,461.23467867446783,465.6640781255234,1518727,13281,52.6018643408437
2024-09-11,458.8755187988281,469.9008685550786,457.76817631769893,469.9008685550786,1444929,13487,59.56090031499703
2024-09-12,471.6341247558594,472.7896305154854,461.6198492534517,462.19760213326475,1743746,17426,73.50477706855051
2024-09-13,478.18194580078125,485.3074863502053,475.1006166728362,476.3524194873218,2483381,16699,76.2494443896594
2024-09-16,478.0375061035156,489.5442828269425,475.726494607342,482.4187424090254,2072142,8377,56.71215304888631
2024-09-17,472.6933288574219,480.44478536564503,471.34525840817105,479.53000753272556,1008673,5450,78.3813691057571
2024-09-18,467.01214599609375,477.6041740496134,465.6640755755193,476.6412624083843,1280911,3742,45.83823504653325
2024-09-19,471.2970886230469,477.60414777178977,460.8013288025428,473.75250141879144,1815671,13291,66.01714631679668
2024-09-20,482.1298828125,485.45191042801673,474.0414013113262,476.3524128177941,2846982,12699,55.85158588177416
2024-09-23,485.2111511230469,489.2072284003974,479.77070644045665,482.4187133500628,2163517,13946,72.59859814851077
2024-09-24,488.7739562988281,494.93658494236496,485.4037655453295,486.2703801476543,3461449,7190,50.89357506333513
2024-09-25,492.2404479980469,495.85136669114956,487.61845443943656,494.9365888679376,3997321,17913,45.70640315961348
2024-09-26,497.8253173828125,501.6288301113063,485.3555999029737,492.1922784172921,3887216,12893,60.68565175949837
2024-09-27,503.6509094238281,505.9137869862336,497.3919839144929,505.5285988309209,3789679,12815,52.32896326145807
2024-09-30,503.121337890625,511.54681484094647,497.68086355126076,505.5286170192883,3995531,13710,69.10638638195489
2024-10-01,500.6177978515625,504.56571216718584,492.86634132137175,503.50653284488607,1884521,10055,74.40767481331372
2024-10-03,503.50653076171875,513.761504682711,493.5403598131073,497.8253284564351,5498929,10874,52.23527444152683
2024-10-04,498.0660400390625,507.1174328591352,490.94049986248405,503.74724215804923,1877538,4321,51.45627161936954
2024-10-07,477.02642822265625,504.5657074450879,472.3081669881978,504.5657074450879,1936964,17490,63.0709550035811
2024-10-08,491.85528564453125,494.5514266559324,474.3784441297658,477.02645131035854,1747070,4765,74.62877473862645
2024-10-09,486.7037048339844,495.8513655012256,485.16304031814485,490.21832647635705,910097,4074,58.39780587326654
2024-10-10,489.9294128417969,493.97365333685855,487.23327210224255,487.23327210224255,677683,5820,73.18264361433747
2024-10-11,485.4518737792969,493.01073566220117,483.3816197312988,489.9294068100205,511306,9279,73.56661082670422
2024-10-14,500.9066467285156,503.41019348316206,487.8110425513897,487.9073395925064,1883076,11189,47.697018991125084
2024-10-15,495.32177734375,504.13238369749683,492.3367159593927,501.0029208282039,1233163,15709,60.22417879409393
2024-10-16,491.4700927734375,500.66591652186884,489.7849974116849,495.32176870031736,972108,14226,66.12474009855099
2024-10-17,489.3517150878906,497.7771920736619,483.4779481120923,492.24045005444077,886030,15768,57.331865159559754
2024-10-18,487.7147521972656,500.71405951150666,475.67835653593136,487.1851625424596,3491646,8806,57.98292910635526
2024-10-21,483.14093017578125,502.4472973951295,481.4558347541418,500.0881520505414,2266446,8235,48.98622334775831
2024-10-22,494.5513916015625,503.60278446769286,486.703697049121,487.0406926123597,4802288,10140,63.90198852818159
2024-10-23,504.27685546875,515.1577456315343,495.99577980880366,495.99577980880366,4761151,16341,78.74867534800548
2024-10-24,519.4908447265625,528.638505569755,506.92485921731196,506.92485921731196,5302861,12385,72.66899153898262
2024-10-25,491.1330871582031,519.4908476880533,484.4890024903124,518.5279360148595,3661702,12301,67.01139491274458
2024-10-28,507.1174621582031,509.8617369504837,493.0107824714781,496.3809733672792,1853445,7211,51.31620921893602
2024-10-29,529.745849609375,533.3085755751616,508.3691999573503,508.85065576585777,4291983,4485,53.59718549147739
2024-10-30,539.61572265625,554.0593976869691,531.6717013893546,534.4159761366054,4040718,7556,65.52189000451213
2024-10-31,532.6827392578125,543.0821733766904,519.9722936585334,542.1192617217673,2265460,7849,67.8479310021147
2024-11-01,537.54541015625,543.8524694929089,531.5272125503807,538.2194600423996,570057,17016,70.96958045985801
2024-11-04,523.63134765625,538.7972062636719,503.6509307607576,538.2676166062769,3242281,13396,46.4119958480615
2024-11-05,538.8934936523438,544.0450471387911,522.6683981340901,524.7868153816657,2598508,3352,67.41259666148191
2024-11-06,494.0699462890625,503.9879833450477,493.25149489153205,500.7140602119993,11690198,10134,46.18030478290182
2024-11-07,488.7739562988281,490.79607662807354,486.799969797483,488.87025334036,7355515,8166,45.02488802453497
2024-11-08,487.4740295410156,493.7810891812782,486.3185237907738,490.796086533662,3200423,11050,59.78571126782516
2024-11-11,487.32958984375,490.7479144322384,475.67835305177283,487.1369957602867,5111496,13363,72.95867158450002
2024-11-12,482.1298828125,493.2515007980161,479.72260364803924,490.12203788421704,2222208,6136,45.682786217983754
2024-11-13,467.6861877441406,484.4889779591565,466.04922622830264,478.567077346005,2639677,7791,75.04025998426803
2024-11-14,476.9783020019531,479.19298709047257,466.7714324144545,468.9861175029739,1576044,17001,67.17003509515462
2024-11-18,477.94122314453125,485.2111946487629,476.4486923937918,484.92233289609476,2851127,8539,60.94067424715413
2024-11-19,473.89697265625,481.8409939361454,471.8267184422722,481.4558351451757,1336754,3930,47.76131774600605
2024-11-21,468.9861145019531,474.6673168318339,465.27892810172733,473.8969698686937,1546003,8805,60.06743159339716
2024-11-22,471.1045227050781,473.4636679915678,467.1565790801734,469.9008831478347,1077937,9784,60.292729522151014
2024-11-25,480.0114440917969,482.90017896095515,477.31530330154146,479.5299882802705,1695909,8234,48.25401650954976
2024-11-26,476.1116943359375,481.16698068148025,474.90805472985585,480.49293074778154,768923,4005,49.68402444534336
2024-11-27,481.4076843261719,482.4187297900022,475.6783483358505,475.6783483358505,787949,11946,63.419046009731346
2024-11-28,475.72650146484375,482.41874936299456,474.71545595999265,481.45583768761935,919432,8327,70.4574936581775
2024-11-29,485.8852233886719,487.1369967766008,473.3673719664566,477.4115832560411,1565002,17339,60.04810906890181
2024-12-02,484.20013427734375,487.9554838755097,480.58921555108196,483.4297873176355,868957,9255,77.69861942948295
2024-12-03,488.34063720703125,489.5442767690055,481.93728061447473,484.3926935666096,1157338,17377,59.42365249365324
2024-12-04,488.1480712890625,491.9515546639602,486.07778773905363,488.67766094071555,889376,13733,47.199895998937336
2024-12-05,482.0335998535156,489.2072743417802,480.58923231263554,489.1591405113773,903208,17605,76.18678748921894
2024-12-06,491.0849304199219,496.2846767211881,480.92622449591977,482.0335669912891,2915997,3305,63.162064681639805
2024-12-09,487.7147521972656,493.5403559430588,486.4629788027795,491.08494298243926,868376,17460,74.28455355368021
2024-12-10,479.96331787109375,490.3627518105749,479.5299958795607,489.8331621637955,1326710,10632,48.08664558048025
2024-12-11,490.2664794921875,497.24761860772014,479.144861263144,481.35954638864956,3159856,13585,63.334699537451115
2024-12-12,482.9483337402344,494.8884618926882,482.41874407887167,491.90342985457477,1158128,14962,61.817442176582965
2024-12-13,481.7928466796875,483.3816450142414,473.8488256211865,482.5631642401587,1092238,7986,48.65482871042385
2024-12-16,479.7707214355469,485.2593295012946,479.0485377103554,481.79284174322925,595620,3407,72.69420883661242
2024-12-17,472.4526062011719,482.4187478879802,471.8267194912381,481.16697446811264,1068528,10657,55.43676595968115
2024-12-18,467.34918212890625,473.9451329062784,463.5456693007607,472.93405802735936,910000,8090,58.31386440449576
2024-12-19,461.57171630859375,465.08633803773665,454.4943096352209,460.7051016800798,941093,4075,62.53654310641997
2024-12-20,451.4129638671875,465.952935469343,449.00568477364294,462.1975859605597,935248,3290,46.382443057655394
2024-12-23,446.6947021484375,455.9386597329465,445.7317905122539,453.5313806424875,786344,8865,76.49273641347042
2024-12-24,446.2132568359375,448.52423894004147,443.3726850737564,447.7539213672507,599367,13574,75.73421267028559
2024-12-26,436.4397277832031,447.7539402519348,435.04349406468344,446.2132756556417,981853,5749,76.59467353811903
2024-12-27,437.8359375,446.0688203248273,437.01745672317514,437.161887593031,790788,17745,61.02819696375548
2024-12-30,416.3630065917969,437.83595479228694,413.6668656288997,437.16190485869635,2763331,7710,76.77297854481276
2024-12-31,427.53277587890625,428.97714336498365,416.55558886186446,416.55558886186446,1432597,4319,76.28072726315241
2025-01-01,427.5809020996094,431.7695736118518,424.59589952341315,427.4364712307178,638861,17393,69.82471052208462
2025-01-02,435.717529296875,438.50996725389643,424.9329068726927,430.4215151286257,1067204,9699,71.53462829015373
2025-01-03,451.75,454.9757599423461,434.12872835335105,435.71752671727324,2312908,12875,71.15632483310404
2025-01-06,430.2289123535156,455.6498033563849,428.5438169703718,455.6498033563849,1237423,13528,75.76732578226154
2025-01-07,431.91400146484375,438.0766594280099,430.4215001871672,430.4215001871672,566242,10216,78.97001463183851
2025-01-08,427.3401794433594,434.2731550927018,416.3629924866769,432.58805970154384,1534792,3799,77.56904303433186
2025-01-09,421.4664306640625,436.34339766172144,419.92576618455024,428.88083255651077,2009603,8137,60.78069099545359
2025-01-10,417.27777099609375,422.6700821338057,411.3558702031546,421.4664425667151,910052,7580,59.41513759373689
2025-01-13,403.84515380859375,416.7963276939626,399.31948653177625,413.907592646139,1845851,16154,54.59571778946747
2025-01-14,419.8775939941406,422.71819498580885,406.25240064793996,406.348697685675,1148840,9781,46.83650983336311
2025-01-15,425.65509033203125,431.8658823339359,420.0220805927829,420.31094233837905,713988,14997,70.54825989293059
2025-01-16,438.50994873046875,442.8430510487258,431.6251364797175,432.34732019942703,1034803,10222,57.577144442775676
2025-01-17,439.90618896484375,444.76888099646106,437.0655878702674,439.56916401342653,631209,6437,50.583212968988235
2025-01-20,448.2353820800781,449.72788341327,439.66547410005444,446.9836086642225,762660,13543,65.3695203406275
2025-01-21,443.90228271484375,454.9757669908106,441.25427560537344,446.3095619052713,1043422,7815,65.52777301429707
2025-01-22,451.94256591796875,453.33877010832515,442.60231163167293,448.7168061766771,1488217,5073,61.97050866637132
2025-01-23,456.51641845703125,461.7161354820815,447.7539165780353,452.5684748208098,1013935,7317,62.54932733098342
2025-01-24,449.2464294433594,462.6790590407714,444.5281681211306,459.30886818407487,811862,11962,56.341548133950596
2025-01-27,434.12872314453125,444.817048333351,431.8177410623968,444.5763204209259,697454,17687,77.03460344535634
2025-01-28,417.1333312988281,444.0948570311619,415.0149139512809,437.1618815171265,2310918,11744,61.812185898268076
2025-01-29,422.044189453125,428.4475758137064,414.05203403876305,423.681151109432,1683342,6498,78.93448083772995
2025-01-30,424.9810485839844,435.6212102111594,422.52560632605366,423.10335917413914,711322,12417,72.02584946348658
2025-01-31,433.45465087890625,435.5730681532767,424.16255981570816,429.9400294159221,1051297,8575,65.25514735257617
2025-02-01,429.4585876464844,440.77279931654306,426.23282780383204,433.45466504003974,831920,10430,62.90786460955158
2025-02-03,416.5074157714844,428.49567737595805,410.72994596416805,428.49567737595805,1149990,11176,59.55426744887037
2025-02-04,420.69610595703125,427.4364876984807,415.9778446151631,422.2367705179376,1049689,15905,54.647031201393396
2025-02-05,450.1130676269531,451.7981630334718,422.3811941625209,425.79954819004075,3709519,16489,74.127976318904
2025-02-06,426.47357177734375,450.1130708524898,425.221798363538,447.7539255121651,2683938,10331,63.791383420333425
2025-02-07,424.01812744140625,430.03632492017687,420.3109119173376,427.5327488918623,1289638,17745,77.73190679697065
2025-02-10,419.4924621582031,427.43648341676305,416.9407521159333,425.22179833533613,1061336,8711,61.99341138873864
2025-02-11,401.38970947265625,422.18860607227566,398.5972716879887,418.86654927203296,1597914,4421,66.38622161356392
2025-02-12,404.7599182128906,408.5634016013784,393.15681519154873,404.66362117068286,1334554,8165,75.65200543844136
2025-02-13,396.5269775390625,411.11511150853556,395.75666002809277,406.3486874254383,1237837,5078,55.192014380919936
2025-02-14,401.100830078125,406.8301660645693,394.9382014870742,398.6454171614952,2778054,10129,56.53844144445171
2025-02-17,400.137939453125,401.19714818511005,387.6200875323058,396.2862927082575,1569698,5498,62.70735728712279
2025-02-18,393.8789978027344,403.45998045323137,389.69035564312964,401.53415715751186,763874,8169,74.7955753829682
2025-02-19,398.1158142089844,399.1749934642174,391.51986384806855,393.8789796451321,984098,16275,58.286997874201475
2025-02-20,407.1672058105469,408.5152762723073,396.52701421845,396.7196083068724,971143,10751,74.95755505128557
2025-02-21,410.82623291015625,414.24458676026296,404.47101040111943,407.0708835048214,1071716,5909,70.82912980909471
2025-02-24,400.2342224121094,410.152230062505,399.65646954356754,405.3858056291992,1024804,8987,74.38900209589076
2025-02-25,392.1457824707031,401.3897404944887,390.07552823167526,399.3676200852649,732520,5429,61.564517075941026
2025-02-27,396.4788818359375,399.60834477696187,388.1015385164408,391.90505138367104,1034655,10172,56.347210613427414
2025-02-28,376.3058776855469,391.90505885878935,375.53556008581785,390.94214716626163,1613553,8997,48.6244995647967
2025-03-03,373.0801086425781,380.63894114270005,364.1250131919092,377.46134463855515,2004706,17969,52.961239544205824
2025-03-04,380.783447265625,383.9129103214142,367.3026833329947,370.6247110992386,1558931,6124,78.13931638141592
2025-03-05,395.9974060058594,397.48990727116364,380.7834140765223,380.7834140765223,1925095,4395,67.66173031783518
2025-03-06,410.2966613769531,413.42612425039687,400.8119757141389,402.49707110753167,2634281,8982,47.20966097370061
2025-03-07,413.4261169433594,421.7071628931024,412.31877443870485,414.10013745736467,2097278,6671,61.466275244885054
2025-03-10,410.6336975097656,417.95180276596244,409.2374638200865,413.13724436807905,1448034,14763,77.66345736622245
2025-03-11,411.5484313964844,415.6889691034417,404.71175283650524,406.3487143880958,2153628,12914,76.56687458628006
2025-03-12,411.7891540527344,416.6037122186397,409.9596278268366,413.089090634675,1225552,6503,72.56066357362793
2025-03-13,414.0520324707031,420.69611734715613,412.12620906386263,414.0520324707031,1372791,8175,68.89144349225553
2025-03-17,419.2035827636719,425.6069392071767,414.58158932183875,414.58158932183875,1569517,7047,46.20722539549977
2025-03-18,419.2035827636719,419.2035827636719,419.2035827636719,419.2035827636719,0,3658,76.99907644417591
2025-03-19,437.4026184082031,460.07917608376886,423.9218552651875,425.12549483152816,7177341,15260,60.4559026140081
2025-03-20,439.42474365234375,446.79101200326846,429.0734432664922,441.0135420204676,2796560,10722,45.69193929356238
2025-03-21,429.84375,441.59128375631127,425.6069446633034,441.25425880533663,3772285,16206,65.17825737361966
2025-03-24,436.4878234863281,440.8690889676336,431.7695624482326,432.0102903520714,1406526,3660,61.63386919737981
2025-03-25,427.9660949707031,440.09875826271815,426.56986132269066,439.13584661187684,1269831,14172,63.87137553134556
2025-03-26,425.799560546875,436.96931262850586,424.788485642183,429.69934113226975,1445183,9049,67.12990988771838
2025-03-27,431.2881164550781,433.2139397296136,423.77741743868216,426.5698553096124,1972572,8871,50.585448518300794
2025-03-28,444.7688903808594,457.3830390182999,434.51388706738487,435.23607081320324,5676960,13149,52.320993184834165
2025-04-01,436.9211730957031,449.6797528059358,435.23607766227616,445.39478409235716,1437487,7918,57.884065561672216
2025-04-02,443.7096862792969,446.5021536340142,430.0363581814025,436.2952840434214,1214886,6840,59.983439852539576
2025-04-03,442.1208801269531,451.0759761420099,435.81382054654716,440.8691067308476,1882318,4337,63.73651482922011
2025-04-04,411.1151428222656,440.77281003950026,408.27454168595983,440.77281003950026,3061033,4714,59.12168333483065
2025-04-07,391.6643371582031,395.3715531104797,374.13933232147764,375.72816014797706,2436376,14141,77.19916366339586
2025-04-08,396.76776123046875,404.32662408596855,388.3904469241163,403.4118755862704,1514564,14933,46.24482872464657
2025-04-09,385.742431640625,392.9161061508176,382.4203745321531,392.8679723202676,1432174,11919,56.459895786832725
2025-04-11,395.8048095703125,400.2342088986037,392.001326303485,399.60832222287064,1561497,16197,75.2128591515777
2025-04-15,417.807373046875,419.4924684907954,402.78594492678144,403.9414506997627,1872997,3324,52.828815558171826
2025-04-16,421.75531005859375,422.7182217253942,410.68182589038867,416.8444546807651,1675647,14762,50.77255163816295
2025-04-17,423.3922424316406,428.39936512206344,414.1964190167851,421.75528095674025,2032014,17998,56.42509736813401
2025-04-21,435.6694030761719,440.86912029138506,423.6811408589385,423.6811408589385,1888265,15035,65.52231635501573
2025-04-22,429.2178649902344,443.66153963937296,427.53276961450155,436.19897440398466,2048339,15038,57.54238031351397
2025-04-23,432.3954772949219,434.3213006511148,421.2738591672007,431.5770258771258,1607303,17042,52.62111322681051
2025-04-24,442.3134765625,447.36876277366383,430.22891760723115,432.34733501191636,2639584,10873,66.64166902190922
2025-04-25,428.49566650390625,450.5463364985343,422.71819684317944,445.3466196810262,4251762,4113,66.5432486735967
2025-04-28,435.717529296875,442.4579109655559,428.9771476281941,435.23607346339776,3587317,16792,61.826622028303376
2025-04-29,428.92901611328125,438.6062666640907,427.4364853900102,435.2360758115675,1568483,17209,78.53701515388292
2025-04-30,422.9107971191406,429.94004022177774,421.7552914157641,426.0883937248301,1278436,4075,61.33610108277396
2025-05-02,412.7039489746094,426.81059910861046,411.3558785093936,422.91081858678405,1644950,3069,66.15133779099554
2025-05-05,412.3669128417969,416.8926093371436,410.6818174594895,414.4853302195616,850003,10460,66.14329581167317
2025-05-06,398.1158142089844,414.96676726971026,396.28625865380724,414.0519894921217,1985510,17014,67.72904564994111
2025-05-07,407.02276611328125,409.7670408065487,393.2531118900904,393.8308647571004,1550266,12452,50.42518686832284
2025-05-08,394.1678771972656,409.86332483595726,392.8679406341975,407.31161492221946,1372171,13645,74.86898204508613
2025-05-09,393.2049865722656,395.1308099134931,383.238844904267,383.238844904267,1511686,17852,77.35511831126989
2025-05-12,418.81842041015625,420.21462462617393,404.4228799527828,404.4228799527828,2766591,16567,50.287274694719066
2025-05-13,412.9927978515625,419.92577343622736,411.1632716068049,418.86656475166313,1485369,17593,55.474531686885896
2025-05-14,422.6700744628906,424.35516982623506,413.85940948310474,414.87048433255006,2432511,10258,52.441360133545075
2025-05-15,424.4033203125,427.7735111714762,421.2738573720221,423.6811365570051,2087164,6507,46.532702975586176
2025-05-16,425.89581298828125,428.4956862094628,423.15153828181724,426.47356585806955,1416394,15793,77.51630318057744
2025-05-19,431.5770263671875,438.99142866551,425.60696220191744,425.8476901217149,2755475,12180,52.88304395648456
2025-05-20,419.1554260253906,438.3173912105566,417.90365264503214,436.6804296647974,2712376,8459,46.90663002851002
2025-05-21,425.65509033203125,428.01423566875025,417.6148014270419,421.51458192124954,1683181,3787,68.42929640575102
2025-05-22,425.9920959472656,431.2881098713937,421.4182657400641,427.72535449932775,2701432,13423,57.24365136302851
2025-05-23,430.4696350097656,433.0213743531,421.56270237903635,425.7513738717147,2040334,14771,51.42889753642098
2025-05-26,434.22503662109375,436.2952908691576,430.75854867382753,432.3473470788192,1255104,4714,54.96757996263832
2025-05-27,434.7546081542969,438.1247989151829,430.9029615704271,434.27315233131316,1283321,14881,51.08355895228726
2025-05-28,435.8138122558594,440.0024837488858,433.7916919434606,436.4878327695049,1806651,9956,62.615310533047165
2025-05-29,447.51318359375,448.71682314080147,436.34340271996575,436.72856149787606,3994727,14229,69.68791955024085
2025-05-30,441.20611572265625,452.4721640371583,436.6804193576017,449.5834291792248,3055427,13529,68.52419546414941
2025-06-02,436.3433837890625,443.80594865701596,433.7916739371663,440.0505993102886,2132482,14867,65.72233126029047
2025-06-03,451.3648376464844,456.805282612437,440.6765124138693,440.82094328476984,8004970,3775,61.848742979882495
2025-06-04,450.64263916015625,454.4942856487046,435.2841870327775,454.4942856487046,4555219,15236,69.44332904126895
2025-06-05,473.36737060546875,478.5670876118313,449.8723323423159,452.27961145505145,7873786,11782,72.55441987254004
2025-06-06,483.62237548828125,491.9515553711621,476.6412660362354,482.9964887938648,15506056,3407,56.97538824021083
2025-06-09,505.52862548828125,512.9430570830689,489.1591271391369,492.0478621419271,12608520,9796,50.17427084482163
2025-06-10,514.242919921875,526.5200426236279,508.5135842400985,510.3431397591394,11077729,4759,72.8776958265899
2025-06-11,501.24365234375,520.6463457814019,499.46228928316555,518.094606376438,8771715,6662,67.83606269008239
2025-06-12,498.0660400390625,511.161614683269,494.84030959089347,500.7140470184872,5827617,16063,55.04615044690698
2025-06-13,495.17730712890625,501.67696064980095,483.52607049578575,486.2703745261986,5153341,10858,46.0470616917559
2025-06-16,493.925537109375,500.7621862394899,483.7186678561417,500.7140524118197,4005115,3490,77.07188869516159
2025-06-17,477.6233825683594,497.5100349290683,474.3825767942448,495.9387378843459,9622550,8814,68.58220584888707
2025-06-18,444.67535400390625,456.6564602169525,443.1040869339971,453.7102895058754,142069446,5162,53.29254274466319
2025-06-19,429.6007995605469,447.8670337828555,427.6857766324026,445.9520408247092,16137205,4901,76.05310362862129
2025-06-20,430.73016357421875,433.7745459669842,426.9492385043325,429.99362089709797,9792306,15242,78.7073788245764
2025-06-23,432.6451721191406,437.6045776388569,427.4402823348833,427.88221994505585,7981302,6224,56.499014711830576
2025-06-24,434.9530029296875,439.8632875190269,431.71222708872295,437.9973853690777,5259572,3237,70.91583596092757
2025-06-25,434.1673583984375,437.8009509206152,432.6942730589065,436.8188940275945,3318519,3926,47.3972582737745
2025-06-26,440.8453369140625,441.9256054992826,430.6319511365232,437.01532099373503,6976812,12754,67.60932047718465
2025-06-27,443.0549621582031,447.17961310495053,440.9435458280816,444.7735617243482,7428769,11347,74.44732872561225
2025-06-30,442.7603759765625,444.7244898502791,440.2561128055743,444.2825522406931,3717240,15067,61.735465739850156
2025-07-01,442.26934814453125,444.82270217803676,437.702789375569,443.8897360986792,4010078,13791,54.246976352449416
2025-07-02,439.1758728027344,445.75563627748517,438.5866326484286,443.88973409718267,2979489,15871,73.331407688493
2025-07-03,437.5554504394531,442.31843251419167,437.11354280571385,438.8321424224752,2050922,6029,50.270310659352916
2025-07-04,437.113525390625,440.8453295646281,435.14941162115014,440.8453295646281,1786418,11522,75.18320423796587
2025-07-07,429.64990234375,437.55544855887547,428.37324033621377,437.2117526129995,2682662,13592,48.913914719122346
2025-07-08,428.37322998046875,431.5649148921504,426.90014463661566,430.5828579962483,1567143,5163,50.56252937125638
2025-07-09,417.3741760253906,429.45346372000876,407.7009097164497,429.45346372000876,7244683,17498,76.78277413068297
2025-07-10,415.2136535644531,419.9766356178886,412.4639061779331,417.37419077528943,2431803,15078,68.18155556818553
2025-07-11,417.2759704589844,423.5120377626485,414.6244348132519,415.41006834458045,3289049,4825,69.7606599776382
2025-07-14,428.5205383300781,429.35529269691074,418.7490600953869,420.2221454592098,3867360,10569,56.87224696956825
2025-07-15,429.6007995605469,433.8727230664107,427.29295986944936,429.15886197097575,2384363,5985,72.97191901237649
2025-07-16,427.39117431640625,430.43552672647866,425.5252422328159,430.0918307879208,1930300,16820,58.767433818725756
2025-07-17,429.257080078125,431.22119389228254,427.4402688060296,430.6319537540356,1749870,8241,75.541280852928
2025-07-18,427.685791015625,433.5781325680791,423.36474653782517,430.5828709335812,4662210,15241,74.90978410034467
2025-07-21,436.6716003417969,439.17586345177597,426.998333755404,427.8822089530429,3834004,15623,51.31926462990943
2025-07-22,435.2476501464844,438.9303636913723,434.1673815126507,438.9303636913723,1623314,10545,52.64271633069659
2025-07-23,438.8321533203125,440.9435697650539,435.34583317201884,438.09561060912364,1808120,14007,75.79799603745153
2025-07-24,438.0955810546875,439.8141805981894,435.1002895825856,438.7830028900897,1568590,11870,70.82506776652446
2025-07-25,431.31939697265625,438.2428860414464,429.5516765931795,437.7027667413272,1769660,10896,58.34054554564616
2025-07-28,424.29766845703125,431.90860937463106,423.5611257875861,430.14091895596187,1958546,5353,73.73048231534173
2025-07-29,429.55169677734375,430.14093693152375,422.87372161663484,424.2485953297221,1325115,12831,49.72493484255091
2025-07-30,424.6905212402344,430.2882276257639,423.8557668756383,429.06065649253395,1275211,10834,51.96295173306972
2025-07-31,416.44122314453125,423.21743983934743,413.88789913952655,419.33830303405404,2114797,9282,57.681535352806364
2025-08-01,407.9464416503906,417.1777707740058,406.0805394823193,416.39213722008077,2163538,12460,56.61637597582294
2025-08-04,414.0351867675781,414.91903196593205,406.4242459445344,408.6338739254181,1093131,5190,52.925662531581594
2025-08-05,413.64239501953125,415.99932568098166,411.6782811399893,414.42802858334824,990246,16965,60.595984219044865
2025-08-06,412.4148254394531,416.2939323845477,409.3704429203919,415.1154820342656,1418372,10598,59.4163188397506
2025-08-07,417.03045654296875,418.3562393518157,407.60270431005495,412.85671471844944,1528302,3901,61.91976268103552
2025-08-08,413.1513671875,419.24010224148066,411.7764634936985,417.03047412358455,1210138,15369,52.83298621596406
2025-08-11,409.9105529785156,415.3118660459541,407.11168475866134,413.151358800978,1862022,8719,53.850663869303375
2025-08-12,415.8520202636719,416.83407719666434,411.2854315492574,412.85672863604526,1597032,11474,71.60141025233858
2025-08-13,422.48089599609375,425.86897436422925,416.883159603524,417.22688551710263,2072932,4411,52.27317129748323
2025-08-14,418.99456787109375,424.9360300623597,414.91903775460435,423.2665213544011,1367682,9850,69.97350010246608
2025-08-18,419.4365234375,423.2665394946115,416.39214094133473,422.97193440175647,1443684,10497,47.71086364972609
2025-08-19,420.95867919921875,425.9180844674084,418.7981720268372,425.9180844674084,3077711,17512,78.76735275559179
2025-08-20,422.28448486328125,424.64141552898343,417.8161377672626,420.958701998199,1945943,3683,76.48043684476052
2025-08-21,423.1192321777344,426.0162821248101,422.2844777973909,426.0162821248101,1159668,13891,50.470329778397065
2025-08-22,417.2759704589844,423.65934030352287,416.8831536933201,423.2665235378586,826451,15742,63.60135476090038
2025-08-25,426.900146484375,428.9624419986971,415.26276622356596,415.4100687645892,2994389,16937,51.07856014526763
2025-08-26,422.4317626953125,426.90013949989947,421.5479174936352,426.90013949989947,1117706,12861,46.37477749533408
2025-08-28,414.1334228515625,423.2665403893658,413.0040333965659,421.30242651284897,1139531,16068,60.19523339140568
2025-08-29,411.72735595703125,419.3382969437146,410.49978483014684,416.04840032966473,1268832,4099,58.560228671740916
2025-09-01,428.07861328125,435.0512235350669,416.3921417130212,416.3921417130212,7587040,8497,55.53451849349512
2025-09-02,432.9888916015625,436.22969743129454,430.1409325172517,431.0738985826289,2817685,9122,45.67611830601328
2025-09-03,436.62249755859375,440.6489367856451,433.7254177565696,435.0512005468179,4756092,5403,71.03908864708046
2025-09-04,429.6990051269531,441.8274144151358,427.48937699643403,441.8274144151358,2265053,11220,72.89917032847445
2025-09-05,432.2032470703125,433.8727258159431,426.06539145402763,429.84631650765874,1953089,10232,46.09991444801953
2025-09-08,427.78399658203125,434.70748581911363,426.90015135580774,434.4619715912738,1752942,15088,47.078812486219526
2025-09-09,425.6725769042969,432.1050376356464,423.7575539540487,428.91335269856495,2291407,11626,76.16270055121022
2025-09-10,425.0833435058594,428.86426863910054,423.0210179813643,427.6366974899962,1863865,9499,61.93607007317476
2025-09-11,438.2428894042969,438.9794320755646,425.7707548494975,426.7037208877692,5122099,16031,74.42683464906895
2025-09-12,454.64324951171875,456.018123164621,439.47045856326713,441.4345723445555,11582146,7614,48.42605795600192
2025-09-15,451.89349365234375,460.53561268158404,451.10786009059433,457.63853272888434,5717417,8174,55.629629562888205
2025-09-16,453.955810546875,455.6744101541374,449.8802803293668,454.15223391856165,3378600,12604,62.72909668457686
2025-09-17,451.2060546875,456.3618534124372,445.0681990625748,455.6744015944463,3397670,6677,54.99131275337429
2025-09-18,446.6885986328125,451.8443974925548,443.447792796118,450.81321973860696,2208920,6218,51.71767027986136
2025-09-19,444.9208679199219,449.58563820921137,443.9388110169135,447.81794777179573,2190231,16425,46.527957898561205
2025-09-22,451.0096435546875,458.27685881774744,447.37602093815804,447.62153516981544,5390225,8967,46.089186137812945
2025-09-23,453.2192687988281,455.9199253301321,444.72448243072637,453.0719662547568,4028797,7466,66.33686628990307
2025-09-24,444.7735595703125,455.576185362336,443.88971436314654,454.69234015517,2695976,10251,76.8264772010214
2025-09-25,458.37506103515625,460.09366062125486,445.1663836568562,445.1663836568562,7193012,15925,74.82479190519891
2025-09-26,441.0417785644531,460.48649402444926,437.60457926809016,460.48649402444926,6524790,6938,49.2174047798631
2025-09-29,457.78582763671875,460.0936673945975,445.6574186708443,447.6215325124435,14939041,12436,60.13899247730673
2025-09-30,473.7933654785156,475.21733000778465,459.6517220802692,460.7319906690239,15167002,6885,66.2698544674944
2025-10-01,472.7131042480469,479.7838960872362,466.5752485004873,476.3958176965826,7265353,15380,54.8003086373182
2025-10-03,482.68096923828125,487.6894654522509,470.30704623023814,474.33348553833133,9118935,16812,56.022007845044584
2025-10-06,482.68096923828125,490.73384785446757,481.15879302217206,488.08228222060177,4193824,16599,59.18422870503777
2025-10-07,481.10968017578125,484.3995768590416,476.44490979548635,482.68097724524876,3536988,9031,72.9033079531139
2025-10-08,481.69891357421875,487.2475291127254,478.90004539125573,482.23903288584387,3971075,11625,52.32062031069988
2025-10-09,503.05865478515625,505.75931130181647,479.3910771360618,483.1720022533858,16377426,8684,68.63966048458848
2025-10-10,489.35894775390625,504.2371339616729,479.9312253652206,503.5005912769319,11928283,14602,51.38266682592503
2025-10-13,496.4788513183594,498.2956625682521,485.1361061682151,489.35893882904855,7796400,15341,74.17467108771413
2025-10-14,496.57708740234375,516.3655288165044,490.8320482898457,505.75932581650744,15420228,8958,57.91869214111463
2025-10-15,503.9916076660156,506.8395366814926,497.2645119791197,499.866956742226,6882125,6234,64.47635328860824
2025-10-16,497.6082458496094,507.477905758806,496.9698848852349,507.23239153250756,3256458,11304,46.225657759413686
2025-10-17,491.27398681640625,501.3891613635568,486.4127929498633,500.0634084635901,8202471,14311,65.22440537093392
2025-10-20,477.6724853515625,491.0284656101586,472.7622006954609,491.0284656101586,7340096,5260,71.43179001362785
2025-10-21,475.1682434082031,480.5695564303755,473.3514321249272,478.50723091881906,2018621,5737,65.67166444000699
2025-10-23,473.4987487792969,479.1455761980389,468.73576661470594,474.08798893873075,7890661,10846,72.69199409823183
2025-10-24,477.96710205078125,487.4439450789839,473.54784603006516,473.54784603006516,6837879,8045,48.24719147648255
2025-10-27,473.6460266113281,480.8150598986868,473.1549981657555,480.2258197700001,3767112,4120,47.03322883730883
2025-10-28,462.7452392578125,472.7622020019422,459.7990684560098,472.7622020019422,5637647,14123,56.57784766236094
2025-10-29,474.9227294921875,477.5251743196729,465.0039486691313,466.18242895365233,4830935,13259,55.495691203244384
2025-10-30,469.0303955078125,473.8424684682048,466.1333155778829,473.30234914499715,3047179,15269,50.09851991561335
2025-10-31,467.95013427734375,472.61490476594264,467.01716819162414,471.28912189623566,1821466,13079,78.76581661781867
2025-11-03,472.0256652832031,472.6639963043498,467.1153805513067,467.95013494972903,1981640,16171,68.24879416258719
2025-11-04,464.8566589355469,471.5346341451863,461.56676218976884,470.552577204357,2221861,13698,49.70396919441995
2025-11-06,458.8170166015625,465.4949918382464,457.638536279795,463.53087794863353,1874384,4690,49.32801140908884
2025-11-07,465.9859924316406,467.0662610002973,451.74616758388765,456.6564520141473,3011457,4843,72.37616001819976
2025-11-10,475.90478515625,478.0162015213069,467.50818058358385,468.4411466372129,4039654,16636,77.54909500956671
2025-11-11,478.75274658203125,481.2078888721955,473.74425031609644,478.21262726619454,3280695,14915,48.89847226715096
2025-11-12,473.25323486328125,481.60071887923243,472.56581298514374,480.5695710770265,1977730,12990,47.54457523125561
2025-11-13,486.3146057128906,494.9566947442347,477.8689100863503,481.207897668006,12867167,8873,63.49898035225819
2025-11-14,478.3108215332031,488.4751168752051,473.8424744358493,486.11818620879876,3057432,5195,57.29275549134884
2025-11-17,475.21734619140625,479.1946947713618,472.5658104414352,478.2126378335949,2199172,3992,50.43585182802812
2025-11-18,467.4100036621094,472.3202882684137,459.79906252233764,471.3873222052164,6175474,9339,54.03597947010529
2025-11-19,467.99920654296875,469.91422949757265,465.200368337007,466.477030326744,2595527,13934,64.97300050059437
2025-11-20,463.67816162109375,471.73104022869234,462.6470138590225,468.2938410617902,1407005,4363,57.349433009461876
2025-11-21,450.07666015625,462.00867533135937,448.55448396658477,459.6026239657617,2368431,16620,52.6174280377288
2025-11-24,445.8538513183594,452.33543312447637,445.36282284774444,450.076684177648,1729282,9371,56.50914979175515
2025-11-25,454.2995300292969,455.0360727076939,447.3269200131385,449.6838505900094,2226516,7952,58.897039008232724
2025-11-26,461.812255859375,462.4505868484877,454.8887667228477,456.6564571496212,2138803,7663,73.2680486347143
2025-11-27,466.03509521484375,469.9142320020239,464.16919307759196,467.3608780389432,2611675,14051,58.96397949413259
2025-11-28,476.4940185546875,480.42224614386055,468.3429283251546,469.47228776304223,5889839,12920,48.24208100713091
2025-12-01,490.88116455078125,494.90760397497576,483.9576451827153,491.1266787843297,12744627,15939,51.34137236472843
2025-12-02,486.7565002441406,492.55063000481664,485.5289291096754,490.881151243943,4196609,15035,70.01348056600989
2025-12-03,495.3494873046875,500.45619509988956,487.64033475558347,491.02844300028454,11256116,14672,55.39273233960123
2025-12-04,487.8367614746094,499.0813248846202,484.3504714933386,495.88963998317587,5322624,7676,63.57038144902546
2025-12-05,489.1625671386719,492.79615982970034,481.6007167230191,488.08229851215015,3027296,4678,54.83458673834512
2025-12-08,481.64984130859375,492.9434961912257,478.2617328558043,489.16257095390984,2799520,6992,62.24937336999103
2025-12-09,482.63189697265625,485.92176375807406,473.3514468666281,480.22584547257503,2767639,17023,47.245702938520814
2025-12-10,503.4515075683594,507.33058447774755,492.30512548366755,494.4656627109204,21067651,17244,50.55883476585758
2025-12-11,513.2720947265625,522.4543033374136,506.6432102387288,507.2324204394251,20968349,15059,55.01816766730678
2025-12-12,551.572265625,557.2681834893365,522.7979513499993,523.4363122922072,39406555,3695,61.71680213884173
2025-12-15,557.857421875,561.5401353280168,545.7781337371041,552.0141712082136,23289407,9962,56.281699557685464
2025-12-16,557.5137329101562,562.6695318089431,546.1709873208247,553.8801102696782,9187083,15014,50.90534302823114
2025-12-17,567.9235229492188,577.2530639865757,563.35699408967,569.59303175443,18632926,11212,50.42294617566958
2025-12-18,581.5250244140625,583.6855016684547,566.4995057085356,571.4589410661099,15414612,4342,67.7109042293425
2025-12-19,578.18603515625,581.3777202760085,567.6780136970451,580.3956633160827,9490652,11951,77.1957034328321
2025-12-22,595.6174926757812,599.5948110180988,586.2879523947921,590.4616940994451,12145672,9624,58.08671377553624
2025-12-23,598.8582763671875,604.4560125985853,595.6175006353241,599.0546997321479,9277131,8956,64.26581122000661
2025-12-24,613.6382446289062,620.5617938910822,606.8620878212415,607.8932356028429,13964315,9210,51.42006523402676
2025-12-26,625.4229125976562,634.8997856557553,622.6240744095111,633.426700306206,13459241,8922,62.407080763117335
2025-12-29,607.4512939453125,644.5730334152051,603.130279475059,643.2472805534222,27992946,16201,50.09090814465309
2025-12-30,614.0802001953125,618.6958798584469,602.0500025313983,603.9650255761029,11718688,6929,65.59924202993558
2025-12-31,601.4607543945312,609.9064196743027,597.3851943241789,607.89321503738,9599983,12808,51.054080892755294
2026-01-01,600.9697265625,605.9291018750994,594.3408425468486,599.594822938811,4767635,3766,61.78399369269218
2026-01-02,617.5173950195312,618.6467844822654,603.2775693172266,603.965021166717,6324442,16809,49.445080942009696
2026-01-05,617.3209228515625,627.3379148867156,610.2010105631441,625.2756194412403,6488033,14241,58.888845319029215
2026-01-06,631.560791015625,637.4531326264938,623.2133070668941,623.6061538169514,10451587,7091,73.64900850992305
2026-01-07,618.6958618164062,639.073542979407,616.9281713420733,637.453125079603,8304312,13250,46.45710033864859
2026-01-08,580.150146484375,612.2634209184843,577.7931858150827,611.821483300492,20818517,14722,47.653437034405535
2026-01-09,595.5684204101562,601.2152475985929,577.5967910853919,577.5967910853919,10779863,15626,45.45159891230601
2026-01-12,616.9772338867188,621.2000664760582,604.554190398318,613.5891256680644,13671026,15521,75.25568146734874
2026-01-13,618.5485229492188,625.3738304855714,612.5089088956096,622.624083115961,7856745,17279,45.14022359633924
2026-01-14,642.461669921875,658.9111238662229,625.0301590256257,628.5164492168757,27694609,13452,48.766594721800864
2026-01-15,642.461669921875,642.461669921875,642.461669921875,642.461669921875,0,6675,46.06856290375004
2026-01-16,626.3068237304688,642.4616726457383,622.6732010050282,642.4616726457383,11412408,3159,48.21077769990818
2026-01-19,648.5504150390625,655.3756626925887,636.8148228372477,638.3369990778183,16631601,7722,45.04441981897733
2026-01-20,668.5352172851562,684.3954597836004,643.2472527679432,656.7996256474215,46014901,3996,66.38540476522081
2026-01-21,685.0338134765625,688.4219219420231,668.5352687047535,669.7628398922393,29031895,5829,57.49854711969135
2026-01-22,656.259521484375,681.547486584596,640.9394578656764,681.547486584596,28204037,10636,63.02558467773679
2026-01-23,686.1632080078125,697.2604396365634,675.7042774372641,682.5295852780445,32427217,9733,70.85681426166457
2026-01-27,714.1517944335938,719.8477125036038,697.7514321061535,719.8477125036038,25791996,16325,70.77175288268016
2026-01-28,695.4927368164062,719.5531318436527,689.0111250491487,699.2245411999794,38182595,7090,52.35742390327383
2026-01-29,702.3671264648438,706.884564354887,682.7750787752041,682.7750787752041,52966214,4753,73.09028922778859
2026-01-30,617.2227783203125,677.6192793015364,611.183104246191,677.6192793015364,49436689,6354,67.01453569815766
2026-02-02,599.1528930664062,602.9829389674424,550.2955620995817,554.8621506785097,37031059,5999,69.54595217289986
2026-02-03,616.9772338867188,627.9271920574432,591.1982408273851,624.4899929828654,26990191,12832,45.40261062747979
2026-02-04,627.7799072265625,632.3955868938191,620.8073268360256,623.6061651761707,10586353,15060,55.67016277995309
2026-02-05,599.84033203125,601.7062640845837,582.6052457259651,589.2341296849205,16770606,13570,45.3442092337005
2026-02-06,598.0235595703125,599.8403408542324,583.3417969683785,584.3238538656317,11409412,6306,73.31310126204019
2026-02-09,617.81201171875,619.1869154435541,603.2284897877925,613.785602144681,7574577,5998,51.86461387519829
2026-02-10,606.6165771484375,621.1019168539846,602.2955026840038,620.6599792478496,7580536,10200,75.38848217463125
2026-02-11,617.2718505859375,619.6779019714487,606.8129805974853,611.8214467958994,6425398,7508,60.15322526453687
2026-02-12,612.5089111328125,622.6240853901098,610.2010414138192,618.6467668641819,4106081,12336,57.40858686146625
2026-02-13,582.21240234375,597.0905881798211,580.395621076109,589.1850422157684,9424678,5210,49.59273819791881
2026-02-16,583.4400024414062,585.6005396913455,572.1463476630857,575.4362743668565,4181298,13452,50.474110400910554
2026-02-17,570.6732788085938,579.4136097795739,564.6827552936525,579.4136097795739,6472316,17744,53.62116273490419
2026-02-18,574.7488403320312,579.2171875469543,566.450446967174,569.5930412517354,4571121,11433,78.77612174249452
2026-02-19,573.6194458007812,585.4532801092446,571.6062410227439,582.4088675722126,5544345,9941,58.34120262914053
2026-02-20,578.7752075195312,580.8866538213384,572.0481417598133,575.7308551187822,5062307,8086,64.74478507408278
2026-02-23,580.248291015625,596.4522297434946,575.190733982742,596.1085338070836,7862513,13547,69.4927468670998
2026-02-24,586.6316528320312,590.1670935612563,577.9404734268439,582.3597293833789,4411001,17581,56.87388752717787
2026-02-25,607.9423217773438,610.1519498380368,592.0329877523544,596.599576387119,10715612,9971,77.00664052217905
2026-02-26,598.8582763671875,609.3662970226193,597.2379184712535,609.3662970226193,4592362,10175,75.3417444224926
2026-02-27,592.9659423828125,606.5183155725496,590.216195059387,603.9649916165108,4662433,16106,66.11683692565819
2026-03-02,606.5675048828125,613.5891761777516,594.1444603717665,595.1265173310587,10978219,17344,67.1625936521943
2026-03-04,580.6411743164062,593.9480340611544,575.4853753055629,593.9480340611544,7458538,12112,72.59680422545452
2026-03-05,584.9622192382812,596.9924163203982,581.377687560264,584.0292531908524,5319825,13229,54.61669492173379
2026-03-06,576.320068359375,586.0915465120449,574.6997104367691,584.3238560782947,2899680,10949,47.806216757120566
2026-03-09,564.6827392578125,568.5127852913868,556.3352552861753,561.7365684442935,6304945,9066,46.28933777033924
2026-03-10,579.364501953125,580.3956497489432,569.642114301128,574.5033081271265,3581854,4088,59.4316238928557
2026-03-11,577.056640625,591.1982847001393,574.9943450032085,579.4136012841897,4838138,10918,61.326324742859555
2026-03-12,572.5391845703125,575.1416593852675,558.643055171209,573.5212414906732,4378868,12906,73.14041195787497
2026-03-13,542.0463256835938,570.7223995610965,535.7611374578407,567.6288963059218,6884706,13833,49.31831225123456
2026-03-16,524.2710571289062,541.997232296308,520.0973152637833,538.1671863734906,7774885,12413,54.17698995245671
2026-03-17,536.5467529296875,538.167170759249,524.5657069341237,529.3286588307211,4636685,16269,68.71252814089667
2026-03-18,527.9537963867188,531.0963906387825,519.8518264871792,529.1322767237426,6387274,13424,60.82866414638649
2026-03-19,497.068115234375,515.5308037272774,494.6129728792017,514.5978376443119,10748632,12494,61.87523831169228
2026-03-20,505.5137939453125,517.0529626269199,501.53647545156633,502.76404658790756,10046753,10334,63.789933463202956
2026-03-23,478.9000549316406,490.5374355221109,475.31555313854193,490.3901329769149,9206594,6483,59.09202918296825
2026-03-24,488.1313781738281,492.5506342964078,476.05209009344316,490.0464011482788,8285874,7359,62.49769468395701
2026-03-25,508.410888671875,512.0445113296262,501.5855809663691,501.8310952008118,8498265,15355,53.681600412580714
2026-03-27,500.5544128417969,510.66958690204973,495.9387334337214,497.8537563726033,6322713,8872,52.8995590300919
2026-03-30,493.1398620605469,506.446750922042,488.47509182603704,498.0992673444981,6642010,6986,73.01524455899076
2026-04-01,515.0397338867188,521.423103497438,507.28146069153934,510.66956885753524,6207649,9983,51.88067174122746
2026-04-02,506.495849609375,509.09832438802005,494.3183499608032,500.84902239608584,4387980,5149,49.205829365710684
2026-04-06,516.6110229492188,518.0350174496389,505.3173685403641,506.49584881450477,4964299,4518,62.77018969575633
2026-04-07,529.0831909179688,531.7838475769468,509.78574754236195,513.6157936892764,6126013,11470,48.84277504242487
2026-04-08,549.3135375976562,558.1520502537087,542.8319856258845,550.2465036993507,6904276,3084,73.52261493573074
2026-04-09,548.478759765625,553.7818908190343,537.1360149491602,544.3050180843288,3021130,10040,61.8581150003581
2026-04-10,554.4692993164062,557.8083167376653,547.0056908853514,555.0585694178029,3922334,12684,67.33826947264355
2026-04-13,552.4561157226562,554.8621671967303,540.1313132003569,540.1804040590118,2766771,12920,78.30518067731501
2026-04-15,570.0840454101562,583.2927230497779,563.8970987657975,571.8517358885448,7750446,16414,72.77900932015982
2026-04-16,581.8687133789062,592.1312199741791,574.6014683412977,578.4315142281448,7726706,13633,73.17219567926854
2026-04-17,581.6723022460938,584.323867920455,570.8696761164719,584.323867920455,3006129,4809,46.26966685957067
2026-04-20,579.7081909179688,583.3418135289602,568.7091413684803,581.6723047682345,4194322,8511,75.25186186968382
2026-04-21,577.9404907226562,586.0424602187683,576.7620104443133,583.3418037200643,3423825,7286,59.03763985408746
2026-04-22,593.89892578125,596.9924290730175,575.6817817986134,584.3238707562526,7130375,17310,61.64162053363626
2026-04-23,581.4758911132812,594.1444496352219,580.1010473591165,594.1444496352219,4804398,11824,60.86759055680731
2026-04-24,577.9404907226562,587.7610598088526,562.5221852693286,583.3418037200643,13298013,15711,75.37917000342745
2026-04-27,616.7317504882812,621.9366402161859,583.6855109009275,595.3229214561462,20875698,7873,47.83502555745628
2026-04-28,605.0452270507812,620.2671088733995,602.2954797417913,617.7137849307651,6908389,8048,62.87349806408265
2026-04-29,602.0499877929688,610.7412275707862,595.2246801545691,605.0452494357202,7983106,7522,50.753033436362394
2026-04-30,595.9500122070312,603.4000244140625,583.3499755859375,602.5999755859375,6646054,9774,46.275181309691256
2026-05-01,595.9500122070312,595.9500122070312,595.9500122070312,595.9500122070312,0,11775,56.25539562943262
2026-05-04,605.5499877929688,612.0,597.7999877929688,600.1500244140625,5258525,15016,75.46878411509732
2026-05-05,611.25,614.2999877929688,597.2999877929688,600.0,4650058,15920,60.24377724992729
2026-05-06,634.5999755859375,638.5,616.5,620.0,10151710,14784,76.00579559676314
2026-05-07,636.5499877929688,645.6500244140625,634.5999755859375,644.9000244140625,7886637,11546,49.6930844822412
2026-05-08,635.0999755859375,642.5,629.1500244140625,634.75,3564594,7761,69.12445619883893
2026-05-11,629.0999755859375,638.0,626.2999877929688,631.0,3838263,13667,64.81574775561793
2026-05-12,641.9000244140625,653.25,639.2000122070312,647.0,12959003,3115,63.848228702594355
2026-05-13,667.0999755859375,676.7999877929688,659.9500122070312,660.0,12976174,17863,66.40533997136923
2026-05-14,669.25,678.25,664.0,674.0,6362142,5745,54.87252201991341
2026-05-15,637.7999877929688,659.9500122070312,632.1500244140625,659.9500122070312,8677803,7053,57.43427724332516
2026-05-18,636.5,637.9500122070312,619.25,625.0,5531862,4909,56.44799658653422
2026-05-19,632.5999755859375,638.5499877929688,625.5999755859375,637.0,3473965,12631,76.95607781211658
2026-05-20,630.4500122070312,632.75,615.5,622.5,4747014,12894,49.1019202194693
2026-05-21,628.0499877929688,638.0,625.5999755859375,634.0,4109787,13347,69.65947000053293
2026-05-22,632.25,643.5999755859375,629.9000244140625,631.7999877929688,3870439,10097,72.20363772842501
2026-05-25,634.5,642.4000244140625,633.2000122070312,640.0,3122036,5638,49.66732726599348
2026-05-26,647.4000244140625,648.4000244140625,629.6500244140625,631.9000244140625,7893675,14345,72.24067841690254
2026-05-27,648.8499755859375,659.8499755859375,647.4500122070312,650.0999755859375,4473837,15769,50.51038678491055
2026-05-28,648.8499755859375,648.8499755859375,648.8499755859375,648.8499755859375,0,15724,59.552754693003116
2026-05-29,632.9500122070312,656.25,630.0,652.9500122070312,4146682,8861,74.04717520585208
2026-06-01,626.25,639.9500122070312,624.5,635.9500122070312,2422723,3778,52.35358560422047
2026-06-02,625.0999755859375,631.5,616.6500244140625,630.0,4944548,14101,51.73660539212034
2026-06-03,610.5499877929688,628.0,607.25,622.0,3429070,14408,58.14224931531756
2026-06-04,603.8499755859375,613.2999877929688,601.75,609.0,2045867,8480,73.39044383544713
2026-06-05,566.7999877929688,605.5499877929688,564.0,605.0,10696453,5999,60.24565512822754
2026-06-08,556.0,568.9500122070312,554.0,555.0,3992032,15799,70.99790181477664
2026-06-09,563.6500244140625,572.75,556.4000244140625,557.0,2919999,13039,50.851924741344185
2026-06-10,547.5499877929688,554.8499755859375,541.25,554.6500244140625,7206504,3494,77.74015341322433
2026-06-11,545.0,554.4000244140625,534.4500122070312,534.5,3678148,6976,56.727059452325165
2026-06-12,559.9000244140625,565.0,555.0999755859375,560.9500122070312,2992652,11690,73.24274825062122
2026-06-15,563.8499755859375,579.3499755859375,562.4000244140625,571.0,5046258,9191,67.87090036111738
2026-06-16,564.2999877929688,566.9000244140625,557.4500122070312,565.0,2663318,11965,51.4963947334558
2026-06-17,572.5499877929688,574.0499877929688,561.0,564.2999877929688,3938599,15964,62.760685608263444
2026-06-18,571.4500122070312,573.5,565.0499877929688,568.0,3964141,3118,72.93145742144387
2026-06-19,563.5499877929688,565.2999877929688,552.5499877929688,563.0,3550093,7225,64.61968566735464
2026-06-22,573.2000122070312,576.1500244140625,563.1500244140625,565.0,2539193,8693,55.37894352083876
2026-06-23,546.7999877929688,564.0499877929688,544.0,561.5,5514428,7054,74.25504625990921
2026-06-24,541.9500122070312,546.7999877929688,535.2999877929688,541.0,4019132,6940,45.915201174816424
2026-06-25,518.0499877929688,531.0999755859375,516.8499755859375,528.0,7705339,7739,58.785713449299834
2026-06-26,518.0499877929688,518.0499877929688,518.0499877929688,518.0499877929688,0,5385,46.755065882085105
2026-06-29,525.5,528.8499755859375,518.0499877929688,518.0499877929688,3491577,5778,71.91450728696479
2026-06-30,533.1500244140625,535.0,517.3499755859375,525.4000244140625,4929851,10362,66.7985524048163
2026-07-01,524.4000244140625,532.8499755859375,520.6500244140625,532.0499877929688,3207622,6206,51.07092257010603
2026-07-02,528.7000122070312,533.0,525.9500122070312,528.0999755859375,2287077,13053,50.65978148897976
2026-07-03,536.5499877929688,544.7999877929688,535.0,539.2000122070312,3981176,7766,66.85925778422121
2026-07-06,540.3499755859375,545.0,537.7999877929688,539.4000244140625,3312152,9679,72.38656446127627
2026-07-07,531.0999755859375,538.5,529.6500244140625,536.7000122070312,3458391,14723,46.859812473335516
2026-07-08,530.2999877929688,544.0499877929688,522.0,522.4000244140625,4857478,15415,68.72302969623397
2026-07-09,528.5,531.4500122070312,523.0999755859375,528.0,2041649,13495,49.83156659765134
2026-07-10,536.9500122070312,544.2000122070312,535.1500244140625,536.0,3938725,5114,68.63006320260187
2026-07-13,532.5999755859375,534.7000122070312,526.1500244140625,527.9500122070312,1839570,16159,73.03660464823776
2026-07-14,527.9000244140625,536.5,526.25,529.9500122070312,3181142,3897,59.72384552661773
2026-07-15,527.75,536.5,527.1500244140625,532.0,3173632,11753,66.96166241734412
2026-07-16,521.9500122070312,530.9000244140625,521.0999755859375,530.0,1848163,14144,69.71138938706073
2026-07-17,518.3499755859375,520.2999877929688,514.9500122070312,520.0,2356602,16045,71.50186904494461
2026-07-20,522.6500244140625,530.25,518.3499755859375,519.0,2385114,6902,53.5856029199717
2026-07-21,534.4000244140625,536.4000244140625,524.25,526.9500122070312,3103362,9354,60.105511098825765
2026-07-22,535.4000244140625,541.0,531.25,537.0,2416820,4176,69.60960876656725
2026-07-23,531.1500244140625,541.2999877929688,530.0999755859375,535.8499755859375,2075073,17776,63.89893022804168
2026-07-24,531.9500122070312,534.4000244140625,522.4500122070312,528.0,5497135,15979,47.269677077139576
2026-07-27,529.6500244140625,541.5999755859375,528.0,541.0499877929688,4726406,6977,59.4403593231024
2026-07-28,526.9000244140625,530.9000244140625,524.0,530.0499877929688,2197571,3501,68.86389475058091
2026-07-29,536.7000122070312,541.0999755859375,527.2999877929688,529.7999877929688,2538802,6041,52.65730099150987
2026-07-30,535.9000244140625,542.0,531.2999877929688,539.6500244140625,2928457,14599,58.79514103580246
2026-07-31,539.2000122070312,543.9000244140625,535.3499755859375,536.0499877929688,4198309,13729,72.7223120093179
2026-08-03,547.0,550.4500122070312,541.4500122070312,543.5999755859375,2640411,5848,55.295446867427785
2026-08-04,562.9000244140625,564.0,546.5499877929688,550.0,5784368,4771,72.17685058132476
2026-08-05,596.9500122070312,598.5,568.0,570.0,13488635,5892,62.094794019610696
2026-08-06,590.0,606.2000122070312,587.4500122070312,604.25,6577691,10367,56.82716645356071
2026-08-07,603.0,605.8499755859375,590.0499877929688,593.0,6362181,4597,55.73360185163871
2026-08-10,595.1500244140625,608.4000244140625,593.0499877929688,606.0,5105932,12624,68.70357263065023
2026-08-11,591.7000122070312,607.0,591.3499755859375,599.0,4070694,10568,60.32160431091377
