Date,Open,High,Low,Close,Volume,No_of_Trades,Delivery_Pct
2021-08-16,982.4611206054688,992.9702964646119,979.6650840641312,988.1977208958202,1132546,13456,51.020555893513944
2021-08-17,969.0904541015625,983.4301128857467,962.4050434725616,981.9767678913342,3082005,9929,74.3119443592182
2021-08-18,958.8685913085938,974.5162366910972,956.3009915367957,971.8033379041601,2344486,13706,59.09996670860931
2021-08-20,948.9857788085938,960.1280896159697,940.4595006268223,954.3631430665416,3465186,13021,71.87597006944469
2021-08-23,957.8511352539062,967.8308173364824,934.1131690458737,957.3666869639463,2914978,10999,74.40573711492196
2021-08-24,973.78955078125,977.6167043152867,956.3009783540019,959.4014594120857,2510063,15872,73.6239905857171
2021-08-25,974.2740478515625,982.3643706374017,967.1526808855715,978.4887839050506,2105187,8718,78.359594022048
2021-08-26,970.3499145507812,981.1531349575957,967.0556425591127,968.896569696237,1971408,17718,46.17603212897947
2021-08-27,959.4014892578125,969.7202032552908,956.3010081032768,965.9899747507264,2368969,11560,45.0776094934155
2021-08-30,973.8379516601562,980.5233618730841,960.4671903710563,964.3427767816219,2868604,13884,65.03999758355931
2021-08-31,961.5330200195312,978.391785562012,959.2076444993758,977.616680100879,3138652,10413,58.735949299795955
2021-09-01,967.6854858398438,993.1190217630436,962.1143303519048,963.0832269585029,3854558,5587,62.3436295176579
2021-09-02,978.6824340820312,981.0078095816677,964.2459101934506,971.5126347088703,2136382,13309,60.13916641684177
2021-09-03,972.5299682617188,996.6555174055535,965.5539008712449,978.5855720491516,5363972,9467,77.9691921213063
2021-09-06,961.096923828125,976.9383584235508,960.1764602981681,974.7099082340637,3349749,16450,68.04856018768447
2021-09-07,970.107666015625,980.523303877965,953.5395587451151,961.1938059712022,5483796,15627,48.10749061124411
2021-09-08,968.5089721679688,990.018487503986,961.5329642853708,981.6860007904647,6385224,16184,78.5896885762821
2021-09-09,968.4121704101562,975.5820290433833,962.5987906978391,968.896618719516,3193603,8419,56.64432470598771
2021-09-13,965.3117065429688,972.7722224669292,961.7752693039035,972.7722224669292,2386618,13681,48.23659985025764
2021-09-14,1004.3582153320312,1006.6835908809729,966.5712470506472,967.9277259769893,7838383,3998,64.90693907694019
2021-09-15,1021.16845703125,1028.9681214571578,995.5411909578435,1003.7768115156456,6071710,5578,62.61623351962665
2021-09-16,1095.7735595703125,1149.5958128677519,1037.6882558629263,1037.6882558629263,27230283,9191,60.962485304430096
2021-09-17,1094.853271484375,1110.8885591858784,1077.7522210671048,1102.1199967375899,5784278,4329,53.514927127477236
2021-09-20,1056.048828125,1097.1785607820211,1050.8652548407842,1080.3197358680325,2954179,15681,45.844028809566126
2021-09-21,1102.1683349609375,1107.5941320709046,1051.2527731545122,1057.0661525452283,6332732,10295,70.11173958796826
2021-09-22,1105.8984375,1121.8367368769136,1093.1089333286516,1109.386441083643,5587136,15681,64.86883505868653
2021-09-23,1132.7855224609375,1138.4535441109572,1111.3244383789513,1114.2311282788091,4879235,6760,76.41156984177036
2021-09-24,1126.8751220703125,1152.3570290660707,1105.7531310527424,1135.740430429943,4615559,7961,48.77721169926175
2021-09-27,1114.9093017578125,1141.3117348525216,1109.289772283414,1135.546847229321,3083520,14660,74.70476387046111
2021-09-28,1099.4554443359375,1123.9200840975436,1084.1953225044406,1123.9200840975436,3684708,8935,52.16181497046814
2021-09-29,1088.2646484375,1101.5386032439633,1079.447712751661,1092.0433689524352,5574048,10363,55.04889599264804
2021-09-30,1077.3162841796875,1099.600908689153,1072.5686666077486,1090.0088075282,3180267,12499,56.77672834215036
2021-10-01,1069.7103271484375,1077.41300772701,1057.3568956299848,1069.6618350095496,1940798,12819,75.7646233677456
2021-10-04,1084.9703369140625,1090.0085513531403,1071.5995180413984,1073.052862776536,1817348,12464,57.873464442215976
2021-10-05,1132.2525634765625,1140.4881847247361,1074.1672585709075,1082.0637896576825,5270013,10946,75.35464557466193
2021-10-06,1096.645751953125,1142.4746150828748,1091.6559100854226,1141.7963164004868,3329243,9275,56.64239639524719
2021-10-07,1130.41162109375,1149.256731014265,1104.5906212041643,1107.4488188778655,4002618,8429,59.41539739730992
2021-10-08,1137.8720703125,1143.2978670437708,1122.3697263525846,1142.7165527999737,2344868,14129,56.438244646569814
2021-10-11,1136.7579345703125,1157.2984951559781,1133.6090206241342,1136.1766202657202,2535840,11763,59.47836832110219
2021-10-12,1145.138916015625,1158.8003344307165,1123.9685489451506,1128.7645398091845,2354120,4284,67.73477809276658
2021-10-13,1147.657958984375,1154.8761909442292,1138.6956659319433,1151.145962896026,1235622,3612,70.54821882183563
2021-10-14,1172.3648681640625,1177.2093510903603,1125.6641000639554,1152.9869364588715,3315820,4920,67.31851071091332
2021-10-18,1181.6661376953125,1191.4035947468956,1158.8486962784723,1183.0226164384753,4512591,12871,74.82641230429682
2021-10-19,1156.862548828125,1201.4317927528266,1148.7237936741294,1183.9916538257694,3879525,15367,66.74393639111527
2021-10-20,1164.3231201171875,1176.14373085213,1135.9828915682751,1152.9870760070319,2850772,7058,78.77805010469007
2021-10-21,1147.561279296875,1173.285415811062,1128.958391625289,1167.520527734562,2408608,9680,47.73108543283642
2021-10-22,1159.18798828125,1167.2297595993193,1140.1976373900825,1154.973311462763,2618946,14269,53.94148277229502
2021-10-25,1141.1180419921875,1173.3338559563056,1120.7227199776767,1168.4408805109947,3612312,9200,78.34841491444891
2021-10-26,1118.978759765625,1155.8936983118276,1102.3136664955946,1143.2980419178177,3413917,7873,78.52185188179885
2021-10-27,1107.012939453125,1127.6503675942263,1087.1020655422087,1120.0445523768212,4329232,10903,49.747948791308495
2021-10-28,1139.42236328125,1203.369536730708,1132.8823114511918,1135.5467770115858,17223159,6755,68.88112103142635
2021-10-29,1104.73583984375,1145.2357644404733,1088.6521801738224,1130.6538235144628,5112475,17782,45.83197874852065
2021-11-01,1190.8707275390625,1196.58724084639,1110.403939918313,1121.982206396858,10563295,12524,50.45290051232593
2021-11-02,1174.835693359375,1201.5287254002344,1169.4582695825418,1182.0539261729089,3730392,14241,56.877362894184934
2021-11-03,1141.3115234375,1182.0536663790604,1137.7266538898457,1177.209184139802,2922214,17262,50.607089254773356
2021-11-04,1152.1148681640625,1157.831381484671,1148.1424159492344,1157.831381484671,278458,14726,61.44342422303335
2021-11-08,1028.144775390625,1094.8532907332512,1009.2027972548123,1094.8532907332512,29099645,14225,60.37368271067763
2021-11-09,1035.0238037109375,1051.1559559233624,1029.4526482030153,1047.3772354893738,7752739,4846,73.56122131338293
2021-11-10,1000.0950317382812,1033.6189490029442,995.8319812807393,1033.6189490029442,6796906,9178,73.07809877513432
2021-11-11,1001.160888671875,1005.7146553123442,988.758965073456,1000.0950078094805,4527396,5880,47.24148882353322
2021-11-12,1004.7942504882812,1011.0435861502906,996.5586295182022,1007.6524481037875,3479296,14584,57.56122947386177
2021-11-15,1009.1058349609375,1018.3103528986513,1000.4342574763916,1009.5902832734488,3105993,6924,60.43649641918354
2021-11-16,989.1465454101562,1013.4658259929527,986.5789458100612,1009.5902396602837,2685826,14986,53.022374651673466
2021-11-17,1001.839111328125,1009.5902843364664,982.4611788072716,986.2398993035408,3042496,15911,51.678862306587106
2021-11-18,977.0838012695312,1009.5902708104037,971.1250634444987,999.7075726665781,3244457,7120,46.19007895686165
2021-11-22,975.5820922851562,993.9911292341865,957.8028026970629,992.1502018845794,6198324,16910,64.62472621359827
2021-11-23,950.8267211914062,978.5856343756775,943.7053543385247,964.0521843601972,8136685,10071,47.5991463051451
2021-11-24,940.2172241210938,962.7440686293827,935.954055699233,958.2386760730243,6646771,6235,73.73541057523121
2021-11-25,929.4625244140625,939.8297301721792,921.7597843858154,937.8919369140923,5711537,13546,78.00633825748048
2021-11-26,873.7509765625,927.1856498176692,870.0691811644341,921.4207029926246,6746021,13281,72.06202613108303
2021-11-29,867.5985107421875,908.8250510716579,861.2037574167713,898.0703219897988,11905868,10392,60.199527149746814
2021-11-30,855.5357666015625,898.6516687689119,848.4628326801134,873.9448034820037,6964145,6198,47.535044722301976
2021-12-01,904.6104125976562,909.5517620309498,862.4634068470876,863.2869453737164,14626216,17400,59.14081067842869
2021-12-02,916.1401977539062,920.4517995898628,896.8591902761308,905.9183501226545,5703967,13213,63.428006320705606
2021-12-03,921.5660400390625,928.0576000573925,909.3094741909498,915.5588691920161,4928235,12770,59.28241995956971
2021-12-06,887.1702270507812,922.3895960607945,885.5715239491242,922.3895960607945,4617346,10087,53.72287668083969
2021-12-07,897.828125,907.3717335670099,892.160043985251,894.1947624790429,3434735,15708,65.56954529678279
2021-12-08,915.8980102539062,919.4829397599852,903.4961447062026,906.8872830509443,3774244,16240,72.40810055119366
2021-12-09,916.9637451171875,920.9361974324734,909.0187813498616,917.5450594093132,3111606,14017,73.11938467269917
2021-12-10,915.3651123046875,937.8919594717519,908.8250599013463,930.140786252977,6605152,6701,51.73649076344483
2021-12-13,909.3578491210938,925.8775235429265,905.143172765006,924.6179698498115,2681792,15701,73.22851411290867
2021-12-14,916.6246337890625,919.6282487874325,895.4542663368272,903.0116481311745,2725729,14766,77.31864395046739
2021-12-15,909.3578491210938,921.2752649104561,907.8560712894276,915.5588107227023,2266938,5626,45.028843113716036
2021-12-16,899.4267578125,919.8220206818183,892.4991821743089,915.6073438647635,2457432,14552,51.07466290091589
2021-12-17,855.5357666015625,900.1050137857889,852.871300737288,897.198323752035,4786306,11275,60.689464185909294
2021-12-20,819.783447265625,846.8156879616681,804.959340070307,846.8156879616681,4700733,13619,52.580571656747686
2021-12-21,830.5381469726562,840.9537850417324,821.9633768942022,828.4549957041397,3568436,7134,54.82090504399576
2021-12-22,844.6356201171875,857.4735002050024,834.2199815553753,834.655996857407,3619713,16263,50.283198655731
2021-12-23,844.0057983398438,856.5045880417615,841.9711391496501,852.532135665953,2642247,17202,52.594507956599145
2021-12-24,834.3653564453125,851.466346480014,820.4616543249892,850.6912410034898,3462247,6259,63.347133251952215
2021-12-27,828.6488647460938,834.9951260132605,786.259636061333,816.7798807143607,12325932,11931,51.196124502803585
2021-12-28,826.1297607421875,838.8222833325387,818.8145436503249,837.126714177665,4660498,17744,72.71731813747664
2021-12-29,842.9400634765625,847.6876805922252,827.4377174815912,827.4861504854741,6067054,7719,78.23335886465657
2021-12-30,857.8610229492188,865.6606282941304,833.251027098809,837.1266132713616,12354342,12229,63.62213568072241
2021-12-31,860.5255737304688,865.1278327665099,851.0788314985949,854.0823874253082,3606043,16333,58.05993674235595
2022-01-03,883.9243774414062,887.0248584627288,849.4316813131782,860.5739924790125,5594214,10683,73.28005232744333
2022-01-04,876.2700805664062,889.3986172476287,868.2281917351469,886.5403605420278,4102750,16208,71.11621553828093
2022-01-05,875.8341064453125,883.5368463574171,864.4980042290789,876.8514360631174,5448165,11538,57.53663656068032
2022-01-06,893.031982421875,895.2604327105788,857.5218993961316,867.4046562598978,5209239,3678,64.3053367397958
2022-01-07,893.5648803710938,909.2610169607236,887.6061426862675,897.6826908797163,4207773,13311,62.56786051260667
2022-01-10,892.2084350585938,900.9285046990559,889.4471033271501,898.0703069596434,2569322,6718,77.9270753970625
2022-01-11,889.398681640625,905.9667905136271,885.5715280890374,898.1671843966495,3383081,10462,55.06354125832533
2022-01-12,912.2645874023438,917.1575034344902,891.4817433797008,899.1360502205479,5506622,7938,58.795420265192625
2022-01-13,898.2640380859375,920.4517944705084,897.198275452306,918.5140012189914,2109207,11172,77.7300144956985
2022-01-14,891.4332885742188,897.8280414984216,884.8448036429905,890.5128249938311,2557488,16775,50.03194809103442
2022-01-17,891.8693237304688,902.914768667656,883.8759267497231,890.4159788248787,3048497,15986,45.17589339694553
2022-01-18,871.6679077148438,898.5062980072436,867.5016047488381,891.8693795113198,3088062,12269,45.04373380429183
2022-01-19,865.4669189453125,875.6887666140404,856.6499832242501,869.1002813254355,3628266,5771,74.85804229654761
2022-01-20,849.9161376953125,870.5051911320364,844.8778633799157,867.1624859231933,3565267,11243,68.24653659852993
2022-01-21,827.5346069335938,845.798344308389,818.8145370643809,842.8432213467297,4042974,13265,57.01536871397275
2022-01-24,824.7732543945312,842.2618266985411,805.6859789999878,832.2822032597971,4657809,10286,45.94396178689166
2022-01-25,856.746826171875,859.3144258394193,815.8109444576972,816.1500346160118,5165597,10349,76.09406013784869
2022-01-27,860.47705078125,865.8059821058731,834.3168424603732,847.0094234610742,4323258,9230,55.88378199150966
2022-01-28,875.446533203125,896.9560500934797,867.1624788913467,869.100272140266,5520247,17394,69.13755238583914
2022-01-31,844.9747314453125,898.603195656625,839.69429209574,898.603195656625,10148990,3091,56.20423952912185
2022-02-01,893.6133422851562,898.1671682340827,851.6601303967192,851.6601303967192,11628936,9573,78.60623435060486
2022-02-02,945.0133056640625,951.2627007631688,901.170733098651,901.170733098651,14380553,6769,68.9034518445681
2022-02-03,928.5420532226562,949.2280315662239,924.7633918822323,937.2621228129899,5623611,15260,77.8801539374791
2022-02-04,926.3135375976562,944.6257061026607,915.6072425151732,928.2028977032127,5000045,8377,58.318866963728425
2022-02-07,904.0289306640625,929.5593907049793,899.2813729643901,922.4379654503407,2587054,15963,46.98704093135725
2022-02-08,908.5343627929688,911.4894856253649,884.6026047047123,908.8250199485435,3160992,15171,77.0260176734259
2022-02-09,937.068359375,941.1861698767952,911.1503756284064,912.9912436648033,4101202,3678,53.611768515536724
2022-02-10,942.1066284179688,947.338693951823,930.3830026767968,935.9541583814482,4037566,15771,61.28200303610172
2022-02-11,951.8440551757812,959.2076457714454,924.8602490525814,925.2962643552833,7171664,7095,50.75277660551992
2022-02-14,912.31298828125,934.7914005726132,908.0498788477137,929.3656034256564,3652419,12867,50.61489438480617
2022-02-15,939.5390625,941.7675128945185,894.533802757062,913.6695109665956,3985559,3549,68.86486238316188
2022-02-16,938.2794799804688,956.8338141686334,932.0300851571438,936.0509705174619,3683264,13098,78.48749318750254
2022-02-17,926.0713500976562,949.5186594334663,921.5175242913897,949.5186594334663,3152042,5835,67.31386986379906
2022-02-18,925.6353759765625,935.9541487871486,919.0953236946647,920.451802637465,2417043,12621,73.7359410648819
2022-02-21,922.8256225585938,941.7675401656437,919.4829173016418,922.3896072404247,3535914,11612,64.48553995324158
2022-02-22,909.8907470703125,920.3063852188525,894.2915359165029,896.2293290604173,2866135,5587,56.62753580418469
2022-02-23,921.1300048828125,930.9158368396179,913.8148474164128,914.6383858676298,3507003,3852,64.99576955610726
2022-02-24,848.4143676757812,905.2401202104412,841.8258232050167,890.9004617454249,7305449,4482,55.14900206199595
2022-02-25,898.215576171875,900.8800418069518,867.1624521431501,870.7473813704225,4821342,9509,50.42320810564876
2022-02-28,892.0631103515625,896.0355627519807,874.9136287252775,887.5092845098052,3299912,17757,73.93445408909545
2022-03-02,878.159423828125,884.2635198153497,859.9441792835701,878.78923028292,4507940,17321,76.45927388238351
2022-03-03,883.8759155273438,897.1982436594359,878.3047601266508,889.4470709280369,3731807,5066,50.81377476711244
2022-03-04,873.8478393554688,894.1946673072551,863.2868430972211,868.1313259428846,3623960,13995,70.75320585382138
2022-03-07,808.4473266601562,869.0517956609349,799.8241234791501,850.6911937185873,6323502,5615,66.00869882116068
2022-03-08,814.5513916015625,821.4305338757252,790.6196335146383,805.2499486663955,6163433,14307,78.86750452222124
2022-03-09,848.1235961914062,852.6289889353686,812.1775567898553,836.1577471036626,6967640,10001,72.90735408843854
2022-03-10,876.1731567382812,899.1360172828779,862.9961870362508,881.5020878751949,6312569,4508,58.19916906979779
2022-03-11,873.7025756835938,887.0249049496314,865.1762967806817,872.0070065042798,3451877,12830,54.227857900359226
2022-03-14,879.3705444335938,885.5715064265125,864.5464380461467,871.0380571963182,3718477,6014,76.1299812066587
2022-03-15,868.76123046875,893.3227376150676,859.6535780357578,888.3813882092111,4390735,17611,64.16726001916638
2022-03-16,899.765869140625,906.8872356375635,883.1977014690386,883.6337167750619,5705364,9421,54.81006332670239
2022-03-17,903.4476318359375,919.9673067705003,900.6378080868341,914.5899425551169,4492246,17630,50.237600366781336
2022-03-21,884.9901733398438,908.8250059170823,882.6647978576353,908.8250059170823,2363059,7925,52.58520109641931
2022-03-22,898.8453979492188,903.0116415496179,875.4949541395408,887.5092957719421,2764481,12018,47.5637554907161
2022-03-23,902.3818359375,915.0744170368381,899.232921948479,903.9805390020131,2433056,7168,72.67473435685396
2022-03-24,896.0355834960938,908.7765977201124,886.7341995868852,893.322684783971,2923793,6922,48.15386289211576
2022-03-25,897.4404907226562,904.2712000392669,887.5577334104239,901.0738530332743,1984601,14252,70.39848150490731
2022-03-28,906.063720703125,913.572669697538,891.6271370462601,894.3400358233416,2654339,7829,55.71404503987547
2022-03-29,900.2503051757812,915.122844424107,892.7413564788126,910.7143766938831,3351562,5545,74.89768277312052
2022-03-30,897.4889526367188,915.6073317699952,894.2431725227136,910.1330420576194,4849869,9079,75.68292206318293
2022-03-31,906.3058471679688,909.2609697876095,895.2604029573014,901.0737821972838,2311242,15994,58.442608134758004
2022-04-01,938.4732055664062,940.7501480159062,900.2502827201491,900.5409398673661,5222165,14832,49.912581829131284
2022-04-04,956.4948120117188,963.8584031072185,928.2514502032725,944.6742607169343,5033678,11436,66.92606309530126
2022-04-05,942.9785766601562,963.0831802724842,937.8918697220973,963.0831802724842,3827808,3767,75.38988167821277
2022-04-06,938.1825561523438,948.3075373439287,931.109622873579,936.9230024128522,2406015,14146,49.2555005546649
2022-04-07,942.3488159179688,956.204084701658,930.1407423295951,930.6251906328918,3182285,11080,64.66569035017946
2022-04-08,954.9444580078125,959.2076266699364,938.1341257809756,940.7985914106143,2659878,6625,60.420793886645015
2022-04-11,949.9546508789062,967.8308043662101,946.4181547548916,953.0066395826999,2413145,12600,66.68144150654457
2022-04-12,954.4600219726562,956.9307556249191,935.954120471047,946.6119831265144,1963842,13570,73.92480573840493
2022-04-13,952.8129272460938,965.2632247335002,951.4564483696836,961.1454142390286,2060127,10995,46.634871703241984
2022-04-18,947.0480346679688,952.4253992043856,936.0510222978471,941.7675361410608,1575552,14720,64.84168881811829
2022-04-19,933.822509765625,958.1902823496308,921.42064539834,949.4217801487429,1747142,14452,56.24956652230201
2022-04-20,942.3004150390625,952.1831725905798,922.874049241951,935.5181385616938,2421543,16187,72.49421008130057
2022-04-21,958.4808959960938,961.8236008648255,945.7398829227947,945.7398829227947,1957820,3766,47.84137654101674
2022-04-22,929.9954833984375,957.2699494384588,927.3310174460531,949.5187757587951,1942893,13654,46.18983420176985
2022-04-25,917.1090087890625,928.6389012783047,902.0426794082514,915.6072309783003,2096910,7223,50.756974427730384
2022-04-26,949.9546508789062,952.7644154409661,928.2997771258539,932.0784973916022,2673266,7922,59.336020117849415
2022-04-27,944.1897583007812,949.3248985709097,937.0683917825637,939.9265895085481,1476543,4400,52.305724384590704
2022-04-28,957.6089477539062,961.5814593656462,941.7675117207141,947.5808914226939,2003774,4073,67.57322493528537
2022-04-29,948.1138305664062,978.10119451893,944.8680503561886,959.2077093350576,3476442,8414,49.269710783339214
2022-05-02,986.43359375,994.0879004589177,936.3901204029074,941.7674846452904,8962019,15553,60.41702320428581
2022-05-04,947.87158203125,996.9946540739048,940.798648304919,993.603515794742,4565643,14530,48.769215621505886
2022-05-05,907.662353515625,964.0521493555311,903.0116615068895,964.0521493555311,4679266,7409,47.15779077983648
2022-05-06,886.9279174804688,905.2400266273307,874.429128444129,890.4159213741324,3713381,3979,64.3335806877028
2022-05-09,862.0272827148438,884.4087696339327,853.5978708012605,884.4087696339327,3283626,14621,63.975111819657954
2022-05-10,882.422607421875,891.3849012661268,860.3802090481746,860.3802090481746,3972560,7112,73.41536746551552
2022-05-11,894.6306762695312,899.1360692366808,863.5775512229219,882.5679605810956,4209334,7764,72.55140225206212
2022-05-12,842.8432006835938,887.9937599114594,829.3755138943909,887.5093115972687,4776857,6593,46.66827465445173
2022-05-13,845.2169189453125,866.338911974531,841.7289148664671,858.4423810897149,2932319,7119,56.40149203246618
2022-05-16,858.3455200195312,870.8442506545413,838.6284387636613,849.4316594885382,1971123,6511,61.70892485550304
2022-05-17,875.7371826171875,876.8514373801631,860.477060916925,862.3179881418179,2038983,9147,67.68713876638627
2022-05-18,875.0590209960938,889.3986793903583,871.0865093039969,878.7892493922841,2665522,11343,71.90131953611711
2022-05-19,839.3067016601562,863.141534987664,833.347963759901,860.3802032602814,2656251,9223,77.49641405591572
2022-05-20,868.6158447265625,872.0069829937604,853.7917378430202,860.3802232205103,2286465,5613,72.41553548244173
2022-05-23,874.332275390625,893.3226242248691,870.9895704465979,872.0069000025837,2577890,6136,53.262698506813294
2022-05-24,870.0206909179688,888.4781588352322,867.4530913407881,877.2389822254967,2149695,4814,72.28501848655864
2022-05-25,865.563720703125,894.7759757255864,861.8819255919188,879.5642878626194,3664893,11317,66.3419853097483
2022-05-26,869.6815795898438,878.595440291805,850.1583482432684,874.5260626738709,3909078,16843,56.66770919333882
2022-05-27,896.616943359375,898.1671542751584,877.0452200796417,880.097208908232,2509528,15719,60.236105831646576
2022-05-30,907.0810546875,917.0122453404764,903.1085429442544,906.8872635303342,2036338,17865,47.40824801306188
2022-05-31,901.8973388671875,910.7143330417774,897.1982142077336,897.1982142077336,1249259,14604,57.94741354701618
2022-06-01,899.4751586914062,909.1641249470869,890.1253417367286,901.8974002553264,1144864,9056,65.87562835779562
2022-06-02,913.6210327148438,915.6072588564409,892.353741171198,892.353741171198,1735855,14626,62.025542475979464
2022-06-03,895.5512084960938,924.1336611624808,893.3227579121684,920.4518655277222,1398174,15341,68.0153222934428
2022-06-06,899.8627319335938,904.9010061631574,889.9315416215406,891.3848865452558,1417254,15875,78.52450525689801
2022-06-07,894.9697265625,901.0253298071624,887.9936597972987,895.5026078206802,929573,17241,61.48911616100093
2022-06-08,885.2808227539062,908.8249979742901,878.3531885069697,900.1049286973513,1905868,8537,71.956655383351
2022-06-09,891.675537109375,894.7760180843928,878.159417591415,879.7581206503829,1031195,11435,55.5112247725902
2022-06-10,884.79638671875,896.2293547684451,875.1558537238898,884.1181472715742,882217,6933,71.87001785932719
2022-06-13,838.5316162109375,872.3460737590832,833.3479836597829,867.1625003446869,3353078,12778,57.626106518475005
2022-06-14,817.9425048828125,842.8915918245066,814.163784565097,837.126645344609,3770890,5320,68.00579139724319
2022-06-15,817.0704956054688,830.3443909284083,802.2463893684038,825.4999079008213,3911673,5293,54.088459504186275
2022-06-16,784.418701171875,832.6698014659204,780.107158405345,827.4377359213165,3141825,12291,77.35834819320553
2022-06-17,781.802734375,796.2876920541522,771.9684096745523,784.8062903500312,2624540,16499,55.30501140667889
2022-06-20,759.6633911132812,789.2631713397992,745.5659569706229,789.2631713397992,3103978,5159,45.79578151577373
2022-06-21,774.0029907226562,784.2248967060036,759.0820192304183,771.2900921910451,3425596,6420,73.94299404476487
2022-06-22,753.46240234375,776.9096508155815,743.821870143538,774.7781257812336,3066728,13122,73.04834251074152
2022-06-23,760.5354614257812,769.5946217366103,739.4619586182574,756.7083077092467,3888446,4810,52.80456447866271
2022-06-24,781.4151000976562,790.4742595624994,767.8505478330968,769.25545971642,4706175,13405,67.70070205276858
2022-06-27,797.8863525390625,803.893523304777,792.218331066438,793.7201089736778,2569316,10553,70.39846553492201
2022-06-28,791.200927734375,797.8863378262365,786.744027097637,793.5263031933063,1280737,6653,68.81786720769236
2022-06-29,783.6436157226562,791.9276704328322,763.6843679536087,779.9618201999958,3774208,13526,54.10094499934175
2022-06-30,769.6430053710938,791.297880280008,765.6705528893253,786.5502631939132,2686640,9705,71.77218833024166
2022-07-01,782.0933227539062,784.8062213212462,758.6460139438714,768.3349796391954,2796110,16511,77.12433947527342
2022-07-04,806.1219482421875,813.8731208214392,785.9689113634835,787.5191222246324,4711395,16604,70.37725398411425
2022-07-05,798.4192504882812,812.904266831886,795.512560618799,807.0908870929214,1836183,5693,71.68326468212125
2022-07-06,810.5304565429688,813.8731617130702,799.3881454004684,803.9904043506316,1660551,3744,68.78922153127202
2022-07-07,834.219970703125,836.5453461925397,814.1153662988395,814.8420387471872,3868679,9548,57.41892573727477
2022-07-08,822.2056884765625,840.5178591490378,819.8803719563615,840.0334108152343,1342616,9275,72.70551848802654
2022-07-11,831.65234375,833.2510467385603,816.8282381179321,818.7175982489341,1503503,11749,72.54220937077898
2022-07-12,820.703857421875,834.3653350341617,818.7176312090149,823.5621142339204,1221366,9526,58.166941374551854
2022-07-13,793.57470703125,829.5208044993268,764.9438258212137,829.5208044993268,10850036,15029,53.75793538808302
2022-07-14,795.3672485351562,803.9903928575077,788.3911811357021,797.4987737616719,2463571,14729,57.35521976391291
2022-07-15,789.6991577148438,803.2152770388067,785.9689294797997,798.5161522090235,1365475,8146,77.87084566502539
2022-07-18,824.5794677734375,826.6626191893081,797.5957201962716,800.3086189416035,2536142,5431,66.7706129626547
2022-07-19,841.09912109375,844.6840503679038,813.873150084898,814.8420466921419,2608372,8240,78.76055639602882
2022-07-20,851.9507446289062,869.5362410797877,845.6529169057565,858.4423634939653,3995680,5039,73.12733898478352
2022-07-21,918.61083984375,932.0785261950331,864.8370787171135,874.9136269793294,23581540,16109,71.90881371546864
2022-07-22,913.1365966796875,926.2651335549194,909.4548014908158,920.5001870574307,4842122,10549,66.43361907687806
2022-07-25,932.126953125,936.438554780362,910.326779837304,910.7627951304089,6043152,12199,64.36687117823908
2022-07-26,931.69091796875,939.7328068083885,922.2441764121479,929.1718105416909,2983144,6414,75.39986068520406
2022-07-27,949.3248901367188,953.1520435876239,925.5384901012226,930.8189884724646,3405140,8518,45.89587551491162
2022-07-28,986.0460815429688,988.2745318953819,958.335603303849,963.5192355953535,7001490,17889,77.59275007445197
2022-07-29,1011.0436401367188,1017.2929761324222,987.063448384554,990.4061536076618,5862550,6024,54.01365959187077
2022-08-01,1007.7977905273438,1015.3067389417675,992.6830276962371,1007.6524323872019,4299697,8017,60.211788758551066
2022-08-02,1034.0548095703125,1038.5602020369142,999.9496994218773,1000.8701038052311,5074834,7651,60.88692046331905
2022-08-03,1025.3834228515625,1036.7194669092924,1018.8433701397515,1030.4701305163044,2753893,7730,55.706868911835336
2022-08-04,1017.5352172851562,1039.4807501219839,1011.3343733271225,1028.096214453553,2142720,9423,54.685710533148274
2022-08-05,1004.0675048828125,1024.8502878010972,1001.4030394690068,1022.670270644347,2382020,12744,66.354161057949
2022-08-08,1017.5352172851562,1024.8019421798995,1001.5484225167214,1004.0676484323794,2057991,7630,47.88077143574519
2022-08-10,1030.033935546875,1034.2971041742858,1010.6076299876132,1012.8845133069719,2727232,7325,77.55337576419453
2022-08-11,1054.0609130859375,1060.7025606036373,1044.098561036177,1045.7101495454353,3998702,9104,62.16956057011665
2022-08-12,1055.2818603515625,1062.7049207023379,1050.4960967396107,1052.0588023614805,2463516,5756,62.06228106678125
2022-08-16,1059.1885986328125,1071.3486578554796,1050.0564228902451,1059.7258345345817,3083931,16052,55.21383570041989
2022-08-17,1063.2420654296875,1069.493007308632,1056.7958300529133,1057.7725359956607,1768441,5514,78.30486972193557
2022-08-18,1079.357666015625,1081.652901034779,1056.356313611582,1057.2841365256675,2407824,16020,62.09343092835428
2022-08-19,1038.5313720703125,1079.2110751092814,1035.3081950929873,1079.2110751092814,3660413,9327,59.43848576966752
2022-08-22,1032.5733642578125,1042.4381886031845,1021.145953643762,1030.4246591048961,2662510,5566,52.8832075947038
2022-08-23,1046.100830078125,1053.7679470214714,1010.011478014333,1010.8905371093505,3030759,7634,70.7091668295874
2022-08-24,1076.232177734375,1079.259941961489,1051.9121787262657,1051.9121787262657,3685015,16683,74.25668251592046
2022-08-25,1064.560546875,1093.666430354569,1057.4794291075782,1083.1668419408054,3775014,15257,78.03701277839804
2022-08-26,1044.8311767578125,1076.0368837737178,1039.8500003213635,1072.4231194952822,3662548,14023,73.62855483108928
2022-08-29,1034.5267333984375,1038.1406163865743,1016.7507355681698,1025.5410877488744,1642550,8729,56.01809389151457
2022-08-30,1081.65283203125,1083.9481861307675,1045.0752461081786,1046.833364306365,3200407,11599,70.57733625037714
2022-09-01,1085.5108642578125,1094.8872162159105,1069.4928650815539,1072.0811593309893,3487969,4792,54.75768744760327
2022-09-02,1075.1090087890625,1093.4222442328917,1069.4929499196217,1090.9315965218136,2428618,16377,54.42121395827326
2022-09-05,1082.1900634765625,1086.5363567447566,1071.0068293741303,1073.8880638921303,2419887,5070,45.64928633906554
2022-09-06,1082.971435546875,1092.6896105375915,1072.0322590829658,1089.0269637983592,2516672,12742,74.33758596440629
2022-09-07,1064.560546875,1074.3764888502128,1060.7026062648465,1069.492959355439,3165749,14173,57.49258133004194
2022-09-08,1082.4832763671875,1089.0271586883152,1071.837157427923,1077.306687025302,2995969,7928,55.79877580964471
2022-09-09,1110.6611328125,1122.772309760961,1090.5410152123827,1092.9338969654232,4751837,9054,55.588630314495646
2022-09-12,1110.3680419921875,1118.3282186603244,1101.724218907289,1117.6445722435626,1918731,10102,75.08144554552109
2022-09-13,1136.6903076171875,1138.3995428422015,1110.3192498598282,1118.3281900806076,3571187,13177,55.11365671161649
2022-09-14,1187.43017578125,1196.46470518777,1115.6911764547901,1121.844351973966,9043198,7331,47.396406855834
2022-09-15,1167.99365234375,1191.5811221731078,1157.4453008310766,1190.604416335261,4063705,8304,63.609383074647496
2022-09-16,1198.760009765625,1221.9080120440194,1157.396537115751,1167.9937727030544,16270762,4547,73.17638503307734
2022-09-19,1197.197265625,1226.7426193147053,1189.6277948449929,1197.4414421017746,6074889,17593,58.69449591762091
2022-09-20,1234.65380859375,1246.0813382735896,1211.1152220745928,1212.33610435491,5704241,15869,69.43826777874554
2022-09-21,1195.7320556640625,1235.5328163488168,1193.339174184771,1230.6492874304422,6121456,6373,59.870171928305375
2022-09-22,1188.2115478515625,1209.6501935384565,1176.9305476090756,1190.604429490011,5463724,8047,67.57642653788442
2022-09-23,1155.7847900390625,1185.6719638147506,1148.6549092014843,1181.814023577257,4197496,16145,57.484420236035945
2022-09-26,1122.8209228515625,1152.512801933162,1109.2446888817399,1142.7457442896607,5082576,7022,76.03795919268913
2022-09-27,1137.9598388671875,1150.5593668143295,1114.0305481312357,1139.2783677766706,4493527,13307,52.53663377724043
2022-09-28,1114.32373046875,1132.9787883978745,1106.607730392062,1128.290552617237,4898528,9347,53.41402568992203
2022-09-29,1115.642333984375,1147.4341592817395,1110.807687384682,1132.978864015649,4998273,3308,68.15896317481196
2022-09-30,1157.591796875,1164.5265042176386,1102.505678930832,1114.4214433424609,4392250,8964,47.95014753634179
2022-10-03,1129.3160400390625,1158.2753897976359,1126.1906292838278,1150.5593904138514,3397982,13356,46.92751864777995
2022-10-04,1190.8486328125,1193.5345739568381,1148.7526336320482,1157.2988100003972,4446589,15869,53.67403234490249
2022-10-06,1172.926025390625,1206.1827865239002,1169.40990833702,1196.4646114522056,2773277,6559,71.12763678729381
2022-10-07,1185.1348876953125,1189.4811809837738,1154.9546534552267,1173.0237114585432,3338767,7559,45.050787700272856
2022-10-10,1182.1070556640625,1188.5532899800087,1155.6871165698315,1165.307644677328,2547644,16930,52.26653210684741
2022-10-11,1137.4716796875,1187.6255043535716,1134.9322681651918,1186.6976814291806,21664338,10256,49.94245615179278
2022-10-12,1161.35205078125,1164.3309318623358,1129.1695239221656,1147.6781699156284,3412460,6627,70.73298377884473
2022-10-13,1156.663818359375,1168.8726405924274,1139.8156436777629,1161.3520537875788,1982808,12762,45.282690426211815
2022-10-14,1154.07568359375,1188.0162140892721,1151.7315655558943,1173.2679786401743,2918993,15926,59.645401365023744
2022-10-17,1171.7052001953125,1175.7585533299232,1136.8856126964927,1150.5594946361412,3419791,14905,59.54533897364147
2022-10-18,1194.75537109375,1200.029606264597,1175.074725357906,1178.8839018272276,3451130,10831,47.35788577675585
2022-10-19,1190.0184326171875,1203.0085488984694,1181.8140796240266,1199.2971382010126,3896969,3225,53.70174569021219
2022-10-20,1132.929931640625,1185.720931857622,1123.309402620417,1185.720931857622,11242103,8672,53.58623103662793
2022-10-21,1115.642333984375,1141.7692172709428,1112.565686499663,1138.8390995191783,5309754,6504,50.065192321808425
2022-10-24,1119.158447265625,1132.9788597885777,1116.3748592571933,1132.9788597885777,674170,15538,68.39839476008825
2022-10-25,1110.9539794921875,1126.1906855589662,1095.6686288976048,1119.1583321681182,3514202,12276,48.67176981505567
2022-10-27,1115.8863525390625,1126.727762840913,1108.756352661449,1123.2116458817698,2590606,4658,56.63528124606401
2022-10-28,1120.281494140625,1133.9553746270842,1111.0027895248134,1118.3280826425594,2778938,8214,78.14675364930483
2022-10-31,1116.0328369140625,1132.5879515053414,1112.4189541424012,1128.0951289496845,2048520,4902,62.88952509663527
2022-11-01,1124.3348388671875,1132.8810141105885,1118.3280747078993,1119.7931333210538,2664189,10004,62.96963515796682
2022-11-02,1111.6866455078125,1130.7324112057315,1108.5612342122067,1119.3049994776995,1947283,12911,71.87771089294098
2022-11-03,1121.25830078125,1124.1395353094417,1099.0382429913777,1107.047183163386,1742221,3840,65.29828278575324
2022-11-04,1125.848876953125,1131.0254660688572,1115.4958179484588,1126.8744658695543,1571565,16795,46.87067529283578
2022-11-07,1117.498046875,1131.0253993517679,1112.712164258637,1131.0253993517679,2601148,16881,45.42744799908425
2022-11-09,1122.2349853515625,1145.5782782568865,1117.3514562595192,1129.071926080423,3456108,15527,60.86965515766401
2022-11-10,1101.08935546875,1130.8301211992768,1091.957179290525,1116.374826412406,2072769,8399,65.61746229823714
2022-11-11,1113.4447021484375,1134.3949955639348,1104.26364303975,1113.4447021484375,2198448,10371,76.71867605516096
2022-11-14,1126.093017578125,1132.9788418507806,1107.7310182290337,1119.0118998165576,2007506,4678,72.39315452823371
2022-11-15,1125.9952392578125,1140.5481792850112,1120.4280639796318,1130.878768177894,1802234,5350,45.25029044580976
2022-11-16,1117.4490966796875,1131.025331324186,1109.5378034406524,1124.1883906339708,2331206,17962,63.56916876286515
2022-11-17,1119.793212890625,1125.897624212532,1111.0517435683676,1114.8608008518106,1721557,12759,54.78965018882556
2022-11-18,1102.359130859375,1124.530306957448,1095.8640128203838,1124.530306957448,2082130,5262,47.59814988754542
2022-11-21,1112.468017578125,1115.4470182570897,1090.9804878268355,1093.4711355569073,2602264,17137,52.44770211802986
2022-11-22,1142.1597900390625,1145.9200835358008,1111.9795568766326,1116.3747329907696,3927395,16732,66.47694771333722
2022-11-23,1146.9945068359375,1155.4430363996871,1133.9555074049338,1148.606095355902,3265438,10079,60.910850832382664
2022-11-24,1148.16650390625,1159.300854189289,1140.401621577862,1152.512796847719,3496170,10947,54.19793450969121
2022-11-25,1159.447509765625,1165.991510604364,1148.6549814816324,1152.5129219618902,4715695,16319,46.225623944334735
2022-11-28,1169.947021484375,1177.369961736782,1151.2430815242592,1152.5128467580107,2846018,17779,67.33268075959944
2022-11-29,1153.098876953125,1171.9004641463919,1150.9989355770913,1164.233347240209,1875146,3229,78.04814461205973
2022-11-30,1140.5970458984375,1156.126572260038,1135.908810511719,1152.5128086017442,2421938,16574,73.22705180452779
2022-12-01,1146.5550537109375,1153.4407586128489,1135.0298766630235,1147.6294063310806,2693170,10884,55.26320639065918
2022-12-02,1151.2430419921875,1158.1288653529289,1139.8645151671067,1142.4039263206273,2299901,12284,45.53720774518728
2022-12-05,1167.65185546875,1170.0936201184127,1152.366384916503,1154.4663263605707,3842074,11108,68.69462092207115
2022-12-06,1156.517333984375,1179.860626854418,1151.5361581633763,1171.0213915204652,3130375,17694,58.795215065644484
2022-12-07,1137.5203857421875,1161.3031471217391,1134.3948557782073,1156.4196183281238,2752097,9163,76.5732153792055
2022-12-08,1163.110107421875,1166.4798140529388,1135.9577570330782,1137.8622857004034,3666432,4458,67.84949084223551
2022-12-09,1174.48876953125,1187.6742983367983,1161.5474171850638,1167.651828669114,6171282,16669,76.85918876117626
2022-12-12,1178.639892578125,1191.4835995288524,1167.4077742730508,1173.316892898179,2790292,9602,64.96024746693303
2022-12-13,1206.182861328125,1212.0430965231637,1181.3257447332187,1184.548921781206,4161518,11745,61.88662014197762
2022-12-14,1223.958984375,1227.719278127726,1204.2783372565523,1212.8245136158343,3913725,17486,47.2525140624044
2022-12-15,1210.724609375,1243.8838462045837,1206.2317860819162,1223.5683158009074,3097282,4600,53.947818343201206
2022-12-16,1200.90869140625,1219.7102784840622,1180.0559267203394,1206.231690446657,1944616,7378,57.70956951328843
2022-12-19,1195.04833984375,1212.7754534056337,1183.8649877346386,1205.20598402213,1382378,4538,61.62027896316572
2022-12-20,1200.0296630859375,1205.5968387246255,1181.7651922060331,1186.69760442543,1245359,7065,48.874284891440574
2022-12-21,1173.8050537109375,1209.3082849569737,1163.2077006199784,1207.2083436853043,1495106,5430,48.46981722650265
2022-12-22,1152.659423828125,1180.6420700600488,1142.9411291595452,1179.7141279736366,2126536,16662,67.87615025482671
2022-12-23,1121.11181640625,1152.2198747249495,1116.374816750959,1133.02769963468,2621761,12326,76.71308680399213
2022-12-26,1167.8470458984375,1179.8605746054127,1114.4212877688542,1123.2116397319742,2100374,5371,68.38689857249582
2022-12-27,1174.3421630859375,1181.7651031202156,1157.3963417587079,1173.6585167351038,1462244,5015,54.53762805799782
2022-12-28,1185.867431640625,1198.4180779679552,1166.1867849174723,1170.0936083175309,2834356,17762,61.14386661561585
2022-12-29,1202.471435546875,1206.1340824980025,1173.8051425880744,1177.9072594826218,3134405,15830,57.9246755667488
2022-12-30,1191.6788330078125,1209.161892290981,1183.2791861958995,1209.161892290981,1767556,11364,61.27657413321791
2023-01-02,1197.7833251953125,1202.4226784859254,1183.5234420842623,1191.6789129708218,2587946,3336,48.868197916271484
2023-01-03,1212.0430908203125,1220.7357968307442,1193.8276218895394,1197.9786217998274,2195814,4310,74.4812384457861
2023-01-04,1194.60888671875,1243.7372380652366,1178.0048874712725,1228.6959443133408,8001367,6374,62.5137752892811
2023-01-05,1187.5277099609375,1203.789885196576,1175.758476737072,1200.615591381656,2364186,4039,47.88828340465418
2023-01-06,1154.36865234375,1189.3346497646476,1148.7037107996716,1185.720885859251,3029739,13032,64.85487041013141
2023-01-09,1190.2626953125,1195.097341934145,1160.375517954155,1162.4265765443438,2836421,5963,74.51195317012568
2023-01-10,1198.955322265625,1202.4714395049232,1176.9305575029657,1186.697616071455,2442613,8387,50.50867983328431
2023-01-11,1184.98828125,1209.3570426400115,1179.2745763129017,1203.6922206823638,2675249,9840,64.60312842836541
2023-01-12,1180.98388671875,1196.2204739314293,1169.409946395022,1185.7208861831027,1862790,5788,47.650728405268026
2023-01-13,1205.645751953125,1208.478222826604,1181.9117515784983,1184.7442224519775,2184432,9822,70.34929329318935
2023-01-16,1210.3828125,1220.8824011498891,1203.8876942805232,1211.1153419406899,2398823,11996,64.11999704794499
2023-01-17,1201.68994140625,1211.1151760978514,1184.451060417243,1211.1151760978514,1803413,9888,72.86238931341299
2023-01-18,1194.51123046875,1209.1618179233953,1189.6277013172016,1203.3015829415372,1865108,12699,57.988972273983535
2023-01-19,1172.584228515625,1215.9987548432084,1155.6871700146398,1186.6975800277096,9691261,16954,51.37040621628716
2023-01-20,1174.43994140625,1199.3948244093936,1170.582000858842,1180.446706432486,4144033,13752,61.18076401320973
2023-01-23,1176.637451171875,1191.727627594994,1172.5353344272746,1184.4510977153304,1848813,5889,75.25065669798059
2023-01-24,1184.0606689453125,1191.38596355837,1170.4355494289457,1178.2004332548665,2472106,4199,74.79065445327838
2023-01-25,1129.218505859375,1182.7907985287156,1124.5302700324594,1181.8140926670073,3420414,3637,76.69911974197575
2023-01-27,1090.3944091796875,1141.4272886437852,1080.236644732864,1135.9577598575836,4781085,16243,65.24561666134709
2023-01-30,1063.681640625,1098.5988776181598,1030.4247560219148,1084.1435821652374,7991091,5374,76.96538041366179
2023-01-31,1057.7235107421875,1073.2531569884704,1043.4636297414106,1071.4951580640584,6080048,11705,73.89612396920161
2023-02-01,1017.5809326171875,1092.9338103197074,966.9387598002774,1068.5161648702056,7563064,9038,54.453029226822444
2023-02-02,1050.837890625,1055.819066817355,1004.4443608619802,1010.7929491453408,4494575,15853,51.96516725659642
2023-02-03,1077.8438720703125,1104.6544020418833,1053.8656939020266,1084.1435776007872,9207051,15461,68.83427605995756
2023-02-06,1102.847412109375,1108.5611173711732,1074.815883244182,1083.166765783816,2865938,9859,57.21973113603826
2023-02-07,1116.277099609375,1121.4048051372085,1096.3522771415787,1107.5843940120715,3603258,5978,61.60730098611819
2023-02-08,1118.6700439453125,1124.432632421539,1109.5378679095488,1117.3515148666584,1675932,8645,65.00975304384384
2023-02-09,1136.6903076171875,1140.9877179443642,1111.784308624126,1123.3582490167205,2284751,12633,73.22496458301273
2023-02-10,1134.1507568359375,1139.8156983143322,1120.3792285422783,1132.9787575360972,2126093,14267,74.32826706216942
2023-02-13,1130.3905029296875,1142.7458559008107,1121.844326656925,1137.8623266020893,2112106,11975,67.20159855218836
2023-02-14,1129.902099609375,1134.9321584080894,1110.5145130034405,1133.662393156334,2433798,9449,77.98460692967839
2023-02-15,1122.8209228515625,1133.418156549406,1118.3281001809073,1128.0951578244087,2050158,11314,59.12850170006507
2023-02-16,1121.60009765625,1129.1695677147143,1117.0583917758147,1128.4370383542177,1918858,15647,75.97164973584142
2023-02-17,1088.7340087890625,1117.25389233663,1083.166832902194,1115.3981272987428,3146155,7886,52.76477600346899
2023-02-20,1083.4598388671875,1096.6453677420477,1078.0879567329853,1091.2246026250014,1613608,14339,58.411315104212285
2023-02-21,1076.0855712890625,1086.2433350403915,1070.4695131679714,1084.143393810628,1767689,17864,68.17320081392988
2023-02-22,1067.2952880859375,1071.3974048518337,1054.06087649354,1071.2021113779472,1983022,8149,47.92404478503492
2023-02-23,1050.5447998046875,1071.9835649807005,1041.8033300431275,1067.2464461754098,3193602,10499,58.52686660511697
2023-02-24,1054.01220703125,1064.2676190902332,1044.6846178964088,1054.8912661959505,1862986,5014,68.35453403484388
2023-02-27,1056.746826171875,1064.4628260822208,1042.1940046712366,1054.7934145098525,2047252,15839,59.53716310641428
2023-02-28,1052.595947265625,1064.511831308402,1043.170830295456,1057.28418348357,1360243,17083,47.08151020730723
2023-03-01,1074.8157958984375,1080.7737963604109,1045.1728002036677,1051.9609767085594,4006038,16705,67.50584516858322
2023-03-02,1076.378662109375,1084.6317783330383,1067.9301331919064,1074.3274845717149,3831094,16381,47.50366345853881
2023-03-03,1100.1614990234375,1106.8030273020045,1079.0157934152908,1083.166793299441,3365349,17234,76.10327407640091
2023-03-06,1094.4964599609375,1113.4445757087044,1090.638519867395,1105.6309295633803,3623590,7996,48.15789037796561
2023-03-08,1146.8968505859375,1151.536203398612,1079.7972060175482,1083.8016761789202,7227479,4122,49.12245680225129
2023-03-09,1142.5506591796875,1155.1013066949304,1135.2253646112422,1146.896952932912,3086720,5027,46.978327259917364
2023-03-10,1118.1328125,1135.1762804853213,1111.4911655773676,1128.1928103887544,3255900,3818,61.42914948985627
2023-03-13,1035.40576171875,1093.4221082341442,1030.4245861429408,1092.9337553497164,12242080,4372,54.49507901860733
2023-03-14,1039.215087890625,1057.1865004739423,1027.6899104657814,1035.4059109975465,5410127,4616,60.838134641766544
2023-03-15,1020.022705078125,1061.239762452824,1015.7740585822966,1054.6469981302946,4117107,9500,54.57435986497015
2023-03-16,994.0911865234375,1017.6785966607599,978.561599521486,1015.7740679740232,9261210,5727,59.521897520511615
2023-03-17,996.728271484375,1014.406622664856,982.8102137982874,1013.820623028693,5324960,14831,71.5693856036741
2023-03-20,978.9522705078125,996.2399761339931,967.1341534598162,996.2399761339931,5439347,9131,54.56896372095842
2023-03-21,999.0235595703125,1005.958147292879,972.7990312186612,983.8846188234357,6200518,12896,66.44381811789307
2023-03-22,1007.1302490234375,1019.6808952004225,1000.2933081552354,1004.0536017873892,2992139,8626,61.182732280351104
2023-03-23,994.5307006835938,1021.8295806472933,990.6238774056812,1004.2001121417841,3703523,12476,47.22829197346084
2023-03-24,986.0333862304688,1001.0746206635696,981.2475632981435,995.2632685038457,2709449,3211,49.23131098634904
2023-03-27,989.2564697265625,997.167822666867,980.612647031848,990.379705269217,2116764,5788,61.53257077918258
2023-03-28,1012.0137329101562,1014.2113209479845,983.7380882340872,993.993499077286,4396283,10820,61.181360232164764
2023-03-29,1032.4757080078125,1039.1661190912173,1001.1234747417452,1006.9837097158432,5803091,11342,49.541860624781584
2023-03-31,1043.072998046875,1050.935528080574,1035.6989401805263,1038.2383516260688,3097113,9699,48.2952782603468
2023-04-03,1053.6214599609375,1055.9655779002992,1039.2150483415412,1048.0054011940542,1534155,4436,60.764151997399594
2023-04-05,1042.34033203125,1063.8278585997311,1035.4057450295045,1063.6325651398192,2979782,10573,52.020753842285174
2023-04-06,1056.7957763671875,1067.979011152814,1039.4592467641214,1042.3404814581388,3458673,11403,47.09126623845291
2023-04-10,1044.3917236328125,1057.7725475033067,1038.2384284358402,1056.7958415499334,1602094,12389,63.93545603292955
2023-04-11,1049.1773681640625,1052.9865447945936,1030.473546664447,1052.3028983956622,1932390,7354,67.7049998305612
2023-04-12,1049.714599609375,1052.009834483796,1032.915306882987,1048.4937173116205,3005913,3907,51.36935058640955
2023-04-13,1083.4598388671875,1088.5386615579002,984.4706659534419,1048.0053690907375,6082307,15255,76.95832022540935
2023-04-17,1098.1591796875,1110.221472881882,1079.2599456608773,1081.6040635058598,5360050,4816,72.42967674774842
2023-04-18,1120.1839599609375,1122.7233713182134,1100.7963727400345,1103.6776072984612,4455007,9755,65.02588494760298
2023-04-19,1094.30126953125,1119.2072689644795,1092.4943875353736,1116.3747981247543,2207739,10476,59.48818025427747
2023-04-20,1099.966064453125,1105.1915360554472,1086.4875954568004,1092.8849471444385,2530597,15912,64.34880601316166
2023-04-21,1090.3455810546875,1109.2936988983984,1082.5319340450576,1099.9661100899361,1894300,5505,55.08062027107546
2023-04-24,1076.329833984375,1114.4213616843665,1066.5627755997618,1104.410126840138,7711772,13852,54.64670817605195
2023-04-25,1095.6197509765625,1101.3334561646025,1087.1712218083196,1093.8616328140342,5268567,12905,64.58142635461569
2023-04-26,1111.2958984375,1113.2493100225709,1089.1734883912168,1091.7128996064525,2688362,8848,73.00411094053945
2023-04-27,1118.083984375,1121.6977482083635,1103.6775735695567,1113.4446317427385,2990958,8980,56.735634577615585
2023-04-28,1125.946533203125,1130.5858859149432,1108.5611216660182,1121.9908268844392,2239678,17688,77.22392716670709
2023-05-02,1124.0908203125,1134.7857019999353,1123.2117611757867,1131.9532311046555,2000569,8885,55.31570115185124
2023-05-03,1119.4515380859375,1132.8812447742487,1113.737832176634,1115.886537556044,1816420,5060,60.11333315354746
2023-05-04,1108.1705322265625,1124.1885334380245,1102.7010028249606,1119.4515334891405,2752160,17320,69.57179551631228
2023-05-05,1048.2984619140625,1128.0464011187994,1040.5335786822125,1104.6543431348218,8504838,8769,54.013295832842
2023-05-08,1100.112548828125,1108.2192546208396,1061.6791996236288,1061.6791996236288,6764292,14582,53.81774662282278
2023-05-09,1114.0306396484375,1123.114051507565,1104.751934315112,1108.5611108762553,4181498,17768,68.57409358639099
2023-05-10,1145.236572265625,1148.4108665003002,1123.2118061158521,1128.09533570766,6466598,8990,76.9064683417435
2023-05-11,1159.789306640625,1172.0470126722034,1142.0133079724783,1147.6293665748658,6086958,8124,68.90980389081342
2023-05-12,1180.49560546875,1185.7209581688635,1148.6550170930998,1164.721781397339,3983609,6648,47.88818952081722
2023-05-15,1191.1417236328125,1194.169488066262,1168.1402520821168,1180.4467225312685,3323300,17423,71.30834569695872
2023-05-16,1191.8741455078125,1197.5389676596383,1180.4954989962514,1191.141616151619,2888698,8150,74.30709927074523
2023-05-17,1207.3548583984375,1218.9287978985124,1185.7208018019185,1188.6998020836477,4661849,14528,70.98989333628062
2023-05-18,1210.0408935546875,1218.9288928866283,1202.03183410061,1218.9288928866283,2489971,8420,47.0640314401966
2023-05-19,1218.9288330078125,1221.8589503948506,1193.1437761565217,1214.0453040294158,2366675,16145,59.8084837499175
2023-05-22,1217.1219482421875,1221.8589474946323,1203.7898903174535,1217.9521243211882,2106351,13459,50.12414674256104
2023-05-23,1230.8447265625,1237.3887276236494,1215.9988445843962,1216.9755504836608,2142459,8500,64.44180232767894
2023-05-24,1242.125732421875,1246.1790857656028,1218.587143999597,1225.7659085429157,2782379,6981,75.88908083430181
2023-05-25,1233.97021484375,1242.2722147040367,1220.5892729446252,1239.3908608635102,2589092,6679,55.56271863641157
2023-05-26,1238.5118408203125,1242.8092509708215,1226.644841471999,1227.1819581274215,1981580,11985,64.9786152834436
2023-05-29,1255.01806640625,1264.8340073587042,1242.3697740233758,1242.5650674921008,2985334,9073,54.46552572200236
2023-05-30,1263.1248779296875,1265.9573488239507,1246.6674077150303,1255.0181714438295,1818000,7215,54.70820142251243
2023-05-31,1256.6297607421875,1267.178231931696,1247.4975846140549,1258.9738786983885,2764078,17083,57.10541377370135
2023-06-01,1260.0970458984375,1267.7641627910696,1222.347341859032,1250.1834579141516,3244947,14684,55.78322559152998
2023-06-02,1271.995361328125,1276.6856098883832,1255.0117726501464,1266.2683933017179,1912458,15063,57.44762501808857
2023-06-05,1285.4244384765625,1290.015848743113,1266.5153061551912,1278.7099288601476,3040374,16630,67.50939685477782
2023-06-06,1289.571533203125,1299.3470229905606,1283.6470085482867,1285.6218500998996,2902701,11155,50.632507916965146
2023-06-07,1294.7060546875,1296.236605082229,1286.8066885929215,1293.4717787352222,2679118,8349,73.30030649639052
2023-06-08,1287.4486083984375,1307.2464439971918,1283.6470623591736,1299.890086588196,3215312,11630,52.04206702112288
2023-06-09,1314.306396484375,1319.5890732250607,1282.0670858960514,1282.6595142206108,4233651,15957,46.80565660712179
2023-06-12,1315.6888427734375,1320.1322365288827,1302.0130883219654,1320.1322365288827,1904622,10857,76.12934804557175
2023-06-13,1319.4410400390625,1326.0074124463035,1315.59007482367,1319.1941848398035,3756073,16719,50.22329832954851
2023-06-14,1306.6046142578125,1319.441085057247,1301.6180908487397,1318.2562282742838,2858453,7704,72.71088021984943
2023-06-15,1280.783447265625,1303.3459875876786,1272.2916528128637,1298.458303025934,5952095,12055,61.87479977006386
2023-06-16,1297.4708251953125,1302.0129363972642,1278.2655404183101,1280.7833909317396,3508045,16147,78.8992649764065
2023-06-19,1285.0294189453125,1300.6800141008373,1274.3652263759025,1293.521213491818,2679485,5924,51.750849826451926
2023-06-20,1282.067138671875,1298.8532915890066,1269.0331123212457,1278.7098839814964,2102065,16353,58.777853157462324
2023-06-21,1270.41552734375,1291.052645361257,1268.2432498828591,1281.425292938869,1490552,11982,55.15370021662558
2023-06-22,1256.6903076171875,1272.8347328874836,1253.086318401256,1270.415479792067,3185099,8371,47.6905100955645
2023-06-23,1292.237548828125,1301.4206104541888,1246.125045821841,1256.6904001359012,4636121,9232,77.28556577988462
2023-06-26,1298.5076904296875,1309.9123276389587,1289.4727665651035,1298.2608352450527,2236596,17533,49.57976577815653
2023-06-27,1299.3963623046875,1304.3334663379662,1281.0303594078443,1302.16118877723,2638788,5575,57.622804911633835
2023-06-28,1317.268798828125,1330.0064310333623,1299.692659942254,1308.3325921545957,5550351,3808,65.12615756624515
2023-06-30,1357.3580322265625,1364.8624062294618,1320.2310341058233,1325.020000897921,4590286,7305,51.93125395314923
2023-07-03,1362.9862060546875,1369.5525781390181,1350.3965915115928,1362.5912136483444,2890340,6920,59.5022764680289
2023-07-04,1350.1497802734375,1376.464568183906,1346.1507984327855,1371.5274642808074,2262047,9219,46.43162205086683
2023-07-05,1381.94482421875,1395.3243036930148,1354.0994854312862,1354.0994854312862,5288351,11255,57.53779020718903
2023-07-06,1372.71240234375,1379.130637798091,1356.1238045672387,1377.6989257952614,3337234,8839,51.36509162965039
2023-07-07,1340.0286865234375,1376.4151173473895,1335.980285522745,1367.133458650354,2922616,3274,54.5001989849043
2023-07-10,1349.80419921875,1355.1362955098878,1328.2290793952493,1344.1265297633674,1941110,6612,47.81341442590836
2023-07-11,1363.57861328125,1366.2447215817106,1352.7664044667508,1354.7412459331258,2110648,17881,69.7048444053081
2023-07-12,1354.1981201171875,1367.3802833700474,1334.0054142807273,1354.691830485167,4921224,15981,78.41061503596647
2023-07-13,1358.9873046875,1373.996052737779,1349.211814592689,1366.5903966863716,5174896,7077,60.73604395664455
2023-07-14,1359.678466796875,1366.5409932701416,1349.804258613891,1358.8884819283292,3885754,8570,50.389286158862596
2023-07-17,1373.0086669921875,1387.0794138491733,1352.371547494988,1362.6407482554612,4003275,12176,45.381827641802104
2023-07-18,1372.76171875,1391.473294035691,1365.1092078200863,1380.4142296799137,4106331,11587,78.6015678282886
2023-07-19,1401.6932373046875,1425.2431991508993,1392.2633205015688,1412.0117363952081,8850582,10077,75.05946160600811
2023-07-20,1407.2227783203125,1415.4677178997654,1400.360131434121,1408.0620618940115,4491531,16188,73.04576282786032
2023-07-21,1389.6466064453125,1412.3572843169877,1382.9815162003642,1404.1617641885016,2138540,15920,77.39422045522535
2023-07-24,1417.6400146484375,1421.29354398162,1387.6225183263628,1390.7822167177071,2738185,15272,70.69463923607289
2023-07-25,1397.6446533203125,1427.8104054671496,1393.6456716009595,1418.92361871113,2982900,9979,76.82023893698042
2023-07-26,1409.7406005859375,1411.9129986246353,1393.4481577021402,1403.5692207057114,1537232,8489,57.15478705725223
2023-07-27,1397.7928466796875,1415.1714284824866,1387.474347634678,1415.1714284824866,3362598,17788,52.198789109669974
2023-07-28,1384.314453125,1404.0628678521857,1380.0191970287885,1397.3977778817605,1565680,16744,53.24515106376615
2023-07-31,1399.915771484375,1402.038750208637,1378.4393701232148,1391.6214130586302,1721385,12334,66.5540188139791
2023-08-01,1377.0570068359375,1405.2972172657455,1371.8730476989447,1402.8780845490544,1578914,10969,61.988735110069435
2023-08-02,1363.8748779296875,1376.6126294033668,1351.8776920005855,1372.5148092830882,1913777,16796,74.76776923992378
2023-08-03,1347.3355712890625,1363.2330207605312,1337.0170729877793,1358.9377647391516,3631489,3833,67.63790250449559
2023-08-04,1391.8682861328125,1397.1016644008253,1349.1130393323713,1352.815867200844,4063355,10412,54.45628006262462
2023-08-07,1397.447265625,1399.8170996153656,1381.7472510404373,1392.2633065050345,2792582,5989,50.78557564253741
2023-08-08,1386.2894287109375,1403.0755828529814,1384.660280766143,1397.447332325145,1846797,6009,66.82435489657958
2023-08-09,1390.7327880859375,1392.7076297009041,1374.489764016744,1387.3262345140267,1218020,8221,67.21616492196158
2023-08-10,1412.2091064453125,1415.9613535039268,1382.4877660191623,1384.8081806714395,3730443,6765,62.62055262743768
2023-08-11,1379.6737060546875,1413.7397234881366,1375.2303124764117,1413.7397234881366,3074690,9667,45.795618964814615
2023-08-14,1371.4287109375,1379.920505324855,1361.7026406062055,1377.451953436975,1783022,14846,68.99484198943226
2023-08-16,1363.3319091796875,1370.5895488006981,1349.8042918498193,1366.5904461742134,2051360,16880,69.39581415481715
2023-08-17,1357.012451171875,1373.7491854873565,1352.7664935257349,1363.7762595325505,3329471,9489,47.81002911513219
2023-08-18,1354.445068359375,1359.6784468334247,1343.7315767450916,1351.7790804030199,1720129,6570,57.37735949381898
2023-08-21,1380.216796875,1382.3890743493587,1349.014204197591,1357.7035551645486,1763990,10289,50.94500962908383
2023-08-22,1383.524658203125,1386.9312117004079,1376.5632934489645,1385.351362549998,1224910,11006,63.05251287402457
2023-08-23,1383.3765869140625,1390.2885327444683,1374.6379366497179,1383.5247241459538,1681561,11424,59.50290062856968
2023-08-24,1407.2227783203125,1416.9488491009163,1384.6108178757906,1390.5353426803938,3559546,16052,69.60310156773355
2023-08-25,1383.524658203125,1403.569227835057,1371.5768908012717,1400.113255084576,1862535,6805,70.21626108724885
2023-08-28,1391.72021484375,1393.4976205187259,1376.2671755683798,1382.3891363870443,1072295,12214,67.38212814972883
2023-08-29,1382.5372314453125,1395.9167107149517,1374.9340191062383,1391.720172393209,1831565,11220,58.88783335552052
2023-08-30,1374.9339599609375,1393.1519449183868,1369.4044279288687,1387.4742756684998,1500390,10169,76.77510981540324
2023-08-31,1360.8140869140625,1384.265332418303,1346.1014919433949,1374.9341329389094,4106180,17715,66.39293313404731
2023-09-01,1398.73095703125,1405.6922012238665,1358.8884320475959,1364.6155207974093,2792033,15623,56.86220672113771
2023-09-04,1403.9149169921875,1409.5431672394132,1397.200407456231,1405.9390572757713,998692,11343,47.94484682654714
2023-09-05,1405.84033203125,1411.814275949309,1398.5333941704562,1407.0746080031827,1469938,3543,71.14661771232305
2023-09-06,1390.930419921875,1403.865609093716,1378.8838130970946,1403.865609093716,4046484,8906,76.66702044715652
2023-09-07,1421.490966796875,1425.0456575879864,1380.4142854150818,1390.9303410954763,2278316,5342,49.28157278212553
2023-09-08,1430.6246337890625,1441.5849808058592,1416.0601766651598,1426.823087731472,2862657,9403,68.1734311532285
2023-09-11,1431.95751953125,1433.734925090307,1413.7396549573327,1430.822082099654,2220230,12500,53.12651364093442
2023-09-12,1411.1724853515625,1435.6111505832064,1407.1733828270228,1431.8589032630268,1943026,5258,63.22968121959241
2023-09-13,1436.7467041015625,1441.2888157405168,1398.2372923427786,1411.913046514265,4302942,11525,54.57653730896564
2023-09-14,1439.9063720703125,1449.3855875806232,1432.2044416673796,1441.584939205297,2407947,9674,54.84935582771958
2023-09-15,1431.7601318359375,1445.979015183192,1428.2547398509855,1445.979015183192,1647901,17253,52.25389377906594
2023-09-18,1438.5733642578125,1444.349751737024,1426.9711700462863,1435.7098198773767,1504046,4811,46.019848751611626
2023-09-20,1422.3302001953125,1457.0874836265898,1404.4086096443118,1422.8733298328177,5683215,16759,56.96293876741504
2023-09-21,1393.5469970703125,1425.4900352431762,1388.659191881291,1412.9991382509168,2514377,13173,61.29725203893793
2023-09-22,1434.6236572265625,1445.0902932552476,1395.225544495842,1398.1878067983812,4397398,16177,59.91606877099389
2023-09-25,1424.601318359375,1436.2529316792516,1416.0601045772823,1433.2412501116844,2013653,7535,49.5112752930942
2023-09-26,1405.1492919921875,1425.7862913761587,1393.892670169712,1421.8860272237246,2870137,8500,58.686110082753494
2023-09-27,1418.3804931640625,1420.8984642994144,1400.4589029156825,1407.0745737502887,3697690,7139,63.806110775647255
2023-09-28,1395.2255859375,1427.16862460838,1391.7201938948056,1418.923685061704,5876746,8476,59.598855505968395
2023-09-29,1410.876220703125,1421.8365677459715,1381.6980076657346,1397.249885648559,2593595,7271,53.80135888064389
2023-10-03,1417.34375,1420.3060122110069,1402.1374465432136,1413.9864953872407,1442499,8373,65.24218768149478
2023-10-04,1383.6728515625,1410.5306498133623,1368.7627006634343,1406.9265396918345,3978667,11557,70.491975425627
2023-10-05,1384.2158203125,1397.5954203271576,1376.760865615228,1390.9796286657054,1647175,10279,59.05448714554396
2023-10-06,1416.7513427734375,1419.911040965019,1383.4751911198132,1387.2767369069609,2167139,15823,64.01744705550645
2023-10-09,1410.580078125,1426.8231026016088,1392.26337347285,1402.2362997716236,1613546,13309,55.827494254164684
2023-10-10,1402.6806640625,1418.2818403639403,1394.2875872720224,1415.9614255935262,1874201,4885,69.58015275601645
2023-10-11,1403.3223876953125,1413.8878625381449,1396.7561358267578,1412.949740460662,1855211,12544,70.0401008445202
2023-10-12,1406.3341064453125,1425.835667689683,1403.1249887721883,1415.270313102843,2069952,7021,53.23982195690202
2023-10-13,1445.2877197265625,1447.855110133086,1402.1374806828333,1403.3223373821818,4480890,8620,73.77129430446436
2023-10-16,1428.2054443359375,1444.448467998945,1426.2799014886368,1444.448467998945,1913782,14567,55.86923322461372
2023-10-17,1417.936279296875,1440.1038282070733,1407.6177800743942,1436.5985566619836,1373704,15678,65.4590174909094
2023-10-18,1402.483154296875,1425.835681075178,1397.7929053459698,1418.9237352527914,3067244,11887,68.16693796520593
2023-10-19,1432.105712890625,1446.2751770629948,1405.1491977532603,1433.2412709014957,13948984,7136,77.31031392142192
2023-10-20,1450.619873046875,1453.2859815275026,1424.946932249108,1429.7853182756403,5135316,6975,68.5481193923556
2023-10-23,1416.94873046875,1451.26160042261,1412.0610461280735,1450.5210348840374,3319090,8906,47.142582152003484
2023-10-25,1394.9293212890625,1428.7484838185994,1392.3127525868529,1426.7736422110352,4045910,11244,49.4889112002513
2023-10-26,1396.8548583984375,1411.320597220953,1376.1190216047987,1394.8800167990432,4194418,13254,61.88597519405168
2023-10-27,1423.169677734375,1426.3293761481411,1394.9293458217305,1402.1375660300175,2424655,15266,73.2346509651806
2023-10-30,1436.3516845703125,1442.5230645434303,1410.0368962579846,1421.885945806371,2255111,7435,74.14216783110473
2023-10-31,1423.169677734375,1441.6343988759336,1418.4794288339226,1437.684715591342,1454345,13030,77.95852671393976
2023-11-01,1414.5789794921875,1427.415449579294,1409.1975844772671,1425.7368824741159,2658439,8042,53.25331698930111
2023-11-02,1442.8192138671875,1461.3333537275903,1420.997238458679,1428.797886826815,4524652,3543,76.87851836935268
2023-11-03,1432.0069580078125,1456.4456218317694,1429.7852612965437,1452.4959387895137,3052041,4119,46.395788352560395
2023-11-06,1451.75537109375,1453.3846394532475,1437.6846252763137,1444.596570590142,2090640,14714,62.49871573822282
2023-11-07,1467.702392578125,1471.701374746166,1445.8309963898757,1451.0643751695125,2830149,13740,67.12456023910065
2023-11-08,1470.22021484375,1477.1321607394507,1462.6171225723874,1475.1573190549648,3210977,10023,58.59446921342523
2023-11-09,1488.388671875,1497.2261600773966,1466.1717045750406,1470.2201056205251,3207721,9258,58.824330637280994
2023-11-10,1479.9462890625,1490.462223769624,1474.3673376398322,1481.081726513111,2247500,3734,47.37008164514562
2023-11-13,1490.6103515625,1496.9298685180772,1477.3295905867153,1483.1059779117097,2026629,12041,51.72651366056243
2023-11-15,1475.1573486328125,1519.1469962506653,1471.5039396571688,1519.1469962506653,6293703,10483,76.74868159321528
2023-11-16,1479.7982177734375,1487.6481649818431,1474.219266102199,1481.1312117570656,2728834,9552,59.59096491396048
2023-11-17,1479.6005859375,1490.017923143561,1466.862954592908,1471.8000583806602,4182376,8625,50.62460775280031
2023-11-20,1485.870849609375,1490.462259844568,1471.9481200743892,1480.0450428547392,2125867,13162,62.67245728622564
2023-11-21,1483.1553955078125,1488.4873711650794,1475.3053281728178,1486.5619489038174,1661103,3273,71.02200903688227
2023-11-22,1451.903564453125,1486.5620103313124,1440.59752400321,1481.1311959461766,3914008,6820,70.37139773367774
2023-11-23,1467.4061279296875,1477.4284738475378,1451.9529672374601,1456.4457804010817,3832098,13899,73.50819806190772
2023-11-24,1457.630615234375,1473.1331949499938,1455.4583375713119,1472.6887832452044,2813844,3537,67.04009568388987
2023-11-28,1458.963623046875,1468.0972652702887,1449.5337063752831,1461.3827557461982,4305915,7750,50.05052856487728
2023-11-29,1464.88818359375,1470.8127084242437,1452.7428594773312,1465.3324747421307,3477076,13288,46.029094341250136
2023-11-30,1447.6575927734375,1481.1311815841932,1431.8095614513452,1481.1311815841932,45549217,16979,53.89368552800301
2023-12-01,1442.671142578125,1474.2191874924074,1439.8075982811342,1460.3952969198062,4063279,13574,69.78091030779407
2023-12-04,1495.596923828125,1498.4604682263605,1454.9151149552495,1471.256977245269,4254987,6675,67.9814859674046
2023-12-05,1487.648193359375,1506.3104710904583,1467.801058850191,1500.6822205923268,3457904,6836,77.03575289716363
2023-12-06,1482.7110595703125,1502.212620507064,1474.5648379131885,1497.9173641038974,3405245,8087,60.03534573392382
2023-12-07,1485.8214111328125,1495.8930548235792,1477.2308986044975,1486.0682663265543,1931490,9581,69.25236191137272
2023-12-08,1489.9686279296875,1501.81767800671,1475.2561538452007,1491.0054680253352,2568088,12454,61.63702176203413
2023-12-11,1502.706298828125,1518.6037493732435,1491.0053866228388,1493.7702130371047,2194782,9384,61.587426809630024
2023-12-12,1478.1689453125,1509.6676931038012,1471.207580422272,1509.6676931038012,1621785,13768,75.7732069005202
2023-12-13,1487.9444580078125,1493.6221277237394,1476.194126140941,1483.1060718820693,2562565,13048,77.58539525596979
2023-12-14,1532.180908203125,1534.9457348393892,1496.5350390790074,1503.8419775878995,3427500,9499,69.83037339240698
2023-12-15,1551.0406494140625,1558.1500309993928,1527.5894052846356,1533.415091608975,3478643,3163,47.2463292255253
2023-12-18,1536.7723388671875,1550.2506569019827,1532.4770824916416,1550.2506569019827,1352458,13203,63.98430875328856
2023-12-19,1546.8441162109375,1566.0988219821813,1522.800323089289,1536.7723516405038,2297704,15396,71.92485976087926
2023-12-20,1536.574951171875,1561.1123347297114,1530.0085785349067,1558.150072234968,3218717,8591,75.31595456415292
2023-12-21,1550.2506103515625,1554.2002934352608,1508.3346468397197,1522.7015467358149,2400593,6424,64.75727766948829
2023-12-22,1542.69677734375,1571.0851237717,1538.3028032409795,1554.4965275711795,2214206,9005,67.5481797579419
2023-12-26,1551.0406494140625,1562.840279825278,1537.4141940849522,1543.2892996634705,1129332,14382,61.10374510751732
2023-12-27,1577.355224609375,1579.8731957289717,1547.5845855051646,1553.3609727700969,1887827,6115,65.04089486145011
2023-12-28,1590.2906494140625,1598.3380326669667,1571.9739449943481,1579.8733115521086,3143161,16747,67.91911898501547
2023-12-29,1578.83642578125,1598.5355428853748,1567.0862147944817,1594.6845776929715,1779207,13586,70.6508878945121
2024-01-01,1578.7376708984375,1591.1298497514376,1571.776426804504,1578.8363888682907,1341121,15830,49.614540585028216
2024-01-02,1555.7801513671875,1578.1452560621633,1550.2506191256664,1574.0474357326812,1227193,3239,75.48849674008886
2024-01-03,1581.0087890625,1584.7609156654357,1538.4015587551094,1555.6814222199453,2620296,17268,73.96381610033845
2024-01-04,1627.8126220703125,1634.1814380712453,1572.9613479441052,1572.9613479441052,4271262,5369,66.72403778055646
2024-01-05,1622.52978515625,1633.1939778445942,1608.508458227838,1633.1939778445942,2294140,17311,45.95908740636715
2024-01-08,1606.63232421875,1629.2937034009406,1601.5965023565175,1612.4581309175048,1791003,10233,60.55748539504421
2024-01-09,1604.657470703125,1623.2210294101867,1600.6090696493357,1611.421278876924,1619091,6000,56.688687576353516
2024-01-10,1619.518310546875,1622.0855806171267,1599.6217565665775,1599.6217565665775,1629958,13341,56.47281330731401
2024-01-11,1636.9954833984375,1647.215264160853,1621.8880180863162,1623.270310722963,1914421,15457,56.35454747462373
2024-01-12,1652.9423828125,1656.7439287018606,1626.677014217653,1636.9955131365978,2161848,8267,67.18415205041097
2024-01-15,1667.6055908203125,1673.1845424367182,1647.067310540001,1663.6066089087324,2930339,16298,65.6729470066181
2024-01-16,1646.079833984375,1670.4690786582246,1642.1301509256293,1667.6055343336818,1316138,12191,52.51267660246056
2024-01-17,1623.2210693359375,1655.9540928037645,1611.3226005398737,1629.2443120797034,6683398,5816,77.14480166457409
2024-01-18,1592.611083984375,1618.9751719839503,1575.0349449614782,1614.383641008356,3557256,5638,54.24622745279267
2024-01-19,1541.4625244140625,1611.2238252188622,1530.699614022517,1602.287619126465,10982524,17049,76.20720968836248
2024-01-23,1423.5645751953125,1528.4287406049305,1410.0863771724555,1515.690987676461,10097057,15169,65.10627912006376
2024-01-24,1472.0963134765625,1476.984118883273,1423.8608302615492,1441.584985864004,9155544,6772,71.15852435288095
2024-01-25,1492.980224609375,1524.5282704273939,1469.874554169182,1471.2569673729952,8118578,10017,46.928739702274804
2024-01-29,1507.5941162109375,1518.406325689308,1496.2880758008946,1503.841868980534,3058020,13673,69.7093691222832
2024-01-30,1500.7808837890625,1525.021991878228,1491.0548131082867,1510.7538096674964,1721705,5986,56.905400196936085
2024-01-31,1514.7529296875,1528.5274016629985,1488.1912860038449,1500.0896343483853,3867886,14657,52.14710069248415
2024-02-01,1521.7635498046875,1528.0830668646072,1504.38496829098,1518.406295066471,2240634,15594,47.142178771363795
2024-02-02,1514.45654296875,1545.1653035309612,1510.3094241212225,1531.4895505424815,3554450,9729,58.86289135829941
2024-02-05,1518.455810546875,1530.5022965379756,1502.657077163257,1513.4692871087625,2624023,12796,60.829363567057605
2024-02-06,1492.3878173828125,1530.9465272026325,1485.2290166012524,1530.5022360576831,3312270,3086,54.68104990841543
2024-02-07,1496.2880859375,1503.2494507949627,1473.4292702988682,1503.2494507949627,4066189,6040,53.183080603809415
2024-02-08,1458.716796875,1521.5660344025646,1451.5085768170363,1503.545604792421,2931291,4627,50.538857327178604
2024-02-09,1467.55419921875,1472.6394405677402,1444.251091886469,1461.6296742765717,2388841,3218,69.4036503155896
2024-02-12,1428.946044921875,1478.1689480426617,1424.0089408869965,1469.4795967273687,2821957,7374,65.31910172675533
2024-02-13,1445.4853515625,1457.679974490232,1412.6536095460392,1434.130012218461,4601482,10435,55.76996719191827
2024-02-14,1462.8638916015625,1475.7003617944888,1417.8868266732113,1431.809556156427,4208176,4547,77.66854794816621
2024-02-15,1458.37109375,1474.0711084844124,1441.9306339547177,1472.2444041221327,1906763,15480,71.18400317512129
2024-02-16,1474.8612060546875,1487.5495401226922,1452.4960992502358,1467.2579930375437,1844045,6863,48.22725365800881
2024-02-19,1464.9375,1483.8960520073351,1458.4205467147278,1481.0325075310702,1209609,14553,62.941177531987606
2024-02-20,1485.2783203125,1489.0305675693528,1456.4951003977087,1470.2695723546196,2390096,14084,51.77102316784378
2024-02-21,1498.1641845703125,1507.5941012717096,1483.5997280058623,1500.8795917263965,5259113,14234,51.85855243113823
2024-02-22,1470.417724609375,1500.879632517665,1445.090356703686,1498.164225287781,4969478,6929,73.13574458587469
2024-02-23,1461.678955078125,1485.9694809332489,1456.4949962447554,1479.6005449028262,2557861,9033,76.06736151771786
2024-02-26,1448.0526123046875,1467.3073180257522,1445.4853423154989,1462.37021399471,2077787,17567,68.62528947648912
2024-02-27,1474.2685546875,1478.5143914640219,1440.1531205865456,1448.0524863491048,2843312,16762,63.42377481061171
2024-02-28,1430.9700927734375,1484.5376680898626,1424.3544220081696,1476.1940110240648,2661887,3859,66.4032289980135
2024-02-29,1456.346923828125,1465.332428765489,1421.8859147050568,1432.747543220165,4216252,15848,59.644592641486426
2024-03-01,1507.4459228515625,1509.5194823344075,1459.2597416938029,1461.3827204284044,3549401,4408,72.56578526593921
2024-03-04,1512.0374755859375,1519.5911480599734,1501.2251458173405,1510.7043611166257,2985524,11688,48.57426776435185
2024-03-05,1523.047119140625,1527.5399318600005,1504.8292541400392,1510.4082055999386,2694157,13088,50.34928492252092
2024-03-06,1534.9951171875,1545.0667615557093,1517.2215420425869,1523.0472285789363,5167456,4963,78.68121018121263
2024-03-07,1544.0792236328125,1551.7317345732788,1526.6019242794584,1536.871003823372,2285176,16487,62.091187143175546
2024-03-11,1521.6649169921875,1549.0164257460347,1517.2708219815604,1546.3997364418046,1694488,9559,75.84983376220484
2024-03-12,1513.7655029296875,1536.377342781182,1509.2726900838668,1521.6648693154716,1918571,4731,65.08131159862018
2024-03-13,1483.747802734375,1521.2203716960685,1476.1940099477574,1515.6908396453564,4165036,7861,65.65888578891442
2024-03-14,1458.173583984375,1487.944343528692,1450.718509151828,1453.0390443284844,3652530,17326,59.45921215725974
2024-03-15,1465.6781005859375,1470.7633420218021,1438.3758902373568,1455.4583189930422,2985042,15304,50.792514699050336
2024-03-18,1462.0738525390625,1472.8367627932469,1447.8550902035533,1468.5415066487803,2365287,12152,68.44894695112102
2024-03-19,1416.06005859375,1464.2955376176324,1412.8509411899586,1457.482430942005,3180412,6845,76.27170257753905
2024-03-20,1423.41650390625,1445.5840526749616,1404.8035253794462,1421.885953450782,5480729,15832,74.9902837158507
2024-03-21,1465.43115234375,1468.1959787357173,1440.6469149259317,1441.634335703811,3870591,9718,60.152050050598845
2024-03-22,1493.0789794921875,1501.2252011572182,1454.4708500109348,1459.1610988483767,5309042,3401,48.92851367262201
2024-03-26,1499.595947265625,1504.4343333781424,1483.303503777502,1493.0789939773294,9046136,12573,52.327822138274996
2024-03-27,1514.2591552734375,1523.5408139930707,1495.399322322635,1499.8921349962054,8408702,8113,73.53150704063464
2024-03-28,1533.4644775390625,1544.8198165549666,1514.3084902226713,1515.4440482312145,3964429,12428,47.433665888144674
2024-04-01,1522.9979248046875,1552.9661231343102,1519.6406698481662,1533.4645615816778,2159432,17614,49.73898544697186
2024-04-02,1539.7840576171875,1551.1886958177083,1517.665807044523,1523.5409127355701,2335256,6958,45.07429905616945
2024-04-03,1523.24462890625,1537.315374453451,1518.702517608491,1534.4518302000515,3711781,12780,66.33450626592108
2024-04-04,1525.0220947265625,1530.9466198699097,1492.1903512238457,1528.576906240389,6077155,3120,46.73324180798081
2024-04-05,1532.8720703125,1536.7723342491427,1508.8776967167369,1532.477077886504,3286862,16927,67.74373545801842
2024-04-08,1548.621337890625,1556.5207040371997,1530.5021908988713,1540.37639858209,2372626,12183,77.59249822399003
2024-04-09,1535.389892578125,1555.0890094462682,1521.6154209206204,1555.0890094462682,1176425,11035,61.28668592967129
2024-04-10,1533.3162841796875,1545.165333153793,1528.527317659605,1545.165333153793,2528578,4914,45.63897114478235
2024-04-12,1536.0811767578125,1543.0424210095687,1522.6028588613283,1526.5525420230956,1749128,5522,72.80730056011906
2024-04-15,1520.529296875,1538.3028710745095,1510.7538069583168,1525.5156995378927,1528341,11372,62.05394709549636
2024-04-16,1472.1949462890625,1515.4934434070058,1469.2326839841503,1510.7537755052415,3981325,13273,70.96186682566284
2024-04-18,1455.853271484375,1489.3761598877113,1449.6818914001992,1483.8960466938236,3856849,3933,61.13423785104531
2024-04-19,1463.406982421875,1471.5037844225421,1426.2305667809462,1447.5588310440844,4311650,15217,45.07956936350245
2024-04-22,1458.9141845703125,1482.1185726159317,1451.4591095587728,1475.206627240641,2887202,17792,76.16959212316938
2024-04-23,1455.951904296875,1467.1098070503213,1452.5946496205033,1464.147544783186,1206443,16277,70.22157407126898
2024-04-24,1456.10009765625,1464.5918923758145,1444.349766103302,1458.4205124146827,2964953,9125,48.73784486416656
2024-04-25,1477.2802734375,1480.6375283523216,1452.0517436580599,1457.482558200199,3697957,6321,76.81513399493953
2024-04-26,1428.2054443359375,1499.8921690596155,1425.1444640162379,1492.4865131886825,6135488,13262,73.5829868035913
2024-04-29,1468.54150390625,1472.244331702282,1431.8587990999422,1440.4000126564076,5463640,5603,61.8967512320755
2024-04-30,1496.633544921875,1517.6656545818369,1470.269459773816,1478.9588103691892,6293171,12571,64.01273926325557
2024-05-02,1486.2657470703125,1502.163318454328,1481.18062635375,1489.0305735374716,2554549,8048,55.489880939952805
2024-05-03,1465.0361328125,1498.855293828982,1454.520198150512,1498.114728259278,2119368,17018,70.11325625231305
2024-05-06,1478.6627197265625,1491.0054803252817,1463.4071158404543,1476.8853139864384,2600170,12655,50.08657040691388
2024-05-07,1434.278076171875,1483.7478322450847,1429.7852634905107,1478.6625912134252,1884596,8110,58.53800430036737
2024-05-08,1424.3544921875,1436.6972520851386,1413.3941455053498,1436.6972520851386,5278612,12962,52.69057166859926
2024-05-09,1383.82080078125,1438.2770807818006,1375.9214345591506,1427.31673425559,3272042,14898,48.52318341954011
2024-05-10,1392.4114990234375,1406.5809637404043,1377.995179100479,1384.363995201156,1575172,14546,60.685454967610184
2024-05-13,1386.8819580078125,1399.9158645903026,1359.9253214649932,1397.5460305203676,3624862,17670,59.322301418537855
2024-05-14,1403.125,1411.3699398268955,1385.1539891006073,1389.3011083743843,1279355,13627,76.13771994659433
2024-05-15,1399.2740478515625,1411.8636635579144,1389.6961139202463,1403.1250132334008,2516309,7142,62.50708627978301
2024-05-16,1391.029052734375,1407.074640742846,1368.2196563492862,1402.3349726864376,5666243,14881,52.04451654722341
2024-05-17,1394.583740234375,1399.273989025837,1377.4520134925144,1390.288483869147,3673405,16353,51.69535932288432
2024-05-21,1388.807373046875,1402.9768376020065,1382.3891377643974,1402.1375540181746,3010012,10948,72.17281420556398
2024-05-22,1387.27685546875,1395.3737786456552,1374.341666622757,1391.2759580688744,6739695,9773,64.68678586357802
2024-05-23,1422.7252197265625,1432.7475648418856,1388.9060577032444,1390.8316005626568,6444146,6262,69.68323816625556
2024-05-24,1423.663330078125,1430.5258562912943,1409.8887378640738,1422.8733452395204,2155290,13588,55.9822583230668
2024-05-27,1446.670166015625,1457.0380842439283,1421.1947821183667,1429.6371574976984,3253683,9391,66.63976081859109
2024-05-28,1440.9925537109375,1460.1979610361211,1430.871490276783,1454.273436099055,2381333,7488,58.86542949936999
2024-05-29,1441.8812255859375,1453.1378468315174,1421.1453887516252,1434.7224247740915,4383563,13469,64.41777128338283
2024-05-30,1428.6004638671875,1459.111670206645,1421.0466706285315,1439.6595286304146,3415942,15505,50.2922498140354
2024-05-31,1443.4610595703125,1451.4098451537172,1428.353593785167,1437.6846720484991,3546505,8749,69.82154529840618
2024-06-03,1510.45751953125,1515.5921799100768,1477.5764798655005,1495.8930630206655,8265525,11959,55.78294589772517
2024-06-04,1373.99609375,1502.7557949140867,1346.3977295885488,1490.9560435991086,7911282,16025,57.903794627933976
2024-06-05,1482.0692138671875,1496.7325092969024,1355.086922038481,1382.8828418965138,11014467,15360,60.55711980166457
2024-06-06,1462.468994140625,1490.8080448044125,1452.3973497030413,1481.1312722782857,3279775,9031,71.45316558968315
2024-06-07,1473.33056640625,1479.551365722786,1445.0409360944825,1450.0768786529957,3964791,11259,56.24370902988634
2024-06-10,1467.1591796875,1486.8582970773098,1461.4815100560984,1479.6500769835368,2416022,14334,60.931611918735626
2024-06-11,1462.4195556640625,1472.2443439507015,1456.6430478263876,1466.319819427761,1737873,17571,75.05401127759234
2024-06-12,1465.579345703125,1473.478712228727,1454.470861526497,1472.2444362091019,5419536,17514,71.13733332096541
2024-06-13,1488.2899169921875,1491.005324039279,1462.5675583867453,1477.1814336177226,2446832,14434,72.06296765414979
2024-06-14,1483.4515380859375,1496.8311374481846,1477.132021185672,1491.4990412968743,2706742,10109,65.08165552485211
2024-06-18,1488.931884765625,1497.473099001034,1480.2425332996477,1494.9551276856744,2811967,14313,73.8091322106488
2024-06-19,1508.9764404296875,1530.5022623986201,1494.2145474675563,1497.1273906562787,11002582,12973,69.73682681983288
2024-06-20,1508.6307373046875,1521.3684888208807,1493.9675635800697,1516.6782403562374,3589441,7360,57.08136049878259
2024-06-21,1507.939697265625,1518.4557528816897,1492.2396824549278,1503.8418768429149,5249389,8745,68.64460389054987
2024-06-24,1471.6519775390625,1489.9192622535647,1459.6053715145858,1488.1912758616522,4609137,6577,74.12282746779715
2024-06-25,1476.7371826171875,1483.25413560031,1463.5550188935445,1475.9471977863038,3309896,13910,76.0763779977007
2024-06-26,1479.0576171875,1501.867013202158,1462.9133114681179,1479.1563351589957,5605220,12933,56.65538757658304
2024-06-27,1483.8465576171875,1486.0188350906944,1466.3198390028438,1475.2066259058913,5166134,3340,68.1803727910946
2024-06-28,1462.1318359375,1488.5889842149625,1458.138304122034,1488.5889842149625,6425323,17266,71.09808497063744
2024-07-01,1454.5440673828125,1466.624476064994,1450.600381814915,1466.5745081709665,3166439,4115,56.45335366220266
2024-07-02,1427.138427734375,1458.0882985035448,1418.3527310913926,1455.0433036967793,4644571,11817,71.0139072446938
2024-07-03,1453.1463623046875,1455.6423196428955,1419.6007200537556,1436.57322995357,5907225,13751,57.919312804480555
2024-07-04,1440.5167236328125,1455.4924669326085,1433.8774530619874,1453.096323630059,3010077,10455,67.73408291521599
2024-07-05,1431.9306640625,1447.3556310077859,1423.6940051965314,1434.6762170178229,4216309,9463,49.987527582399125
2024-07-08,1435.724609375,1439.3686095410635,1420.499269818278,1425.6908122622237,2772277,13761,71.36405376684722
2024-07-09,1431.9306640625,1447.2558170930838,1423.6940051965314,1438.6697485892018,3126274,17029,76.50283619090075
2024-07-10,1423.64404296875,1431.1818825888922,1412.7617668917615,1431.1818825888922,3979121,10384,68.04824037047453
2024-07-11,1427.43798828125,1433.5280997545533,1413.4106594234272,1425.6408502654942,2416195,9004,51.23059146038912
2024-07-12,1432.230224609375,1448.6036065186004,1425.0417946725554,1429.684299488914,3340305,12991,72.96191815129899
2024-07-15,1441.7149658203125,1446.6569127357698,1430.6827853349607,1436.1738916289887,4284427,6472,59.27788745342692
2024-07-16,1443.5618896484375,1447.6552352493873,1433.4282786271087,1442.7132885402882,2284985,17598,50.05027133211041
2024-07-18,1454.5440673828125,1458.487631077798,1435.674606250144,1438.3701913235627,3634938,12105,77.84026600025298
2024-07-19,1430.133544921875,1449.6519794829492,1426.6891726454094,1449.2027559244236,2981749,4563,50.845384545716854
2024-07-22,1421.0982666015625,1427.637601575739,1407.3205336155468,1425.6908036392629,2883674,3325,63.07649689090894
2024-07-23,1410.9146728515625,1424.6924056922153,1393.393125989397,1420.1996826189043,3054925,3643,70.66277605581962
2024-07-24,1394.3914794921875,1410.215823831037,1384.1580549298737,1407.5202387930551,5553500,11651,49.95064861931365
2024-07-25,1376.869873046875,1394.29172828215,1371.7781444834193,1386.753888418828,3631639,3628,57.324289295986304
2024-07-26,1401.6297607421875,1406.7214890960581,1356.8523125930237,1362.7926420270542,3607419,6285,47.34561736182473
2024-07-29,1409.217529296875,1442.6133901155295,1404.175646666766,1412.711869610399,5955870,5707,67.2270121437829
2024-07-30,1427.3880615234375,1430.3832103874074,1404.9244450436631,1409.2175404978543,2158067,15174,71.33406277025381
2024-07-31,1425.4912109375,1432.6795193586343,1411.7634455081054,1432.6795193586343,3926481,8699,68.72785082889143
2024-08-01,1417.553955078125,1437.6713951557554,1414.5089603163005,1429.6843318493345,4074181,14594,64.80414942119712
2024-08-02,1402.0291748046875,1411.663472425943,1390.447835504573,1411.663472425943,3268026,17765,61.413002722897076
2024-08-05,1387.203125,1393.942209834148,1366.7862426590445,1385.755518488498,3532894,14778,63.12577356543079
2024-08-06,1378.766845703125,1405.0243658802374,1374.0245267189905,1392.7442069195217,2425599,11766,65.95095012536181
2024-08-07,1342.974853515625,1397.2369426330797,1327.050572292554,1388.750687533129,8728852,12189,59.192058183622905
2024-08-08,1345.121337890625,1353.6075925909163,1331.8427964927687,1345.7701892811401,3669342,5364,63.85240339008057
2024-08-09,1347.6173095703125,1364.7894469865962,1335.8863103003107,1364.7894469865962,5082087,9084,54.946268617453626
2024-08-12,1348.66552734375,1355.4046119749812,1334.4885387946215,1347.617298413751,4436342,6907,75.4956422840655
2024-08-13,1348.416015625,1369.4320259038525,1341.327520908812,1352.808925069922,3905817,4598,47.69616139775464
2024-08-14,1335.9361572265625,1354.7556508425496,1333.7896095798455,1354.7556508425496,4868357,15234,57.663724181184634
2024-08-16,1361.944091796875,1365.6880277664045,1336.3855132861372,1344.9216141729148,5456176,8517,64.28854654239208
2024-08-19,1345.4207763671875,1373.5752473693249,1343.374164538783,1367.8345456742632,5895105,3123,54.82899698821379
2024-08-20,1379.06640625,1389.3996453229902,1355.0052798544168,1361.694518688191,5507239,11567,69.33606626664829
2024-08-21,1381.761962890625,1385.1065213019406,1364.190447852726,1377.76843120597,5441231,17517,78.9374825412111
2024-08-22,1379.6654052734375,1393.692612417166,1377.3690757687405,1381.8119529629732,3510879,14302,71.0311839295243
2024-08-23,1386.3046875,1388.0518576543436,1371.5785390562457,1379.7652304588605,2252945,3934,75.9211436209457
2024-08-26,1382.2611083984375,1393.293288059702,1377.5687575741294,1393.043692337709,2541300,14203,68.24337126370077
2024-08-27,1380.9632568359375,1384.9069426383048,1375.3224906294179,1383.6589639425404,1167406,17932,45.513493539988374
2024-08-28,1413.4605712890625,1419.6504964350013,1380.314308212836,1386.8037969738314,6532773,6911,70.91454153079559
2024-08-29,1415.1578369140625,1420.7488788264588,1402.9776139040196,1411.9130923880437,3316387,14368,72.26796191827546
2024-08-30,1422.9453125,1427.6876315558675,1413.261046545607,1419.850349701281,2792988,15707,45.31941388515926
2024-09-02,1446.706787109375,1448.9031807358301,1422.9452253875913,1422.9452253875913,4024426,10720,72.74917143028208
2024-09-03,1434.376708984375,1449.5522026674273,1431.5813098998324,1447.6552507229312,2351018,5072,49.39039655464752
2024-09-04,1432.0804443359375,1436.9225769864615,1414.7085576444788,1414.7085576444788,2919356,10700,50.3067344980436
2024-09-05,1420.59912109375,1441.6649769221142,1416.605589301722,1440.6665939741072,3427784,16149,57.818848898296494
2024-09-06,1407.0709228515625,1435.874245287548,1399.2336414215365,1424.143246153261,2608515,9084,55.511268137779794
2024-09-09,1425.7906494140625,1428.6859843089085,1397.8359271494578,1407.0709693261574,1802343,13725,53.1695227332647
2024-09-10,1433.2286376953125,1436.1738185357754,1418.302740041074,1426.5893669576687,2414043,8349,55.29227761089217
2024-09-11,1418.9017333984375,1436.6230299317333,1415.5073290256014,1433.078843748822,2622902,8980,78.65635938043195
2024-09-12,1441.0159912109375,1444.1609218446365,1417.8535557659839,1422.8454704629926,2437399,10887,74.39200104399933
2024-09-13,1461.6826171875,1468.5713620936071,1440.0176338932542,1447.655287890155,2999055,14330,54.60790753750552
2024-09-16,1467.822509765625,1471.5664456889215,1458.7372496330083,1467.572914037405,1495683,7063,66.3470943662403
2024-09-17,1463.978759765625,1481.1010510942124,1459.885414197851,1475.6099450739775,1866702,17833,71.60786309348329
2024-09-18,1477.8563232421875,1486.3425780961368,1458.7872337684844,1467.6228982712485,3966006,7942,56.580730817208696
2024-09-19,1482.3489990234375,1495.5775723435659,1472.514951910981,1492.5324557735414,3861906,8915,72.15291859543696
2024-09-20,1477.806396484375,1489.5373961678597,1470.8177158218734,1485.5938322574727,5335400,13196,65.39431418518791
2024-09-23,1462.7308349609375,1488.439195910968,1450.700393543024,1487.790222619199,4610747,11201,70.73741170080439
2024-09-24,1445.9580078125,1471.7162135977032,1443.661678385405,1467.7226819839125,3893140,14504,50.51025905233176
2024-09-25,1437.1722412109375,1453.645559710403,1429.9339649005663,1447.6552620742336,3012173,14254,74.5445305134281
2024-09-26,1450.350830078125,1454.94348904311,1434.9758304924485,1442.6633302852867,3388674,5186,56.36857071071579
2024-09-27,1460.334716796875,1478.6051738385795,1451.6488337348376,1454.6439826352535,4708951,3535,73.16536829663285
2024-09-30,1445.2591552734375,1472.4152450360584,1434.67632022258,1464.6278091625088,2888962,4801,70.19256138091346
2024-10-01,1407.42041015625,1447.9548558361564,1402.3786493313091,1447.6552921989473,3377999,13625,76.1828800349108
2024-10-03,1385.505859375,1410.4154637992501,1379.815125635649,1401.729581381733,2081630,11196,65.1463466869256
2024-10-04,1380.61376953125,1408.6683046596895,1378.6170037303232,1381.8119021355537,2178195,9693,55.74169733144647
2024-10-07,1348.66552734375,1391.7957421073781,1336.0359591787858,1385.755476762813,3878973,17114,71.2090838259443
2024-10-08,1357.3515625,1368.7829983100237,1341.3774356050617,1355.654238393663,2429248,9501,48.836002769610225
2024-10-09,1339.380615234375,1369.2821340497678,1333.3903178925605,1366.7861768240118,5269772,16675,72.49017531952973
2024-10-10,1354.2066650390625,1359.7975852145532,1342.126255653664,1347.8169897501077,1673393,13685,52.16442265894302
2024-10-11,1345.4207763671875,1369.0825243036245,1336.8347077717647,1357.9005626607998,2755874,9543,76.1870479824633
2024-10-14,1368.23388671875,1369.2822375819985,1346.1198015248217,1352.409541085551,1381439,8980,66.97077331399531
2024-10-15,1358.6993408203125,1372.227356268714,1347.2677832573663,1368.782983942314,2775029,14152,78.22062648515816
2024-10-16,1344.1229248046875,1356.1533654271116,1338.9312606867431,1352.80880714197,2126519,12497,50.4947550938764
2024-10-17,1345.1712646484375,1352.06013148731,1334.838025326589,1345.820237950817,1353852,16319,66.79835249464878
2024-10-18,1345.0714111328125,1352.7589109943137,1328.8476884154934,1342.825049525799,3676670,14289,73.52603147677935
2024-10-21,1306.134521484375,1351.7605744985055,1297.4984844127987,1349.8637443524165,5862686,15385,54.34325520524174
2024-10-22,1272.289306640625,1310.078077478444,1269.1943438247613,1306.9831146625802,4183194,11438,52.49575860213116
2024-10-23,1272.2393798828125,1282.8222142620687,1264.4519445034643,1272.2892259041303,4860497,9419,72.52731788470598
2024-10-24,1277.9801025390625,1283.8704642551054,1256.1154922670546,1273.9366029732496,2441333,15396,45.07047604050841
2024-10-25,1039.9156494140625,1164.8632991483323,1023.841708400784,1161.1193631107867,56935420,15052,47.10960648828957
2024-10-28,1053.0943603515625,1082.8960663536684,1029.3327979352205,1049.6998340245257,11099823,13244,64.55808813601305
2024-10-29,1036.4713134765625,1057.087946356619,1016.4536860090054,1057.087946356619,7951124,5094,69.30148433322705
2024-10-30,1054.6917724609375,1067.6707508073239,1028.5840339511226,1035.9720921536493,8907271,13691,68.84772303346418
2024-10-31,1053.8929443359375,1065.1747196353374,1042.3117272961183,1052.2955561016367,4509824,7602,63.17163597764089
2024-11-01,1060.7818603515625,1068.1699183888295,1056.8382965375395,1059.733509528637,441083,6201,71.65664943491834
2024-11-04,1062.079833984375,1068.7689510192606,1052.3954462180388,1065.2746106843074,5143749,14768,78.15894593148252
2024-11-05,1088.337158203125,1090.633487587028,1060.2826235185073,1061.9798256732804,4840541,5129,63.106222635629486
2024-11-06,1075.9073486328125,1096.823421484548,1066.522525067373,1090.5336823846353,7153974,4371,55.928416368392575
2024-11-07,1055.091064453125,1084.243795471709,1049.3003950651623,1084.243795471709,4901367,11543,50.65812469820457
2024-11-08,1052.095947265625,1059.73347894138,1046.355245598829,1059.73347894138,2107903,7653,55.93646178598117
2024-11-11,1059.084716796875,1065.773834031793,1038.3183020075548,1051.2972807826493,4918839,5631,77.1674495764623
2024-11-12,1057.836669921875,1063.7270316420029,1049.8496065748109,1059.5838400290452,2186055,17982,54.68276889976846
2024-11-13,1035.0235595703125,1066.0733669352783,1030.5308362777132,1052.0960055805251,4850346,15387,65.92135361438933
2024-11-14,1015.5051879882812,1043.3101272932363,1013.3586403852964,1041.3133614993735,2612235,5176,75.72832869958293
2024-11-18,1002.9754638671875,1016.3039125015565,998.4328337376365,1013.8578621436574,5427908,11558,51.4448723386258
2024-11-19,998.5826416015625,1030.3312073140644,996.4860008387569,1008.8659738283548,5718490,10533,71.30466185749624
2024-11-21,979.8629150390625,1001.378054470759,964.8372644947636,998.7822832903826,6606440,4668,57.84053276455076
2024-11-22,996.5858764648438,1000.8290040176183,979.8130550317561,984.4055922437047,4026863,6785,47.9157142824428
2024-11-25,1001.8772583007812,1020.3972492440124,995.4376762918255,1018.3505764492245,6491357,7270,59.731326256052114
2024-11-26,1007.9674072265625,1016.0543457258088,996.4860032414068,1010.0640479944233,2390208,7757,67.20432427577296
2024-11-27,1000.3297729492188,1010.363509048426,992.8918080520352,1010.363509048426,4798242,3729,59.79127265528816
2024-11-28,991.9932250976562,1011.7612552674638,989.7468635725833,1004.3232904749308,4822835,12899,57.96239238520299
2024-11-29,994.2396240234375,997.8837461202208,985.7034620943431,996.4859856330128,4815934,8249,64.58574076143044
2024-12-02,989.3475952148438,991.5440498893051,977.4169067904267,988.449026186418,4969967,15850,70.14799065051162
2024-12-03,996.735595703125,1009.8643558958305,989.796882936251,991.3942712847846,4665094,5345,77.97619515506314
2024-12-04,997.2347412109375,1004.3232964048956,988.8982683210269,1003.3748204569732,4256690,13486,74.62014091894598
2024-12-05,996.5858764648438,1004.3732513155852,988.9482224952657,1004.3732513155852,5254145,8384,60.60082489260525
2024-12-06,988.74853515625,1001.4280108726393,984.7050963756014,998.3829550470377,6258019,17232,46.01363801719068
2024-12-09,981.0110473632812,992.3926371946238,976.2188214635164,991.1945654855681,3565285,16486,51.25720068093194
2024-12-10,982.7083129882812,986.8017195930497,977.5167095270762,981.4104273570946,3843321,16803,57.76114268232106
2024-12-11,983.2573852539062,998.2830968094979,979.6632311498754,983.9063585204609,4679888,8488,60.47319670214701
2024-12-12,996.3362426757812,1003.874021500252,984.4055546486807,984.4055546486807,5771673,7463,54.451451948040614
2024-12-13,985.0545654296875,996.0367779180128,963.988648549297,989.3975069027596,5674567,14271,54.99567339481203
2024-12-16,997.7339477539062,1006.3200774366144,983.956275631023,986.3025120573114,3058066,16624,78.54414190220047
2024-12-17,974.0723266601562,1000.3796924000864,970.4282046036766,1000.3796924000864,3294161,4078,53.13128716693932
2024-12-18,963.6392211914062,977.7163962023989,958.9468092089224,975.2204388645308,2958191,14521,73.92177907167675
2024-12-19,962.8405151367188,965.2865045484476,946.4670108279806,957.4492229789382,3665813,12462,50.0365004853945
2024-12-20,927.947021484375,965.2865063036514,924.9518727104859,958.4476076445211,4466131,6088,60.127626176327766
2024-12-23,944.1707153320312,947.2656779297961,928.5459986615674,937.431630795469,2502370,6284,50.66069749599485
2024-12-24,933.7875366210938,944.4702460950845,928.2964305391455,939.4783314751315,5603093,3157,57.71649067396223
2024-12-26,930.4429931640625,943.4718783443836,926.748964098597,938.4799636441488,5262262,5578,46.96296029481391
2024-12-27,951.8582763671875,969.5296048576588,931.5411478942068,931.5411478942068,6300341,7344,64.88664508866356
2024-12-30,961.9419555664062,971.9257848924716,947.315621229137,951.7584374665278,8165774,12342,64.38799350320042
2024-12-31,958.597412109375,959.895297754771,947.5153248222418,956.4508643961153,2295670,6240,65.75301276784647
2025-01-01,967.8324584960938,977.7164131636414,951.9581451772847,957.0498738602826,4024591,5197,50.52903269106566
2025-01-02,989.7468872070312,996.3861580253705,967.233364460984,973.9225422382254,3956740,16743,55.6988209118713
2025-01-03,996.2863159179688,1023.7418455476342,989.0480399246933,991.3942153548278,5896120,4343,74.83091382431837
2025-01-06,968.4813232421875,1003.3249109449375,961.6424247285768,1003.3249109449375,3370654,17847,61.64513425533032
2025-01-07,982.0093994140625,992.9417043936328,968.5811981124375,968.5811981124375,3581533,8718,59.8333054145314
2025-01-08,979.4635620117188,984.4055697061559,965.5361079406534,984.3057557876656,3781895,10134,51.517193984462224
2025-01-09,979.3138427734375,983.7565980734859,968.8308219831551,979.4635636514238,3134034,16592,61.180004040727496
2025-01-10,936.0838012695312,973.4233468462152,931.5411711715404,970.1786023567279,5611356,7277,73.9723472950421
2025-01-13,940.1771850585938,971.9257489542455,932.9888160223343,935.3849593465728,8752532,7116,77.92328185363792
2025-01-14,960.544189453125,977.716387980544,943.5716796983479,943.5716796983479,5735697,10070,48.1717863679779
2025-01-15,960.8936767578125,981.4104340722342,953.1063019809502,969.679434478797,3633812,7106,52.948077287310944
2025-01-16,973.7727661132812,989.0480736869357,965.436293024827,965.436293024827,3948431,14938,59.46764241745689
2025-01-17,969.3799438476562,974.0223880337289,957.4492553296146,971.2768349032217,3066978,4913,45.53165611596969
2025-01-20,969.1303100585938,978.8645435027528,946.5668195646173,964.6375869305203,4485164,6782,47.7148657036179
2025-01-21,958.8969116210938,976.9177115893333,956.4508612187851,969.9789379349533,3369291,16146,56.329498827500416
2025-01-22,969.3799438476562,975.9692469862897,947.6152075821999,962.8904546300937,2639472,8472,70.53291858922478
2025-01-23,969.3799438476562,986.9514595083186,960.9435956775329,964.3880290649158,3359986,11963,73.7525826461777
2025-01-24,949.262451171875,971.4265637867783,946.7165869586972,969.2800161725846,2938649,9636,67.64160794704486
2025-01-27,924.951904296875,945.4686619113553,922.2063511603848,945.4686619113553,3907787,10205,49.208828713573084
2025-01-28,932.639404296875,947.4154589327385,924.2030566598772,935.8341808067707,5708478,4124,62.01126596001525
2025-01-29,946.7665405273438,951.45895258573,930.4430036482269,934.1869397155895,2571504,5101,48.00780967524968
2025-01-30,955.5023803710938,965.8356803601456,944.5700749927312,946.7665296476354,4509409,4377,70.72163816219529
2025-01-31,989.59716796875,997.6840452909281,951.5587419443314,956.001558150214,5365839,8524,53.482549400752966
2025-02-01,1007.7677612304688,1021.3457448024278,970.827592552375,975.4201296891222,6054296,14254,58.64435266000006
2025-02-03,1011.0623779296875,1022.294185587041,988.4988877628189,992.3926054586174,3655089,16619,69.94583826387641
2025-02-04,1045.4566650390625,1052.195749529809,1013.059128151812,1020.7965955300766,9861468,9484,50.74857457381403
2025-02-05,1059.48388671875,1076.9555875015321,1050.698190306013,1050.698190306013,5000442,5932,70.09163240317464
2025-02-06,1063.8270263671875,1075.0088669233746,1056.3391540644939,1060.3825319841956,3889634,13606,70.04792426843984
2025-02-07,1077.35498046875,1084.793006317995,1059.7834655186712,1059.7834655186712,3975043,12972,68.30249199839237
2025-02-10,1066.27294921875,1080.2503099762991,1060.9814710399407,1074.2600125087781,4457091,14275,63.824963747641576
2025-02-11,1052.4454345703125,1073.1618812444683,1045.9559452506974,1061.7802909862514,4109028,15050,73.53325371608555
2025-02-12,1037.9688720703125,1062.2295049524337,1018.600218209558,1058.7351645812173,4798340,10615,57.565307618499205
2025-02-13,1045.5565185546875,1055.2407841812485,1023.7418760107508,1037.819050883359,4539780,12135,59.84636341846886
2025-02-14,1022.7434692382812,1056.3889242883222,1016.5534830582577,1047.9026696208666,4036016,4916,62.77104888819636
2025-02-17,1046.554931640625,1049.250516867541,1011.4617464292485,1022.7435225598033,2795714,12710,62.941551216962054
2025-02-18,1022.4439086914062,1049.7996246644734,1019.6983557025072,1043.3101357816213,2620716,4065,77.82208942020611
2025-02-19,1034.1251220703125,1040.3650155905455,1014.2572767273072,1022.4439682766845,2464555,12733,66.613528137793
2025-02-20,1045.9559326171875,1048.202294277614,1023.9415395958396,1028.2844810980803,1819683,5078,75.43532283856996
2025-02-21,1042.0621337890625,1054.092696274426,1037.269847203072,1039.865740196348,2589619,12683,57.65170762470803
2025-02-24,1027.48583984375,1037.0702918122688,1019.4488083277099,1028.4342548993686,3074297,10428,77.56684732241104
2025-02-25,1032.5775146484375,1040.0154185066021,1024.6902653613845,1026.5372493523805,3628538,12142,47.1598111786424
2025-02-27,1045.00732421875,1061.5805777228761,1039.0170268672573,1045.20707392088,5951737,5668,57.50723686974595
2025-02-28,988.4989013671875,1038.967206551306,968.5312430348621,1038.3182332809224,55666745,10257,77.44663927860013
2025-03-03,982.4088134765625,984.7050820524781,945.468644677139,977.3669918142032,6158061,5428,71.75795557440104
2025-03-04,986.0029296875,1001.9770561202596,965.3863593220937,976.4184782024269,3271190,13203,55.69747010659254
2025-03-05,970.2784423828125,993.6406277103447,969.0804315959311,982.6584152965655,3944062,8000,51.17322886634519
2025-03-06,970.1287231445312,982.5086351427768,960.644085134761,974.4217576353459,3928358,15775,77.84559107968775
2025-03-07,935.2352294921875,975.0207657210343,930.7924131722665,969.4298455691636,7737031,16755,68.09638625997493
2025-03-10,899.0438232421875,911.8730194435757,879.6751701381226,893.552717159087,16014401,4885,54.89243885944323
2025-03-11,654.8892822265625,809.1394418745042,647.9505088123896,809.1394418745042,101075220,11992,52.67792469501484
2025-03-12,683.5927734375,696.521843983474,605.020028213271,628.9812174494401,108682122,6214,77.65869591980552
2025-03-13,671.2627563476562,705.7569362397606,666.570405201837,688.884239902351,31592987,6958,50.397564658096
2025-03-17,676.3046264648438,708.7520719445212,673.9084830394534,703.8599711745402,22353102,5269,77.85928926426558
2025-03-18,676.3046264648438,676.3046264648438,676.3046264648438,676.3046264648438,0,16752,45.32577895902681
2025-03-19,691.5798950195312,699.6667726962552,681.4462835065794,683.89233396865,11120576,4363,56.02383494934003
2025-03-20,682.9937133789062,699.8664086613003,679.8987507822333,696.3720685324636,8918567,14215,61.90973657432894
2025-03-21,685.7892456054688,692.7279580843635,671.2128185501152,683.8922937009127,14265415,5232,69.20140676894161
2025-03-24,668.367431640625,692.6281234532086,664.074397441107,690.8809534120653,14649992,15002,77.26776025501466
2025-03-25,636.0198364257812,671.7619333042584,632.5754031134364,669.1162550889187,18615476,10071,61.4766353105404
2025-03-26,654.2402954101562,661.4286644030351,636.3692782470268,636.3692782470268,23506399,13946,77.82382343796226
2025-03-27,672.4608154296875,675.6556530172826,639.4642715294709,654.2403268185823,21589495,11482,59.060801506381914
2025-03-28,648.7991333007812,672.8601988693141,642.4594259661419,670.9133399366704,8807815,17816,48.102469629691434
2025-04-01,681.5960083007812,688.6845024151485,645.8039452841422,647.9504928631245,14019630,10862,50.910215881719914
2025-04-02,701.3140869140625,707.2544774124426,673.9084638630087,681.5960244528856,14993840,3861,69.75778065082007
2025-04-03,708.2528686523438,713.5442859472515,692.378555831163,693.8262232541506,6972769,11329,64.14190640308543
2025-04-04,680.8971557617188,703.7601491494154,674.5574485540631,699.8664313621185,9627949,17100,62.10066824387889
2025-04-07,674.8070678710938,677.5526210144809,635.9699463045964,635.9699463045964,9382614,3034,50.93899224792407
2025-04-08,678.5509643554688,694.7746865281891,671.9116936763576,683.7924745958861,5639989,8555,73.36187593340829
2025-04-09,677.4526977539062,682.1950164809281,669.1661319550328,678.5509554946689,4243562,6036,68.83722527319414
2025-04-11,688.385009765625,692.8777328170322,674.4076491612468,683.8423797564933,5019467,14481,53.34875983346616
2025-04-15,734.7100219726562,739.8017505369916,691.9292768945735,703.8599650858017,12452925,15083,48.22076017240472
2025-04-16,786.975341796875,793.1154211693025,731.814685108924,745.7920460796265,31252589,6560,77.6412223726114
2025-04-17,793.4149169921875,799.7047171872678,776.0430298472445,786.9753349848488,13986710,8390,67.40853272144147
2025-04-21,826.8607788085938,840.5386375338136,797.0590109213787,800.7031330962135,15639685,5279,62.11858942487988
2025-04-22,786.2265625,806.6934126984127,774.1461533428374,788.7225198412699,25698945,12267,56.58953967800872
2025-04-23,792.9157104492188,803.698233569443,780.7354268960303,796.1604548704618,10657940,8821,70.23638339329628
2025-04-24,818.4243774414062,836.1456738117448,792.0171377050755,793.7144008123428,22577201,4575,46.51574761986919
2025-04-25,821.0202026367188,827.6594736941325,806.044458239358,820.6707929753643,11724192,8603,68.86408292525601
2025-04-28,829.2069091796875,840.4387168557798,819.7222715865429,826.6610449603979,6929801,17170,65.0752944298274
2025-04-29,835.5966186523438,850.6222697989416,827.2101775332635,840.5885333812107,8769289,15711,66.50078624033114
2025-04-30,837.0442504882812,841.7366013845531,808.7400586182927,818.6739806932644,20241775,5652,78.07625543762539
2025-05-02,855.0650634765625,862.103650870787,831.7527857475394,833.6497376689139,7845964,9324,73.72860753255038
2025-05-05,845.3807373046875,860.6060768309899,839.1907510148993,853.6173963926872,7875811,9666,55.08243721313485
2025-05-06,830.4548950195312,849.8734548687278,820.5709407406414,845.3807317592896,10040705,4936,53.84689246103751
2025-05-07,832.45166015625,840.6384122250682,814.7802704198093,825.6626685393485,9432595,10100,54.52307821312953
2025-05-08,825.4630126953125,842.8848073985713,814.6804889987968,833.6497650906806,13290700,8635,62.7506159841961
2025-05-09,816.8768920898438,825.1135509253314,804.1974172103472,804.1974172103472,5074137,10312,57.43174935138089
2025-05-12,787.2249145507812,836.6448679689977,784.728957307437,833.6497192769846,14573162,9983,62.28993411500008
2025-05-13,768.8546752929688,802.6998812267393,767.8063853965688,792.7160518582475,10848937,13956,53.50629609356957
2025-05-14,780.0864868164062,785.1283694191785,763.3136655897239,773.746779513684,9164606,3723,72.84623423410932
2025-05-15,779.2378540039062,781.3844016150146,756.6244569282494,776.741896752132,7350633,16151,67.76689297772023
2025-05-16,778.9383544921875,784.2297717001999,748.7871785807127,748.7871785807127,27168178,12873,63.94474199258708
2025-05-19,782.7821044921875,790.6693538164135,769.054339548188,778.6388519982362,7193105,14240,59.17975266753224
2025-05-20,780.9850463867188,798.4068406889969,778.7885917551308,783.7305994420891,6637953,7386,59.66227096210012
2025-05-21,768.7049560546875,785.4278702825969,759.7694165635277,781.7338412210804,8134620,5868,55.416556279080645
2025-05-22,783.7305908203125,795.4116831510405,724.6263098730687,748.7871886818273,43477564,15436,72.22363185694103
2025-05-23,792.1170654296875,797.9076744147167,776.0430631998166,779.8369062633557,9260373,16723,58.9253521288345
2025-05-26,798.80615234375,800.703104272095,789.4712963879789,792.0670676132804,5381797,10746,51.20605579622513
2025-05-27,819.3728637695312,826.2616692643375,796.7095595986688,797.3085649681452,10346628,7785,66.06243419066384
2025-05-28,803.8480224609375,819.3728644874483,801.6016609187475,819.173175718629,5308859,7213,71.91849052513476
2025-05-29,822.8173217773438,825.6626887727754,801.7514052479892,803.8480459772437,8791159,5434,53.838044800371094
2025-05-30,815.6289672851562,822.51777311287,809.688576515537,819.7722199865843,5630146,4795,74.49260249884897
2025-06-02,811.3858032226562,823.4662120602402,808.2408726812697,813.6820717285866,4094000,14877,74.01939779508811
2025-06-03,799.554931640625,817.1265074743575,796.8593465242216,817.1265074743575,3241313,15836,52.265784550466485
2025-06-04,813.0330810546875,814.1313387941531,801.7014596422958,806.4936853208615,3877545,8907,49.62070077922733
2025-06-05,801.9011840820312,817.1764307717186,799.005849201354,815.6788563720148,3366237,3914,50.973884236600014
2025-06-06,821.5193481445312,844.4821549354891,803.6982376835227,805.6950034914321,10916786,3193,76.35886192055445
2025-06-09,835.297119140625,838.641677647134,820.1715930799055,829.9058268383097,6894267,12555,69.35259709484868
2025-06-10,843.6834716796875,855.9635693694019,834.6481184696697,836.6448843033291,10162134,16580,62.94935413555872
2025-06-11,834.9476318359375,850.0232506347497,833.1006477907636,843.8831712431357,2359273,7538,47.50314417867238
2025-06-12,828.5580444335938,841.7866186784207,824.6643265077022,835.6465390883133,2742462,12158,60.644082797196646
2025-06-13,815.529052734375,825.4629748405426,811.7352098772714,817.6756003577601,3164561,6466,65.84247434864878
2025-06-16,819.9219970703125,823.4662443528528,808.9397846285792,815.728776496177,2286257,4125,46.882638328777524
2025-06-17,807.841552734375,819.6224588374446,804.7465291640164,818.6739828894886,2343961,16580,76.09897873658474
2025-06-18,849.1246948242188,854.1166095498168,814.231198704997,816.7271560677959,20826809,16389,54.084757406830725
2025-06-19,836.1456909179688,848.2260998091858,834.0990181304759,845.6303286059934,4363823,16158,70.7304331397799
2025-06-20,838.8912353515625,846.379107133933,827.659427678007,834.1489165560613,20961217,15395,72.98098130494341
2025-06-23,838.5418701171875,843.6335988242648,825.163514116278,833.8494580311097,3191499,3494,59.52306114462952
2025-06-24,830.6046752929688,850.6222404784387,822.4678301908046,849.6238575670791,5482589,17385,64.39854750363256
2025-06-25,828.4581298828125,837.4435761091694,826.6610528248326,832.6513503090705,4946637,16397,47.01920380016893
2025-06-26,834.7479248046875,839.1408339734202,823.1667074492384,833.5499140645393,4451922,13458,48.95519427850273
2025-06-27,856.3130493164062,879.5753593456337,830.1554044221276,834.6481275969918,12647856,15320,70.78672904826716
2025-06-30,870.689697265625,874.3338192023983,856.3130201574849,863.3516073711379,4353159,4799,66.48081424139421
2025-07-01,877.6784057617188,891.3562640334915,864.6495207663477,868.692959428848,5729474,4380,69.33423721525789
2025-07-02,856.2631225585938,874.0842330322413,846.329200469908,874.0842330322413,10183147,11458,53.98158221604719
2025-07-03,861.0054321289062,864.5995861725933,844.1826438037438,847.6270769752098,3855070,7010,48.132919697772564
2025-07-04,854.8653564453125,862.5030099898881,848.0264579683325,855.7139575340626,2658812,5432,64.45002004762422
2025-07-07,853.0682983398438,865.5480848421633,843.8332563281274,845.6303333971698,3295065,9061,45.56209927297448
2025-07-08,848.9249877929688,861.5046491928432,847.0780037587979,853.6173997214189,2344400,6005,47.6797976496222
2025-07-09,839.3904418945312,853.517584619168,838.1923702005214,850.3726540394493,2406142,14110,74.12795398047379
2025-07-10,851.4708251953125,854.3162529998127,839.5901053406043,843.6335438665195,2560806,11622,60.24667681456044
2025-07-11,857.461181640625,866.2969074069425,848.226139251802,850.6222827326752,3849544,11409,76.45075008424895
2025-07-14,866.197021484375,872.087505253343,856.0634711220131,857.4112637275003,3605770,14491,45.736035219916246
2025-07-15,879.5753784179688,885.3160803769964,868.2437563169067,869.5915489240077,3532750,10231,52.57752171206991
2025-07-16,878.327392578125,887.5125278250573,874.5834565483802,874.5834565483802,2863446,17061,77.34855414794097
2025-07-17,863.7010498046875,889.4593781906882,861.3548742898693,878.3273841280933,4185118,11768,52.00421110979412
2025-07-18,868.64306640625,875.0327416089453,859.857308704888,864.5996276788773,2622714,15572,75.655584451678
2025-07-21,857.4112548828125,868.6430629342083,829.2568438466888,868.6430629342083,6765856,4207,71.96573929454367
2025-07-22,841.8364868164062,883.2194708649131,839.7398461312857,878.5769659317137,7686762,5384,50.44910832651376
2025-07-23,849.773681640625,852.6190487049275,840.4387643932794,847.6271338998636,2623940,15041,67.59703248982261
2025-07-24,846.5289306640625,859.4080342025928,843.6335957242711,853.8670209978496,2006984,13014,62.26468529972142
2025-07-25,822.3680419921875,847.0281128612578,820.0717734115404,845.0313469760935,2805230,4265,52.8181818174415
2025-07-28,800.7529907226562,827.4098262722013,796.7095521752236,823.6658904067161,5922408,11516,70.84713326597824
2025-07-29,806.89306640625,817.5258076560963,788.7224855641889,798.7063144953812,16766666,16679,68.17433598327086
2025-07-30,800.603271484375,813.4823743260632,794.2635035106704,809.6885314952509,3218643,17285,74.56944197653814
2025-07-31,797.608154296875,804.6966487887933,787.8239527460577,794.3134418491932,4480429,8371,69.5771558502583
2025-08-01,782.4327392578125,797.3585767222569,778.4392074110827,791.2184971333259,4739250,11710,73.52259348119371
2025-08-04,802.749755859375,804.2972371618821,779.7370422790204,781.7338080723085,2980888,14157,73.19817233020609
2025-08-05,817.8253784179688,847.3275809800909,808.7400574493381,818.6739795099513,18982770,8389,50.510461706483355
2025-08-06,802.0509033203125,820.6707693598112,794.1138077672765,820.6707693598112,5249912,3197,62.599966593114985
2025-08-07,806.04443359375,808.6901727309717,787.8239451340708,800.5533274826138,2553303,17971,75.23430934114054
2025-08-08,781.1847534179688,807.1926171448683,777.7403200443443,805.2956651604203,2490574,5974,73.55759370348304
2025-08-11,781.9833984375,788.8222968580621,776.5921064579863,783.2313770497527,1629229,17121,54.83194612917507
2025-08-12,781.7837524414062,790.070318692807,779.5373908164595,782.782135385827,1462522,7767,59.05709226972904
2025-08-13,772.1992797851562,786.526050277765,765.4601950915296,785.727356130997,4114205,14439,46.37582562560619
2025-08-14,768.5052490234375,778.5389851345358,764.4618104039151,772.1992779972007,1859573,14818,68.48678890521958
2025-08-18,787.3746948242188,794.6129708157991,776.2427011660334,776.2427011660334,3029689,10066,52.77243371994289
2025-08-19,784.2297973632812,789.4214008252885,779.5872923295772,785.9769675038106,2807872,8824,70.2396075793383
2025-08-20,776.9415893554688,788.9221842231353,775.7435176814108,785.1782483269895,2332155,14893,57.02126582988078
2025-08-21,766.208984375,780.5856618655107,765.2605084134192,779.7370607578348,3324022,3612,74.11699720152805
2025-08-22,758.870849609375,771.4505112366336,757.5230570126674,766.2090007927239,2483587,13123,78.64634832224466
2025-08-25,769.6034545898438,773.746768109789,760.2685986007798,766.708180664598,2790762,9260,60.33367745930931
2025-08-26,755.1768798828125,771.7500123054746,752.930518268728,769.603464610766,3306397,15472,45.3370856396469
2025-08-28,745.3926391601562,761.1671375260484,743.6454691076706,755.1768402032403,3085661,5767,47.13041252856721
2025-08-29,738.30419921875,749.1366299645493,736.806624778144,741.798539580164,2538543,5842,63.870324432782645
2025-09-01,751.632568359375,752.7807331093904,740.3009464199112,741.1995154361371,1436082,13493,64.31129214859902
2025-09-02,749.9852905273438,757.5230696758709,746.2912613940211,751.7823676651477,1330606,16297,68.95815894625866
2025-09-03,766.85791015625,767.7564791748612,747.9885091935414,748.7872033564967,1933362,7969,74.11073838344427
2025-09-04,753.6293334960938,772.14938567442,751.6325676277207,770.5519364178466,1401421,13092,47.733099052499966
2025-09-05,755.8258056640625,758.2718560968281,748.7872180021344,755.1269254066352,2873689,16321,66.5988511543939
2025-09-08,749.5360107421875,759.2702446479302,745.2928831422483,758.2718616832386,2330647,14386,73.90539549569509
2025-09-09,744.9434204101562,753.8788985584229,743.8950696227454,752.4312921119143,1347461,9539,55.46872152951266
2025-09-10,750.03515625,754.6276932314906,744.8934599224224,748.9868663886224,1350420,4214,49.22642741952571
2025-09-11,747.389404296875,753.0801989359792,746.2912074965459,750.2847390416779,975314,7272,51.75222456113018
2025-09-12,739.3025512695312,753.130130318423,738.0545726212032,751.7823377528116,1853165,16334,67.83416759389424
2025-09-15,738.7035522460938,743.1962754187141,736.9064142278793,739.8017490914845,1499071,8960,70.59540607278173
2025-09-16,741.0497436523438,747.738921595743,733.4120897204135,739.5022622691929,2892657,8356,57.939824971624574
2025-09-17,737.8549194335938,744.6938793181181,735.8581534999738,743.795310273405,2280605,11026,67.45545748813916
2025-09-18,734.2607421875,741.7985211641237,731.3155003401355,741.2494227368255,2280312,13508,75.96846033996192
2025-09-19,743.1962890625,745.7421533864309,734.9596297614853,736.8066138362201,8190278,5577,73.92646498929986
2025-09-22,733.112548828125,747.0899093813265,732.2140407830071,743.1962526462369,1884250,14787,45.99132141242751
2025-09-23,754.0286865234375,755.7758566014461,727.8710423111028,733.8114327636234,4501893,11454,54.71247183397671
2025-09-24,739.5521240234375,757.7227047658776,737.7051400558755,754.0286758942979,2993982,17482,59.825583720267076
2025-09-25,739.5521240234375,744.3942566539362,734.2107999491161,739.7518127882577,3037406,6483,67.36261128972295
2025-09-26,711.597412109375,741.4490851995946,709.4508644993872,740.8001119398896,5779485,11698,45.826948839895714
2025-09-29,722.230224609375,733.6616602294218,711.3977334268932,716.5893367687614,41100690,4664,78.58230580074448
2025-09-30,734.3605346679688,736.5070822914656,721.3815568838367,728.8195217243422,3965781,15959,60.0398560067012
2025-10-01,741.9483032226562,744.2445717880397,724.8260114966034,731.0159978867587,4127017,14225,76.43135226302833
2025-10-03,746.19140625,757.7227165950355,740.5505184721579,741.9981858691352,4112610,7123,47.85207094571128
2025-10-06,738.1044921875,754.3781218523781,732.9128887344855,740.8001383012247,5118797,17509,53.62013582881974
2025-10-07,747.788818359375,751.1833447131598,739.2526564519102,741.7486137895582,4348518,11964,51.70384761409176
2025-10-08,739.7518310546875,752.8805297895354,737.9547539998421,745.8419424451241,4238626,16790,72.01180509203024
2025-10-09,747.9385986328125,752.0818512428947,741.7985192202688,742.7969021532704,3506978,4533,56.7982130035425
2025-10-10,762.1156005859375,765.5101269908688,746.5408509389268,748.3878350220322,5386722,14553,64.38453214900554
2025-10-13,758.6712036132812,766.708173914306,755.8257757356675,756.7742516948721,2906803,14369,60.15900742418079
2025-10-14,749.1865844726562,761.8160921341826,742.098029018595,756.7742704615393,1833516,15639,68.74554057781836
2025-10-15,738.9031982421875,751.7823626948099,732.0143924367402,751.1333894015652,2333738,6515,58.34289754737973
2025-10-16,738.30419921875,743.6455236823274,733.811475896932,741.6987256587075,3056360,17854,71.87740864427784
2025-10-17,749.7855834960938,759.7694128369205,733.3122650837295,738.8033712211842,4770012,8604,76.84736378692287
2025-10-20,758.5214233398438,769.4038215405594,725.1255024842827,741.7985094327133,9184006,8825,67.37914504131483
2025-10-21,757.2235717773438,761.6663881576291,754.7775213264936,760.7179121538553,350896,15879,77.32946102737446
2025-10-23,758.3716430664062,764.7613181408607,750.5842684632295,757.7726376878763,5363491,4608,66.03862076379605
2025-10-24,753.8290405273438,758.7211413979236,749.6358199149124,758.7211413979236,2001556,10439,50.955870943700425
2025-10-27,768.8047485351562,770.7516073991683,751.9321138987843,754.477978134897,3590863,12730,76.23512667955237
2025-10-28,798.4567260742188,800.6531806464594,771.2008850300925,772.6485524256459,8948361,13552,45.946014477255005
2025-10-29,806.144287109375,808.7400582822535,792.5163361106219,802.6998539071834,4077629,13786,60.08738101083195
2025-10-30,799.6548461914062,808.6901998168831,795.9608170419878,805.6950509286725,4103276,5319,62.77038378068781
2025-10-31,793.5147094726562,805.1958014830744,790.7192495655239,799.6547886260618,3511425,14804,59.45130811533788
2025-11-03,795.6113891601562,802.4003809640076,789.8706872558809,793.5147484245457,2640561,14559,75.22848035666391
2025-11-04,788.9221801757812,797.9575332381683,783.830390821271,795.7610786697397,3505823,10165,49.3936707803304
2025-11-06,784.9286499023438,796.2103645099902,776.092924655939,789.7208756456455,2640541,12795,48.359061281343195
2025-11-07,795.9608154296875,800.653227532338,777.8401403181341,780.8852570974815,2079256,15991,66.58499519722628
2025-11-10,798.057373046875,806.4937210172546,789.7208999316614,789.7208999316614,1894738,6002,55.10863165490091
2025-11-11,824.7640991210938,826.8607397978946,791.5179603431194,798.4068268096041,7150449,17504,46.75068427122205
2025-11-12,863.002197265625,871.5882657726519,825.6626526849749,828.7077083219754,11714519,9585,51.08806749641595
2025-11-13,862.0537719726562,890.9070027195964,857.6608626098791,860.6061045051642,9325204,10270,63.56457624498065
2025-11-14,846.8782958984375,870.5898898006926,844.4821525611007,862.6028265915119,4460991,17965,64.19083087727833
2025-11-17,852.6689453125,860.3565062062474,837.144102644547,850.6222724545667,4019335,8203,46.91422661641615
2025-11-18,846.5787963867188,857.1117238459914,843.683461587962,852.6689077319503,1958051,9424,67.95941823475972
2025-11-19,838.2423095703125,848.9250194388937,834.9476579867396,848.6255167379253,2317710,11804,48.547048703541414
2025-11-20,828.058837890625,842.6352044942597,826.1618859229857,842.6352044942597,5136903,4068,61.84317760743277
2025-11-21,845.1810302734375,855.4144549798606,829.2069039024356,830.8542600590276,7304707,13678,45.136517334360846
2025-11-24,834.6980590820312,856.1133856987557,831.2037187322404,845.7301785705075,5082933,11421,45.33901637941722
2025-11-25,838.5418701171875,843.5337849031299,827.7093784698167,834.698059170136,3021941,16236,60.002193612091574
2025-11-26,849.3243408203125,857.3114039789632,839.6400145531574,843.5337322175819,2939823,7484,69.00711184473835
2025-11-27,856.0634765625,862.353276988846,845.1810779833681,851.6206602274798,3016014,6333,75.29811842328701
2025-11-28,857.16162109375,861.6044371574615,850.1230338813191,858.2598788385588,2901007,12981,50.06193761658824
2025-12-01,845.7800903320312,861.0054294170234,841.287367323345,858.6092861044751,3019328,10314,49.55218899366787
2025-12-02,848.9249877929688,859.1085058014983,844.0329480289546,845.7801181453434,2674933,16133,68.32444222045791
2025-12-03,845.530517578125,854.9152804448884,839.9894436343911,852.6190119209174,2063761,10069,60.10046059189146
2025-12-04,861.6044921875,871.5883217609357,841.5370191194781,844.6319819126594,4259999,17653,50.28694508255846
2025-12-05,868.6929321289062,872.9860273244162,854.7155716059217,862.2534112085531,3377823,15630,59.213682783378495
2025-12-08,840.0394287109375,872.1873105769721,833.150562061668,868.692970292711,2015558,10054,68.03025866926765
2025-12-09,842.984619140625,847.327621533366,830.8043959043771,840.0893451485904,3015385,11059,49.48467422031774
2025-12-10,832.5015869140625,850.2228840302986,826.8108529273112,846.4290410603115,2623610,7203,76.34906877559645
2025-12-11,834.1988525390625,841.4371288472021,826.1618820669715,833.1006556806868,2810755,10795,70.79721625568718
2025-12-12,844.78173828125,849.8235598766549,837.6432759767104,838.6915658630487,3492109,5679,52.44076193269085
2025-12-15,849.8734741210938,852.1198357267002,834.0491289628497,844.5820567485125,2458486,10004,72.35569307075885
2025-12-16,843.6834716796875,855.414470952437,840.4886341585408,852.6190109726052,2811166,16303,73.04212448410273
2025-12-17,832.5015869140625,844.7317778816057,826.461382337792,836.8445892480855,3107473,8355,77.7753718237825
2025-12-18,833.5499267578125,841.1376125977612,824.6642943688436,829.4565202117826,1537403,16532,74.31259591403679
2025-12-19,843.3340454101562,846.5288828683284,829.6561875319057,833.5499052053744,7000947,15998,73.01619182412699
2025-12-22,855.01513671875,861.404750692844,839.5402018269534,843.6335473269753,2387606,12233,66.79423202967945
2025-12-23,848.5256958007812,858.3098365491015,844.8316666888195,855.0151849927689,1628642,17010,67.70203989204768
2025-12-24,846.6786499023438,857.4611735921441,842.8348999133344,848.6255088452217,1947886,13209,76.00102450093944
2025-12-26,848.4757080078125,857.5111222662579,835.7463256604859,839.6899504181257,4257972,9107,53.646781668720116
2025-12-29,838.2423095703125,853.1681470225833,835.2471606877081,848.4258279584596,1907670,9303,51.51327120829048
2025-12-30,840.1392211914062,842.7349923903203,831.9025621601179,838.2422692823449,4409838,11659,76.89753123409393
2025-12-31,862.8025512695312,868.1937825982415,835.1972385292639,840.1392462829258,2887744,3552,75.41880902360144
2026-01-01,888.760498046875,890.1581975894748,862.1036615813864,864.050520485625,4244931,10471,49.24031991968147
2026-01-02,900.9906616210938,908.2788446145513,888.8103780358388,894.5510797193052,6250730,4829,69.98364966811235
2026-01-05,898.4947509765625,908.5284874695664,891.0567857874594,903.53657270325,2521435,11494,49.551724911782806
2026-01-06,912.7716064453125,922.5058401481747,885.0664797525508,896.5478836072087,8308942,12647,74.14056789001962
2026-01-07,896.3980712890625,923.2046889820487,891.4061567395072,913.0211711136644,2952528,11016,48.9674816053638
2026-01-08,882.0214233398438,901.2902019559299,874.6832721455938,895.5495000326438,3567518,8377,49.28113459594304
2026-01-09,880.8233642578125,890.5575980934755,876.6301436490041,876.6301436490041,2515780,6957,66.55385360314693
2026-01-12,903.98583984375,906.4817971789327,877.6784129690496,878.7766707584051,4015935,8318,69.9822763760393
2026-01-13,909.0775756835938,912.2225063255908,896.0486904773156,907.5300943107297,3958844,4388,49.14944050225451
2026-01-14,942.97265625,947.3655654181243,903.5365313988883,911.523594659873,11559313,16384,76.91171278967207
2026-01-15,942.97265625,942.97265625,942.97265625,942.97265625,0,12525,76.80952548611198
2026-01-16,952.3075561523438,958.6473244711477,936.5331176688537,943.471891385382,10345071,10770,77.97691140296126
2026-01-19,948.2640991210938,960.3445691919512,939.9276259915447,946.4171150666178,5455304,6289,65.71589381568427
2026-01-20,903.6863403320312,946.467024833078,897.5961678508716,944.4702589579027,6701234,12137,56.430705687062925
2026-01-21,905.68310546875,917.6637007100331,890.008481174113,906.5317065904242,3567143,13622,48.85094482952997
2026-01-22,900.9906616210938,914.7184265163398,891.4561170993233,909.5268232413919,2338485,8415,53.58307855597521
2026-01-23,891.0068359375,913.1209807259169,886.8136155483476,898.5945216424753,5907525,9608,56.93243343607086
2026-01-27,893.3031005859375,895.5494621129767,849.773630481004,873.5850382930374,8419598,9516,53.75044827891159
2026-01-28,900.2418823242188,901.5397679202011,876.2307855209444,897.296640551806,2982683,12265,59.35273484611257
2026-01-29,896.947265625,903.0373772384255,889.2597047315325,898.444840048281,4382116,3040,56.76596788361264
2026-01-30,894.6509399414062,901.2902109544248,886.7637511734122,890.6574081288139,2867342,11309,72.79288056389255
2026-02-02,908.778076171875,913.0212036903924,882.9199335079735,887.5624385792879,3762702,15793,57.32163794675235
2026-02-03,920.908447265625,958.0482438455417,914.8681817357873,949.7616776395164,9608114,15040,75.98999571319435
2026-02-04,919.8101806640625,930.4928901958776,914.3190745523916,920.5090609019304,2883259,4953,78.75567135050117
2026-02-05,912.92138671875,920.6588545207702,900.8409165563012,916.6153548557087,2552518,17923,65.2061486821818
2026-02-06,902.1387939453125,915.5670565823636,893.5527250955143,907.6299000771844,2711855,10268,68.62448392162348
2026-02-09,926.3995361328125,935.4348893743517,898.8940379290293,908.5284574846307,6863941,11993,53.355613012166295
2026-02-10,926.0999755859375,931.4912677481304,918.5122897409217,926.3995392121932,2768617,16438,49.89975966404507
2026-02-11,923.5042114257812,926.7988629116843,913.5203821130701,926.3995463010508,2473671,12806,68.76986010548103
2026-02-12,921.2079467773438,935.4848105677671,913.520385986667,927.198244390371,3082642,14893,45.955323075716684
2026-02-13,924.552490234375,928.4462079942444,901.8891857788778,920.5090515984845,2860622,8238,64.10839943249175
2026-02-16,930.39306640625,932.1901434728022,910.6750037599087,928.496114485943,2098887,5268,59.62437472230667
2026-02-17,942.2738037109375,950.6602447559438,926.6990542690213,930.3930833230469,6284594,8479,63.181513339300416
2026-02-18,943.1224365234375,948.4637606959319,931.2915625255142,942.4734632599576,3474257,14615,66.01440648494523
2026-02-19,925.8504028320312,942.9726947718206,921.7071501580115,942.9726947718206,2641817,17450,71.6037860614272
2026-02-20,924.552490234375,946.3671935830465,921.1580248706152,932.489646630135,6462199,14239,57.49571775696311
2026-02-23,918.2626953125,933.1386252702919,910.4753206844206,924.5524955530082,4217172,4057,76.57290604908758
2026-02-24,929.8938598632812,932.889008571104,910.5252071781116,918.2626746733204,3079572,17774,71.26599737279716
2026-02-25,935.834228515625,940.3269517652179,930.5927180577665,932.4896700266227,1173030,13967,63.25460827118093
2026-02-26,963.0401611328125,967.2832886347888,934.7859360716496,936.483199259732,8974624,8462,51.90962537767523
2026-02-27,955.202880859375,966.4346889698196,949.6618677121807,961.4427742540664,3745120,17557,66.08701801239032
2026-03-02,940.9758911132812,954.404153417786,931.6909422529827,937.4815509340808,1568186,11843,54.436077463341476
2026-03-04,926.050048828125,941.4251698979126,915.217618712904,928.496099126017,2527046,4558,74.50335743792743
2026-03-05,935.6845092773438,946.0177483949518,925.4510840797626,928.546046838106,1949212,9306,66.61446425456492
2026-03-06,916.36572265625,941.3752631122544,910.5751140092233,933.4880138081696,1153433,7053,73.28788046303117
2026-03-09,879.7750244140625,898.5446107627033,869.1422221454546,897.5462278618559,3362985,7399,69.33613872423624
2026-03-10,897.2467651367188,902.5880895195396,883.5689065986902,890.5575872158549,4547967,16658,53.02986918465762
2026-03-11,875.7316284179688,906.0325265568853,871.7380966204728,895.7491943656252,2754525,10516,57.18828379460681
2026-03-12,830.005615234375,869.0923308830191,826.6610568307178,868.5931394235803,7514347,11625,58.67824995858496
2026-03-13,813.0830688476562,831.8027484693043,803.4985563194982,825.6626691788209,5606889,11403,75.06708831378742
2026-03-16,823.7158203125,828.6578279799128,804.8963265456117,813.2327995970915,3107008,15657,76.22031126729954
2026-03-17,819.5225830078125,823.6658964372004,806.6933870560703,823.6658964372004,3713235,3000,53.40866685675623
2026-03-18,840.7882080078125,846.5289098493978,814.2810924944565,818.2746242103419,4695600,13977,60.10097298286499
2026-03-19,814.97998046875,829.9058175858565,811.6354219995288,826.8607618108783,5080824,16419,52.685352768522584
2026-03-20,817.2762451171875,835.646515471063,811.785138982073,820.6707714662052,7872290,11808,51.83022563330176
2026-03-23,777.09130859375,807.6917689617538,770.651787615099,804.9961229349116,7448050,6731,72.97553024959853
2026-03-24,795.9608154296875,800.8529163117729,770.4521429707223,788.5727571458157,6347812,3751,51.91260895031851
2026-03-25,817.0765991210938,832.9508508515821,801.651570951601,801.651570951601,3095936,15080,60.13127680437893
2026-03-27,791.2683715820312,814.8801520302304,784.0300954072441,807.6917828141848,6211886,11183,63.05299857165241
2026-03-30,751.2332153320312,782.7321832221095,749.2863565155525,779.7370345618208,7093604,12434,50.05655089179042
2026-04-01,784.3795776367188,792.3666411205819,764.7114216204141,764.7114216204141,4336917,13144,60.133664335288636
2026-04-02,777.4407958984375,783.4810004075019,752.7807254632131,770.9513068858236,2481604,4156,72.77925015709744
2026-04-06,784.9286499023438,787.0252296223956,755.1768516038699,773.34737167487,2512596,6922,78.68232695337551
2026-04-07,783.5308837890625,786.5260324739874,769.0543318119255,776.7418922905239,1165539,15277,57.63813096697807
2026-04-08,834.5982055664062,839.4902452621524,808.6901568719219,810.6869226913586,3572416,5073,68.65029086582476
2026-04-09,813.2327880859375,833.5499168896142,810.686923849809,830.5048002614561,2531440,13390,55.39072636699545
2026-04-10,829.556396484375,834.0990266043401,816.4775436092999,817.1764238438617,1509168,16744,59.51629407145024
2026-04-13,817.5758056640625,820.8704571454182,799.4052241527161,805.7948383421572,1555260,5344,78.11272565237965
2026-04-15,838.741455078125,848.6254702235466,826.8108280988534,830.6545779129303,3272348,6411,45.29102350283909
2026-04-16,846.5289306640625,855.8637869048893,839.5402499894236,844.1327872010311,3785293,17688,67.32839609716635
2026-04-17,852.5192260742188,856.0634733623148,837.1940112173561,847.6271252406489,1850548,11780,47.95734935879203
2026-04-20,850.5723266601562,854.6157652312605,838.142447326686,852.5191855088973,2453075,10057,75.07381248832853
2026-04-21,855.01513671875,864.4498063390998,853.4675944804055,856.3130222965773,975223,3652,68.31189618602046
2026-04-22,868.6929321289062,871.5882668975354,849.6238432185597,849.6238432185597,2253573,15947,63.170407122632696
2026-04-23,858.958740234375,868.2936573089414,852.7688147398326,860.306593768671,1561128,3319,47.2032838143491
2026-04-24,846.5787963867188,866.5963614424235,837.6432572006835,866.5963614424235,1453183,3907,78.20869461855239
2026-04-27,898.6943969726562,902.0389553322885,863.800902229899,863.800902229899,11254307,10211,52.32543632108542
2026-04-28,884.1179809570312,894.2515919505684,881.0230182854311,888.7105789422741,5748485,9999,55.461934777411514
2026-04-29,912.2723999023438,923.5042078354779,889.559188304228,889.559188304228,3485256,8370,59.7420895029073
2026-04-30,914.5686645507812,918.5122892844572,893.802311936859,904.5349283605633,3438569,17380,59.75479441475578
2026-05-01,914.5686645507812,914.5686645507812,914.5686645507812,914.5686645507812,0,7896,77.6028452843245
2026-05-04,912.4221801757812,940.876093558355,909.6266592346428,923.7538020079423,1973688,6329,52.1786129649682
2026-05-05,909.2273559570312,916.6153531536891,901.5397951291037,909.6266725712929,2006111,5015,47.37931670071808
2026-05-06,945.2190551757812,948.2142040171093,916.4656384863237,918.9116888940334,2901974,15197,51.05060208098651
2026-05-07,945.418701171875,950.111112998247,932.5894443201739,946.7165867570955,2007411,10488,71.35712677623393
2026-05-08,949.2125854492188,956.3510478842409,938.979160257681,944.4702664580183,1604266,15099,72.16823831522967
2026-05-11,920.8085327148438,939.378491140731,916.6153123647108,937.4815392639106,1584134,12005,48.25071549983931
2026-05-12,891.4061889648438,920.8085789119453,888.6606358633335,918.5123103234286,1374763,11414,53.31299459712247
2026-05-13,891.0567626953125,905.3336263696938,888.8603080677635,889.559188304228,1428120,6503,54.12428611523492
2026-05-14,906.431884765625,913.0211877162768,884.7669630393032,893.5527206189915,1862991,5807,73.31232546109841
2026-05-15,884.9666748046875,908.5284881446236,880.5238584720729,908.5284881446236,1437283,3644,47.270669612395395
2026-05-18,890.7073364257812,894.4512723336353,868.7928193911841,884.3176614351277,1421988,7901,70.38845602010855
2026-05-19,893.8023071289062,902.6379715765414,887.362725122032,897.0470516116417,1303728,13442,68.93915574478282
2026-05-20,895.6992797851562,899.3433409574933,879.7251527310748,884.1180011090719,2947978,4049,54.872160879205026
2026-05-21,898.4947509765625,912.4222053618769,890.8570970095147,904.0357641798818,2144884,17249,75.80603376543833
2026-05-22,908.67822265625,913.0211639054934,901.2402578488428,901.5397605321602,1165558,12445,74.79128666566301
2026-05-25,924.6024169921875,931.9904751278272,918.6620872442892,918.6620872442892,1193834,4274,64.38242901982562
2026-05-26,930.7924194335938,933.4880656071309,919.5107041969707,924.7023077651793,2323571,4665,58.179130300581406
2026-05-27,930.7924194335938,938.2802916176082,926.4993849020508,928.9953422967222,1088920,4812,57.75655270341249
2026-05-28,930.7924194335938,930.7924194335938,930.7924194335938,930.7924194335938,0,11088,64.52137232836917
2026-05-29,912.8713989257812,938.6796339809182,908.8778672440386,929.0951213828611,3160610,8771,63.6818882336686
2026-06-01,899.6928100585938,924.402787804451,895.349807711083,916.2659424751711,1597794,16427,55.16722029930963
2026-06-02,911.0244140625,914.3190655096263,889.0100828743634,891.8554498204139,1756559,5239,73.08828218446173
2026-06-03,898.4947509765625,906.4319076422973,882.6204376450929,905.6331525305192,2302274,10060,77.8149277058103
2026-06-04,901.7394409179688,905.6330976378154,894.0518804565121,902.2386323643431,1798199,10931,50.524809352208514
2026-06-05,903.3368530273438,924.3028943287444,894.6509094437577,897.5462442837721,1890312,12585,65.75043651097143
2026-06-08,893.6026000976562,902.2386365344305,879.5753325769942,879.5753325769942,1864831,17384,46.91960576591413
2026-06-09,921.3077392578125,926.4993425889212,894.600996354522,894.600996354522,1694676,5831,56.801603136274046
2026-06-10,882.5206298828125,922.2562595126841,880.4239891044531,921.3576904738928,1993081,13015,71.20654057845853
2026-06-11,887.5125122070312,896.1484879351287,880.324142969127,882.420722734306,1768283,7144,56.886239130844324
2026-06-12,915.8665771484375,918.212813648809,888.510920810405,899.992324764746,2663666,5810,49.27841430539952
2026-06-15,931.6909790039062,951.9581406554242,921.6072746700121,924.5026095929971,3037001,17232,78.68073462309628
2026-06-16,924.5025634765625,934.5362994133959,920.5090318848711,931.4912437620225,1602315,8217,54.873608252526395
2026-06-17,934.6860961914062,936.8825507893033,918.7119695688193,924.5025782822157,1193109,7321,50.26335971921672
2026-06-18,937.2319946289062,939.9775477423332,930.7425054517154,935.4848244658164,1007080,12089,77.89584303501088
2026-06-19,945.9179077148438,949.0128703856304,929.6941852996,936.982368412695,6521623,14700,71.97029370168596
2026-06-22,919.5606079101562,945.4686577626442,912.4222063484809,945.4686577626442,3031578,7327,62.934689861287985
2026-06-23,903.98583984375,922.5058310835137,901.340100693873,921.5074481494406,1163601,9699,73.0647778897904
2026-06-24,926.0999755859375,932.3898367539817,898.6944130814207,902.5880699217088,1793188,7698,73.29765958616404
2026-06-25,918.9500122070312,936.9000244140625,915.5,933.0,1469160,15634,64.71078523740529
2026-06-26,918.9500122070312,918.9500122070312,918.9500122070312,918.9500122070312,0,7538,60.93476466347924
2026-06-29,915.4000244140625,921.6500244140625,908.0999755859375,918.9500122070312,3346498,15751,63.26968961078004
2026-06-30,924.2000122070312,933.0999755859375,916.4500122070312,916.4500122070312,2515841,6674,62.18150901109641
2026-07-01,941.5999755859375,949.5499877929688,927.0499877929688,927.0499877929688,2290915,13979,54.67793418017567
2026-07-02,943.5,944.9000244140625,931.5999755859375,941.5999755859375,1177319,7245,50.646497048848204
2026-07-03,974.3499755859375,978.4000244140625,942.0999755859375,948.0,3819865,17578,63.329950377551775
2026-07-06,1009.7999877929688,1012.2999877929688,960.0,968.0,4977371,17542,64.4231381118422
2026-07-07,1022.25,1038.0,1004.2999877929688,1009.7000122070312,5804915,17561,77.07981870950027
2026-07-08,994.6500244140625,1031.300048828125,989.7999877929688,1015.9000244140625,3903183,4334,61.54011806509377
2026-07-09,1015.1500244140625,1022.3499755859375,995.9000244140625,995.9000244140625,1952468,17546,48.98565637040846
2026-07-10,1015.7999877929688,1031.6500244140625,1013.7000122070312,1019.7000122070312,1084109,11267,59.46173429827787
2026-07-13,1012.9000244140625,1018.2000122070312,1000.5499877929688,1010.0,862018,5056,58.72940056710839
2026-07-14,997.3499755859375,1009.0,994.0999755859375,1008.9000244140625,767488,6980,64.79204085115924
2026-07-15,1009.7000122070312,1022.8499755859375,992.0,998.4000244140625,1491258,14758,57.035587185163735
2026-07-16,1013.5,1019.0,1005.5499877929688,1018.0,695548,14053,58.95042123836097
2026-07-17,1027.199951171875,1031.199951171875,1010.0,1013.7999877929688,2257757,9815,50.83526315979573
2026-07-20,1032.8499755859375,1034.6500244140625,1017.1500244140625,1029.0,1686017,12106,57.879330173649095
2026-07-21,1063.449951171875,1068.800048828125,1031.449951171875,1037.800048828125,5124543,16255,60.08866397915977
2026-07-22,1069.300048828125,1077.8499755859375,1055.6500244140625,1058.0,5069159,17883,53.375632049279766
2026-07-23,1005.5,1042.199951171875,998.1500244140625,1036.5999755859375,7505583,14092,73.79982662000992
2026-07-24,996.0499877929688,1003.4500122070312,984.0499877929688,1000.0,1995292,6070,70.67824935347296
2026-07-27,1006.6500244140625,1015.5999755859375,1000.0999755859375,1003.0,1979222,12461,74.36353859045778
2026-07-28,991.9500122070312,1006.0,989.2000122070312,1001.0,1643112,4470,49.845256123204955
2026-07-29,1012.2999877929688,1015.0,993.5499877929688,995.0499877929688,1232625,6835,67.1337741231103
2026-07-30,1011.4500122070312,1013.5999755859375,999.0,1012.2999877929688,1237239,9744,49.06253237349265
2026-08-03,1028.9000244140625,1028.9000244140625,1013.2999877929688,1019.0,887652,5389,53.00766191707376
2026-08-04,1026.0,1028.9000244140625,1014.5999755859375,1028.9000244140625,720413,11740,75.73343154547601
2026-08-05,1019.0,1038.0,1013.0999755859375,1025.0,1367377,4725,66.9691637111959
2026-08-06,1016.2000122070312,1033.9000244140625,1011.0,1016.0,769423,17843,77.6230913570125
2026-08-07,1022.0,1024.9000244140625,1004.4000244140625,1010.2999877929688,1727371,7275,45.84697525934915
2026-08-10,1027.300048828125,1028.0,1012.0,1022.0,1042293,16989,65.35908921405466
2026-08-11,1008.9000244140625,1024.0,1005.0,1023.0,1400560,11966,62.31726193323665
2026-08-12,1017.5,1022.7000122070312,1006.5,1009.0,915131,16641,72.71638704369491
2026-08-13,1024.699951171875,1024.699951171875,1009.0,1015.0,674807,13800,78.401525805321
2026-08-14,1020.7999877929688,1026.5999755859375,1014.2000122070312,1022.5,1034094,14900,67.85133226242206
