Date,Open,High,Low,Close,Volume,No_of_Trades,Delivery_Pct
2021-08-16,424.303466796875,428.88868997965164,414.9358557140932,416.8094020044856,10165396,7404,67.69387343423979
2021-08-17,409.1673889160156,426.96583730244475,407.14593906740595,423.7118371844014,10044107,3690,45.64121384687978
2021-08-18,402.3142395019531,412.47068988383455,398.17275735251513,409.16739851077926,9405766,8310,47.3912493805796
2021-08-20,371.59832763671875,389.9884203264478,368.7880384376523,385.5511310939092,15773398,12863,45.598958555673754
2021-08-23,358.5329895019531,380.12779189462873,352.61660363588885,378.30356690080004,16523384,6394,50.012436115441815
2021-08-24,367.55548095703125,372.1406740973923,362.3786431970731,364.7945128553051,10065675,11619,48.23052019008001
2021-08-25,370.16851806640625,377.3174839684182,365.13958430998065,369.87271082461956,8530532,8304,76.30862869223618
2021-08-26,366.07635498046875,372.04203169138145,363.85771040482956,370.7108690198323,7890653,7721,73.66928632940703
2021-08-27,366.3228454589844,371.1545539566743,364.84374917853086,366.81587755246886,6693997,10925,49.09073141960991
2021-08-30,376.13421630859375,379.53611988052796,369.7740899249673,370.80944533984024,8142482,8431,57.40818350825752
2021-08-31,371.69696044921875,377.6626375962625,370.71089612129117,376.08492865311933,10414277,6716,49.793050827267244
2021-09-01,365.63262939453125,374.6058205182387,363.3646935477048,373.6690774911992,8361942,15504,73.55193498635997
2021-09-02,372.4858093261719,374.60584166655127,363.6605213303674,366.5201320277538,7327328,7853,62.54667838594956
2021-09-03,387.12884521484375,388.50932919861356,370.2671398834502,370.7601720271033,11542927,14255,72.09920711249934
2021-09-06,384.8608703613281,391.3689005248762,380.7687096824957,391.3689005248762,8303871,3613,78.23161907760598
2021-09-07,394.2778015136719,399.1588015593371,384.36783761678817,387.5232552947826,12792717,8023,60.74211988381688
2021-09-08,390.2842102050781,397.8276256385664,387.57253357252256,393.24240289513875,6035429,13944,58.28805613463732
2021-09-09,394.77081298828125,396.94013619763365,389.692588318855,391.9605239677897,6072716,8647,68.10029702492055
2021-09-13,397.8769226074219,398.8136956765001,393.7847620117024,396.69363347724857,5132723,5949,71.24268310291022
2021-09-14,395.5103759765625,402.61002050831814,394.6722153471232,399.35602052613336,5800969,9235,68.4682206801507
2021-09-15,396.2992248535156,400.5393192780121,393.68616055146987,396.94016061178445,6194694,10307,65.91357801001882
2021-09-16,389.593994140625,400.24347608426814,388.70654232737024,399.0602170306928,6523771,8005,77.94422297108972
2021-09-17,381.21246337890625,392.6508152467732,373.0281116554187,392.453590350383,12906039,5434,49.19353099877009
2021-09-20,346.2071838378906,373.22533980249193,344.1364427769344,373.22533980249193,18657173,15820,53.03184075816899
2021-09-21,356.5608215332031,358.6315623762769,342.2628906013342,347.58763127474435,12597294,8374,49.813340288074556
2021-09-22,360.8501892089844,366.5200580947321,353.84912769682046,357.9412879176413,7224345,11630,77.2378442644135
2021-09-23,365.9777526855469,368.7880419110821,363.8577204951585,366.8159133447126,5410189,4445,74.10123539361888
2021-09-24,354.14495849609375,367.7033415173247,352.02492644214146,367.7033415173247,7902775,13680,60.38746231532873
2021-09-27,352.81378173828125,357.44829581752225,349.1160407470655,355.47616728887385,5284583,7611,49.30330063381106
2021-09-28,356.3636474609375,360.89954945616813,351.2361309338775,354.98316339950964,5705876,8141,65.1852101165013
2021-09-29,377.1695556640625,381.40961967774854,353.4054024782738,353.9477558424465,18537905,6064,70.51470192813915
2021-09-30,383.82550048828125,389.298144913047,376.87375972252016,378.64866329479764,11425042,10282,56.066157842564806
2021-10-01,396.1020202636719,403.7933093573714,374.309994375133,381.2617352831963,17193037,7291,66.4263315488641
2021-10-04,412.56927490234375,414.0483712727577,396.89085939441424,399.15879512546525,13836045,14434,74.58972065343484
2021-10-05,415.28094482421875,419.86613747943585,408.52639882410926,412.61858945616956,10464852,7795,77.40426705922766
2021-10-06,403.94122314453125,421.83828366899525,402.067707045549,416.11912292635606,7957394,15277,69.82098919566901
2021-10-07,401.9198303222656,413.94979719452925,400.53934626706103,408.3292485214186,6127096,8843,51.77728894783754
2021-10-08,410.0548400878906,419.07732230253345,406.0119704895721,406.25848656151476,9816429,7829,72.60098681107375
2021-10-11,407.1459655761719,415.62612503544926,406.2585136764059,414.1963196858348,5070562,12252,60.68419967149705
2021-10-12,412.9637145996094,416.85868060074455,402.8565555785387,408.03339312591635,7390169,13822,63.39603515184036
2021-10-13,426.5714111328125,436.3827326079214,406.25848106128933,411.18880243339237,14252173,13961,48.73264254840915
2021-10-14,440.2776794433594,447.4759362976777,426.5713926415206,430.02261745238684,10695420,9297,69.5945452274633
2021-10-18,445.7996520996094,454.5756178796959,443.8275236055543,445.3066199760956,10750659,5180,66.1815595269091
2021-10-19,433.6217346191406,466.0632409803747,429.233736865214,458.32263094426946,12285531,3620,49.86966757508864
2021-10-20,435.05157470703125,439.78467123950753,421.09874099633737,433.6217694564427,7341439,12076,61.82661538313544
2021-10-21,427.75469970703125,439.98192162693726,415.4782166992178,438.3056002078966,7179385,9613,48.96049602545847
2021-10-22,419.17596435546875,430.4170920115377,415.0344820174084,429.82544737862963,5692093,14402,67.67765764752548
2021-10-25,419.37310791015625,426.52207362757053,409.21665830716057,421.19733276685145,4519537,8602,54.886989816054815
2021-10-26,439.48883056640625,442.6442179839825,420.6056768653804,422.33128923340064,6521650,10462,50.479629771876816
2021-10-27,424.4020690917969,442.39774258334467,422.8736814623092,442.05261405956844,4966436,14324,67.19354524189824
2021-10-28,408.3785400390625,420.75366555072833,402.8072825413439,420.55644064598084,7937914,13173,72.43033393814879
2021-10-29,411.484619140625,417.59822981952874,401.13094402113256,404.2863618087527,5982825,9384,75.06525569450076
2021-11-01,424.8951110839844,428.05052895689175,414.64004813547797,415.1330802973513,4712097,3525,65.90101447477333
2021-11-02,413.06231689453125,432.4384737914229,411.5339293121716,427.9518933975594,9190392,6005,60.00685806247405
2021-11-03,416.66143798828125,423.21878934330726,411.3860183095778,417.7954359528479,8741833,3928,52.32395101170687
2021-11-04,417.3024597167969,419.22526721192855,412.6186538886319,419.0280723903314,421029,16405,60.28830008835768
2021-11-08,418.6828918457031,422.0355043195022,410.3999580597603,420.0633757946447,5240000,12831,72.38109089898037
2021-11-09,407.54034423828125,424.99369357515246,404.5821514755772,418.88008316198017,11324467,8672,48.336818003312054
2021-11-10,393.6861572265625,406.8501211635549,391.46751263355117,406.2584765869599,11428841,11907,71.69831878446774
2021-11-11,396.15130615234375,399.25740247210524,392.0591455982266,397.33459527048734,5441641,3018,49.62238743786544
2021-11-12,392.9466247558594,401.6732998560983,387.57256226744994,399.84907487704135,6996964,14492,53.248740962008824
2021-11-15,382.8887634277344,396.00343693940766,381.6068918486234,396.00343693940766,5942662,15950,77.0516176454133
2021-11-16,379.6840515136719,388.0655981704178,378.0570514164096,381.21246925351414,5736307,11582,62.80200029880061
2021-11-17,376.5779113769531,385.00877832924004,375.1481363445474,378.25423255126736,4510931,12281,46.338261174938275
2021-11-18,364.89306640625,380.32499610806866,362.3786145868503,376.67654631884847,7052933,17255,68.92678792758888
2021-11-22,363.2660827636719,367.8019845703984,357.00456842880004,365.8298559668038,4797124,12526,65.99079922405262
2021-11-23,375.54254150390625,379.97983022567206,362.6743861554113,362.8716110244058,6970887,16435,61.592436877499644
2021-11-24,377.7119140625,385.7483620958973,374.50720512157034,377.66262288494175,6334540,12967,77.98000014847128
2021-11-25,376.23284912109375,379.33897596690775,370.7602038931009,376.92310621845166,5149021,14789,73.59746347807179
2021-11-26,349.461181640625,371.00669259799747,347.43976186405195,369.7741122239177,8888472,4183,46.540695662030366
2021-11-29,347.7355651855469,353.0110151454247,335.2618579593419,349.4611776897494,9338109,3596,49.209822082447786
2021-11-30,338.7623596191406,353.8984518111415,336.74093995209927,347.7848715423502,7486278,7064,51.59413459772632
2021-12-01,342.3615417480469,346.84812233839176,339.4526399857608,342.16431684839216,8310368,6627,71.88527087905426
2021-12-02,349.11602783203125,352.0249293410944,338.269321325723,341.7698673899523,7496087,17974,71.3105320717281
2021-12-03,354.4408264160156,361.8363087024066,348.2286032400705,350.05282822250587,5937967,16987,58.112938511407805
2021-12-06,351.8277282714844,360.30788722338565,347.9820835410565,353.50404960919883,5309123,8016,76.33916304888965
2021-12-07,362.8223876953125,365.53406464343203,354.0463909530164,354.5887443980177,5908638,11914,51.4700210043129
2021-12-08,376.0849609375,377.66267001607895,365.18896121546953,368.2457669129104,11630602,3904,76.12729770584494
2021-12-09,385.5018310546875,386.7837025443674,373.81696365917156,379.5854455473167,7890573,7112,74.91818964958165
2021-12-10,389.9391174316406,392.84798889684777,380.32499105005365,382.49431433206183,6916045,15051,69.54498181484051
2021-12-13,390.3335266113281,403.30026505616706,389.5939784480222,403.30026505616706,7021123,5260,57.281200439889304
2021-12-14,393.5382385253906,395.41175453590535,384.17062838052505,385.0580801652644,5193670,6717,47.269645607771224
2021-12-15,390.3828430175781,399.94767858480515,389.49539118270917,393.43964830861,5197495,8261,67.79676696553761
2021-12-16,389.4953918457031,396.3485506505387,386.6358114430162,393.14384173028924,4730287,11648,73.51306134369152
2021-12-17,380.67010498046875,392.79871373475413,377.16958880753856,389.49539236334044,5908359,10059,51.20241522192448
2021-12-20,359.0753173828125,375.14818391118337,352.1235759390798,374.70444292869195,7368367,15456,78.62172680741907
2021-12-21,372.7815856933594,376.82445522377185,361.04742688444,365.6326197270996,5272426,12384,58.05740402664924
2021-12-22,374.6551208496094,378.4514441081319,370.4150265529006,374.7044120248009,2714085,16311,64.85746317546746
2021-12-23,380.17706298828125,384.36783608867574,377.26819147985384,377.6626111649618,5102828,10003,73.30154300898964
2021-12-24,378.9444885253906,382.14919741643274,372.58439201239077,380.6208098283916,3293420,14480,46.71653244874573
2021-12-27,375.69049072265625,378.05703897646623,371.9434584951483,376.6765550027682,2220250,10052,77.95183064171326
2021-12-28,377.8598327636719,380.3249933894988,375.9369954386097,379.6347363773501,1855502,5979,61.42244305121456
2021-12-29,370.9080505371094,378.4021446316606,367.80195426087136,378.3528534575504,3347746,7406,54.05433489921175
2021-12-30,364.9423828125,374.1127682470355,363.6111900643145,368.93593096476394,2800848,17605,72.49959552155292
2021-12-31,371.9927673339844,376.3807656257367,365.8298652906778,365.8298652906778,2721297,14092,63.58131904418225
2022-01-03,380.472900390625,382.00128795530645,371.79551685520494,373.9648702621332,2331615,15532,67.14142407255545
2022-01-04,382.7901611328125,385.00880573730956,376.6765506301699,382.64222741867803,3847048,4765,67.08124314766688
2022-01-05,400.7364807128906,402.7579303573382,380.86729330704594,382.5929056391814,9891594,14184,60.7247324470636
2022-01-06,397.2853088378906,405.37104830549134,394.7215355853127,398.3699856092461,5791462,9216,51.30177813291338
2022-01-07,400.9337463378906,403.0537785429606,394.0312963077971,401.229553587977,3868930,17448,57.390073126931874
2022-01-10,398.6657409667969,404.8779634345469,397.23596594313267,404.6807385591424,3564673,14263,66.25791021145857
2022-01-11,378.59942626953125,398.0741975446819,377.26823335378316,394.4257473448237,8641956,8335,45.16955567022008
2022-01-12,384.95947265625,389.100954494483,381.1631193199185,381.6068602641193,3823504,16777,70.82574491887911
2022-01-13,407.4417724609375,408.72364398779354,385.6990370354024,386.0441655518002,12631114,11995,51.20060561391584
2022-01-14,412.8157958984375,415.52747260994227,402.90586213512825,405.27241033761925,6714395,9314,78.8674621781847
2022-01-17,412.8157958984375,417.69682601606326,408.77292641918996,414.1469886661803,5629017,13040,51.32249939727313
2022-01-18,396.7922668457031,415.7740045510588,394.91875070103595,414.1470044804871,5251367,5239,53.70855238812733
2022-01-19,403.30029296875,407.8361947027497,392.7987143414455,396.8908751098334,6338539,3987,75.02872926598346
2022-01-20,412.3721008300781,414.7386491232013,402.166329342922,405.7161668287538,5606748,8160,70.09065352994695
2022-01-21,399.5039367675781,411.5832241898389,395.41177602665874,408.2306116584457,6469700,7455,64.75764280074932
2022-01-24,371.69696044921875,397.0387956215804,365.4847371278979,396.39785982688653,8097592,6893,48.33221895541361
2022-01-25,371.302490234375,378.0077453510837,366.1256527973168,371.74623119446886,5563162,6217,65.62850751295282
2022-01-27,370.2671813964844,373.1760834070907,356.11715126873185,364.8438272082536,6635808,7783,53.37409200393877
2022-01-28,377.2681884765625,391.2209916106972,374.7044154053306,374.7044154053306,6025485,13980,57.71019014815792
2022-01-31,380.62078857421875,385.1073687342261,377.3174674217613,383.43107761712406,4610487,5881,62.414700171794706
2022-02-01,405.42034912109375,407.93483125431584,380.6208368815941,384.2692869922478,10377270,9433,50.63636806047283
2022-02-02,411.0902099609375,412.6679188951246,401.2295667376371,408.23062944463936,5440855,8834,60.2799647155438
2022-02-03,411.68182373046875,419.81685378023246,407.54034185003553,407.83617917994803,6623741,9996,71.41048499558579
2022-02-04,418.48565673828125,425.4867188490415,411.9283355716966,412.8651086350483,7140522,10418,78.98864483253647
2022-02-07,415.6754150390625,428.24773551164884,413.9005112445569,420.06341343700115,6533398,14588,47.42610220330023
2022-02-08,416.4149475097656,423.41601015332867,404.7794006486232,418.0912688794549,7882733,10337,54.33248234466631
2022-02-09,410.69573974609375,413.11160907563436,395.6582606797602,403.9905152157271,11868324,16719,45.453393835754234
2022-02-10,434.7557067871094,435.93899588314764,412.1748422606653,412.1748422606653,16483464,15410,47.833640425541844
2022-02-11,430.3184509277344,438.6013849604855,427.75467775056774,429.87474005179604,9998336,15394,45.448490219215024
2022-02-14,401.9690856933594,423.02156345975686,396.89086082179983,416.46424221246394,8907990,10152,60.79752231212743
2022-02-15,409.90692138671875,411.7804374461159,387.52325084068326,403.9905358777007,11225764,14882,60.98383780824718
2022-02-16,408.1813049316406,414.6893048537123,406.5542748588302,413.0623048731944,5635279,12399,64.56127105956128
2022-02-17,409.6111145019531,415.72472535260863,403.59611610223624,410.25205029461176,4835093,12392,60.98416153511788
2022-02-18,407.3924255371094,414.88651961032343,405.6668131560801,406.40636131937833,3632694,5415,78.35561302612314
2022-02-21,409.36456298828125,417.7461090235872,403.300273934136,404.33562934863915,6047365,5936,62.82462761882833
2022-02-22,400.7858581542969,405.0752139072798,390.18566662824986,399.84908500577467,7263740,10535,46.60613359493948
2022-02-23,397.3838806152344,406.2091674201569,395.066623680037,405.22310320026804,4344345,6958,75.75473073840453
2022-02-24,364.6465759277344,389.9391499780262,362.6251560951891,381.606894381613,9146123,15081,51.76762376869024
2022-02-25,394.1792297363281,400.2928408335724,370.0206528043956,378.10639263077724,9564373,4373,71.2466100948103
2022-02-28,418.9294128417969,420.45780042963213,386.63580786718387,388.50932396938975,12206595,9272,68.86845586742652
2022-03-02,437.9604797363281,445.9476070755433,414.88657971704777,416.11916016778173,13939790,12800,72.96892752275262
2022-03-03,438.8972473144531,456.2519858577595,436.82650616518833,443.72895660120713,9613194,16713,46.4279422993691
2022-03-04,429.677490234375,446.4898733976786,420.2605888306992,440.8693253157369,10981256,17142,70.33886919051062
2022-03-07,437.6646423339844,440.7214476598176,423.1694851943559,429.67751554464405,9816426,12611,54.336811717994316
2022-03-08,435.8404235839844,438.79861650423766,420.2606195742349,437.6646485699328,7848374,14982,46.28046470305745
2022-03-09,443.4823913574219,452.8007104500979,430.9100723139374,438.7985862235747,6811358,12083,58.748997025399255
2022-03-10,461.2808532714844,464.2883673490721,433.769666168728,445.7010498490756,11549021,4215,77.04914697973226
2022-03-11,472.5712890625,474.88854605497386,458.51987358176837,459.5059378260302,11870331,7056,74.16918700425647
2022-03-14,469.71173095703125,478.9314380947839,463.99254001482007,477.748148908866,6558924,13526,64.11470017357955
2022-03-15,446.194091796875,467.69028130950846,439.58744900848984,465.91537762215125,8631742,16766,70.19656002443458
2022-03-16,459.63427734375,466.35435352984206,448.7635463516374,451.1353361726732,7602106,7623,65.71176435002873
2022-03-17,471.54266357421875,480.8816219393301,464.4766943619901,467.44143921961984,7937854,9131,46.52745143426807
2022-03-21,481.8698425292969,488.9358113354025,475.00150527364093,479.2509907540337,7437561,11377,77.20106796370357
2022-03-22,487.30523681640625,491.9005853235516,477.32392307639464,483.6981365972037,5845218,3691,53.54076767500389
2022-03-23,504.7972106933594,508.30548003304546,479.89337206696626,492.83943060093964,13325630,13558,50.742248221770744
2022-03-24,515.5196533203125,523.1291155515603,504.79712508176465,505.6865725124218,10208046,9419,59.29060572542423
2022-03-25,523.4257202148438,529.7010726007762,516.8538450936679,521.4986240252,9882557,12296,49.205770590833176
2022-03-28,513.69140625,526.5386329488774,507.81131735116776,522.9809635286495,7807323,6527,73.65226665427454
2022-03-29,528.76220703125,534.1975723335985,512.505511472467,515.9149799529719,8356494,12794,68.45739297738805
2022-03-30,513.7409057617188,530.2940664342949,509.8373728425022,529.7011415224354,16990894,16887,63.00949175091927
2022-03-31,526.5880737304688,538.0023896590885,512.3573346389464,514.877355698268,18778369,6712,73.54012559612408
2022-04-01,524.611572265625,531.4799098353338,520.0162539810324,527.7245784567101,7134107,8498,68.17282415614345
2022-04-04,541.0166015625,544.1790085231411,525.0069653325448,525.0069653325448,7806545,9584,75.35953934491718
2022-04-05,539.4352416992188,551.2942197882844,537.6564070494353,545.4635917518895,8880806,3682,52.332051889459485
2022-04-06,554.5555419921875,557.3226250903708,533.6540669110176,533.6540669110176,7073542,13706,51.8986246536507
2022-04-07,543.437744140625,559.3485170533262,541.6094486627043,558.3602687899811,6844088,11823,50.27565463352633
2022-04-08,556.1861572265625,562.8074332102617,544.0307146308148,545.9578109696523,6645250,11575,68.76511955234596
2022-04-11,564.4874267578125,571.0098412458218,557.8167509013942,560.237971238783,6909601,11790,66.55527674453512
2022-04-12,551.6895751953125,563.8944167263081,539.089410244591,562.2638433351813,6939835,16431,75.65499801366909
2022-04-13,545.9083862304688,561.0285731896654,543.5365661781718,553.7155116266579,5289646,11328,74.28627697114507
2022-04-18,546.5507202148438,551.689623532102,536.8658987618709,543.5365749084748,4799385,7039,60.75841540826427
2022-04-19,547.2424926757812,563.2027267473411,539.2871059745012,552.2825348468585,5597174,11740,76.45198902108724
2022-04-20,550.4049072265625,556.6308595036377,543.2895073450951,549.4660592703464,4782655,11516,72.79685972951074
2022-04-21,534.395263671875,553.4190432847896,517.1997192712278,553.4190432847896,14755221,4280,69.03948649339644
2022-04-22,531.529296875,536.2729367269857,526.7363169920022,531.6775582395819,4747073,12850,52.42989313352454
2022-04-25,520.0162353515625,523.4257038392057,507.95959477389675,522.7833183567926,6834922,6835,70.7009643753407
2022-04-26,518.9785766601562,528.2186733864417,516.9032192082253,525.0068666726793,5144109,8357,53.58554474673296
2022-04-27,533.5057983398438,535.6305562232346,512.4067221434449,515.9149913983039,6986381,11664,76.8418860813085
2022-04-28,538.8917846679688,542.6965768048173,529.7504879143161,538.5459218909322,7231399,7842,69.3193010674989
2022-04-29,533.7034912109375,545.463670303313,531.8258556005022,540.4730283690459,4427011,11545,62.00609757219163
2022-05-02,526.5880737304688,533.0611482416386,514.1361694856506,525.7974871672544,3966334,4868,71.42453414096593
2022-05-04,514.2349853515625,533.6540888219622,511.22084006160907,531.3811297664837,4177538,5323,54.340677264926256
2022-05-05,517.1009521484375,530.0469814816616,515.2727168174491,520.3127593046389,4550796,8657,68.86311213604213
2022-05-06,497.87945556640625,509.9360962625476,492.1476277882727,506.9713515168351,4617742,3538,57.51587293199209
2022-05-09,491.1593933105469,496.00180383252405,483.00634503124706,486.7122760672924,4390524,8604,76.24499092389523
2022-05-10,458.8436584472656,491.65351298545,455.0883270950748,488.24404439966185,6580359,10279,45.790684453578294
2022-05-11,469.072021484375,473.7168002799146,453.062418078083,457.55893551034177,9760025,3322,77.99409144492779
2022-05-12,455.6813049316406,466.45320555352407,442.587014733369,463.488460602972,7443538,7956,70.74733356465677
2022-05-13,448.2200012207031,475.84155307326927,445.6505797860924,463.488449410931,8174027,10697,70.62759103132643
2022-05-16,456.8671569824219,465.66259059369816,446.83644320928545,450.5918046798944,5915386,16386,58.25343350231152
2022-05-17,478.1145324707031,481.42517042516664,461.11667920189194,462.5002208392801,6556427,6006,47.4761081552885
2022-05-18,476.63214111328125,481.77104431623223,466.05790244109176,481.77104431623223,6788982,10745,50.32096942421333
2022-05-19,455.3353576660156,467.34256725146463,447.28114087636493,464.47665350629916,7409602,8397,62.348600412558795
2022-05-20,473.17327880859375,476.0392230350173,464.4273053914333,469.41794729382116,4452873,11780,76.0713489442713
2022-05-23,390.901611328125,442.24112367029994,379.53675563603906,440.7587511887235,29084924,10698,55.76702028843844
2022-05-24,389.3697814941406,398.75813916976074,379.0920064915657,393.3227741996649,16039787,10700,46.439750369884656
2022-05-25,376.81903076171875,393.6192503474256,371.2354344017869,392.3345397368013,11445512,11362,75.62624391679489
2022-05-26,389.61688232421875,392.1369033612798,366.8871720047336,374.49669578396487,12425196,10298,59.401500447282885
2022-05-27,391.79107666015625,396.8805497119143,384.32978340347114,395.29934629494517,7727787,10683,63.354286170681746
2022-05-30,382.4026794433594,396.5840179648667,375.8802348414542,396.28755554798437,8629539,11407,74.63822113226138
2022-05-31,373.40960693359375,388.1839001614566,369.357783080719,376.6214137429913,65903602,4746,75.59495475600545
2022-06-01,371.7789611816406,381.8590740830983,369.1600794915891,380.4261323798944,10235470,10276,56.015167483249456
2022-06-02,372.96490478515625,378.3014396076638,368.1224941158243,375.38612519929467,7648378,12483,48.83830852289958
2022-06-03,359.2282409667969,378.5979128113757,357.6470377258008,376.52258544250236,8753176,17332,76.08526246645175
2022-06-06,365.7507019042969,366.59071899118345,351.0258082643745,356.7576363414628,7039354,7097,62.61165148874801
2022-06-07,360.9576721191406,367.1836240099798,356.3623238036219,363.6753547976557,5222981,4440,58.96860698178128
2022-06-08,368.96246337890625,373.06368728682753,361.5011715378051,361.69883323703016,7140120,16234,72.24182505990707
2022-06-09,365.2071533203125,369.9507633351565,360.90829727044274,365.65187712634156,4095657,12912,61.52885117501734
2022-06-10,363.2305908203125,364.96002506067924,353.1998782579732,360.7105701336397,6431099,4234,76.38923172121616
2022-06-13,346.3316345214844,357.44942808019874,344.2068765142184,354.7811455625292,5172294,17898,72.8087577912108
2022-06-14,344.1575012207031,354.4847089418739,342.57629776765555,345.9363362560395,5636271,15435,47.77428719634116
2022-06-15,344.4538879394531,350.7787003610237,343.2680082296142,347.6656944952123,3244368,17050,72.44256650278444
2022-06-16,322.811279296875,351.5693089106752,320.09359665596327,348.8022259216876,6334431,3525,66.06712877861368
2022-06-17,325.33135986328125,334.37382598327616,315.7453390704895,320.19245652218655,6958109,9007,61.0037456975562
2022-06-20,309.6181640625,324.98544241563957,304.6275224732311,324.14542537297586,6831046,8518,73.82245580495301
2022-06-21,323.058349609375,325.47956990580906,310.35935345831757,315.2017940511857,4794355,10734,76.23361665996765
2022-06-22,303.83697509765625,320.0936427785462,300.6251678774229,320.0936427785462,7723854,11097,67.01449464013162
2022-06-23,306.208740234375,312.4346924292329,301.0698370368503,305.8628472993397,5882772,16862,57.76394458326446
2022-06-24,313.86767578125,314.95475497652905,304.38048577718496,307.8393549337439,5110202,11963,78.94033139880891
2022-06-27,318.7100524902344,327.0113315465636,317.9194659739906,319.20417660262234,4424275,7266,55.44990112714249
2022-06-28,329.1361083984375,330.3220185090195,317.32655844239866,319.3524555424504,5277001,4248,68.54960418857272
2022-06-29,336.6961975097656,337.9315078467416,321.8724734660532,325.38074275948765,7754004,8467,49.30435384221497
2022-06-30,325.3807373046875,340.84681643255976,321.47714464170696,337.88207167351936,8520881,11927,47.96590796777741
2022-07-01,329.0372619628906,330.6678655191299,318.26533207240107,322.366586375504,4320099,13799,72.3203761525802
2022-07-04,328.3948974609375,330.07493163162246,318.2159520520432,324.688966342319,3565767,13684,64.02468256022595
2022-07-05,326.7148742675781,335.16438465837484,324.6395469312065,328.3948781806844,3778520,10160,53.58332272031389
2022-07-06,329.8278503417969,331.1619914985635,316.2394370318352,324.6395470779933,5036395,15795,58.22317382138819
2022-07-07,346.2821960449219,348.75281677891667,329.6796367760546,334.9173406685458,5563114,11869,67.00809854766646
2022-07-08,339.36444091796875,352.3104989446374,334.27496849375484,351.8163748226954,5508311,15624,47.645967937731974
2022-07-11,346.82574462890625,357.89410722803103,335.11499652303524,336.9926622162048,7114822,11565,78.26194765102073
2022-07-12,344.4538879394531,349.04926606176883,339.315015545603,345.7880290020951,3843969,12943,67.32013391929465
2022-07-13,351.17401123046875,352.6069530550079,343.81154992324423,344.4539052348613,4412006,6396,75.08750672547939
2022-07-14,356.9058532714844,360.01882926047733,350.63047078510397,350.8281325007945,6237397,17858,74.41450060356884
2022-07-15,341.4397888183594,358.19060962425624,338.771506335651,357.7458858241566,6558911,11776,60.6099566014194
2022-07-18,347.3692626953125,348.85163508234797,337.93150389476403,344.9480423995772,5679766,9772,66.3515704042629
2022-07-19,348.5057373046875,351.8163749547299,342.92214075643614,347.5669195680112,5363422,15655,75.04763981355464
2022-07-20,352.2117004394531,360.6118112840254,349.93874133332366,354.18819710876426,5758941,13829,46.985174220628586
2022-07-21,357.39996337890625,358.14114954524945,349.54340811103367,351.5693049021282,3848715,8941,71.57884097946187
2022-07-22,355.9670104980469,362.83531733083186,352.5081418291944,359.722341560653,4798188,10553,61.106189569030136
2022-07-25,365.8000793457031,367.13422049909,353.0516831044412,354.7811175213279,4874583,13810,46.883979951035165
2022-07-26,357.44940185546875,369.3577811299958,355.1270124506889,368.07307047659907,5313553,4470,45.49425194935338
2022-07-27,362.2918395996094,363.280087918125,353.24937351698065,356.46118055215635,3143228,11656,68.04895588829035
2022-07-28,372.7672424316406,374.5460771725772,360.9576640825431,363.7247470482094,5927786,9519,62.92731762461551
2022-07-29,384.47796630859375,390.0121624930212,374.7437452565529,376.6214108836954,6695489,11298,63.3058232683778
2022-08-01,386.3062744140625,390.16043695157185,382.1062189218781,385.41685692985976,4994897,14856,68.01146338565435
2022-08-02,379.4873352050781,384.4285765488942,369.90131493449735,384.4285765488942,4388499,9784,51.7996637871306
2022-08-03,373.2119445800781,384.9226923429686,367.7271788708608,380.96969935356714,4211991,7837,72.7480699570915
2022-08-04,378.3014221191406,393.32280774483223,374.24962837756726,375.5343390528549,9120232,3358,64.16236054347048
2022-08-05,388.18389892578125,390.35805713033756,380.62380587643804,381.8591161838125,4557120,8752,45.0831178160347
2022-08-08,387.54156494140625,394.21224096861283,385.41683712749233,388.3815820284731,3259631,12479,45.747832144450484
2022-08-10,391.9392395019531,395.1510461302386,383.48969935371406,388.8756640708771,3741687,16091,56.1426049900071
2022-08-11,393.2239685058594,397.1275611158646,391.6427652907076,396.53460614031474,2593624,13778,53.89140206046608
2022-08-12,399.59820556640625,404.1441537717064,391.5439879646917,391.5439879646917,5092529,16581,76.0427123123182
2022-08-16,405.13238525390625,407.8006374539759,394.31105476995054,401.2287925729321,3322782,4206,60.60680402685077
2022-08-17,405.3300476074219,408.39362347044727,402.2664717443965,405.13241603625795,2574513,6129,55.688492172957424
2022-08-18,412.64306640625,416.54665926244155,400.1911619291193,403.6006004754023,3285529,10641,77.71224398215645
2022-08-19,399.202880859375,416.9419183275313,398.06637127829083,416.34896336325744,3966371,11480,75.73796522364673
2022-08-22,378.6473083496094,398.95582784269857,377.0167047801209,398.95582784269857,3897789,4168,49.89198405516434
2022-08-23,386.2073974609375,388.8756797540852,372.5695839067093,376.5225768394065,2409943,17391,72.9255933229438
2022-08-24,392.9769287109375,397.8193393275564,386.15802150313175,386.30625271568186,2826665,3045,72.21245752218431
2022-08-25,398.21466064453125,405.5770923119841,394.3110678342237,395.0522540519572,5233097,15258,70.88352016158062
2022-08-26,414.7183837890625,417.13960413349577,400.7840770388798,401.8711561763589,7885103,11847,75.23928111084196
2022-08-29,411.1606750488281,413.8783577541739,396.78167498048504,405.1323848113976,6510150,16937,50.11542966372065
2022-08-30,428.2574157714844,429.59155703610736,413.08779801821305,413.08779801821305,5451275,6958,70.14650302898556
2022-09-01,420.79608154296875,427.8620804688234,417.97959823287823,420.64785034121803,3641109,10743,58.718046182771786
2022-09-02,413.2854309082031,424.3043928824345,411.11127269097165,419.51138283009004,3636829,14296,53.88428145521893
2022-09-05,420.6478576660156,423.46437118409284,412.198347270727,412.198347270727,2369908,15900,72.41185769548859
2022-09-06,431.5680236816406,433.6433208835401,418.02901056661506,421.93260322531796,3822180,3816,59.34237824735014
2022-09-07,427.56561279296875,433.39627161976324,423.26672673832616,427.91150572314814,3701548,14629,73.15583924445416
2022-09-08,424.4526062011719,431.86446777627964,423.21729593865393,430.08563306183055,1903128,12676,70.63120748194243
2022-09-09,425.88555908203125,432.16091080722174,418.1772052940252,429.1961663100518,3478191,16139,60.79722908685704
2022-09-12,436.2622375488281,438.4857962923819,426.92327876232406,427.91152709279237,2775392,8353,71.15040466625882
2022-09-13,442.3399353027344,444.46466306882877,436.01515235477774,437.6951563321562,2564828,11950,63.12671157060641
2022-09-14,451.7777099609375,462.5002101817697,434.48336449473885,435.66927453314196,4716990,7743,76.74966841985874
2022-09-15,441.1046142578125,454.05067241856034,438.8316251779728,449.702355973282,3038619,16120,76.81742659391844
2022-09-16,430.6785888671875,443.7234782421146,423.5632193381815,436.8057402739748,4652607,14830,62.34980782571064
2022-09-19,426.5773620605469,434.0880549856561,423.6620477433744,432.85274464135995,2707642,15579,51.51589274464128
2022-09-20,435.6122741699219,441.27152267203286,430.3998196072049,430.3998196072049,2071257,16601,77.56513762315062
2022-09-21,429.0594787597656,436.8037153394415,427.91770902987713,433.378375850444,1664497,3152,46.51172333101208
2022-09-22,431.14447021484375,432.88195512647525,418.9820758334233,426.0809366982227,2550296,11170,67.1236042799939
2022-09-23,422.7548522949219,434.1229790166918,417.5920586028518,430.69763978979563,2487778,10594,67.6478644811527
2022-09-26,394.45867919921875,419.974896621989,392.17513987159725,415.3084967620125,4314013,6125,54.83049650868458
2022-09-27,395.7494201660156,402.9475718275048,383.33881385310326,398.13225051822843,3195580,5281,67.88341191624342
2022-09-28,400.86260986328125,402.35188271726247,388.50163305550353,391.18233631240327,7925698,3859,69.87443936803248
2022-09-29,415.2092590332031,418.9820712517563,406.2239618374229,406.2239618374229,6998654,7395,53.58676655087663
2022-09-30,425.5348815917969,428.4141362389827,414.86176000531003,415.45747517698044,3400438,12685,66.32357382670136
2022-10-03,416.5992431640625,427.32199501173983,414.31567339881104,425.13774645723703,3216345,13742,60.178588209055015
2022-10-04,436.35693359375,437.399412441647,424.04561775017515,429.90341807984925,3494559,9082,64.06531387091047
2022-10-06,449.7603759765625,451.4978608727192,436.85334531939844,438.5411999096835,3200170,8069,66.76152644276195
2022-10-07,443.1082458496094,449.76034250529153,435.810834068292,449.76034250529153,3064718,16942,53.663137829918604
2022-10-10,443.3068542480469,444.6968360850389,430.995538935739,433.874793519365,1784305,8458,47.80565218525499
2022-10-11,425.4852294921875,445.68970333131574,423.0527687499596,443.8032971660915,3590610,6809,70.00580669590228
2022-10-12,429.45660400390625,431.3926706871369,421.46418574612113,427.6198585292835,3195372,4343,67.82222480931826
2022-10-13,431.74017333984375,435.86048852687156,425.5348702571719,429.9033975675066,1241456,14546,66.91051499314275
2022-10-14,432.7330322265625,440.6261597577014,431.3926806686462,438.8390445467011,3756770,17918,49.76934752683318
2022-10-17,436.6051025390625,437.89579339443185,425.9319817834174,426.924830225803,3151261,14188,62.0653333518579
2022-10-18,434.7683410644531,441.17222584678393,433.87478349698,438.7893955670786,2378127,16593,58.420621170386156
2022-10-19,436.6051025390625,444.29967796755085,433.8747693225022,436.9526055537635,3038495,7687,71.16110141198683
2022-10-20,440.03045654296875,442.4629171287965,432.4848020679027,436.5554868780741,2887362,16092,64.32055680660173
2022-10-21,434.8180236816406,444.4486361953863,432.83232663146634,440.7254542263096,2446164,7611,48.85586849516259
2022-10-24,435.21514892578125,437.1511853340424,429.7544821395088,434.81801558300964,361513,12256,54.564663918561195
2022-10-25,448.0228576660156,452.73888774671053,433.8747674239309,435.21511887515226,5775004,10334,77.11821000382017
2022-10-27,466.0927429199219,467.6316459833616,451.0510638255776,451.0510638255776,5530234,17658,54.20822785505529
2022-10-28,450.6539306640625,466.0430825019583,444.7961305404718,465.84453098042326,3269810,11952,60.98018941829531
2022-10-31,456.5614013671875,457.70317111378705,443.0586553352006,453.8310679169426,2260943,12869,65.75034574846158
2022-11-01,461.674560546875,464.4545242755964,451.100729897442,451.100729897442,2103928,9164,62.7272575043031
2022-11-02,466.6884460449219,473.4894646320258,461.029227523025,461.6745730168378,3307547,9911,67.16772471673397
2022-11-03,465.49700927734375,470.9080152366709,460.1852639251378,461.47595481102087,2314376,8145,46.64713056809821
2022-11-04,473.9362487792969,477.8579822677434,466.78772728996114,467.63165459485015,3810254,14604,50.852272419970404
2022-11-07,490.5168151855469,493.2471487046027,472.19877757366334,478.5530022490538,4952724,10151,72.70227686534764
2022-11-09,477.808349609375,494.7364047329457,474.78017374716796,493.4457137784091,3231177,4133,57.96105415757079
2022-11-10,471.4541015625,476.5176348142445,468.07842282778057,472.89371366294546,2578001,8759,47.37391638793427
2022-11-11,495.3321228027344,498.9063835507254,472.59589765203043,472.59589765203043,8288340,12665,63.42130888705206
2022-11-14,511.4162292480469,513.3026656048216,497.7645929089519,498.4099383629022,5697689,12940,70.99445108252459
2022-11-15,520.3023071289062,521.7419497474679,508.139911535364,510.3241906188363,3041035,15573,63.347307005596896
2022-11-16,510.7213134765625,522.1887019996918,507.39523450666263,522.1887019996918,3099871,6350,76.64520312370925
2022-11-17,511.0687561035156,515.6855257842265,503.57276218423584,508.3384227780476,2917574,14837,47.087867012761706
2022-11-18,514.0473022460938,516.2812113335949,506.45201740845613,511.21770830805724,2955341,10346,51.58304486010857
2022-11-21,512.8062744140625,522.734759881905,508.5370377826235,518.2669414213758,3718235,12685,55.211203790999164
2022-11-22,519.607177734375,521.1461412091144,510.5722816758306,513.3026147329206,3041780,4607,73.91913043570483
2022-11-23,521.7418823242188,528.1953975194755,517.0754822940698,523.3801065747875,4968549,14825,52.89906964904847
2022-11-24,518.2669067382812,525.216846100672,515.2883612972566,522.9333067156189,1782095,6994,52.16682579067166
2022-11-25,517.075439453125,520.8979421881943,513.7990518221069,520.8979421881943,1747230,9450,76.40033904387678
2022-11-28,503.5727844238281,516.4798152596981,502.2324328540828,514.0969545582253,2593511,11174,51.85425329634647
2022-11-29,511.31695556640625,514.2955009386377,503.82096183268914,503.82096183268914,2267533,10532,65.52659432064613
2022-11-30,531.9185791015625,535.6417609431506,511.3169729114413,513.3026698936217,9585497,17100,55.26183697796212
2022-12-01,560.4629516601562,562.8458121865724,533.8546252422583,536.1381645641884,8938555,3615,59.46910987239255
2022-12-02,560.413330078125,566.7178936126631,556.4915665084226,560.413330078125,4132768,10989,61.463378564960635
2022-12-05,565.2782592773438,569.3986047192233,562.0018714047947,567.2143259379698,2829575,17619,74.21558348253716
2022-12-06,563.4414672851562,565.4271640861613,557.4843768821414,559.9664978833976,2722675,9813,53.79930063930631
2022-12-07,556.8390502929688,566.0228988075894,555.3497775608681,565.7250563809018,1984033,16294,68.17082025952772
2022-12-08,555.8959350585938,562.0019173661868,554.009498548085,559.3709050315656,3328093,5313,55.611871599490954
2022-12-09,541.8966674804688,562.4982726503188,535.9892071313099,561.9522181269945,6294136,6921,77.73353487784418
2022-12-12,550.48486328125,552.6691421023179,533.3582266457803,538.0742570236632,2457350,10691,59.681615739007775
2022-12-13,547.9530639648438,554.5058392582442,544.7759369200872,551.0308698089983,1804401,5271,56.92924980234872
2022-12-14,556.541259765625,558.9241205986608,550.0381136820778,550.5841682817036,2154134,14652,76.76570235246817
2022-12-15,538.322509765625,561.9522937432213,536.7836065933056,556.9384205565887,2683159,4094,51.327086951124286
2022-12-16,539.0174560546875,545.4212801769893,531.3725107520906,534.2517349422844,2283728,7411,63.26267029623442
2022-12-19,548.6480712890625,549.9388228519379,538.6699557213874,539.0174890647249,2461987,17419,53.95252311289151
2022-12-20,542.1449584960938,545.8681406951769,532.9611090716886,543.1874373921033,1902685,5389,51.24464414484744
2022-12-21,543.683837890625,557.2858750490402,537.4289041896504,546.1163289406335,3475867,6974,50.65244853656084
2022-12-22,535.9892578125,548.9956099906875,533.4078758588846,544.8256340205918,2300268,12358,77.99972634092927
2022-12-23,520.5504760742188,535.1453616947168,518.2669365577777,531.1739675448489,2296625,8202,53.85281289620325
2022-12-26,524.5714721679688,533.1596357921678,519.8058115655366,521.4936661077023,2918642,12725,60.15536279383862
2022-12-27,571.8311157226562,574.5118188393991,528.1954112627055,531.2235871210764,15063600,10238,47.19618245865714
2022-12-28,574.0650024414062,579.7738811933081,564.4343600793351,568.7035964175467,8477148,12836,61.14248393605325
2022-12-29,585.1351928710938,593.6737256537227,566.0228607605003,567.9092970004898,5659082,11732,71.29851660391091
2022-12-30,576.44775390625,592.2340676264514,572.5756815248857,591.9362252276783,3524630,15332,54.89385623262952
2023-01-02,590.3973388671875,597.5954899326058,580.3199031361384,580.8163273475466,6413541,15411,56.36556602033776
2023-01-03,594.2198486328125,600.5741035009337,588.7591816863121,588.7591816863121,4003746,7674,76.69694431024266
2023-01-04,581.3624267578125,594.8155118061966,577.4406630650865,593.6241420857368,3627787,9775,64.00667313736444
2023-01-05,589.3052368164062,591.2413035826316,575.95141187856,584.7877880943241,3141675,8481,59.89311460981022
2023-01-06,586.8727416992188,595.4112754143182,584.7877840261975,591.2412994696106,2529412,12764,61.56120381599982
2023-01-09,597.297607421875,603.05617695073,590.7448318459057,592.7305287596735,2609482,9946,54.08014385650174
2023-01-10,594.7162475585938,604.0490476362071,589.7023747865552,597.5458415253756,2497380,8590,59.38561178612258
2023-01-11,600.07763671875,606.2332487252141,596.7019276969733,598.6876246277452,2858119,10666,50.95223937173107
2023-01-12,598.3402099609375,602.5101254412342,593.8723914331906,601.6662284032377,1745157,3881,75.52759399241245
2023-01-13,605.6375732421875,608.4175368684847,598.3401611483243,600.5740702299554,2207887,16422,63.7637647063617
2023-01-16,585.2841796875,607.5736402109379,581.3127857625636,605.637573552799,3149496,16665,52.535602284079175
2023-01-17,581.6602783203125,587.4684784927307,574.9089205374995,585.7806238973614,2648883,14129,47.103378039167396
2023-01-18,596.7515869140625,599.1840778918483,583.5467138043643,584.7381441402864,4079261,9136,65.51940799647089
2023-01-19,600.5244140625,602.3612202172828,592.0355711810232,593.6737955084423,2226506,7652,78.4661477181162
2023-01-20,596.8011474609375,604.644674040166,593.3261780699021,599.4818502537534,1255170,3570,77.9745883810738
2023-01-23,599.5811767578125,605.3396853941771,597.2975769445725,597.6947405465249,1682585,14048,50.47410583381689
2023-01-24,594.4183959960938,602.4108141255758,592.5319596481187,600.7725898971416,1364272,12027,47.48784999696545
2023-01-25,591.0923461914062,598.6876616608986,585.8798914257019,593.7234190268945,1796224,4032,59.10994430320976
2023-01-27,583.94384765625,595.709077701388,571.9799752001516,591.7376838500454,2095603,15088,48.84358132410414
2023-01-30,570.7389526367188,592.6313111793542,560.9097885591531,583.7949350320895,1897614,6492,77.57307260477373
2023-01-31,579.3767700195312,586.773503974476,572.8736240156898,573.6182604420533,1637320,3313,78.9070180025526
2023-02-01,603.9000854492188,618.2963883493645,573.2707342080284,575.8521160058312,7178955,6568,68.86469216174268
2023-02-02,570.9375,606.5807842778931,565.3775728128572,602.6590207054647,4192268,17820,46.28735699212254
2023-02-03,578.4832153320312,580.717124505563,565.4768633402699,573.8664454672664,2797927,13054,78.01193883167858
2023-02-06,552.86767578125,577.8378403736315,550.7827181224606,577.8378403736315,3160759,14909,62.0068823899629
2023-02-07,566.171875,567.4129356641823,546.4141649867505,552.8676804404988,2441129,12324,50.31348300055403
2023-02-08,588.9577026367188,591.4894540214008,566.2710795811086,566.2710795811086,2811414,16287,46.752788057491024
2023-02-09,592.7802124023438,595.063751938922,584.9367452463865,590.8938365237209,1636859,11852,66.49100215254278
2023-02-10,577.1428833007812,591.2909759547333,571.3347431875742,590.4470788780006,2931980,7071,72.65696078353511
2023-02-13,580.7171020507812,590.4470050662017,573.8664232773822,573.8664232773822,1963849,8407,78.53348404681468
2023-02-14,585.4331665039062,588.7591848771523,576.0507356707008,583.7949421716114,1262160,12408,64.06564268937166
2023-02-15,583.3977661132812,592.2341421807585,578.3342629007407,581.8092327207451,1435993,10243,69.96887294647759
2023-02-16,597.3472900390625,598.9358233085811,585.7805814373193,588.4116540510356,1632298,7157,78.2861150356853
2023-02-17,585.8798828125,604.4957924163373,582.1567008917326,596.6026952232415,2076033,4358,59.62714443284191
2023-02-20,590.5958862304688,595.709080073901,580.568140955356,586.6741832655779,1420192,11500,55.490849327264236
2023-02-21,585.0855712890625,603.5525885601936,581.8588138716544,594.7162132392124,2143558,12475,47.8217177650253
2023-02-22,569.1504516601562,586.326720070245,565.0301057907026,584.7878168823935,1522960,16995,56.59842521684493
2023-02-23,576.49755859375,582.305698611533,568.9022426332625,572.1290005539572,1725412,4917,61.539868673187854
2023-02-24,556.2930297851562,581.2631950274927,554.555544824718,579.4263888529724,2316474,10694,71.17302664430595
2023-02-27,549.29345703125,555.0023361599074,540.1096079981925,555.0023361599074,2250348,4132,46.85617976387246
2023-02-28,545.2723999023438,552.9173453540611,541.7477999014858,551.0309089937168,5758384,7990,73.55025710811337
2023-03-01,568.3561401367188,570.5404189725618,548.4495396846277,548.4495396846277,2725782,13747,67.53610891261667
2023-03-02,572.3771362304688,577.6392209399153,562.9450758762806,562.9450758762806,2845459,6858,60.706165445028375
2023-03-03,584.83740234375,587.2698933115187,570.9871535178538,575.2564505872152,2424735,5004,71.49945648075561
2023-03-06,577.5400390625,586.1778339472365,573.0722203909469,586.1778339472365,2431647,8376,52.24935434932199
2023-03-08,570.8382568359375,574.7103296243058,557.0872687603826,570.8878871411737,2052190,5121,48.44125305105998
2023-03-09,573.8168334960938,585.3834827827708,572.5261424965446,573.7175122815644,1813203,10217,69.93158456984708
2023-03-10,572.1785888671875,574.7600313734728,560.2644066498648,564.9308068047158,2026025,16448,74.61753601386411
2023-03-13,571.2850341796875,584.5891673255288,567.5618524152178,575.852112904639,1982153,9577,48.86565714429668
2023-03-14,567.0654296875,574.710314451939,560.1154903753469,571.8807205428842,1874599,6548,72.03323063608842
2023-03-15,576.0010986328125,584.1424080958359,571.38432873114,571.38432873114,1873120,14768,67.10062601347896
2023-03-16,549.740234375,570.2922107365317,546.0666827531098,569.8950470914274,4208636,12587,49.6104384614812
2023-03-17,567.958984375,570.8382693256532,556.094432428133,556.938390030266,3567733,10624,53.10257198780027
2023-03-20,554.5554809570312,566.9660863879856,545.073790527514,565.8739773495253,2873875,13123,66.5728127338768
2023-03-21,555.2505493164062,560.6615860115072,548.300609494833,558.5269373982719,1948525,8044,75.91158944933409
2023-03-22,553.2648315429688,561.2572499192806,551.92451029552,558.030492265598,1271221,15789,57.8610860033118
2023-03-23,553.2151489257812,562.6472088677365,548.250906851068,550.5344460857044,2281129,13232,71.50394013483856
2023-03-24,530.2803344726562,553.9598064343317,528.1953769609588,553.9598064343317,3643046,7832,56.56806538468895
2023-03-27,535.5425415039062,539.6131963908468,526.8054256317074,526.8054256317074,2991845,4357,66.10620063725804
2023-03-28,533.7056884765625,540.7052581430897,532.0178339402852,538.3224581495177,1355558,16586,48.90288545003265
2023-03-29,542.4924926757812,545.2724566022072,529.5854610328968,534.1525402978345,1402975,16075,53.38862904504903
2023-03-31,542.2938842773438,550.8323574757308,540.6556599480568,546.9602845317177,2745899,3908,48.38876615778285
2023-04-03,540.3081665039062,547.0595241927226,535.2446027882964,543.9817180782907,1182300,3418,76.01590149829855
2023-04-05,539.4642333984375,543.8824215492532,533.3582511978266,538.1239121003846,2021436,15185,74.97122642841919
2023-04-06,540.4074096679688,544.0809611237556,535.8899612528231,537.131021839328,1365725,3132,62.57116943949933
2023-04-10,545.5702514648438,554.5058879765518,544.1306090182247,544.7759847835357,4240150,4024,46.58462466735781
2023-04-11,558.8744506835938,559.8672991938871,548.8962746762144,549.7402322691621,1915083,4310,61.19627731945261
2023-04-12,555.3001708984375,563.5904924859608,553.6123162771295,560.9097893343145,1472367,9626,76.15591886622501
2023-04-13,556.3922729492188,557.2858001586158,551.6265521044702,555.3001033395232,1395446,15015,51.112572520874345
2023-04-17,556.4419555664062,562.9451011406261,553.3144585428263,555.9951616203715,1355214,3474,68.04524063583531
2023-04-18,562.4486694335938,564.4343664130593,557.3354754720051,559.4701239643955,1278845,6534,45.0167634417605
2023-04-19,575.7031860351562,585.2841984252644,562.4983129317236,565.9236524213753,4824485,5966,46.42746006016789
2023-04-20,580.3695678710938,584.7877557344909,574.66068910119,575.7031678872661,1240024,16059,48.54557257232545
2023-04-21,568.9517822265625,582.7027693783524,561.9025825940104,580.2702785985587,2315012,12736,60.48799087179685
2023-04-24,572.4764404296875,575.3557254175763,564.9308158112182,568.9022099469737,1065300,17473,72.3789316420242
2023-04-25,571.5332641601562,576.9442400147055,569.8950398931236,571.9799975069257,926966,10603,49.41552426854068
2023-04-26,566.32080078125,570.788618969255,559.1722795607096,570.1432432137449,1535100,15829,68.65034178802811
2023-04-27,575.30615234375,576.7457949809143,563.3423384393245,566.3208843374556,1408423,14278,74.93580518785218
2023-04-28,578.6817016601562,581.0149319043389,573.8664108603941,577.68885319846,1733781,15716,57.31033066537411
2023-05-02,588.510986328125,593.078065483191,578.2350279298929,582.8021070849588,2060182,13962,73.18461035328131
2023-05-03,584.390625,590.5462980529385,576.2493154704996,589.7520313425806,1376005,14598,50.37567040296111
2023-05-04,590.79443359375,596.3544210427615,584.4402401360112,584.8373431403749,1392236,11911,71.24001169767331
2023-05-05,578.929931640625,591.9859135542853,577.8378225385225,589.7520044465333,1511288,13829,73.08049699335066
2023-05-08,588.659912109375,592.7305668044119,575.9514025666301,582.8020815983077,1402955,15039,62.700008749016554
2023-05-09,583.4474487304688,600.1769218153859,582.1070668883082,588.759163997558,1744202,4452,71.73882671958762
2023-05-10,580.5681762695312,586.7734795644172,576.3485700290088,585.7806310372355,955848,9759,59.73601466165054
2023-05-11,577.7881469726562,584.6884555735767,574.9584926319667,582.3055951391706,1123419,6758,66.50689346147631
2023-05-12,570.0439453125,578.6320477973035,568.9021453885744,573.221011781642,1255035,17216,76.42988769975112
2023-05-15,570.9375,573.7671544959524,560.0657971443125,570.0439727370635,1142120,4623,47.660701856337965
2023-05-16,556.3922729492188,576.6463441447689,554.4562064308719,574.8592291273171,2894930,16876,57.75852831151558
2023-05-17,528.294677734375,545.917739113882,526.5075625029467,544.0809935757655,8830826,15706,76.54387835387794
2023-05-18,520.1036376953125,535.3935281060004,517.8200983738878,528.6918010504315,4000851,9757,72.27549417267021
2023-05-19,518.6640625,522.9332987809574,511.7141232430632,521.2454442702549,3150698,7425,49.687268408432715
2023-05-22,521.3944091796875,524.0254213210927,512.3098212494616,513.4019303498694,2039749,9354,52.09005533109265
2023-05-23,517.1251220703125,524.9686495369016,516.28122507648,521.5929403642436,1955175,15299,52.549348633136404
2023-05-24,506.5016784667969,516.7776669531086,505.11169656559844,515.2883941376817,1987757,14233,78.52533428759844
2023-05-25,506.9484558105469,510.3241346883074,499.4028010665732,503.9699102773467,1811459,5412,71.49950333996335
2023-05-26,516.6287231445312,518.7633717846429,504.61527982687994,507.3456133625886,2569828,8413,57.54103253149668
2023-05-29,527.996826171875,530.3300565325501,519.5079835202779,521.3447290266556,2046489,8767,50.00585371908027
2023-05-30,519.0611572265625,531.868926463286,517.9690481716866,528.195375080774,1953558,17149,70.22057682284174
2023-05-31,513.5508422851562,521.3943689974135,508.48733961180307,516.0825936218329,3897562,12742,50.00114515185517
2023-06-01,506.20379638671875,517.1747901142464,504.3173903614206,516.2812022554936,2436623,3381,61.106857911411105
2023-06-02,521.5928955078125,522.8339560382857,508.58660538791685,510.7708840412814,3652493,15975,65.30154394424227
2023-06-05,522.1886596679688,526.2096838113231,514.3451325943356,526.1104232047853,3161259,16320,55.07412553062396
2023-06-06,519.3093872070312,524.4225811368372,516.8272659981279,521.2454538697084,2673151,13828,50.55964061020763
2023-06-07,527.698974609375,529.4860897790062,518.515126039033,521.2454593977834,4463947,16792,58.40580916726415
2023-06-08,526.3587036132812,538.1239351515742,525.2665338063554,531.0747344102738,6076512,16427,76.18712691179354
2023-06-09,520.2030029296875,529.1882700671929,516.7776633583,528.1954215304814,2929898,12152,74.59713370024652
2023-06-12,522.0397338867188,525.7132854895704,517.8697580293916,522.2383157082418,1935905,5793,57.66048140580605
2023-06-13,529.2875366210938,533.1100398895285,522.2383361708023,524.2240332665087,2492673,9551,50.57618500699814
2023-06-14,536.73388671875,541.549238409335,530.4293228439268,534.1525048011841,3925283,8142,76.84554374178381
2023-06-15,533.2092895507812,540.3081807615613,530.3796954869963,538.6203261451523,2271029,7037,58.16395177526248
2023-06-16,540.3081665039062,544.0313483836208,534.946760357652,536.634614929522,2498994,17790,77.45106112596795
2023-06-19,570.3914794921875,576.9939464446614,553.4634242048852,554.0094787757017,8045417,6121,70.21378821209248
2023-06-20,589.9010009765625,600.1769594169389,567.164744527587,570.3915023739146,9508590,9448,48.155649563823616
2023-06-21,579.3270874023438,590.9434267244882,577.7385540756667,590.2484206695688,2792440,4568,68.84699487982792
2023-06-22,579.9227905273438,582.5538633186533,569.4482508652072,578.5824692781341,3184252,17576,65.56758577374681
2023-06-23,564.7817993164062,577.2420954627781,563.044314581902,573.8663865962778,1927779,7589,66.72956058326658
2023-06-26,563.64013671875,567.8101127689323,559.0729970071535,565.1294095510532,1570497,6988,74.95812216060938
2023-06-27,577.7881469726562,578.9298862902049,567.9092931280572,569.2993051479037,2788196,11212,76.05016313326996
2023-06-28,571.97998046875,583.7949015247877,570.8878713890356,583.2488469849305,3170209,4292,45.1925307775471
2023-06-30,576.8946533203125,578.7314595462444,571.3843558398529,571.9800407463525,1952542,10748,49.83047776350121
2023-07-03,590.79443359375,594.2197727241722,576.9938770692922,579.8234707951823,2585602,9402,75.89319026918615
2023-07-04,604.7440185546875,609.8075824434388,586.7734843069197,593.773054360391,3730616,13885,59.25258657511458
2023-07-05,620.182861328125,631.4516679554742,606.084400018191,610.5522184235364,7048198,17385,65.34051335990213
2023-07-06,609.0133056640625,618.3956756876781,603.4036872934441,618.3956756876781,4171562,17932,45.921465103134096
2023-07-07,605.836181640625,610.3039999999236,598.091975270907,604.5951209852643,2427780,9168,53.8102293617897
2023-07-10,621.87060546875,628.9694961605392,605.1411332436443,606.6304059259502,3732186,9895,63.818204102179514
2023-07-11,622.0195922851562,629.4659561193761,620.5303195183124,625.3953014628015,3174731,12796,45.29340833663869
2023-07-12,617.25390625,629.4659303178216,612.5875063187634,627.4306030729616,8106836,16254,68.14675813149184
2023-07-13,629.0192260742188,632.4445659056869,617.4525761024927,627.4803228452027,4206123,12206,77.10621235806781
2023-07-14,637.0115966796875,640.3873059427278,629.4659720429294,636.4159117973466,3141648,10561,58.82043016949386
2023-07-17,633.3380737304688,645.8479404199686,630.0616252463337,637.8058919193847,2360840,3550,46.173689672545194
2023-07-18,629.5652465820312,635.8202409782892,621.4735671910418,633.4373801988893,3150574,17877,58.11537199145343
2023-07-19,635.47265625,638.9972562273108,629.9127290124387,632.4444805117092,1669578,12028,72.90394841746041
2023-07-20,632.7919311523438,638.2525975909645,631.5508705981117,637.458330955988,1074533,11570,60.29775445794144
2023-07-21,623.6080932617188,635.8201777942448,622.5159841955768,631.8984142589266,2470457,4171,59.12428189777323
2023-07-24,624.8491821289062,628.6220549253072,620.530315373373,626.4377760954602,997795,16361,55.50753707573793
2023-07-25,659.9464111328125,663.1731687630104,629.1184772778857,631.1538045864318,4624289,5790,69.9682764291738
2023-07-26,652.8971557617188,663.2228045024195,647.5358101683527,663.2228045024195,3382159,5033,47.37344262451177
2023-07-27,655.0814208984375,661.038511832219,651.9539845173998,656.8189057541238,1613361,10315,50.224522374351736
2023-07-28,660.5421142578125,662.5774416226338,641.4297800735833,655.0814473480327,1822173,4599,78.48076244471545
2023-07-31,663.9674072265625,669.3784434500476,657.7621043552863,660.9392315451119,3576640,13612,48.46853348285329
2023-08-01,666.6481323242188,670.7187869034868,663.222792905796,665.208489890544,1671929,14080,72.00693913710707
2023-08-02,639.3944702148438,665.1589023688554,631.5013120730482,665.109272060777,2217769,16837,48.7650178729763
2023-08-03,641.9757690429688,645.3018476346048,633.8344604156232,642.37293265347,1198816,12470,76.84826959658453
2023-08-04,648.0322265625,659.5492448962477,642.9190325599272,643.3658265036207,1791378,17800,64.5017766149457
2023-08-07,652.7482299804688,655.2799814253345,645.0536544410046,653.1453330039544,1173349,13947,56.81450305555998
2023-08-08,653.2942504882812,660.244189323263,650.5639173745384,650.6135476750568,1698850,15537,73.02009228228194
2023-08-09,674.094482421875,676.0801793665753,653.3439251102919,654.783567514932,4279101,3492,57.121102292015216
2023-08-10,671.5130615234375,677.8176858838102,668.1870432740942,672.7044918481166,1931514,4749,52.71152344022107
2023-08-11,693.2068481445312,694.9939633591505,659.3010469783297,670.6691746415802,4115696,10938,52.732824008273035
2023-08-14,657.5139770507812,686.2569557777178,653.4433220816293,685.0655253530223,4487444,16817,75.44995883701756
2023-08-16,643.316162109375,657.5635130568103,637.4087017414165,657.5138827542883,1988425,12012,60.87190159900365
2023-08-17,640.5858764648438,648.8265070513484,635.9691066128473,643.3162098916092,1552598,3577,66.27684772125083
2023-08-18,638.444580078125,644.469979016604,634.8094511784753,643.3246894127797,1506231,17647,54.11068859063117
2023-08-21,650.9435424804688,652.3378767609007,640.7850470750859,644.3703912432104,1537449,6899,50.25283827235262
2023-08-22,653.1843872070312,656.0228403490072,646.6112360761945,652.3378661993183,1267288,10023,50.29818194528958
2023-08-23,658.0645141601562,663.0939772906818,651.3419481812216,655.3256909835533,1270336,17324,56.087046976016495
2023-08-24,646.4618530273438,666.4304128890477,644.3704123253596,663.791158910127,2462684,12728,51.803404552565055
2023-08-25,631.8216552734375,643.3247008675507,630.4273209281115,643.3247008675507,1949633,7104,45.216191568907746
2023-08-28,653.1843872070312,657.7657277777839,633.514657653693,635.3073904958208,2826926,7705,77.50069551956582
2023-08-29,673.5513305664062,676.937536406101,655.3257186341518,657.317590119362,3200989,6930,65.5619809405192
2023-08-30,670.8622436523438,680.7220311098088,669.0695716020108,677.2362562614044,1649655,11041,74.78397728966367
2023-08-31,681.718017578125,686.1001591717701,670.5635250746507,672.3561972585624,2742132,16522,74.22057702152902
2023-09-01,698.25048828125,710.7993144535624,683.7098515150666,684.9547711281676,3821673,13540,73.55108779664894
2023-09-04,704.3257446289062,708.110288160673,699.1468667915506,704.1265453299519,2637822,6278,66.8315679417443
2023-09-05,709.6539916992188,713.7871492903244,692.2749010668886,702.1346891010165,2407991,17456,67.66717267622244
2023-09-06,699.5950927734375,708.1103314370974,694.1672306774359,707.761778232944,1685851,13203,55.494122340114004
2023-09-07,700.6408081054688,704.8735350911805,696.1093125487728,699.5453030828284,1239661,7722,62.274818022120066
2023-09-08,695.4618530273438,704.2260745998788,692.6732453615946,701.03912914593,1515441,3483,56.92705679905353
2023-09-11,710.6499633789062,716.5260087934073,698.1509815022972,704.8237633830621,2667702,10449,57.656298617595695
2023-09-12,683.0625,716.3267778864864,681.0208438992785,716.3267778864864,2141183,7187,56.08580597351325
2023-09-13,688.98828125,693.6691910353665,677.2362525542702,685.2535225042964,1295559,7762,74.55305939368763
2023-09-14,708.1600952148438,713.5879571510105,692.4741073221313,695.0137312997233,2396980,16224,69.40795107098536
2023-09-15,708.5584716796875,719.8623176516985,705.86943311042,714.4344558851772,2256202,6601,78.10669053339984
2023-09-18,699.2464599609375,706.1184408937821,697.3542185238873,706.1184408937821,1227630,8477,62.42616913865501
2023-09-20,686.1499633789062,700.491402046484,681.2200691421688,697.1550415197634,1963443,13024,62.808937538728856
2023-09-21,686.2494506835938,688.2911066182218,675.2443738570579,685.2037304036221,1374769,9857,65.87256207168919
2023-09-22,680.4232788085938,690.1834364596966,676.0411374368705,683.3114558511057,1966991,10343,71.4213277280017
2023-09-25,692.37451171875,696.0594859710718,680.0248847074802,684.2078268104646,1127597,6868,58.713298113657935
2023-09-26,690.8805541992188,703.5787333992085,688.2413004820334,690.1833871053315,1267372,15410,63.314186000134214
2023-09-27,689.9344482421875,694.4659434676665,679.3277088443066,690.233216791334,1491241,4762,69.63896857470695
2023-09-28,679.0787353515625,694.1671855796437,677.2362786142866,687.9425874306154,1403765,13160,58.074963390506745
2023-09-29,698.4994506835938,702.8318072759627,683.5106311610708,683.5106311610708,1418848,11978,46.50728620300701
2023-10-03,696.7068481445312,698.8481343415065,687.1956738022237,695.2129445058308,1378867,3939,73.88001492476172
2023-10-04,676.0411376953125,691.9761088173568,669.7169703460875,688.4903338844097,2373015,15051,74.56447283785216
2023-10-05,675.0950317382812,682.066582070024,672.2566391323381,679.2779740947459,957466,8809,69.7677225082938
2023-10-06,680.6722412109375,695.1630929539202,678.5807398458429,685.1539516955975,3259891,13493,59.374204052264375
2023-10-09,673.80029296875,677.2362833283489,660.8531287286492,675.1946272786745,1118794,11156,64.60817525373866
2023-10-10,690.3826904296875,695.611353241184,675.045255201126,677.2861106917674,1882578,5308,51.1982358260467
2023-10-11,689.7352905273438,698.648927634627,687.6438497701461,695.4121364517154,1677423,13816,62.914011605369225
2023-10-12,688.8887329101562,696.6570191796159,685.3033279331889,689.386700758033,1231595,15823,66.94191203025844
2023-10-13,678.7301635742188,684.9049769262957,672.2565816765923,682.2159384421715,1497291,16331,74.4251501436347
2023-10-16,689.0380859375,694.4161630027339,673.9496966378055,677.236272272297,1436740,13183,58.704205197014204
2023-10-17,690.0339965820312,698.8978482562982,688.1915399288949,694.0177392154836,873111,4301,76.36367909363724
2023-10-18,680.6722412109375,702.8318097184228,679.3775370061202,691.1793503008892,2257558,15069,61.692271116704006
2023-10-19,672.256591796875,676.2403345630787,663.9405530872609,676.2403345630787,1947640,10472,64.8248756694901
2023-10-20,659.7078247070312,672.1071754053826,657.9150918371628,669.2687830065747,1425240,4436,64.6697784759839
2023-10-23,637.5482788085938,661.3013215400366,634.4608415881844,659.8074179522202,1313725,7395,68.31298942700226
2023-10-25,648.8023071289062,659.209847081937,643.6234294655374,647.3581882438674,2490628,3047,69.54238493288719
2023-10-26,642.4283447265625,646.0137499063337,635.4070098317651,645.3663673526391,2320101,7984,50.07099232435226
2023-10-27,641.2830200195312,652.3378819484006,637.9465989602123,647.4079880877083,1452775,14101,55.432320979542936
2023-10-30,641.0340576171875,646.3622894635678,638.5940029186507,642.3785465392931,1093581,5337,68.98421429666466
2023-10-31,631.2239990234375,645.7148504865335,625.9455522675408,643.5736253241397,2027458,4039,78.80875285804966
2023-11-01,582.6721801757812,616.1356568025457,579.2361897882123,608.5167242382446,12209864,6023,70.16732968853812
2023-11-02,587.1041259765625,590.589901109587,581.726048599344,586.6061581004161,2721333,8414,51.16137475358629
2023-11-03,594.4739990234375,599.0054939608839,589.4444754862823,592.5816970206379,1769085,17290,46.04775481678612
2023-11-06,619.6712036132812,624.35211355251,594.8225957843365,599.6528596060493,5492143,13968,70.76393803325406
2023-11-07,627.7880249023438,630.9252465758439,617.4801150387107,619.9699542122538,3715097,14028,55.41152395074928
2023-11-08,626.244384765625,630.5767417318623,621.2647060369112,628.4354555636778,1694691,10873,75.67761088604252
2023-11-09,622.1610717773438,630.9750788017672,619.8704317222991,627.2403197597074,1657746,16062,72.08368133384118
2023-11-10,634.3114624023438,635.2575526738855,619.0735977847004,621.0156845288207,1839288,17214,77.73508852179671
2023-11-13,634.1122436523438,641.7311149403172,631.1244366875491,633.415076536474,1149105,13837,74.56225515556741
2023-11-15,645.6651000976562,655.5248878111124,639.9882544683055,644.5695951459793,2491752,14955,76.30703477106904
2023-11-16,644.569580078125,648.4039081064517,639.8886702550283,645.4658857120652,857041,11097,51.968676388373574
2023-11-17,644.469970703125,652.3378870912761,643.3744657419304,646.2627036026672,1575247,4916,49.92433391716941
2023-11-20,647.1589965820312,651.6407071688695,645.3663245047139,647.3581958766421,939835,17465,57.553811852960116
2023-11-21,651.9893188476562,657.815518275304,650.0472321094103,653.732206291989,1260954,3053,67.83727708019195
2023-11-22,648.95166015625,653.3338014319096,646.8602195579654,653.1346021399088,778796,11805,46.26488253618191
2023-11-23,649.0513305664062,654.8775303005065,644.5696197595313,649.8480669968765,1468486,10666,59.19960145711704
2023-11-24,657.6163330078125,658.7118987541575,649.599062750298,651.3419502318052,1526716,9569,52.75577922369426
2023-11-28,665.6834106445312,667.3266679895197,652.8358164858106,659.309398190094,2568165,11353,68.10058395413557
2023-11-29,665.832763671875,669.667152379477,659.458812012638,666.4303615314549,1272051,3355,65.54439006241618
2023-11-30,668.0736694335938,672.0076276886336,662.8947915274077,665.4842608740469,1865635,15797,69.14580474639587
2023-12-01,689.38671875,690.4822237290837,668.3226539202351,675.2444193437883,2180409,3007,57.21214477523324
2023-12-04,678.7301635742188,696.1590379139823,675.6925719181351,692.1752952077505,2037749,14522,66.02287347372771
2023-12-05,675.1448364257812,681.17023526301,671.5594314277862,677.7342449350906,3878993,13295,56.14910782311878
2023-12-06,684.0584106445312,688.689535960403,671.6092144051892,677.2362754202082,2255716,14334,62.786033282279305
2023-12-07,681.2200317382812,689.3369321622804,676.738321003161,685.104205356889,1730038,17206,72.90884686904297
2023-12-08,683.4608764648438,694.6153685004496,673.6509341010956,681.2200211321721,2131802,11688,70.61222163948895
2023-12-11,716.3267822265625,725.0412199665451,682.2159830729167,684.4568384917693,6574569,13567,60.995002102286676
2023-12-12,744.8104858398438,749.9395789883988,721.6549809109191,722.0533795041025,9128866,13282,53.81295027083081
2023-12-13,743.5158081054688,752.8776282952924,738.9843126851014,748.9436699989168,3476358,10072,56.436649222938485
2023-12-14,732.3612670898438,764.7790216217687,729.0746915521022,756.8115363001702,4246726,9725,49.18150198959855
2023-12-15,721.4558715820312,742.4203066705741,718.8664021957849,736.9924447511369,2971250,10469,78.8150074345443
2023-12-18,731.8633422851562,736.843020903922,705.3714763481598,718.0696568260123,2612438,9822,61.09203318630121
2023-12-19,726.4354858398438,734.6519549344164,719.2647370180719,733.8551577864845,1688901,6238,51.21167347902914
2023-12-20,694.7149658203125,730.9172665739687,689.934486408248,729.0249643462107,2151830,8809,71.7119079916846
2023-12-21,703.180419921875,707.1143782682509,682.2657692970394,689.1875348755347,1459098,11350,50.435620433949495
2023-12-22,723.44775390625,727.5310661708793,704.3257753279128,707.2637979510457,2392981,14188,46.01751449078235
2023-12-26,726.7343139648438,736.1459187659244,724.0452753378075,732.0127611737119,1645139,11534,62.10229616804885
2023-12-27,730.718017578125,734.851114160929,724.0452363920595,727.4812266313929,1180034,14673,70.47338188837695
2023-12-28,733.3572387695312,738.7851005688452,729.3734959130942,734.3531744836406,2446647,8098,51.64089769786048
2023-12-29,745.0595092773438,746.9518115146852,729.3735212355353,734.8013832232942,2288552,17504,65.90957724197409
2024-01-01,740.9761962890625,750.4375858922159,738.1378037229541,748.9436822706654,1153090,12171,62.45515056501816
2024-01-02,740.179443359375,744.8105080107592,727.0330796251725,740.9761797823676,844656,9628,54.282420861250046
2024-01-03,729.02490234375,737.988323274206,720.5096646172345,737.988323274206,1578330,4927,65.2746260087127
2024-01-04,741.9223022460938,748.5452380929075,729.9710740011591,731.9131607483789,1762967,12898,78.4909515406159
2024-01-05,732.7596435546875,752.4293723487141,727.0827982769687,741.972048179738,1749327,7307,71.12276491766761
2024-01-08,714.2353515625,737.341012466598,712.2932646813372,735.9467388807822,1313588,13271,66.42955838806198
2024-01-09,725.1408081054688,733.0087249846804,719.1651934996154,720.8085118310631,1249816,3077,54.71426084884709
2024-01-10,728.0289916992188,730.0208630855367,710.8491009922262,723.0493132334238,1049880,9074,75.59869855622074
2024-01-11,729.4730834960938,736.6936170030981,727.0330289811366,731.7637233477947,969483,15895,57.55175086861523
2024-01-12,732.9091186523438,738.7851029119696,726.1367071452478,732.0127521919658,999941,12772,64.80654340965116
2024-01-15,732.0625,736.6936251672022,723.1987090343907,735.2992909183207,842890,11489,60.57689288382852
2024-01-16,746.7027587890625,753.8735076764318,726.0370939076046,732.6600903410758,2676909,14472,48.08340812798573
2024-01-17,719.1651611328125,736.9426502573883,715.0818489840913,736.9426502573883,2797056,6592,67.06764008689971
2024-01-18,716.7749633789062,725.2404171587904,698.2505221647859,719.0656034207503,1775563,4843,73.68480873643776
2024-01-19,726.2860717773438,730.0208304597778,718.1193873010037,722.0533452705852,1551868,15036,56.80909935180959
2024-01-23,691.8267822265625,735.000571998637,689.1875282155241,733.008700529806,1346480,9580,73.63324023039523
2024-01-24,703.4293823242188,708.6580448203657,685.0045716235104,693.51980981696,2874944,10536,55.84395531856926
2024-01-25,713.3887329101562,716.5757393216807,697.5035462674276,709.9527425725298,1861827,9655,51.585695032134645
2024-01-29,727.780029296875,730.8674057221274,712.0940416657758,720.0615274466516,2034288,3613,67.5484742837382
2024-01-30,743.167236328125,757.8572879986127,728.0787860602112,728.0787860602112,3228263,4709,78.41150010255514
2024-01-31,754.07275390625,760.4467060351767,743.9639820442258,744.9599177631605,1920453,15897,60.97620886994193
2024-02-01,739.4324951171875,765.8745765991814,729.8714756340706,763.6337212060109,3539486,6487,48.3610378491084
2024-02-02,772.8461303710938,779.0209440856011,743.1672576250864,743.9639940556792,5419790,17445,63.77494625819031
2024-02-05,759.9984741210938,778.7221130673619,754.9690112200637,778.7221130673619,3291771,9452,48.23259197833725
2024-02-06,778.0249633789062,781.6600921293335,748.0472630155019,764.8786002791898,2564978,13277,52.257393495918606
2024-02-07,777.4772338867188,801.1804915529228,773.4436456442023,785.8430573522129,3673374,3393,47.99064848571999
2024-02-08,773.792236328125,791.7688631388277,766.9202558426502,781.610307076987,2204316,6331,50.60095396583864
2024-02-09,758.3552856445312,773.7922897013311,738.8349085585152,772.3481707127924,1878921,11344,74.7785671090858
2024-02-12,740.4782104492188,767.7668735889496,734.3531814346337,758.3552688441133,1413841,6039,57.43427561832747
2024-02-13,733.556396484375,739.9801936336324,705.8196127336698,739.9801936336324,2298299,16196,66.10220846912371
2024-02-14,755.0686645507812,757.5585037654351,717.0736938203265,717.0736938203265,2320373,6559,49.04748463084248
2024-02-15,762.0900268554688,770.8044644255261,752.4294381918152,759.8989561090073,2095811,3473,49.99810268799399
2024-02-16,766.37255859375,776.4314853403768,763.0361981505771,765.8745907194201,1192225,9474,55.57176567032497
2024-02-19,755.9151611328125,770.8044113125432,753.9730744507453,768.862324630476,1242531,14956,77.92507462757987
2024-02-20,756.9111328125,764.8786184210526,749.9395829050164,759.8989399157072,1719670,13532,77.38137580045169
2024-02-21,768.3644409179688,781.8095737143298,758.7536364931393,769.8583445620088,3824236,9056,78.53681933239102
2024-02-22,780.5148315429688,784.2993751003202,771.0534422560443,774.4395872127936,3526557,4831,70.09365295500402
2024-02-23,783.353271484375,792.5656774009558,780.9132166787805,788.2831657268833,3093797,6352,72.10043337405418
2024-02-26,768.1651611328125,784.1499162920138,764.8785856176544,783.9009323774247,1209173,13068,62.20646747948224
2024-02-27,772.9456176757812,781.8094690924282,765.6752997384538,771.2525757354416,1359840,12192,56.02376595839206
2024-02-28,752.180419921875,778.2241621856775,749.7901499826598,774.8877411960609,973881,9082,70.80746915659525
2024-02-29,773.0950927734375,776.4314530779775,752.8776100731415,754.9690507435856,2501678,3599,64.47532979550815
2024-03-01,819.5056762695312,821.646962365077,772.2983599949928,777.3278231829607,5256259,17520,47.322874499975136
2024-03-04,836.0382690429688,846.0474110718623,822.6429211834705,834.4447353868221,2856051,13838,56.20447549283601
2024-03-05,821.0991821289062,837.1337222346427,818.659127559662,836.0382173033526,1537610,6231,51.85122398744055
2024-03-06,826.7760620117188,830.5606055891051,798.1429100707619,823.3400716213855,2246235,3986,53.49154467504732
2024-03-07,835.5900268554688,847.5412548915422,828.8176764591117,829.614412837432,2176087,11838,54.133025129237
2024-03-11,824.3858032226562,841.5656946217391,820.2526456147064,841.5656946217391,1424721,8358,70.91045780628244
2024-03-12,803.8695068359375,829.514850545184,797.395924928749,824.3857574884988,1646471,3116,69.69813004486186
2024-03-13,761.0941162109375,811.3888718438905,757.1103731905056,804.2181222496941,2175250,5316,72.67317791729305
2024-03-14,778.42333984375,781.7099763722513,753.425377412962,761.841046462832,2278644,11226,78.84583732896037
2024-03-15,764.629638671875,779.9172274519434,757.8075033971286,776.8298510766037,2415351,9312,58.31475253441933
2024-03-18,804.716064453125,807.6043023656279,764.6296515889687,764.6296515889687,4040803,15183,68.80173211507855
2024-03-19,791.02197265625,813.7292956912296,787.3867828391204,802.7242177663676,2528299,5412,69.64794395605131
2024-03-20,779.1702880859375,800.1347836716238,771.8004002126114,795.6530729209323,1272564,6544,77.79957306040001
2024-03-21,818.2109375,820.0534549616835,774.937520482726,794.8562338819694,3440279,13447,50.48612531727139
2024-03-22,829.514892578125,832.4030697185042,810.0941458724772,815.6215770082046,2059744,4299,68.47467102042889
2024-03-26,833.7974243164062,864.1734647737034,831.8553374412259,839.4742702642052,3545906,4336,60.10525676196605
2024-03-27,829.7140502929688,840.470205039274,823.5890818932555,837.5819670449708,1467887,9609,51.19011791225936
2024-03-28,845.6988525390625,850.5291165324011,832.6022733268001,832.6520579560637,1751216,7734,58.63970992671824
2024-04-01,864.8207397460938,869.9498329097972,851.6744371514857,854.5128295782554,2179459,7484,46.17900313956413
2024-04-02,893.2547607421875,896.3421371218818,853.8156702365698,871.4437444240517,4087436,9958,53.35061789336916
2024-04-03,898.732421875,913.1734898765761,885.6856274151135,889.0718331923891,3171054,8377,53.794005810458884
2024-04-04,899.6785278320312,911.2812035361541,894.9478330595757,904.8076212159519,1634219,9345,66.06404469390665
2024-04-05,912.028076171875,917.7547061887883,884.4406463677624,898.8319287415967,3185781,5314,45.0530374049361
2024-04-08,907.84521484375,920.3940416842962,899.9773589422371,912.3767103193248,1660694,9967,57.09678278358127
2024-04-09,898.8817749023438,923.2324154943212,895.3462152420656,908.392948902391,2510871,4598,61.31849701183301
2024-04-10,894.1012573242188,907.3471897197521,888.0260739869492,907.2974050931365,7432694,4480,61.68831458920042
2024-04-12,893.902099609375,904.210070856057,887.5779320577766,897.2883053960043,1101942,5821,61.99547759219286
2024-04-15,890.1175537109375,909.28931640625,872.4894792310758,888.9224186842008,2487303,6915,66.02654642420197
2024-04-16,898.1348266601562,905.5047753565082,879.4112471456183,888.3746686907039,1559770,17530,60.818092480110565
2024-04-18,902.1683349609375,932.1958208115301,895.5453989883241,902.4671643024092,3288107,6382,74.93276930780502
2024-04-19,923.4813232421875,928.1622329129383,882.1997787597351,896.3420770212659,3869393,6116,62.04974614456165
2024-04-22,913.92041015625,941.5077801369489,911.5799248127188,931.9966064557733,1754331,17281,54.03035777736699
2024-04-23,906.152099609375,918.7009262794052,901.42140489196,918.1531737853336,1014238,6040,46.603722940760434
2024-04-24,932.6937866210938,940.6114876238272,907.4468408442648,911.0321850631559,3633914,8299,71.20160573377206
2024-04-25,938.42041015625,941.1592333220018,922.2862397133117,931.9468281281092,2839898,12679,70.58145548560603
2024-04-26,928.0626220703125,943.0515024090531,922.6846059692119,938.1713933517299,1823107,5443,63.21974477587347
2024-04-29,938.27099609375,941.1592339307017,926.7181663201249,931.1998769578901,1286958,13032,62.25981433375198
2024-04-30,925.8717041015625,944.7446381341342,922.2365142607508,943.1511652321069,1917697,11471,54.452789985683225
2024-05-02,938.0220336914062,950.0231077486696,926.9173868841908,930.2039626032076,1615306,5125,76.63255804372886
2024-05-03,927.714111328125,956.0982789855072,919.696841041967,944.6450183518267,3031130,13321,58.16839633495536
2024-05-06,932.1958618164062,945.8401937461379,913.6714811848922,932.1460771863349,1978042,3779,58.11550390953019
2024-05-07,920.2943725585938,934.9844241516473,912.277102321159,933.1917520468623,2914141,7086,78.06320704383725
2024-05-08,939.764892578125,944.2466031822139,907.2974134055613,919.9458088234081,1732112,11958,70.35330922778002
2024-05-09,917.5555419921875,944.0972525309323,912.3766642301042,941.209014705802,1097509,16441,54.707155050989186
2024-05-10,926.7679443359375,933.0423270266288,912.2273075742028,922.0870344346918,835091,4758,71.53881566337199
2024-05-13,935.6318359375,938.3706592015325,904.9071821214627,927.9133340115906,1965933,3641,61.88833001809732
2024-05-14,974.4733276367188,979.3035916146656,927.0667503940458,935.6816187774566,6840175,5515,70.08553563162539
2024-05-15,989.5119018554688,994.6409950215622,971.4854900134603,982.9885351826475,2292776,12034,73.4318828118184
2024-05-16,1001.1643676757812,1005.8452776477493,989.4123385115639,991.9519624024651,3747123,9304,62.03030496826494
2024-05-17,1011.3727416992188,1023.8219384212673,997.9276092394065,1000.9154164526981,1708670,15123,72.52103547731706
2024-05-21,1064.6053466796875,1070.6308058913503,1009.8787322547248,1009.8787322547248,3541313,13351,54.6366461141048
2024-05-22,1073.3199462890625,1081.536416510905,1054.2975971206051,1073.519206390471,2169567,15890,76.21907466394688
2024-05-23,1069.684814453125,1072.3737922819244,1045.8320808862297,1060.6715475089384,1299470,9279,66.08145804918466
2024-05-24,1064.8543701171875,1078.6979002500007,1055.1938427443856,1064.7548008649874,795828,16492,55.800887646550436
2024-05-27,1054.9947509765625,1075.5110023799791,1052.3056516029608,1066.6471502062852,1283259,9625,65.89123014728627
2024-05-28,1048.3218994140625,1063.659333595349,1039.707031245668,1058.8787935787304,702188,13866,55.09181609308948
2024-05-29,1034.3291015625,1046.8778674522305,1026.0627863694995,1044.786426732973,1540923,5428,66.50227153543948
2024-05-30,1027.0089111328125,1035.9226091644814,1019.7386530006524,1023.0251680771007,838030,11904,64.10579244813758
2024-05-31,1023.9713134765625,1042.3961239122887,1012.4682075208011,1031.9885229108422,3245379,8251,49.82911911514577
2024-06-03,1053.1522216796875,1075.6106217164995,1044.7366131301926,1075.6106217164995,2006398,12136,77.39035155226811
2024-06-04,956.2476806640625,1032.7853144135267,897.5372593603788,1025.813764557312,5964333,15619,54.36753258175573
2024-06-05,1002.1603393554688,1009.5302881535166,924.4773515594671,974.921521154657,3384707,9325,61.43977229974722
2024-06-06,1025.3656005859375,1030.793401267288,995.9356533983457,1011.9701931032239,2465243,4338,52.96829098927087
2024-06-07,1022.7761840820312,1038.1136191605483,1016.9998295960686,1025.8138367915267,2354471,14568,73.07561128031551
2024-06-10,1008.0363159179688,1029.598347557023,1000.516952955833,1029.598347557023,2412594,11816,51.14196304871597
2024-06-11,1004.799560546875,1014.8584868871515,997.5291812456843,1005.8950655113081,1220832,16596,51.97028762649781
2024-06-12,1023.5230102539062,1033.6317813310925,1001.0647344800842,1008.7832357025691,2853655,17115,77.94167661919096
2024-06-13,1037.01806640625,1048.7203110931873,1032.1878024886064,1034.7772110406663,1162049,11772,71.98042251094893
2024-06-14,1048.1724853515625,1054.9448967833378,1031.7893916143855,1039.2589094108218,2722106,4257,45.32050450719296
2024-06-18,1030.0465087890625,1056.6379436350169,1020.0373062668775,1056.6379436350169,2798849,16730,63.70221957788541
2024-06-19,1042.69482421875,1046.6785669871665,1024.8178271751533,1039.657293302341,2074723,6892,67.09801750580499
2024-06-20,1052.1064453125,1070.5312548434133,1040.0556482584677,1046.7283684859387,2379619,10421,59.982027036222235
2024-06-21,1072.8717041015625,1092.541433649955,1045.9814409214816,1060.6714921031923,3775241,5645,54.814403611279175
2024-06-24,1066.547607421875,1073.1207589857438,1040.8524167208943,1073.1207589857438,3374848,16110,47.278093569968796
2024-06-25,1059.7254638671875,1076.6065258885876,1044.7864278927852,1073.1207508278937,2287648,7807,63.94581768247019
2024-06-26,1042.84423828125,1059.7254211971117,1038.113543746505,1059.7254211971117,1089927,16944,49.97832282272426
2024-06-27,1043.09326171875,1054.6959372793897,1024.9672800760118,1046.2304835807354,1596848,14074,71.04830672858716
2024-06-28,1040.1552734375,1056.6877818069188,1037.067897070337,1043.0932351342458,2370605,10760,77.05132739209023
2024-07-01,1055.1939697265625,1070.8301130031684,1038.0140773454552,1040.7529007685303,2903887,7035,57.124979980476375
2024-07-02,1040.852294921875,1062.1653415615258,1033.8807455632902,1061.7172191610002,1415238,8444,67.06732148310175
2024-07-03,1046.0313720703125,1051.6085879832835,1040.5038800005766,1042.4459060930844,1580996,12946,77.23835500052718
2024-07-04,1051.1602783203125,1058.6796414305122,1043.1430689379015,1053.699962966587,885590,10119,53.585766048429164
2024-07-05,1046.23046875,1058.97849453341,1043.4418001179465,1045.7823463078626,1445408,10359,51.74361563853223
2024-07-08,1021.7802124023438,1050.1643806750787,1019.3402184962916,1046.2803285918424,1417503,14842,77.68137223183496
2024-07-09,1017.6968994140625,1037.1176461114385,1008.7833232775052,1025.8137999126748,1371213,3445,56.466405737045804
2024-07-10,1003.7537841796875,1022.1288710317474,987.9682274411549,1018.8422345486911,2245736,9920,66.2221071017704
2024-07-11,1010.4265747070312,1021.6806362094306,1003.9032078846437,1003.9032078846437,1842467,10138,47.93514701540343
2024-07-12,1009.7792358398438,1014.8584836216415,1001.6125508996016,1011.8706765059742,907800,5189,69.36149268818022
2024-07-15,1004.4011840820312,1016.6013967791109,998.7741228905818,1013.7630042623827,1118459,4712,57.693837533559766
2024-07-16,1005.9448852539062,1023.8219440016258,1004.3016277498953,1009.8788435969344,1706821,4709,60.062869741938606
2024-07-18,985.9265747070312,1010.7751829911357,972.4316579058687,1010.7751829911357,4764249,6818,75.55685353994755
2024-07-19,942.5037231445312,983.4865014171559,940.6114817912743,980.9468775455981,2974059,15141,70.53033982851366
2024-07-22,948.7283325195312,954.6541621482539,926.5687629839815,938.1714383140611,2489828,15853,66.60559461762759
2024-07-23,948.9275512695312,957.6917735350316,923.4814055285887,951.3178213360736,1397714,11427,52.103181400229715
2024-07-24,968.4976806640625,970.987519906457,942.0057546527296,948.9275199040047,2385985,8128,59.950306211286346
2024-07-25,933.9884643554688,950.4214030017288,915.1653165601883,936.1795349990547,5020305,15158,69.5723118727763
2024-07-26,968.3980102539062,969.5433605724995,938.4701559653007,943.3502649918004,3121650,8912,72.91592536640252
2024-07-29,962.97021484375,978.8055553798843,959.584009281838,975.5189798563159,1596044,6513,72.21343681966583
2024-07-30,972.53125,977.6603433752573,952.2141365914606,962.9702912119188,1215074,3879,45.23483855883308
2024-07-31,984.2334594726562,987.968218362636,976.1664045851367,985.9763469546468,984608,10193,45.98894564791564
2024-08-01,979.3035278320312,1002.5586620961626,971.2364732554659,991.9519229426332,1242869,3641,50.48044478126835
2024-08-02,952.8614501953125,970.6887229642856,949.276106105964,965.0616621262167,1982275,3091,68.9143576039749
2024-08-05,914.1195678710938,942.204967073937,899.7781301073871,934.0881275029221,3333943,4884,55.19226506054389
2024-08-06,921.5890502929688,932.6439727306912,915.3644523394389,915.3644523394389,2794386,14147,48.99407265974109
2024-08-07,942.5535278320312,945.9894572107443,921.340049759296,932.1957727093146,2262015,12909,53.10218831371462
2024-08-08,915.414306640625,934.1876699359083,911.2811492445161,934.1876699359083,2204897,8017,69.10716796479424
2024-08-09,912.476318359375,933.191769167467,909.8370643878744,923.0332126711925,1479733,15114,74.85603501033611
2024-08-12,914.3685302734375,916.8583694919002,898.5331893162684,911.2313693304286,2379658,11462,55.93696045029621
2024-08-13,905.2557373046875,924.0788849517843,901.3217792598923,917.7547177767854,1449141,6561,52.86380062875472
2024-08-14,925.97119140625,928.1622620429297,892.3583624630277,905.255741577919,3795523,4372,47.14416811231492
2024-08-16,930.701904296875,937.4244702187626,922.2862355409459,931.1998721429408,1074486,6671,46.70137632203149
2024-08-19,949.8736572265625,953.7079852895217,927.3655351158988,940.4620528691015,1245922,8828,72.32050718155264
2024-08-20,945.7904052734375,955.2517948581336,931.1999222832527,953.1105086899175,999577,13781,64.55385052321293
2024-08-21,953.7080078125,955.9987085661214,940.1633065248598,945.7903675789606,832903,10935,72.59728537244112
2024-08-22,963.8379516601562,966.0834969785465,946.1230941484112,955.5543966685132,1141606,13001,65.96541991861996
2024-08-23,957.9495849609375,967.0814933974439,955.9036559038985,967.0814933974439,853881,14963,45.1148162388681
2024-08-26,983.6486206054688,985.8941659090252,958.2490569033605,963.0894301919673,1183617,7532,61.12829084211671
2024-08-27,966.8818969726562,984.1476331675703,965.0355840841113,983.5488454508302,983842,16798,48.73492781986915
2024-08-28,966.981689453125,973.069587635685,961.0933465570919,972.670355234007,914225,8818,71.38748712186649
2024-08-29,958.5983276367188,965.0854584328027,946.6719749902861,962.0913980653794,1052201,13947,62.16734211132395
2024-08-30,968.478759765625,974.0676481351005,958.9975685184083,959.3967400223339,2683048,6762,47.52172992662696
2024-09-02,963.438720703125,978.9080329200071,957.1013171606446,973.0696394490391,1048122,17449,61.15019965598039
2024-09-03,946.37255859375,967.4307583106278,944.176902193744,963.0893952470011,972264,9891,70.96420481370703
2024-09-04,943.727783203125,951.4624389863934,927.2105627133305,933.1487944975411,1578965,8853,68.45758060960324
2024-09-05,948.6181030273438,953.7579308971096,940.7337198884298,945.1250326847918,787383,4447,76.24571133684461
2024-09-06,952.061279296875,967.7800957516637,935.9432304394144,948.6180977953445,1314912,17758,58.67568319549922
2024-09-09,943.9274291992188,963.4387106080451,931.1527836852213,952.0613176453676,1877070,3722,70.29747403007727
2024-09-10,960.0953369140625,971.522679250424,947.7198632991332,948.1190957051552,1905394,13002,62.13180614850505
2024-09-11,964.9856567382812,968.9777371286941,949.4165066670834,958.0992936990939,1675589,8054,71.58902416867761
2024-09-12,1002.6609497070312,1011.9924135729693,970.2252954258463,979.0078604021965,2998825,17170,67.92170027933723
2024-09-13,1029.0584716796875,1033.6493396442986,1006.7527474404125,1008.1000501716344,2806536,17849,61.883710800846885
2024-09-16,1041.0347900390625,1046.9231332668232,1022.8708721113575,1033.948871367425,1958439,10957,50.00061735025466
2024-09-17,1050.6656494140625,1071.5741215614773,1031.0047023787517,1041.932973629334,2217260,17843,64.50458378860233
2024-09-18,1022.8208618164062,1052.761464426997,1015.5353273640249,1043.4799507148882,1777856,6948,47.68025583182019
2024-09-19,1000.8145751953125,1041.6335620050877,995.5749695075029,1033.2003406294934,4880849,6759,57.223156852300555
2024-09-20,1007.4015502929688,1039.3880225751925,1001.6129847689886,1013.6391761469863,3076614,11051,46.132045607803214
2024-09-23,1019.3278198242188,1021.9725974940059,1006.6030633612808,1012.9904164613437,1448077,9742,78.57271091470307
2024-09-24,1039.4879150390625,1050.9151967950788,1029.9567740669718,1029.9567740669718,2777479,4454,48.42404542341011
2024-09-25,1018.7789306640625,1052.6617260656294,1016.4834965611221,1050.9151908481704,2564667,10070,62.92860315473017
2024-09-26,1026.2142333984375,1033.6494348870847,1011.7928298490705,1024.9667081937228,1903363,13539,45.181643309199174
2024-09-27,1026.0146484375,1046.8233438848872,1009.0981340534026,1033.948859778674,3002247,15528,75.7841147912422
2024-09-30,1037.5916748046875,1056.7536129807786,1021.5235138180012,1035.944917189094,3037535,14093,78.66342327314618
2024-10-01,1033.300048828125,1047.9210671304793,1017.4315663601641,1047.9210671304793,2382544,3177,60.58022519388015
2024-10-03,1048.9691162109375,1066.8835289810854,1025.0166328661796,1027.960743545854,6213074,3170,45.63412008806513
2024-10-04,1019.0783081054688,1055.7555470813932,1011.3936020038685,1052.9112141387816,2138207,7209,69.04981253841768
2024-10-07,998.618896484375,1028.6592773930731,985.1456250157797,1024.0185813501248,1714125,16029,62.81374346873979
2024-10-08,980.9539794921875,997.0220787174036,963.089395357652,997.0220787174036,2614906,15174,60.692690841068845
2024-10-09,997.5211181640625,1007.6510468313043,963.638322627853,983.548836368868,2166137,13982,68.66413639318907
2024-10-10,988.7884521484375,1032.1523784317214,984.0478564909002,1006.7029258160994,1415371,10270,49.87380851071784
2024-10-11,1003.8585205078125,1011.9924089096464,987.0419057314007,987.0419057314007,1834521,13097,61.95955111141484
2024-10-14,991.1837158203125,1015.0862491865676,982.4010899506638,1004.0581389402172,1949682,13650,73.19504508797516
2024-10-15,966.7821044921875,997.5710008942359,963.0894178574362,994.9761729424182,7070247,11684,49.852199048567485
2024-10-16,958.3488159179688,970.0256634522923,948.1689985569094,963.0894114666388,7109924,17323,52.5492917182581
2024-10-17,928.15869140625,960.0454457293595,913.1883899319556,957.1012742565524,5120919,4318,45.72323439436683
2024-10-18,962.5903930664062,971.2731801789503,921.8711848893836,927.9590831755039,2696607,15027,49.45994312309689
2024-10-21,947.0712280273438,971.7223377721001,944.1270564190723,967.2312471231722,1659103,13436,75.05543584325125
2024-10-22,908.4478149414062,950.5642762212506,904.3060070744373,946.1230745009099,1988814,3712,46.885743688011935
2024-10-23,913.6375122070312,923.8672182261997,894.9745241648078,923.0688143295174,1874744,12740,53.91262977049741
2024-10-24,922.469970703125,933.7975354414305,907.2501641046058,916.881082481853,3186168,12173,70.47495048659988
2024-10-25,897.2699584960938,925.164632466929,880.2537279782431,922.4699660147453,2311184,14076,77.3975893589451
2024-10-28,917.1804809570312,923.0188742339595,889.7848167586403,897.2200787599251,962918,4973,55.462574363934394
2024-10-29,913.23828125,922.1705733369379,894.6751317368647,922.1705733369379,1624416,4694,61.68034749686531
2024-10-30,917.1804809570312,928.5579345751072,902.7590781867593,909.8450575153201,805681,15292,75.18516172997141
2024-10-31,918.677490234375,929.8553273934731,909.7451982713956,917.1804601036291,1116203,10591,64.71616896869406
2024-11-01,927.65966796875,933.5480108293812,920.5737497389092,926.0628602002628,228890,12717,48.44518425208828
2024-11-04,907.39990234375,932.051011410658,896.0224486469267,930.1547488230829,1031272,14971,48.559149684820355
2024-11-05,934.1967163085938,937.1408878302202,903.3579313087753,907.2002843851652,2270819,14142,70.80114070131599
2024-11-06,949.9653930664062,953.608190740559,926.1626384167859,940.1349195997976,2513894,5625,76.15020558189993
2024-11-07,945.7238159179688,967.031581455641,927.7594542409885,953.1091889731189,2917302,4838,58.58444513662121
2024-11-08,926.2125244140625,953.6081878329419,918.3282023191327,945.7238048237004,1185483,9382,64.82255861205931
2024-11-11,905.0545043945312,927.9590778996056,902.7590703446666,921.1725533944054,1299909,8860,70.83963466039036
2024-11-12,885.2438354492188,914.136529747363,881.451371223167,905.0545102195329,2703824,4578,65.16418980233794
2024-11-13,856.9500122070312,883.148040717873,853.3072143531311,879.2557378305363,2232128,3710,72.69580483195531
2024-11-14,875.662841796875,886.2418302699584,857.2992479751061,858.0477630344558,1864763,13394,56.46853838348763
2024-11-18,884.9943237304688,902.1602816344072,873.5170925797494,878.2576880550465,1348925,13459,52.91932003593033
2024-11-19,863.6866455078125,889.0862091036847,860.642635377605,885.1939671423889,1585170,4889,57.675794132844985
2024-11-21,869.4751586914062,878.2078349218352,855.6525431952238,866.2814820585577,1330047,6776,77.36608299231395
2024-11-22,877.2097778320312,882.2497671470109,856.8002546331547,871.9701723144726,895312,8326,57.311083461959534
2024-11-25,875.5131225585938,896.3717667721095,868.3273657391718,885.9424446653517,5649588,3740,77.42367995211245
2024-11-26,891.0323486328125,896.820853130876,869.2256334333247,873.2676027259363,1423292,7309,63.371564040176104
2024-11-27,887.7887573242188,892.4295751003285,879.5052027745661,891.032322611047,819382,6965,67.57375677847065
2024-11-28,895.2240600585938,902.0105847858739,883.746828519381,892.2299996570599,1325547,8379,60.616091711100445
2024-11-29,904.6553344726562,910.693343912446,890.2339318026322,897.2200725230565,1082644,6202,66.87866804921963
2024-12-02,916.7313842773438,919.1765457948401,895.4236787269787,904.2062437460642,988585,10899,69.1737992976151
2024-12-03,923.9669799804688,933.7475646038288,917.2303444251626,924.1167073585335,1636042,14658,48.59753192664217
2024-12-04,933.6478271484375,935.1448573362757,918.6276364466569,923.1686158335699,1147200,7659,47.587737054336515
2024-12-05,932.5999145507812,940.9832470212848,922.519874776856,933.6977123185081,1159145,11995,45.389453787716015
2024-12-06,947.2208862304688,949.8656639552505,930.8035037330644,933.1488266857465,1179083,16090,47.369436190837504
2024-12-09,965.2850952148438,967.680307011247,943.3286520524125,948.1690253838586,1433142,12470,63.990844442469424
2024-12-10,1000.3654174804688,1009.447436890133,971.0735520689843,971.9717945198707,4608726,10715,77.78119425578444
2024-12-11,992.6807250976562,1006.4035015869379,988.3393010779137,996.0240680947741,1284435,10883,63.251139823276546
2024-12-12,998.2695922851562,1004.0082077869205,985.0957149504178,998.0200872633404,1331800,3069,51.84762486339992
2024-12-13,996.7725830078125,998.818512046643,972.2213127132202,995.0260478185622,1575356,5344,46.12524682774989
2024-12-16,974.1674194335938,998.4193571972381,966.9817232666177,991.0339839081286,1420965,16977,73.95084566944965
2024-12-17,949.6161499023438,979.7064810673922,945.8735744297911,970.0755624856313,885850,6131,71.03394844083692
2024-12-18,929.6058349609375,959.746054184326,925.0149059492234,958.0992966524794,946566,9752,69.36286933901204
2024-12-19,920.5737915039062,923.1686194739992,905.2042571490998,905.2042571490998,726533,12470,50.70975001642463
2024-12-20,906.2521362304688,932.550002315636,902.2101670234584,923.168589045021,1099720,7850,51.74307595940912
2024-12-23,938.9373168945312,945.6240638826858,881.6010488065916,923.1686111783476,3310719,17542,61.45258851137155
2024-12-24,940.8335571289062,944.675910134606,928.1586897208239,937.1408705890899,1638333,4587,72.76667955407308
2024-12-26,939.4862060546875,943.1290038214163,922.9190965966716,936.1428630523687,1163046,6338,50.08884356095242
2024-12-27,921.721435546875,947.5701800644055,919.5257791812338,937.1408580133435,699559,8070,54.54301402676258
2024-12-30,916.4818725585938,923.5179022873363,907.2002975389133,918.8771452346533,3283259,5659,74.63411648415688
2024-12-31,928.8573608398438,933.6478453514617,909.6953618790565,909.6953618790565,1135095,14671,49.73914678133653
2025-01-01,936.2426147460938,937.6398672268983,916.7812231431938,923.5678084336031,591839,4208,60.15679340686786
2025-01-02,939.8355712890625,945.1250658103122,928.4581174088302,930.1547638175406,1107101,8572,52.81152830959161
2025-01-03,955.9535522460938,960.1951377768138,937.4402911125195,938.6379274452327,1702255,13361,60.274520761730145
2025-01-06,937.4901733398438,955.9036566971013,924.8153665745568,955.9036566971013,1881095,8440,63.89185006187088
2025-01-07,939.5860595703125,952.8098262365016,933.2485952232106,933.2485952232106,1057467,4671,59.74665803548208
2025-01-08,940.683837890625,945.873554620071,928.3084251358218,935.144838490115,1719232,13085,55.397966974407396
2025-01-09,929.7056274414062,939.7856671677146,919.1765273940763,938.9872023429788,1652891,6107,63.8412197079224
2025-01-10,915.883056640625,929.7056106400955,909.2461986194088,928.1586916701744,965180,3725,51.35968200637288
2025-01-13,874.9642333984375,916.73135019602,869.325395470641,911.2422396488709,1916830,6686,48.53613529161181
2025-01-14,908.0985107421875,920.5737619562834,877.1598877312299,877.1598877312299,2581715,6597,70.16157405585287
2025-01-15,908.4478149414062,917.4299960284402,896.3717958456751,913.2881881614712,1733336,13150,65.29989625331633
2025-01-16,916.03271484375,930.6537335216378,909.6953116407216,917.1804623124774,1399598,13186,63.78420523814583
2025-01-17,922.8193359375,929.0569617389639,910.7931446608261,913.188417334314,1374068,14026,76.77112841686656
2025-01-20,931.951171875,938.0391311294707,908.8470427447068,925.9630511806895,1226037,6261,72.5988440830489
2025-01-21,917.0806884765625,938.138888088135,913.6873957922209,938.138888088135,813070,3690,56.97561100639429
2025-01-22,895.0244140625,925.9131483598741,875.6129109223757,923.1685930831404,1613414,15582,69.94978885827715
2025-01-23,891.23193359375,904.2061946651036,887.4893582847056,894.2259938409854,1097278,15819,56.77134993417853
2025-01-24,881.0521240234375,906.2022424958318,879.2557000427619,897.2200616781419,2053984,5760,58.04380042347862
2025-01-27,840.981689453125,874.8644242376255,836.5404876783332,874.8644242376255,2260090,4288,76.09011843056412
2025-01-28,839.4346923828125,857.0497717367815,823.9154918139932,848.2672069283386,855671,9926,49.959536070508356
2025-01-29,847.319091796875,854.1555053331616,835.0434563600659,844.325031401833,551268,14896,54.43520755732121
2025-01-30,838.3867797851562,862.4889897660564,819.673902754741,847.3190719372038,1970355,17510,58.561590916864986
2025-01-31,789.9827880859375,795.2223935453667,721.9178059348707,783.4956575171203,22676494,14651,76.7934254115475
2025-02-01,774.8128662109375,806.2006099692954,753.704778027514,790.4817936795004,4262499,14753,53.41719131766694
2025-02-03,806.100830078125,811.6897181554034,748.914291728118,767.477440833796,7785004,3062,60.58393894697419
2025-02-04,800.0128784179688,825.4623906696955,797.4180505541058,811.8893418344994,2771274,3745,65.0294671553717
2025-02-05,817.228759765625,822.368587805133,802.6078013975327,808.5959221825216,1895088,13807,47.76619424632105
2025-02-06,807.74755859375,824.4643955796909,804.603831768863,820.7717698724565,1073064,12216,54.638889242105066
2025-02-07,842.8778686523438,847.0196764595066,808.3463973376497,808.3463973376497,6993440,5540,76.04166571364435
2025-02-10,838.9356689453125,841.4806689234234,816.6798329711014,839.3349013497294,1744941,6621,57.72498316557069
2025-02-11,832.8477783203125,849.3151100666098,826.0113649610597,833.3467883732305,2851850,8950,68.4878538375564
2025-02-12,827.7079467773438,833.3467847162989,799.7633839365577,823.3665837017325,4696962,3009,67.13106476179459
2025-02-13,838.8358764648438,852.3091475323934,823.4663428813219,823.4663428813219,1584072,4551,72.45892310606554
2025-02-14,831.650146484375,856.3012554140045,812.8374917538837,842.3289738571326,3127767,9143,76.26411520695618
2025-02-17,835.9915771484375,840.2830514778002,811.7396395223169,823.3665982758162,3000527,11738,52.89723591754572
2025-02-18,845.2731323242188,847.9178490295124,823.6659728843331,833.4465576403516,1253438,11065,60.00522889627834
2025-02-19,858.3970947265625,860.2933573509506,836.3907629075827,838.3369143559148,1378738,9227,76.35964153698659
2025-02-20,877.55908203125,880.7527586079319,850.4129225009245,850.4129225009245,1283212,7845,77.46576283049616
2025-02-21,878.6069946289062,885.3436304876144,861.5408748192378,871.0719548512881,4152422,4970,55.853827401011216
2025-02-24,860.5428466796875,885.6430770111934,853.4069784708076,866.3812400038155,1686346,16146,68.24888209139287
2025-02-25,855.1036376953125,870.6228385792161,852.3091935060245,853.4569410245981,1648058,7864,62.0883440731853
2025-02-27,860.2933349609375,870.8224349402998,845.7721545409212,851.311153969466,1967080,5369,57.643700532345356
2025-02-28,854.4549560546875,864.4850461476806,840.7321793091135,848.3171079082141,7714704,4190,52.821077077081114
2025-03-03,852.658447265625,874.814505647605,844.5745088289693,850.3131243985606,2828636,17321,50.79971201264055
2025-03-04,865.5828247070312,870.2735313824368,840.881827113321,852.3091694961021,1266558,14866,51.42528475635034
2025-03-05,889.8846435546875,894.2260066094436,859.2953032262623,859.2953032262623,2371535,3554,56.05388486067137
2025-03-06,912.7891845703125,918.1785176264544,892.2798831257584,900.2141553250673,3101315,9534,53.74123358359605
2025-03-07,907.150390625,923.2184900206679,903.457704037345,910.1943397758174,2083657,8317,58.17765359914242
2025-03-10,903.507568359375,931.9511407060598,898.8168617895155,907.2002548468946,3073227,4586,45.273410031095516
2025-03-11,903.0584716796875,907.6992895544046,890.7329476935745,890.7329476935745,2786479,14288,78.63077118832399
2025-03-12,901.2620239257812,913.6374973228411,879.8045921375792,906.6513567406357,1325797,5894,60.180561359044475
2025-03-13,887.9384765625,907.4996457472316,883.9463962460803,903.9566866492715,1009777,7188,76.1768988678902
2025-03-17,895.4735717773438,903.9567429783551,887.9385318934261,890.2339660355426,1163494,11584,60.87806263263594
2025-03-18,895.4735717773438,895.4735717773438,895.4735717773438,895.4735717773438,0,9912,70.39162138551382
2025-03-19,923.1685791015625,941.8814557049726,918.4778725167787,935.1947089491583,2402675,8227,46.955549415471715
2025-03-20,924.3662109375,929.9550990237577,913.2881514930197,929.9550990237577,1311300,14259,77.3465499878738
2025-03-21,912.4898071289062,927.0109880675418,909.9448679399603,924.3662712297413,2350523,5892,67.95852837434575
2025-03-24,920.9230346679688,927.1606602075784,914.1863990851904,919.176499516878,985738,5159,63.289232824016096
2025-03-25,907.0006713867188,923.6676195462672,902.1104093553214,923.6676195462672,1553849,16697,56.376730481007456
2025-03-26,898.068359375,914.5356909655118,894.2758951915629,907.6992776709334,1507434,5620,74.68647832032045
2025-03-27,914.236328125,917.1804996920757,891.4315925147041,896.2220769570011,1246440,16432,59.91981630325664
2025-03-28,910.4937133789062,923.6177018914437,903.5075727684356,923.6177018914437,1550743,14450,67.55977364782763
2025-04-01,899.7151489257812,912.789188288206,891.5313716611752,905.2042596513406,1697338,7657,51.54170576624776
2025-04-02,907.7492065429688,909.894974210614,894.7250558932529,901.2121868060317,1761044,9354,76.0629748363229
2025-04-03,903.4078369140625,914.1864421716513,896.5214736280479,898.2181200376486,1949930,9014,61.53847995226876
2025-04-04,848.4168701171875,907.0006626860601,843.3269919280806,896.222057693984,2878135,12066,60.137088786828514
2025-04-07,789.4838256835938,806.1008855091222,773.5653921443436,773.5653921443436,5300335,9783,47.664564422290084
2025-04-08,800.2623901367188,821.1210345225237,776.1602413510991,816.9792267556822,2090766,17790,74.7261603059989
2025-04-09,785.342041015625,791.6794442845763,768.4754769607611,788.6853839847291,1877934,7754,59.46078912685243
2025-04-11,804.054931640625,815.1828193967783,796.2204371734517,808.3962947839242,1804073,9038,69.5491662224512
2025-04-15,843.4767456054688,849.265250234048,820.1729387901246,823.36661542068,1818808,5381,67.148307495907
2025-04-16,852.5586547851562,858.2972702548836,836.8897273197339,843.4766964074862,1404916,9773,74.53731007676797
2025-04-17,879.954345703125,894.1761323115675,846.6703383902171,850.2632473451486,2842300,16159,51.43974259496996
2025-04-21,904.60546875,912.1405085365781,877.3095816895955,886.2418740216632,2090565,7716,56.75428404172505
2025-04-22,912.9389038085938,921.9709737022195,905.3040255329084,915.184449076229,1941122,12010,56.08436640953631
2025-04-23,917.2303466796875,920.1745181124759,890.8826529916483,919.1764980277552,1241468,6831,72.07723158032003
2025-04-24,906.2022705078125,924.166632698496,901.8109576065864,915.1844516031542,1578364,12553,62.90431329751302
2025-04-25,890.0343017578125,917.1804603178742,874.3154853813093,910.194319706095,1253219,3253,46.98766815031446
2025-04-28,905.7032470703125,910.9927414543619,887.2897639139543,893.2279957332559,631588,13018,78.98840826748912
2025-04-29,893.6771240234375,914.6854352581237,891.1820737363178,909.1963246264601,519692,9717,63.32136192634243
2025-04-30,893.876708984375,906.0026164073356,886.6410634046449,893.7768704277918,1048167,10460,56.56388315709524
2025-05-02,897.7689819335938,902.9586987125385,841.879855514249,885.2438416778355,3188976,11448,67.56617206391047
2025-05-05,902.0604248046875,907.0505252039263,890.78281008527,893.3277491060195,1299773,10071,53.80315004967507
2025-05-06,871.7705688476562,909.1963230912592,869.2755185647494,909.1963230912592,1841702,4149,61.67832067629335
2025-05-07,876.8604736328125,884.1959582354527,856.9999093275765,860.2933636179607,1186064,3245,64.18366181522202
2025-05-08,849.46484375,880.5531337288397,837.4386526540065,876.8604471269888,1586003,9307,56.809277317690515
2025-05-09,853.656494140625,856.60066570806,831.9495563052205,831.9495563052205,687868,3372,51.02072672901329
2025-05-12,902.9586791992188,904.6054367184985,865.1836430424895,873.2675814305791,1674583,6273,76.5653469378613
2025-05-13,907.89892578125,913.6375415372033,894.2260377972461,896.5713607404751,2468436,17870,48.42268821653388
2025-05-14,941.3325805664062,948.1191051360967,906.850997925635,908.2980783546552,6979336,13904,53.10949797840006
2025-05-15,966.3828735351562,969.7262774979298,932.7995329233488,938.1389162190828,2553377,16531,71.21888556864661
2025-05-16,979.656494140625,983.8481906936246,962.4406476204186,964.4866375325305,2805260,7163,74.0615878946777
2025-05-19,971.1234741210938,977.7104435195937,953.3587280117719,968.9777673928174,3177664,3954,57.977199680908015
2025-05-20,955.7040405273438,980.9539982414542,954.3068489108837,971.1234635316329,2683257,6619,51.99553256249972
2025-05-21,966.5824584960938,970.0256399941978,949.2168845404545,949.2168845404545,2277923,6598,47.319649282258545
2025-05-22,958.0494384765625,974.067649422002,955.6042769688185,959.1971250804688,1299974,8705,51.85638140197581
2025-05-23,951.5123901367188,962.7401162904042,948.7678348547067,951.1630465522386,1124070,6324,72.15695799249518
2025-05-26,952.9096069335938,967.8799088677652,950.1151627554113,950.1151627554113,1381677,8401,65.29427965174648
2025-05-27,945.6240844726562,962.0914168143964,944.6759531549657,962.0914168143964,1604889,9004,55.8674789162727
2025-05-28,943.2787475585938,949.2668683216019,938.6379296015366,941.7317676300318,833626,6269,73.97021482251239
2025-05-29,969.4268188476562,975.0656568893539,946.7718108632544,948.1191136590443,2490067,13154,69.08544983316295
2025-05-30,947.0213012695312,975.0656418326678,943.1788873196581,964.2870368898468,2013497,17052,60.54635971798993
2025-06-02,941.7816772460938,947.1210603332488,928.9570826097488,933.1487791481429,1587165,16261,54.61103493036898
2025-06-03,944.5262451171875,952.061284674259,932.1507715362067,933.1487916342111,1294383,13893,57.390906541543096
2025-06-04,949.8157348632812,954.3567141043926,933.0988983024985,933.148787124295,867911,10671,49.741385084055196
2025-06-05,947.9693603515625,958.7480260803769,943.1289872693969,943.1289872693969,1053306,8658,50.83161884931319
2025-06-06,960.8438720703125,965.4846900014777,939.1369344255145,939.1369344255145,1192159,13426,69.19613337619387
2025-06-09,972.6204833984375,977.1115738813434,958.5484242510579,961.1931409868479,1856046,5451,68.42533643698917
2025-06-10,971.772216796875,982.2514282053654,968.1793077653751,972.6205095451697,1114437,7095,61.30773871558453
2025-06-11,953.1591186523438,976.063692955167,948.6680280405868,973.069632547329,2083579,12455,77.73418328113283
2025-06-12,937.2406616210938,959.3468314394952,934.6458336989203,953.1590945701047,1432499,12157,70.4561793442437
2025-06-13,918.927001953125,932.0010408245283,912.9887702083606,923.1685873544834,715534,4207,54.70353255849994
2025-06-16,920.7733154296875,927.7594560958136,906.4018626079586,921.5717802372661,1016126,13124,72.52203495266684
2025-06-17,889.2359008789062,924.6656141013542,885.6430529178476,920.773311381614,3176704,10041,47.954674210061214
2025-06-18,892.1301879882812,899.2161063026325,886.8406327491687,893.2279857279201,1661670,7893,49.75336754771723
2025-06-19,885.6929321289062,896.471536809436,880.9024479280388,892.1800626485403,1412283,9279,61.11931680054249
2025-06-20,897.2699584960938,902.0105539698995,883.0481720746766,886.3416262209844,1641610,7422,73.4884419215979
2025-06-23,908.8969116210938,912.9388808181861,890.233923683872,893.3277616089767,661419,7011,52.423313368167946
2025-06-24,922.3701782226562,934.6458131316457,915.284199043813,928.1586825546508,1171729,12362,58.83016772214272
2025-06-25,918.0787353515625,933.9472187558763,912.7891799691437,928.6078354644933,1976461,8107,45.102026904743354
2025-06-26,953.0093994140625,956.7020249811563,919.1764943130371,922.6695645954428,2568931,17886,64.24268790720663
2025-06-27,937.4901733398438,968.5785243767019,936.1428705464672,957.9495857558379,3131858,9589,62.1865734288953
2025-06-30,939.8355712890625,947.3207222854483,929.2066325084688,942.1310054117579,1246303,11762,68.76864593947155
2025-07-01,949.3666381835938,953.109213629784,933.6478213095947,939.8355582301588,1166914,12423,73.3283204705223
2025-07-02,966.7821044921875,977.9599420429295,948.6181260865213,952.1111965139835,2004442,8620,47.25461489832734
2025-07-03,954.6062622070312,983.2494523567963,952.1112118614823,970.1753519975307,1506490,13108,61.15414829371957
2025-07-04,951.1131591796875,962.5903903765043,940.7836754682776,959.5464412419502,652147,8368,78.78331670399396
2025-07-07,951.6121826171875,958.8977172965224,940.1349512589309,949.1171323219144,773510,15327,67.82341245514982
2025-07-08,949.2169189453125,955.4545447424883,943.1290205329946,948.6680200580239,574607,6924,59.470158431968954
2025-07-09,942.9293823242188,950.1650280801209,924.9151316251457,945.1250387364586,1039879,4724,62.47637267630645
2025-07-10,942.6798706054688,951.0133749654825,938.3883963704711,939.1369114433537,1128883,11366,62.141744549621905
2025-07-11,936.5421142578125,945.0252853619074,926.1626805411939,942.1310026194903,1676679,5698,60.86126670768942
2025-07-14,931.20263671875,947.0212917605485,925.3642435333529,936.5420807713551,1815311,6712,61.15106195707669
2025-07-15,941.9812622070312,944.127029822353,930.5040308719815,935.8434750416582,1106472,15652,53.784187900551636
2025-07-16,929.6058349609375,943.8276213956227,927.8592997847481,941.1329549409251,1500910,10070,48.23319382044475
2025-07-17,948.5682373046875,951.1131764333725,928.0089862392811,933.6478242952991,1652952,12216,63.85298800487315
2025-07-18,955.2550048828125,960.9936207089352,946.4723788870334,950.0153991285267,1480756,5853,65.44553178316502
2025-07-21,958.149169921875,970.7242595349063,955.7040085320374,956.0533521101923,1346529,8257,70.50319096546009
2025-07-22,963.0894165039062,971.5226987069328,958.0993159002592,961.2929924694561,1858427,5756,53.95647961135476
2025-07-23,975.4649047851562,979.057752907163,961.6422893601512,967.5306325252169,1618809,4746,52.930754167217785
2025-07-24,998.46923828125,1004.3575204232314,976.2632906769828,978.0597147048023,3629756,5247,45.380296892675936
2025-07-25,998.1698608398438,1001.1139715020814,988.3892148005417,999.9662848971981,2197185,14706,52.56598726109533
2025-07-28,975.7642822265625,999.41737122239,970.0755553671638,998.4692399267713,1295974,3273,50.15709888602282
2025-07-29,982.4010620117188,987.041879846896,971.0735582315771,973.0695984334919,499540,17921,57.19095288097725
2025-07-30,980.904052734375,991.4831025782385,978.7583460202426,987.4411332662085,964425,17526,58.105533555535104
2025-07-31,963.0894165039062,977.3610920474745,956.45255833533,969.2771534352916,2114119,14635,75.54889807330932
2025-08-01,943.6279907226562,969.0775028997348,939.6857992025602,966.1832202864208,1363054,4583,60.14129858948345
2025-08-04,978.2593383789062,989.0379435424189,946.2228558285905,946.2228558285905,2939641,4543,52.86419491438466
2025-08-05,997.8204956054688,1001.2137883513506,976.0636693508584,981.0537699099118,1411354,8304,72.25987955617396
2025-08-06,983.9480590820312,999.71676476966,981.1535540191006,996.5230882079635,1098509,17530,78.75117695521669
2025-08-07,997.5211181640625,1001.2138048213696,978.6086245512756,983.8981190480221,2528535,14814,53.407952285219054
2025-08-08,972.17138671875,998.2696375497865,969.3270537068034,997.521122450399,923189,8232,53.008913123139926
2025-08-11,989.0379028320312,991.0339429991998,970.4248039074595,973.1194703159995,585167,16995,69.23022918663395
2025-08-12,996.5230712890625,1002.0121818469893,977.76030556483,979.2573357169919,1211533,3394,64.70002230154691
2025-08-13,994.3773193359375,1019.7270546767444,986.0438757236344,1005.0062579490889,3231630,16726,74.11343201972531
2025-08-14,973.4688720703125,997.4712443320827,966.2831148562078,997.0720119090654,1846204,12821,57.14890028952693
2025-08-18,990.8842163085938,997.5709630561113,978.0596825913603,988.0398834341293,1909764,3906,51.396425301997155
2025-08-19,1003.2597045898438,1007.1020576055371,988.5887969506562,993.0299985743791,1121842,10756,50.48749414219107
2025-08-20,1014.2379150390625,1019.9765305485085,995.6248160209602,1001.2137650657037,1564199,4763,66.92268212768231
2025-08-21,1008.1500244140625,1017.3317605664859,1004.2078328517108,1014.237922634384,3047183,15725,78.03025094899795
2025-08-22,997.25,1010.75,993.7999877929688,1010.0,1818098,8298,46.11543831532422
2025-08-25,996.2000122070312,1004.4000244140625,992.0999755859375,1003.0999755859375,1542533,14427,48.59848750122262
2025-08-26,977.1500244140625,999.4500122070312,970.9000244140625,994.9500122070312,6927411,16001,62.13243576309915
2025-08-28,964.7000122070312,982.0,960.75,980.0,673705,10848,69.09825850629663
2025-08-29,945.7999877929688,974.4000244140625,943.5499877929688,970.4000244140625,968556,4566,45.85744316116389
2025-09-01,962.8499755859375,965.0,943.2999877929688,944.9500122070312,1593811,5223,73.48278633353974
2025-09-02,975.1500244140625,982.0,956.0999755859375,964.4500122070312,1277690,15280,63.80539909976069
2025-09-03,1028.3499755859375,1030.0,973.0,973.0,4521491,11662,68.21456638228659
2025-09-04,1031.8499755859375,1037.4000244140625,1020.2000122070312,1028.0,1350756,17556,49.87069034291433
2025-09-05,1034.8499755859375,1039.0,1027.199951171875,1031.8499755859375,793972,10122,74.38563747952773
2025-09-08,1041.550048828125,1057.1500244140625,1036.1500244140625,1036.949951171875,1823229,6855,78.87823464607368
2025-09-09,1034.0999755859375,1044.449951171875,1023.2000122070312,1043.0,766328,10281,60.89916858726107
2025-09-10,1039.5999755859375,1042.050048828125,1030.050048828125,1036.0,722139,15347,68.56379636693204
2025-09-11,1040.4000244140625,1044.699951171875,1032.5999755859375,1037.0,882337,7119,57.65685157314107
2025-09-12,1035.949951171875,1046.300048828125,1027.199951171875,1041.949951171875,578783,13222,57.07013040830235
2025-09-15,1046.300048828125,1049.949951171875,1033.199951171875,1034.9000244140625,618202,13219,68.30410355632091
2025-09-16,1053.3499755859375,1056.0,1038.449951171875,1046.300048828125,1224328,11161,75.38224853949538
2025-09-17,1033.6500244140625,1059.4000244140625,1029.3499755859375,1056.949951171875,634304,17239,65.96846734135133
2025-09-18,1047.6500244140625,1052.550048828125,1030.300048828125,1039.949951171875,702731,17607,49.19008815846925
2025-09-19,1046.0,1049.949951171875,1036.0,1048.0,943974,9088,67.55504764465837
2025-09-22,1032.449951171875,1051.5999755859375,1029.5999755859375,1045.5,685776,8215,74.7918541649981
2025-09-23,1062.699951171875,1069.699951171875,1028.050048828125,1035.0,1889834,17934,45.34400777788721
2025-09-24,1052.6500244140625,1065.75,1046.050048828125,1062.699951171875,729744,9168,50.6155203527305
2025-09-25,1051.699951171875,1059.300048828125,1045.0,1048.0,1534438,5090,56.91422728362874
2025-09-26,1029.5,1061.949951171875,1027.8499755859375,1048.0,858507,16784,71.7651404295096
2025-09-29,1043.3499755859375,1052.0,1035.0999755859375,1035.0999755859375,1278211,13128,49.15281088161208
2025-09-30,1063.75,1069.0,1043.199951171875,1043.3499755859375,1992711,14812,70.93816987661852
2025-10-01,1065.0,1070.4000244140625,1055.0,1063.800048828125,1125486,11892,63.99947734095616
2025-10-03,1076.5,1087.5999755859375,1049.300048828125,1063.0,2035582,15911,69.82330181034017
2025-10-06,1055.9000244140625,1078.9000244140625,1043.699951171875,1077.0,2301398,13606,55.32053384826533
2025-10-07,1033.699951171875,1059.300048828125,1029.9000244140625,1058.0,1938416,12564,64.31803702875048
2025-10-08,1019.2000122070312,1040.0,1016.0,1031.0999755859375,1436225,10443,73.81870140593055
2025-10-09,1040.300048828125,1044.4000244140625,1020.2999877929688,1023.9000244140625,2732150,8265,75.06146318199636
2025-10-10,1015.2000122070312,1039.800048828125,1010.2000122070312,1037.199951171875,2426076,12016,45.70020032118701
2025-10-13,1007.5999755859375,1016.0999755859375,1002.2999877929688,1015.2000122070312,1642367,14358,78.81106179254834
2025-10-14,996.0,1018.4000244140625,986.2000122070312,1017.2999877929688,1404907,7678,56.9944206818454
2025-10-15,1001.4000244140625,1004.4000244140625,993.9000244140625,996.0,1643008,13918,71.20565630692224
2025-10-16,1022.7999877929688,1025.800048828125,994.0,1005.7000122070312,1248871,3975,61.475056732810124
2025-10-17,1007.5999755859375,1027.0999755859375,1004.7999877929688,1022.7999877929688,1530004,8853,75.53008204549187
2025-10-20,1005.5999755859375,1013.5999755859375,998.5999755859375,1011.5,898357,17494,54.70989387985879
2025-10-21,1009.7999877929688,1012.7999877929688,1003.0,1010.0,109029,3917,64.51669650533707
2025-10-23,1009.0999755859375,1022.9000244140625,1005.7999877929688,1012.0,1065307,6500,60.58743722945257
2025-10-24,1008.2000122070312,1027.9000244140625,1003.4000244140625,1010.9000244140625,1691676,14581,77.21192737618918
2025-10-27,1034.300048828125,1036.300048828125,1011.2000122070312,1011.2000122070312,999054,16281,71.02088600950552
2025-10-28,1073.5,1077.699951171875,1027.0999755859375,1034.300048828125,4445977,3734,63.13062753498237
2025-10-29,1070.5999755859375,1097.699951171875,1058.199951171875,1063.0,3983488,13694,74.38447484966062
2025-10-30,1070.199951171875,1074.0,1058.0999755859375,1072.9000244140625,1514350,10201,77.29589189718469
2025-10-31,1066.800048828125,1074.199951171875,1056.5,1065.699951171875,1018215,5388,54.717015334603815
2025-11-03,1077.0,1087.5999755859375,1063.0,1066.0,1193076,10686,60.873949704498635
2025-11-04,1080.699951171875,1085.199951171875,1066.4000244140625,1073.0,2806142,4442,56.94103267145634
2025-11-06,1045.5,1081.0999755859375,1042.300048828125,1080.699951171875,1497966,13908,47.721792111564746
2025-11-07,1069.9000244140625,1075.0999755859375,1002.0999755859375,1035.0,1892592,7381,70.11739263008056
2025-11-10,1071.4000244140625,1082.0,1069.0999755859375,1069.9000244140625,990878,15218,75.97672497049476
2025-11-11,1080.199951171875,1089.800048828125,1057.0,1076.5999755859375,670521,3370,75.98141969835234
2025-11-12,1079.9000244140625,1084.5,1072.5,1080.300048828125,702572,10008,55.79205449821691
2025-11-13,1087.800048828125,1098.0,1075.9000244140625,1087.5,1863602,9682,50.85756969979957
2025-11-14,1076.199951171875,1096.0,1068.800048828125,1082.5999755859375,1403097,9268,60.38071340292389
2025-11-17,1080.0,1082.800048828125,1071.800048828125,1080.5999755859375,723524,8791,70.1574415524195
2025-11-18,1066.300048828125,1078.300048828125,1057.199951171875,1078.0999755859375,1437183,4569,60.79473291125222
2025-11-19,1071.0,1076.0,1059.300048828125,1066.0,933058,16225,51.52189503604755
2025-11-20,1069.4000244140625,1078.0,1062.199951171875,1075.9000244140625,834957,3859,66.22570745261915
2025-11-21,1038.5999755859375,1065.0,1035.5,1065.0,1316935,17674,62.172576430885044
2025-11-24,1021.2999877929688,1046.699951171875,1014.7000122070312,1040.4000244140625,3883924,9112,60.72375544178164
2025-11-25,1022.5999755859375,1029.9000244140625,1014.7000122070312,1022.9000244140625,1833665,11714,75.48985630204189
2025-11-26,1042.4000244140625,1048.300048828125,1023.7999877929688,1029.0,1580115,17449,59.91560963359436
2025-11-27,1041.0999755859375,1053.0999755859375,1034.199951171875,1047.9000244140625,893056,14932,51.510207215559504
2025-11-28,1044.4000244140625,1054.9000244140625,1037.300048828125,1046.699951171875,1205893,10745,54.64987578483551
2025-12-01,1048.0,1055.0,1039.0,1053.5,803834,5215,66.85196611520513
2025-12-02,1028.800048828125,1052.0,1024.5999755859375,1046.0,1634860,14429,76.03786107050607
2025-12-03,1017.9000244140625,1033.800048828125,1013.0,1033.800048828125,1634772,14310,76.58843326221562
2025-12-04,1005.7999877929688,1028.300048828125,1003.0,1020.0999755859375,645481,7379,56.3360430043154
2025-12-05,1006.7999877929688,1010.9000244140625,989.0,1009.0,1273166,11352,61.19771123992025
2025-12-08,997.5,1011.0999755859375,991.0,1007.0,1118377,8844,49.335527199396715
2025-12-09,1002.7999877929688,1009.7000122070312,977.0999755859375,996.0,1274066,15369,55.415878332070804
2025-12-10,1008.9000244140625,1013.5,1001.0999755859375,1004.2000122070312,658048,8834,77.43706547101316
2025-12-11,1012.9000244140625,1015.2999877929688,1002.5999755859375,1009.0,576973,7132,74.62029582887942
2025-12-12,1029.5,1032.5,1017.9000244140625,1019.0,846932,14851,62.26519998370997
2025-12-15,1034.0,1036.5,1023.2000122070312,1032.0,396392,13937,74.52519258061045
2025-12-16,1011.2000122070312,1032.0,1005.0999755859375,1032.0,1561272,8578,65.12797078535752
2025-12-17,1001.5,1012.4000244140625,998.0,1008.0,647160,12980,76.37558990863772
2025-12-18,986.0,1003.5,979.0999755859375,1001.5,2600965,16767,48.590028586543355
2025-12-19,992.5999755859375,1002.5,981.5999755859375,986.5999755859375,1137039,4656,66.73501431830624
2025-12-22,1002.0999755859375,1016.2000122070312,995.0999755859375,998.0,1205035,8006,63.199665894239374
2025-12-23,1012.5999755859375,1017.0,998.5999755859375,1008.0,682890,7359,64.87752661901368
2025-12-24,999.0,1014.7999877929688,997.0,1014.7999877929688,617162,13995,58.08662162290993
2025-12-26,986.5,999.0,985.4000244140625,997.9000244140625,780164,17214,76.3437817738811
2025-12-29,990.5,1010.5999755859375,988.5,991.2000122070312,2221198,15373,58.37907842320269
2025-12-30,1021.2999877929688,1025.5,986.4000244140625,992.0,2097101,6146,71.97981091044724
2025-12-31,1053.800048828125,1065.0,1042.4000244140625,1042.4000244140625,4643020,16646,49.64839913994806
2026-01-01,1068.4000244140625,1070.0,1046.5999755859375,1053.800048828125,1361672,9273,49.86941040071639
2026-01-02,1080.300048828125,1082.699951171875,1065.0,1068.800048828125,1931379,3160,66.50400357456671
2026-01-05,1081.5999755859375,1087.5,1074.4000244140625,1084.0,900540,15182,69.39390820439507
2026-01-06,1079.800048828125,1090.5999755859375,1072.300048828125,1080.0999755859375,1100849,10550,52.945973127179975
2026-01-07,1074.699951171875,1087.0,1067.5999755859375,1080.0,553494,16817,58.03343914674958
2026-01-08,1013.5999755859375,1078.0,1010.0,1075.300048828125,3223347,6605,76.24747472138995
2026-01-09,1010.2999877929688,1021.2000122070312,1003.7000122070312,1014.9000244140625,994369,8589,67.4517937307759
2026-01-12,1023.4000244140625,1029.5999755859375,997.0999755859375,1010.9000244140625,1469718,12478,69.19951510656479
2026-01-13,1010.7999877929688,1031.800048828125,1002.7000122070312,1028.0,977080,17568,78.32479707782971
2026-01-14,1040.699951171875,1046.0,1006.0,1012.0,1727062,15891,57.298310969764785
2026-01-15,1040.699951171875,1040.699951171875,1040.699951171875,1040.699951171875,0,6514,75.53617184828553
2026-01-16,1042.9000244140625,1054.0,1035.5,1045.9000244140625,1500141,11698,60.900568959361706
2026-01-19,1055.5999755859375,1062.9000244140625,1034.0999755859375,1035.0,1407699,14433,60.88570849882043
2026-01-20,1039.800048828125,1063.800048828125,1034.0,1053.5,1518491,13646,58.438792812917285
2026-01-21,1041.4000244140625,1055.5999755859375,1030.4000244140625,1050.4000244140625,1655357,5026,58.05873180805848
2026-01-22,1076.0,1079.0,1044.0,1045.9000244140625,2032310,9411,77.35175375387931
2026-01-23,1063.5999755859375,1104.0,1057.0999755859375,1081.0,2761031,11811,53.44906776562402
2026-01-27,1080.699951171875,1086.5,1059.4000244140625,1067.0,1951032,13231,53.765224703853875
2026-01-28,1119.4000244140625,1122.0,1078.4000244140625,1090.0,2783493,11571,71.93019501441597
2026-01-29,1159.5999755859375,1168.0,1125.0,1125.0,4011001,6268,73.6677078338526
2026-01-30,1132.0,1164.699951171875,1103.0,1141.800048828125,3291975,11860,45.85963205497634
2026-02-02,1125.0999755859375,1133.0,1082.699951171875,1100.0,1460280,14569,52.32638924488272
2026-02-03,1149.699951171875,1170.5999755859375,1135.0,1165.0,1360519,8148,55.39233923406137
2026-02-04,1167.300048828125,1180.5,1154.9000244140625,1155.0,2332435,3646,64.22759592769523
2026-02-05,1178.0,1185.0,1150.199951171875,1159.0999755859375,1090941,17496,56.210201759919116
2026-02-06,1189.9000244140625,1191.699951171875,1162.9000244140625,1171.5,988037,8545,64.06138075711448
2026-02-09,1191.0999755859375,1204.9000244140625,1178.9000244140625,1196.300048828125,1017423,15109,56.031562645651434
2026-02-10,1191.4000244140625,1203.699951171875,1185.4000244140625,1195.0,677182,9758,51.86209189933447
2026-02-11,1190.5,1202.0,1187.9000244140625,1198.800048828125,670060,17334,55.41472965418786
2026-02-12,1203.4000244140625,1207.0,1185.0,1185.0,627605,17089,59.55703794757368
2026-02-13,1184.699951171875,1193.4000244140625,1167.300048828125,1193.4000244140625,1302484,3045,66.08163673937074
2026-02-16,1210.9000244140625,1214.0,1165.0,1168.0,939983,11479,74.40238628712893
2026-02-17,1211.0,1215.4000244140625,1190.4000244140625,1210.0,1950738,5904,59.08798592664677
2026-02-18,1221.800048828125,1229.300048828125,1211.5,1214.0,918546,3161,72.92379821342186
2026-02-19,1211.0999755859375,1232.800048828125,1200.0,1228.0,966087,16398,65.67227599457784
2026-02-20,1217.0999755859375,1230.0,1203.0,1209.800048828125,662336,14901,74.53445971407088
2026-02-23,1216.5999755859375,1230.0,1207.0,1220.800048828125,562390,3417,70.87622598775847
2026-02-24,1233.300048828125,1240.0,1211.0999755859375,1216.5999755859375,1023225,9237,53.03219045350898
2026-02-25,1266.5,1269.9000244140625,1237.699951171875,1241.9000244140625,1271115,13150,47.76569674319498
2026-02-26,1261.0,1272.0999755859375,1257.800048828125,1272.0,942928,9930,46.13387222901089
2026-02-27,1244.199951171875,1267.0,1239.0999755859375,1253.199951171875,1618136,7443,73.40213718137365
2026-03-02,1237.800048828125,1256.5999755859375,1215.0,1215.0,1589722,6494,68.78379997992772
2026-03-04,1168.4000244140625,1227.0,1161.0,1225.0999755859375,2894114,7749,58.419922982592176
2026-03-05,1184.0,1193.300048828125,1169.4000244140625,1172.300048828125,788753,13314,61.739983752743015
2026-03-06,1180.4000244140625,1195.800048828125,1176.5999755859375,1184.0,797237,7181,54.659408533748
2026-03-09,1144.0999755859375,1167.0999755859375,1132.0,1157.0,2194187,9376,59.523533283196656
2026-03-10,1187.199951171875,1190.9000244140625,1150.5,1154.9000244140625,1189789,7439,54.53413941088259
2026-03-11,1187.0,1205.0999755859375,1183.199951171875,1187.0,1055730,14607,55.271633356588225
2026-03-12,1225.0,1232.0999755859375,1162.199951171875,1177.5999755859375,1959835,14050,63.154384668056025
2026-03-13,1143.300048828125,1222.4000244140625,1136.0999755859375,1216.300048828125,1866333,13956,47.723308285575044
2026-03-16,1133.0,1156.199951171875,1124.199951171875,1137.0,1403667,15799,71.72670325023532
2026-03-17,1157.300048828125,1160.699951171875,1128.0,1135.9000244140625,809027,14599,67.81816227380389
2026-03-18,1179.199951171875,1184.4000244140625,1140.199951171875,1157.300048828125,1013722,12496,68.08144230824595
2026-03-19,1138.0999755859375,1162.699951171875,1130.699951171875,1161.199951171875,542455,12135,50.159665943162054
2026-03-20,1186.5,1196.0,1144.0999755859375,1144.0999755859375,1998983,9321,55.62572239445083
2026-03-23,1106.199951171875,1169.800048828125,1101.5999755859375,1162.0,1880244,8244,74.76939703683759
2026-03-24,1120.5999755859375,1138.5,1111.0,1129.4000244140625,1222265,3551,65.65424729311596
2026-03-25,1143.0,1154.0,1130.5,1132.199951171875,1230757,11826,77.05202907997626
2026-03-27,1131.4000244140625,1154.699951171875,1122.4000244140625,1135.9000244140625,1840045,17081,63.311408173932506
2026-03-30,1113.0999755859375,1133.800048828125,1106.9000244140625,1117.0,1729076,3613,65.77056944024987
2026-04-01,1137.4000244140625,1158.300048828125,1126.4000244140625,1131.0,1544180,4245,58.72989980611125
2026-04-02,1137.9000244140625,1146.300048828125,1093.800048828125,1131.0,1485498,12853,59.99442982445498
2026-04-06,1134.0,1156.4000244140625,1101.300048828125,1131.0,4716546,12880,78.57173018646706
2026-04-07,1168.199951171875,1173.9000244140625,1124.0999755859375,1124.0999755859375,1729304,9958,54.97236718840158
2026-04-08,1213.0999755859375,1223.0999755859375,1188.9000244140625,1190.0,1573122,10068,51.13849768069538
2026-04-09,1199.5999755859375,1229.699951171875,1194.800048828125,1213.300048828125,1807078,4832,67.5779321214514
2026-04-10,1219.199951171875,1223.0999755859375,1196.5,1207.0,1632332,13179,73.95297813558801
2026-04-13,1218.5,1230.300048828125,1185.5,1205.0,1075242,5230,68.2098719404569
2026-04-15,1221.300048828125,1249.5,1211.0,1234.0,1190536,7480,49.715897646444034
2026-04-16,1228.300048828125,1242.0,1219.5,1226.0,1381465,11912,70.77068402939452
2026-04-17,1270.0,1284.0,1207.9000244140625,1228.300048828125,2860655,15266,64.55867680073098
2026-04-20,1287.699951171875,1297.5,1250.0,1274.9000244140625,1852542,5498,73.9208640327181
2026-04-21,1288.800048828125,1306.199951171875,1277.300048828125,1290.0,1197265,15898,52.09755025786884
2026-04-22,1278.5999755859375,1298.4000244140625,1272.300048828125,1289.0,1550115,5290,63.54190301954689
2026-04-23,1254.5,1279.9000244140625,1251.699951171875,1278.5999755859375,843109,10416,77.62737220049739
2026-04-24,1256.0,1273.0999755859375,1237.300048828125,1252.199951171875,1161639,11681,72.18527224835513
2026-04-27,1278.199951171875,1293.5999755859375,1257.5999755859375,1257.9000244140625,1150764,6394,76.29520962112466
2026-04-28,1265.5,1290.5,1262.5,1283.5,858544,12231,45.76995506639645
2026-04-29,1228.0999755859375,1270.9000244140625,1224.5,1270.9000244140625,1069141,13926,61.55142160679098
2026-04-30,1223.0999755859375,1234.4000244140625,1201.0999755859375,1224.0,878441,11233,53.0725018493287
2026-05-01,1223.0999755859375,1223.0999755859375,1223.0999755859375,1223.0999755859375,0,13934,51.89045579339573
2026-05-04,1261.4000244140625,1278.9000244140625,1234.0999755859375,1245.0,4141121,13125,71.56764479481453
2026-05-05,1261.199951171875,1283.300048828125,1254.699951171875,1263.0999755859375,2181399,14822,47.15895033022111
2026-05-06,1264.300048828125,1283.5999755859375,1250.0,1272.0,1985427,8185,67.52126347791979
2026-05-07,1258.199951171875,1284.4000244140625,1254.199951171875,1273.0,992992,6737,64.0482378457931
2026-05-08,1248.4000244140625,1260.0,1239.199951171875,1258.199951171875,995187,11921,54.98610395830704
2026-05-11,1232.0,1256.0,1230.199951171875,1250.0,699510,10429,71.24878888546424
2026-05-12,1214.300048828125,1242.800048828125,1211.0999755859375,1233.0999755859375,1177173,7519,78.03062640934368
2026-05-13,1242.9000244140625,1258.0,1216.0999755859375,1219.0,1024817,16048,68.72942183004544
2026-05-14,1252.800048828125,1258.4000244140625,1237.199951171875,1253.0999755859375,1111090,6360,45.356218635708544
2026-05-15,1232.0,1259.0,1225.699951171875,1255.0,1171259,9784,66.2844430858791
2026-05-18,1231.800048828125,1246.300048828125,1200.699951171875,1229.199951171875,923644,5749,64.0501216617995
2026-05-19,1226.300048828125,1237.699951171875,1221.199951171875,1237.0,634511,14622,57.48345101154391
2026-05-20,1223.0999755859375,1244.0,1200.9000244140625,1215.0,1117681,9597,48.326043530003474
2026-05-21,1196.800048828125,1243.0,1194.0,1243.0,963285,7371,75.18358014556462
2026-05-22,1209.9000244140625,1212.4000244140625,1192.300048828125,1198.5999755859375,805924,3852,71.26218305799578
2026-05-25,1212.300048828125,1224.4000244140625,1209.0999755859375,1224.4000244140625,323348,7642,73.1038474023889
2026-05-26,1222.9000244140625,1226.300048828125,1205.0,1212.300048828125,477830,10222,73.08287967529375
2026-05-27,1220.5999755859375,1254.9000244140625,1211.0,1225.0,1184467,6227,65.25901882908164
2026-05-28,1220.5999755859375,1220.5999755859375,1220.5999755859375,1220.5999755859375,0,17083,50.77883734977784
2026-05-29,1207.199951171875,1230.5,1191.699951171875,1227.0,4256869,10616,47.483256473357976
2026-06-01,1209.800048828125,1222.9000244140625,1203.0999755859375,1219.0,451079,7002,53.25262604310882
2026-06-02,1203.4000244140625,1217.5,1196.699951171875,1199.699951171875,478492,7689,73.56336916885452
2026-06-03,1211.300048828125,1218.9000244140625,1190.0,1213.199951171875,489001,12177,77.67860010698391
2026-06-04,1197.199951171875,1213.5999755859375,1195.0,1210.800048828125,611274,8676,64.39014665673186
2026-06-05,1181.300048828125,1204.699951171875,1165.4000244140625,1199.4000244140625,1034889,4222,46.23394575674456
2026-06-08,1156.300048828125,1181.9000244140625,1150.0999755859375,1165.0,610979,15221,46.556554748079215
2026-06-09,1149.9000244140625,1168.4000244140625,1143.5,1157.800048828125,745517,9082,72.86150454684021
2026-06-10,1121.0999755859375,1147.5999755859375,1118.300048828125,1147.0,1344851,14995,69.36325256113821
2026-06-11,1121.300048828125,1137.300048828125,1109.5,1119.0,914820,12871,71.61134206566035
2026-06-12,1148.5,1150.9000244140625,1128.0999755859375,1140.0,448591,13958,45.85338030606115
2026-06-15,1149.5,1168.4000244140625,1142.5999755859375,1156.5999755859375,2612316,5724,77.45925484389804
2026-06-16,1139.800048828125,1152.9000244140625,1120.5999755859375,1149.5,810919,5111,73.83207091940524
2026-06-17,1135.800048828125,1142.300048828125,1123.5999755859375,1139.800048828125,1869441,3156,47.94524219662957
2026-06-18,1131.9000244140625,1147.800048828125,1126.4000244140625,1136.0,1279545,7551,57.50765157644676
2026-06-19,1137.699951171875,1143.0,1122.0999755859375,1131.9000244140625,1345823,4906,50.03702530112426
2026-06-22,1132.0,1150.0,1125.9000244140625,1146.5,2311665,12809,65.029449522651
2026-06-23,1082.5999755859375,1131.9000244140625,1076.199951171875,1131.0,2645410,6388,71.34802837486029
2026-06-24,1089.699951171875,1096.5999755859375,1064.5,1076.0,1420573,17257,72.81365825249966
2026-06-25,1059.5,1093.0,1056.300048828125,1089.699951171875,3101359,8261,48.070675701073185
2026-06-26,1059.5,1059.5,1059.5,1059.5,0,12716,75.53445026603514
2026-06-29,1068.0999755859375,1081.300048828125,1056.5999755859375,1059.5999755859375,1129001,15520,64.16714790016802
2026-06-30,1060.0999755859375,1075.0,1054.4000244140625,1068.800048828125,1062138,12497,45.19239700787816
2026-07-01,1028.800048828125,1049.300048828125,1024.199951171875,1045.5,3331254,17885,59.85557549803014
2026-07-02,1043.800048828125,1049.9000244140625,1033.0,1034.0,816316,5940,63.821453043692756
2026-07-03,1054.0,1073.800048828125,1051.0,1052.4000244140625,932823,6540,55.01360065220189
2026-07-06,1059.5,1065.5,1045.9000244140625,1058.5,1284371,15637,59.928012893903656
2026-07-07,1035.4000244140625,1053.9000244140625,1027.300048828125,1053.9000244140625,1217611,14235,78.29342932687453
2026-07-08,1021.5,1048.0,1016.0,1029.199951171875,939813,13569,55.17728827363588
2026-07-09,1029.800048828125,1037.699951171875,1022.5999755859375,1023.5999755859375,641235,3756,53.879485069056976
2026-07-10,1051.300048828125,1063.5999755859375,1038.5,1044.4000244140625,1175870,3612,47.01357019587079
2026-07-13,1028.800048828125,1044.300048828125,1010.0999755859375,1044.300048828125,1907483,6398,78.44655661078463
2026-07-14,1040.0999755859375,1049.9000244140625,1025.0,1026.699951171875,2286094,7826,72.62169616868736
2026-07-15,1042.199951171875,1050.5,1037.9000244140625,1045.699951171875,1751517,5726,60.13575275502422
2026-07-16,1028.0,1044.199951171875,1023.0,1041.9000244140625,1097051,14969,68.87568026976066
2026-07-17,1025.0,1035.800048828125,1018.4000244140625,1031.0,628804,15365,64.23723746403063
2026-07-20,1033.300048828125,1044.0,1020.0,1025.0,1212343,17752,55.88946636356519
2026-07-21,1044.699951171875,1050.5,1030.5,1035.0,638437,5010,54.13530098606479
2026-07-22,1045.0,1051.0,1038.300048828125,1050.0,842226,15508,72.12501775878664
2026-07-23,1041.9000244140625,1056.300048828125,1034.0999755859375,1042.0,1130348,6573,49.947870007243914
2026-07-24,1035.800048828125,1042.699951171875,1021.0,1032.0,372876,4307,55.50472438874394
2026-07-27,1065.699951171875,1068.199951171875,1036.0,1055.0,2617855,17562,65.06983244389063
2026-07-28,1054.4000244140625,1072.0,1051.5,1072.0,957009,5549,70.74477755167936
2026-07-29,1088.699951171875,1099.9000244140625,1054.199951171875,1054.4000244140625,1960722,11993,54.90274906543796
2026-07-30,1093.699951171875,1120.0,1085.9000244140625,1090.0,653708,9529,49.13306386351565
2026-08-03,1105.0999755859375,1128.300048828125,1105.0999755859375,1114.0,1173261,17787,65.26717351684574
2026-08-04,1124.0,1124.0,1101.4000244140625,1106.0999755859375,822310,15015,64.31746085984983
2026-08-05,1113.4000244140625,1126.800048828125,1113.4000244140625,1124.0,622339,9899,51.8776673591147
2026-08-06,1101.0,1124.5,1097.699951171875,1122.0,1715023,8317,51.12795513729196
2026-08-07,1103.0,1105.699951171875,1092.0999755859375,1101.0,392474,17226,49.807086758238206
2026-08-10,1125.0,1126.5,1100.0,1107.5999755859375,895998,3445,70.56949848904051
2026-08-11,1095.0,1126.0,1094.5,1125.0,807811,13640,63.494258667447625
2026-08-12,1112.0,1112.0,1093.199951171875,1096.0,396526,12774,50.25360293508581
2026-08-13,1099.9000244140625,1106.5999755859375,1090.5999755859375,1105.5999755859375,288897,16204,55.13825577428061
2026-08-14,1091.5,1105.5999755859375,1086.0,1098.9000244140625,493678,7013,52.05089330291498
