Date,Open,High,Low,Close,Volume,No_of_Trades,Delivery_Pct
2021-08-11,97.47491455078125,97.76663593532764,95.47457931275859,95.59959549595203,8056886,13269,76.17951558151327
2021-08-12,99.3085708618164,99.51693966078835,97.09986032093146,97.47492161551654,8640167,16656,74.67658390840487
2021-08-13,98.55843353271484,99.55860113916548,97.6832821078876,99.55860113916548,9744939,15515,60.61981677835045
2021-08-16,99.05852508544922,99.51693898363271,98.43341869278684,98.55844124310153,8768804,10744,47.67057296933223
2021-08-17,97.8499755859375,99.60027198076301,96.84980167538707,99.47524944708043,8758578,17966,60.69384827268467
2021-08-18,97.14153289794922,99.10019826136914,96.7664652588406,97.84998551549546,9357721,3507,75.47400011083153
2021-08-20,95.14118957519531,97.51659247918826,94.55775315527254,96.93316241817622,11684504,11885,48.75982386005596
2021-08-23,94.51607513427734,96.47474029615371,93.5159012251482,96.26637152661559,6271685,16684,53.9021721391192
2021-08-24,94.9744873046875,96.93315892225375,94.72444858423324,95.18285608452132,11791078,16499,46.243321396447755
2021-08-25,95.01616668701172,96.05801061998334,94.84947420130055,95.59959674591154,9491958,8782,46.89537859971233
2021-08-26,93.97432708740234,95.43290866082101,93.30754439598941,95.09951731511454,11668986,6318,58.11604705303708
2021-08-27,94.51607513427734,95.09950514542003,93.43255498911499,93.93263876422446,8095717,17771,64.05308521239772
2021-08-30,95.8079605102539,96.26637436029567,94.39105537925094,94.39105537925094,9915170,15167,69.7198510622034
2021-08-31,96.64143371582031,96.97482502213236,95.59958985791405,96.05800369895691,11386659,8054,45.82388306077101
2021-09-01,96.18302917480469,97.26654300481309,95.64126908034525,96.68311297010936,7508413,12873,63.591505522966365
2021-09-02,97.099853515625,97.26654599955536,95.84964080941523,95.93298705138042,5700524,9254,64.85395995673628
2021-09-03,97.51659393310547,98.2667228505269,97.09985635219476,97.51659393310547,9364904,17448,66.8952195816234
2021-09-06,97.05818176269531,98.05835578987109,96.59977423095349,98.05835578987109,7005043,6278,55.09891704944015
2021-09-07,96.55809020996094,97.43324161891856,96.05800641580392,97.26654278159259,7723357,16315,48.10997503075566
2021-09-08,97.71473693847656,98.18595707504424,96.3010634554853,97.5433788133795,10508654,7453,64.886053893023
2021-09-09,98.14312744140625,98.31447903858043,97.24351521463075,97.62905957659486,5757417,6579,55.91438028649075
2021-09-13,98.5286636352539,98.95704912932023,97.80040960266993,98.22879509673625,6322443,5966,62.88653155079112
2021-09-14,99.29977416992188,99.51396695003963,98.35732724473272,98.74287163428671,7369292,11765,48.33217836739927
2021-09-15,106.41094970703125,106.96785213359587,99.38543050978977,99.38543050978977,48721413,5034,75.20085139057595
2021-09-16,106.23961639404297,107.6961246493034,105.38284529409101,106.66800194401895,17684303,10619,70.4206076633787
2021-09-17,106.0254135131836,106.83934336589988,104.14051988760686,106.36812322782775,15763396,9228,78.07103054878087
2021-09-20,105.12580108642578,106.19676485681173,104.3547124010632,104.95444949782168,7431359,4127,61.769704023087186
2021-09-21,106.3252944946289,107.4390995632961,104.61175225769163,104.78311040337229,8629222,6893,72.29131171444625
2021-09-22,106.58232116699219,108.80992461557265,106.23961143567723,106.75367276432743,11698183,9908,56.18994460368167
2021-09-23,108.12449645996094,108.80991586748455,106.79650534576932,106.92502230176049,11053966,13684,56.322942294507584
2021-09-24,106.45381164550781,108.55289827456409,106.19677769488484,108.38154666524537,8598140,5463,67.41554714614709
2021-09-27,108.681396484375,109.49533282971261,106.6679860076241,107.35340539984064,8490460,10917,76.22396934245928
2021-09-28,113.05094146728516,114.50744968960575,109.10979580396658,109.23831277338182,35900138,11820,71.26038366276586
2021-09-29,120.50485229492188,123.58923354334375,111.89431303354948,112.57971946805235,75859390,9871,61.33265135910971
2021-09-30,121.53295135498047,122.68958416853208,119.17683149706308,121.44726903992371,34614825,5493,54.81441214412143
2021-10-01,119.86225891113281,123.67490035922,117.97736530628374,120.76187108510044,22452069,10494,56.89045207031878
2021-10-04,124.70301055908203,127.95874268379652,120.37631477974351,122.90378638999891,58612212,15508,53.93184451370336
2021-10-05,124.57451629638672,126.67361601043795,123.54639356145155,124.70303980905979,24390676,6614,59.89078958768667
2021-10-06,122.7752914428711,126.20237556926924,122.34690592707132,125.47411496309425,14421296,11535,68.60875165809082
2021-10-07,122.3469009399414,124.78869043649428,121.87567427711221,123.54637510597216,10035682,4135,46.36032570545786
2021-10-08,120.8904037475586,123.28935229566778,120.20498427383207,122.98949026379869,10686586,14408,53.40647451771757
2021-10-11,124.06046295166016,125.73116405010404,121.19027442034859,121.66150115921482,17449923,15795,78.01076617912418
2021-10-12,123.84626770019531,125.30277598588613,123.20368936180616,125.08858320642307,16030831,15176,64.47088836166945
2021-10-13,125.3884506225586,126.15953935193053,123.97477052099143,124.66018998781591,19100941,8827,78.00401521894896
2021-10-14,128.0015869140625,129.02972261079267,125.81683124173199,126.3737271830538,29263867,9640,46.4974439812237
2021-10-18,128.130126953125,129.9721796798618,127.4018662528113,129.58663528046225,25346029,10182,62.05127439244605
2021-10-19,128.21578979492188,130.31488944706754,126.88780504949352,129.3295948387913,20234486,3946,50.47897195910319
2021-10-20,125.3027572631836,129.0725443891369,124.48882743749911,129.0725443891369,16129487,17946,74.48181332726408
2021-10-21,126.71642303466797,127.27333201705565,125.0028810703139,126.5450714528901,20818539,15458,78.53871468399598
2021-10-22,124.1461410522461,126.88781933766285,123.37505220527947,126.67362653869534,11379569,3854,48.523427586127745
2021-10-25,123.28933715820312,125.30275416382574,122.64675893172196,123.97475654777385,14079380,15491,64.45141784804986
2021-10-26,122.68960571289062,124.78869206752417,122.04702745698516,124.48883005874113,16224116,14582,64.30528850599491
2021-10-27,121.0617446899414,123.84625043477278,120.67620035531466,123.37502377098988,15072448,14070,70.99351800243394
2021-10-28,117.67750549316406,121.53297510501203,116.77789330240853,121.06174842668406,19999659,4148,67.59334211970295
2021-10-29,113.65066528320312,117.29194194870031,110.13791210869607,112.23699839532516,29217522,17966,62.45553527844905
2021-11-01,115.06436157226562,115.92113267396039,112.15133198252968,114.12190813108556,10043407,13118,72.00356625809184
2021-11-02,117.0777587890625,120.63336649162534,115.66409178544478,115.66409178544478,21525811,13980,52.97923869867627
2021-11-03,117.1634292602539,119.04832276532262,116.13530671869708,118.19155180181072,9808728,4190,59.052825031195226
2021-11-04,117.50613403320312,118.49142849877171,117.33478245280045,118.49142849877171,1026849,13981,59.4454965861313
2021-11-08,120.20497131347656,120.46200522257206,116.99208013300206,118.83413251382571,12765483,7490,59.307536117853886
2021-11-09,118.66278839111328,121.14741916421107,118.27724403987928,120.5905232205718,9556650,4196,55.8943187272788
2021-11-10,117.72035217285156,118.44861288828012,117.16345614808178,118.40577171561543,5479056,5628,45.450591415720965
2021-11-11,117.0777587890625,118.0202121736668,115.10719583208962,117.80601941110118,11418813,7024,67.85443761310749
2021-11-12,116.90640258789062,118.40575186678002,115.36421214351816,118.40575186678002,9306659,13168,57.292383470673826
2021-11-15,117.50613403320312,117.93451952085357,116.52085264092213,117.6346575234708,3991733,9202,75.08531970894148
2021-11-16,115.06436157226562,118.06306042819732,114.80732762709928,117.97737808871203,5762128,11374,58.83447554334264
2021-11-17,116.90640258789062,118.23440027813602,114.8073162121031,114.8073162121031,15264066,15854,68.26475336433444
2021-11-18,115.92112731933594,117.89170337686703,115.44990062051279,117.0349323147482,9942974,11911,78.60536532192542
2021-11-22,111.50874328613281,117.29194768474422,111.12319894088304,115.66408797222817,15990636,17150,76.9554367897872
2021-11-23,114.3789291381836,114.5931218893787,109.79519903329323,111.42307178634881,11510010,17990,61.538113395279204
2021-11-24,115.9639663696289,117.6346672955963,114.42177587131721,115.23570575081018,7570759,10787,54.0475930606018
2021-11-25,115.83545684814453,117.12061357295373,113.3508257428295,116.09249080776442,13919886,10404,69.51192796519884
2021-11-26,110.39495849609375,114.85016548164738,109.66669785135892,114.12190483691255,13323593,13574,64.03551395816038
2021-11-29,108.38153839111328,110.82334112568314,107.139222976782,109.4953433765888,16077669,10038,50.70142337486072
2021-11-30,109.02412414550781,110.90901797973095,106.83935519237409,109.49535087238603,22883512,11613,49.23492231549137
2021-12-01,109.40966796875,113.9077162895244,107.82464272494893,111.38024413346146,17010938,4810,55.53214038325739
2021-12-02,110.26641845703125,111.63725720394287,108.46720077251422,109.40964750853327,12916313,8117,65.61979674042469
2021-12-03,108.80992889404297,111.59443494841808,108.29586754517958,110.26643713859669,12827354,14855,67.77991795504951
2021-12-06,106.53947448730469,109.32398028812945,106.23960593916007,108.80991898607523,8158812,7845,67.49010861005901
2021-12-07,107.39624786376953,108.2958600646231,106.23960827456082,107.18205510515146,8701301,3161,72.72132395830954
2021-12-08,109.02412414550781,109.36683389808789,106.96787216667221,106.96787216667221,12093435,3320,51.79277500503191
2021-12-09,107.99598693847656,109.36681922827677,107.65327723186552,109.02410952166572,11518172,15265,63.2678357649377
2021-12-10,108.08165740966797,108.5528775134946,106.5823082366272,108.03881624720934,8389566,5079,65.31965189570693
2021-12-13,107.78179168701172,110.18075304095852,107.52475777885891,109.3239755259971,13223189,15071,72.77173354380751
2021-12-14,108.25302124023438,109.19546809121431,107.09638162600243,107.09638162600243,11649242,13892,48.5954310648745
2021-12-15,108.55288696289062,110.05223626644792,107.86747406039382,108.08166681804487,11916145,17133,55.72616054831569
2021-12-16,109.15263366699219,109.8380465887083,108.1673456468406,109.28115063251533,10758513,16720,49.74388369583151
2021-12-17,107.56761169433594,109.409664286775,106.32528970651458,109.15263688479598,13041775,3529,66.78808232360295
2021-12-20,104.31188201904297,107.4819324924381,102.04143728378412,106.66800255746078,14185935,7191,45.86754917950351
2021-12-21,104.6974105834961,106.83933802208352,103.54077107398764,105.85405662964834,10168470,5429,67.28668551537004
2021-12-22,104.9972915649414,106.15393113956185,104.22619633631307,105.42567707677448,7885198,5541,57.06324556293869
2021-12-23,106.71082305908203,107.43907704984855,105.2114739159448,105.46850127563935,9836979,6484,67.32294860608764
2021-12-24,103.88349151611328,107.09638300630235,103.58362295102452,106.92503140815006,8509575,3424,73.74994497354876
2021-12-27,104.39753723144531,104.65457112687113,103.3265735615769,103.88347597723717,5097217,4136,50.4803199665718
2021-12-28,106.3252944946289,106.75368005386323,104.48323528259236,104.52607645317374,6511374,12203,50.65114862980316
2021-12-29,105.5113525390625,106.88218486527629,104.69741614716008,106.75366790480284,8960770,3109,70.49825673198885
2021-12-30,108.7242431640625,109.53817301405338,104.74025663503305,105.59702765045253,32394253,7437,58.71134682864611
2021-12-31,106.58232116699219,108.63857301823741,106.23961143567723,108.63857301823741,9155163,8690,48.49614954779773
2022-01-03,107.95315551757812,108.42438222378094,106.83935050472307,107.43909417958524,9034081,7114,65.32316501438982
2022-01-04,113.86487579345703,114.2075920829471,108.59573867296062,108.80993145140827,33986738,3654,51.816631396571644
2022-01-05,113.0937728881836,113.82203347321818,111.97996796477872,113.60784072153602,16122852,4422,54.90344009967139
2022-01-06,112.15132141113281,113.39364985011981,110.78049562160909,113.39364985011981,8037648,13157,73.29619164360454
2022-01-07,112.53687286376953,113.26512034898835,110.90900016631038,112.49403170033604,8820039,7026,70.56903438259397
2022-01-10,112.96527099609375,113.35081536357511,112.0228175882157,113.05094025926236,7324926,16760,65.08661647109275
2022-01-11,113.35082244873047,114.80733074652845,112.23701737160617,113.22229893601043,11971883,13295,64.7784938691319
2022-01-12,114.67882537841797,114.97868744144546,113.39366863412471,114.25043979698688,10439580,4989,49.24660490994754
2022-01-13,115.62126159667969,117.07776990576586,114.37894607049708,115.15003485963389,15114699,11753,67.47020555245126
2022-01-14,115.9639663696289,116.64937274817751,114.2075831096986,115.15002341684728,9344382,7871,67.65500885730332
2022-01-17,117.03492736816406,117.67750563759405,115.19286181849175,115.3642134090154,9803141,17449,52.60923165476008
2022-01-18,115.6640853881836,118.02020564609104,115.15001755714313,117.03492422209949,6473378,8972,64.05166542707921
2022-01-19,115.49273681640625,115.92112232902402,113.9077051904052,114.89299971339906,21136414,3545,59.980365121119085
2022-01-20,115.57839965820312,116.82072803445296,114.93582142495154,115.23569649645067,8466412,14619,52.45902762511719
2022-01-21,114.89300537109375,116.60654750594502,113.56500760192621,114.85016420306467,12437749,15140,71.98011090847598
2022-01-24,113.60784912109375,115.87828722747356,112.23701017966016,113.95055231980764,14284658,13220,70.69586614262991
2022-01-25,115.92112731933594,116.22098934710418,112.2798503053309,112.40836073533316,10007486,5206,72.8866253086915
2022-01-27,115.6640853881836,116.52085639105903,114.07905380354885,114.97866597122565,18760325,14613,45.36291024895274
2022-01-28,120.07646179199219,123.37503568368415,118.23440919686396,119.94795135913736,34009553,3360,56.213937351450454
2022-01-31,121.7043228149414,122.86095581764505,118.70562432355813,121.66148165040691,27928927,6019,70.15678711088886
2022-02-01,120.9332275390625,123.50354066910242,120.33349042337758,123.37503024191588,17413984,14039,60.82768019045001
2022-02-02,120.9332275390625,122.30406643773257,120.5905243510393,121.6614881552226,10783943,4341,73.05020928498794
2022-02-03,120.49235534667969,122.21179606584988,120.18374778638355,121.24185583732176,9571728,6221,77.7137814357445
2022-02-04,118.33203887939453,121.1977552363506,118.06750852476097,120.80096643168662,7213085,15959,73.17867471490874
2022-02-07,119.1697006225586,120.22782198336947,118.33203242405999,118.33203242405999,10562489,10961,53.95009156297569
2022-02-08,119.0374526977539,119.61059060669159,117.09758578914959,119.43424151583179,8721631,16496,72.86560560748445
2022-02-09,119.08154296875,119.5665130580564,118.02343497226438,119.30198269529171,5144026,4251,59.901516967419205
2022-02-10,120.31599426269531,120.66870588092394,118.42021808754183,119.16970504895419,6081460,8501,67.97402949723194
2022-02-11,120.93321228027344,121.41818230413817,118.55246624579452,118.55246624579452,8426925,5748,70.34138911051944
2022-02-14,116.83306121826172,120.31600639008003,116.21583264236304,118.77292822304639,7705072,9404,50.640369133113566
2022-02-15,119.34607696533203,119.74286579427381,115.20179921650538,116.48036043303514,12674466,3707,67.79729925110371
2022-02-16,117.45027160644531,120.53642746260716,117.14166409357219,118.94925890280958,12946623,8186,48.67961913898531
2022-02-17,117.05350494384766,118.9492813746678,116.78897455814443,118.5965831634464,5811964,14789,76.99401242144685
2022-02-18,116.70079040527344,118.2438684089835,116.30398815494718,117.05348856714961,6760078,12568,73.66549490179719
2022-02-21,116.34809112548828,118.28795813064086,115.6426812723672,116.74487996331456,12212740,17311,56.69904339672003
2022-02-22,116.48036193847656,116.83306013441133,112.7769703355797,115.55451235593063,13578566,12093,57.288231800586495
2022-02-23,114.80500030517578,117.67071658580015,114.49639277846735,116.39216893612837,9263264,9568,75.80958387383836
2022-02-24,109.69081115722656,113.746900849825,109.0294919662392,111.98338300719205,18045779,3170,74.24595037418757
2022-02-25,114.9372787475586,115.5104166544729,110.21986321991689,110.21986321991689,10424521,6947,67.62270399747653
2022-02-28,117.7148208618164,118.1116097018965,113.57055645122904,113.70281491306443,13262687,9302,47.80257071834822
2022-03-02,115.46632385253906,119.03745004479757,115.0254444079287,117.09758317942656,12587947,14322,78.71983785791288
2022-03-03,116.48036193847656,117.6707284406867,114.84910250948735,116.48036193847656,15628119,17254,64.13585004398828
2022-03-04,114.80500030517578,117.5825487729859,114.40821151108072,116.39216893612837,15883138,8301,64.8330727965157
2022-03-07,114.6727523803711,115.06954121087318,111.8952103849961,113.7469028061505,14985637,17109,64.36969105099396
2022-03-08,117.93524932861328,119.74285771017198,115.06953298978716,115.06953298978716,28572640,5616,59.932163212338054
2022-03-09,115.95130920410156,118.11161607630487,115.59861098378967,118.11161607630487,14286413,6457,59.50877177942142
2022-03-10,117.2298355102539,119.03744382969332,116.34807666707098,117.18574487718031,13101323,8153,68.82914292929074
2022-03-11,116.34809112548828,117.62663891607244,115.951302287662,117.1857594396935,8669803,5547,49.97990680088351
2022-03-14,116.52444458007812,117.1857638193625,115.28998738191036,116.34809547385049,5670284,11259,68.85059229113325
2022-03-15,115.55451202392578,117.22984863166303,115.20180037443066,115.77495175939508,6895190,4296,53.41827295300729
2022-03-16,117.05350494384766,117.27394468950462,115.99539685560909,116.74488391809817,5561866,10527,53.21092568773595
2022-03-17,117.18575286865234,118.42022340603634,116.30399396533797,117.71481359247022,13995384,4607,58.7127054069527
2022-03-21,117.18575286865234,117.62663232030954,116.12764487558971,117.18575286865234,9172207,3307,75.9046042041519
2022-03-22,117.14167785644531,118.28795368832296,116.17173766300832,117.53846667937015,10343712,15999,77.96324749667721
2022-03-23,117.67072296142578,117.93525332334605,116.56852433223563,117.1857528736675,11892811,8655,49.33380765792548
2022-03-24,119.39014434814453,119.6546746972495,117.58254944750082,117.71480789476709,11276181,9560,65.74178047591239
2022-03-25,118.81700897216797,120.05146602121853,118.33203889769355,119.91920757116766,7266868,16776,52.58841452350811
2022-03-28,118.86109924316406,119.47832776579978,117.97934036666369,119.47832776579978,7778682,3062,60.84726603894345
2022-03-29,118.46430206298828,119.3019702455172,118.06749983296302,119.0374399103576,5116935,16169,68.79674237907757
2022-03-30,119.30199432373047,119.87513228677379,117.67073480649265,119.03746393518185,24047012,4611,56.03520097118539
2022-03-31,119.0374526977539,119.56651342490653,118.42022415245798,118.42022415245798,11615450,14169,75.78537667604498
2022-04-01,126.04741668701172,126.48829608322691,120.62460549539331,121.6827133553955,32589741,9115,50.209013881688364
2022-04-04,127.23780822753906,128.7367956226416,124.76888068906703,125.07750167684078,15437496,14732,75.0292063456543
2022-04-05,131.4702606201172,132.79289900279613,127.63460392851887,128.2077418458504,23958626,13863,57.344437373316936
2022-04-06,134.90911865234375,136.93716691777087,130.76485429968977,132.57246282875684,52737388,7974,76.772177601609
2022-04-07,135.34999084472656,139.31790588577718,134.20370158639733,134.86502075990578,37738903,15117,59.72109613289612
2022-04-08,134.07144165039062,136.58444640917935,133.32194121354303,136.58444640917935,17585569,4256,66.34102103589413
2022-04-11,134.99729919433594,136.31993760530105,133.89510051853168,134.4241478101735,15583159,13348,51.130422152481096
2022-04-12,134.556396484375,135.4381552727272,133.01331860475864,134.6445642904674,11306524,10297,61.05996110323576
2022-04-13,135.7467803955078,137.7307379268131,134.6886724030596,134.95320276481493,19454061,5985,47.091376282044216
2022-04-18,143.9030303955078,144.3880004160638,136.2317316902709,136.5844298209091,82098517,9758,64.80718450244825
2022-04-19,141.65455627441406,146.68059256835895,140.64053896153607,145.40203145050515,38522118,6034,59.43443726509082
2022-04-20,141.52230834960938,143.903054771118,140.19966995381864,142.9772052031498,20047692,13011,59.86663526166781
2022-04-21,143.46217346191406,144.07940201443503,141.39004807455268,142.49224672354492,21966151,4565,52.0932551939973
2022-04-22,141.4782257080078,143.72671379884324,140.9491783925358,142.18363558321147,9922564,8540,56.813417656794634
2022-04-25,137.64256286621094,141.87499461328355,137.02532090307147,139.8469600072164,12008027,5427,64.91262165352853
2022-04-26,138.43614196777344,139.71468963261225,137.55438310173665,138.9652026692245,11735823,7342,66.2907751364484
2022-04-27,137.24575805664062,140.72871623810724,136.84896926957683,138.25978879532826,17873048,9941,70.339800903324
2022-04-28,140.81689453125,141.16960616622848,136.8930700923047,139.31790708266757,29123808,10201,56.012196905762295
2022-04-29,137.73074340820312,141.96318900101136,137.28986393925587,141.4341282564452,28941216,7603,67.1379653928629
2022-05-02,138.8770294189453,139.62652988017848,134.90911429268974,136.31993394163214,13368198,8332,49.16220208920845
2022-05-04,139.89105224609375,142.75676883790436,138.7006857345475,139.31791430956116,24511385,14924,50.24782616533035
2022-05-05,139.67059326171875,141.74273189362543,138.436136281799,140.72871462116078,33396072,5605,77.24230518078427
2022-05-06,140.1996612548828,141.39004111906468,137.59847526213758,137.95117343063527,22604305,16842,61.481495520500815
2022-05-09,140.1996612548828,140.90507104645084,137.51029399272682,140.15557062017743,22958742,17828,53.69382550029451
2022-05-10,137.06942749023438,142.18363214352075,136.23175917007106,140.1555838468379,20322427,15364,47.14580721293659
2022-05-11,134.5123291015625,138.39206305901098,132.30793174970003,135.83496751267998,13794764,15586,55.719911523083944
2022-05-12,130.9853057861328,134.90913075441486,130.50033563172155,133.23379398962138,11818556,3777,58.4003046505057
2022-05-13,127.10553741455078,132.2638322542975,126.53239952327795,132.2638322542975,22913410,14343,78.82004294748339
2022-05-16,130.72076416015625,131.29390209504916,124.90114971622197,126.44422787662855,16286682,13105,49.51229810431657
2022-05-17,132.70472717285156,132.92516691898587,129.00134212871012,130.0594502192399,13925542,12698,47.78219077894267
2022-05-18,130.94119262695312,133.05740854010514,129.7949034012572,132.70471037277068,17611218,8078,58.9813882354335
2022-05-19,130.5003204345703,130.98529053250536,128.5163628603961,130.0594409736427,11701170,12096,47.157129286820464
2022-05-20,131.91111755371094,133.10148382209155,130.19167718620932,133.10148382209155,17841739,16164,48.987388109651214
2022-05-23,132.39608764648438,136.98124448904497,130.85300963916137,136.14356280712593,26055890,6375,71.51969680888688
2022-05-24,129.53038024902344,133.89509767621328,129.0013329686122,132.39609674528126,16581141,15668,67.11145430068181
2022-05-25,134.6005096435547,135.0413891555933,129.97127476714937,130.85303379122658,19926619,8423,62.98892655414396
2022-05-26,135.92312622070312,136.76080792190533,132.7928929545917,135.04136733907788,22698086,10607,62.51348552872663
2022-05-27,132.66062927246094,136.67263512345116,131.82296097390935,136.67263512345116,10245727,7152,74.73901451372987
2022-05-30,133.0574188232422,134.4682385107583,131.20573311977267,132.30793179609037,12513990,15876,73.62085605549983
2022-05-31,137.5543975830078,139.31791550073868,132.5724648472477,133.23378406639677,124665699,9965,53.86280854435769
2022-06-01,138.25979614257812,141.25777097589986,137.77482606391857,137.9511751503658,16084988,8892,74.19270521232238
2022-06-02,140.24375915527344,140.4641988856481,136.0113136411653,137.11351229303858,17646975,5327,61.81497096833786
2022-06-03,136.672607421875,140.59643120210498,136.40807710369268,140.19964245211693,14063328,3572,62.56414167197516
2022-06-06,136.8489990234375,139.89106499176552,136.31995167718375,137.37805982426633,18485464,9400,69.14142882936909
2022-06-07,138.6566162109375,139.05340510854327,135.35001963992946,136.84900739453792,14911957,3074,46.467711634270074
2022-06-08,138.4802703857422,140.86101728270364,137.6426019253675,137.6426019253675,16416591,12428,77.17262190319803
2022-06-09,136.80490112304688,139.3179196117983,136.40811227076358,136.9371730435242,13821409,16903,56.46589196415751
2022-06-10,136.89306640625,138.08344627856826,135.79086780394525,135.87904907395875,7908849,7554,77.67976201254058
2022-06-13,131.2938995361328,136.5844531258425,130.2798821466012,135.79087546921545,19208167,16994,57.673130458726376
2022-06-14,133.49827575683594,134.42412517955734,131.2938787763428,131.2938787763428,17034328,6996,65.12609918680667
2022-06-15,130.63255310058594,135.5263168416344,130.10350592466523,134.51229966352497,15172295,6676,61.27735157029684
2022-06-16,126.04741668701172,132.39607730159634,125.20974852511712,132.35200012563195,18494040,16119,60.41492030390772
2022-06-17,123.8430404663086,127.37007622728326,123.04946280191875,124.41619185021118,21387729,11187,59.3989575414888
2022-06-20,121.02140808105469,124.68070210568362,119.03745057152919,123.8430338481319,16578770,7501,59.90724829038312
2022-06-21,123.40213775634766,124.54842685370305,121.46227114405377,121.85905990152303,51398446,17926,58.32461453898644
2022-06-22,121.37413024902344,123.40217879501276,120.40420334760289,123.40217879501276,8317317,15620,46.62847660158823
2022-06-23,120.36006927490234,122.69672457863075,119.61056895619735,121.5945261420474,11257409,17658,71.75871259692536
2022-06-24,120.44827270507812,121.59454852648706,118.99336242821002,121.59454852648706,21879039,5297,57.197080964868995
2022-06-27,122.12361145019531,122.60858155120103,120.5805333271784,121.02141279089751,12872030,12912,65.83382802532137
2022-06-28,122.21179962158203,122.82902821470633,120.93323834098439,122.12361834203246,14272044,7693,71.11571678120393
2022-06-29,124.98932647705078,126.17970639675679,120.6246225290843,121.50638144602999,53487394,3919,63.25329735965099
2022-06-30,126.00333404541016,126.92918352707758,124.46025606082185,125.4742868091518,19270932,12489,74.02768675745631
2022-07-01,124.01939392089844,126.26788198843578,123.22581622862603,125.2097739138812,9592229,15392,57.472909161733206
2022-07-04,124.68070220947266,125.3861120154724,122.8731072407253,122.8731072407253,17526429,16656,48.96804735487228
2022-07-05,124.19573974609375,127.19371446251473,123.62258841927316,124.68069635127043,11370649,6786,56.86450308878398
2022-07-06,122.52039337158203,125.20976063961506,120.00738864275591,124.76888120074318,15929985,4337,74.45776245947454
2022-07-07,123.8430404663086,125.87108871978376,123.00537216399184,123.44625163411366,18144208,15074,76.43745875746086
2022-07-08,126.7087631225586,127.14964261390679,124.32801656019316,124.32801656019316,15375888,5877,78.58624262832534
2022-07-11,127.67868041992188,129.6185471420173,126.62057252192183,126.97327066973122,16779135,5169,69.87923931715811
2022-07-12,129.70672607421875,130.5884848824607,127.01735901816649,127.01735901816649,19138561,3010,64.9018718983915
2022-07-13,131.02938842773438,131.69070765575879,130.05944817813557,130.27988792081038,13644449,10625,77.24106849351764
2022-07-14,130.76487731933594,131.6466364199996,129.61858779755795,131.38210599888527,9775869,6437,54.14746626342237
2022-07-15,132.04339599609375,132.39609417619062,130.63257636656,130.8971067289192,11518139,3900,53.677589366235225
2022-07-18,132.08749389648438,133.63057206477373,131.64661441983029,133.49830014903318,8286352,9369,71.39365911454082
2022-07-19,132.9251708984375,133.32195976244327,131.60253238203515,132.08750252896428,6798359,16575,73.14995886021461
2022-07-20,132.74879455566406,134.2477818758428,132.39608295089894,134.1155234331634,7271345,8968,63.02471628468173
2022-07-21,133.01332092285156,133.36601906251056,132.26382055786172,133.1455793615808,7521568,17191,64.78318684417411
2022-07-22,131.33798217773438,133.49828873776437,130.6325723844706,133.14559056841884,6800124,7895,70.63707201179804
2022-07-25,132.3520050048828,132.66061252086763,129.92716823630587,131.5584139896963,7996687,14700,58.97388670370889
2022-07-26,132.26385498046875,133.1015233710967,131.51435442041605,132.26385498046875,5774871,11814,48.3092542967785
2022-07-27,131.9993133544922,132.74881385080806,131.4261754134793,131.8670548925889,5403197,6244,73.40612692974679
2022-07-28,132.57244873046875,133.10149596872756,131.4261595323828,132.30791838405318,6030744,6620,48.031552995362844
2022-07-29,134.86500549316406,136.18764369045806,132.66060849767408,133.10148789677206,11771461,3872,77.60629588900247
2022-08-01,137.99525451660156,139.05336240345028,133.14558103518746,134.82091740148363,14221965,13427,60.23350019624122
2022-08-02,140.68463134765625,141.16960142033955,138.03935471982658,138.52432479250987,18278835,13275,54.80456152466945
2022-08-03,140.7727813720703,141.9190704568465,138.61247508993688,141.1254929506166,10147608,7664,63.12758219382232
2022-08-04,136.40811157226562,141.52231634932429,134.95321463648546,140.81690647411372,15754128,6891,65.08372598145486
2022-08-05,137.20167541503906,138.56839079888485,134.90909714062465,136.14355408557296,33864055,15904,51.76591786636498
2022-08-08,140.55238342285156,141.08144422050847,136.62855844638366,137.11352860180668,16964235,12461,69.4169964438489
2022-08-10,139.96824645996094,141.22638251611224,139.29424206288246,141.00171438375276,14055597,13634,59.74278753696342
2022-08-11,138.08102416992188,140.9567871406696,137.36209713988904,140.3726417879503,15810624,8995,60.880648992958115
2022-08-12,142.43959045410156,142.88892670159083,137.13742821878967,138.12595973567366,17998843,17250,54.477179911713634
2022-08-16,142.66424560546875,143.60785438192525,141.04663251906516,142.88891370878443,8309725,15357,46.191051849243
2022-08-17,145.0906524658203,147.06772895189545,142.88890788558544,142.88890788558544,19674110,6354,53.20816245561639
2022-08-18,144.50653076171875,146.16906654429786,143.69771733998962,145.09066236131216,9585888,8534,77.40668981942707
2022-08-19,141.76556396484375,145.27038066338292,141.22635506692146,144.73118547811254,9599472,17188,46.03630694025173
2022-08-22,140.64222717285156,142.84397175666928,140.19289098380094,141.36116781786305,11400211,7418,60.35898446643767
2022-08-23,142.5743865966797,143.06865921406055,139.87836909749768,140.59730983981038,14362373,8578,67.66652614910359
2022-08-24,144.50653076171875,146.48360738263472,141.99024519298337,142.79904490205934,20602844,12117,67.40834240613192
2022-08-25,142.7990264892578,145.5399798140516,142.39462668686397,145.00078464841027,12889454,10809,72.72580179112263
2022-08-26,146.84304809570312,148.01132482633,142.79902275229165,142.88889546720566,30724938,10868,75.7338191351195
2022-08-29,144.64132690429688,146.84307164629388,144.41665879363077,145.40520396562286,10928330,15340,69.11439643595385
2022-08-30,147.3822784423828,148.68535072266596,145.18053373257294,145.40520183995463,24663153,16192,47.1187991341714
2022-09-01,144.41664123535156,147.60693076146296,144.05717778705093,145.13558184460436,14554158,6578,74.2909805551482
2022-09-02,145.4051971435547,149.53908195826668,144.91092458074874,146.48360128162508,25106698,8149,61.38933613024676
2022-09-05,147.8316192626953,148.3708282222711,145.76466986785945,146.12414707846114,15226001,5105,58.29955562220165
2022-09-06,151.38136291503906,151.7408401023399,148.10121414275295,148.99988654202613,27866331,10592,56.93647412718255
2022-09-07,150.34788513183594,152.90909307166586,149.76373988360507,151.42628919664074,19415892,4799,62.96700203425644
2022-09-08,149.89857482910156,152.0553833308971,149.13469772369473,150.97697907999932,11595205,12473,63.08489692964794
2022-09-09,149.7188262939453,152.19017537692508,149.13468101037677,150.66242133732467,16415150,10792,54.09867718414643
2022-09-12,149.53909301757812,151.06684718153807,148.73029328237288,150.48270185041997,15469466,17541,73.06208232401742
2022-09-13,150.43777465820312,151.83071980946795,148.86509774511643,150.0333747659403,15644741,10634,48.503792234939546
2022-09-14,154.8861846923828,155.51525259357234,148.2809374482631,148.2809374482631,38751148,12202,62.801560540543576
2022-09-15,157.3575439453125,158.30113900250768,155.1557855781166,156.72846229031214,29483891,7796,51.21587338236482
2022-09-16,155.2905731201172,156.9980449713845,153.94256469670063,156.32404075967622,26126152,3367,76.34521971030848
2022-09-19,153.67298889160156,156.45887897060422,153.26858903178592,155.91967001574778,13304030,8936,50.472756098212926
2022-09-20,154.48175048828125,155.60509077313685,153.58307826039677,154.48175048828125,15395199,6491,54.857534762260116
2022-09-21,151.5161895751953,154.61660696974016,151.1117759784969,153.67299809853412,7370283,7536,64.21880938080054
2022-09-22,151.5610809326172,152.45975325054,149.94348173047726,150.07827709310513,7447846,7586,77.9539512988068
2022-09-23,147.3373565673828,151.4263192663645,146.16907955158027,150.213105882136,12264388,13606,72.74806746574552
2022-09-26,142.5294647216797,147.24749537106334,140.7321197123907,145.98934563696852,21951865,13896,60.26592906600862
2022-09-27,142.888916015625,145.27039246415757,141.54090737396817,143.2483795016723,8367800,9078,45.85495477737404
2022-09-28,141.9453125,143.29332119176192,139.29423148206558,141.8105171158852,14261815,11562,58.956398456776775
2022-09-29,143.38319396972656,145.31533427682103,141.99024891192067,142.66425325802157,17623352,3435,69.17232527382407
2022-09-30,143.47303771972656,145.18052344239513,141.4510248966087,143.78757853282795,12015533,13737,45.330325381619595
2022-10-03,144.1021270751953,147.47214862781772,142.84397746795793,143.65279086817898,10528629,12764,70.82840485803558
2022-10-04,146.07920837402344,147.38228067403762,145.00080418479283,145.5399994230815,9013773,7132,64.37208258440656
2022-10-06,146.3937225341797,148.37081270407006,145.94438635241406,147.6069357100077,6456408,17533,63.07441940570064
2022-10-07,147.65188598632812,148.146158575384,145.0008050065873,146.57348179098565,8825983,10734,56.39446332190239
2022-10-10,147.3373565673828,148.82017444951254,145.45015250738277,146.21401592000623,10484521,10404,59.67189913812136
2022-10-11,144.731201171875,147.7417456592057,144.0571968327132,147.7417456592057,13805741,10472,45.54549590993375
2022-10-12,148.28094482421875,148.55054928461146,144.82105062659264,145.4950549212482,12496248,12219,52.80677505641527
2022-10-13,148.05628967285156,149.89857098187304,147.60695343712212,148.14616240505893,9447511,14439,70.5446467554647
2022-10-14,148.37081909179688,150.52762737206695,148.14615099124157,149.40428686929033,9588164,14472,74.72623383239673
2022-10-17,151.38136291503906,151.920571839664,147.38227348080386,148.3708186050654,13426449,14119,56.05259869182832
2022-10-18,150.03335571289062,152.28003673198947,149.53908314615833,151.8307005281697,20635735,14520,57.356211357947984
2022-10-19,147.4272003173828,151.06682604179764,147.24746859167192,149.6289448108073,6947654,12611,45.188110207105275
2022-10-20,150.03335571289062,150.88709175761764,145.1355938337857,147.38227485288454,12020720,15556,48.150627360919614
2022-10-21,148.3258819580078,151.3813626246137,147.8316093968253,150.5276265894726,7414335,12708,55.00913885624874
2022-10-24,150.03335571289062,150.93202812053016,149.4042877700735,150.03335571289062,685185,16112,56.77881350037701
2022-10-25,152.190185546875,152.50471267813523,148.6853547492146,150.48269965694197,8131380,6157,59.50333210441647
2022-10-27,153.3584442138672,154.1223212620347,150.572567917189,152.6844398934793,16225577,13685,68.80497593728202
2022-10-28,156.41392517089844,156.99805671300484,152.6844266929326,153.3584309550485,16185760,13483,78.32016121757533
2022-10-31,155.56019592285156,156.3689955873805,151.92057000716653,152.68443330974333,24233760,4215,78.11114004568012
2022-11-01,163.37867736816406,164.41214534745552,155.91969223073338,156.36902851958274,41101936,5880,68.68213106885646
2022-11-02,162.61477661132812,164.18745339424746,161.76104052884543,163.46851269381082,22146420,8883,54.530364144931454
2022-11-03,160.09849548339844,163.4235946016174,159.2896957432474,161.17691342047146,16719953,6300,64.02606708293042
2022-11-04,159.02008056640625,161.3116979596166,158.48088534677913,160.90729811673307,14881752,9691,61.56803955701741
2022-11-07,158.03155517578125,161.31170411989893,157.13288272943083,159.82890006848208,12799401,16628,67.937591029528
2022-11-09,155.82980346679688,159.73903426293447,154.79633559375787,159.73903426293447,14929008,3061,78.9498497741045
2022-11-10,154.66152954101562,156.54873340242736,153.26858454231578,155.91966544862345,10668583,6717,62.777945257004774
2022-11-11,154.07740783691406,156.00956207060688,152.4597944846251,155.47035304895886,16963169,11169,67.24495031829315
2022-11-14,154.07740783691406,155.8298165882875,153.76288066816525,154.88622136938608,10224241,16535,75.91367514813828
2022-11-15,154.66152954101562,156.50379703873003,154.03244787455876,154.84126128315205,13899999,5145,61.3969755047312
2022-11-16,152.72935485839844,155.42537176221006,152.01041427485177,154.66150853372073,9781274,12783,72.31628319040877
2022-11-17,151.24656677246094,153.49324775923947,150.5276261141613,152.72937073867377,12778124,8626,54.30407166257557
2022-11-18,149.04481506347656,151.92056384733107,148.3708107994801,151.47122767133342,11134908,15469,69.25176147349575
2022-11-21,147.7417449951172,149.35935814436513,147.51707688307312,148.28095394908428,12788632,11871,71.0613752790635
2022-11-22,150.12322998046875,150.52762982552917,148.1461534058879,148.5056168875743,15198091,15116,68.52915855170959
2022-11-23,151.02188110351562,151.20161281901696,149.40426823870175,150.8421493880143,12004998,6999,46.327976232379484
2022-11-24,152.3249969482422,152.77433322242578,150.61752459140644,151.60605616701744,10986350,9121,66.97722250318935
2022-11-25,152.54965209960938,153.89766080741154,151.51618424202255,152.99898833554343,12358833,9135,49.37337010839968
2022-11-28,153.13375854492188,154.4817670311013,152.23508622080226,152.7742951003346,5471921,5379,78.47047587029363
2022-11-29,152.9091033935547,154.2121893438354,151.9205719810259,153.67298041870873,7693168,16873,53.0151098479993
2022-11-30,154.7513885498047,155.33553385254174,152.5496438552492,152.86418468846554,9133076,10596,76.58772209608927
2022-12-01,154.7513885498047,156.05446082105973,153.53818900594086,155.91966544262584,9214914,10670,53.30151264545019
2022-12-02,154.70645141601562,155.33553307931686,153.8077789971886,154.9311195207224,6376672,4553,75.10388133455824
2022-12-05,157.40248107910156,157.85181732393215,154.03245924287197,155.51527707840535,9861212,13257,78.48840224187887
2022-12-06,157.44741821289062,158.16635895065167,156.23421857353202,157.80689543809817,7008295,3851,71.05899670325556
2022-12-07,154.4368438720703,157.26765619858426,153.9425713529159,156.45885659462354,7718718,12310,58.48174829633375
2022-12-08,153.08885192871094,154.97605577937966,152.77431109727306,154.43686055603982,4225180,16260,70.75897274270093
2022-12-09,152.3249969482422,154.3470101820684,150.97698812569138,153.85273753793547,6174919,7887,62.80255877827702
2022-12-12,151.78575134277344,152.7742963927282,150.57255192253976,152.7742963927282,7153044,8404,54.553649429167336
2022-12-13,152.05535888671875,152.77429950929286,151.02189116921662,152.5496314217792,5166993,10363,60.362116569555766
2022-12-14,154.21218872070312,156.09939252571561,152.2800348406837,152.72937103892275,8562333,3745,49.223233390824824
2022-12-15,154.66152954101562,156.4139380239883,154.30205234408987,154.57165681362096,10644546,13981,62.07169617435132
2022-12-16,152.59458923339844,155.5602111480132,151.92058487610663,154.48179320622327,9433166,8445,48.75971547003394
2022-12-19,154.39193725585938,154.79633713574415,152.3249877765378,152.59459226734566,7706855,14321,72.01238831243214
2022-12-20,152.54965209960938,154.0773925592544,151.4712478758984,153.80778807516324,7387632,14444,60.85054771893111
2022-12-21,150.9320526123047,153.71794301311533,149.71885289271677,152.77433408944367,8454254,3810,71.30046761961499
2022-12-22,149.08975219726562,151.56110140538135,147.87655263178254,151.4263060245454,6979001,4968,76.39360638281929
2022-12-23,146.48362731933594,149.4941858812064,145.8994956402411,147.65190439018068,5313321,11322,54.411260390561374
2022-12-26,148.86508178710938,150.75229936556963,145.49506019175385,145.58493291935787,8321609,6851,60.917663128922364
2022-12-27,148.46070861816406,151.1567263789515,147.8765769217223,150.0783220171676,9244387,13698,67.09662288648953
2022-12-28,149.04481506347656,150.6174916794683,148.10120635135115,148.28093807921982,9652984,12576,52.71857341690818
2022-12-29,149.85362243652344,150.43775401043536,147.38227334086864,148.28094573928854,19571340,4005,75.4199416684199
2022-12-30,149.58401489257812,150.79722809051015,149.17961506415156,149.85361934907993,8626291,5105,71.30283576210508
2023-01-02,150.97695922851562,151.47123177804417,149.53907794127838,150.12322321350388,7322962,11463,69.27964095619365
2023-01-03,150.6175079345703,152.0553756253507,149.89856723285345,150.97697142910206,9629995,7947,74.31542526602404
2023-01-04,149.7188262939453,151.4262983571249,148.01134051811323,150.84216678620885,11995082,11254,56.64670497162639
2023-01-05,152.6844482421875,153.08886182665577,150.21309893229972,150.97697602223562,18887530,5226,50.42994965698148
2023-01-06,151.87564086914062,154.7064535422912,151.47124101764098,153.1787131518186,13216749,12488,46.84388701130165
2023-01-09,153.13375854492188,153.6729674244542,152.28002257953852,152.9989631813645,6012344,13839,48.321906354524344
2023-01-10,150.9320526123047,153.40340213433979,150.21311182699984,153.1337976257686,7557693,11694,57.51234581731141
2023-01-11,149.2245635986328,151.69591284496994,148.7302910068347,151.38137200128386,8463293,4002,58.32066383726456
2023-01-12,149.13467407226562,150.2580145122686,148.7752106165254,149.98841006413753,7628932,5431,64.42485262743045
2023-01-13,150.7972412109375,151.11176834367882,148.73029181478742,149.3593597929235,5090393,10635,58.30869141490843
2023-01-16,149.13467407226562,151.5610866801417,147.96639727213216,151.5610866801417,10321015,13017,63.73263125160548
2023-01-17,150.70736694335938,151.15670316782536,148.99989477544997,149.71883547712622,13015434,7002,51.61918718875591
2023-01-18,152.28004455566406,152.5047126691167,150.16817251680138,150.5276360132642,5536057,17028,46.79405006006006
2023-01-19,151.60604858398438,153.13378909726313,150.3479125642617,153.13378909726313,6812613,6609,78.71281848919062
2023-01-20,151.60604858398438,152.68445284555443,150.66243971286528,152.68445284555443,8545359,13683,58.505660962753765
2023-01-23,149.9434814453125,152.32495759821822,149.17960449147034,152.23508488153632,7787735,9361,75.6250491815341
2023-01-24,149.2245635986328,150.57257227845307,148.64041827645198,150.258031434767,7033092,12682,51.977769563318255
2023-01-25,149.08975219726562,149.71883387490854,147.7417435382934,149.17962492625838,9257370,12876,52.35528767899436
2023-01-27,149.44923400878906,150.1232383590578,147.38228459210083,149.4042976429071,13756671,13702,67.48469021868416
2023-01-30,151.74085998535156,154.79634105818727,150.1681830805514,150.61751933906572,30768122,17162,46.86319185680979
2023-01-31,153.80780029296875,155.1558091078507,150.39285559872496,152.63953695686155,24990701,17717,55.845193879564505
2023-02-01,152.7742919921875,156.18924949689602,150.25800679331536,154.7963046803194,13878016,5197,71.63410259533742
2023-02-02,149.98843383789062,153.53820116107352,148.73029783072855,152.77432405573325,19898080,16247,65.95458829067118
2023-02-03,152.66265869140625,153.49259199560794,149.89619558278866,151.6943937891983,11730514,5439,56.23567352810682
2023-02-06,153.12376403808594,153.8614904835888,151.27945495980958,151.69442168822945,7588936,11379,54.20291187347934
2023-02-07,152.3860321044922,154.64530782982195,151.50998813805344,153.53872523690137,8699758,8475,65.73088920377073
2023-02-08,152.6165771484375,152.84711578461338,151.32556641423722,152.70879823129252,8839686,9783,54.97052057393424
2023-02-09,153.07766723632812,153.67706211218163,151.83275286837045,153.0315566910403,5507650,11749,47.585737765598395
2023-02-10,152.15550231933594,152.89322878113722,151.3255688441607,152.2477234036718,9468345,13696,59.4000865573992
2023-02-13,154.7836151123047,155.10636069605866,151.97104149724333,152.24769061971736,9829152,15300,77.98216331970244
2023-02-14,153.12376403808594,155.38303984478213,152.01718140531244,155.38303984478213,12916373,6967,54.684035617529474
2023-02-15,152.89321899414062,153.53872433028596,151.4177661649847,153.07764708004487,11855678,5485,57.79103653484315
2023-02-16,154.36865234375,154.64530149839396,152.7087855578073,153.07764171669223,7923121,13563,73.89334493275734
2023-02-17,154.9680633544922,156.44350208159432,153.49261055642936,153.9997983351985,10182025,5358,50.55204202797367
2023-02-20,154.82974243164062,156.76627260395654,154.23034760595135,154.64531433688714,6679716,16399,56.72914582772204
2023-02-21,159.7632598876953,160.68541434592154,155.8902139773372,155.8902139773372,26883881,11970,75.05426726860043
2023-02-22,157.2273406982422,159.71715500947673,155.38303171644463,159.48661638675205,12225021,14867,78.12417969748034
2023-02-23,156.3974151611328,158.28782070590916,155.84411681034462,157.64231534396396,11184381,5264,55.32482701841998
2023-02-24,157.68841552734375,157.87284360850524,156.21296273613055,156.99679966976768,8338893,17459,64.83829999216563
2023-02-27,158.9794464111328,159.9938220931342,157.227358310544,157.8267531683869,17669762,9836,58.10333552257143
2023-02-28,157.2273406982422,159.53272692548916,156.62794590754234,159.34829884150156,19044910,14071,77.19257766127312
2023-03-01,158.84109497070312,159.5788213029012,156.7201370422435,157.6422914397512,9318790,13309,75.98242787960749
2023-03-02,157.50401306152344,158.7950239105754,156.9968252026234,158.7950239105754,7725981,5228,70.26281753383734
2023-03-03,159.16387939453125,161.37704466440124,158.14950377111322,158.61058104158295,12962719,8685,62.876059481130056
2023-03-06,163.03689575195312,163.68240099803526,159.25605719910786,159.44048525928002,12402804,13162,64.59077838538224
2023-03-08,164.92733764648438,165.20397273920082,161.79200390974208,162.0225425343131,22099710,15323,56.25101437431202
2023-03-09,165.4806365966797,168.01656169213746,164.14351526963074,164.51237147331244,18874546,14527,49.9848400585137
2023-03-10,166.67942810058594,166.90996672866422,163.95907510345464,164.14350319172502,12399692,11391,53.808322264072864
2023-03-13,165.711181640625,167.41717330819438,165.48064298668118,167.18663465425055,13669178,4421,53.06367163350432
2023-03-14,164.05126953125,166.9099539285765,163.40576423632598,164.74288536244575,9217542,11756,62.60602691463174
2023-03-15,164.32797241210938,165.57288694372482,163.91300559189244,165.48066584102563,8548173,7837,72.00793912781278
2023-03-16,165.61895751953125,165.98781369936756,163.17523959749155,164.3279327481816,9405016,11872,67.89225873548021
2023-03-17,163.17523193359375,167.55546570048827,162.20696691829863,167.55546570048827,47276890,4335,52.7266694357705
2023-03-20,162.2991943359375,163.72853664570192,161.33092928280928,163.72853664570192,5627841,15893,68.83604916180029
2023-03-21,163.31358337402344,163.7285501249667,161.65370229928806,163.0830447267258,12894327,5063,67.75226773205112
2023-03-22,160.7776336669922,163.95906369898998,160.27044590630612,163.95906369898998,7893205,11586,56.1775349961034
2023-03-23,161.0081787109375,162.16087181719863,160.17823123185303,160.50099092999045,5759884,14602,65.91695403610362
2023-03-24,159.25607299804688,161.56145915630165,158.93332737846748,161.56145915630165,4977283,7504,45.46060939816146
2023-03-27,157.9189453125,160.40875944630073,157.41175756445767,159.20995587937153,12077986,9558,49.858569036030055
2023-03-28,158.61056518554688,159.53271963430007,157.22733351241712,158.0111704222414,8750986,3920,46.35104115603657
2023-03-29,160.4549102783203,161.7459211694157,158.33395175355213,159.20999586329282,20272070,12239,49.21738385064686
2023-03-31,161.46926879882812,163.4518954709371,161.00819151964353,161.192619617125,8125121,13702,73.13010313932901
2023-04-03,163.95907592773438,164.23572509701134,161.7920071845196,161.9303388046387,9098662,4125,57.29483372592361
2023-04-05,162.2069854736328,164.4201649147596,161.51536953658612,164.4201649147596,10829323,11317,53.842239348625355
2023-04-06,161.5614776611328,162.85250250020238,161.23873200458698,162.6680603296481,7159274,17600,48.46964226059297
2023-04-10,163.77464294433594,164.14349911170825,161.56146372721955,162.1608725879006,10968456,13024,54.03537014568529
2023-04-11,164.23573303222656,165.75728243032322,162.80639064770315,164.23573303222656,9208605,9179,67.29083056673869
2023-04-12,162.11476135253906,164.42014756611056,161.65368410982475,164.1434984062898,7591360,9199,64.74719811365472
2023-04-13,159.57884216308594,162.39141625733672,158.88722627454695,162.299195177147,9944382,16371,46.93636442546352
2023-04-17,156.3974151611328,160.40877895598192,156.07465544467942,158.93334013881594,17401126,12555,72.0636764230997
2023-04-18,156.85848999023438,157.45788480179812,155.84411438655275,156.7662689095501,16199789,5647,63.68453179102166
2023-04-19,154.092041015625,156.7201732125066,153.8153918183315,155.61359049429527,16314641,10476,64.40333947166417
2023-04-20,156.4896240234375,156.95070129756135,153.81538146190397,154.0920306405706,15498083,16935,64.06512482763338
2023-04-21,156.4896240234375,156.72016266049943,155.29082029652318,156.44351348183278,6672391,5684,46.1075107793752
2023-04-24,157.64231872558594,157.91896790691453,155.10639369350412,155.38304287483268,8088991,16709,71.783842084979
2023-04-25,157.7806396484375,159.02553977352355,157.08902377751383,157.9650677331583,9175412,3078,59.575612713141076
2023-04-26,156.62796020507812,158.3339377263918,156.3052004754166,157.78065342392338,9032416,17685,52.9552612653225
2023-04-27,157.64231872558594,158.01118899101132,155.65969205616125,156.7662747105137,9054900,6654,46.89038676671851
2023-04-28,158.61056518554688,159.07164240992347,156.39740013692332,158.51834411228748,21552892,15308,62.270873382499076
2023-05-02,161.93032836914062,162.29918452376504,159.1177544595083,159.20996146268422,8893428,4955,48.93615093474602
2023-05-03,162.62193298339844,164.74287683248028,161.469239991089,161.9303171880128,11194149,5392,52.38379994408821
2023-05-04,162.62193298339844,163.63629437405513,161.19259085874288,162.71413998020756,4671155,8380,49.29485598574141
2023-05-05,160.68540954589844,162.66803594347533,159.5327165075491,162.62193947870932,5958697,14458,57.4856367368863
2023-05-08,163.2674560546875,163.7285333019072,160.91595927967487,161.19260844219886,6287186,7093,66.71203293903059
2023-05-09,162.2991943359375,164.7428981677248,161.56146791112738,163.4057769376721,7918748,12743,68.59447464609732
2023-05-10,163.2674560546875,163.5441052172115,161.3309259879804,162.29919102133394,6231734,13017,53.35434301772721
2023-05-11,165.57284545898438,165.9878121752302,163.17523809917992,163.7746469746116,12125975,4965,78.09768597107885
2023-05-12,161.3309326171875,165.29619992040486,160.91596589183067,165.15788236893974,8920297,15341,58.60978293076451
2023-05-15,162.25308227539062,162.99080869328654,160.31656625824505,160.45488380555506,7980565,10912,50.88457053497131
2023-05-16,163.6363067626953,164.1434945319017,161.83810837274578,163.1291189934889,7874923,5636,64.39513531307963
2023-05-17,162.2991943359375,164.00518581387587,161.423150362521,163.6363155659902,6639494,11321,68.42047431441968
2023-05-18,161.46926879882812,163.86686220801084,161.0542879907925,163.22135683134482,6921939,10259,53.136339784242935
2023-05-19,159.8093719482422,161.69979141981918,159.48661225640203,161.37703172797902,6657753,10635,45.20819606131307
2023-05-22,160.54708862304688,163.26744132197533,159.67103067561328,159.80936227987314,13339834,8919,54.42326097307621
2023-05-23,160.5931854248047,161.9764170445565,159.34828540960385,161.33091176953093,8359389,7114,60.37583226090591
2023-05-24,161.3309326171875,161.6536923318881,159.9477008186904,160.45488862566498,8507023,6105,69.35857350683793
2023-05-25,160.91595458984375,161.88421959497762,159.90157904713962,161.33092128605526,7986243,8926,72.3567956302536
2023-05-26,160.91595458984375,163.45187937564359,160.54709843120253,161.37703182362554,6926193,13467,65.70513862035064
2023-05-29,162.5758514404297,163.95908327786222,161.19261960299715,161.33093715835565,9943211,10576,58.01691867784207
2023-05-30,163.03689575195312,164.14347818394523,161.93031331996104,163.22132381212532,9727639,4765,55.9553728563794
2023-05-31,160.3165740966797,163.22135529990342,158.56447200964038,163.22135529990342,41785992,9953,45.657866875532946
2023-06-01,160.82374572753906,161.10039490300878,158.4722629134505,160.08603335423527,11602551,9152,66.44248103703154
2023-06-02,160.96206665039062,162.20696675080404,159.9015805600822,162.20696675080404,7262018,6856,62.77543457300066
2023-06-05,160.54708862304688,162.4836044440483,160.03990088267997,162.11474830794126,12239684,13550,45.780164648618126
2023-06-06,161.7458953857422,162.0686550925471,160.03991798523944,160.91596195533126,4889564,16797,61.69497147614591
2023-06-07,163.5441131591797,164.1435079812885,161.74590055093,162.25308836169373,6270083,17543,46.07180729918073
2023-06-08,167.8782196044922,169.9991776431703,164.23571235924075,164.83510712038535,27382635,15656,71.79812389511548
2023-06-09,168.56985473632812,169.9069760210805,166.4950069965863,169.6764373833314,10235269,3505,66.30668415845734
2023-06-12,171.2440948486328,171.935710751956,168.43152069425946,168.56985231750107,17450400,17734,53.77177956140686
2023-06-13,170.92135620117188,172.12014589257925,170.59859647135474,171.52075104687557,8332566,17470,58.956228525230756
2023-06-14,172.6273193359375,173.73390192014355,170.92134195598342,170.92134195598342,15061573,15854,47.77862519003444
2023-06-15,172.16622924804688,172.71952753437054,170.92132921025848,172.4428783912087,9840499,11750,50.419143905860665
2023-06-16,173.5494842529297,174.01056152994116,171.56685759016503,172.35068051850746,8562558,5609,66.51132573792717
2023-06-19,171.38243103027344,173.54948580908146,170.78302212220675,173.54948580908146,5363723,11159,58.76646682550533
2023-06-20,172.90399169921875,173.36506901041668,170.1836383773436,171.520759765625,6035600,7722,68.60206174120952
2023-06-21,172.90399169921875,174.01057443190118,171.98183707682293,172.90399169921875,5906854,14743,73.83430341298647
2023-06-22,170.1375274658203,173.31895809204553,169.07705528073285,172.90399132705315,6683123,3713,59.08636719293091
2023-06-23,172.16622924804688,172.90395560615846,169.4458764940353,170.1836028521469,15255365,14619,52.679662010592466
2023-06-26,170.50636291503906,172.81174918523138,170.09139620059668,172.81174918523138,7231775,11794,70.09649196628406
2023-06-27,171.56686401367188,172.39679751498073,170.41417077798604,170.5063777942635,6787438,13990,47.782271914108314
2023-06-28,174.3794403076172,175.76267220618328,170.87525001705725,171.5668659663403,32476741,12189,71.07451676578802
2023-06-30,174.4254913330078,176.7308772299334,173.36501944880558,173.45724051306613,9579059,15661,77.27367423957827
2023-07-03,176.36207580566406,177.60699020444227,174.0105786473959,175.2093824997447,7352149,11666,61.48085455898544
2023-07-04,178.94407653808594,179.6356923860268,174.2871936810922,176.22372368371072,13258826,14622,56.6655743120843
2023-07-05,178.3446807861328,179.58959503219887,177.3764297847053,178.89797913348696,6558910,5548,76.67525947547747
2023-07-06,181.4339141845703,181.80277038934338,177.74529585299075,178.4369117901619,16276609,13513,52.99542637529049
2023-07-07,177.60694885253906,182.35603853881966,177.19196810225674,181.4338841087877,12652336,16141,53.76460891981094
2023-07-10,176.6387176513672,178.29859875690354,175.02494709033843,177.65307927572195,10238356,11194,54.02450292675857
2023-07-11,177.42251586914062,177.9297036460336,175.94707714749646,177.6530544885501,11236383,3905,68.34441029803124
2023-07-12,175.94708251953125,179.5895900032221,175.4398947271528,178.6674354974289,9191559,13758,64.83754959762703
2023-07-13,173.27281188964844,176.86922261173652,172.3967679947285,176.86922261173652,10612659,17856,62.56118697863907
2023-07-14,172.85784912109375,173.68779657002764,170.3680349162126,173.31892634684803,12369394,16777,61.1364601149242
2023-07-17,171.9818115234375,174.24108719842724,171.3363061978634,173.78000995573706,9058800,14013,78.17534787297627
2023-07-18,172.76565551757812,174.42552240225845,171.79739045420703,172.44289580613398,7177677,11597,47.9838092517449
2023-07-19,177.56085205078125,181.2955805954756,175.39378334420425,176.1315097594833,31761232,15061,47.135263345387415
2023-07-20,177.8835906982422,179.1285048545732,176.91533976660745,177.69916261940512,8936996,17653,73.77405089268491
2023-07-21,179.912353515625,181.06504667225775,177.1458899397064,177.79139529322845,11031250,8996,78.83934835715874
2023-07-24,180.6500701904297,181.66444582085978,177.9297170900457,180.28121399988876,9981788,13751,64.4382662210345
2023-07-25,185.03030395507812,185.67582339379828,180.65006986326927,181.20336821904033,18028061,14600,48.88209080060485
2023-07-26,185.90635681152344,186.41353054062108,184.43090395152672,185.81413573116316,13857423,14390,60.19124507479798
2023-07-27,186.22909545898438,187.19736048256914,184.9841953466275,186.04466737614936,16013422,6714,73.62863674548603
2023-07-28,193.65243530273438,194.06740199276248,183.96981353759767,186.13688213246476,39630520,10193,45.78892886241645
2023-07-31,201.35244750976562,201.90573178589187,193.32969183180106,195.68118870048164,43494779,15466,72.12335937271413
2023-08-01,207.6230926513672,209.00632448534287,201.81353020543875,202.45903558043503,63510580,16619,76.75772247191138
2023-08-02,202.0440673828125,207.62309114938535,199.96921964685876,207.53088413703114,22647784,4362,47.08812398887741
2023-08-03,202.96621704101562,206.19375788583255,200.9835763651941,202.04406251392507,29868065,6337,54.99168634661188
2023-08-04,200.98355102539062,204.90270727140222,200.66080542417723,204.44163006598907,12879897,9363,74.83575378185253
2023-08-07,200.98355102539062,204.11888446477568,200.70690188795083,202.59732124433657,12929354,9043,62.591650052944345
2023-08-08,200.61473083496094,203.24286293414042,197.3410792757732,203.1506559191122,15314866,9207,52.74128641541642
2023-08-09,201.67518615722656,202.59734065641,199.6003385340638,201.4446475324307,12554174,7671,46.93880056675936
2023-08-10,200.47637939453125,203.6578236242946,199.64644598648215,202.1362602815902,10970619,13000,69.2250730167896
2023-08-11,199.16729736328125,202.43999943263094,198.8400214492068,200.9439013509316,7970536,16818,49.65113783706128
2023-08-14,199.16729736328125,200.10235509738118,198.0452309359311,199.44781753708097,9283695,8270,78.90309972126738
2023-08-16,203.32830810546875,203.79583698787627,198.279001882607,199.1205481638009,9687712,16977,60.7720549829083
2023-08-17,201.7387237548828,205.52571076236833,201.17768335827384,205.19843481970477,11865239,10804,72.10349968961536
2023-08-18,201.1776580810547,202.58024462849735,199.44780989991764,201.78545414565542,14101163,6428,55.472128104251915
2023-08-21,204.5906524658203,205.29194582600854,201.69196753656894,203.0945542569454,13336739,14609,74.60091988660271
2023-08-22,207.30230712890625,207.86334750446952,204.6374010146044,205.01141841974692,16930149,12190,68.99159829800912
2023-08-23,207.30230712890625,208.42437361218333,206.69452527858726,208.42437361218333,13507905,4452,45.09064813022563
2023-08-24,206.5075225830078,207.95685077098102,205.38544179924168,207.5828333549589,11182959,9314,45.3985784331809
2023-08-25,203.7490997314453,207.44258965184048,203.0945620902609,207.44258965184048,7413549,16624,47.68722768953729
2023-08-28,204.49713134765625,205.0581717165277,203.09454469332684,203.74908227844404,4851793,4876,57.983742114943254
2023-08-29,206.74127197265625,207.3490537963742,204.0763517071417,204.9646537063636,8799235,13520,78.90060926740124
2023-08-30,206.0867156982422,207.5828137567818,205.47893388762523,207.5828137567818,5490930,4463,53.682412996541096
2023-08-31,205.99322509765625,207.25554449895105,204.54388273215577,207.25554449895105,18532999,6661,77.22061472539986
2023-09-01,215.7178192138672,216.60612121926604,202.11272615188298,203.70233573484285,29859815,16330,55.356011637910235
2023-09-04,220.4866180419922,221.14115560670865,215.53080916425515,218.52299107999391,21895573,12637,71.67288583962666
2023-09-05,219.3645477294922,221.51516908013835,216.65287176952975,221.51516908013835,13952922,10181,76.13500290871502
2023-09-06,216.83990478515625,220.533394623087,213.5672023844532,220.2061186758766,14623019,6257,72.06371955280504
2023-09-07,218.8970489501953,222.54376886735204,214.45552415137212,217.86847960543287,30334731,7163,78.74793674892462
2023-09-08,224.64764404296875,227.7800934859837,219.73859042704538,220.67364825864982,28856420,9465,78.59237995086593
2023-09-11,227.3125762939453,228.06061118352898,222.68402837450336,227.78010523386058,22493483,8235,46.680268340489675
2023-09-12,219.83209228515625,229.04240296218984,218.8970344945224,228.34110961921445,21174310,9802,55.84133340839987
2023-09-13,221.74896240234375,222.96454045533332,218.00873101951458,220.76716307863146,9151928,10054,59.893266546705206
2023-09-14,222.4969940185547,223.66581623368458,220.62687847434688,222.4969940185547,7568464,15581,52.6828713021786
2023-09-15,220.86062622070312,223.75931080222958,220.29960016056293,220.29960016056293,14098284,3163,67.97205544002226
2023-09-18,225.5359344482422,226.42423648868856,220.72039257203068,221.60869461247705,11163399,15274,66.02195128229359
2023-09-20,226.0502166748047,230.0242122109698,224.74114149944296,225.81645223150085,18936709,16047,48.67975263928126
2023-09-21,223.4320526123047,227.1255279721276,221.70220428826073,224.46062187254117,10134737,8888,59.26088005580462
2023-09-22,222.4969940185547,223.75932771803468,220.67363421652195,223.1047901311318,7209300,7205,62.356466739254515
2023-09-25,224.0865936279297,224.6476340089733,221.74894915333059,223.61906473300988,8027642,13459,59.55518129584573
2023-09-26,224.6008758544922,227.40604919389347,223.52556511486145,224.1801027071519,10681642,16283,73.37402434708623
2023-09-27,223.7593231201172,224.88138957001524,222.40349223199667,224.32034921114172,9679279,12686,46.13312865779422
2023-09-28,221.65545654296875,225.53594074433335,220.34636704926933,224.03985681019813,32887087,3062,74.32632218412809
2023-09-29,229.6034393310547,235.16703023452425,223.94633694301612,223.9930926853006,35038887,4317,50.53177341557193
2023-10-03,225.5359344482422,230.67875225570475,224.92815259631823,228.48137502595316,14885044,17625,65.32642181967445
2023-10-04,219.8788299560547,225.3489236437587,216.4658747864321,225.3489236437587,25424437,7812,63.17430843289072
2023-10-05,218.6632537841797,221.98269727977254,216.98014703264687,221.84244432874837,22472389,6999,52.89108251759848
2023-10-06,220.2528533935547,222.0762131320162,218.47623512778927,219.03727547863073,8825123,10487,67.97508618738132
2023-10-09,219.45806884765625,220.95416707598062,215.5308288331174,218.66327825648716,10659145,10673,66.8050646745915
2023-10-10,220.5801239013672,221.4684402038539,218.56975538782746,219.64506612430696,11665907,10439,50.76059600005554
2023-10-11,223.19827270507812,224.1333304158391,220.67361973959314,220.9073841672834,14313043,15908,54.45863673589986
2023-10-12,225.90994262695312,226.98525325862926,223.10476956917398,223.43203119853942,13170027,10820,61.17431380474844
2023-10-13,226.3307342529297,227.96708533720516,224.03984558851386,224.92814760926498,11880728,11289,60.23494427448408
2023-10-16,227.63980102539062,229.08914335734354,225.3489124453869,227.0787749493063,6936948,13517,70.37594505364342
2023-10-17,229.9774627685547,231.1462850170916,227.4995653087963,228.94890775055202,10084205,12381,55.51741647534631
2023-10-18,226.28399658203125,230.77227705375728,225.90997915432501,229.93071643964285,6987265,17926,69.1585449548798
2023-10-19,223.9463348388672,226.09697055310255,223.01127707336045,224.60087242115208,11485237,7850,76.50626073934424
2023-10-20,225.34890747070312,226.4242181270132,222.12296123392454,223.43203631707146,9040953,13255,66.322431766656
2023-10-23,221.1879119873047,225.25540460914345,219.73856963190744,225.1619073955413,7058625,4911,48.431528553781696
2023-10-25,216.98013305664062,220.95412811530494,213.52042256502006,220.67360796347677,23949207,10085,67.86084216940492
2023-10-26,216.6061248779297,218.14897874606575,212.9594053129702,215.85809008254765,17410264,5362,71.25339868898358
2023-10-27,221.23468017578125,222.96452853716355,216.93340860830432,216.93340860830432,10519462,8797,70.32559826621593
2023-10-30,219.3645477294922,222.91775566595902,215.67105830588557,222.0294536818423,8812268,16638,52.749930814490895
2023-10-31,220.4866180419922,221.79569317142514,218.38273812607213,219.27104012589083,6583581,7015,56.259762827616484
2023-11-01,217.49444580078125,221.32817414627934,217.02691690978028,221.32817414627934,6718059,5898,62.068997274116946
2023-11-02,219.97235107421875,220.39312423758136,218.56976435111002,218.99053751447263,6057787,6881,67.44998140185243
2023-11-03,221.2468719482422,222.09654478452845,220.2555773688219,220.2555773688219,6825146,5132,68.97757400863912
2023-11-06,222.66297912597656,223.93748824406273,221.4356628449237,222.19093551061994,5338605,8565,59.252427063818764
2023-11-07,225.7784881591797,226.1561317495306,222.04934593894814,223.08784780537567,7002346,5843,47.31479642691529
2023-11-08,223.46546936035156,227.4306332870592,222.7574038589527,226.43935310960444,9777991,8302,67.09959858832622
2023-11-09,224.64556884765625,226.2977216130497,222.8046015044865,223.93750337677335,13987058,11191,75.83257765847219
2023-11-10,229.17721557617188,229.649259274578,222.61581104945287,224.55119309404407,9589671,12074,55.19774393186565
2023-11-13,231.96224975585938,236.5882862296041,229.69644596854343,231.2541842716195,18792969,7270,66.74378445874855
2023-11-15,233.47279357910156,235.03053187124402,232.19826995416386,235.03053187124402,10965645,16458,71.01745291442286
2023-11-16,238.2404327392578,240.03419282307848,233.80321096394468,234.88891998783933,22145147,13396,57.17149847811126
2023-11-17,237.53236389160156,238.9484948025476,236.9659057649717,238.85408031289975,5618928,10493,58.08935777612046
2023-11-20,237.01312255859375,241.119893722414,236.30505707459415,236.96591531186795,6283832,5576,70.22559871520437
2023-11-21,236.0218048095703,238.66525190456304,233.4727721987525,238.47643734184092,6851869,16178,46.16604955024138
2023-11-22,239.46774291992188,239.79817924412416,235.40817896903263,236.77710270170198,5275418,7273,61.505761411729054
2023-11-23,238.61807250976562,241.40312725041545,237.62677793275347,239.798181671535,8200025,14542,68.05625567921939
2023-11-24,239.70375061035156,242.48881956415394,238.8540778348505,239.137306895227,7149443,15603,77.28753518729896
2023-11-28,243.14967346191406,243.85773893945168,239.46773874097008,240.60065502953347,6151585,9209,78.94214047470655
2023-11-29,243.9521484375,245.0378430519115,241.780759208677,245.0378430519115,8637363,12134,69.01918418166301
2023-11-30,246.69000244140625,247.02043876197428,241.68635122569017,243.5273330036704,21687673,8204,69.8493647277378
2023-12-01,253.91226196289062,260.04882871451554,247.11482265197344,247.68128072975898,29121320,6126,63.52694825174562
2023-12-04,259.4351806640625,263.4003588814041,257.97185686144684,260.5680969579481,20464526,16928,73.3595683418298
2023-12-05,269.48968505859375,270.5281578613605,257.5469597142462,259.8127918943813,18883076,3503,71.57454992060832
2023-12-06,265.3829650878906,272.1331840114384,263.3531830075595,271.8971621692776,13415314,8313,58.54053716440851
2023-12-07,267.9319763183594,272.1331765176366,265.571757961745,266.0910232869557,25133786,8230,66.25150928829711
2023-12-08,269.112060546875,275.5790640066844,265.28851868814985,270.4338057530454,20815064,10528,64.21659228092653
2023-12-11,271.2362976074219,272.3692140082169,268.49844991863824,270.05618836128576,8071675,6460,73.43896765584378
2023-12-12,267.55438232421875,272.4636486759987,265.1469708084258,271.3779538514501,8640883,15390,46.25672363928285
2023-12-13,277.60888671875,278.4113667660107,268.59286362933466,268.82888547786655,23629670,15922,63.408303648608076
2023-12-14,278.8833923339844,281.810068827781,277.1840466595265,281.1020033282137,24900443,15256,71.87087287052621
2023-12-15,288.04107666015625,289.83483699002466,278.50578798715725,281.3380502378741,28843558,16001,70.92761158446399
2023-12-18,286.24725341796875,289.40992252049205,284.8783154398205,288.89068607981795,13307504,3490,72.97819868968685
2023-12-19,292.3365783691406,295.0272324917157,285.5863610519808,287.9465789119145,15650536,9271,64.240002311327
2023-12-20,281.0075378417969,295.8297178009819,278.64731993818486,295.027237951503,23497233,14250,78.93431009328326
2023-12-21,285.06719970703125,286.200087291343,276.80643502215923,279.2610391937983,17868637,10266,56.580220481415566
2023-12-22,285.8695983886719,291.6757578345257,282.8485365746254,287.002514575974,15207726,10248,52.934627132295546
2023-12-26,292.2894592285156,293.3279611109644,287.56902231853076,289.31558973747724,9917180,4865,60.01099881198595
2023-12-27,288.9378967285156,294.7912493122202,286.57767855948265,294.17759835052306,12630732,16066,45.88474368510452
2023-12-28,296.3489990234375,297.8595444723954,290.54286786491184,291.8173914878219,37591916,6223,46.38114040671282
2023-12-29,293.7527160644531,296.7738065214485,290.92045456524016,296.7738065214485,12682889,16536,60.328237488904406
2024-01-01,292.4310302734375,295.7825285389935,290.59004858256446,294.55522661924937,8024960,6300,50.44391425790055
2024-01-02,288.8907165527344,293.4223241114112,285.16156015769747,293.4223241114112,13506040,13236,45.805534213754505
2024-01-03,289.07952880859375,290.7788743419336,286.34165272195344,290.0236160629507,14259987,15294,45.45424398974141
2024-01-04,299.3700866699219,303.760086824481,291.34534467145073,293.51673392300455,40057506,15328,62.0373991987785
2024-01-05,297.3402404785156,307.4419550533553,295.216044526312,304.84571555621756,27456415,6513,64.74773515476835
2024-01-08,298.7564392089844,300.5501993263362,295.1216973222731,298.7564392089844,10136462,16783,78.65655034409895
2024-01-09,301.8719177246094,303.47687767798476,298.3787831490316,300.07815759576874,12229517,14308,78.03015600880879
2024-01-10,295.8297424316406,301.8718950057037,290.77886993512664,301.7774805194476,14455000,5398,70.87994311323547
2024-01-11,295.4049072265625,299.55888553957715,294.8856707416573,297.34030345747516,10316319,15739,47.091375360838505
2024-01-12,295.16888427734375,297.6707098235999,292.38384406972176,297.576324143983,12341629,7976,59.78240113725944
2024-01-15,299.55889892578125,300.21977158269954,292.2894437559744,297.29309509118247,9706124,10365,68.023516390706
2024-01-16,294.08319091796875,299.5116928370003,292.80866731385765,299.5116928370003,10162832,10855,49.2080716066692
2024-01-17,292.00616455078125,296.5378004769181,289.9291899611503,292.4310153227256,13502940,15314,61.90828960704049
2024-01-18,282.5653381347656,293.8943865674794,279.96909786893536,291.67580429841433,32481018,5000,72.59090860653589
2024-01-19,291.2037353515625,292.147822639055,284.83114616098817,286.81370641571635,28651237,4626,56.512738064436704
2024-01-23,285.6808166503906,297.67070781796326,283.5093986199392,295.9241693992128,21652362,11986,58.24289968512839
2024-01-24,291.5813293457031,293.3278963792163,281.5739995427057,286.01122078338744,23922028,16247,45.69383897119286
2024-01-25,297.1514587402344,299.4644840023494,291.91178608361434,292.6670443509854,32525422,17472,60.19751982724644
2024-01-29,306.40350341796875,307.5364196349099,298.4731763331494,300.03091452300134,24694773,13244,56.60716140075617
2024-01-30,297.81231689453125,305.8370580441437,296.9154225356609,303.85446917434143,20918448,14399,50.03097378342345
2024-01-31,299.7477111816406,302.10792937992125,295.12168927526204,300.73899130041553,20931224,13031,45.376698937858464
2024-02-01,303.99609375,308.66933715047304,299.3700719986643,302.15511209253935,24020951,3827,71.47630755040953
2024-02-02,313.90899658203125,315.0419127558519,305.0345825912865,305.8842553160244,32346639,7624,64.9485188913586
2024-02-05,317.3077392578125,321.98095398772887,314.42825577896815,319.1014993201417,19651482,5319,58.28551084134776
2024-02-06,318.5946960449219,320.3106342341467,313.6374960209353,320.3106342341467,12024661,13071,74.82026316875165
2024-02-07,315.2581481933594,322.1219305055961,314.25715993834564,322.1219305055961,8080437,17222,75.1166070588757
2024-02-08,315.44879150390625,319.595676344339,312.6842113078097,318.35639080240543,17754869,8405,52.405048353197856
2024-02-09,309.72894287109375,319.35733398282207,304.6764354928729,317.40306939697183,18304439,15166,77.9208855625944
2024-02-12,301.3875427246094,311.44493369630254,299.81459439131015,310.92059819015185,11714289,12355,61.388452673955754
2024-02-13,306.5353698730469,308.8233263320677,301.14919965196634,303.67545339184574,15426888,15337,61.0923716310641
2024-02-14,312.6842041015625,313.9711723454955,303.48481184208947,305.915729230849,14085723,14230,55.29797950857812
2024-02-15,323.4089050292969,324.9818533546234,314.7338187811085,315.5441343100877,21973316,12875,54.12132270765552
2024-02-16,321.97894287109375,326.93614326587306,321.0732909802438,325.9351550034743,20307449,3504,60.26730112830947
2024-02-19,322.9322509765625,325.9351576025525,321.74061905413976,324.50519929564524,8496898,11869,52.515686982305624
2024-02-20,329.5577087402344,330.3203414702357,322.0265723417457,324.69584508189797,19340526,5309,75.84517180375528
2024-02-21,320.40594482421875,331.7979266876826,319.0713231074519,330.7969676732504,17751633,11503,77.33950261524376
2024-02-22,323.69488525390625,324.36221077055296,315.16281810578874,323.170578842667,16083122,13836,58.61694770055399
2024-02-23,321.97894287109375,324.12388031435046,319.2143626516336,324.12388031435046,9665454,4249,49.52479543642946
2024-02-26,321.83599853515625,322.6939678157071,318.9283987994371,322.21731498289216,7711995,13602,70.49757250744223
2024-02-27,320.40594482421875,322.21721923215745,318.49933405953146,320.40594482421875,8882923,17846,69.38287055298683
2024-02-28,317.7366943359375,320.7872834080509,316.3067361632419,320.0246506863093,12977628,17185,71.17276975639084
2024-02-29,319.9293518066406,320.31066821218735,315.162824005864,317.73673156273725,13149469,16943,67.01120846771732
2024-03-01,327.4604187011719,328.2707341438379,319.3573224596582,319.92931154227966,13027254,9915,75.87198409068037
2024-03-04,337.3271789550781,341.5693712507195,329.60539808383936,331.75033559848475,38075510,9610,69.76347416427332
2024-03-05,341.5216979980469,343.14232899752415,337.0411504766042,338.32811873000367,15918221,13729,55.393872960061515
2024-03-06,335.5158996582031,342.6656912767819,328.8904144546228,342.6656912767819,13120921,9613,52.317737850648236
2024-03-07,335.75421142578125,337.37481333321415,333.3709476566958,335.5635386872243,9172926,4996,53.50815124825837
2024-03-11,331.70263671875,336.65980750986506,330.5110049286878,335.80183843953483,10664917,10576,55.03637126931821
2024-03-12,328.6520690917969,333.132616551108,326.55478536774166,331.7503119476296,9637912,17113,55.43832444206639
2024-03-13,307.44097900390625,328.41369695145954,304.581062920149,327.79405428515963,23722232,4229,75.30350407101128
2024-03-14,306.82135009765625,311.68321347659827,301.72116036771286,306.0586883189086,20859127,7765,78.43536568753454
2024-03-15,301.530517578125,310.8252461897208,291.473156204659,307.5840133129101,43285007,11356,58.127819387369776
2024-03-18,302.3408508300781,307.8223577691587,300.2435960654542,302.2931971893777,13690352,11745,62.4109030781013
2024-03-19,298.8136291503906,303.05582129106284,295.62004981562166,299.6239155744839,13388060,7298,66.56151168888027
2024-03-20,299.0042419433594,302.6268200285703,293.9040520804449,301.24451551969446,10026655,10311,51.49956295226667
2024-03-21,309.8243103027344,311.11127864096886,302.1978657414363,302.4361921339769,23370426,17445,67.86747772374045
2024-03-22,309.5859680175781,311.96923182063875,306.15406232265565,309.34764163727203,14709219,14991,66.75351210726674
2024-03-26,313.73284912109375,314.87679827740845,305.1530995321445,305.1530995321445,11208959,3830,72.16509538365796
2024-03-27,316.1161193847656,318.4993832083954,311.06358262312494,316.49743577803116,45209520,11286,70.75342557272023
2024-03-28,320.1199645996094,324.1238592032676,314.8767845242624,316.4020790919691,19868037,17521,46.24157552786406
2024-04-01,326.3641052246094,328.3183696319286,320.45360018516277,323.1705263580144,8580656,10872,73.62480964142537
2024-04-02,328.6997375488281,329.4623994340394,324.8388617606767,326.98379921911106,9745257,3390,55.13280683869955
2024-04-03,334.8485412597656,337.56546762658024,326.0304657959853,328.270739435028,21679943,7946,68.42778318668189
2024-04-04,338.08978271484375,345.7639092855542,336.1831717545541,338.4234454514093,28962927,14014,70.98187020326016
2024-04-05,337.9944763183594,341.4740649034834,335.13455962433545,339.75809743152286,11208130,5561,64.95064631882889
2024-04-08,346.5265197753906,348.9097833226767,336.75513923151783,338.99541278448123,11447140,5543,52.89605166106146
2024-04-09,345.9545593261719,349.7677813172955,343.5236419438606,347.95650669002674,10010148,12785,45.2349258140547
2024-04-10,345.5732116699219,351.1500541457303,344.47691626520765,347.09850614684154,12886638,13043,52.4767616322356
2024-04-12,344.8583068847656,357.0129534992252,344.14332767215035,345.5732860973809,30924494,15153,66.78401401269267
2024-04-15,344.2862548828125,348.9097920993652,336.3261486161293,338.9000849489736,18126999,16490,65.05492872451738
2024-04-16,342.4750061035156,345.0489426298416,338.0421412793547,344.14329075398507,15328939,11231,47.62745801876738
2024-04-18,334.7532653808594,344.38165804008054,332.89433686221116,342.76102683580154,22966560,3645,68.38236319724089
2024-04-19,334.18121337890625,335.9448342773795,326.9837688788074,327.0791052421847,12867942,12787,66.96426348578572
2024-04-22,326.888427734375,338.42342931255706,325.9351222996917,338.42342931255706,37382916,14212,74.28043657143111
2024-04-23,330.94000244140625,332.36996070840866,327.93709589921633,329.84370692188617,14651106,16386,68.83964311741322
2024-04-24,335.2298583984375,336.65981658505893,331.0829738387206,333.4662374830896,11132307,17550,76.68757109120335
2024-04-25,342.4273376464844,343.7619594905899,332.7989465476369,334.61022112839254,19865014,14237,51.91304819497758
2024-04-26,339.37677001953125,344.52461408333477,338.42346448576853,343.8573176652465,10986589,8879,75.3224338190698
2024-04-29,346.0498962402344,346.66953899625423,340.28240960659383,342.9039997296259,13652173,9418,68.1276622864205
2024-04-30,346.24053955078125,348.3854767418769,342.5226251454907,347.9088240327445,14566548,3357,54.24315788013258
2024-05-02,351.8173828125,355.20163478991424,346.2405689167192,346.2405689167192,27892188,17634,77.08588239949515
2024-05-03,347.9088439941406,362.63739609584326,343.52363300000525,354.9156159463444,26844664,9557,63.927641696077345
2024-05-06,340.1393737792969,351.6267219362613,337.85144651205155,350.62573375569707,15319437,16031,74.27619064454541
2024-05-07,332.84661865234375,341.7123775014994,330.6540275791264,341.52170475923015,10028071,14673,52.418073927987884
2024-05-08,338.8524475097656,341.76001761253553,329.0810662530613,329.0810662530613,9595776,5354,71.19490965265634
2024-05-09,329.891357421875,341.28336981097533,328.74740827470174,339.8534115575774,9043486,15403,52.37762331102381
2024-05-10,338.9001159667969,339.71043148593594,331.3213253651082,331.41666173663793,11699095,14020,47.689595693402154
2024-05-13,334.5148620605469,339.37672546294056,330.3203240812048,338.90007275863866,10691781,17542,63.30363862956808
2024-05-14,339.1860656738281,340.5683702060254,333.9428857266395,334.18121208787534,10891985,5612,72.2596233660935
2024-05-15,344.4769592285156,346.5265603003602,339.99641159860573,340.80672711796086,8538183,9485,75.40944076479364
2024-05-16,344.57232666015625,346.8602543208368,336.56453620890636,346.8602543208368,13114162,4737,54.54578836667659
2024-05-17,348.3855285644531,349.3864877654954,343.52366438958296,345.5256118842444,8509179,4239,55.34914796605076
2024-05-21,354.629638671875,356.63158599902147,348.29016304639,349.8631112703713,10939593,7053,54.06534317908636
2024-05-22,356.39324951171875,359.7298185980534,353.2950067886937,357.48954496442826,14001806,16726,55.099290936235576
2024-05-23,354.9156188964844,358.06154443894985,352.246375187036,357.5372089689184,15370357,3416,64.1319038414539
2024-05-24,357.4419250488281,360.49248533142804,351.4837654040122,355.582967602615,13317821,17633,49.3901604056291
2024-05-27,352.3893737792969,362.7327443175096,350.8164255160146,362.2084379272739,21891930,9962,78.72619469382565
2024-05-28,348.33782958984375,355.82128370599327,347.09854405656506,355.2016409393539,10200096,5658,62.11517215361292
2024-05-29,347.5751647949219,349.2434492935744,343.18995400852066,344.61991215022283,18146672,6108,58.98820678790307
2024-05-30,342.90399169921875,347.76582635765067,340.4730452774284,347.0031936131131,14425073,15029,72.30966422752492
2024-05-31,342.2366638183594,349.5294448472274,338.90009467249797,346.47888479798434,30515612,16558,70.02476509859187
2024-06-03,373.5050964355469,374.83974745667666,356.0119631676685,367.02263044395676,39261174,7512,72.02719165051283
2024-06-04,315.7824401855469,373.600411717231,299.29026702194284,373.600411717231,84042244,16246,51.83576982602154
2024-06-05,325.0771789550781,326.26881084274333,300.57721570765057,324.1238734449459,46418629,13542,60.384119194784766
2024-06-06,333.4185791015625,342.95163354335125,328.8903782417128,331.5596218483843,33171039,10326,64.48157944258705
2024-06-07,343.761962890625,345.0965847479308,331.4643279819346,335.5635299206399,23930193,10166,64.54351115396595
2024-06-10,347.8612060546875,352.8184067893911,344.9059528894826,347.95654243277374,16072588,5649,78.26268762295886
2024-06-11,350.24444580078125,354.5820034165549,347.8611819764801,351.53141408441905,11235777,3032,71.80665957026407
2024-06-12,353.96234130859375,356.53627794684496,348.3378443466642,352.29405658558045,12134524,13970,49.426404289575046
2024-06-13,352.6753845214844,358.8241875960236,350.7687735044039,358.8241875960236,11243702,15824,74.83701946780691
2024-06-14,351.24542236328125,353.53334973988905,349.0051486245418,352.7230342481014,10298434,9038,61.11659466656915
2024-06-18,352.3893737792969,354.8679739085229,351.48375100592835,354.43897479463897,10228382,10384,47.66579196364475
2024-06-19,345.5732116699219,353.5809713080346,344.66755989196486,352.53232953686654,8337334,10257,45.62106515535095
2024-06-20,340.94970703125,347.8611719219554,340.3777179114352,345.57324453527144,14338604,16910,71.03130395588597
2024-06-21,342.9992980957031,346.0022336145044,340.09172803544317,343.14231719094073,17931844,16398,60.58129906880293
2024-06-24,345.8115539550781,347.6228285018691,338.9477430389954,340.90203667815894,9335598,10636,54.15606466877738
2024-06-25,344.00030517578125,347.67053727259895,341.0450522240874,347.24153814849427,14983828,6332,73.18501718539393
2024-06-26,348.0041809082031,349.76780200191007,342.8563367342674,346.04991615921074,15918394,3482,73.27204924874164
2024-06-27,359.53912353515625,363.3046914785538,347.0984997802576,348.00412244903106,55378829,11916,49.07907166210886
2024-06-28,360.6831359863281,371.3124863231485,359.11018775495035,360.30181961092967,25141039,14782,78.79497303747827
2024-07-01,352.4847412109375,364.1627346655257,350.62578367705356,363.92440826849327,23389211,3687,72.99331798933407
2024-07-02,353.1043395996094,355.20162326666025,348.0994858916041,355.20162326666025,13702830,8680,69.98816128354139
2024-07-03,355.2492980957031,356.7745927543169,351.4360759954566,353.2473506745585,9207317,17362,53.31271292835961
2024-07-04,355.5352783203125,363.0663855378561,354.39130014616035,356.4409010399906,14916930,17285,47.056069953689004
2024-07-05,362.0654296875,363.4477343469648,353.67635263665295,356.8699319897579,15946104,15105,53.689330975503474
2024-07-08,359.8251647949219,363.44771397919294,358.5858502163006,363.06639760599194,8898299,14997,72.1789109946983
2024-07-09,359.4438171386719,362.4944062908382,357.5372061917115,361.4934471807137,8355819,16970,45.87421993485085
2024-07-10,363.5906982421875,365.87862553784595,352.7230217683793,361.11209821665165,17715196,13093,67.76697841079636
2024-07-11,359.49151611328125,365.40199286040774,357.1082523218813,364.54402371401886,19873143,6471,73.79063874122919
2024-07-12,359.53912353515625,361.6840606716954,354.6296065744809,361.2550906999307,16151583,15923,59.93941676473432
2024-07-15,367.6422119140625,370.78813710594,359.30078988590213,360.92142065983035,22951140,16646,62.63017774200744
2024-07-16,362.68505859375,370.59748194092595,362.25605951781824,368.59553474086556,11893034,13392,66.69355306530986
2024-07-18,360.1111145019531,365.02063148869365,356.72689197225276,365.02063148869365,15709153,4328,49.91558557475877
2024-07-19,347.6228332519531,360.34946707428185,345.9545486821648,360.1111407071692,13330099,4828,63.9025100214666
2024-07-22,356.0596008300781,359.6344964207415,345.4302504256871,347.71817778519676,18715538,17580,59.06663418569664
2024-07-23,364.5916748046875,367.6422347373944,344.6675679636162,359.1101685601744,49882257,11024,60.88816382659998
2024-07-24,374.26776123046875,376.5556887104473,363.8767366516577,366.1646641316363,36868466,14481,65.86019977169161
2024-07-25,373.8387451171875,377.79495711426136,368.2142484990822,372.6947959754538,25973101,6206,78.48219495578542
2024-07-26,377.79498291015625,380.8455723482241,371.50318946957884,376.5080436744053,20381410,9695,51.39505931874533
2024-07-29,375.50701904296875,389.2346120008067,374.3153872047437,385.1354101143421,27751449,8480,66.44719707592638
2024-07-30,387.94769287109375,393.4291996092578,378.4622913132404,378.4622913132404,34447139,11223,72.56639461812716
2024-07-31,396.5751037597656,397.90972569428806,389.47296586549896,390.3786177635193,29727771,10792,56.65660531081132
2024-08-01,403.6771545410156,404.5351235214474,396.19370186503016,400.2929031562987,28803487,13252,52.00593256778295
2024-08-02,400.10235595703125,406.3941493913614,394.0488598205935,396.81344013152295,24233263,9128,52.50730821131283
2024-08-05,393.9534912109375,396.2414185537202,385.75505823110603,388.6149746827281,42489503,11951,70.4180935292051
2024-08-06,395.6217956542969,405.10719733171345,393.95351097382695,393.95351097382695,18230579,15543,69.21651344325022
2024-08-07,399.9935607910156,404.50947401123557,398.74449338399705,404.50947401123557,15556736,7441,70.1421422975748
2024-08-08,391.7304382324219,400.66614631340633,389.9048376091993,400.04161262124416,16447385,9601,73.45586023857712
2024-08-09,394.56488037109375,400.04162374868645,392.2108641855873,397.59148936514947,10954753,15160,50.08654996864695
2024-08-12,385.1487121582031,393.940300811881,384.428089656718,393.940300811881,26254763,6109,67.21960674428254
2024-08-13,380.680908203125,388.65578653162726,379.5279003213666,387.21454134053346,11355664,12896,56.14260414630742
2024-08-14,380.8249816894531,384.33200537405037,378.2307289242963,383.2750864948307,9424614,12295,64.18120292624792
2024-08-16,382.4584045410156,385.2448352520981,377.8944616261004,382.4584045410156,13844122,10138,76.96552981581185
2024-08-19,387.3105773925781,391.5382235120712,385.72521376304377,386.5418958021765,10677045,8294,45.86045084247289
2024-08-20,390.3372497558594,392.2108802835712,387.31064063757884,388.7038267664588,10126083,15832,58.55350319737751
2024-08-21,392.9315185546875,393.6521411983343,389.32840533645356,391.5383030480862,9726854,17193,46.28951571391837
2024-08-22,387.5508117675781,393.98835559622273,386.4938928338584,393.7481480804777,10445288,10176,72.57624977742901
2024-08-23,386.20562744140625,390.0008883206909,383.8996120002865,387.5507835672566,11513586,17308,71.76873096680725
2024-08-26,398.6003723144531,399.6572912874761,386.20566990553044,386.68608495488564,13772637,14210,67.3907758434766
2024-08-27,393.6040344238281,399.89748900943385,393.07558961137426,399.22489622794086,8441188,9794,66.55869463879768
2024-08-28,393.02752685546875,398.1679735741486,391.39413333623094,393.98835692168154,15884745,15065,76.10704388023797
2024-08-29,393.84423828125,396.43849118894053,387.9351392384066,393.0275268605173,19014705,9894,75.18690729829343
2024-08-30,399.8974609375,402.77995096062796,395.38154817238427,396.5345559105174,22633988,6235,46.66406062462005
2024-09-02,393.9403076171875,402.68386665069295,391.730410303339,401.43477003321783,11107165,6092,51.99626369749915
2024-09-03,390.4813537597656,395.4296229988296,389.7127013949004,394.420763104668,7538160,6988,49.63036233118104
2024-09-04,389.2322692871094,392.25887815923033,384.235941167711,384.3320300396623,11052003,8609,61.074648777904386
2024-09-05,387.4547424316406,392.40301164103147,386.1095861400889,389.47249153007215,14246871,15164,58.020365360981636
2024-09-06,379.335693359375,388.79987524995437,377.3179737049684,387.4547190396146,17956121,13499,61.42006020536332
2024-09-09,374.57958984375,377.3659910423845,370.2077956514635,375.8767162375538,12293356,3336,57.843936372592516
2024-09-10,380.7769775390625,383.7555568749417,374.4835517718446,374.81984818951327,15852309,8454,77.5207164464774
2024-09-11,374.3874206542969,383.6594247113386,372.32164192483253,383.3711874271179,11492592,11418,70.94243006372207
2024-09-12,388.9920654296875,390.3372216830461,375.3482665059757,375.68456289986716,24028069,16141,46.98720686255606
2024-09-13,385.6771545410156,391.34604565313725,383.70746477804096,388.99202975619244,12017217,11268,54.67510282942439
2024-09-16,394.99725341796875,395.8619946291736,386.25369378865963,386.6860790553656,11479712,5718,51.73797770777976
2024-09-17,399.9935607910156,401.2906872965858,394.03643173619383,395.7178844191384,14432501,17104,78.19552906675543
2024-09-18,397.92779541015625,403.3084500422854,396.8228466169479,402.1074123709266,10303840,12993,63.05002337508499
2024-09-19,407.34393310546875,414.9344850400012,404.07708730384036,407.3919628816425,59601773,9773,73.18318246824933
2024-09-20,407.34393310546875,413.01282483772934,400.2337668992966,411.28331306236,36084164,8987,61.757121161259505
2024-09-23,411.5715637207031,413.63734249357003,408.35277714231654,410.7548523019772,14139629,16106,72.44716038376876
2024-09-24,411.3313903808594,414.550177226684,410.27447135835155,414.550177226684,12539885,3082,60.53624709920159
2024-09-25,419.01800537109375,419.8827465819928,408.9773192674241,411.3313647014005,19443168,16323,78.60907651809313
2024-09-26,417.5767822265625,420.7955690408733,413.6854025893657,420.7955690408733,20041825,4413,52.625417886310835
2024-09-27,419.7866516113281,425.16730586639505,416.51983523860395,418.92191041299037,53885913,10844,65.3361522774025
2024-09-30,425.83990478515625,430.88426272411255,416.6159301180519,419.7866576650844,20903229,12439,53.190364868050395
2024-10-01,422.861328125,430.21167244300176,421.61223141570485,428.5302197868873,15984996,7518,66.48643677790888
2024-10-03,418.29736328125,425.1672921946432,415.0785767866347,415.0785767866347,13563784,12499,50.54319743071346
2024-10-04,413.5893249511719,422.1407069080299,409.60185661044045,415.94334108393554,18347292,17806,77.12013957485829
2024-10-07,399.1769104003906,416.0394683470029,393.02757378460683,413.733481777189,23431004,9097,72.86696598837173
2024-10-08,404.46142578125,410.94702869098626,395.1893922377137,397.7836451304908,18706355,14451,61.31373751378722
2024-10-09,402.0593566894531,408.112574434227,400.6661413515542,407.82433714055463,13916492,15852,77.39295486842686
2024-10-10,406.14288330078125,413.0608422281992,404.02904541278286,404.22122315613063,15866037,16273,48.24602913298266
2024-10-11,405.95074462890625,409.93818394839326,403.164343015422,407.3439600967532,8639087,8121,69.44220969354836
2024-10-14,407.8723449707031,409.3135900059353,403.5486098650066,407.96843383749297,8483177,4525,69.3702826645059
2024-10-15,409.89013671875,410.4666406575297,406.95958724754024,409.9381664960615,9365964,3737,51.400201664617285
2024-10-16,407.6321716308594,412.58044080212534,404.7496813187967,408.6410315111982,6219440,11882,47.860189729239025
2024-10-17,401.3867492675781,408.92927094710126,400.28180058586076,407.0556406399501,11968387,14836,71.67849967343268
2024-10-18,408.30474853515625,409.26557860176706,398.2160328357425,401.3387305522277,8828971,5816,71.12834438608523
2024-10-21,408.352783203125,411.9558959960937,402.6838916066289,409.36164305627346,9139781,12821,49.147946704389476
2024-10-22,399.465087890625,409.60183305229253,397.2551905343637,406.2869870179006,14242323,16283,57.00306056969498
2024-10-23,392.3069152832031,398.50428111257094,385.9654601265195,397.7836585427471,22522821,10365,68.53479294268504
2024-10-24,395.7658996582031,398.9846862546203,390.86566044060453,393.21970583914117,9400171,16817,77.23933132276797
2024-10-25,383.2751159667969,391.53826058217504,376.2610680582568,386.73411014558394,19642277,13161,74.34721305406944
2024-10-28,388.0793151855469,390.57747959103875,382.21824505171884,383.2751641450667,11716022,3041,53.8569831234745
2024-10-29,396.006103515625,398.07188228097175,388.60772964412655,392.9794946899117,20284308,6146,55.12089014034767
2024-10-30,392.49908447265625,398.55230219830895,389.9048315489726,397.9277685158538,12264297,9893,78.37929272414755
2024-10-31,394.57757568359375,396.9944419189493,390.08221038638476,395.3993161041669,12204072,7325,53.33787756914622
2024-11-01,397.6711730957031,401.63483959064007,396.70442660926784,398.29955241133376,2145479,17105,67.61148165292994
2024-11-04,387.6170349121094,400.52307754891115,380.6081225351178,400.08805930992804,13866505,9762,66.03713706753786
2024-11-05,389.69549560546875,390.66224204482603,383.94334249018897,386.6985757429092,6665326,10246,74.75504587881383
2024-11-06,395.3026428222656,397.1394552943553,389.7438503787435,393.1758181977058,9700643,3138,75.07789855130176
2024-11-07,390.3722229003906,397.2361289158033,388.63209101040394,397.2361289158033,7589295,9486,62.76035381157661
2024-11-08,384.4267578125,390.758965385453,382.396584166952,389.7438638112974,7536509,15320,71.56262966959538
2024-11-11,379.4963073730469,387.5686461359201,378.77124753511384,384.9100933968323,12243693,17061,60.440625934079364
2024-11-12,367.6536560058594,381.671479259083,366.4452229667883,380.07635354806126,10549517,11257,66.99188546748206
2024-11-13,368.6687927246094,374.71095849791567,366.7352996771514,371.2306651119387,20602407,6162,51.52804198355064
2024-11-14,360.11309814453125,372.3907914125779,359.0013454870539,367.41202296353623,15086601,15737,74.81918485981842
2024-11-18,354.5059814453125,367.3636991131677,350.5906401083689,367.3636991131677,16383636,6819,45.22137452292469
2024-11-19,354.5059814453125,365.9135792482473,352.91082599168874,355.7627401938045,17055094,13598,66.67086196959171
2024-11-21,344.3067626953125,352.2340958567601,343.0016490098256,351.6057165275293,21276150,5493,68.8486793885444
2024-11-22,353.29754638671875,354.89267232928063,343.8717673137683,345.17685158319637,15949254,5154,65.10920841405836
2024-11-25,356.1494140625,364.6568011878135,355.27934809017864,361.5632005053791,18388844,14457,56.26708516763705
2024-11-26,349.6239013671875,358.0829341021321,348.27046203014936,357.69624136337336,11222231,15359,62.055065762707386
2024-11-27,357.01947021484375,359.2430048637975,349.33385325084475,351.7023644713081,14225274,3441,76.49171335370362
2024-11-28,350.01055908203125,359.48469249879605,347.6420478549115,357.406193421034,16837860,5433,76.50976490941096
2024-11-29,351.5573425292969,353.2491488258794,348.2220849605476,351.17064984777295,14280017,3547,77.87145070714621
2024-12-02,346.28863525390625,351.7990730343275,345.1285275618364,351.5573863903766,12510350,5433,63.58741370882258
2024-12-03,355.23101806640625,357.6962098738917,346.288612819559,347.0619982289922,14205760,5930,72.8277531546903
2024-12-04,360.3547668457031,362.6749526029096,355.76272085638834,356.6811418553563,22035954,7967,64.07157519481545
2024-12-05,356.8744812011719,361.51488231902454,352.2824351122292,360.35477466387056,18758283,11346,55.57561633743215
2024-12-06,357.2128601074219,358.8563410889947,355.8110657700354,357.16453457969027,9736086,8083,78.1984618370331
2024-12-09,357.5511779785156,360.8864355064634,355.5210045469004,358.56624994294316,10878679,14094,73.70061048235053
2024-12-10,356.8744812011719,358.85632932016296,354.21592820231035,356.72947511996847,7913822,8719,75.57525737191024
2024-12-11,353.3458251953125,358.4212440250673,352.5724398414063,356.97112435942313,9998662,9428,77.49103810984056
2024-12-12,343.77508544921875,354.7959904228358,341.26153847210094,353.8292438549262,22538216,5187,59.72115868444746
2024-12-13,345.27349853515625,346.385251083718,336.47609968944107,343.9200593672219,14269143,16999,70.13362269313349
2024-12-16,341.1648254394531,346.9653042947663,340.00474737004714,345.27349796196665,12168143,12925,60.26248371189971
2024-12-17,337.4428405761719,342.0832412929004,335.70270874662407,340.29475443862253,15646176,13398,74.06532670574256
2024-12-18,330.3856506347656,339.3280566870599,328.6938440843316,337.92626231559433,14672392,17963,62.23357030625834
2024-12-19,326.1802978515625,329.27389878131925,323.9084374346566,325.79360511103414,14513129,16556,52.64538429246078
2024-12-20,322.16827392578125,332.46411833973616,319.99309428187127,326.56695873791665,20375797,14475,57.53628224652361
2024-12-23,322.5549621582031,327.00200193578314,319.5097165994865,324.73014177196666,8884187,7315,55.07679662717875
2024-12-24,324.15008544921875,325.64856020646164,320.71814721978757,323.95675385338063,7755462,5433,45.959723467406604
2024-12-26,323.5216979980469,326.1802507717542,321.2015123869999,324.15007729855284,9030212,15557,53.11630464764796
2024-12-27,323.8600769042969,328.69380939540576,323.08669150682414,325.45520272581047,9090597,12700,48.416129961558845
2024-12-30,320.3797607421875,325.60018555941105,316.5127750253168,323.8600537879231,36657549,8198,74.7918176925427
2024-12-31,322.2649841308594,323.4734173775607,315.3527518602808,319.12305768943594,8580998,8191,53.58189701982995
2025-01-01,322.5549621582031,323.52170865320915,317.8662357568717,321.92658283700155,7843971,5679,59.387192085502825
2025-01-02,326.76031494140625,327.3403687383043,319.0263429901304,322.5549617923477,16543382,13642,50.462750890166916
2025-01-03,328.5487976074219,333.04416284542174,325.84188975781973,326.8086362392288,8689629,7872,50.963014443025266
2025-01-06,316.6094970703125,330.3373099657643,315.594424987681,330.3373099657643,10538077,14399,75.04474334956356
2025-01-07,317.67291259765625,319.3647190088551,314.28929977525866,316.1261122640077,13891401,5294,54.3317930141488
2025-01-08,314.57928466796875,319.5096973967305,311.147346618064,319.5096973967305,8993608,10386,66.28815242023336
2025-01-09,309.6972351074219,315.11102119701246,309.1655068514849,313.2741793163801,12403467,17307,48.74488551270141
2025-01-10,297.9996032714844,310.3256209250494,297.37122395832546,309.6972416118905,15941143,3357,54.34980771981584
2025-01-13,288.2838134765625,299.64308466934125,286.9786998219463,291.08737238103646,29630336,15631,49.76238483199369
2025-01-14,300.078125,302.30165977985166,290.2173278331477,290.4590144720818,22732888,9676,53.595941311573306
2025-01-15,310.66400146484375,313.51588600969205,302.15661434988056,302.15661434988056,21894626,6953,68.8837097789878
2025-01-16,314.6759948730469,316.41612682239185,310.95401483958733,313.90260945172975,14865186,16054,66.05011271679618
2025-01-17,315.30438232421875,318.0596159005053,312.59750377723475,314.48264185371033,7129232,3498,71.63572209313382
2025-01-20,324.8751525878906,325.79357357265724,313.7575677330373,315.3527230752912,17991880,15884,52.093661951716875
2025-01-21,313.5158996582031,327.00202605954723,313.03252637504045,326.56697830359525,12774630,9792,69.08009268869242
2025-01-22,311.6790771484375,316.12611711234416,306.7970189452083,316.12611711234416,11068145,15949,54.7694892490276
2025-01-23,312.8875427246094,314.289337147395,308.9238756179287,310.3256700407143,6477347,9493,61.04475584963436
2025-01-24,312.8875427246094,318.92970919736473,311.38909724047244,313.9992954550431,7492600,8882,52.375951814387626
2025-01-27,311.4857482910156,314.24095233932104,304.52516137281737,312.88751307821667,13803855,8587,46.502191735406
2025-01-28,307.6670837402344,313.0808702187769,297.90293786866414,311.77575650031605,22008929,7637,67.6228629516192
2025-01-29,310.56732177734375,312.16244764623127,302.8816750871184,309.35888861867704,16056888,9618,57.074147707155944
2025-01-30,312.2591247558594,315.9327497165881,310.4706378002037,311.5340648686554,10375720,7708,73.48022333308154
2025-01-31,315.6691589355469,317.8613058725993,309.384992489505,314.159025160958,13195557,8571,52.431226162625805
2025-02-01,309.5311584472656,322.2943012327426,308.60557340577117,317.66643549106175,10097627,17068,59.51187474039149
2025-02-03,303.2469787597656,305.97497181609333,296.1833945155622,302.1265541020915,15881217,4907,69.74655187848566
2025-02-04,310.8951416015625,312.2104356494708,302.3213939161228,306.75441980108087,12141064,5912,65.14675090011454
2025-02-05,311.3822937011719,314.7435677661699,310.21313679767115,312.7462902666593,12226722,5208,63.99613620631263
2025-02-06,304.7571105957031,314.4025803942938,303.3931140758996,314.3051457001162,13384442,7517,69.36964858295829
2025-02-07,308.8004455566406,311.0412949899565,304.07514507380057,305.4391416737709,8937447,16624,53.15590120665209
2025-02-10,302.5162658691406,308.7029973818034,301.0548346330578,308.36199081347183,6806132,5047,45.23894046355566
2025-02-11,297.74224853515625,304.31868877557804,296.3295198496121,304.31868877557804,13241830,7090,69.71528996940673
2025-02-12,298.3755187988281,299.5933780592315,292.2862224968112,298.32681632156886,7616083,17292,48.30316351918415
2025-02-13,298.8139953613281,300.6651357094654,295.3065543300232,298.2781193836465,9086906,7314,49.5528426083733
2025-02-14,292.6272277832031,300.32409232941427,290.678652974902,298.96009591018185,7446248,4419,56.999658598313246
2025-02-17,294.5758056640625,295.40395591280685,285.2713430176396,289.8505057580668,6464173,10545,49.128350660098235
2025-02-18,303.1982727050781,304.36739982991213,289.8505224664086,293.40666578706475,15793327,12728,59.437971382129376
2025-02-19,306.7056884765625,308.2158519185008,302.61369887807547,303.19827731582916,13079903,12651,76.76362638748421
2025-02-20,316.7895812988281,318.7381563395503,303.4905625924784,304.5135525956993,22888146,17016,68.74368268988563
2025-02-21,317.8612976074219,321.27130386527926,313.28213445371256,314.98713758264125,10809296,10576,61.78403217126017
2025-02-24,311.86944580078125,317.0331578414788,311.2361648498121,313.81802087016086,6034113,9529,73.5844369395274
2025-02-25,310.5054016113281,313.23339439721417,307.6312419313231,311.86939800427115,10686112,3705,48.15850640669634
2025-02-27,307.58258056640625,311.08999183623087,306.4134236545345,307.24157398936904,7302366,16007,60.514520715950546
2025-02-28,303.44183349609375,307.5338228829829,298.66780127871704,305.92625456195884,21127180,10577,68.2681142080366
2025-03-03,306.31597900390625,309.62855050272066,299.7882707012502,303.2956818571158,9779703,11593,68.68593360958229
2025-03-04,305.6827087402344,306.80313343923706,300.0805555123257,303.29569242822816,8734999,8789,60.639560487516825
2025-03-05,317.8125915527344,318.8842840068403,305.4391285201632,305.48783100157,10493615,16919,73.27708221796264
2025-03-06,329.21173095703125,330.08858373555825,314.889722953373,320.54057839978606,26294903,5560,74.105893653258
2025-03-07,321.076416015625,330.0398724142012,320.2482954726346,327.2144447666804,8992315,5079,49.404998597172806
2025-03-10,320.9302673339844,326.3375803064068,317.90997041239154,320.9789995442844,11383132,7052,54.602002665828124
2025-03-11,321.80712890625,324.6812887417573,315.3768556012048,318.59199225372737,10299324,5071,57.68919141867707
2025-03-12,321.6610107421875,326.1914416503799,318.0074326335009,322.48916106006874,6984859,7180,73.05049920072334
2025-03-13,323.3659973144531,325.9478530992446,320.0047234661789,323.46343200561176,8965150,13548,46.79020892246729
2025-03-17,323.1224365234375,325.8991617856791,322.00201186895947,324.38902808610794,4353561,15675,48.252582584463866
2025-03-18,323.1224365234375,323.1224365234375,323.1224365234375,323.1224365234375,0,5447,61.33124619122675
2025-03-19,332.5243225097656,335.057476037498,327.7016170699998,330.28347308113456,30582397,12462,75.30307720632169
2025-03-20,332.9627685546875,335.83692870603574,331.5500397210629,335.83692870603574,15002119,7106,56.602008951549315
2025-03-21,342.2671813964844,344.75163232158565,332.96274781308057,333.20631968419474,36406837,8392,48.66815171515921
2025-03-24,357.5148010253906,358.53779098150085,344.5567597615945,347.82062875107556,24588471,13690,68.02207030617127
2025-03-25,357.5148010253906,361.89909466511006,354.78677825427314,359.51207845699406,23189083,7499,52.886970405664705
2025-03-26,345.5310363769531,359.51206715743194,344.21574237979854,357.5147897886035,18668095,16335,78.75967903169442
2025-03-27,351.37677001953125,355.0790802443258,341.97490188300185,344.8003295987043,37930538,7013,61.96061252160203
2025-03-28,348.4051818847656,354.9328896568477,347.2847573158828,352.6920405190821,11327077,6696,75.06231964874527
2025-04-01,343.0953369140625,353.5689275309925,341.82877505819636,343.2902063070703,18736320,4343,51.06618777964352
2025-04-02,342.7055969238281,344.3618974161904,338.12643419757393,343.09530594176863,13593404,4098,54.67542170114693
2025-04-03,349.6717834472656,352.058799753951,342.7056336564081,342.7056336564081,10317410,17315,68.50546415638746
2025-04-04,341.39031982421875,349.6230607492348,339.5878820777657,349.6230607492348,10872963,4730,59.602333923745746
2025-04-07,340.8057556152344,342.3646215618517,315.66915000777334,319.5663000078693,18025165,15627,48.20173281373099
2025-04-08,343.8747863769531,349.03849825419917,341.00062634743813,347.6745016953884,17506712,11660,51.06273616032357
2025-04-09,340.36737060546875,345.6772200546697,339.2469458397032,344.89780188706686,7462119,5608,59.51538208326507
2025-04-11,350.8409423828125,352.204938966116,341.97491999199644,341.97491999199644,11246077,16653,65.71045300098181
2025-04-15,353.17919921875,358.9762214163254,352.25361425177806,357.5634927262931,17497327,8679,71.19693369454154
2025-04-16,350.0614929199219,353.66636862551644,348.6974963428764,353.1792248670791,11541484,14592,62.90630870481431
2025-04-17,354.640625,356.05335366856923,348.0641848385989,350.0127597012363,12288196,12025,62.19251571964671
2025-04-21,355.1764831542969,358.732656184675,352.497192627948,356.3943424844555,7375594,5831,58.30040493219377
2025-04-22,350.987060546875,357.6122034398902,350.4512143323274,357.6122034398902,12077119,14851,52.02613669329805
2025-04-23,354.44580078125,354.8842420743632,348.6975101506468,353.6176801454308,9719205,3527,70.7213054230821
2025-04-24,353.8612060546875,357.0276401984787,352.3023402219348,354.39705224740277,7491123,7207,59.44596313431201
2025-04-25,347.2847595214844,356.3943230274272,342.0723159263955,353.861199545306,9785640,4100,47.84190618380554
2025-04-28,352.20489501953125,353.56889143264124,344.60546519442426,344.60546519442426,5315840,16963,49.69604166158136
2025-04-29,347.7719421386719,354.98166383970954,344.99521676024034,354.64065726114853,9472828,5001,72.60014265285173
2025-04-30,345.4336242675781,351.7177905909625,342.9492030139025,347.8206405567136,16739088,10451,75.16284980026767
2025-05-02,339.7340393066406,348.7949005277519,338.66231718525614,345.4335969954307,8221620,4954,67.99412746260359
2025-05-05,339.6366271972656,342.94919873850176,336.66503249345936,341.97491124208557,9492646,4689,66.43316543006462
2025-05-06,333.0114440917969,340.5134694755459,331.25773854559543,340.02632574239055,8904223,4464,70.32489385206945
2025-05-07,333.2550048828125,334.8626029351123,328.33486523462,329.3091526685506,8465490,9945,60.149331431703665
2025-05-08,331.2577209472656,334.2780178789515,329.6988551374059,332.28071083938704,14286109,9055,70.7321157804841
2025-05-09,326.1427307128906,330.0398805944487,322.09944365735294,325.606884497334,11322011,14309,63.795738531672065
2025-05-12,339.5878601074219,340.22117070136795,329.4065746552159,331.6474237736826,7978210,15649,56.16782541973133
2025-05-13,332.7191467285156,340.80572024633017,331.74485932960346,339.6365932073706,14738980,13198,72.06481973566417
2025-05-14,329.8450012207031,335.0087424971646,329.06558316114706,333.64474602649494,22485535,4839,57.731995002847384
2025-05-15,333.1576232910156,334.9113289019259,324.09673168025927,330.7706070173203,43307763,9408,65.32873479838457
2025-05-16,334.2780456542969,338.6623393840688,333.20632346266257,334.18061095816745,6920351,12203,55.103963022643
2025-05-19,336.27532958984375,338.759780590867,333.59603892571175,334.27805207883074,6218209,10186,67.93990250627724
2025-05-20,333.7908935546875,340.708340546268,332.76787387026775,337.980317787376,9986143,3879,56.97125971471774
2025-05-21,337.2496032714844,338.4674626143201,331.11160407675004,333.74216241753874,5930972,14309,58.539712220815744
2025-05-22,332.62176513671875,338.0777813881208,329.5527652868353,337.24963102027374,8717514,4695,49.79253619168429
2025-05-23,335.7394714355469,336.08047800000486,331.4038802579263,333.2063180418661,4045937,11114,60.36421266060294
2025-05-26,334.667724609375,342.16974954326605,333.742139678725,341.9748801685317,16655082,4952,74.74791952687067
2025-05-27,329.8450012207031,335.6420233871655,328.1399981991428,335.15487966671975,24937330,7553,50.52749096696941
2025-05-28,331.3064270019531,331.93973761456283,328.4322969377317,329.8937280753369,10985957,13501,53.015777246991505
2025-05-29,330.62445068359375,333.44987832987596,329.35785916429944,332.23201902260837,15884093,3165,63.18930665480006
2025-05-30,325.3145751953125,331.9884502069465,324.2915852609797,328.8220159790005,19143010,8302,75.1762051762797
2025-06-02,323.9992980957031,326.19144498331383,321.8071512080924,325.31459217484854,29479727,3255,56.17160298848061
2025-06-03,319.8098449707031,326.14271318794476,318.59198569815663,324.43771020637973,14081719,3474,67.18816793898186
2025-06-04,320.7841491699219,321.466162291383,316.4972902528783,320.5405773026706,15654279,7477,47.26534635111915
2025-06-05,320.1995544433594,323.0737142237834,319.17656454613314,320.73543036377174,16270360,13628,78.1426639167376
2025-06-06,324.2915954589844,324.9248763779097,320.5892851747618,321.1738636125753,11402511,12424,65.5514830474255
2025-06-09,328.43231201171875,328.8707235333864,324.19415557156725,325.3145802152433,19416373,12796,51.338069110596685
2025-06-10,330.47833251953125,332.13460343293355,328.1400187287834,330.0885937324766,12061248,9292,66.03120738677504
2025-06-11,329.4066162109375,333.7909100476415,328.7733352699927,332.23204407023434,10807496,9175,75.05185099280446
2025-06-12,325.1197509765625,332.8653187697685,324.0967312607765,329.4553125162716,11881618,9515,65.53550686079438
2025-06-13,323.41473388671875,324.34028913297107,318.2022900348364,318.39712968688724,11711773,13470,58.6304242942809
2025-06-16,325.1197509765625,326.0453062627747,322.09945377688626,323.46345033170604,8065112,13122,51.02363103032835
2025-06-17,326.5811767578125,328.23744764203144,324.53516709340613,325.412019883039,6796992,10330,61.344597833159085
2025-06-18,323.8531494140625,327.26315556256503,322.2455810334901,326.58117217260093,17835507,12583,48.771695295761226
2025-06-19,321.5635681152344,324.58386522383717,320.1021369078034,323.85314962012166,11610604,16438,59.52718398487392
2025-06-20,326.5811767578125,327.36059485239855,321.22259559207384,321.51486994431997,16592862,3945,60.31303092605617
2025-06-23,324.0480041503906,327.0683011205164,321.8558574397515,325.119726266615,8277787,17697,51.48081291187741
2025-06-24,321.4661560058594,323.17115904328085,313.0872779896664,322.4891459351549,100814893,16093,51.833720391164526
2025-06-25,322.343017578125,325.1197428330004,320.9302888439042,322.97629849133307,17963666,9572,75.97531157514418
2025-06-26,328.48101806640625,329.1142989820799,322.78143035955463,323.8531525345608,13754087,9689,55.79035731686275
2025-06-27,329.6014404296875,332.52430285052264,325.85045744259764,330.23475107385036,50845169,11125,58.44382156922151
2025-06-30,326.28887939453125,328.57846097727514,325.0710200135925,327.11702972014865,11858890,11613,70.53400309074317
2025-07-01,324.0480041503906,326.62985988523155,323.60956291510576,326.62985988523155,8903292,3889,78.52544432316886
2025-07-02,325.1684265136719,327.0195666655982,322.78141044086397,324.09670440480113,11326880,15477,46.699289211954216
2025-07-03,325.99658203125,327.7015850442451,322.4891413150814,325.99658203125,15786429,8211,57.66640919496755
2025-07-04,326.8734436035156,327.3605873346684,323.7070093510226,327.06831298913426,5899185,14821,50.7008884669445
2025-07-07,328.7732849121094,330.2834184425102,325.1684097498165,326.87341264738103,9454556,17488,50.724509536163055
2025-07-08,334.37548828125,335.0574717045421,328.3348937726892,329.50405068818344,12092302,13166,61.33935158900464
2025-07-09,335.1548767089844,336.71374254723264,333.98571989707494,334.4241611347642,9079872,4633,66.06784814617546
2025-07-10,332.67047119140625,336.1291798444743,332.4268993219537,335.1548923666643,6426072,3927,65.60767064332461
2025-07-11,333.8883056640625,335.1548673976993,330.7705740741829,331.74486147940877,17234194,16091,72.45852794817057
2025-07-14,333.30377197265625,336.129199880142,331.20905971708385,334.2293272920089,11516965,14915,74.12366342970998
2025-07-15,333.206298828125,335.252308363999,332.18330892663425,334.32672341854163,8450777,11206,57.65973551429643
2025-07-16,333.644775390625,334.96003976527084,332.0371771853544,333.20633411047925,6001484,11142,69.84137407661532
2025-07-17,333.839599609375,335.6420373968367,333.20631869294095,335.34976304552697,7562006,17098,57.53618891936742
2025-07-18,333.30377197265625,335.0574776440899,331.8910431524654,334.18062480837307,6370338,6039,71.69278364575175
2025-07-21,332.76788330078125,333.98574267420366,330.5757364286209,333.303759264824,4463318,3888,52.363700741474105
2025-07-22,332.0859069824219,333.79091014162015,331.3064591270511,332.7678904063639,4728372,16767,55.71657984369254
2025-07-23,334.2292785644531,335.15486348176,332.18329882369756,333.01141932215023,5058422,16327,59.16237793298278
2025-07-24,330.1860046386719,334.76516746057104,327.8477207492971,334.76516746057104,9098453,16429,69.10441607497087
2025-07-25,324.6325988769531,331.16030712602645,323.99928823127567,330.1860196500847,7790739,4537,48.273046878364234
2025-07-28,324.3890075683594,327.9451506958595,321.8558543361358,324.87615127713724,4605823,14131,71.7914583378078
2025-07-29,325.99658203125,326.8734347770689,320.05342272508835,323.46342875107865,7551356,15613,75.85764072653885
2025-07-30,330.08856201171875,333.49856794048816,323.95056323309075,326.3862817536403,12537358,3145,51.39616362917165
2025-07-31,325.6556091308594,331.35519716693904,324.43774971002597,327.40931480370114,8935384,3974,74.90708244966099
2025-08-01,322.3917236328125,326.14273640586663,321.7097402313719,324.43773330292333,7107542,5077,69.60148997754939
2025-08-04,323.46343994140625,324.7300017588626,318.7868719799893,322.39171777815415,8193399,7875,59.461320185619144
2025-08-05,325.0223083496094,325.7530239575299,322.78142931225005,323.90188369737683,9855535,12977,73.01460567573547
2025-08-06,323.56085205078125,326.77598858323086,323.0737083499318,325.02228315332957,13872826,6004,62.16864283191036
2025-08-07,321.2712707519531,323.9018586300387,320.1995486633667,323.5608520928214,8731389,5241,64.13123681580691
2025-08-08,326.1427307128906,328.8220212564618,321.1738586673253,321.51486522854043,11247218,16532,50.32968923187024
2025-08-11,327.5067443847656,330.3809044661656,325.3633296773396,326.3863196816912,11993280,17633,59.73996874105013
2025-08-12,331.3551940917969,333.0601972651404,327.1170374000495,327.604181163862,7221182,5721,59.89788690696378
2025-08-13,331.2090759277344,334.18064116446345,330.42962802114,331.55005279566586,5417151,16699,47.063039657305346
2025-08-14,330.62445068359375,331.6961728205679,327.65285613412476,331.20902909766085,5689423,9960,70.25956055485977
2025-08-18,327.4093017578125,333.01145487042396,326.8247530454211,332.6704780324939,6511340,4470,62.7667062451802
2025-08-19,326.4350280761719,331.8910442416087,325.55817523757753,330.1860410482157,10316115,9449,61.407205284202234
2025-08-20,333.206298828125,334.57029527441017,327.84771799901773,329.11427975637696,10824544,16014,63.54925846656475
2025-08-21,330.08856201171875,335.49587496707403,328.23742188267954,333.5473001506344,11135121,7715,77.13252702497786
2025-08-22,328.3348693847656,330.1860095860536,326.87343821539724,329.79630055413406,8534844,15409,60.92437093243752
2025-08-25,329.16302490234375,332.6217334984358,328.38357709319916,328.38357709319916,7142387,11332,45.83124703472535
2025-08-26,324.6325988769531,328.72458843617204,323.21987014367994,327.50672909124484,13113388,15286,53.10373378178099
2025-08-28,322.2942810058594,324.34029062561814,320.24830111899445,322.73272225755545,10486948,8749,45.99499612536211
2025-08-29,319.1278381347656,322.976285404538,318.59199193750806,322.4891416859791,11813425,12214,51.012811970263854
2025-09-01,322.1968994140625,323.07375224815706,319.56631117888287,319.56631117888287,6897558,12628,77.17254355348419
2025-09-02,327.6528625488281,329.55273499851813,322.5865855711445,322.5865855711445,9224639,14709,54.8443035944341
2025-09-03,325.6556091308594,329.3091873933597,324.9248934783593,327.8477560883596,10778333,7547,64.27871709293079
2025-09-04,324.81903076171875,329.59216919528404,324.08091749984493,328.2143637799006,7934237,3798,49.78626978238536
2025-09-05,323.490478515625,326.5413228978578,320.7840629911934,324.8190584732195,5678244,3330,60.49029199624338
2025-09-08,321.5221862792969,325.70482858302927,321.1777273769136,323.5396840828277,5239184,9027,46.033462508883765
2025-09-09,318.9633483886719,322.94914796612073,318.52046842055296,322.40787692411345,9735495,6782,46.43141872567964
2025-09-10,320.4888000488281,322.85075668455676,319.9967244983052,320.3411833904529,6509477,9186,49.63360057158561
2025-09-11,325.8031921386719,328.21437421770185,320.8332413642303,321.27612134900113,10309925,10862,67.78593945588578
2025-09-12,326.44293212890625,328.2143920966744,323.1952154761205,326.7381654455649,5257048,3471,57.29499300532101
2025-09-15,325.8524475097656,328.5096375596649,325.40956748449446,325.754026389271,6566824,15206,78.84986371543377
2025-09-16,329.73980712890625,330.47792043843276,325.9508495004629,325.9508495004629,8784889,10598,76.22256758866409
2025-09-17,331.06842041015625,332.1017970741923,329.2477348882994,330.1826904366309,7936518,12248,63.19871710218371
2025-09-18,331.6097106933594,332.24940287367366,328.804874173928,331.65890623265017,6497322,14887,57.34160691847701
2025-09-19,333.28277587890625,334.1193103504831,331.1176614021352,331.6097369696617,10646331,7841,58.297075125250004
2025-09-22,333.8240661621094,334.95583392381485,331.5113050632019,333.77484058661287,6966213,6471,52.93012157302274
2025-09-23,337.5638427734375,338.6464150398427,332.7415081691703,334.0701182218535,10738268,6304,76.66699984034989
2025-09-24,342.0909118652344,344.84652279874786,336.82569772743255,337.85904431902344,14653575,10513,67.82605425913891
2025-09-25,335.10345458984375,345.24019905873377,334.6113790324431,343.7639723865318,13228081,8182,51.37688190943996
2025-09-26,332.5446472167969,335.34948382934107,331.1176461570167,335.10344605690574,6337702,7729,50.450427714801585
2025-09-29,335.54632568359375,338.301936718208,332.64306795855805,333.72564016283786,16922231,4714,56.80532326959892
2025-09-30,335.05426025390625,337.61302913447474,333.77484577971336,335.6939524740484,8308029,9046,65.58158737282906
2025-10-01,334.857421875,337.6130330245518,332.69227737613147,334.9066174179206,6022078,11535,45.148457728636934
2025-10-03,336.57965087890625,338.0558774178488,333.3811600445307,334.85738658347327,8506827,16705,50.353797882604695
2025-10-06,333.7256164550781,336.3828061852815,330.33028342692836,335.2018429831596,8436245,17906,49.390956306577316
2025-10-07,332.64306640625,335.98917408521186,331.511298666383,333.7256386054779,16130172,5356,73.99544083529145
2025-10-08,328.5096435546875,333.873279363479,327.03341682205604,333.873279363479,13223442,10229,76.41242159775793
2025-10-09,330.5271301269531,331.0684011810283,325.9508338346163,328.5096024908693,6824759,13983,56.502199460360444
2025-10-10,334.3161315917969,336.5304715065776,330.62556506716226,330.67476060726113,8970962,4438,50.15397618898691
2025-10-13,336.2844543457031,336.6781087923391,330.87162311120863,332.59388759491145,6663149,4326,47.73204332621376
2025-10-14,331.314453125,337.5638184529958,329.88745208774424,336.5796673787888,7545848,17465,70.56912062213765
2025-10-15,333.8732604980469,336.3336382467429,331.4128827493509,331.6097249828098,8121744,7707,73.88497471816521
2025-10-16,336.08758544921875,337.1701576170371,334.26689998978424,334.8082010906468,6788416,17514,49.07621647930789
2025-10-17,335.59552001953125,338.7448155054184,334.75898559041366,336.0875955620819,7032129,14008,45.94370260635886
2025-10-20,336.5304870605469,338.9908648573518,334.9066136875287,335.9891859249046,6896835,12549,52.230364452470496
2025-10-21,336.57965087890625,338.0558774178488,335.6446953906803,337.5146063671322,346988,13957,49.92102671886005
2025-10-23,337.2193603515625,339.7289636169493,335.64471262240147,338.3511280827413,8710859,7714,69.20382453163253
2025-10-24,334.21771240234375,337.8098578335593,332.790681324371,337.0225489839997,7584711,4450,63.687667884427924
2025-10-27,336.3336486816406,337.4654164743728,335.0542642261885,335.3003020086915,6752390,15583,51.17522743951814
2025-10-28,333.77484130859375,337.46540795294777,331.9541557572641,336.9733324003672,13186584,14691,70.61831413131029
2025-10-29,341.99249267578125,344.45287032093074,333.77482533420056,333.8732464467879,15423201,9261,56.17824712479833
2025-10-30,339.67974853515625,343.46873630345164,338.00670967379386,343.46873630345164,6721032,11677,72.73146746584686
2025-10-31,331.6097106933594,339.5321146892116,330.2811007595333,339.5321146892116,18651312,12586,71.47131933922982
2025-11-03,329.887451171875,332.1509866227039,328.11596122287625,331.51129443302676,10242245,12993,71.98429014131231
2025-11-04,325.3603515625,330.6747613633437,324.4746216013439,330.0842647112706,11887651,16565,76.11148661403394
2025-11-06,321.4729309082031,327.67310047474126,319.45543329165474,326.78734051244567,11587302,8076,60.20883095836589
2025-11-07,323.6564636230469,324.6489703926429,318.4458030826677,321.96918999917244,8578167,11745,58.59989426446151
2025-11-10,323.0113525390625,325.79035948383523,321.5722055529706,323.6564759060022,5246998,10220,48.877014301233174
2025-11-11,324.20233154296875,324.9963551352011,320.43081791879985,323.50759497478134,6103758,10416,69.40397900262343
2025-11-12,324.6986083984375,325.7903719861034,323.1105913880966,325.045991852091,6850550,3428,76.5872310009754
2025-11-13,324.5001220703125,327.4776425776202,323.11058826911164,324.6986052641234,7276001,5828,64.65051330926481
2025-11-14,325.9888610839844,327.4279777287404,323.75572084900506,324.5497141503254,9169855,4137,74.979828826483
2025-11-17,327.72576904296875,328.96640258675814,326.0881085340428,326.53474872536896,6283156,16212,56.58031932780228
2025-11-18,325.9888610839844,327.2791077708557,324.6985841082101,326.58434091552317,6776200,17668,60.995582467309426
2025-11-19,324.1527404785156,326.4851376137269,322.6143367009101,326.4851376137269,6935056,12336,47.918230710154944
2025-11-20,324.1527404785156,327.52725768169756,323.7557437997128,325.5422439987782,5155775,3192,47.762322806443144
2025-11-21,324.20233154296875,325.93921839679183,322.5647014242876,324.4008450132526,6142545,15560,64.230217751786
2025-11-24,321.0263366699219,324.64898043320596,319.6368029183904,324.25198377087,13719726,11426,52.863621611794414
2025-11-25,321.27447509765625,323.16023202926664,320.08345477826816,321.02634838852583,8074651,4677,62.82209469299289
2025-11-26,323.6564636230469,325.3437069580184,321.5721933491146,321.8699332644323,7101095,8038,63.824897274275216
2025-11-27,324.8970947265625,326.2865981361298,322.5646977771625,324.6985812585232,6755179,14602,56.186607407412296
2025-11-28,324.00384521484375,325.6910885402578,321.8203182185401,325.5422185834422,8930988,10305,68.82971144323801
2025-12-01,324.64898681640625,325.79036360140253,323.0113566215068,324.64898681640625,6936186,10291,69.59091051600112
2025-12-02,326.13775634765625,327.4776466503896,324.3016126208665,324.99637953010756,5806943,11175,65.60755493071586
2025-12-03,320.53009033203125,326.5347444905355,318.8924298443442,326.5347444905355,8546132,7117,49.36390387788547
2025-12-04,320.53009033203125,321.86995031082324,318.69394665325495,320.48044681758057,5965357,9000,67.9694251277066
2025-12-05,320.87744140625,321.72107825739164,318.54507462043483,319.8353213653072,6574010,8909,66.66728942991303
2025-12-08,317.1059265136719,320.7782138345562,315.4682963312413,320.7782138345562,7906928,11299,70.85086126112235
2025-12-09,317.45330810546875,318.99168153992724,313.1855106643288,315.0712978277346,7152584,6965,51.41737284477822
2025-12-10,319.190185546875,321.2744558363941,317.1059152573559,317.45329868709297,5484712,11297,65.21775510660724
2025-12-11,320.1827087402344,321.0263456017354,316.7585480683971,319.2398151381619,6317942,16601,46.04568622729162
2025-12-12,322.61431884765625,323.5075991866605,320.48043531438657,320.48043531438657,4261023,5334,78.15286086539446
2025-12-15,321.5225830078125,322.8624429276532,319.1405425083109,320.6293026760478,10219819,16608,64.92105792885314
2025-12-16,318.5946960449219,321.3737030848919,316.6592955889,319.63681611268436,5241263,9052,51.117825259274056
2025-12-17,318.8428039550781,319.984180697448,317.1555303088596,317.6021704766537,5043027,13135,54.23215754710011
2025-12-18,316.1134033203125,319.7360469395152,314.62464317908655,319.5871769831731,5554193,6576,64.82909063040823
2025-12-19,317.5029296875,318.1976965858744,315.12091934706694,316.56006636988315,10833662,16871,73.1218123572187
2025-12-22,318.29693603515625,321.224812858892,317.1059157851905,317.55255595115347,8925871,10876,52.37941612666362
2025-12-23,320.82781982421875,322.3165800090179,317.8502994546204,318.6442927709519,6024641,17797,60.110181068570874
2025-12-24,320.133056640625,324.202340583696,319.8353167157995,321.4729468801477,5678004,17936,65.83667080321307
2025-12-26,321.67144775390625,323.3090778540973,319.88491740823196,320.1330440988337,4174183,14058,64.68978031289966
2025-12-29,323.06097412109375,323.35871405541303,320.6293202648354,321.6714706127625,14043845,16223,46.564950363990114
2025-12-30,322.4654541015625,323.11057746546095,320.9270806731198,322.5647108396016,8035909,3377,69.51109406057394
2025-12-31,327.0805969238281,328.1723604385753,322.2669632765072,322.316576499899,8497983,6860,65.48389605432742
2026-01-01,333.780029296875,334.37553944281365,327.1302518191223,327.32873500849905,10357315,13844,60.761533307108934
2026-01-02,349.4616394042969,350.35488943856933,333.43266114357067,334.276267666054,23128940,10860,60.12820872345865
2026-01-05,347.972900390625,352.14141090010577,345.78937325072695,347.7247736833141,18248271,16116,69.10927233759914
2026-01-06,348.17138671875,351.4466774580942,343.5562359789838,347.278136622167,8641743,8747,62.53975483171541
2026-01-07,346.2359924316406,348.7172593541995,343.7050819972889,346.93072899661536,7165806,9532,47.577363237769255
2026-01-08,341.8193359375,347.1788666008996,339.6358391503614,344.15173297579446,8805975,10864,51.81137226156698
2026-01-09,333.4822998046875,341.8193512420237,331.8942827954556,341.8193512420237,10161744,17620,72.32979824594818
2026-01-12,334.9214172363281,338.09742068511275,331.1995168978991,334.22665039092703,9406174,7679,51.32882133093041
2026-01-13,335.3680419921875,336.7079322312866,332.5393915516236,334.9214321050904,5583379,8692,58.93093246862138
2026-01-14,346.484130859375,347.87363432529014,334.9214326664008,336.36054935688634,20389924,4015,54.249255819569335
2026-01-15,346.484130859375,346.484130859375,346.484130859375,346.484130859375,0,3746,67.20015043807769
2026-01-16,343.7547302246094,351.3970142775835,342.81183666554153,350.0075108396703,14275582,5736,72.18131197214036
2026-01-19,340.7772216796875,345.3427590957348,339.4869446442261,340.9260916444588,9974363,3965,73.91324840576078
2026-01-20,336.211669921875,345.6900975044803,335.16954992402526,340.4298237142528,7718407,5323,46.469613676613676
2026-01-21,336.1620788574219,339.04034263593076,334.2762916301079,336.2613053103078,6948955,9053,47.75941964981127
2026-01-22,339.88397216796875,340.6283522819688,334.5740546303211,336.1620715979687,5885972,15346,54.27575132850253
2026-01-23,334.17706298828125,342.8614977822708,333.581552830341,341.37273753187264,10084314,5449,45.5002455424623
2026-01-27,342.1170959472656,343.9035960188152,334.5243949209227,337.94855539511275,12203590,5475,74.8460827462501
2026-01-28,345.4419860839844,350.6030336560542,342.1171124729344,342.1171124729344,13566973,17776,78.89833722822422
2026-01-29,355.46630859375,357.798705659296,344.69760362777674,347.37738413523886,20624409,5506,61.029145301681694
2026-01-30,353.3324279785156,356.6573318838472,348.4691506174911,356.30994843900874,22641103,7714,56.917654549093
2026-02-02,347.7247619628906,350.10677221500646,335.2191702781529,342.3652313234041,12622760,9308,77.80141401338437
2026-02-03,355.8633117675781,363.20788654042616,351.1489043252551,363.20788654042616,11559806,10584,75.64319007598773
2026-02-04,364.49810791015625,365.78835458365774,354.92042372604976,356.7565672913423,15515053,8850,78.6989932515852
2026-02-05,364.25,367.92228731992134,362.2649863760218,366.97939373297004,18789794,14962,51.70596642038729
2026-02-06,365.04998779296875,365.95001220703125,361.0,361.79998779296875,7328789,14109,67.85357771191417
2026-02-09,361.8999938964844,368.6000061035156,361.0,366.54998779296875,7983235,17795,62.189826865770414
2026-02-10,366.8999938964844,368.1499938964844,361.25,361.8999938964844,8319282,8209,45.213050110485604
2026-02-11,368.45001220703125,369.0,366.0,369.0,5782448,13057,58.63859432758393
2026-02-12,368.25,372.0,366.8500061035156,370.0,6763353,8825,76.58282365781206
2026-02-13,363.0,368.0,362.3999938964844,367.54998779296875,7111972,15976,48.2528322356352
2026-02-16,369.1000061035156,369.6499938964844,362.5,362.6000061035156,6292850,17950,72.96827139365894
2026-02-17,368.3999938964844,369.5,366.04998779296875,368.75,4442793,10012,67.38877424364686
2026-02-18,368.3999938964844,370.70001220703125,367.3999938964844,368.45001220703125,4871319,6372,49.920963517368406
2026-02-19,363.20001220703125,370.8999938964844,362.20001220703125,367.0,5375352,4745,49.33273035052135
2026-02-20,372.95001220703125,373.6499938964844,362.70001220703125,362.79998779296875,16736731,12513,59.94026656007212
2026-02-23,375.45001220703125,376.5,372.1499938964844,374.0,16135451,3565,57.06537708870604
2026-02-24,382.75,385.0,373.54998779296875,374.95001220703125,20774629,14279,65.9439983042514
2026-02-25,384.8999938964844,388.54998779296875,382.70001220703125,382.75,12750016,9172,71.68973027772721
2026-02-26,381.8999938964844,385.8500061035156,378.3999938964844,385.0,10721570,17043,59.44349730199657
2026-02-27,381.8999938964844,385.20001220703125,380.1499938964844,381.0,11548959,17808,57.460602382666565
2026-03-02,377.54998779296875,378.95001220703125,365.0,365.0,14732253,16135,60.92679944206355
2026-03-04,365.79998779296875,373.8500061035156,364.1000061035156,370.75,11433169,14003,66.95851508349446
2026-03-05,378.04998779296875,379.8999938964844,366.6000061035156,366.95001220703125,16158714,15892,46.73657968633195
2026-03-06,380.6000061035156,385.54998779296875,374.6499938964844,377.0,14940896,12139,57.33496529394253
2026-03-09,376.25,379.0,371.3999938964844,373.0,11286578,7893,57.60021929352736
2026-03-10,377.29998779296875,385.45001220703125,374.8500061035156,385.0,10875834,15870,77.68462900552917
2026-03-11,379.8999938964844,383.8999938964844,376.45001220703125,377.5,9963701,16774,67.5781887898307
2026-03-12,390.54998779296875,392.3999938964844,375.6499938964844,379.0,23847146,9276,50.56883555415678
2026-03-13,384.45001220703125,394.5,383.20001220703125,391.8500061035156,27107369,16966,62.958757524395466
2026-03-16,382.3999938964844,388.25,375.45001220703125,384.5,16793109,3440,73.21379152614495
2026-03-17,383.3500061035156,385.8999938964844,378.29998779296875,382.8999938964844,9720902,7314,66.27166890189534
2026-03-18,378.5,386.3500061035156,377.6000061035156,385.0,10681498,3430,55.71919626528209
2026-03-19,374.04998779296875,380.75,373.1000061035156,373.5,10568326,4664,66.8565298281036
2026-03-20,380.95001220703125,383.29998779296875,375.5,375.8500061035156,20930288,10481,66.38205355530042
2026-03-23,372.3999938964844,379.5,369.29998779296875,377.1000061035156,13148432,9233,55.760230482882406
2026-03-24,375.54998779296875,378.1499938964844,371.0,378.0,9339144,6777,69.55123426687766
2026-03-25,378.3999938964844,380.95001220703125,375.6000061035156,376.0,9266292,7763,48.04730560448372
2026-03-27,375.6499938964844,379.8999938964844,374.6499938964844,379.8999938964844,20263654,6946,62.98014564116465
2026-03-30,370.6499938964844,377.95001220703125,369.6499938964844,374.0,17974103,9395,69.44320714714277
2026-04-01,364.6499938964844,381.8999938964844,361.45001220703125,381.29998779296875,15449629,12812,53.567574539153945
2026-04-02,359.6499938964844,361.29998779296875,352.0,359.95001220703125,16551512,15594,45.70107737187536
2026-04-06,366.1000061035156,366.75,355.70001220703125,358.79998779296875,11534034,16390,77.4011354697795
2026-04-07,368.8500061035156,369.79998779296875,362.25,364.8500061035156,12603971,6038,55.237807095775
2026-04-08,374.1499938964844,375.54998779296875,368.25,373.5,19491331,12744,75.93050166303858
2026-04-09,378.6499938964844,384.20001220703125,376.5,376.95001220703125,18503665,3690,69.9531346402992
2026-04-10,380.1499938964844,384.45001220703125,372.04998779296875,381.20001220703125,14953758,12602,70.56601261799076
2026-04-13,386.25,388.0,374.3500061035156,374.3500061035156,15240045,8981,76.59982037378289
2026-04-15,392.6000061035156,393.95001220703125,387.1000061035156,390.25,7722460,15198,46.01990444057571
2026-04-16,390.79998779296875,397.25,387.79998779296875,397.0,9896906,9003,75.79679477922134
2026-04-17,393.6000061035156,396.25,388.45001220703125,393.0,15320653,5017,73.03373776278589
2026-04-20,398.0,400.8500061035156,390.6499938964844,393.0,9895187,3913,54.46608657108852
2026-04-21,396.20001220703125,402.70001220703125,395.70001220703125,398.6000061035156,9493644,5180,63.01293276066234
2026-04-22,405.3999938964844,407.25,393.20001220703125,398.0,16411131,11826,57.90273331888963
2026-04-23,402.25,405.8999938964844,400.3999938964844,404.0,9144699,12313,49.04248166959366
2026-04-24,401.8500061035156,405.25,399.20001220703125,404.75,6266676,13470,58.91538664386742
2026-04-27,410.20001220703125,414.3999938964844,402.6000061035156,403.8999938964844,13001752,7096,52.55682694482197
2026-04-28,406.8500061035156,414.20001220703125,405.95001220703125,414.0,7726655,17659,63.21847053283354
2026-04-29,401.29998779296875,410.0,399.6499938964844,409.5,11920835,10009,66.8535275915716
2026-04-30,399.1499938964844,400.29998779296875,393.1499938964844,400.0,7706357,9885,45.289695131061976
2026-05-01,399.1499938964844,399.1499938964844,399.1499938964844,399.1499938964844,0,4280,63.437182772252015
2026-05-04,400.04998779296875,404.79998779296875,397.25,400.0,6333200,9872,69.92903706655964
2026-05-05,398.6499938964844,400.5,394.54998779296875,398.29998779296875,6791514,14406,58.13767579387722
2026-05-06,394.8500061035156,403.0,391.6499938964844,400.0,11120409,11383,46.241585706283374
2026-05-07,400.3500061035156,403.5,393.1499938964844,396.75,9700378,17534,58.098718624306386
2026-05-08,402.1499938964844,405.1000061035156,397.1499938964844,398.0,4740939,11463,66.07326623675402
2026-05-11,392.95001220703125,405.0,391.0,401.8999938964844,10088836,4110,73.08310234292125
2026-05-12,392.70001220703125,399.8500061035156,391.25,392.20001220703125,10247516,6976,64.74742423046237
2026-05-13,390.45001220703125,394.04998779296875,385.79998779296875,392.0,12322076,4303,48.041392320819156
2026-05-14,396.29998779296875,398.54998779296875,391.20001220703125,393.70001220703125,7363948,14002,66.92381740706995
2026-05-15,395.25,398.0,392.5,396.0,7107857,17071,47.64974265115695
2026-05-18,388.29998779296875,393.8500061035156,384.8999938964844,393.0,7632596,15315,71.54559743956132
2026-05-19,389.3999938964844,392.75,386.04998779296875,386.70001220703125,6693518,15752,63.77715859340013
2026-05-20,392.45001220703125,393.3500061035156,384.0,386.1000061035156,5386249,5775,53.444833965151815
2026-05-21,388.79998779296875,395.54998779296875,387.8500061035156,393.5,10596954,10700,52.28272925697627
2026-05-22,388.6499938964844,391.5,387.45001220703125,389.95001220703125,11755213,7310,46.77036617245775
2026-05-25,390.04998779296875,392.79998779296875,386.45001220703125,391.95001220703125,10489850,14482,48.23242974294236
2026-05-26,389.70001220703125,392.25,389.0,390.75,9062218,14005,72.66016950626675
2026-05-27,398.1499938964844,403.1000061035156,390.3500061035156,390.3500061035156,14418621,11120,73.01547462886668
2026-05-28,398.1499938964844,398.1499938964844,398.1499938964844,398.1499938964844,0,16439,73.24675434426344
2026-05-29,386.8999938964844,401.6499938964844,385.1000061035156,400.0,17003143,3078,46.24809210325345
2026-06-01,378.70001220703125,389.0,376.5,386.8999938964844,18408900,12515,50.84756134885898
2026-06-02,367.3999938964844,377.5,363.04998779296875,375.95001220703125,17496468,11482,62.23440538644641
2026-06-03,366.79998779296875,371.5,363.70001220703125,368.04998779296875,10825715,6139,58.78829771269562
2026-06-04,366.3999938964844,368.79998779296875,364.3500061035156,366.79998779296875,14363519,7621,58.086899163869
2026-06-05,361.6499938964844,368.5,358.6499938964844,365.95001220703125,10277061,12113,55.740651475308006
2026-06-08,362.3999938964844,365.3500061035156,355.1499938964844,358.95001220703125,14933986,10307,62.8366259872001
2026-06-09,355.6499938964844,363.70001220703125,355.0,362.79998779296875,14246656,16603,64.94318702777667
2026-06-10,351.6499938964844,359.0,351.1000061035156,359.0,14939921,15113,47.51713498950145
2026-06-11,351.8500061035156,353.3500061035156,348.79998779296875,352.0,15079402,5140,45.48598583221344
2026-06-12,353.8999938964844,357.0,349.70001220703125,357.0,8740239,11563,77.48611385694514
2026-06-15,348.1000061035156,358.0,346.95001220703125,357.3999938964844,17190759,17096,55.082930712453404
2026-06-16,355.54998779296875,356.20001220703125,348.5,349.75,14555184,6703,64.71347774627051
2026-06-17,355.54998779296875,356.04998779296875,352.04998779296875,355.54998779296875,9299676,17722,62.61379372696338
2026-06-18,361.95001220703125,363.54998779296875,354.04998779296875,357.0,12260776,5283,54.85678633828643
2026-06-19,365.79998779296875,368.0,359.95001220703125,361.95001220703125,17465450,17022,77.03859336696456
2026-06-22,367.04998779296875,368.5,364.04998779296875,365.79998779296875,11946682,10247,49.08849276128202
2026-06-23,364.6000061035156,369.25,361.8999938964844,367.8500061035156,11696171,14790,53.18763623003697
2026-06-24,357.04998779296875,364.04998779296875,355.5,362.8500061035156,12770898,6299,59.51785797870186
2026-06-25,352.04998779296875,359.0,351.45001220703125,356.45001220703125,19767157,6362,55.44658660796033
2026-06-26,352.04998779296875,352.04998779296875,352.04998779296875,352.04998779296875,0,5469,78.748122772128
2026-06-29,356.1000061035156,357.8999938964844,351.54998779296875,352.0,49895302,7230,60.069808891646275
2026-06-30,356.6499938964844,358.3500061035156,352.8999938964844,354.75,10291360,17448,55.847350440018744
2026-07-01,357.8999938964844,360.8500061035156,354.25,358.0,6915166,5590,50.80118783929852
2026-07-02,358.25,359.95001220703125,352.29998779296875,359.95001220703125,6513560,4660,78.33596034911615
2026-07-03,356.45001220703125,360.1499938964844,355.45001220703125,358.25,6588714,8537,63.16351029781657
2026-07-06,356.25,359.3999938964844,354.6499938964844,356.0,6204261,15007,73.32625263643511
2026-07-07,354.20001220703125,357.1499938964844,352.54998779296875,355.79998779296875,8149003,12094,58.01486167323357
2026-07-08,348.70001220703125,353.0,347.54998779296875,351.95001220703125,9572223,12956,69.90677182690388
2026-07-09,343.70001220703125,351.0,343.1000061035156,349.0,17821421,5303,47.88740578997518
2026-07-10,344.54998779296875,348.79998779296875,343.20001220703125,344.5,13016441,6779,78.68156906127521
2026-07-13,351.75,355.0,343.70001220703125,345.04998779296875,8226337,10473,47.25888930762364
2026-07-14,348.1499938964844,353.95001220703125,347.5,348.5,8579646,5114,66.75876696557776
2026-07-15,344.3500061035156,348.45001220703125,343.04998779296875,347.5,11352533,15533,55.84043521915573
2026-07-16,342.45001220703125,346.04998779296875,342.1000061035156,344.20001220703125,10347549,14320,76.19912942342339
2026-07-17,341.8500061035156,343.8999938964844,340.25,342.5,7612446,8059,78.31023202478303
2026-07-20,347.25,349.29998779296875,341.1000061035156,343.0,14463484,11990,65.4055152861711
2026-07-21,348.54998779296875,349.1499938964844,344.1499938964844,347.20001220703125,8575793,17393,57.17903408648996
2026-07-22,350.5,350.8500061035156,345.6499938964844,347.3999938964844,7035952,5834,67.21012805605721
2026-07-23,348.6000061035156,350.70001220703125,347.1000061035156,348.54998779296875,6863144,12829,75.4720129183256
2026-07-24,347.20001220703125,350.0,345.1000061035156,347.95001220703125,6300466,11458,47.77854262809442
2026-07-27,350.79998779296875,353.0,347.79998779296875,353.0,12350753,13574,49.593423835697706
2026-07-28,343.75,350.0,342.1000061035156,349.95001220703125,12409670,16546,64.04260162867641
2026-07-29,343.5,345.3500061035156,341.1499938964844,343.70001220703125,8471125,16216,59.34033913439854
2026-07-30,344.8500061035156,347.6499938964844,341.8500061035156,343.5,9943764,11586,64.92968712734323
2026-07-31,347.25,348.25,343.54998779296875,344.1000061035156,8519119,14978,63.91135155669867
2026-08-03,350.8999938964844,350.8999938964844,345.29998779296875,347.25,5460220,8901,60.42348343529295
2026-08-04,343.6499938964844,348.95001220703125,341.6000061035156,348.0,7201524,4057,75.88050849823847
2026-08-05,349.8999938964844,349.8999938964844,342.75,343.45001220703125,18554536,8055,71.11940493323615
2026-08-06,345.0,349.25,343.1000061035156,347.5,10079779,11934,77.10380509991984
2026-08-07,342.5,347.0,342.5,345.0,7012048,9582,46.75388709299738
2026-08-10,340.45001220703125,343.70001220703125,337.1499938964844,342.5,8818488,15988,59.08575047969843
2026-08-11,337.29998779296875,340.3999938964844,336.04998779296875,339.6000061035156,7410888,10289,66.95868853171818
