Date,Open,High,Low,Close,Volume,No_of_Trades,Delivery_Pct
2021-08-16,84.53630065917969,86.62226020798059,83.95076560713069,85.5609842082274,14771886,6056,68.23918571411832
2021-08-17,83.32866668701172,84.90228779309591,82.48696185500593,84.90228779309591,16025745,15566,52.228852966526894
2021-08-18,82.85291290283203,84.3533433699414,82.6333413898427,83.36525760129555,10074307,16904,48.456331362028564
2021-08-20,80.65718078613281,81.79165337984264,79.41292520548481,80.98654649918342,23878081,8913,68.42833779008447
2021-08-23,81.7916259765625,81.97460500559284,79.41289859916806,80.76694229717722,16886027,6955,49.68800228983602
2021-08-24,82.85291290283203,84.31674532573774,82.0478061870494,82.81632044270592,17368602,16171,67.04649103919839
2021-08-25,84.64610290527344,85.78056957447367,82.92610108907651,83.07248208378718,18637317,4987,49.73996342097462
2021-08-26,84.57291412353516,85.08525319949266,83.73120942668174,84.60950658091662,8779246,14603,61.11257561190098
2021-08-27,85.37801361083984,85.63418312731135,84.13375289871497,84.5363089846535,9706825,7585,66.27207984277476
2021-08-30,87.93972778320312,88.12270682329132,85.45121172118822,85.45121172118822,15933414,8877,48.119712115031575
2021-08-31,88.23250579833984,88.56186587581713,87.13463142797848,87.82994962890956,13376290,15037,59.495136013672514
2021-09-01,87.61036682128906,89.47675536310756,87.39079531194876,89.14739530705839,10964080,4894,46.536902431423705
2021-09-02,86.84186553955078,87.93973993174717,86.36611885278342,87.02484460491684,13031666,9520,78.91026445917352
2021-09-03,90.09888458251953,90.39165218414198,86.95164822129148,87.79334739784939,21326802,5926,50.51519637649336
2021-09-06,89.03759002685547,91.0137611599089,88.67163199598805,90.61121067640059,12505630,15132,50.85481479293044
2021-09-07,87.7933349609375,89.84270229790118,87.50057298486563,89.65972327081788,8530847,8111,70.31969952900747
2021-09-08,88.42521667480469,88.8340787199601,87.34731589619507,88.46238801401884,7801721,11227,57.271131627394766
2021-09-09,90.80404663085938,92.03062717629764,87.86768645583439,88.5367309053053,27242637,4873,76.21480952461566
2021-09-13,91.47308349609375,91.7332658516628,90.02348636383768,90.84120476914752,9921031,6396,51.12546949596425
2021-09-14,92.14213562011719,93.22004220932173,91.28725142341634,91.65894217730394,16593684,7580,60.796979448857805
2021-09-15,95.48734283447266,97.15995105932248,92.3651430833731,92.3651430833731,42437332,6300,78.52708811670092
2021-09-16,95.67318725585938,97.56881216074535,94.70679480500687,96.37939734192659,22431820,11395,65.55924821913577
2021-09-17,94.96697998046875,96.41657153542523,92.73683563650471,95.67319008743722,25968166,6091,71.24184865521167
2021-09-20,95.52452087402344,96.19355967364379,92.95985701801038,92.95985701801038,29857432,14344,62.43098286612878
2021-09-21,100.50516510009766,101.09987250107697,95.97054527171831,96.34223597944285,51537119,8294,58.764279313742996
2021-09-22,99.35292053222656,100.54233532095292,98.46086511223184,99.98479926556871,16424387,7785,57.98248121108638
2021-09-23,102.40078735351562,102.84682072859304,99.91045513834987,100.20781450276813,18688982,14284,72.19559163518637
2021-09-24,101.17420959472656,103.99904974301288,99.98479485842736,103.25566836860077,33667173,8080,63.578051941416135
2021-09-27,104.07341003417969,104.6309461593628,102.21495628356934,102.62381837732391,34196564,15698,48.683767714400744
2021-09-28,105.7088394165039,106.74958024739367,104.8167839493846,105.41149137516437,46109879,5553,49.83532866132533
2021-09-29,107.60446166992188,110.61515872101644,103.59020649719604,104.70527863885326,68003697,16049,70.45102022221651
2021-09-30,107.41861724853516,108.57086074023644,105.07697026790072,107.60446260709664,26714630,5859,49.45761428399864
2021-10-01,108.71954345703125,111.24703599844987,107.12127778276673,107.9389906200015,42893182,11836,59.923643832839346
2021-10-04,109.72309875488281,110.39213747506749,109.27706537935974,109.87177276569052,16099471,3103,61.66795959314193
2021-10-05,121.65437316894531,122.36059464074285,110.7638391580915,111.50722062895119,131238378,9909,52.67435984404057
2021-10-06,124.96239471435547,128.4191130463822,123.25261554265816,123.40128952648013,101221817,7246,54.41890153908632
2021-10-07,119.23837280273438,126.48634150014553,118.56933407559798,126.48634150014553,59769140,13739,74.00287892596906
2021-10-08,119.64724731445312,123.84735949555068,119.31272791601911,121.84022041874414,30561341,5403,78.6375050209276
2021-10-11,122.65794372558594,123.54999922951542,120.94816405957874,121.72871687917997,18143592,17407,50.5591777153566
2021-10-12,121.58004760742188,123.28982734029925,120.98534013384257,122.73229121065022,11619888,11345,58.29440175751032
2021-10-13,118.9410400390625,121.76589200861054,118.71802332036896,121.65437797771301,16690451,10857,67.10516467535962
2021-10-14,118.23482513427734,120.2419528357123,117.9374657402604,119.6844167329192,14821875,12784,62.72092679804044
2021-10-18,120.50212097167969,123.02961301603838,119.83307095304413,121.72869565786274,22899876,12504,68.00022025381446
2021-10-19,117.9002914428711,121.54285566879386,117.45425807748886,121.54285566879386,10331930,13233,56.804495141322896
2021-10-20,115.14977264404297,118.45782890029626,114.22054590758974,118.38348622414009,17118996,14531,74.6470496548219
2021-10-21,115.22410583496094,119.16402914180841,114.88958650599534,117.15690182491596,31555789,8755,77.16183831345094
2021-10-22,116.74806213378906,117.71446031342309,114.85243711664175,116.71089079166832,27317028,13371,76.32191299745121
2021-10-25,119.98175811767578,121.13400160138335,118.12330454495402,118.19764722510307,34568006,6129,65.20933416191423
2021-10-26,121.24552917480469,121.87739665430192,119.16405867206308,121.58004858666813,33022684,17711,58.67531741661155
2021-10-27,117.37994384765625,121.6172278163365,116.71090498055011,121.24553703614366,21652522,10052,56.652573281395625
2021-10-28,111.65589141845703,116.59938486226062,110.54081924448488,111.50721739721422,24815027,7124,60.88908448748752
2021-10-29,110.80101013183594,112.88248051194225,108.53369438463265,111.43287757410504,18736450,6916,51.67631773543778
2021-11-01,113.84886932373047,114.18340006479607,110.31780728755932,111.50722219487851,11444653,14571,51.09349672029312
2021-11-02,113.70020294189453,115.07546331201831,112.51079929769476,114.44358447318264,20609479,12990,63.869580822156536
2021-11-03,112.99398803710938,114.62942506902618,111.35855100519257,112.39928056829376,11591857,12813,47.366973427136855
2021-11-04,113.03114318847656,113.62585057209742,112.43643580485569,112.99397185016903,1114216,16419,66.63604050371033
2021-11-08,115.14977264404297,115.63297735285852,112.77095446734269,113.7001812037959,16568525,5962,67.67561782800162
2021-11-09,116.45069885253906,117.5657710203314,115.22412400520777,116.3391961730001,13601954,3182,46.23217623423138
2021-11-10,117.23123931884766,117.97462068592101,116.30201261000597,116.48785795177432,13900618,6778,60.368866391303314
2021-11-11,114.10906982421875,116.59940259540848,113.77455038977149,116.41355720481528,14158749,9258,46.60778325430738
2021-11-12,114.96392822265625,115.67014962252836,113.96037014506415,114.48073485304893,10552485,7893,62.984021526995114
2021-11-15,117.30560302734375,120.61364843537946,115.9675140580536,116.30203346460075,45750584,16393,56.37459134321512
2021-11-16,116.82238006591797,118.71800486548321,116.56220338713827,118.49498818145793,12956283,8460,69.56979795214238
2021-11-17,117.00822448730469,118.3834845753413,116.41352845873718,116.71087647302093,11420415,12576,69.95295674011251
2021-11-18,114.70376586914062,116.71089361815747,114.25773243909185,116.71089361815747,18351511,12404,45.63466453566598
2021-11-22,112.96930694580078,118.48094009716465,112.5453324505344,116.59233926810498,21558590,12404,64.13225135976649
2021-11-23,113.08493041992188,113.85578885736152,110.54109522389781,112.39116253117272,21216047,3609,65.61864216288183
2021-11-24,118.28823852539062,120.13830604619913,114.85792043533242,114.85792043533242,36294271,3334,48.53635265632444
2021-11-25,119.56017303466797,120.25394106664342,117.59448126091256,118.71222387348134,11554142,5415,49.18792506466571
2021-11-26,113.39329528808594,117.36321204135204,112.73806082789974,117.36321204135204,23135841,7923,51.52149819396496
2021-11-29,111.08072662353516,112.58389850937684,109.38482832938709,111.77449464396408,18736522,8775,74.78253242181921
2021-11-30,109.53901672363281,113.89436330584603,108.76815808873707,110.50259001725249,22980651,13012,54.592060101109446
2021-12-01,109.65462493896484,110.73382216663327,107.65038807344622,109.77024901251232,14278744,15505,58.017622778782744
2021-12-02,111.00363159179688,111.50468494611818,108.22853609705473,108.30562665727403,8561767,17734,59.933540029530036
2021-12-03,112.4682388305664,113.20056373983371,110.34837817448236,111.00361253676385,10690334,14829,65.6317846537911
2021-12-06,110.50257110595703,112.42971736338657,110.04005129922702,112.39117208576452,7749262,5810,73.76916159795483
2021-12-07,112.4682388305664,112.73804398265078,111.38904174696094,111.77447095715804,10253663,6117,68.7603074904936
2021-12-08,114.3954086303711,115.89859227209789,113.1620419591095,113.31621132272114,12266948,6254,52.78089772067722
2021-12-09,113.58600616455078,115.55168595534901,112.81514765447542,115.24334725626584,7989291,4520,50.9094716265769
2021-12-10,113.74018859863281,114.08707261559839,112.19847140112473,112.7380700677788,10324085,3802,64.26237820259189
2021-12-13,112.50680541992188,116.01421424971242,112.04429733747688,114.8193811192517,13595587,4953,45.006271345418284
2021-12-14,113.23912811279297,113.66310271203167,110.96509750534622,111.19635744696454,12331999,16896,59.81003732672295
2021-12-15,110.96509552001953,113.8558153326062,110.69530206159953,112.77661797418813,10361033,6217,45.14559437667006
2021-12-16,112.04429626464844,112.73806426285722,111.427607064925,112.00575098422169,12156709,11467,45.68510778354511
2021-12-17,107.45768737792969,111.85159094042471,106.76391932194055,111.15781112206643,17667617,7480,68.07370741779727
2021-12-20,103.2950439453125,106.10867290006978,101.48352167863787,105.99304882448111,17238729,13558,48.14332100011919
2021-12-21,104.87531280517578,105.49200202543459,103.14088098953022,104.10445422044442,8615570,11330,48.985529679870325
2021-12-22,105.45344543457031,106.33992800699482,104.29715768147715,105.91595347838721,4968143,3448,52.65337540126668
2021-12-23,108.3056411743164,108.69107050233889,105.72325997161795,106.76392386222649,6324169,8689,54.069070653690204
2021-12-24,106.76390838623047,109.15357457852288,105.7617899261605,109.11502929883405,5657495,4359,54.44465890476573
2021-12-27,105.87743377685547,106.41703244622616,104.83676995835079,105.26074454227376,4404298,6897,56.868424661123605
2021-12-28,107.5347671508789,108.30562569676334,106.76390860499447,107.26496195487218,8738089,11897,47.844946474973064
2021-12-29,107.072265625,108.57544945637471,105.95452289483593,108.07438425845982,6571286,17112,51.5143467172977
2021-12-30,108.3056411743164,108.84523988107395,106.76392386222649,106.95663852623773,11556524,12182,56.46128469718563
2021-12-31,109.77025604248047,110.19423060991963,107.4962256055938,108.26708417825833,6393760,7689,53.79872390093995
2022-01-03,110.27133178710938,110.57967054090925,108.8452385854536,109.73173308677485,3765911,5936,72.53651089058668
2022-01-04,113.9328842163086,114.54957334477024,110.3098517598508,110.3098517598508,16351836,9640,45.709695453418355
2022-01-05,115.8985824584961,116.47672634486231,113.62454042889496,114.47248950051241,12977680,7530,77.99146925760382
2022-01-06,116.24547576904297,116.70798385784168,114.35687460778591,116.09130640611006,9012777,17368,78.18645814918003
2022-01-07,121.0633316040039,121.41021558176404,116.66944044018499,116.78506451198255,30889365,14685,60.680134049914784
2022-01-10,122.06544494628906,122.87483693995351,120.56226150121635,121.98835439338437,16418985,17622,72.97664591035792
2022-01-11,124.06970977783203,124.60930853434338,121.48734009939534,122.41236821946775,14457548,5627,48.402241622229155
2022-01-12,127.15314483642578,127.73128888244987,124.41659399943758,125.41871269835349,21220614,15953,69.65254586040425
2022-01-13,126.38224792480469,127.57708094473638,125.68847998413064,127.15310641993905,7445346,12212,45.85364040989693
2022-01-14,124.14679718017578,125.88122927183879,123.4915625739327,125.6114240192986,11646259,6952,76.89215651842702
2022-01-17,127.846923828125,129.65843476852876,125.11037301084968,125.2645424028714,32577835,13337,49.49320411808002
2022-01-18,126.3051986694336,129.8125962326131,125.95830285560712,129.73551742249492,11175409,11357,54.01139972577927
2022-01-19,131.23866271972656,131.8168066083597,127.11456494252971,127.42291540722124,36648534,4996,62.960785301974454
2022-01-20,128.61773681640625,131.73970412243403,128.34793165452822,131.73970412243403,14474454,15243,46.46674973431675
2022-01-21,126.15101623535156,128.2708775710425,125.11036409161606,127.42294009418801,8625926,15363,61.88451712045665
2022-01-24,127.73126983642578,129.7355069354056,126.2280978933754,127.34584052988112,28783449,16013,66.69765562359925
2022-01-25,127.3072738647461,128.50210686682908,125.64993282991183,125.64993282991183,14249846,14327,72.00998750509626
2022-01-27,127.73126983642578,130.08239095882197,126.80624185319239,127.26876172599357,25936832,3583,77.7799839694473
2022-01-28,130.12094116210938,134.66900244636093,128.15524927193067,129.1573678593129,32790065,5497,57.52500529391802
2022-01-31,133.05020141601562,134.78463329666394,130.6990802919963,132.27934280239413,24031034,8741,46.84923748499029
2022-02-01,131.77825927734375,134.82314802424307,129.88965828969992,134.1293800736367,14220953,16044,69.61702691693418
2022-02-02,132.04806518554688,134.16792608917183,131.43137602474613,131.4699213027401,12478192,13202,65.96638927288606
2022-02-03,129.1188201904297,132.0095400454393,127.96253224842584,131.0459667604361,12529302,11024,68.83451194602
2022-02-04,130.73760986328125,133.12726422090103,130.31363532426832,131.04594856672654,17434362,3159,73.45900582167852
2022-02-07,132.66477966308594,133.58980769962866,130.4292824988739,131.5855704851447,11723574,4289,57.18677522225763
2022-02-08,128.69483947753906,133.35853630782995,128.34795546389415,132.58767771645523,13231599,8538,46.299280115533506
2022-02-09,126.38224792480469,130.73760547973413,125.72702526136078,129.42713662811198,17938632,17139,73.92880869948515
2022-02-10,130.35218811035156,131.35429483544823,127.30728736721423,127.84689777287336,26763203,14738,63.43797882618063
2022-02-11,129.61985778808594,131.4313800479461,128.81046573727434,129.4656884337584,12884995,16563,50.43369050725435
2022-02-14,128.11668395996094,135.94090501299647,127.34582543822546,130.19799961617318,44604164,9208,70.5422877724485
2022-02-15,126.53644561767578,131.04597352936966,120.56229094207215,131.04597352936966,31146458,17753,45.36781282112162
2022-02-16,129.92820739746094,130.19800082515303,126.80622800296901,126.80622800296901,15960268,10101,75.73920928334115
2022-02-17,132.39495849609375,132.89601185823503,129.88966816065093,129.92821344136217,24640791,7758,69.94452169194584
2022-02-18,129.42713928222656,132.39494925430049,128.50211142156957,131.97097472080887,11829998,3727,77.05166398369397
2022-02-21,127.28496551513672,130.51773045973715,127.01233042171158,130.40087666004834,14222260,5328,63.73397534781461
2022-02-22,128.49237060546875,129.69978843057223,127.16811087862412,129.69978843057223,29399172,9173,55.9012998393923
2022-02-23,125.22067260742188,129.62189211563714,124.36379233274383,129.5050502082979,21301826,17939,59.49382552953514
2022-02-24,122.02687072753906,126.50599319176979,121.52053989912932,125.22068454349385,28766189,8968,72.54705033803174
2022-02-25,124.24696350097656,124.94803879130632,122.14372574372895,124.16906096371399,20225258,3425,78.2846865049253
2022-02-28,125.14276885986328,126.07755165450374,121.36473396217662,125.02592695366172,20210070,14848,51.90705409614178
2022-03-02,126.93441772460938,131.14090456517013,126.11648873731228,129.03765520176137,41103406,12237,49.773542600373865
2022-03-03,132.659912109375,133.82837872474894,126.89546967510921,131.1019566222097,42345653,11015,60.000446575876694
2022-03-04,128.72607421875,133.20519631713313,127.63551011451615,132.50412109101956,32658756,14740,50.643956663009426
2022-03-07,145.6298828125,147.8499740756456,130.1671821559868,130.1671821559868,132538155,11218,52.730759653475275
2022-03-08,139.5149383544922,151.86173020408714,138.5022647674136,148.0057922054598,73127816,15784,50.10049668681255
2022-03-09,136.63270568847656,143.17612654726136,135.42529956928126,142.5529419102926,51977091,16502,63.72797257765391
2022-03-10,135.8147735595703,137.80115728516708,128.53132694485885,131.06300459680304,62112814,14892,47.003163138805675
2022-03-11,136.8664093017578,137.41169143318731,133.75049782357888,134.37368249646647,26187452,12808,65.54162956957722
2022-03-14,133.82839965820312,136.710615383044,132.89362859693836,135.5421485848983,20214021,5484,78.63950266736158
2022-03-15,127.55760955810547,132.03673172579468,125.92175149018556,131.10196078109362,42333127,11931,54.32159071533801
2022-03-16,130.32296752929688,130.75140762820752,126.07754157374086,129.3102941735779,25545119,5237,65.15049997199486
2022-03-17,132.659912109375,133.59468302442275,128.21974134820536,129.77769683537065,66314748,16026,51.80362996814793
2022-03-21,134.41259765625,136.32109054665196,132.6598979206502,133.75046189052108,20614652,4398,75.90889897866714
2022-03-22,136.671630859375,141.18970375684526,135.3863224486427,137.25586411629988,39742745,16094,58.81788713724501
2022-03-23,136.78848266601562,138.42432863001483,136.2042494175325,137.48955780969303,10994784,16171,55.65219172164984
2022-03-24,138.22959899902344,140.52758097826685,137.48957251570872,139.35911435632033,20332589,12293,72.41079503633142
2022-03-25,136.9442901611328,139.6317610083091,136.39900811603658,139.0475276986509,13608989,15313,54.410954940393395
2022-03-28,137.37274169921875,138.58014779704135,136.04846991175458,136.71060580548667,15253027,6652,52.77046383244703
2022-03-29,133.2052001953125,136.4769044895248,132.85466257205005,136.2821600447948,14210783,13649,70.85757703002115
2022-03-30,126.19440460205078,128.41449610418266,125.53226871228989,126.97338240823628,95239532,15857,66.88984085247652
2022-03-31,127.67446899414062,128.72609388019197,125.53227983728418,126.07757385894581,33523683,9712,66.47746053539926
2022-04-01,130.82933044433594,131.063026181793,127.40183258249544,127.67446770431289,28335224,17365,52.59645443256248
2022-04-04,130.90721130371094,131.68618904204155,128.8039737874697,130.05033103704446,17745513,5742,48.926693770690676
2022-04-05,133.86732482910156,134.56840001679933,131.88092928228244,132.62095573290932,20054934,4505,62.035908029911425
2022-04-06,134.60736083984375,135.1526429008088,132.65991641764188,132.8936121255576,12969222,9462,58.7039838446065
2022-04-07,131.53038024902344,135.38631721851726,131.0240376474955,132.89359112918578,24550313,14670,60.79155210643755
2022-04-08,133.1272735595703,133.43887174647648,131.4135251334805,131.64722080209626,9529874,10334,57.753426479104334
2022-04-11,133.3610076904297,134.568425754626,132.0756989717342,133.2052144951725,9724979,6160,46.46424281759637
2022-04-12,131.56930541992188,134.1399337508471,131.0240235039691,133.20516305403456,13184429,7520,47.21252344610992
2022-04-13,135.7368927001953,136.20428417274832,132.9715189078176,133.51680103495684,23458303,3882,72.81105776014189
2022-04-18,136.9442901611328,139.43701657175637,136.39900811603658,137.10008333312356,23916912,3247,64.16173937464757
2022-04-19,137.99591064453125,140.060208918298,137.10009094118004,138.1127644447017,17880666,12280,60.42021942329909
2022-04-20,136.71060180664062,138.15171546907698,136.16531973224176,137.80116595543836,10076403,3613,58.63447241626604
2022-04-21,135.65896606445312,137.64536164060394,135.4642216331885,136.86638391554533,12246720,4313,49.935580843832774
2022-04-22,135.54212951660156,137.33378073229085,135.30843381259734,135.65897142547504,10267952,5313,50.49449178515203
2022-04-25,132.15357971191406,134.76316011016908,131.10196680812706,133.20520450195903,12583497,7282,55.150745766917254
2022-04-26,130.0503387451172,133.75048322149485,129.0766165144915,133.28310368254915,20086229,7310,69.68118867435258
2022-04-27,128.4145050048828,131.56935582959753,127.2460382146155,130.82932923968,13981957,15135,49.55393952369272
2022-04-28,128.3755340576172,129.3103049693005,126.54493161228392,129.3103049693005,13030499,14258,68.71512059464496
2022-04-29,124.98699188232422,130.43983675497634,124.24696531257314,129.69981018522526,15964743,15289,46.10267224566
2022-05-02,121.79318237304688,124.05221321236388,121.44263285810304,123.19533288779107,23405519,13459,65.24540673021798
2022-05-04,126.38915252685547,126.81759270928293,123.03954549095678,123.8574745871804,23661920,16087,57.498391803180326
2022-05-05,128.4145050048828,131.1798668995084,127.28497759861732,127.90816226401166,26878516,17918,47.715567330085356
2022-05-06,130.0503387451172,130.4008763708909,125.49332583754352,127.67445412513894,16768573,3541,55.96074990900971
2022-05-09,128.3365936279297,130.32298941186548,126.77863801484405,128.7260825312011,9952775,9075,75.39313752478057
2022-05-10,120.31312561035156,125.92176370905156,119.10570757508245,124.98699267364465,22602956,6858,48.27390982293818
2022-05-11,123.54589080810547,124.63645503515968,119.76784351034875,119.9625879713412,15084514,6167,73.89328900675036
2022-05-12,121.91001892089844,125.4154188259722,119.9625745291908,123.85746331260609,21459069,17310,66.45904329260867
2022-05-13,119.6120376586914,124.87013754895335,119.1446462472763,124.63644184324579,12934346,13226,63.39256422248313
2022-05-16,119.57308197021484,121.71527073515355,118.24882220186775,120.11836400585695,13205775,4969,45.247325703274925
2022-05-17,127.09021759033203,127.51865773828322,121.16999370878125,121.52053132573863,17843200,11730,46.495852711135775
2022-05-18,127.12916564941406,128.14183909550533,124.79223241362976,126.19439473235175,12616832,9993,48.296347741365324
2022-05-19,124.63646697998047,126.23337409041342,122.9227179362577,123.50695137522635,8932407,12325,69.9954118163206
2022-05-20,126.11648559570312,127.59655036590908,124.71433523670107,125.92174116959102,7235654,3802,62.48936832072162
2022-05-23,120.8194580078125,127.90814864914057,120.4689084990386,125.99965547210061,18029557,7303,57.4285143895102
2022-05-24,117.35299682617188,122.88374377266155,116.96350793941224,122.6110967974268,19141394,3227,55.07265255866954
2022-05-25,118.87200164794922,119.3783323979076,114.97711315209578,119.1056854486953,19366472,3099,76.48097119436294
2022-05-26,118.32671356201172,119.41728952617618,115.36660766876085,119.02780065745823,12824105,13478,62.013463138393114
2022-05-27,112.01700592041016,121.13104346982735,109.91376831458427,120.74155458407228,52469252,12486,66.74253190177578
2022-05-30,112.21174621582031,114.74342387965473,109.95270363018304,113.45810347241532,40261336,6930,67.98900568327933
2022-05-31,117.82038116455078,119.18359218628939,113.26335670880758,113.26335670880758,57675204,13569,74.7931474459345
2022-06-01,116.65191650390625,119.10569162911834,115.87293876431423,117.7814318490633,22780094,10681,49.84961652873746
2022-06-02,118.7551498413086,119.10568743452859,113.73074597513774,115.13290823427431,25429955,4872,76.9272135515639
2022-06-03,118.0930404663086,120.1183756356797,117.74249094364573,119.92363118364837,16747177,16288,78.7053532816716
2022-06-06,119.92361450195312,121.52052116372775,119.02779490172307,119.26149058890459,30327268,17017,75.93743586022684
2022-06-07,126.07756042480469,126.93442886448857,120.11837318259089,120.58576461242414,61411715,11921,67.39977945754376
2022-06-08,127.28496551513672,129.62189887382044,126.27230390204662,127.3628680482626,45994327,13519,57.07863636842269
2022-06-09,128.9597625732422,130.36192483181506,128.1418335985533,129.31030016632127,31122996,12918,67.69855042758351
2022-06-10,128.2586669921875,129.81662231252386,127.24600554297352,127.7523362675805,17812698,15447,72.52618766733238
2022-06-13,124.28589630126953,127.71339347886142,123.42901606374328,126.19438931802539,12237777,6616,62.528859981149985
2022-06-14,121.4815673828125,125.06486948195294,120.97523664296394,124.28589179833598,12844437,11496,55.12258677467377
2022-06-15,117.93722534179688,122.4942498853575,117.46984582851952,122.26055418559031,16223385,16628,51.47458087466597
2022-06-16,111.82227325439453,118.05409608279678,111.08224667077351,116.18454210252085,25130676,16237,69.34399144507326
2022-06-17,110.1864013671875,113.0686166912752,109.56321678424109,110.96537912430618,22922034,4588,74.36385551319488
2022-06-20,104.6946029663086,108.20000277838933,101.26710568233244,107.96631896658953,28656582,17178,45.414682395678305
2022-06-21,108.35581970214844,109.21268817386157,105.16200588017321,106.01888623814459,20581784,17919,71.55301322674235
2022-06-22,105.04515838623047,106.68100459245606,102.04608917876375,106.68100459245606,31824106,5064,56.98694198597292
2022-06-23,105.0062026977539,106.25255996149521,102.98085580057075,104.38301812275469,26829020,17041,70.69221707349666
2022-06-24,106.99260711669922,109.83587137291323,105.31779769096022,106.71996012829158,25461812,7014,68.45631815010383
2022-06-27,110.225341796875,111.08222199997506,106.91468665456603,109.05687527606007,24188349,8204,64.65140769327736
2022-06-28,116.34033966064453,118.20988163379275,110.7316899686839,111.23803267251094,54387675,4785,64.03256131275919
2022-06-29,120.07942962646484,122.61110761373794,113.88655815792546,116.34034549272992,165860322,7285,57.527768052515015
2022-06-30,118.0540771484375,120.31310780691028,116.26242599537797,119.1835924776739,38725546,12493,53.18358163465656
2022-07-01,102.08502960205078,117.74247418505064,101.2671006426855,116.02872562834877,125788305,3610,69.41814246577798
2022-07-04,98.15119934082031,101.22815916512627,96.67114038435679,101.22815916512627,85993413,10972,57.26848381282097
2022-07-05,99.24176025390625,100.17653706058645,98.15119028434346,98.93016798501286,44595740,12248,51.27142666545109
2022-07-06,94.21736145019531,96.20375719462331,93.36048706866656,95.81426829909852,59092334,15856,76.51187975683145
2022-07-07,96.20375061035156,96.71008732850542,94.45105070044637,94.45105070044637,36229792,7107,58.65825480514903
2022-07-08,94.64579010009766,98.42383073851295,94.2563012519491,98.42383073851295,42778692,3050,70.51525416343932
2022-07-11,97.76170349121094,98.07329576666118,94.29525502753886,94.64579262296516,31521678,10505,52.808915372289285
2022-07-12,96.671142578125,98.73543491084335,96.20375709261661,97.29432718755545,25216226,9998,62.91571939785766
2022-07-13,96.94378662109375,97.2943302034377,94.56790785314273,95.38583099235377,27166975,4192,49.56572914370537
2022-07-14,99.04702758789062,103.29246012644586,96.43745316945753,96.90483865672289,38464081,12847,57.605785539732366
2022-07-15,98.57962799072266,100.02072957003118,97.06061794561809,99.39755099058382,18088858,5652,61.68542065609773
2022-07-18,101.189208984375,101.81239358634633,98.89122690797225,98.96912944056528,21010247,12374,54.62023860932668
2022-07-19,99.63126373291016,103.7598425867724,96.94378670512667,101.65660486340192,33778758,8586,69.18436466818073
2022-07-20,103.25349426269531,106.40835625621247,102.98084731913283,105.16198720886422,60317150,11818,48.17225169247406
2022-07-21,103.68194580078125,103.99353215385536,102.6692723239042,103.60404326938398,20853780,9023,71.08234855372042
2022-07-22,103.17562103271484,104.22724595787517,102.47454567344765,104.22724595787517,11630255,16736,69.48834736717149
2022-07-25,101.11131286621094,103.1755991193795,100.02073690021527,102.82506151419615,21705935,5978,78.63571267579758
2022-07-26,99.86494445800781,102.51347592080637,99.51440685026806,101.92924261248778,22172845,9711,53.27894585698431
2022-07-27,100.17655944824219,101.4229169160978,99.55337477118485,100.56604838562065,20187969,4473,48.80278083987634
2022-07-28,101.46186065673828,101.65660511097387,99.90390502285362,101.57870257477636,25736737,17337,48.01439631341221
2022-07-29,104.49986267089844,104.77250964380536,101.18920716170756,101.61764731073669,19738642,8403,51.43231848132243
2022-08-01,107.81051635742188,108.27790776414409,103.75983441543914,104.46092152552248,20592826,7434,63.66108214886786
2022-08-02,106.48625946044922,106.75890643618995,104.85041326477747,106.48625946044922,15037928,9378,73.47676460684588
2022-08-03,105.66831970214844,107.84945962808104,104.22721809638065,105.94096665023613,15853543,13375,48.38771764124635
2022-08-04,106.13572692871094,106.83680220529642,104.3830268509891,104.65567383980463,14311959,3920,58.123105085791295
2022-08-05,106.3304672241211,107.88842278784448,104.07143641122525,105.23990308401778,66480753,14989,51.92173407205285
2022-08-08,106.3304672241211,107.10944500598278,105.20095181767317,106.17467404500029,12451233,7192,51.363701651994724
2022-08-10,104.22722625732422,106.52520826307885,103.9545792878884,106.25256129364303,15829467,12199,64.31463096067012
2022-08-11,103.4482650756836,105.94099192008072,102.86403166435962,104.77252509743276,19479706,3579,74.63648008111258
2022-08-12,108.43370056152344,108.82318943702192,103.9935297580923,104.3051161039882,40876891,17465,69.29908984678622
2022-08-16,109.01793670654297,110.53694098319214,106.01887941905767,108.66739908674046,31230003,15155,54.348362161318136
2022-08-17,108.78423309326172,109.68006459683761,108.0442066416167,109.01792878490137,15694770,16180,71.59309043543082
2022-08-18,108.1063461303711,110.29957700580681,107.42843353744773,110.25969764690454,42597708,7164,58.61045132089118
2022-08-19,107.34867095947266,110.45906577784791,106.91002241599155,109.66152739678041,35382493,5537,76.77103878348885
2022-08-22,105.19532775878906,107.26893281481983,103.52050413920014,107.26893281481983,31231393,7782,52.14047890995835
2022-08-23,106.67076873779297,107.02965860993245,103.75975823441921,105.19531772297712,24268146,16905,52.68570068828383
2022-08-24,108.46522521972656,109.58177414096494,107.26891758862664,107.42842283887919,22730039,10559,53.554086913582395
2022-08-25,108.90386199951172,110.17991603290884,108.58483936406053,109.26275181610875,14620592,14421,52.2947787452816
2022-08-26,108.98361206054688,110.25967830473672,108.54497569798436,108.86398617429703,12105053,6699,73.53312987163358
2022-08-29,108.38546752929688,108.94375416463764,106.67076477638071,107.02965463519214,9198908,15705,60.534505616130794
2022-08-30,110.53882598876953,111.53574897867738,109.70140824335293,109.98053937884507,21720398,9579,70.67362221150553
2022-09-01,107.42842102050781,108.66460798561437,106.98977246263512,107.66768497657203,20349294,3369,59.92316888509863
2022-09-02,105.87321472167969,108.26582974363856,105.51432490227972,107.42841205205909,17495310,13542,62.83933132784817
2022-09-05,106.39163970947266,106.79040899199613,105.79348578568745,105.99287042694918,14865879,14381,56.26184176919263
2022-09-06,105.3548355102539,106.98977961886362,105.03581282433967,106.94991243141159,10870488,15132,45.548837751268614
2022-09-07,105.67384338378906,106.03273324817947,103.71987663813393,104.47753572284051,12042788,10300,76.27382408095603
2022-09-08,105.15544891357422,106.98977760276281,104.8763055898433,104.99593148888746,14629497,11385,75.12505074606673
2022-09-09,106.87016296386719,107.02966823588896,105.23520654433149,105.67385516949554,12327341,6407,74.39742689679981
2022-09-12,106.87016296386719,107.98671203749184,106.55115241982362,107.66770149344828,13500202,12781,75.75822746776237
2022-09-13,106.79039001464844,107.78731304379741,106.471379513109,107.02965397553831,10846178,3536,51.15220032514903
2022-09-14,106.23211669921875,106.94990858963843,105.27507301479656,105.63396287527104,8597956,9661,64.53241738365146
2022-09-15,105.75360870361328,107.18916825087524,105.27508074154488,106.55114719407952,10810473,14572,64.33235177263796
2022-09-16,104.67691040039062,105.27506417410714,103.67998744419643,104.55728451343519,20909579,17892,62.34159445661862
2022-09-19,104.11864471435547,107.14929318935074,103.44073217947879,105.35483171764614,19411428,15596,75.00953440399212
2022-09-20,106.23211669921875,106.55113937367328,104.7167985463395,104.7965450878501,13080582,4550,47.18076430784505
2022-09-21,104.39778137207031,106.23212229604613,103.7198809708969,105.43458382209764,11156865,8617,47.72368889521018
2022-09-22,102.60330963134766,104.35790383562255,102.16467324974907,103.99900182235805,11366882,5398,48.1240097492931
2022-09-23,102.56346130371094,102.96223057445712,101.68616404028035,102.28431794639964,10407849,13498,51.82236570687412
2022-09-26,98.45611572265625,102.72295114643916,97.81808863615241,101.52664351391728,12848954,5305,68.9760310875215
2022-09-27,99.253662109375,102.00517353582336,98.77514023491226,99.17390947775384,14465123,12225,70.92685480418157
2022-09-28,97.73833465576172,98.85488356284598,96.90091689071333,98.85488356284598,15267018,5499,59.534492884606045
2022-09-29,101.00825500488281,102.24443606285524,98.49600744421672,98.49600744421672,20597761,17119,75.19590863510564
2022-09-30,101.12786865234375,105.59407626251766,100.09106632819754,100.09106632819754,33530494,13143,52.11186765710609
2022-10-03,105.5940933227539,107.66769830606688,104.15853374758382,105.03581880246867,50966493,7005,47.982259322130105
2022-10-04,106.79039001464844,107.66768714808775,105.11556662736054,107.58792843796762,14137567,12719,75.90649644226167
2022-10-06,105.79347229003906,108.90387959862359,105.59408767421202,108.86400024156394,14570735,10072,71.04301754912674
2022-10-07,106.91002655029297,107.06953179878069,104.63703720856421,105.314949726475,13532236,4966,70.57100351277242
2022-10-10,106.2719955444336,106.8701493655092,105.43457776103361,106.0726109374084,10183057,15394,50.46915278065459
2022-10-11,104.55728912353516,106.47137641603534,103.87937661564497,106.27199181600531,13176461,16144,53.64121727431745
2022-10-12,104.75667572021484,105.27507082238537,102.96221428574236,104.55729111638456,9401804,8337,70.52005903927346
2022-10-13,103.56036376953125,105.15544053351651,101.80577567830647,104.63703328353934,13320136,9001,59.94867815765095
2022-10-14,101.76589965820312,105.91310303122903,101.32725718458236,105.27506987084499,13205955,6773,54.070430172500316
2022-10-17,101.9254150390625,102.24442554719019,100.48984341354624,101.2873818533363,9320940,14285,75.10022352389583
2022-10-18,102.6431884765625,102.9622111346096,101.7658974635056,102.44380387883433,6490293,16942,61.714943830769684
2022-10-19,101.9254150390625,102.64319476708522,101.60639844619939,102.64319476708522,7381712,17644,65.59067545423702
2022-10-20,103.3609848022461,104.47753373004613,100.33033635175522,101.28738002836533,18748363,17103,67.29249811591237
2022-10-21,104.91617584228516,106.39161453684439,102.68306595462079,103.16159384821667,11945173,8188,49.98289493262974
2022-10-24,105.91312408447266,106.87016793055321,105.59410135613064,106.0726293639073,2154912,17960,46.221666302908176
2022-10-25,104.27814483642578,105.99284751279312,103.56036515084645,105.63395767000345,10232002,15095,66.01647017191976
2022-10-27,105.11557006835938,105.43458058034174,103.91926239421903,104.27815226256695,13865026,17974,59.29685399033445
2022-10-28,106.63088989257812,108.14622027145077,105.11557168317663,105.35483565557453,22918037,15784,53.4855884111117
2022-10-31,106.91002655029297,107.82719085620013,105.91310353540675,107.18915769277888,8753855,16330,48.60038612755982
2022-11-01,107.78730773925781,108.22595628439024,106.9499021715604,106.9499021715604,11630848,14126,72.74984939410467
2022-11-02,108.8241195678711,111.01735031543323,107.94683457052885,108.34560379735834,21117499,16655,47.9722140603993
2022-11-03,108.78422546386719,109.02348940142306,107.86706123428395,108.78422546386719,7561534,7476,61.75653198698568
2022-11-04,109.94066619873047,110.3793025547909,108.50509473766431,108.78422585793282,7498344,4313,73.57680926110977
2022-11-07,110.49895477294922,110.85784464185238,109.06338312786556,110.49895477294922,9987481,17935,68.27315745925907
2022-11-09,110.57869720458984,110.8578405197299,109.26276367771939,110.81796116478553,12033732,5273,58.02032454516029
2022-11-10,111.53575134277344,112.33328975160421,109.58177250556173,109.66153121423295,15908521,11113,64.72499060208249
2022-11-11,112.01426696777344,112.69217948234987,111.01734395779063,112.13390503065357,18492513,10964,76.26769812659361
2022-11-14,111.0572280883789,112.45292036238007,110.53883296868109,112.13390985325387,12743505,3820,48.795425535565315
2022-11-15,113.52960205078125,114.3271404925304,111.65538184488238,111.65538184488238,24636519,15985,75.43334942615571
2022-11-16,113.9682388305664,114.287261509991,112.61242590905678,113.88849228781342,11460200,17963,49.51059783367152
2022-11-17,114.20751953125,114.68604753576454,113.01121168943634,113.21059632973862,13368536,8056,76.1007511161766
2022-11-18,113.05106353759766,114.24737108826007,111.8148766346859,114.16761238376137,19958908,11061,45.15919883926406
2022-11-21,113.42790985107422,114.18159135443007,112.548621152798,113.88849086235649,16348881,4267,55.13551818293019
2022-11-22,113.21854400634766,113.80473215041401,111.29248629474974,113.0091901850423,11198874,11703,46.44621427482791
2022-11-23,114.30718231201172,114.43278948908959,112.67422512028581,113.51164037531888,9010911,13432,69.19958533591603
2022-11-24,116.77754974365234,117.238130669729,113.46976218391629,114.30717740298579,11803087,15715,65.74714136332065
2022-11-25,117.69873809814453,118.32679965386788,115.35397240118836,116.40074166072726,9789098,7863,50.90940731966932
2022-11-28,116.90319061279297,118.24304753630267,116.44260960429656,116.81944396472291,8925344,6776,58.42665037342071
2022-11-29,117.44750213623047,118.15931029065798,116.81944062748057,117.28002162281932,13558920,10098,77.36624607514801
2022-11-30,118.15930938720703,118.7454975686361,116.90318637931162,116.90318637931162,17720938,8682,50.809413525037854
2022-12-01,117.2800064086914,118.91296356401723,117.07065259959982,118.45238262842727,27727625,15741,66.21866860307739
2022-12-02,117.99182891845703,121.25775676063645,117.69874118486676,118.78738379892657,24518337,17046,49.590617632279546
2022-12-05,120.37845611572266,120.54593662951223,117.74060288419057,118.4942715852157,18440387,9476,59.73406053512648
2022-12-06,119.2898178100586,119.87600601793723,118.20117526517278,119.62479162737823,10977472,6023,54.06281489609525
2022-12-07,117.7824478149414,118.70360968558322,117.32187965756293,117.90806776708844,9731670,4810,69.63851716091594
2022-12-08,119.4572982788086,119.75039877159523,117.53125313630645,118.28492186355123,10150945,14609,77.9448831776546
2022-12-09,117.82434844970703,119.70853316727573,117.48938738887298,119.33169877935107,9438307,14330,46.479056789191155
2022-12-12,119.20608520507812,119.3316924016915,116.56821907469495,117.23815393850393,8946335,3659,61.08326191891649
2022-12-13,120.88092041015625,121.1321348125988,119.37357010577497,119.79227781377281,12593054,6316,47.39010076249007
2022-12-14,123.60249328613281,124.43990851767045,120.67153997575106,120.88089378363547,17692988,6430,68.26773963858199
2022-12-15,123.47692108154297,124.64931052580872,122.80698608166931,123.64440163702456,11426194,8308,48.77579229406449
2022-12-16,123.26753997802734,126.03101325617693,123.10005945952166,124.23057532083793,20540447,16104,60.95480784809572
2022-12-19,122.09518432617188,123.560661473624,121.42524936031872,123.1419537172091,10635055,13352,58.622759108978315
2022-12-20,122.13705444335938,122.43014219836917,119.8341618436782,121.84395391040323,6714207,5967,59.91100930686046
2022-12-21,120.16909790039062,122.93257100003015,119.49916309169868,122.68134384952772,10011408,10783,61.009792602735594
2022-12-22,119.12234497070312,121.5508446076096,118.53615672503041,121.42523740423167,9123323,7637,72.08589569740568
2022-12-23,117.07066345214844,120.16909755834276,116.65195579515073,117.74059825893349,8007752,11949,77.77883692194018
2022-12-26,118.32679748535156,119.6247938989811,116.81944722365097,117.65686261593521,7150680,6252,48.09044960653607
2022-12-27,121.25776672363281,121.7602083559038,118.99674743354726,118.99674743354726,8765357,12361,66.71819750319332
2022-12-28,120.50408172607422,121.13214333224475,119.49918571179059,120.12724731796112,9534858,4792,63.89085956271084
2022-12-29,121.13211822509766,122.26263399306018,119.33168043843203,119.54103426376261,36752195,5497,64.4743700519858
2022-12-30,122.89067840576172,124.56550877585728,121.04836755424493,121.80203610961127,9644998,9523,73.89800414892278
2023-01-02,125.9891586303711,126.28225916471406,123.30943160274286,123.35130493306993,9631496,15653,61.75770696773662
2023-01-03,125.23548126220703,126.11477002737118,123.93748477819761,125.3610884666824,14991139,6957,55.80059120345547
2023-01-04,122.47198486328125,124.64926970536129,121.4252157618857,124.60739638571684,13535874,7339,59.93168820401786
2023-01-05,122.68135833740234,123.10006604503853,120.7134270003342,122.13704342865337,16320559,9489,47.63898479717856
2023-01-06,123.39317321777344,124.02123481315822,122.51388442864558,122.84884550167246,16804116,16487,67.90213852709685
2023-01-09,124.06307983398438,125.77978386873342,123.76999212626016,125.02611515979201,18660445,12222,73.02726305358655
2023-01-10,125.06800842285156,125.86355058200009,124.4399468059533,124.4399468059533,18490715,4984,47.17127674050511
2023-01-11,122.93260192871094,125.61232905972912,122.47202083323589,125.19362129619668,12538238,3129,72.4371161288741
2023-01-12,122.38822937011719,124.14680644441907,122.05326839307979,123.68622551753599,13270422,3977,64.65562784679206
2023-01-13,123.05818939208984,123.51877041362793,122.17890067423437,122.59760837055175,8854484,14269,46.82399413365984
2023-01-16,123.60249328613281,123.76997377685186,122.26262380449563,123.68622714252115,9696320,14427,64.24061649522659
2023-01-17,123.8118896484375,124.77491238452187,122.80698080284903,124.18872407655978,18484595,5952,67.39982716235592
2023-01-18,124.98426055908203,125.40296829964846,124.10497174830327,124.14684507794915,12139643,6887,60.538093316766414
2023-01-19,127.0777816772461,127.37088216626265,123.97934738139635,123.97934738139635,18437610,14422,65.91074084402962
2023-01-20,126.95217895507812,127.70584769917399,126.07289023500303,127.28714000179964,17512691,10750,77.67678938010272
2023-01-23,127.58023834228516,128.2082998777189,126.74282296170685,127.7477188628119,16742252,4169,55.5194802496852
2023-01-24,127.4127426147461,128.29203130317902,126.95217438656427,127.58023591002429,8276792,4532,72.65758192708633
2023-01-25,127.66397857666016,128.4595206722724,126.57533597205881,126.65908262546864,9827342,15511,63.199202285946136
2023-01-27,123.6443862915039,129.08758672575675,122.76511028986579,127.66398301392593,13052535,5840,62.38212994274083
2023-01-30,121.34148406982422,124.6492850600541,119.95975379695342,123.51876918010912,12688399,17800,76.98617037222911
2023-01-31,121.34148406982422,123.85373022264,120.79716918122536,121.5508379158922,19050398,11181,74.21677143180297
2023-02-01,120.79716491699219,122.26264178773559,119.2060808542199,122.09516127238234,11526089,14075,52.15463129637202
2023-02-02,120.12724304199219,121.42523953746455,117.78247724016236,119.75040864729263,11886667,5343,54.47103051675036
2023-02-03,120.83905029296875,121.71833905870511,117.32190800796884,120.16911538679126,9250428,16363,71.1954208100886
2023-02-06,120.16909790039062,120.75528606626722,118.57801391044794,118.66174777531964,6436143,10558,51.21351914817296
2023-02-07,121.13211822509766,121.38334537108304,119.08045329244663,120.50405674910591,8681511,11637,71.46999291596642
2023-02-08,120.50408172607422,122.1789126758623,119.87602011990369,121.76020493841528,10325869,3049,56.15487154480518
2023-02-09,122.43013763427734,122.59761817060318,119.91789125555232,121.13214111634692,8078404,13589,47.15267403628533
2023-02-10,122.84883880615234,123.100065986203,121.25775462907336,122.38825777238364,6396208,9111,68.60996652383656
2023-02-13,124.06307983398438,124.60740748194807,122.76509625502355,123.4768916405917,6563018,13323,70.42689226980266
2023-02-14,124.3143081665039,124.94236968918204,123.10005844491505,124.48178868362919,6991500,9409,73.20592486571087
2023-02-15,123.51876068115234,125.10984469061339,121.84393002784859,124.77488367113017,12631259,3317,56.30365205317878
2023-02-16,130.55303955078125,131.01362051922482,124.27242483003276,125.61229441496978,30949761,5352,60.48378462988739
2023-02-17,131.13925170898438,132.98156296256008,129.29692767746423,130.2180896932243,19874561,5847,64.74506028061553
2023-02-20,129.67379760742188,132.14417082105382,129.2969504033189,131.641716400881,8348393,4547,52.36390333890872
2023-02-21,129.04568481445312,130.5530219215346,128.50135727872558,129.71560673851528,7599927,7348,50.654496641418355
2023-02-22,128.6269989013672,129.38066758192906,127.03590211870663,129.17131375089033,9599697,16938,58.34615851953005
2023-02-23,129.50628662109375,130.80428304790823,128.33391017116483,128.71074454593162,18675946,9983,61.822408419434
2023-02-24,133.24575805664062,133.54664082172056,128.73259528375442,130.45189538771106,14648507,17440,75.18981378872986
2023-02-27,133.46067810058594,134.14840080441934,131.5264653744905,132.38611547497734,11904749,5601,52.791373965716886
2023-02-28,130.70980834960938,133.63261362208303,129.9791004728808,132.51506580005946,17607584,10618,52.1185237244885
2023-03-01,133.0738067626953,133.33170435540072,130.53784218839448,130.66678442613895,7707977,9781,72.52504134379474
2023-03-02,132.42910766601562,133.28875781234845,131.22558959081752,132.81594760842134,8219892,9978,56.03476093959522
2023-03-03,132.60104370117188,133.8475338710288,131.91332091590635,132.38613115060272,8260104,7207,56.44807342869758
2023-03-06,135.99661254882812,137.2860874082365,131.99924573154877,132.98783787687523,14491522,14263,75.83229369129346
2023-03-08,136.03965759277344,136.55545301063023,134.44929931873358,134.57825473180895,7339476,16743,46.83439654125761
2023-03-09,134.36329650878906,136.81329111813352,134.14838401057193,136.72733398917742,5314022,12990,64.51724297149592
2023-03-10,133.9334716796875,134.7071514273486,132.55802644249232,133.76154430434258,4689681,8401,62.161926407347735
2023-03-13,133.9334716796875,135.82469904291744,133.41767643643482,134.27732643037734,8785721,11202,76.54567242666184
2023-03-14,131.7843475341797,134.8361076555562,131.56943503432527,133.93347253272398,7177342,7623,65.14240922627799
2023-03-15,131.13963317871094,132.7729632189746,130.49489556536153,132.38612327440904,9832270,3458,62.276680589319625
2023-03-16,130.83872985839844,131.87030725452254,127.22820241335499,129.97907984209198,18551936,14013,71.69289707715559
2023-03-17,131.65542602539062,133.1598139112965,130.62384838421372,131.95630884946036,16593429,4966,52.76893090498789
2023-03-20,130.9246826171875,132.51502706457543,130.32293030960244,131.5264349247726,8749355,14819,51.61700037724522
2023-03-21,130.27996826171875,132.17119575641556,129.76417298261106,131.65540047730786,6148489,4272,45.5581640078556
2023-03-22,130.27996826171875,131.35453082884408,129.67821584757232,131.01066293703266,4329409,3032,45.4674471456389
2023-03-23,131.35452270507812,131.6553923349343,129.20539770374248,129.8931203276135,4484564,3515,76.44027998704156
2023-03-24,128.4317169189453,131.698389851828,127.9159347404181,131.26856481111238,8301726,3699,67.97354026269565
2023-03-27,129.1624298095703,131.05365743957765,128.3027796943652,128.56067735237067,7437261,17391,54.57293871443987
2023-03-28,126.54046630859375,129.1624012027077,126.06765622650485,129.1624012027077,8964539,9106,53.394744574693554
2023-03-29,128.3887481689453,129.67822332383707,125.93874012776311,126.58347770520899,24012834,17226,59.96959883551729
2023-03-31,129.85015869140625,131.5264738722159,128.9905085353787,129.03349366662414,7998472,10947,70.9594191668869
2023-04-03,132.08523559570312,135.69577659087102,131.61243852382052,132.81594344406327,20016785,13618,69.87998855353312
2023-04-05,131.44049072265625,135.26594403568905,131.13962106787758,134.75014874575544,15880397,5955,59.81310431780958
2023-04-06,129.46328735351562,131.91328183380875,129.2913468702244,131.69836934691193,10670936,7240,78.11068200014776
2023-04-10,135.09400939941406,135.3948921844897,128.94751636618065,129.54926881911223,17431401,8999,54.81602563569775
2023-04-11,136.72735595703125,136.94226848977817,134.44927523958194,135.0510408250493,13305621,17569,57.329056905714765
2023-04-12,135.52381896972656,136.72733685530176,134.62119695206792,136.68435173131368,7333339,7640,53.359720627268686
2023-04-13,136.46946716308594,137.97385499008058,135.82472952294538,135.95367180408513,11610851,17263,77.73518048685506
2023-04-17,137.6729736328125,137.93087131503853,135.8247309584311,136.77035142085288,9358885,16085,50.984758606134925
2023-04-18,137.62997436523438,138.0168142533663,137.02820885345315,137.67294637274583,8008560,13422,47.081222056674974
2023-04-19,137.62997436523438,137.9308440039066,135.86768918905733,136.08260169548822,11374283,11249,68.32230315217282
2023-04-20,136.81329345703125,137.6299714579922,136.25452619900148,137.20014645420986,5733670,13732,70.65530546904284
2023-04-21,137.2001495361328,137.41506204285156,136.42645664161427,136.59838402354558,3512214,7154,74.9146692314996
2023-04-24,137.7589111328125,138.1887361285467,136.94224626436107,137.20014388524518,7028440,17585,50.79695730793111
2023-04-25,138.10279846191406,139.09140405565233,137.54403108252967,137.71595849793863,10169778,10124,46.56087617386303
2023-04-26,138.5325927734375,138.91944576866493,137.32908801580436,137.54400051661156,9177783,17770,60.08076756712574
2023-04-27,137.5869903564453,138.31768501390584,137.2001504651758,137.7159326144623,6456825,11206,57.593436150206166
2023-04-28,136.64138793945312,137.37209580967223,133.11683021489455,137.37209580967223,12656744,14036,67.24082709118694
2023-05-02,141.197509765625,141.67031987991234,136.98523009408555,137.1141723447013,16612560,4841,72.48421496638014
2023-05-03,138.5325927734375,140.42383327431537,138.2747082662433,140.03698027908794,8029435,12273,55.78559696820773
2023-05-04,138.40365600585938,138.57558338987636,136.8562833152694,138.2317286218424,9929482,3337,60.0894930237171
2023-05-05,137.80191040039062,139.2203277850186,137.28611510567904,138.44664796017048,5488707,10263,58.753620116376595
2023-05-08,141.8422393798828,142.1431221042421,137.54398970170453,137.80188730583865,9699470,7735,48.158361301348705
2023-05-09,142.05718994140625,143.13175264898118,141.32648205336707,141.84227739989126,7600834,7834,52.09463052148977
2023-05-10,143.51858520507812,144.12033766686903,141.84227009108204,142.05718262152308,10901429,11326,50.85835780192364
2023-05-11,143.60452270507812,144.97995471580526,142.78785789914375,142.78785789914375,7877677,6720,47.294728437480885
2023-05-12,142.27207946777344,145.28085456225807,141.84225445427563,144.55014679242444,16373574,14103,45.21947740117605
2023-05-15,142.35806274414062,143.21771284980036,141.32647212357324,142.2720924866868,8559162,6622,72.62722882464864
2023-05-16,144.4211883544922,144.85101331983293,143.3466259411403,144.67908595714002,12249266,11201,55.28389689096956
2023-05-17,143.77647399902344,144.42121155058857,142.78788166684453,144.42121155058857,7360259,15026,58.95576857468131
2023-05-18,143.00282287597656,144.80808051223255,142.70194004465637,143.99141540650567,7433090,7383,51.9403300618076
2023-05-19,141.7562713623047,143.34662901505578,140.98259165498737,142.87381891959865,5969632,8131,55.04353018194063
2023-05-22,142.35806274414062,143.04577233489272,141.06858758565102,141.06858758565102,7331865,10440,58.542195872752444
2023-05-23,141.8422393798828,143.6045243713793,141.3694292918398,142.358034588151,10119254,10914,48.451816102336316
2023-05-24,142.91680908203125,143.08873645447588,141.5413638680389,141.84224660773026,6107980,5172,75.91304852418952
2023-05-25,142.701904296875,143.90540908622634,142.0571667774614,142.9168168033462,8077606,16503,68.33474005080316
2023-05-26,140.7677001953125,143.9054177314043,139.52121020633984,142.74489799707217,14873707,10572,76.17335258402761
2023-05-29,136.6843719482422,137.75893462079125,134.53524660314403,137.54402208628144,43253971,16110,74.57630937846925
2023-05-30,136.555419921875,139.00541476998046,135.17997455235604,137.28611461669135,16117505,9600,70.78201176434166
2023-05-31,133.1597900390625,137.02821533787963,128.99049508733543,136.68436055820573,83741017,5244,74.70763540815418
2023-06-01,132.08523559570312,134.10541862313184,131.69839566542652,132.9878708444951,13982606,9103,67.49671272768073
2023-06-02,132.9878692626953,133.2457669188855,131.87032149735106,133.2457669188855,9851058,12662,60.324357083219596
2023-06-05,133.58963012695312,134.10542547180984,132.77296509528043,133.67560039016942,11850547,9032,48.616438796470135
2023-06-06,132.08523559570312,134.019448364306,131.69839566542652,133.6755935634423,8118800,12046,45.89248721148095
2023-06-07,132.25717163085938,132.81593894262994,131.13962389009887,132.04225910829848,12180164,9137,66.18801170310361
2023-06-08,134.1913604736328,134.66415744542425,132.55801772225954,132.81591532692028,13850599,13146,60.05914879258187
2023-06-09,132.60104370117188,134.87911149031655,132.2142037335916,134.70718407330543,11764248,14675,54.00443046721475
2023-06-12,133.28875732421875,133.46068472941164,131.18261709686047,133.11682991902586,11017643,14711,45.124868841234715
2023-06-13,133.80453491210938,134.2773450979526,132.60103000016275,133.41769498449938,10073644,10651,47.96380222607563
2023-06-14,135.69578552246094,136.1685826254634,133.9764851705373,134.19139771452777,9695952,6094,51.83308848929184
2023-06-15,135.52381896972656,135.73873147244876,134.2773290773815,135.39487671498054,7426254,11078,69.69111220263628
2023-06-16,134.96505737304688,136.3834747036468,134.40629008940903,136.03961993174948,11466647,12741,74.43037128538847
2023-06-19,135.6527862548828,136.21155356414485,134.53523851913937,135.73874339318962,4718221,13351,61.66142568652184
2023-06-20,135.1799774169922,135.65278759261,134.57822497403293,135.43787506889458,6059738,6545,76.4216406480575
2023-06-21,137.71595764160156,138.01684045461204,134.6212248318207,134.9650796605005,8284206,13543,47.896941149279435
2023-06-22,136.64138793945312,138.36068822964373,135.394897852509,137.71595062082224,10629027,16808,74.9088499596788
2023-06-23,134.8791046142578,136.68437519389556,133.58962937657955,136.68437519389556,8722650,11429,68.78115156997924
2023-06-26,134.8791046142578,136.03963757505642,133.97648244165939,134.9650748769912,4273205,12680,62.218680291230655
2023-06-27,135.69578552246094,136.55543569842277,135.26596043448004,136.55543569842277,9730174,11420,78.35337374731213
2023-06-28,136.29751586914062,137.6729480567919,134.5782157966626,135.69576346721703,40243993,16814,49.09592398896595
2023-06-30,137.80191040039062,138.4036628327413,136.64137754589922,138.4036628327413,7840112,16104,72.78417487059656
2023-07-03,140.0369873046875,140.33787006779997,137.54400741713934,137.80190505449022,9548822,9161,70.84124336187735
2023-07-04,138.57559204101562,140.03699457222174,137.54401455529478,139.69313978272126,5394282,16490,67.34380117067946
2023-07-05,139.95103454589844,141.32646679274094,138.70454456315332,139.2633118638676,8795342,14452,60.53218469845803
2023-07-06,142.18612670898438,142.52999463241403,139.73613170099574,139.95104423418175,9845699,6139,77.0719826528835
2023-07-07,140.55279541015625,142.70192072223816,139.9510429462173,142.27209565982176,7597171,14408,47.8638881780764
2023-07-10,139.9080810546875,142.18614901698405,139.69316848778323,140.89667361555834,5437687,13022,66.10177867789794
2023-07-11,141.4984130859375,141.9282381401266,140.03699740791885,140.33788019273908,6343183,15408,66.17735947014442
2023-07-12,144.12033081054688,145.28086366660568,142.0571758633526,142.658928296516,15614026,12856,59.963689772978285
2023-07-13,144.249267578125,145.53874253302382,143.73347234927846,144.97996218223713,11350009,6370,68.70250705336984
2023-07-14,145.49575805664062,145.92558304351402,144.593122960763,145.28084556320394,9448062,16357,61.61020734494474
2023-07-17,143.04576110839844,144.7650611847841,142.83084859885022,144.24927903219955,4968847,7867,60.49883443064534
2023-07-18,143.4755859375,144.55014848381808,142.74489127633487,143.04576091897277,4322257,9398,62.67489596589681
2023-07-19,143.34664916992188,144.3782266304595,142.78788187131957,143.7334890779711,5968174,14698,46.528346791681905
2023-07-20,143.73348999023438,144.50718292846247,142.70191252314942,143.5615625985901,5217131,12918,65.41729494425779
2023-07-21,146.6133270263672,147.00016694752202,143.1317415015346,143.86244933266448,7842863,9407,65.85605350398006
2023-07-24,147.0001678466797,148.07473047713788,146.35543026840477,147.5589351676301,8451631,4813,65.75442808514215
2023-07-25,148.71945190429688,149.02033465503678,147.25804950902776,147.8598018932894,10480578,12503,61.04130037101815
2023-07-26,148.67648315429688,149.83701604385573,147.85981817734267,149.45017611974265,9103949,8464,62.738934599573916
2023-07-27,147.0001678466797,149.2782353763632,146.7422701919258,149.1063079789338,7731146,12760,78.37572119240319
2023-07-28,147.68789672851562,150.39578942360063,145.19490345128767,146.74227632728775,9004252,9277,51.970141727953475
2023-07-31,152.2010498046875,152.5878897185583,147.3440189658497,148.54753695227132,9277749,9960,67.22548247431241
2023-08-01,151.90016174316406,152.15805938251037,149.83700686283112,150.69665691583964,5584773,6746,46.79726226838487
2023-08-02,151.25543212890625,153.5764847702043,149.57911706114763,152.15806735530535,8975495,4363,49.79875391920069
2023-08-03,147.94578552246094,151.12648822742858,147.4299902223173,150.65367805516678,6152393,7428,61.06135698324206
2023-08-04,149.02035522460938,149.96596249691075,147.945792562526,149.02035522460938,4605271,6364,56.995798990827424
2023-08-07,148.67648315429688,150.00894344154824,147.94578843479874,149.83701604385573,2240015,16395,48.56398116292097
2023-08-08,149.02035522460938,149.4071951595154,148.37561762735936,148.63350217248336,3631238,17676,64.83678630497282
2023-08-09,152.07211303710938,152.37299584985075,148.97738023009657,149.02036536294833,4852294,11984,63.248072978689166
2023-08-10,153.5764923095703,154.52211271073827,152.07210456412503,153.1036952262065,10430692,15333,65.78918364023286
2023-08-11,152.32998657226562,154.47911170200192,151.90016154631837,153.79138903704253,4112277,8452,49.69424702945287
2023-08-14,153.01773071289062,155.1238710121801,152.4589633476251,154.7370310579793,12876956,13338,63.07524898129439
2023-08-16,153.92034912109375,154.26420390547702,151.12648636701746,151.55631140610612,8371665,14251,66.70927102017781
2023-08-17,152.80279541015625,153.96332821712087,152.24402812811772,153.61946032898902,5199363,8333,53.1437382943445
2023-08-18,151.12176513671875,153.14763369534822,150.13037089574433,153.14763369534822,6734650,5653,51.927384145132336
2023-08-21,151.768310546875,151.98382930279098,150.25967925546317,151.12175427912706,3599820,3837,53.755052794637955
2023-08-22,151.85450744628906,153.36313871077365,151.38037671511333,151.7683078379938,5348036,13395,66.7164397129546
2023-08-23,151.294189453125,152.75971458336483,150.86315187633548,152.5873021834936,6379611,15142,49.2219632652178
2023-08-24,149.2251739501953,152.32863577042295,148.96654884328817,151.29414849701374,7976333,6191,60.77060182251854
2023-08-25,150.60450744628906,151.07865135098805,149.00967650858314,149.2251952694262,4757915,3542,71.3138583757623
2023-08-28,151.03555297851562,151.5528032936611,150.47520943229296,150.94935336213933,4354221,6625,61.162849906038865
2023-08-29,151.466552734375,151.811390576514,150.8199965788604,151.38035313950425,4596468,13643,70.27880905776352
2023-08-30,151.5096893310547,152.50107037224365,150.8631330465694,151.4665829479114,5937955,5918,54.74986269215554
2023-08-31,150.13035583496094,151.72519984502011,149.1820812284619,151.55278747604032,15823452,13516,45.057899273522885
2023-09-01,156.68212890625,159.26835386756363,150.3458724893435,150.3458724893435,22460960,3920,45.46781379214819
2023-09-04,157.71661376953125,159.00972622976934,156.72523281170342,158.49248913820622,10998180,11511,47.97850756106307
2023-09-05,157.84591674804688,160.34592865353815,157.24245380500795,158.19074144045297,13506519,6367,75.23074122955029
2023-09-06,157.80284118652344,160.9925162538819,157.1993912798699,159.39767214309197,11954407,11621,64.34941068446349
2023-09-07,156.68212890625,159.65628498091658,156.0355726659216,159.48387261433976,11137801,9701,55.820335536333026
2023-09-08,159.00973510742188,159.44077261823313,156.89765393529098,157.32869144610223,9737214,3067,61.76017188562082
2023-09-11,158.1045684814453,160.30286262289493,157.15629376156068,159.87182507179588,10845871,3307,66.13329720386915
2023-09-12,155.9493865966797,159.39768713528375,155.3459366332685,159.35459390192932,15524470,4391,70.13720241841554
2023-09-13,158.53558349609375,159.22524611065845,155.94935855714135,156.81143353679215,10578786,15247,48.74269869443539
2023-09-14,161.98388671875,162.84596171598488,158.79421185982497,159.26835573914826,17746404,16608,68.5449768480314
2023-09-15,160.9062957763672,165.25977721911696,160.00112753687233,165.25977721911696,19924829,7872,66.06394333863838
2023-09-18,160.99249267578125,161.6390488712663,159.5700743074019,160.1735241256774,5022956,17049,74.85633860541009
2023-09-20,162.24253845214844,163.36323876316243,160.51838817496466,160.73390695961263,12687099,12388,76.10079969789719
2023-09-21,160.9494171142578,162.45804852590177,160.3890735659074,162.414942140439,7814108,5617,58.668200997812974
2023-09-22,159.5701141357422,161.81150161367066,159.48390135980455,160.86322684947032,7814821,10897,46.76420762399706
2023-09-25,159.9149169921875,160.9494043904033,159.69939823613333,160.3459545042958,5540062,12317,53.86160970941754
2023-09-26,161.85459899902344,162.19942377514877,159.69941126268492,160.34596758358646,12446655,12611,65.65632344796393
2023-09-27,161.42355346679688,163.19080995401995,160.60458479834364,163.19080995401995,5630907,11099,59.98019659357877
2023-09-28,161.59596252441406,163.36321897530777,160.7769938727963,162.84596869311704,14890642,10414,57.127186931001646
2023-09-29,165.3890838623047,165.7339085794557,162.19939603466887,162.50112752784082,10085766,15052,47.035313015926796
2023-10-03,159.13906860351562,163.19081893966245,158.3200867357461,163.19081893966245,22118500,14586,49.90059335124982
2023-10-04,157.54421997070312,159.13906412128813,156.9838764335904,159.00974496749322,9360058,12639,71.6925852364897
2023-10-05,157.070068359375,158.62180604939812,156.03558095076662,156.25109970898592,11128340,15708,54.660317331228995
2023-10-06,156.4235076904297,158.1907640890259,155.69075182560152,158.1907640890259,5759904,10644,77.4800701504835
2023-10-09,156.6390380859375,159.22526330415624,156.25110693404903,157.67352554238064,14622727,4011,67.51236627772266
2023-10-10,158.19076538085938,159.05284039655888,156.94075923893925,157.15627799286415,11819690,9692,53.56223522121488
2023-10-11,157.97525024414062,159.2252564146825,157.54421272642128,158.96663127320667,8499601,8322,72.66732917414495
2023-10-12,159.00973510742188,159.3545730086034,157.75972895691348,157.9321413303938,8677885,16263,49.48564867367949
2023-10-13,159.39767456054688,160.56148116220317,158.66491864643353,159.05284979557842,7435899,9849,68.63816923402572
2023-10-16,160.82009887695312,162.2425174094544,160.56147373807445,162.02699865275898,12376549,3740,57.61464837586498
2023-10-17,160.5614776611328,161.2511403302531,159.95802775848557,161.2080339470166,4381065,10082,46.37726190786186
2023-10-18,161.16493225097656,162.1132200928739,160.38906994704,162.0701137083837,10181113,11728,51.511911536737884
2023-10-19,160.60458374023438,160.90630211387597,159.52698993246872,160.34595859552635,9148124,11030,62.256716200577074
2023-10-20,160.51837158203125,161.466659398146,159.61319014923467,161.20803425245822,7912216,10644,61.83948700350771
2023-10-23,159.35455322265625,160.30282773616776,158.79419663564468,160.30282773616776,4723090,15153,49.18493816891373
2023-10-25,158.92352294921875,160.21663537954853,157.759716500234,159.35456042599534,6812004,6996,70.72352318273586
2023-10-26,155.9493865966797,158.7511307842955,155.08731146202868,158.1907872084614,8474867,3871,52.38188163002019
2023-10-27,159.2683563232422,160.17353770450256,155.43212520232214,156.03557507175555,6422123,7534,65.01276358362296
2023-10-30,162.759765625,163.10459036965523,159.13905318923688,159.4838779338921,7352638,16332,61.6392527799566
2023-10-31,160.4752655029297,163.62184733202363,158.7942217841043,163.1045970396675,9404675,13805,66.70227633762471
2023-11-01,160.9494171142578,162.75978006991937,159.52699847353944,160.47527318261103,9167869,16667,68.30259360230174
2023-11-02,160.51837158203125,161.76837777293065,160.13044044061024,161.20803425245822,11471209,11872,61.924221166645594
2023-11-03,163.79425048828125,164.35459397826344,160.1735381083318,160.90629396798383,7464912,13100,65.14877761225463
2023-11-06,166.6391143798828,167.4149766845373,163.40633285345294,163.96667638967878,8962124,12032,73.58639538062577
2023-11-07,166.55288696289062,170.69084958364118,165.82013110721036,166.72529933162593,13921916,13723,52.484852719879214
2023-11-08,168.40635681152344,169.44084418252115,165.77702542599798,166.98392516645856,10186886,3496,77.42914305713995
2023-11-09,166.12185668945312,169.5701568310265,165.69081917175646,169.39774445479208,5303833,14401,54.24156577638655
2023-11-10,168.8804931640625,169.39774344390023,166.12185569811038,166.12185569811038,6025889,16577,70.9220542930547
2023-11-13,168.7943115234375,170.08742420647573,167.32878644683862,168.8805111431066,11181086,3207,51.6530858913253
2023-11-15,171.9839630126953,175.00122552168997,170.38911899625276,171.12188801012542,19769385,4827,73.6078736212659
2023-11-16,173.9667510986328,175.34606331288114,173.27708841439787,174.5702010145053,18629240,10247,60.76650551266448
2023-11-17,169.2684326171875,173.49259488308743,168.57876998183917,173.14777014252363,13199928,12262,60.119569989788175
2023-11-20,170.56155395507812,171.12189747605677,169.82878490067097,170.69085995092817,6423265,13953,53.064595572763295
2023-11-21,169.76243591308594,172.20410278658156,169.58486285005932,171.36062057623795,10720353,8670,75.52925629992382
2023-11-22,169.5848846435547,170.33958719335055,168.47503592206544,169.76245772940135,7538825,9420,76.57681585144533
2023-11-23,169.27410888671875,170.25078110756164,168.3418468689543,169.58487192461158,6541617,10757,53.930254914336544
2023-11-24,167.67593383789062,170.33957050856114,167.05440777636883,169.45169161833763,5751331,5652,51.92251443184198
2023-11-28,172.2041015625,172.648040990889,167.27637119779092,167.67592752170597,9277764,17695,74.35839069218497
2023-11-29,170.47274780273438,173.58032393455505,170.20638142470125,173.58032393455505,8791333,16169,75.70363223821435
2023-11-30,173.0919952392578,173.7135077826245,170.51715175332836,171.04987098423237,14965403,12711,59.3331876240796
2023-12-01,172.73684692382812,176.02199622447918,172.47048053773054,173.3583594594177,9935740,17310,63.387076063806376
2023-12-04,179.39593505859375,182.8142607063287,174.06866164065752,174.46820443741134,28615290,10591,53.09054572984623
2023-12-05,179.39593505859375,181.0828995550908,176.82107811115043,179.5291114748594,14557746,9350,48.770176958930485
2023-12-06,179.30714416503906,180.90532892154474,176.77669738619906,180.90532892154474,12662213,8777,59.3768701803882
2023-12-07,176.59913635253906,178.37489443973587,174.06868920705904,178.37489443973587,16425880,17318,56.650230337955506
2023-12-08,173.97987365722656,177.84215242264912,172.3373057651864,177.44260961366408,10414387,3959,67.95715284963151
2023-12-11,175.62245178222656,178.3304851777206,172.47047893002718,174.95654259716855,10108266,16332,73.7639245046539
2023-12-12,173.49151611328125,175.6224334113377,172.73682724460022,174.86773099470102,10719911,5142,65.12297335464457
2023-12-13,171.49380493164062,173.49153246614412,170.51714626576862,173.49153246614412,10892122,15646,76.5189526676906
2023-12-14,173.97987365722656,174.290636701969,171.58260325535892,173.9354770011266,15257294,10151,57.686142879950495
2023-12-15,178.508056640625,179.30714223630386,174.7789679475288,175.13411409050676,22863981,4833,64.8160316660516
2023-12-18,176.6879119873047,179.04078579810331,175.22291713121615,178.50806655405188,8061011,4746,55.8233380244068
2023-12-19,177.84213256835938,180.727738769263,176.95425373731211,179.35152387154858,16739742,12385,47.87023617444955
2023-12-20,180.4169921875,188.2303293217686,178.41926463573594,179.12957047484346,57762576,10880,78.60219100626122
2023-12-21,179.92864990234375,183.56895873538406,178.64122823386344,181.0828951577924,22823936,9824,64.52100315008137
2023-12-22,181.0828857421875,181.57122181117302,179.17395166555556,181.1272823935418,9910694,13062,78.92894888235656
2023-12-26,184.1016845703125,185.12273982643174,180.81652199402058,181.57122443407815,17052969,11355,63.50065636196289
2023-12-27,182.50350952148438,186.3657745847888,181.5712339724258,186.01062844607924,20361303,6955,74.59602177685719
2023-12-28,184.9451904296875,185.47790967792702,182.32595020229257,183.34700558905334,22010872,16135,56.582919162849215
2023-12-29,182.0595703125,184.67881034579372,181.34926448619407,184.67881034579372,12171663,11340,58.79336204259147
2024-01-01,182.32594299316406,183.87973111468568,181.79321021803088,182.90305887626062,4820168,6235,71.71428789652174
2024-01-02,183.83534240722656,187.12049186803463,180.81654579754405,182.32595087636423,21141219,12073,72.27525579708761
2024-01-03,184.90077209472656,186.8541028718503,181.57122637873508,182.45910523633282,11650902,10359,60.78626230455616
2024-01-04,190.58319091796875,191.249100059608,185.83304716971585,186.8984990867474,31054419,15286,74.45144443402236
2024-01-05,192.18138122558594,193.1136567609196,189.1625984471266,191.29350234392652,20743811,5884,76.6655835767399
2024-01-08,193.51321411132812,196.04367453367527,192.75852513389583,193.55761076834358,19310595,10397,67.00664627399507
2024-01-09,192.3589630126953,196.62078454745645,191.7374504769495,196.22124174218823,11951525,4153,58.248005565406245
2024-01-10,188.31910705566406,190.8939502680036,186.18818971459652,190.8939502680036,16500666,16648,51.2368154314994
2024-01-11,188.09715270996094,190.00608694938174,187.2092737989825,190.00608694938174,12586419,13545,53.22612741032476
2024-01-12,198.3521270751953,199.5507689261924,188.54107674944692,189.8284983555086,39228118,3260,62.3730138865627
2024-01-15,207.31971740722656,209.05107850467635,199.4619839407037,202.88032303019816,57884916,14092,77.97144901729072
2024-01-16,208.74034118652344,212.15866692718447,205.18882547801914,208.60715121868017,34505065,11727,49.48342533098915
2024-01-17,206.0323028564453,210.649270458268,204.83366091410696,206.1654792731687,26010955,10615,48.374257096979804
2024-01-18,207.36412048339844,208.2076027315682,199.46199011875666,204.25654432322577,19232183,3557,60.214021088400784
2024-01-19,214.91111755371094,215.35505705968927,208.65156780982448,209.53944682178118,26391844,5789,75.1830417791692
2024-01-23,204.12335205078125,218.10744461342557,202.43638757351795,217.53032875224517,20282617,16701,54.178944100453855
2024-01-24,208.0744171142578,208.65153295644419,202.52517421648005,205.1000175018664,14458601,11064,69.21381088667846
2024-01-25,207.80807495117188,210.8712546779548,206.69822624234052,208.65155726029212,18291957,5531,77.56798037825706
2024-01-29,224.18943786621094,226.364738613143,212.29186519665257,213.97882980497755,54127939,8585,59.90038839948025
2024-01-30,221.25941467285156,233.77849877960105,220.77107857818663,227.7409332206926,51491099,17185,63.748794832167775
2024-01-31,223.96746826171875,225.83201950191122,218.68459114511714,222.36928341983344,33293192,9931,73.33544571580346
2024-02-01,219.88320922851562,226.09836167161635,217.92987831313255,226.09836167161635,29758133,16566,55.06539466434024
2024-02-02,228.40684509277344,230.84851204711794,221.0818442297399,221.9697231222288,30482663,10079,52.728040841142516
2024-02-05,233.46775817871094,237.9959187093806,226.49790367558958,230.89288779581236,34001868,6438,53.31779226556533
2024-02-06,241.76942443847656,242.74609669131553,231.02611094499255,235.598682065199,36708949,8268,76.39911058960966
2024-02-07,241.41427612304688,244.74382211710116,237.55199735076096,244.166706230648,23756939,12005,63.204655195505254
2024-02-08,242.52413940429688,244.74383686744423,238.9282403523647,242.4353460865877,25252940,12188,46.885359977101395
2024-02-09,237.55198669433594,244.74381113805566,230.09380942140615,244.16669527749153,26743792,17703,62.45047054624815
2024-02-12,228.9839630126953,236.70852028517226,228.00729080299274,232.5798888171575,30906374,9047,52.73275201115368
2024-02-13,230.40457153320312,232.97941489030674,226.14275015941382,229.07275320064124,20711842,13316,54.26112456003386
2024-02-14,238.7062530517578,239.41654534936404,227.29700351102542,229.07276135095532,36168962,10618,57.18844171553179
2024-02-15,246.2088165283203,248.4729240580835,238.8394322453609,241.1923059914204,32831246,9956,74.00824367370214
2024-02-16,247.47006225585938,250.4429350198914,243.5512554360072,247.8754390005063,27044984,6217,54.961582268233805
2024-02-19,247.4250030517578,251.3888425837393,245.39803684299,247.4700632407792,15322964,4501,65.46924203651574
2024-02-20,249.18170166015625,253.280666503854,246.88445694625403,247.56011230460993,18968785,8647,70.23520268575882
2024-02-21,245.89353942871094,253.2356561383775,244.67735417794043,248.6411937979608,16340579,3321,63.95811395514478
2024-02-22,247.47006225585938,248.64118728593536,241.88463328360015,246.70431397043032,16791453,10635,60.04518927145899
2024-02-23,245.2178497314453,248.64115904007534,244.22688309184645,247.65019240047647,9464646,3700,77.75850906986906
2024-02-26,243.10081481933594,244.94759522166518,241.2540069245185,244.94759522166518,8661999,6167,52.350360531133845
2024-02-27,242.650390625,243.41613893900757,238.68655096085968,241.47923805872674,19582774,5274,50.61563176844197
2024-02-28,239.40721130371094,243.50617607880247,238.37121193673593,243.2359249369782,9118196,4671,45.82934385894824
2024-02-29,238.37124633789062,239.94777570852153,235.57853166856066,238.73159040982247,17179832,17937,70.77610832048165
2024-03-01,243.73141479492188,245.8935340792496,240.08288661447415,240.08288661447415,12930057,11179,76.42567677677384
2024-03-04,251.52395629882812,252.74011383978856,245.488091313574,245.71330974597177,22280353,14052,71.97202806151786
2024-03-05,255.6229705810547,256.70403026420837,249.2267603561233,252.24469343681167,18544484,5301,63.60980192326861
2024-03-06,252.4698944091797,256.1184224750112,246.43402866627372,256.1184224750112,16807149,10378,61.4119712407292
2024-03-07,250.5330047607422,256.16346590921046,249.7672565460533,252.46987789731807,11386963,15885,72.29744215373735
2024-03-11,246.8394012451172,252.69508047173494,246.11871326037337,250.5329890250191,10684598,9417,71.19848280879883
2024-03-12,243.5962677001953,248.28082241254933,242.38008258328742,246.8394188477876,13780189,12538,65.13709559729547
2024-03-13,230.0381317138672,244.13680127027698,227.69585432126385,243.9566155121972,20079496,10132,75.4280355530581
2024-03-14,237.15504455566406,238.146011303967,226.29951175173048,227.47065052347645,21404057,8900,78.74528315507354
2024-03-15,233.10108947753906,239.99276836359522,224.22747728781962,237.78564410847812,34961065,11388,50.63333731440752
2024-03-18,235.66860961914062,236.97486023364334,232.02005395434847,233.2812993648872,9246173,15017,64.77814097596453
2024-03-19,233.55152893066406,237.78564672022983,231.20925158946778,236.02893184121112,8758348,10986,49.57414394268798
2024-03-20,237.69557189941406,238.3712272899795,231.70476626823162,233.7317324399279,10484778,13753,54.22293571670089
2024-03-21,236.88478088378906,240.48827614732653,236.34425109576102,238.46131006158672,12163200,7322,76.43774839481183
2024-03-22,237.15504455566406,238.95679228258268,232.83086100805477,236.88479339362166,13025089,10385,76.04807894104698
2024-03-26,239.1820068359375,241.3440985743749,233.59657797686012,235.7136370198566,10830926,13444,78.54068477201437
2024-03-27,235.80372619628906,241.61437342620127,233.91188564521386,238.73156615861166,28563001,14510,78.8137523025097
2024-03-28,241.47921752929688,244.13680630712582,235.98390919681634,236.43434610882213,18888942,12012,51.07681123693928
2024-04-01,243.1458282470703,244.5872317966713,241.25398780649942,241.47920625198438,6440401,8516,60.858213575568236
2024-04-02,245.48812866210938,246.88447215842135,242.74047436582248,243.32603688064722,14439120,13285,63.84118185840438
2024-04-03,248.0556182861328,251.34380231614392,246.70430752099224,247.78533963761194,22600929,7315,63.91113521466207
2024-04-04,242.3350372314453,251.0284633659723,239.0468535630472,251.0284633659723,24624383,3247,54.49430613910335
2024-04-05,241.38914489746094,244.94757990003527,240.0828668948471,241.29905201926576,13029904,14898,78.20621157471602
2024-04-08,243.5962677001953,245.03767126495703,240.17295828981176,241.0287718961645,13011300,6953,51.50115465803811
2024-04-09,242.29005432128906,245.62327136474207,241.4342130913199,243.23596095021034,13173933,15798,62.84239283625247
2024-04-10,245.0376739501953,246.11873350873492,242.47017811802866,243.19089365455062,11137195,16445,66.1024900562893
2024-04-12,239.3621826171875,245.4881135359523,238.73155995239398,244.94758375077024,21894584,5131,63.963901394672675
2024-04-15,252.10952758789062,254.90224174630237,240.62338713178997,242.42513465431557,75063828,16335,62.225856097822955
2024-04-16,255.0824432373047,263.55065252996525,247.9655448155737,249.5420741649915,79082544,14817,73.81453074489886
2024-04-18,246.97457885742188,259.1814369287785,246.2538907207877,257.6499402728181,34136482,6229,57.07205528687204
2024-04-19,247.9655303955078,252.96536933019297,246.92953095320684,249.31684118785392,32658724,14463,64.60015080663516
2024-04-22,249.36183166503906,250.44289111287952,246.6141778494632,249.81226851955861,14184019,8355,63.212870719530244
2024-04-23,249.36183166503906,251.1185463946589,248.23573952874014,249.40689184598128,8799147,15642,60.94279963352602
2024-04-24,251.6591033935547,252.60500989357024,248.91142178769957,250.08257423187098,9253985,3399,51.84681795740409
2024-04-25,254.0014190673828,254.58698163146929,250.44295599775643,251.6591413185459,17050557,3789,60.92764409233284
2024-04-26,254.85719299316406,257.7850328485826,254.22659782748897,254.94728587182811,11070290,17110,53.67199204675994
2024-04-29,255.12750244140625,256.9742829608687,254.18156833992134,255.8031578742569,8952420,16900,74.37911825000191
2024-04-30,254.81219482421875,257.96525355725754,253.5509768295013,256.29863129986757,10658906,14050,75.67975340689888
2024-05-02,254.76710510253906,256.38869447278086,251.38882828014425,253.14554322478443,15677336,3786,52.99207568411497
2024-05-03,257.7400207519531,263.9110122850058,255.84818011877428,255.84818011877428,28913016,3206,68.04048815328247
2024-05-06,254.1815643310547,260.12733754486374,247.96553994536362,260.0823048470466,15491865,17630,78.194213767008
2024-05-07,246.4790802001953,256.749036147602,245.03767660402718,255.758069456956,13179001,7387,66.9204102428934
2024-05-08,249.40692138671875,252.46988686174475,245.35298921587898,246.38898860548505,12797721,5282,75.84542349903413
2024-05-09,238.956787109375,250.93839823699693,237.11000672626002,249.7672732368491,14869187,13527,72.4163360047711
2024-05-10,243.46115112304688,244.31699225349934,238.2360939368275,240.53331119279747,9530738,9057,45.571308200022145
2024-05-13,240.44322204589844,244.9475912393116,236.0739784297901,244.9475912393116,7163239,5396,64.66041254262956
2024-05-14,245.8484649658203,247.42499418279561,240.03784520446118,241.38915596186857,9123849,15310,62.3536759228512
2024-05-15,246.34396362304688,248.64118092810486,245.4881224743064,247.28987016219125,6368662,4241,52.39367393737764
2024-05-16,250.12757873535156,251.6590750310936,246.65920947204188,248.64114262035702,23757779,15699,55.36922303533956
2024-05-17,249.9474334716797,255.3076158002087,249.18168528403692,251.1635910428054,11529157,13760,77.42689960498295
2024-05-21,252.3347930908203,255.84819591652806,250.7582637145741,253.23566702010388,17559555,14207,78.48979723227679
2024-05-22,250.44290161132812,255.84814409214815,249.45193499134746,255.84814409214815,17935064,8942,70.62332007634298
2024-05-23,255.3527069091797,256.3436461623345,251.43390011515194,252.1996483955348,17719819,16065,57.87353381014944
2024-05-24,255.17250061035156,257.604870836465,253.91128280486117,255.8481559517735,11041667,11163,68.37770703086332
2024-05-27,250.12757873535156,256.02831799954953,248.37089150580664,255.84813226152679,13719808,4723,46.488689069226304
2024-05-28,247.10968017578125,251.61404931855878,245.98358789008685,251.61404931855878,6927361,11962,62.07943329448359
2024-05-29,244.90255737304688,246.65924485458345,243.4611537395511,246.65924485458345,8327205,8558,69.58017519295461
2024-05-30,240.2630615234375,247.83039619900117,238.73156501502535,245.9385556569884,15390964,5821,50.09744127336248
2024-05-31,238.14601135253906,241.8395996919733,236.92982613812322,241.8395996919733,24167379,4277,68.61337290511445
2024-06-03,255.9382781982422,258.14540273799804,246.11875827460977,250.39790926131792,30195397,13037,55.116033511819396
2024-06-04,212.87648010253906,256.74903108627916,200.89485590259739,256.74903108627916,72779900,7819,45.70142431561208
2024-06-05,222.96629333496094,224.99325963800604,207.6063903781924,222.5158563787287,37078551,15104,51.43632176510021
2024-06-06,227.2904815673828,233.77677072257532,224.5428134975025,228.82196440668258,30881233,14306,65.96717127841936
2024-06-07,234.58753967285156,234.9478837061073,226.8400329879035,228.37151574860596,22010688,4077,64.41883743536937
2024-06-10,233.46142578125,237.83066894791898,232.47045916213668,237.83066894791898,14138524,9650,64.76721987148764
2024-06-11,246.4340362548828,247.74031436397928,238.9567941274382,240.3981978185991,47270206,7867,56.57582054763401
2024-06-12,248.19073486328125,251.4338860805003,247.37995393209823,250.44291939017128,20560662,11491,54.753457949046506
2024-06-13,249.1366424560547,250.44292048435275,245.48811450354722,250.44292048435275,16013386,3259,67.68220667176797
2024-06-14,248.10064697265625,250.62311018898833,247.3799589065542,249.5420505973478,10642648,3781,74.34491848089593
2024-06-18,248.46096801757812,251.3437750002379,246.83940627263507,251.29874230995586,17044769,7560,68.66782964877918
2024-06-19,244.6322784423828,249.1817077961661,244.22690171287914,248.55108511584365,13361607,13066,70.7055363679483
2024-06-20,244.90255737304688,246.8394306184533,242.42515432851863,244.85749718583563,12826509,4066,78.585029408704
2024-06-21,242.92063903808594,247.5151013774389,242.24498362031312,244.5422285362343,17406416,4250,63.72911395376064
2024-06-24,243.1458282470703,244.36201335118633,240.1729557636632,242.92060980158536,7282347,5313,67.91154515085282
2024-06-25,240.53330993652344,243.95661945547909,238.73156229654947,243.3260242769805,14425434,10556,52.25623243246494
2024-06-26,241.20896911621094,242.4701869856413,237.9207851197536,240.44322085861432,10650910,15877,54.03314534502188
2024-06-27,240.9837646484375,241.52429447885706,237.38026910229263,240.89367176128601,22830930,12391,73.31415181200293
2024-06-28,247.01963806152344,248.14573045332017,241.74952016941683,242.33508271465308,19532912,7935,46.75807498019795
2024-07-01,245.89353942871094,248.4610080228506,244.67735417794043,247.74031990738845,11750972,17108,67.22656355916168
2024-07-02,247.60520935058594,252.06451888408108,244.5872761354987,246.11877283942087,24470518,15624,45.395794410543026
2024-07-03,247.47006225585938,250.17268385679344,246.8394395519793,248.64118728593536,9125400,7690,59.12097550749905
2024-07-04,249.58706665039062,251.25368862117674,245.9835715751712,247.74028642133493,13444669,16225,78.9075166847465
2024-07-05,259.6318359375,260.62277510740614,249.09160165180356,249.76725699082291,39781962,6070,78.20829224570538
2024-07-08,269.49639892578125,272.9647686463528,258.86609880057495,261.2534089354532,53136198,17316,73.45057979896406
2024-07-09,267.96490478515625,271.92874374007306,264.27131695506927,270.98280981819937,18686252,15704,67.72748729966318
2024-07-10,268.5954895019531,270.08192561590226,260.2173750469788,269.9918602394379,19278800,13689,58.303363401987305
2024-07-11,274.541259765625,276.7484113251312,265.892866756874,270.26210969544707,36020507,10025,54.51718454386565
2024-07-12,276.65838623046875,280.8474444584561,274.0458573619114,276.38810755907235,31788101,13213,58.2152537434403
2024-07-15,290.53179931640625,291.5677986836884,278.0546917387393,280.8924386986813,51435537,3568,50.01134559026473
2024-07-16,290.66693115234375,295.12626753728733,288.0544025851742,291.5227722742984,37468292,16548,64.94720240122008
2024-07-18,298.81988525390625,300.2612615077621,289.7660860141195,292.87411198303687,48189915,15028,45.515915737835556
2024-07-19,287.9643249511719,300.1711822963225,286.5229212711648,299.9909965266384,26579496,17312,68.96086859301624
2024-07-22,289.00030517578125,291.2975498702776,283.32481121053,288.279617129951,22234557,15322,56.13424173433104
2024-07-23,283.0094909667969,289.5408258366787,267.9198552329319,288.3246407417208,37871058,14878,55.973558176222355
2024-07-24,287.8741760253906,293.4596038884104,281.162683544768,282.0184970529435,28259305,12470,61.34718262277937
2024-07-25,302.513427734375,304.089956971361,284.7662293906541,286.52291690208847,42054664,15659,70.40050853118052
2024-07-26,298.7297668457031,304.94579076003953,297.3784561037827,303.1440431041457,25703985,13255,74.27977900768406
2024-07-29,299.90093994140625,305.8917463599261,297.9640663990641,300.7117210181434,26721790,5875,48.208236961305
2024-07-30,299.0000305175781,304.72058506308423,298.1892495369723,299.0901234026429,19792253,6755,49.5726225532563
2024-07-31,301.07208251953125,303.99992283206336,297.06318247922167,299.1351815495557,21393361,13449,60.9002448870051
2024-08-01,307.8736267089844,310.53121546396454,303.7296016556623,304.3151641377379,36044960,9377,69.67956743834948
2024-08-02,297.37847900390625,304.49537729423815,296.0722008557961,304.49537729423815,22939377,14315,64.51173985909246
2024-08-05,279.49609375,291.2524857294358,275.6673801369863,288.5949245406004,37986023,5974,47.43815649149387
2024-08-06,275.75750732421875,290.4868011430386,274.90166611900844,283.5950937881623,28386636,4541,78.9462645615106
2024-08-07,296.4775695800781,298.1441915889094,281.0726222833583,281.432966300609,66110716,7299,75.66593958953938
2024-08-08,290.7120361328125,296.38753104953037,289.8111621782547,296.38753104953037,23478224,14813,67.06247837117948
2024-08-09,299.5855712890625,302.55847132550764,295.6667922517953,300.84681660345615,29814474,13440,53.83422734837774
2024-08-12,307.4682312011719,310.53122425720073,297.19827490342243,299.76577085098177,34754596,6439,46.361489755630885
2024-08-13,302.6034851074219,310.80144167621916,299.9459240581451,309.99066080512597,28943385,8529,54.271426667014595
2024-08-14,295.6217346191406,303.14403641500894,294.40554947975096,302.55847393826184,17812763,17836,63.93122364785886
2024-08-16,296.9280090332031,302.4683773870676,296.07216792893314,299.5855702392506,16584396,11740,68.39132456890624
2024-08-19,302.06298828125,305.1710140337177,300.48645905745957,301.79273712559535,19636518,11437,54.98638179320145
2024-08-20,297.37847900390625,302.6936294995977,295.531671018906,302.5585039134976,14972714,3986,58.48947444686043
2024-08-21,295.2164001464844,298.6397101100253,294.1353404251079,297.8739617650912,11835143,15034,76.28450699744205
2024-08-22,292.19842529296875,297.73879371688855,291.5227699365764,295.98207879327373,13387819,13220,75.89287321316736
2024-08-23,289.5201721191406,294.87660761962707,288.29454023788503,294.5134646156345,13229612,14138,51.32470703819171
2024-08-26,297.6456604003906,298.7804997128017,293.06089295462704,293.69641405199246,21346682,15194,71.66748363562118
2024-08-27,298.55352783203125,301.9126355279345,295.9660886933512,299.05284604035654,20165503,5049,46.08012529121364
2024-08-28,297.6002502441406,299.86992886926686,294.74046071768913,298.3719465178911,12446738,9054,50.29727765061721
2024-08-29,299.23443603515625,299.73375425119883,295.01283932576655,296.05688595406156,13799961,8278,66.30061746668264
2024-08-30,300.2784729003906,303.59219805029863,299.1890161113077,300.0061225561384,19666466,12958,51.089949581183426
2024-09-02,296.1476745605469,301.36793533614235,295.7845038200232,299.59757494722106,8975511,10809,66.55614883037406
2024-09-03,292.5162048339844,297.78184838769255,292.0168588914181,296.8739768987057,10321111,14071,57.92214277563788
2024-09-04,285.43475341796875,287.06893850891356,279.987525193557,285.97948178161704,25397204,12993,66.29333536829353
2024-09-05,282.711181640625,287.74988512635275,281.57634225726827,287.74988512635275,15571640,16036,49.49370555538222
2024-09-06,280.3507080078125,284.29995457247406,275.72058552445696,282.8019721392685,27946491,17437,76.65586035216805
2024-09-09,271.3627624511719,280.2599190089704,267.50430890828926,280.2599190089704,30369085,3728,63.16610747880087
2024-09-10,268.3668212890625,273.7232576047976,267.82209284714855,272.452243044358,15618589,7087,56.56681563992547
2024-09-11,259.0157470703125,265.46164073940156,257.15462143974946,265.46164073940156,44826300,5814,67.17776849249276
2024-09-12,266.9595642089844,267.595085247882,260.10514647504056,261.4669535246481,21964895,13004,60.59011883399366
2024-09-13,264.5991516113281,269.8647950668015,264.23598085767736,268.45760536753977,13672371,10048,69.5640554231872
2024-09-16,265.5523986816406,268.1852203410374,264.5083520570913,267.64049193073924,10971110,13933,50.69185288636001
2024-09-17,267.50433349609375,269.27469401384894,265.2346547328382,266.6418721896804,11873436,8224,73.1159279776261
2024-09-18,263.6458435058594,270.36408618417113,261.3761650533192,270.1825285315894,13421760,15825,67.80180358783831
2024-09-19,258.9703369140625,262.55644030431506,256.4736903706316,260.92225503408264,17067311,3375,54.28602946923944
2024-09-20,259.87823486328125,262.42026415681994,258.92498080471455,260.5591385354121,16585530,7877,49.01266899831535
2024-09-23,268.2306213378906,269.0930825607491,261.05841497601165,261.83011122196484,14621229,16841,58.689251807558534
2024-09-24,271.86212158203125,274.1771827379663,267.5497321184374,269.0023042992383,16986759,16360,49.83406994394273
2024-09-25,271.1812438964844,273.4509227784233,269.3655007909332,271.8621475610661,10609614,6101,74.17432052125831
2024-09-26,268.0036315917969,271.1811812929583,264.6444965395838,269.6831714118688,27812412,14847,58.613576700989036
2024-09-27,269.81939697265625,270.95423624709366,263.0103613260317,265.73397558468156,35706130,14451,74.64166547328571
2024-09-30,270.1825256347656,273.99556877052925,266.68721531412234,269.63779727078924,16294341,9126,54.80389324348254
2024-10-01,265.0530700683594,271.5897276173655,263.9182308022781,269.63780962091306,10919818,7543,74.26180314480708
2024-10-03,265.14385986328125,270.54570635787604,263.7820526165134,267.8220918643404,28124665,4291,72.8870274858127
2024-10-04,268.0490417480469,272.08908072471695,266.1879163847938,269.63781676264153,23104209,4802,54.24984616678087
2024-10-07,262.7834167480469,269.0023143579936,255.5658272408884,268.7299639904191,20917962,17790,63.68224833890221
2024-10-08,266.41485595703125,266.823381436643,254.70329349953852,261.60312122867214,10572360,4534,73.53721118213049
2024-10-09,261.9209289550781,265.00768652807216,260.4229465143939,264.417575591565,13147475,15280,47.61147619996709
2024-10-10,262.1479187011719,265.2346765316829,261.05846172285413,262.10253620459275,7237212,3691,72.64616568564793
2024-10-11,265.5977783203125,266.5964424441315,262.82878151457743,264.46293902189035,7011704,12721,67.331293204783
2024-10-14,260.1051940917969,265.91556635927117,258.87956198156985,265.7340086763741,12690951,4257,76.33745636180475
2024-10-15,257.56317138671875,260.01440796302927,254.97573191224558,260.01440796302927,15087155,17709,52.720599540953366
2024-10-16,259.1064758300781,260.7860433563477,254.7940869495119,256.92759014742,18188885,12875,48.45312807990085
2024-10-17,255.6566162109375,261.1038451314573,255.06650528575565,258.7433737246909,13343303,11105,57.581602833487324
2024-10-18,257.1999816894531,258.28943855840686,253.47773075027922,256.01975983645247,14028398,12497,73.54672614363558
2024-10-21,251.11724853515625,257.835491721914,249.25609543959715,255.24805254899007,10299773,6257,63.67758067095912
2024-10-22,245.8515625,252.5244227894744,245.12527646695682,252.38824762153334,10028511,3215,59.681516791208324
2024-10-23,245.89695739746094,249.11988956440914,240.63128701431918,245.12526121908283,18823321,11506,60.8379516202254
2024-10-24,244.30821228027344,247.34958717330514,243.62730869404416,246.8502412531143,7488521,11149,63.8770857951056
2024-10-25,239.72344970703125,245.3976463740793,237.49918123717146,245.12529601647637,12961181,10861,50.18004508697943
2024-10-28,239.0879364013672,240.63130114270575,231.7795689319814,236.63667256283946,13835091,15457,63.874971152378876
2024-10-29,240.5859375,241.08525572182998,235.5018517701131,239.0879551284718,9122757,12039,67.56994340257339
2024-10-30,237.54454040527344,241.67537179693036,236.99981203751219,240.58591506140783,11166643,8708,45.455884178377325
2024-10-31,241.62997436523438,243.58189238892962,237.0906172375537,239.13332794501,16173656,7909,58.76886374410481
2024-11-01,246.71408081054688,248.75679169122296,243.89967361151855,244.94372029821176,2955757,11229,77.39145924628835
2024-11-04,240.85829162597656,249.07454511168402,236.1827590633463,248.7567845537106,14355959,14503,63.72994174833394
2024-11-05,242.76480102539062,243.8542577618061,239.3149008701345,240.76750061667656,11676017,5219,78.7617741213464
2024-11-06,244.26280212402344,245.67001949274922,240.0412054299218,243.03719783344138,19244545,8828,61.989740830813986
2024-11-07,240.7675018310547,245.5792090780815,240.40433111306064,245.5792090780815,6766663,5608,47.69563473638047
2024-11-08,238.36163330078125,241.94773653826616,235.72881169016517,241.4484183332663,7836093,9491,67.48065073335879
2024-11-11,233.23216247558594,238.18007280164235,232.41508373802685,238.18007280164235,8450657,6207,72.4059896170596
2024-11-12,232.55125427246094,238.95176428544983,231.87035072040064,236.81826094778688,22445400,12706,69.63231586220192
2024-11-13,229.28294372558594,233.27758652641722,226.059997219523,232.55127272297227,17483332,8131,45.30794452328351
2024-11-14,227.6941680908203,230.87171824481058,226.0599966695929,229.28294316781546,12454540,6564,48.19665528232326
2024-11-18,227.5579833984375,228.87440814118622,224.33505069176184,227.96653665130137,14636541,17756,55.16447267465228
2024-11-19,230.67393493652344,237.55694183413758,229.8368174626488,232.53420860536636,17397559,16006,49.72236519527519
2024-11-21,225.23263549804688,230.67394181886283,223.97695924977086,230.67394181886283,16189440,17813,49.89699065557946
2024-11-22,228.4416046142578,229.6972807833126,226.48831164982423,227.69749233291353,9637581,4468,66.94370101829092
2024-11-25,239.88229370117188,242.30065524637888,230.62743465987228,231.13901277821554,31973671,8293,77.79762973612243
2024-11-26,236.48727416992188,240.20782125617433,234.90604449681675,238.99865480735093,9242451,14338,51.79929570315892
2024-11-27,236.5338134765625,237.6499749037025,233.04580014627334,237.18490645966398,11689970,4215,65.2053083657258
2024-11-28,234.58050537109375,239.41721404201866,233.65036854234813,237.18489133013384,14202863,13956,68.24466745887555
2024-11-29,238.76614379882812,240.57989364817968,234.627023409252,236.06873838371857,11476347,3921,63.67194647812357
2024-12-02,239.55673217773438,240.2543348088699,235.04557701204834,237.64996300684004,13677959,4330,55.71914031337874
2024-12-03,244.0214080810547,246.20723535392577,240.76592910863684,242.20762987078373,15345326,17225,54.31375524036663
2024-12-04,242.48667907714844,245.83514890345424,241.83557195229847,245.41660436792748,10713838,15767,72.54842450887384
2024-12-05,243.0447540283203,244.85853228837,238.9521574563509,242.48669461186634,12896743,14117,71.65291869736839
2024-12-06,241.88209533691406,244.62601061244283,241.41702687567368,242.57969802877466,8783386,4468,71.24793091477537
2024-12-09,240.81240844726562,243.09125492934123,239.6962613343176,241.88206007507827,6800856,17484,57.03412503493996
2024-12-10,238.9521484375,240.67290726801858,236.71982569936515,239.64975106726237,11318782,13699,62.31607266102692
2024-12-11,238.673095703125,240.62638855503295,237.78945443650542,239.5102131009367,5353032,8929,60.875718850592975
2024-12-12,236.30126953125,240.53339503641044,235.8827107873906,239.97530724942328,7123877,4063,52.78192918928503
2024-12-13,236.48727416992188,238.8591115831992,232.0691245049971,235.32460320546798,11143128,14669,55.65085287881189
2024-12-16,234.20846557617188,238.394067278244,233.65037777975573,236.25476384176065,7283872,8156,70.63227644746976
2024-12-17,230.11585998535156,234.81305409955246,229.27874246481628,234.16196111771805,10066884,12966,50.26900666804795
2024-12-18,227.09291076660156,230.20887495317368,226.39530811522832,230.115855589219,8430930,9093,70.70616849217768
2024-12-19,224.95359802246094,226.90687684988953,221.88414364477413,223.23283920978088,9518542,3025,49.5562706651296
2024-12-20,220.53546142578125,227.09291512019274,218.861212191836,224.62805804852513,15556528,11312,62.496906657735224
2024-12-23,224.02346801757812,225.3721636236746,220.30292058406394,221.60510650868906,7722901,16000,73.66190053096861
2024-12-24,222.25619506835938,226.25578631871218,221.93065569003272,224.16297842881661,3577400,6554,69.16751530802416
2024-12-26,223.4653778076172,225.093117292168,222.30270674722377,223.2328435955385,6330006,9198,63.82383208664845
2024-12-27,220.3494110107422,224.162977719591,219.79133742419282,223.23284088258023,6487888,8783,62.64069746156764
2024-12-30,216.39633178710938,220.44243274884485,215.00112651654706,219.55880558270778,19401112,16379,45.242927694768234
2024-12-31,222.5352325439453,223.1398157953823,216.1172942103781,216.3963239001112,12004845,12741,70.00558117008455
2025-01-01,220.39593505859375,222.5259565021495,219.83786143566397,221.19585335827955,9418453,10152,76.57907392758798
2025-01-02,228.8787841796875,229.53917340299554,220.442436038596,220.48894572019452,19745810,12374,68.9823130552053
2025-01-03,240.80316162109375,244.3934765188297,230.66466064471183,231.0925156813455,49760410,3344,56.98279280547814
2025-01-06,236.58961486816406,241.37051781320847,233.88291316966053,241.0077508087842,19265884,8334,51.444988208333754
2025-01-07,245.0817413330078,248.71857970123506,240.02179476725883,241.04495094517185,52956766,14054,45.9564954799456
2025-01-08,252.37399291992188,254.3924021653051,247.18384232332664,247.83494940519762,42237794,15609,49.645447552701
2025-01-09,244.7934112548828,253.54600248702272,243.4261089394364,253.025128117855,14706472,10293,61.43706275738869
2025-01-10,244.64456176757812,247.88144792930763,240.41245084006678,245.55610601627473,13053552,13261,60.651751899686175
2025-01-13,237.86387634277344,249.83474643133005,236.8221276839926,247.44428807845344,20416370,12349,77.4774262529267
2025-01-14,242.1797332763672,243.69586092226217,238.87775872876782,239.52883750907733,8470150,4899,56.66846202426527
2025-01-15,240.14273071289062,245.99329958358473,239.68697272914466,242.67270413922932,9344731,6864,54.73710961971048
2025-01-16,244.7934112548828,247.07225790913486,241.83558286163932,241.83558286163932,14195450,14709,73.19353411300143
2025-01-17,247.9465789794922,248.34653099966272,243.0447397701798,243.69584689854545,12148143,8720,45.47538798325106
2025-01-20,250.5416259765625,251.5740925485788,246.49555374784345,249.36967295209834,9676264,4678,48.229412764314425
2025-01-21,247.2303924560547,250.5323956932644,246.3095659496109,249.32320061471947,8989218,16154,54.92693127550166
2025-01-22,245.60260009765625,247.77914509508332,243.42608348575038,247.4163781336717,7919682,12548,70.26550236489561
2025-01-23,244.67247009277344,245.39797565010545,242.92383677972038,244.62597460770323,5026675,6344,52.73578578750693
2025-01-24,238.58941650390625,247.0815706294252,237.88250340260694,244.61668522690235,6306281,17910,74.40188769867635
2025-01-27,233.2597198486328,238.52429786519056,232.07844206634238,237.18489852035134,6944911,14650,70.47765776313601
2025-01-28,231.30641174316406,234.7665217615959,229.47405531138293,232.5341991270804,8029472,5973,63.65933155086802
2025-01-29,233.83639526367188,234.39448304326055,229.74379885589428,231.51105316998874,5651586,10798,58.16304211542131
2025-01-30,238.7847137451172,241.27747348679105,233.40852432707885,234.3944670366293,12588155,3566,63.943936238962706
2025-01-31,244.2632293701172,245.08175435594168,237.38023641425707,239.05448561582426,8850307,6704,63.60278933530506
2025-02-01,239.55673217773438,244.16092089743842,236.02222353419046,241.41700586076246,10921673,12554,67.62975197775098
2025-02-03,231.60406494140625,238.44057614991374,227.74400286948733,237.74297354466853,25719512,14826,52.40242439842267
2025-02-04,236.34776306152344,239.5102224576462,234.39447013330812,234.76651917070103,8402532,14611,50.355904249916584
2025-02-05,243.3702850341797,244.62597537576045,239.74275723613025,240.90542822175647,11590755,14498,46.34385574678728
2025-02-06,238.25454711914062,244.57949469511416,236.53380247191254,244.30043661035901,12327998,8137,50.58757278331984
2025-02-07,236.12008666992188,240.81593777479367,234.79197623086444,239.96214008512692,10098454,8011,74.19397545558468
2025-02-10,230.00125122070312,236.78413871359692,229.38463166467506,236.1675046822518,7582536,4316,73.03792535011392
2025-02-11,226.6809539794922,230.00124420364347,224.6413529176402,230.00124420364347,6711630,16521,55.46572415313758
2025-02-12,225.21054077148438,228.8628658718984,222.1274140809821,226.72839354770454,5985956,4617,52.06587771499046
2025-02-13,222.8863525390625,227.15529741862653,222.17486172580183,226.25407861689322,10079210,17431,55.94656093873702
2025-02-14,218.6648406982422,225.73231313160343,215.10738667386732,222.93378552749203,8065352,12774,77.8362831101511
2025-02-17,221.653076171875,222.26971016532622,213.49465770160478,218.38022166155025,6692422,14908,72.93905212002795
2025-02-18,224.45162963867188,224.9733779617011,217.76361343789318,220.2775417272197,6170974,15016,52.26394912969076
2025-02-19,226.0643310546875,226.53865822245842,222.45944168456518,223.88242318787795,6168581,17875,57.026855267148534
2025-02-20,229.4794921875,230.190982983214,224.35676424848603,224.64136346183508,8929816,16369,71.71596294999492
2025-02-21,227.58218383789062,230.57045387084366,225.87461750513728,229.4794926301209,5697387,16330,47.11289398505238
2025-02-24,222.31715393066406,225.7323009241851,221.98511911621827,224.16702702823588,6883143,10955,70.2181223304128
2025-02-25,221.03646850585938,224.54648678449416,220.60957693385134,222.93377724839894,5519036,16596,64.19632869162068
2025-02-27,219.13916015625,221.84283090934352,216.76752422382307,221.51079608867695,9664032,14403,64.21974020177217
2025-02-28,213.6844024658203,218.6648380393855,211.69222244626732,218.1905108419031,17237276,10889,57.32411505153756
2025-03-03,213.57057189941406,214.39589660379607,207.14817749230878,213.21007859160696,11928529,15565,52.51060284567264
2025-03-04,215.1168670654297,216.05604013486897,204.4160465649641,208.79883974702997,12428265,8367,47.647365656925395
2025-03-05,217.1849365234375,219.37632582972915,215.11686244358586,215.45837860010644,7466729,9255,69.2844047472211
2025-03-06,220.65701293945312,221.5772088392448,215.06943926176103,219.60400600646042,10439208,3817,77.14726054757335
2025-03-07,220.93212890625,224.32831349165966,219.30044213392318,220.6570254915832,9079049,3368,70.52859713430158
2025-03-10,211.7301788330078,222.93378503286394,211.05662783674757,220.93212366057745,16489167,7823,55.42136285029533
2025-03-11,215.07891845703125,215.5911854441968,208.7988312025791,209.5577431131478,10941588,13989,69.0010826048508
2025-03-12,212.87803649902344,217.09006425074185,210.94278793826157,215.43941489826418,6994310,7269,64.32265365489339
2025-03-13,213.85516357421875,218.56997730153924,213.3239194035885,216.4355048104097,16105085,15148,76.95809457508365
2025-03-17,217.94384765625,218.61738411408467,214.623557551967,214.88917960228434,8788971,7932,60.16161336093219
2025-03-18,217.94384765625,217.94384765625,217.94384765625,217.94384765625,0,12255,60.11056826343767
2025-03-19,220.62855529785156,223.0665895183701,219.7083593945916,220.56214254334225,8626593,5589,61.5384830915274
2025-03-20,223.4934844970703,224.86903046892888,220.09730004032127,221.49182315308832,18955995,12012,65.46640753512463
2025-03-21,229.97279357910156,235.2662867684293,223.6927062014974,223.6927062014974,29285333,6020,52.92637381990214
2025-03-24,231.31040954589844,233.74844388424924,230.28586103269015,231.65192571696787,10566066,3376,67.40753443445753
2025-03-25,229.8115234375,232.77132046948523,228.19881388738798,231.4811499343322,8915800,17966,55.027185168869394
2025-03-26,227.4114227294922,231.94598938020877,227.07938791571286,230.85504266404817,7543985,14938,72.08989665133329
2025-03-27,229.7356414794922,230.9024823748127,226.39637383420686,226.60507896674457,9935664,6279,77.40193421621743
2025-03-28,233.72947692871094,241.81200203683025,230.76966534198738,230.94043066204713,32905564,10016,52.477530785542356
2025-04-01,235.33270263671875,239.25063544353637,234.03303627278973,234.31763548625756,11258957,3245,48.467735616340946
2025-04-02,237.77073669433594,238.58658005205547,235.26628967359744,237.21103407604346,15337906,7567,67.37988198210607
2025-04-03,230.81710815429688,236.80311532025618,230.05818171159333,235.266299768387,11141370,12173,52.33103506155052
2025-04-04,214.40536499023438,228.82492272800505,212.6883029283175,228.2082887137107,38336194,6215,48.62080572039109
2025-04-07,208.5521697998047,209.46288434917932,194.47414265441023,197.3201057176455,27024128,7884,75.4614815505224
2025-04-08,215.02198791503906,215.57220914813166,207.92604330231302,211.54990968999735,11309092,8650,55.51308731955403
2025-04-09,210.5443572998047,212.5554999713238,208.95061039995926,210.60127424706394,16889575,13138,73.10625432436099
2025-04-11,218.54150390625,219.51861675523296,213.68439813458204,216.5777968756409,13886447,16107,52.303569792653704
2025-04-15,220.74240112304688,221.98513610742648,218.2853896290965,221.98513610742648,12102239,12604,58.4000920691041
2025-04-16,228.83441162109375,229.57436088244154,219.82219497488222,220.74239088520497,18748952,17522,53.87690000014485
2025-04-17,230.98785400390625,232.0503422489166,226.97503566187245,228.62569944992785,12891813,11939,64.12663295530668
2025-04-21,236.95489501953125,237.68536296106885,229.33720134087724,231.48115507507998,11698653,4043,53.59590778558486
2025-04-22,235.0575714111328,237.73278360040598,234.56426710081618,236.186472392763,9896443,6566,62.47808634925969
2025-04-23,239.22218322753906,239.7724045278855,232.3444386861853,235.9683055168166,16555874,14183,69.58468610824677
2025-04-24,236.56594848632812,238.4632573295605,235.26629656081562,237.16360540404798,6538518,4839,54.952837869612296
2025-04-25,233.68203735351562,237.80867526001805,231.85112685578355,236.2149428348269,15616265,3724,58.02866716450161
2025-04-28,237.73280334472656,239.01347812601125,231.8321716967187,233.36898722438738,7669983,5779,67.46616666859927
2025-04-29,233.06539916992188,239.1557729765744,232.51519237242871,238.33992963762384,8030552,13300,47.68606684093341
2025-04-30,231.8985595703125,234.73504136875113,229.7830643626208,232.8946495612591,9822483,15798,57.05419106867993
2025-05-02,230.27638244628906,233.6251314392077,226.72840965315456,228.62571852054495,10203190,17088,65.87750243734443
2025-05-05,226.9181365966797,228.76800983877706,222.4594636739707,227.6770630351939,20086323,11684,61.59606396735839
2025-05-06,224.83108520507812,230.51353008023617,223.8824308371242,228.7490323768292,11350559,9075,58.986649745394814
2025-05-07,226.4153289794922,227.7624164016174,220.15421903758565,220.37240548210798,16689539,11132,61.30603870213835
2025-05-08,221.2451629638672,227.05092280416008,219.51860514320603,225.45719048538018,15026122,3402,61.46409425863213
2025-05-09,222.89584350585938,223.21838252678867,216.72009411669865,217.33672815998773,11184507,7428,68.49604304957064
2025-05-12,231.4906463623047,232.040867640935,225.88409549027978,226.72839731129662,11374237,9215,76.4535438017308
2025-05-13,228.77749633789062,232.69542912831045,227.9521571747565,231.61396370191284,9336026,4692,60.19704771812566
2025-05-14,233.3784637451172,234.22276558214875,228.7774985900665,228.7774985900665,8234859,12464,57.59718535630279
2025-05-15,234.8963165283203,236.13905147608597,229.85896398111507,232.3728923506168,16812750,5062,66.54694401245592
2025-05-16,234.5737762451172,236.5849189299045,233.5587090945729,234.37455245307822,8030229,13590,66.44860274360707
2025-05-19,233.91920471191406,236.64183821971795,232.33495359402457,235.2662922287665,8043270,16771,51.65200463911024
2025-05-20,236.46157836914062,239.72495165332126,234.1184009636499,234.1184009636499,13183059,17378,53.40136935117186
2025-05-21,235.91136169433594,239.0134655361529,235.03860141130363,238.58657396487754,7158307,7538,53.522086733663144
2025-05-22,229.2613067626953,237.61894969794858,227.30708101771472,235.91136888547905,18502235,6442,68.45381292824506
2025-05-23,231.6993408203125,232.11673656993977,227.8193335750431,230.0486770603941,8725218,17496,63.09344273657855
2025-05-26,233.3120574951172,234.44095850866765,232.24007342757486,232.7049192788359,7159571,16172,71.6086000588928
2025-05-27,231.9839324951172,234.17533624175735,230.44711705295632,234.17533624175735,9712093,3140,58.0974116321329
2025-05-28,230.2099609375,232.74286644215235,228.91030904483904,232.07881125887002,7385958,14677,64.92694680829547
2025-05-29,230.5609588623047,232.04087188464342,228.95774508657644,231.0922174852382,12938112,5993,49.54339140761216
2025-05-30,227.10784912109375,232.60056599893355,226.62404060620648,230.5609504296201,10108840,16281,72.46320155303856
2025-06-02,226.07383728027344,227.76244102544746,225.45721768440086,226.72841115992412,6278145,13034,69.80944562681724
2025-06-03,225.0872344970703,228.67314698627487,224.45163778340893,228.15138416899538,9515918,5980,75.29889763072069
2025-06-04,225.82717895507812,226.25407053271795,223.408107381363,225.77974334082546,6733580,12434,50.61122551826035
2025-06-05,225.56155395507812,227.31655585708853,224.0911367842521,225.8271760210615,8941808,6639,75.07959878279073
2025-06-06,227.73397827148438,228.1229300586527,225.3149065998724,225.58052868005623,5985346,11770,64.40748575284097
2025-06-09,230.33328247070312,231.58549870399904,228.15137453847348,229.36565096634936,7719525,16122,69.04863862401308
2025-06-10,232.1167449951172,232.4203213425739,230.13406082998517,231.70883056295378,7659657,16069,63.137090683934744
2025-06-11,234.62120056152344,237.5430432183976,231.04476961241986,231.94598834897832,20842417,16037,55.76862966766798
2025-06-12,235.15245056152344,242.09659304324748,234.08046648815912,238.58657475895447,35613271,4522,47.61096832849918
2025-06-13,238.59605407714844,242.80808177286548,236.32877072431367,242.42862581707635,39320377,12424,55.55607773542218
2025-06-16,243.60498046875,244.27851701141898,239.24116427764216,240.9487451556982,41444122,9455,58.96005091915397
2025-06-17,239.35498046875,243.88954717450866,238.6340083626097,243.74725480991415,18781097,13892,63.32767162002989
2025-06-18,237.505126953125,242.75118486543363,236.9454243057733,240.9866870222579,12691905,7551,74.20723962103293
2025-06-19,238.64349365234375,240.00955827637068,235.45601435472,237.63792232502314,10790997,7169,58.15237289853259
2025-06-20,238.95655822753906,240.24672880129913,236.5469824006065,239.3075557263614,15907673,16606,49.207323397864585
2025-06-23,238.4727325439453,242.37170245909323,237.47664259220514,240.01902927442853,16776881,14187,76.1284167429542
2025-06-24,231.39576721191406,235.26627869522838,230.98785278974768,234.79195152043962,22215004,13443,74.09036581330489
2025-06-25,229.48899841308594,232.7049363766851,229.10004661969668,231.47168271306828,13056178,9236,45.18007173575918
2025-06-26,232.1641845703125,232.7713228002688,229.13797475330702,229.57436214139307,15769123,13343,45.92506858165271
2025-06-27,230.3617401123047,233.57767781559713,229.57435525600022,232.42979967017774,21691960,4632,59.92368879771833
2025-06-30,231.6708984375,233.0843842356688,230.5230202391858,231.47167464346228,8783448,9152,72.24060769744005
2025-07-01,230.87400817871094,232.70491863033175,228.9103011703192,232.70491863033175,8470489,13034,69.8899559405157
2025-07-02,228.69212341308594,231.23451025978994,227.86678424094285,230.42814822875704,10419419,10608,68.45266400061737
2025-07-03,231.51910400390625,233.55870512787084,229.3846316519501,229.5743596326161,13891239,10076,75.11152566769925
2025-07-04,232.64801025390625,232.8472195717172,230.05817331982476,232.61005597173067,7717259,16068,52.60717947591207
2025-07-07,229.11900329589844,232.89464356620485,228.4644294765456,232.89464356620485,9222263,4583,60.543752567702086
2025-07-08,230.75070190429688,231.1870748229459,228.29367600240056,229.963317013767,7537067,6740,69.79483065701436
2025-07-09,230.85504150390625,232.03136363187576,229.83049307046028,230.85504150390625,9590680,9690,52.17500346484613
2025-07-10,230.6083984375,232.12625129274087,229.88742629268526,231.00683155505428,8012201,6025,77.63424088123583
2025-07-11,229.3466796875,230.60839176088467,228.4359795809763,230.570451954495,5608382,8038,73.79601468856397
2025-07-14,231.6803741455078,232.31597084390344,228.7585169142373,230.42814341411312,7568906,14346,56.02753750045794
2025-07-15,231.1586151123047,232.77132469166926,230.23841918945857,231.92702285759904,7843083,17016,62.6782928871247
2025-07-16,230.38072204589844,231.61396116003434,229.85895924167022,231.47166879311624,5656962,17473,52.23509141019867
2025-07-17,231.34832763671875,232.00290144276602,230.3522521669769,230.52300299882418,7006298,13436,55.527157163398854
2025-07-18,233.66305541992188,234.6496640703136,230.9593991522172,232.17367558707093,10293817,7288,65.02315791638534
2025-07-21,232.45826721191406,233.65358101705795,231.87958745038245,233.36898180272286,5424455,10797,68.03829088517591
2025-07-22,233.7579345703125,234.19430748886697,231.53808674466384,232.4582681969159,5869862,13190,73.28058331527804
2025-07-23,232.9420928955078,234.50736687936057,231.71832060240035,233.36898448425697,7357753,12081,76.66068626784805
2025-07-24,232.25904846191406,233.55870030170374,231.24398134958437,232.9515620909279,4590999,14422,48.490930853865635
2025-07-25,227.95216369628906,232.2306043850006,226.96556947086373,231.47167795565622,7427827,7713,75.01806196948067
2025-07-28,227.69602966308594,229.15695104763108,225.5900157692294,227.95215592494517,6865890,16493,78.57791864060519
2025-07-29,229.04312133789062,230.05817402176504,227.5063058373904,227.69603382289503,6157824,7787,78.72148902311078
2025-07-30,229.39410400390625,231.19655593796062,227.77191318610545,230.08661762011818,8767763,4835,54.71225796001538
2025-07-31,228.62570190429688,230.34276398844028,227.35450852961043,227.866775517435,10254214,13984,56.67427450371297
2025-08-01,224.63185119628906,228.35058888771772,222.0325476105853,227.7719091705873,12629251,16623,73.42958449926108
2025-08-04,222.77252197265625,226.14972943405633,221.98513705716746,224.35677313683806,16174972,5565,48.471345162798364
2025-08-05,222.4404754638672,223.88243417776192,221.08390664560332,223.40810698670734,9562689,5487,48.79462433205434
2025-08-06,221.76693725585938,223.28477557038872,220.95109391449745,222.5068865101973,7568954,3473,62.72576371959305
2025-08-07,221.91873168945312,222.17487244767693,219.43326162728522,221.17878236597844,5560413,16313,54.42233376227091
2025-08-08,221.45388793945312,223.0476204012018,220.73290132315176,221.89026086217677,5249568,10944,56.438672149542974
2025-08-11,221.78590393066406,222.93378211409325,219.6893858305773,221.4538835786632,4699743,12421,46.25948500726538
2025-08-12,223.4270782470703,224.2239444329932,221.6151449508539,221.79539159476147,7036778,16964,58.530210406547155
2025-08-13,226.4153289794922,227.6296053733886,224.16702283186336,225.53308739382595,8501906,14205,59.454302925572286
2025-08-14,224.774169921875,226.4153379374875,222.39303817649284,226.2635497634159,7258450,13549,63.84342738712366
2025-08-18,225.93153381347656,226.33944825449936,223.40810965287537,225.0682548413787,8501972,10584,60.29623553490415
2025-08-19,225.72283935546875,226.29202333323357,224.52752549905856,225.30542908658379,5538059,11311,61.19882089764066
2025-08-20,225.7133331298828,226.81377570155288,224.83109149117104,224.83109149117104,7438061,15594,62.10570285147463
2025-08-21,226.0548553466797,228.61623386063945,225.0492839776461,225.7797519340511,8111371,13486,53.84378040527612
2025-08-22,224.15753173828125,226.37739393581197,223.7780757854524,225.7797370585556,5423818,13013,70.81324325640311
2025-08-25,224.6033935546875,225.2959216365665,223.5503866712736,224.1670206698515,8854258,8575,68.85881677627441
2025-08-26,222.16537475585938,225.1156904990029,221.79540012136368,224.50855226610443,14671897,7991,75.46857412596482
2025-08-28,221.4064483642578,223.1994045893189,220.4483126377453,222.2697273365917,13870643,15947,58.91942325992964
2025-08-29,221.7100067138672,223.28476187826917,219.45220480813438,221.40643038438682,9928988,12949,58.56067917660907
2025-09-01,226.46278381347656,226.90865254794326,221.1028921421287,221.98513380267917,4366396,9110,50.41112270516801
2025-09-02,227.1932373046875,230.0486817098483,225.21053869613303,226.49122786897436,5921193,5061,51.74217040924953
2025-09-03,226.79481506347656,229.5174485678663,226.21613529865908,227.2027295085964,4364007,14347,78.35913025754516
2025-09-04,224.7921600341797,228.25388001685536,224.51559611553148,227.98686181696087,8778730,15284,70.06786989190496
2025-09-05,223.27587890625,226.1654087675379,222.20779153656213,224.82077202575817,7210683,14401,64.94490466201047
2025-09-08,221.7500457763672,224.0864623173586,221.30183353384794,223.27587654469662,8418326,7264,55.870943332040895
2025-09-09,220.6056671142578,223.714530025583,220.06208502363418,221.75003284808673,11665314,9490,56.85649108880855
2025-09-10,220.9966583251953,222.2363793543644,220.29095910514255,222.1982401363559,11775053,14372,52.962178903201405
2025-09-11,222.9230194091797,224.31534107525258,221.33998708650583,221.33998708650583,11047708,9021,78.88003037441945
2025-09-12,222.43666076660156,224.4965278698952,221.91215554797586,223.63824263448944,6073522,3025,54.602891836160566
2025-09-15,221.4925537109375,223.33308757910552,221.24461240106112,222.34129323679934,6153784,9201,71.81863689784325
2025-09-16,224.1913604736328,224.3630233447716,221.6451418710445,221.70235797762393,7319921,3110,50.59511184771641
2025-09-17,225.89837646484375,226.92830999737222,224.27717590074903,225.0591681306206,7628371,13880,48.118981583276565
2025-09-18,224.6681671142578,226.68034919799007,223.62870243748134,226.68034919799007,6497852,16209,46.44549587013423
2025-09-19,225.71719360351562,226.39427027371585,223.86712853046046,224.21043972495937,16484017,12569,54.59637017301384
2025-09-22,226.46102905273438,227.39559274408467,224.7253962173977,225.05917624000872,9962796,17361,60.770204267505676
2025-09-23,225.68858337402344,226.5754621296114,224.24857678393056,226.25122782443302,7014239,10434,50.09617424399457
2025-09-24,227.4623565673828,228.99771849236066,225.3071195308819,225.68858449598852,8299331,4312,52.449787638022435
2025-09-25,228.5590362548828,230.91452965357823,227.46235540751957,227.8438058192806,10150654,17773,70.0130053474552
2025-09-26,226.98553466796875,229.12168025184423,225.8602312181197,228.87373893983025,6349466,10418,69.28062018852847
2025-09-29,228.8546600341797,229.97996347409776,227.12857292979888,227.92009634948184,10631271,4379,55.4487250686463
2025-09-30,228.39691162109375,229.7224714029347,227.4432710715276,228.87373189587683,7167687,3482,60.361132332672824
2025-10-01,231.77279663085938,234.8721284686589,227.41466681335862,227.53864474331868,10375310,7277,73.9167509383546
2025-10-03,232.3640594482422,232.8790189416132,228.58763647505498,231.2578329200823,10702610,17098,68.51378803127601
2025-10-06,234.4620819091797,236.02605193387743,231.47718213130497,231.47718213130497,9465503,17634,77.31613199426437
2025-10-07,233.94711303710938,237.93332365923317,233.31770676475287,234.462072545419,12498420,8630,77.96190828713571
2025-10-08,230.59982299804688,235.3584946621665,229.96088556482363,235.12008452060257,5073558,8060,70.14065961481349
2025-10-09,232.10658264160156,233.16512427866502,229.40777802545958,230.6284368166714,9292031,16326,71.1661380182812
2025-10-10,234.91981506347656,235.6255143254089,232.30684920854407,232.7359845557541,9050771,12949,70.83676609510357
2025-10-13,232.7741241455078,234.29040916537696,230.18976633952715,233.64194055992363,12607116,12284,72.21109110463381
2025-10-14,233.3463134765625,237.20856069658456,232.59292927723604,233.92803480650556,13865005,15138,75.15118557845024
2025-10-15,236.23583984375,236.68405206946153,232.96484516790215,233.34631012138007,8520238,4408,66.00590439529344
2025-10-16,236.83665466308594,237.17042015046508,234.59559337733552,236.50287462430572,6083826,9764,51.147846296517216
2025-10-17,236.2072296142578,237.02736106742685,233.42260096083268,237.02736106742685,14250215,13332,70.11177195529363
2025-10-20,237.20855712890625,237.6472236358655,233.63240504404249,236.20723163486437,10920554,14551,63.67603601805469
2025-10-21,236.61729431152344,237.74259775436883,235.92114076763963,237.2085613617237,569979,8763,54.5717589358087
2025-10-23,240.61305236816406,241.49994567413228,237.53279736971194,238.4101449569856,13879042,5593,54.01837248831481
2025-10-24,243.14019775390625,245.46706844137188,241.12801563846767,242.22469643562812,17882209,17454,63.56265793366653
2025-10-27,241.52854919433594,244.21780801224972,240.2315974480555,243.5788705819248,7889080,6809,68.91134766330725
2025-10-28,238.92510986328125,242.02444181771637,238.27664123902568,241.36644202595141,8529692,6015,46.516930445029104
2025-10-29,243.78866577148438,245.40985177061228,238.9346389409463,239.3160893343647,8806213,12258,69.01543363404778
2025-10-30,242.73013305664062,244.60880614317784,241.66206027495866,244.60880614317784,5266883,10459,76.55718217578705
2025-10-31,243.53118896484375,245.94389845531867,241.57623742734617,242.892251525805,7199008,12749,69.71949129653166
2025-11-03,245.610107421875,246.5160775685659,242.51079024368926,243.1783357059354,5450040,17376,58.78277491042473
2025-11-04,240.6511993408203,245.56244236761256,240.31741932675092,244.22735141413506,6006851,4513,45.55636347421822
2025-11-06,239.84060668945312,243.65516902248618,238.83928116675185,241.79557279541268,6987258,7665,74.80930597141027
2025-11-07,240.50814819335938,241.84325371858927,238.41014185531267,238.41014185531267,4449104,14673,58.71850690757532
2025-11-10,239.7452392578125,243.65517150964297,237.93332795168658,240.3174294341684,7418162,5602,69.96478423566717
2025-11-11,237.88563537597656,242.41542804729232,234.59557834603777,242.41542804729232,16183880,16968,63.79923896094088
2025-11-12,242.0816650390625,243.7505360401749,238.31477313828856,240.88961432398222,11917811,4653,66.69097137187846
2025-11-13,239.2207489013672,241.9386158642892,235.83532188131284,241.9386158642892,13057927,8183,62.81223272118508
2025-11-14,241.9075164794922,243.91037368298927,239.46499315036962,239.8557909198375,9185042,3750,77.24265008413765
2025-11-17,242.34716796875,243.9592274045859,241.76095640591186,241.90751675061105,6281588,7586,69.70741511227193
2025-11-18,241.2724609375,243.71498436247566,240.63741081019828,241.3213143875955,7708871,16567,59.06002700639617
2025-11-19,243.27532958984375,244.54544473395694,239.75808994583485,241.2724574288937,7075882,8154,49.18297605588951
2025-11-20,242.34716796875,245.32704941521513,241.90751675061105,243.27532385326097,6918642,8857,76.33289045747395
2025-11-21,241.2724609375,242.59142955017882,240.5397039100073,241.37016783769099,7589240,8101,59.1365867155708
2025-11-24,240.1000518798828,241.76096482176922,238.68339127968494,241.27246013839206,15875282,5232,64.12076199808675
2025-11-25,239.70925903320312,241.8098232517943,238.97650199304616,240.10005682476142,8983620,5999,57.84450523800659
2025-11-26,242.00521850585938,242.2983242991075,239.4161496327907,239.70925542603885,7232643,6445,56.921128428267
2025-11-27,238.39028930664062,243.0799373237771,237.2178810293515,242.29832683625767,5600832,6704,72.20219207535393
2025-11-28,237.65753173828125,239.70925739993325,236.97362815372392,239.36729815366456,3804191,15804,65.55986345094428
2025-12-01,239.20120239257812,240.1977561098247,237.42303820902012,238.43913628761888,6307936,7557,51.4661879834537
2025-12-02,237.94085693359375,240.59832362964534,236.9247737417999,237.90178311805474,5413988,11869,77.31446099955019
2025-12-03,234.5017852783203,238.74200222366053,234.0523544237178,238.439131714419,11829802,3145,75.92982029952307
2025-12-04,236.6609649658203,237.12016054187865,234.17936783621036,234.97074300533836,10825420,9579,69.96657919877879
2025-12-05,235.6839599609375,237.60866956192592,235.37132472289798,237.12016488975587,7645591,12063,73.58140016531243
2025-12-08,233.03627014160156,236.43625844416778,232.23511533319206,235.68395708397486,5285903,17289,58.865380837324146
2025-12-09,234.325927734375,234.67765170991547,231.38513484720352,232.23512824310123,9026401,9665,71.67406727821246
2025-12-10,233.78855895996094,234.82420138550393,232.93856560271152,233.81788295557112,3492031,12669,52.34320063349924
2025-12-11,232.92880249023438,235.75235891273405,232.6650057917506,233.78856057999187,8868641,10724,45.586322719407534
2025-12-12,232.5477752685547,233.89603806663862,231.5707658949965,233.01673559362823,4252781,13676,66.12257565340559
2025-12-15,229.9391632080078,233.3000629475615,224.65353889206648,232.52823209800792,12334408,13759,67.44456182092718
2025-12-16,226.87135314941406,229.8903085352076,225.44491290478487,228.7862831727476,7238404,7873,77.83281734365406
2025-12-17,227.5552520751953,228.0535214785498,223.35410887403685,226.4219176473517,5848233,5510,70.24198099710007
2025-12-18,226.66616821289062,228.7472028898814,225.8943373892629,227.64317755863584,3964839,15105,68.03784344625998
2025-12-19,227.53570556640625,228.13168186266645,226.17766317433527,226.66616784641806,5070902,8532,50.01969501295001
2025-12-22,228.79605102539062,229.87076731397062,227.41847912018557,228.41501796089048,4614185,14697,76.05195041590918
2025-12-23,230.07594299316406,232.43052425590307,229.20640524608268,229.20640524608268,5810236,8323,70.79622272084018
2025-12-24,228.39547729492188,231.13110642503094,227.779956640953,230.12477309077252,4114036,15591,45.89171238362644
2025-12-26,229.13800048828125,229.8707574970251,227.6920308319277,228.46386165496023,3710774,4180,51.43973420463156
2025-12-29,229.4213409423828,233.52477719894176,228.62018612577006,229.13799988461315,12621499,8922,65.27253703189875
2025-12-30,229.2845458984375,230.18340761474056,227.946047866518,229.54834259578686,6236729,7028,78.30709015347898
2025-12-31,234.853515625,235.45925665996174,229.21616742201886,229.29432996007517,11514802,16493,64.8937983712255
2026-01-01,232.4696044921875,235.56672230766347,231.9517907351887,235.36154378697555,5840586,9247,62.928065792134646
2026-01-02,235.90869140625,236.97362805231785,232.46961421511622,232.46961421511622,5925943,13496,49.298048115942315
2026-01-05,232.61614990234375,241.12590780299902,230.28109817887704,241.12590780299902,21201434,3643,73.14373601058472
2026-01-06,236.32879638671875,236.78799198417764,232.6161577916805,232.6161577916805,10840459,6447,47.05609261546897
2026-01-07,233.56385803222656,236.12361781573415,232.6845555608174,234.68742775456045,8253161,14020,77.14581513584199
2026-01-08,226.09950256347656,233.39776361918936,225.6891604243898,232.72362478069692,9218488,10756,60.14468469013065
2026-01-09,228.70811462402344,232.77247708835003,226.66616866525584,226.94949481657642,12706408,8386,65.44100661522515
2026-01-12,230.29087829589844,230.7305295176939,226.33398748378042,228.70811302626356,9807980,11024,63.95295320849465
2026-01-13,238.1753387451172,238.5368274349664,230.3788082868825,232.52822588065396,22527192,16941,58.33628532139016
2026-01-14,242.5230255126953,245.22934557232938,237.9799380220571,238.38051543138516,33094088,7702,66.97739299526259
2026-01-15,242.5230255126953,242.5230255126953,242.5230255126953,242.5230255126953,0,5664,71.29771843554505
2026-01-16,241.48739624023438,242.08337253262428,236.82705752459444,241.2235995447885,12287680,6983,67.71198687970286
2026-01-19,237.520751953125,242.29832724481855,236.72937673731994,239.36729909266347,6459249,7542,67.52594194981208
2026-01-20,234.86328125,239.69947463738478,234.19892203595015,237.52074792215913,6496057,10719,49.34999503554319
2026-01-21,236.79776000976562,238.86903004459805,234.00351257071955,234.48225253652112,9610477,12748,70.66783186403336
2026-01-22,238.40005493164062,240.8035045809201,236.99317393838206,238.97650179949548,10746306,14540,71.85967204470819
2026-01-23,239.8264923095703,240.6374118792223,235.99661735115197,239.6604025048917,8080247,13422,56.219700998460254
2026-01-27,242.2494659423828,243.26556401733228,240.23682906174545,240.9305122614502,15915509,4233,49.47938458546419
2026-01-28,262.4051513671875,263.4505585006787,243.4707207877218,243.4707207877218,73427983,12171,73.07509241510826
2026-01-29,269.0586242675781,271.3838815188969,262.8252997268123,263.7925294603933,48267023,10721,50.31290501906026
2026-01-30,262.77642822265625,270.14308712044925,261.84828722339125,267.5931070111898,24420043,10252,58.81157523401834
2026-02-02,248.1115264892578,251.09140804886562,241.9075259355621,245.81556341492188,17015974,16452,61.99765158156142
2026-02-03,251.09140014648438,255.97644684194125,243.6172846656271,253.72933728841463,19213406,10039,49.34970827997596
2026-02-04,260.8126525878906,263.79251911821297,252.11724569752343,252.11724569752343,26628393,4547,67.47736066631808
2026-02-05,263.01092529296875,264.23218696350455,259.8844834900137,261.8385021628709,15268335,7980,67.81825218270909
2026-02-06,262.7666931152344,263.7437025266077,258.61440311689785,261.8385222480453,10013728,3187,51.3371273946353
2026-02-09,260.470703125,264.6718314754195,259.64023920011437,263.2551857832825,10824044,4967,49.16450217071255
2026-02-10,265.8930969238281,266.77239940303303,260.861504577749,261.1057569228592,13459684,16202,55.254450631095494
2026-02-11,268.2867736816406,268.77527835702017,260.2264465378781,266.0396342853192,18388416,3011,60.6388004293549
2026-02-12,269.9965515136719,273.8557207235144,267.16323023931596,269.6545922631895,22753270,12249,72.00252153042894
2026-02-13,261.2522888183594,265.1114875973499,259.8844817198676,263.79251903896335,20748628,8524,64.08672795018451
2026-02-16,265.306884765625,265.9419647143231,259.5425353965288,261.4965541532367,13247757,5300,77.04116199470499
2026-02-17,265.6000061035156,266.72356092811606,261.9362209259316,266.72356092811606,21292868,12140,47.23893139776972
2026-02-18,264.6000061035156,266.1000061035156,262.54998779296875,265.0,11621040,12349,45.83556279236261
2026-02-19,274.6499938964844,276.45001220703125,267.8500061035156,270.29998779296875,37728943,12425,45.516520797016746
2026-02-20,278.6499938964844,280.79998779296875,274.3500061035156,277.3999938964844,31971956,5911,60.09871349536432
2026-02-23,275.6499938964844,279.8999938964844,272.20001220703125,279.8999938964844,13113050,9224,62.0304857987739
2026-02-24,276.5,278.1499938964844,273.29998779296875,275.6499938964844,16311581,7683,52.5280040187663
2026-02-25,277.45001220703125,278.95001220703125,274.0,276.5,7573116,9375,63.79196989918434
2026-02-26,280.1000061035156,281.04998779296875,275.6000061035156,277.3999938964844,13301761,17016,47.110117793831336
2026-02-27,279.70001220703125,282.5,277.0,278.5,18554482,13218,55.29361135064856
2026-03-02,282.20001220703125,293.0,277.6499938964844,288.0,65843426,9826,69.06686527630534
2026-03-04,276.95001220703125,288.3500061035156,275.1000061035156,287.0,53722773,8612,60.679141493632834
2026-03-05,276.3500061035156,287.6499938964844,275.3500061035156,278.0,40569479,13665,61.13892759282048
2026-03-06,278.95001220703125,280.95001220703125,271.1499938964844,279.95001220703125,30725344,13620,73.65765061616682
2026-03-09,270.79998779296875,289.0,267.6000061035156,289.0,56512457,3794,70.32675323099477
2026-03-10,269.20001220703125,270.8999938964844,265.3500061035156,270.8500061035156,18476370,5364,63.880625196171536
2026-03-11,270.75,272.3999938964844,268.0,268.0,16130216,4818,64.1124422901525
2026-03-12,270.54998779296875,273.0,267.75,271.6000061035156,20059801,4722,51.18550058198004
2026-03-13,264.1000061035156,271.29998779296875,263.45001220703125,270.54998779296875,18411729,9248,71.3744608015615
2026-03-16,260.45001220703125,266.0,258.3500061035156,264.04998779296875,21725887,9979,60.46574710351169
2026-03-17,264.75,265.3999938964844,259.1499938964844,260.6499938964844,15662659,16901,60.1226894759548
2026-03-18,265.0,266.6499938964844,263.0,265.1499938964844,8780857,8600,64.11421102468029
2026-03-19,269.1000061035156,271.5,262.5,265.0,28685305,17315,52.59041193120011
2026-03-20,265.3999938964844,273.04998779296875,264.0,269.0,19436124,15741,45.50218647656476
2026-03-23,265.45001220703125,269.70001220703125,263.8999938964844,267.29998779296875,23991581,16985,71.13628989848723
2026-03-24,268.04998779296875,273.29998779296875,266.8500061035156,268.54998779296875,18567283,15173,72.82016880501226
2026-03-25,270.20001220703125,271.5,266.3999938964844,267.3500061035156,13380625,10490,52.19541454577825
2026-03-27,281.95001220703125,285.0,269.70001220703125,270.5,60048871,7740,56.98829663507509
2026-03-30,284.6499938964844,288.3500061035156,281.95001220703125,282.75,44866906,13095,78.42276121486464
2026-04-01,288.04998779296875,293.0,282.79998779296875,290.0,31626297,13527,64.95230188788304
2026-04-02,287.20001220703125,288.79998779296875,283.5,288.5,20935809,16898,66.90365360943605
2026-04-06,281.8500061035156,288.5,280.45001220703125,287.29998779296875,24449779,6538,71.64604851606498
2026-04-07,286.6499938964844,287.54998779296875,280.0,281.8500061035156,22891122,5054,61.39485312062854
2026-04-08,285.5,287.8500061035156,274.75,280.0,42071040,10128,48.94641913810516
2026-04-09,288.6000061035156,289.79998779296875,284.8999938964844,284.8999938964844,13585661,3667,46.893298304278616
2026-04-10,286.5,291.8500061035156,284.54998779296875,288.6000061035156,12889209,10684,63.34268352348277
2026-04-13,287.54998779296875,290.29998779296875,281.0,287.20001220703125,23986567,16420,56.345851716294725
2026-04-15,287.6000061035156,289.79998779296875,283.3500061035156,284.04998779296875,16529148,13886,75.29863067558409
2026-04-16,282.75,288.1000061035156,282.0,288.0,13626398,7109,45.824803614381196
2026-04-17,284.04998779296875,285.5,282.20001220703125,283.3999938964844,17846605,5721,65.46032967431753
2026-04-20,283.3500061035156,285.20001220703125,282.5,284.0,11057036,7565,56.9319551164762
2026-04-21,283.1000061035156,284.8500061035156,282.3999938964844,283.1499938964844,13645673,17652,70.881816187678
2026-04-22,283.6499938964844,285.04998779296875,282.6000061035156,283.1000061035156,7395183,8753,67.07777202905093
2026-04-23,286.25,289.79998779296875,284.04998779296875,284.8500061035156,13525025,14556,46.22098175347362
2026-04-24,284.79998779296875,288.79998779296875,283.8999938964844,288.79998779296875,11789941,3099,71.02736396652435
2026-04-27,285.8999938964844,286.70001220703125,284.20001220703125,286.0,6497916,10635,73.24654369982073
2026-04-28,301.29998779296875,302.3999938964844,286.0,286.25,51575179,12413,63.0943020755406
2026-04-29,301.3999938964844,307.5,299.75,303.8999938964844,27267649,13446,68.70653961826686
2026-04-30,299.54998779296875,307.45001220703125,296.8999938964844,304.8999938964844,17490096,10277,49.27371223979645
2026-05-01,299.54998779296875,299.54998779296875,299.54998779296875,299.54998779296875,0,9718,51.635303377804846
2026-05-04,292.8999938964844,299.8999938964844,292.3500061035156,298.3999938964844,15468437,14298,45.11532418965149
2026-05-05,289.95001220703125,295.8999938964844,287.0,294.3500061035156,10750753,16453,73.99891326764237
2026-05-06,280.79998779296875,290.25,280.0,289.95001220703125,22858013,4734,61.30731175292766
2026-05-07,283.8999938964844,285.20001220703125,279.70001220703125,282.0,15608370,8712,60.00440201666533
2026-05-08,279.20001220703125,284.0,278.6000061035156,283.6000061035156,9290168,13671,63.41407475966447
2026-05-11,281.0,281.79998779296875,277.6499938964844,280.70001220703125,6948202,13910,45.050383600047745
2026-05-12,294.5,299.8999938964844,286.8500061035156,286.8999938964844,52080828,16808,61.86225811259633
2026-05-13,297.1499938964844,300.20001220703125,294.1000061035156,297.0,24381295,4854,49.51484120595935
2026-05-14,300.8999938964844,303.70001220703125,298.70001220703125,300.0,22660293,13562,78.2391212859047
2026-05-15,299.3500061035156,304.95001220703125,298.54998779296875,303.0,13695307,13756,54.93832088429277
2026-05-18,297.20001220703125,300.70001220703125,295.1000061035156,299.3500061035156,10521642,6688,61.56252844965185
2026-05-19,296.5,298.5,293.6499938964844,295.1000061035156,9565497,9066,70.3833231712384
2026-05-20,298.29998779296875,301.75,293.8500061035156,294.79998779296875,12258794,16130,75.12465816714041
2026-05-21,295.8500061035156,299.6000061035156,294.1499938964844,296.6499938964844,14084672,3607,59.71426971799902
2026-05-22,290.0,296.79998779296875,289.3999938964844,295.79998779296875,11563330,6768,54.0417436698137
2026-05-25,284.95001220703125,289.95001220703125,284.29998779296875,289.95001220703125,12837047,17133,76.90833843034825
2026-05-26,287.5,289.6499938964844,284.0,285.1000061035156,10629491,15733,75.27934788799197
2026-05-27,274.04998779296875,284.20001220703125,272.45001220703125,284.20001220703125,29178516,6397,78.2683453482246
2026-05-28,274.04998779296875,274.04998779296875,274.04998779296875,274.04998779296875,0,16772,55.13972792123325
2026-05-29,265.3999938964844,276.04998779296875,261.54998779296875,275.95001220703125,74403401,5607,50.160008558332564
2026-06-01,264.29998779296875,268.29998779296875,263.25,266.54998779296875,9095622,7811,76.45716942664413
2026-06-02,265.04998779296875,266.20001220703125,261.04998779296875,263.1499938964844,16831714,12293,45.17239439720924
2026-06-03,267.75,268.70001220703125,264.29998779296875,265.1499938964844,14618721,9608,75.64169642253528
2026-06-04,267.54998779296875,271.1499938964844,265.8999938964844,266.70001220703125,15217360,4840,58.501793408712516
2026-06-05,264.75,268.45001220703125,263.70001220703125,267.79998779296875,7493239,6749,45.40650265153969
2026-06-08,264.6499938964844,266.25,262.70001220703125,264.1499938964844,6974540,5216,64.36845041853593
2026-06-09,259.0,265.5,258.29998779296875,264.1499938964844,10796349,3986,72.34435633670225
2026-06-10,251.89999389648438,261.8500061035156,251.35000610351562,259.0,10176332,15051,47.76881294217019
2026-06-11,252.60000610351562,256.5,250.0500030517578,252.9499969482422,13516341,16971,77.28474467293948
2026-06-12,246.1999969482422,250.85000610351562,243.35000610351562,250.3000030517578,31112657,3566,62.666967066622256
2026-06-15,243.64999389648438,248.3000030517578,242.8000030517578,248.0500030517578,25211118,13235,67.44353869165384
2026-06-16,248.1999969482422,248.8000030517578,243.5,244.14999389648438,17468010,10614,48.374927825483816
2026-06-17,245.0,247.75,244.0,246.0,12816262,14389,57.78882768264519
2026-06-18,245.3000030517578,246.85000610351562,243.0,245.9499969482422,13816485,12302,53.232743993436046
2026-06-19,246.25,246.6999969482422,243.3000030517578,245.3000030517578,7609532,16617,78.28149076773121
2026-06-22,245.4499969482422,247.75,243.8000030517578,244.9499969482422,7334095,9599,73.32011924338151
2026-06-23,244.35000610351562,246.1999969482422,243.5500030517578,245.39999389648438,7400255,5287,54.31108835760409
2026-06-24,240.0,245.8000030517578,239.5,244.35000610351562,10278033,11537,58.47604140057791
2026-06-25,233.10000610351562,240.8000030517578,232.10000610351562,240.8000030517578,36085563,15064,58.89103047620758
2026-06-26,233.10000610351562,233.10000610351562,233.10000610351562,233.10000610351562,0,10509,59.00567507900269
2026-06-29,234.0500030517578,237.14999389648438,229.6999969482422,234.0,38227413,14772,67.93644294621838
2026-06-30,234.89999389648438,236.0,227.64999389648438,233.9499969482422,24134402,6254,47.50657271119805
2026-07-01,234.99000549316406,236.10000610351562,233.52000427246094,235.6999969482422,11835312,10518,61.43884771998586
2026-07-02,235.9600067138672,236.3300018310547,230.8000030517578,234.0,14033169,15818,46.55579308995515
2026-07-03,237.83999633789062,239.6999969482422,236.3300018310547,237.1999969482422,11086950,14903,51.690201378627535
2026-07-06,243.89999389648438,244.38999938964844,236.83999633789062,239.60000610351562,22386040,3019,66.1797008700816
2026-07-07,244.17999267578125,245.27000427246094,242.67999267578125,244.0500030517578,15287101,6892,48.49931829349366
2026-07-08,247.0,248.35000610351562,241.47999572753906,246.82000732421875,24753835,14261,54.98037397499306
2026-07-09,243.64999389648438,249.58999633789062,242.91000366210938,249.58999633789062,14066120,4369,50.39502630948353
2026-07-10,244.9600067138672,245.38999938964844,243.41000366210938,243.64999389648438,8237303,17018,63.66574418396577
2026-07-13,248.4499969482422,249.25,245.5500030517578,246.3000030517578,12453319,7868,47.22427754059193
2026-07-14,248.89999389648438,252.0,247.3000030517578,252.0,16299949,17066,49.03794993296523
2026-07-15,247.17999267578125,249.4499969482422,246.3000030517578,249.4199981689453,13302251,9660,56.60953817414516
2026-07-16,246.75,247.9600067138672,245.61000061035156,247.9199981689453,6243845,7270,65.37527109322656
2026-07-17,247.2899932861328,247.7899932861328,245.60000610351562,246.1999969482422,6214332,14571,72.475795048737
2026-07-20,249.5800018310547,252.39999389648438,248.10000610351562,248.42999267578125,10627783,6857,69.82243792290757
2026-07-21,249.88999938964844,251.69000244140625,248.4600067138672,250.00999450683594,12240171,3967,73.39799674247439
2026-07-22,251.89999389648438,252.77999877929688,250.1300048828125,251.0,10909821,12842,64.79545951898406
2026-07-23,252.3699951171875,254.1999969482422,252.00999450683594,253.94000244140625,9104521,16577,62.47750524258717
2026-07-24,248.75999450683594,253.55999755859375,248.27000427246094,252.5,7645869,13479,55.19052494478247
2026-07-27,238.55999755859375,248.1699981689453,238.13999938964844,248.0,19910285,6589,53.865636236941484
2026-07-28,238.91000366210938,239.97999572753906,236.08999633789062,238.0,13362577,9876,62.25594383302989
2026-07-29,238.30999755859375,240.02000427246094,237.92999267578125,240.0,9139712,9928,51.35538013168922
2026-07-30,241.58999633789062,244.38999938964844,239.05999755859375,239.5,11419363,17415,60.79799733038764
2026-07-31,242.52999877929688,242.9600067138672,238.1699981689453,241.5800018310547,10070729,5297,50.63684197116128
2026-08-03,242.0,242.6199951171875,240.05999755859375,241.4499969482422,8277525,3253,47.73694950477695
2026-08-04,242.0,243.1999969482422,240.60000610351562,242.0,10470809,17181,46.441705373874775
2026-08-05,240.1999969482422,245.0,239.11000061035156,245.0,19409088,15053,49.742911811533695
2026-08-06,237.8000030517578,241.39999389648438,236.5,241.39999389648438,13959109,7452,78.42251156881514
2026-08-07,238.85000610351562,241.69000244140625,237.0500030517578,238.5,10078070,7371,73.43793961607669
2026-08-10,239.83999633789062,241.3000030517578,238.19000244140625,240.0,10611162,17267,51.00022925032281
2026-08-11,239.4499969482422,243.64999389648438,239.4499969482422,241.0,16004168,12985,52.451480297684625
2026-08-12,239.0500030517578,241.3300018310547,238.64999389648438,240.0,10695237,14460,51.082070770024664
2026-08-13,239.89999389648438,240.5500030517578,238.11000061035156,239.0,7266320,14710,68.10034308470789
2026-08-14,236.39999389648438,239.60000610351562,235.25,239.49000549316406,12128656,3444,72.88948037658383
