Date,Open,High,Low,Close,Volume,No_of_Trades,Delivery_Pct
2021-08-10,33.811309814453125,35.20884326555766,33.630982140883184,35.07360008997843,64226181,15336,77.35636625136773
2021-08-11,33.72114181518555,34.08179365995011,32.99983124672902,33.90146601783598,60555697,9444,60.610371152882294
2021-08-12,34.0817985534668,34.21704516433723,33.72114665691928,33.7662277140547,32721153,16230,78.19173273958842
2021-08-13,34.036720275878906,34.30721008024465,33.856392593146914,34.12688239751267,31382550,16028,53.111174983633155
2021-08-16,33.766231536865234,34.1719679759474,33.67606597292221,33.946559225286705,19259890,16506,66.7723664201257
2021-08-17,33.13508605957031,33.72115018198799,33.09000499772231,33.676065680675435,25157898,3563,59.276178777397874
2021-08-18,32.9096794128418,33.360496939045106,32.54902401609324,33.090007111216075,32386126,9970,57.08095139985896
2021-08-20,32.098201751708984,32.72934688311999,31.82771196380834,32.41377603714662,38801065,5030,73.48681273915315
2021-08-23,32.5941047668457,33.13508436020618,31.9629596149489,32.188368352093164,54815488,3437,75.86764066033372
2021-08-24,32.77443313598633,33.09000747144294,32.36870010955824,32.54902437043081,55044654,17041,60.31738806109792
2021-08-25,32.864593505859375,33.270329907554284,32.6842658340545,32.864593505859375,45499400,10109,66.31667068570258
2021-08-26,32.27853012084961,33.04492188250115,32.18836800275618,32.81951314780323,35509249,10883,50.495996566892295
2021-08-27,32.5941047668457,32.68426688591766,32.188368352093164,32.27853047116512,31396562,9664,61.04553047086292
2021-08-30,33.13508605957031,33.27033268457887,32.59410643846519,32.59410643846519,31585995,10768,49.51731018395124
2021-08-31,33.044925689697266,33.63098640375492,32.77443242532402,33.044925689697266,56641931,5044,72.07641648051553
2021-09-01,33.676063537597656,33.76622909502025,32.954756275538536,32.999837334517665,41504907,14358,63.726705719741986
2021-09-02,33.766231536865234,34.08180241200438,33.54082278620454,33.58590384844376,35910903,17562,77.78260255925923
2021-09-03,34.30720901489258,34.75802648799094,33.81131048237725,33.81131048237725,53604232,11493,55.908526678770755
2021-09-06,34.12687683105469,34.71294084447423,34.03671472412733,34.622778737546874,30264921,3321,75.560312522165
2021-09-07,33.72114181518555,34.21704025140163,33.49573312240881,34.0367126092875,30962650,12975,47.31529766689912
2021-09-08,33.946556091308594,34.57769778331928,33.58590074776169,33.676062863916286,47139154,7480,49.159351086509794
2021-09-09,33.856388092041016,34.17196235473345,33.76622598239404,33.946553641152,20050778,12504,69.9613032805324
2021-09-13,33.90147399902344,34.081801683590854,33.67606525318029,34.081801683590854,21274965,16812,45.15729810956921
2021-09-14,34.0817985534668,34.577697060884745,33.94655538206055,34.03671749633138,31674866,10842,78.02815283342328
2021-09-15,34.9383544921875,35.1186821710078,34.036719537550404,34.2170472163707,57565856,16956,71.72262204902333
2021-09-16,37.6883430480957,37.823589676522666,34.712948177884265,34.983437995273555,190657378,16147,71.61715016388257
2021-09-17,35.839988708496094,38.544893516684475,35.479333358285245,38.499812457774205,135078081,6293,75.57817065046034
2021-09-20,34.352291107177734,35.6145814455921,34.262128985632906,35.6145814455921,49454941,9889,53.39659500758914
2021-09-21,34.352291107177734,34.66786541151356,33.67606487719814,34.44245666818703,45279748,7559,53.626716851641646
2021-09-22,34.39737319946289,34.75802509985961,34.26212658714898,34.39737319946289,27417221,16620,77.31326147647329
2021-09-23,34.71294403076172,35.16376148570668,34.62278191555842,34.71294403076172,31335371,6455,55.184539830286
2021-09-24,34.171966552734375,35.16376363854869,34.03671993218495,35.16376363854869,33176080,3382,58.42085752032198
2021-09-27,34.577701568603516,34.848194825607216,34.30721175106445,34.3973773165539,33799535,17952,62.307773020150265
2021-09-28,35.29901123046875,35.79490978702222,34.577700486975125,34.62278498804187,87295894,11797,78.22754792639147
2021-09-29,35.74982833862305,36.967034186035995,34.71294673566795,34.983436541819216,103695312,9611,61.150125774131844
2021-09-30,36.15556335449219,37.19244501556035,35.70474583915206,35.88507353318105,83665464,13299,48.883267196603974
2021-10-01,36.606380462646484,37.1473635387159,35.47933668683268,36.0203197629021,97922965,12537,53.79243928887777
2021-10-04,37.05719757080078,37.41785295093297,36.741626692783576,36.8768733201993,62912144,15569,76.76924645971371
2021-10-05,37.01211166381836,37.64325677670992,36.74162188385459,37.01211166381836,62599441,6607,65.3071529979977
2021-10-06,35.97523498535156,37.59817716706318,35.79490731194709,37.237521820254244,76749025,7694,54.62193930480073
2021-10-07,35.97523498535156,36.56129562458571,35.93015048740222,36.471133507615626,35042174,16452,73.54066178865403
2021-10-08,36.33588790893555,36.51621558738341,35.61458063460851,36.155560230487694,63181834,16228,71.31501765070283
2021-10-11,36.47113800048828,36.876874455764856,36.33589136890785,36.51621906452686,42779749,9961,55.53231844802595
2021-10-12,37.192440032958984,37.28260214816228,36.11047745319824,36.51621385054155,67999277,4854,47.86431651846249
2021-10-13,37.37276840209961,37.95882904081511,37.237521787299876,37.41784946054476,82798525,13932,50.53965863545955
2021-10-14,38.36457061767578,38.499817250708105,37.59818220239862,37.688344331443666,128521477,13327,51.05520629447882
2021-10-18,41.4752082824707,43.45880588822089,38.544894653817884,38.72522233424325,405179433,14322,66.56087480730326
2021-10-19,39.807186126708984,42.82766196305438,39.58177737953501,42.28668234562266,150882735,7227,64.89066915276062
2021-10-20,38.86046600341797,40.12275634279738,38.45473301669159,39.5817767341859,115424264,15262,76.89382891294241
2021-10-21,40.25800323486328,40.483411979874916,39.17604057091455,39.581776999828385,122750629,16556,72.54875779474798
2021-10-22,39.626861572265625,41.700621522235174,39.35637174217652,40.753905397190906,102347062,6375,52.19482419360115
2021-10-25,40.48341369628906,41.15963995999457,38.90555241430954,39.897349558625095,153458794,4013,48.33563277129739
2021-10-26,41.33995819091797,42.917819243082235,40.7538975780783,40.88914074744247,214146592,10213,49.6744416876599
2021-10-27,41.74570083618164,42.4670081659833,41.24980226190954,41.65553870975568,111681059,11786,72.67649702877105
2021-10-28,37.2826042175293,40.57357319707806,36.96703335733779,40.57357319707806,321343621,4223,69.09219174981416
2021-10-29,37.95883560180664,38.86047068440979,36.606382977901916,37.417855928030704,146781564,15103,53.38495560227145
2021-11-01,37.95883560180664,38.45473764881028,37.68834576491867,38.364572076871035,42645900,4773,46.6377082014348
2021-11-02,37.95883560180664,38.27440994439667,37.68834576491867,38.18424437245743,52725424,14692,74.2677014353023
2021-11-03,37.2826042175293,38.454732417016416,37.10227997711382,38.04899599715275,64044920,16310,68.46762231995926
2021-11-04,37.77850341796875,37.91374658833148,37.46292914152738,37.598175751354276,13072027,14256,45.133471493326624
2021-11-08,38.22932434082031,38.40964858436682,37.77850685302509,38.09407771869596,55791255,5400,62.17274861208193
2021-11-09,38.68014144897461,38.99571231154818,38.31948608649243,38.409648207380755,55276093,12957,51.800501692447384
2021-11-10,38.094078063964844,38.68014217919626,37.913750379319445,38.58997661714131,41151809,3731,68.19224916550053
2021-11-11,37.733421325683594,38.27440435999261,37.553097087044975,38.22932330033295,35549697,4549,46.77976333124898
2021-11-12,37.643253326416016,38.0940707315228,37.46292567648054,38.04898967890489,28798008,15500,49.51092592304205
2021-11-15,37.50801086425781,37.95882831906603,37.372767691493884,37.91374726147805,29300908,5574,73.11999209065374
2021-11-16,37.05719757080078,37.73342382895017,36.92195438284967,37.73342382895017,37098708,14384,72.7390821129856
2021-11-17,36.65146255493164,37.32768877594909,36.51621593494238,36.87687129527079,37455760,17935,46.79843688315831
2021-11-18,37.553096771240234,38.04899530225493,36.78670500561358,36.83178606489412,123654620,13538,62.82690929130223
2021-11-22,35.97523498535156,37.68833928403326,35.479333023623205,37.55309610857813,66795201,9302,64.3259012543016
2021-11-23,36.65146255493164,36.83178679563142,35.56949991341084,35.70474309393567,54899992,16432,62.65779349249861
2021-11-24,36.47113800048828,37.10228321542243,36.24572924083071,36.74162782418443,40887058,3350,64.14403496842117
2021-11-25,36.02031707763672,36.561296673912196,35.930151518614544,36.471134554354414,44234204,5983,74.0975626541647
2021-11-26,34.71294403076172,35.83998766812411,34.48753530328924,35.83998766812411,55545650,5925,70.42034792907187
2021-11-29,33.90147399902344,34.66786579856884,33.45065650733714,34.44245705272569,47437170,6457,78.01240715045438
2021-11-30,33.630985260009766,34.71294796231243,33.40557650700774,34.03672170330634,52315588,4531,69.40510327643804
2021-12-01,34.577701568603516,34.758029260117766,33.49574229844726,33.72115105297392,40315749,9678,64.46982802418763
2021-12-02,34.71294403076172,34.80310614596502,34.21704551821511,34.53261636089089,32390148,12851,53.652259282734086
2021-12-03,34.71294403076172,35.25392360090998,34.57769741849254,34.75802508836337,29288326,10204,45.989286595553054
2021-12-06,34.26212692260742,35.07359972550751,34.12688030896932,34.71294438211542,40915598,16881,53.27293283116345
2021-12-07,34.71294403076172,35.0285148734375,34.44245424568759,34.53261636089089,31500355,14413,67.62102351977654
2021-12-08,35.47933578491211,35.5695013483639,34.758028474620566,34.93835616205959,41296620,7084,74.65378190720926
2021-12-09,35.61457824707031,35.97523357978833,35.29900741054016,35.61457824707031,35479922,11869,45.122370485127824
2021-12-10,36.74162292480469,37.01211271243187,35.389170547204515,35.61457927680454,52245056,9245,59.12579222823339
2021-12-13,36.29080581665039,37.32768735862612,36.20064369972393,37.19244074377214,46056603,12561,72.27961374470148
2021-12-14,36.200645446777344,36.47113525007493,35.65966240071773,36.155560946674036,40950927,15603,64.55014266959583
2021-12-15,35.839988708496094,36.47113385163291,35.74982659067554,36.110478501422065,30984077,12216,63.299678867139484
2021-12-16,35.5244140625,36.24572124641867,35.253920858999535,35.88506593472736,34881495,16914,74.47409896304293
2021-12-17,34.26212692260742,35.52441718501551,34.17196480649153,35.389170571377406,47068060,10554,49.233247596984555
2021-12-20,33.13508605957031,33.94655893069255,32.41377875160863,33.81131230568399,55096010,13570,60.031134126879216
2021-12-21,33.31541442871094,33.90147512366631,32.99984011038301,33.27033336593969,60527831,9512,62.32201210796181
2021-12-22,33.766231536865234,34.26213010042585,33.360495097783065,33.58590384844376,37841483,17861,60.759935643369424
2021-12-23,34.26212692260742,34.487535652361416,33.901471579215325,34.03671819285343,35679028,13566,60.58682159460658
2021-12-24,33.22524642944336,34.39737461240692,32.6842668368943,34.26212799453747,57414841,16064,50.04517531716999
2021-12-27,33.58590316772461,33.676065290375654,32.68426818335617,33.18016673686591,42555204,3291,68.82010228545272
2021-12-28,33.630985260009766,33.901475075719276,33.45065756971522,33.67606632271725,34060388,3880,66.45243100286693
2021-12-29,33.4957389831543,33.81130983247164,33.36049236803869,33.721147715370776,32102072,3981,75.81531495056606
2021-12-30,33.4957389831543,33.721147715370776,32.95475596215617,33.36049236803869,69851127,7853,71.05407519622297
2021-12-31,33.630985260009766,33.901475075719276,33.40557650700774,33.585904197302284,31412356,6494,56.63784160005008
2022-01-03,34.26212692260742,34.397373536245524,33.58590073334543,33.63098179140338,36560565,5395,54.15369694406916
2022-01-04,34.577701568603516,34.848194825607216,34.17196856202724,34.352292814076854,40922358,13566,78.25260612116482
2022-01-05,34.9383544921875,35.20884429068575,34.30720933604865,34.35229039588763,46559579,6218,51.5002510358022
2022-01-06,34.98343276977539,35.253922546761444,34.44245321580328,34.44245321580328,43889477,5187,78.75201971380312
2022-01-07,35.07360076904297,35.65966142016171,34.848192032582446,34.983435210780144,45764582,15288,76.23888697666564
2022-01-10,36.3809700012207,36.74162536835229,35.073602034163805,35.118683095189134,77487214,16122,71.87035462669121
2022-01-11,36.02031707763672,36.60637773369109,35.83998939905676,36.471134554354414,40117267,6382,46.7763718072793
2022-01-12,36.065399169921875,36.471135598476394,35.93015254724887,36.11048023099138,27289110,11975,73.79301110846896
2022-01-13,36.245723724365234,36.651460117890224,35.839987330840245,36.02031499901404,38374630,4783,62.08533116790365
2022-01-14,36.200645446777344,36.38096968933276,35.88507114337645,36.02031776475747,28246979,4577,46.22977597285431
2022-01-17,35.930152893066406,36.51621701100414,35.839990770059615,36.11048057854452,28509122,3747,58.666128363221844
2022-01-18,35.25392532348633,36.2457258365051,35.16376320387753,36.06539815782311,44095230,7981,45.12551796527203
2022-01-19,36.065399169921875,36.20064579259488,34.938355445861816,35.02851756800083,44886428,10318,46.12500043933029
2022-01-20,36.065399169921875,36.471135598476394,35.83999042510987,35.97523704778287,38841491,12934,62.68995316917947
2022-01-21,34.98343276977539,35.839986596451325,34.66786193653568,35.65965893197259,48283808,11603,73.38220556399017
2022-01-24,34.26212692260742,35.20884289968136,33.63098179140338,34.98343416992736,51367085,16427,67.5556385814149
2022-01-25,35.5244140625,35.65965722478627,33.90146859935305,34.17196180285352,54401085,5659,71.74519107703807
2022-01-27,37.10227966308594,37.37276946088419,34.98343546149344,35.16376313984707,120678533,9318,67.67283293341013
2022-01-28,36.831790924072266,38.22932802239516,36.69654772838815,37.9588347520973,116265760,5911,69.33458294876606
2022-01-31,37.46293258666992,37.73342239173416,36.831787415210385,37.05719615934133,65358800,5326,45.39384054840594
2022-02-01,37.23752212524414,37.868667267596955,36.33588719030136,37.68833959271553,83578352,13900,75.42545725200601
2022-02-02,38.5899772644043,38.7703049520743,37.14736264197341,37.23752476607613,111715210,4114,54.606068192120716
2022-02-03,38.40964889526367,39.08587513243004,38.18424014954155,38.68014214170182,85013403,10860,73.44866402621463
2022-02-04,37.4178466796875,38.68013685912522,37.28260007493916,38.319481539439,57040478,17839,78.42504956729582
2022-02-07,37.59817886352539,38.77030363434526,37.23752350044337,37.41785118198438,94193766,11348,62.999208325249256
2022-02-08,37.86866760253906,38.04899527901545,36.561296247415676,37.77850548403304,82898920,11205,51.09312877341868
2022-02-09,37.50801086425781,38.0489938737062,37.237521079265726,37.95882831906603,36405347,14850,73.5295718974981
2022-02-10,36.786705017089844,37.68833996083942,36.696542898500624,37.5981778422502,34712483,10264,69.68870386510389
2022-02-11,35.839988708496094,36.741623644558885,35.70474209230094,36.60637702836374,38771131,6285,47.01450795241688
2022-02-14,33.45065689086914,34.62278513426427,33.360494767283924,34.352291884579515,68821970,6370,66.9049118139098
2022-02-15,34.622779846191406,34.75802301091302,33.18016201291275,33.721144990191256,53556498,6070,74.13834867232076
2022-02-16,34.758026123046875,35.25392465035548,34.66786400515961,34.98343485722936,58312435,10368,52.18743197619066
2022-02-17,34.30720901489258,34.93835416512316,34.17196583664169,34.712945428573974,37538172,8546,62.04512586565502
2022-02-18,34.036720275878906,34.622784384891744,33.9014736539638,34.12688239751267,39630801,10627,77.71762079144536
2022-02-21,33.811309814453125,34.081799605075894,33.54082002383036,33.85639087297954,34670090,14074,69.49780474829933
2022-02-22,33.54082489013672,33.67606808533786,32.90967966080369,33.180169490670764,37187228,3603,64.89308703476024
2022-02-23,33.676063537597656,34.262127622719376,33.540820360660256,33.540820360660256,36877066,5059,67.28384647736681
2022-02-24,28.852319717407227,32.819515054336534,28.626910969614983,32.41377862041759,189980575,10101,66.60166993999624
2022-02-25,31.512142181396484,33.135084403040274,30.249851875971103,30.47526061340675,189336639,7846,66.82781252928118
2022-02-28,31.46706199645996,31.692470740161067,30.700670204197525,30.79083576535665,94949907,8946,61.33694904569498
2022-03-02,31.872793197631836,32.05312087038137,30.926077215027142,31.01624277113405,69515457,16431,62.145776171626295
2022-03-03,31.647388458251953,32.503942432251336,31.42197969875026,32.36869924022915,52337879,13379,64.22960751521663
2022-03-04,31.196565628051758,31.917876287226235,31.10640351538701,31.331812236513002,56689130,13531,55.91344318532212
2022-03-07,30.83591651916504,31.286734002078376,30.069524734533708,30.610507777708374,62092259,3510,72.8286096927046
2022-03-08,31.46706199645996,31.692470740161067,30.61050808250287,30.835916826203974,64860676,6811,55.43337789394363
2022-03-09,32.098201751708984,32.23344836539143,31.421975562225246,31.87279302188107,69650320,14772,47.487439830399225
2022-03-10,32.41377639770508,33.180164711859284,32.1883676653698,32.72934724718874,70426564,7418,53.01088253776515
2022-03-11,32.684268951416016,32.864596640420196,32.09820482201858,32.27853251102276,42340369,11796,71.36544016428272
2022-03-14,33.18016815185547,33.270333717816186,32.27853312903622,32.729350640445844,54669854,14420,71.61628654136399
2022-03-15,32.458858489990234,33.54082112754946,32.36869636997047,33.270331328025755,50789501,8146,77.86320164658572
2022-03-16,32.36869812011719,32.77443112160816,32.143289368415715,32.27853255575784,48492102,8935,54.933693066832085
2022-03-17,32.458858489990234,32.81951384899811,32.36869636997047,32.729348289513936,39001545,5077,61.82459360376566
2022-03-21,32.1883659362793,32.63918337673289,32.053119328357575,32.5490178249637,28291811,12722,58.5531231666672
2022-03-22,32.098201751708984,32.323610481536896,31.512141117834968,32.18836730731871,46470194,9735,66.25114377344003
2022-03-23,32.1883659362793,32.86459209695968,32.09820038451011,32.3236091047369,46357008,6453,51.065139673324154
2022-03-24,32.053123474121094,32.45885991090026,32.008042412137755,32.23345116151901,27969611,8816,76.40956292912819
2022-03-25,31.91788101196289,32.323614018478175,31.78263438348137,32.0982052639854,29182192,3046,47.330166999660506
2022-03-28,32.14329147338867,32.3236157349871,31.37689960373608,31.91788270692582,49502255,15036,72.82165320397549
2022-03-29,31.512142181396484,32.45885819073333,31.421976622743596,32.45885819073333,47346926,13684,78.05834058032521
2022-03-30,31.6023006439209,32.008037012250675,31.51213853516494,31.917874903494717,46240651,17011,66.76410625151742
2022-03-31,31.6023006439209,31.827709355274777,31.51213853516494,31.692466192140838,33939694,11916,49.05942204257377
2022-04-01,32.77443313598633,32.86459870588742,31.557227177772454,31.647389308208737,53967690,7328,60.214963270961356
2022-04-04,33.27033233642578,33.45065658193081,32.6842682201409,32.86459590511044,56228869,8510,45.02992153632462
2022-04-05,33.31541442871094,33.81131299812383,33.09000567539011,33.360495491482176,40801381,6488,45.18452616535631
2022-04-06,33.90147399902344,34.171967245606815,33.09000457766681,33.18016670021827,44241731,6926,73.2492265191045
2022-04-07,33.766231536865234,34.712947601747246,33.63098491068298,33.99164028752593,61740174,12124,59.187389944042536
2022-04-08,34.036720275878906,34.21704795861089,33.81131153233004,33.9014736539638,28343556,13349,52.30930719601983
2022-04-11,33.766231536865234,34.26213010042585,33.72115047462601,33.946559225286705,28770137,9379,53.72298383431806
2022-04-12,33.13508605957031,33.72115018198799,32.68426856216119,33.676065680675435,39061333,10162,53.10339169067438
2022-04-13,33.044925689697266,33.49574321103303,32.999841185991905,33.22524994665979,22607254,5860,70.89466248196825
2022-04-18,32.639190673828125,32.819518378217985,32.18837313258593,32.819518378217985,29188725,13109,55.22841543877675
2022-04-19,32.1883659362793,32.999835265417296,31.737548495825706,32.81951104080715,31729898,8347,66.45244472054544
2022-04-20,32.1883659362793,32.503936768811165,31.9629572160525,32.3236091047369,24765890,13507,60.151481264678786
2022-04-21,32.41377639770508,32.594104071466155,32.27852978251819,32.458857456279276,19283074,10494,67.10456280413231
2022-04-22,31.91788101196289,32.54902277297095,31.872796509492623,32.323614018478175,29066596,12153,73.30585099000507
2022-04-25,31.46706199645996,31.78263286185572,31.376896435300836,31.64738623984927,38812926,14967,71.3621864844142
2022-04-26,32.098201751708984,32.18836730731871,31.73754984766288,31.87279302188107,22211380,9442,72.47594365903603
2022-04-27,31.91788101196289,32.0982052639854,31.602306691994222,31.78263438348137,23588728,5631,69.981635266784
2022-04-28,31.872793197631836,32.05312087038137,31.602303408239678,32.008039812060055,26935411,3609,57.3839185091355
2022-04-29,31.647388458251953,32.27853367274964,31.55722633023716,32.09820597725534,25617648,8982,71.00629173359692
2022-05-02,31.6023006439209,31.73754724651882,31.24164876943308,31.46705748078696,20822885,6194,72.07479622459583
2022-05-04,30.971158981323242,31.962959484385262,30.83591580326776,31.78263180751359,35664306,3441,63.42615530241111
2022-05-05,30.880996704101562,31.602303968421285,30.790834585860726,31.241652055993598,26554780,8553,46.513464755348046
2022-05-06,30.520339965820312,30.790833187184326,30.11460701270266,30.61050551942971,36331439,17114,45.77510004322704
2022-05-09,30.204771041870117,30.520341900850163,29.844115683494863,30.43017978098855,32033408,17474,45.00004552711685
2022-05-10,30.024444580078125,30.56542763957615,29.799035831820085,30.204772266577468,29295243,16287,49.79762442213088
2022-05-11,29.8441162109375,30.29493369714178,29.212974481823082,30.11460945423164,36363537,17078,78.95691297740126
2022-05-12,25.786760330200195,28.266256482724597,25.65151542946349,27.95068390118414,203441446,4689,77.5239446274127
2022-05-13,26.417903900146484,27.04904906625192,26.102333036825993,26.553150521263525,63258378,12922,63.70629933593692
2022-05-16,26.643310546875,26.86871927136542,26.327739708374082,26.86871927136542,34445098,15505,63.742067753614606
2022-05-17,27.00396728515625,27.139212182932337,26.508067033667697,26.7334757698719,32624448,15895,58.48924438821702
2022-05-18,26.7785587310791,27.229376206553617,26.68839489203776,27.18429342716685,31734195,4916,75.99441416054724
2022-05-19,26.327741622924805,26.462986523507634,25.922005201444097,26.41790374349188,30284209,13579,60.425874429931284
2022-05-20,27.00396728515625,27.094129403852186,26.643311931443783,26.823639608300017,24793799,10384,49.36419770656943
2022-05-23,27.590030670166016,27.815439414661274,26.9588854976864,27.139213181175503,42055819,15395,72.01075843955564
2022-05-24,27.319538116455078,27.905602205865446,27.18429321879583,27.49986579315553,56809933,7758,77.33612411809848
2022-05-25,26.86871910095215,27.77035399319527,26.823638044232823,27.364619323525112,40570359,3529,64.12800144945629
2022-05-26,27.274457931518555,27.454785614000002,26.05725037409938,27.049049188282865,43717993,16639,70.04587421295508
2022-05-27,27.454784393310547,27.725274185274014,27.13921182286506,27.680193126524156,30100376,3919,56.34704031964957
2022-05-30,28.536746978759766,28.671991882788223,27.59003093082829,27.680194773424684,35988041,5032,70.82098715423427
2022-05-31,28.266254425048828,28.762152931561296,28.176090591210535,28.44658037299332,22186702,14869,45.96298571964502
2022-06-01,28.311338424682617,28.536747172840492,28.085929676524742,28.26625736294395,19112886,15691,48.20987223119519
2022-06-02,28.852319717407227,28.987566341868387,28.176093474030495,28.221174535696036,28608162,15639,67.80822154701127
2022-06-03,28.44658088684082,29.07772601537752,28.401499828973392,28.942479402310997,17378205,15268,68.52765562102095
2022-06-06,28.356420516967773,28.446582638253773,27.905603031608873,28.401501577610773,17746776,8527,78.53324039447479
2022-06-07,28.17609214782715,28.446581944553415,27.950683410644533,28.2211732073708,15036787,17688,50.399548750919315
2022-06-08,28.085927963256836,28.626909269781827,28.040846904268157,28.221172859955043,20451354,17944,61.13741280218884
2022-06-09,28.040847778320312,28.22117373962808,27.770356256760333,28.0859288387142,15900909,10791,69.56181148519993
2022-06-10,27.86052131652832,27.950685160994116,27.63511256522998,27.77035747206253,16223346,8841,63.19928858298074
2022-06-13,27.139211654663086,27.54494634009365,26.958883981316962,27.274456549806608,21124501,7260,47.59554018044405
2022-06-14,26.958885192871094,27.364621616267925,26.868721352145993,27.04904903359619,20714804,4983,74.95544505676934
2022-06-15,27.00396728515625,27.22937602136045,26.91380344672813,27.049048344504218,11190067,9762,75.79917373238666
2022-06-16,26.192495346069336,27.27445800438408,26.057250443713052,27.18429416290248,24073157,3021,56.17192438059651
2022-06-17,26.192495346069336,26.41790408990722,25.696596797518886,26.147414285194653,25315923,7172,60.487413554780275
2022-06-20,25.65151596069336,26.462987101650967,25.290860591616866,26.372823259381843,25688389,10152,62.11691304484526
2022-06-21,26.823638916015625,27.04904764640231,25.74167632226668,25.876922936284398,24011383,14238,75.31434991368354
2022-06-22,26.998716354370117,27.22908083438195,26.768351874358284,27.044790304897386,24515377,13037,52.6255502150288
2022-06-23,26.95264434814453,27.275154973904137,26.445843191623375,27.044790492296062,20714754,6964,57.624851461621496
2022-06-24,27.229080200195312,27.459444674841777,26.95264353363614,27.04478967500302,18924714,13555,65.19390565150061
2022-06-27,27.229080200195312,27.597664765662824,27.183008008282606,27.459444674841777,15645270,5574,50.90448582722948
2022-06-28,27.413372039794922,27.505518179672265,27.13693537770432,27.13693537770432,18553627,15941,61.84801390532118
2022-06-29,27.413372039794922,27.55159037084022,26.998715289117584,27.13693537770432,17307144,16366,56.486287912619915
2022-06-30,26.722280502319336,27.55159230433128,26.63013435597544,27.367301769185048,21893458,14010,72.08538604381835
2022-07-01,27.13693618774414,27.27515452291527,26.49191494689022,26.768351617232476,17767070,4514,69.29902528909714
2022-07-04,27.64373779296875,27.73588393712028,27.136936636447594,27.136936636447594,19169426,13164,73.27099338320578
2022-07-05,27.36730194091797,27.874103112677293,27.275155793995847,27.689810818833045,15961683,13805,45.03901059562827
2022-07-06,27.597665786743164,27.68981017397781,27.22908120763847,27.27515515879732,14801245,13774,69.51232774901256
2022-07-07,28.565196990966797,28.65734313922017,27.643739023516257,27.735885171769628,32993224,3629,67.34380408899816
2022-07-08,28.242687225341797,28.749490177656917,28.01232272634628,28.657344026550383,20754742,5517,50.547005372384874
2022-07-11,28.611268997192383,28.70341514483664,28.104467821461352,28.104467821461352,20450726,16206,72.56087424659745
2022-07-12,28.380903244018555,28.749487818195075,28.242684907473112,28.380903244018555,15414252,14874,45.40552267873539
2022-07-13,28.380903244018555,28.611267724108128,28.242684907473112,28.380903244018555,14450589,14419,48.4697051276508
2022-07-14,28.01232147216797,28.51912440179232,27.73588478876674,28.28875991311077,16034640,4224,55.36983138914783
2022-07-15,27.92017364501953,28.15053811983831,27.68980917020075,28.012319786455336,12066316,6463,73.77862237210358
2022-07-18,28.887706756591797,29.025925096016902,27.966248817035705,28.10446715646081,21452288,9799,72.19223541475593
2022-07-19,29.118070602416992,29.256288938808574,28.657341642750715,28.70341383570074,25007755,9946,78.47643922752842
2022-07-20,28.933778762817383,29.44058168080979,28.84163261795135,29.348435535943757,20054939,4956,45.62630991242519
2022-07-21,29.34843635559082,29.532726892928245,28.841633423444353,28.887707375934895,21957903,12404,57.502890191145084
2022-07-22,29.30236053466797,29.71701729293481,29.21021615064553,29.394506676231874,20272480,3650,52.57372449138494
2022-07-25,29.118070602416992,29.3023611317586,28.887706122583854,29.118070602416992,21587323,15270,55.1264629098137
2022-07-26,29.118070602416992,29.3023611317586,28.979852266025407,29.025924458975435,19540357,14011,73.09327019760406
2022-07-27,29.532724380493164,29.578796571522627,29.025923249003327,29.025923249003327,22430650,10117,70.39730515314568
2022-07-28,30.08560562133789,30.822771330947358,29.578800900590718,29.578800900590718,52325898,9127,50.651019339224405
2022-07-29,28.887706756591797,30.03952742349537,28.841632805089066,29.670946356722784,49931761,4335,70.2975193778346
2022-08-01,30.77669906616211,31.099207964950473,28.887709083395666,29.071999631625918,70456056,6909,58.14134393594697
2022-08-02,31.51386070251465,31.882441751353767,30.36203833411194,30.63847499951201,64390245,7263,47.72263846060085
2022-08-03,31.32956886291504,31.65207772458833,30.638475432115442,31.421713247655134,32209696,5555,51.93588194154013
2022-08-04,30.77669906616211,31.513864774166485,30.40811445461824,31.421716863738837,36881278,12326,73.97350079565346
2022-08-05,30.914913177490234,31.237425565472346,30.68454869253862,30.776696595569113,30539905,15647,60.47536077805188
2022-08-08,30.730623245239258,31.099207855485766,30.638478850219308,30.82277115534256,19970390,8380,68.274745509845
2022-08-10,30.40811538696289,30.86884440797748,30.22382307554036,30.77670000980795,22044563,12065,76.53306137170695
2022-08-11,30.77669906616211,31.099207964950473,30.546334562718034,30.592406760390176,21927939,8455,72.56978493853902
2022-08-12,30.68454933166504,30.914913821414903,30.638477136731698,30.73062152659838,14138000,14355,55.78483887739891
2022-08-16,30.914913177490234,30.96098537146394,30.638476498564913,30.776696595569113,17673451,16654,71.05023223732493
2022-08-17,31.744226455688477,31.83637084284153,30.776696330249194,30.914912910978778,40936919,4913,71.3506942987283
2022-08-18,31.467788696289062,31.974589838357122,31.375640797223912,31.606005272262387,26013767,4029,76.60393591658818
2022-08-19,30.730623245239258,31.55993686075222,30.592406652709332,31.46779246573227,28981855,13816,52.91592394172511
2022-08-22,29.855239868164062,30.592405546928426,29.80916415723617,30.454185444311197,24893422,7635,78.39258028070563
2022-08-23,30.45418357849121,30.5002557715132,29.624873558846403,29.624873558846403,25441848,17914,51.628157161458006
2022-08-24,30.914913177490234,30.96098537146394,30.36203981963959,30.454184207587,20360378,5271,61.39377425193247
2022-08-25,32.48139190673828,33.264629738172516,30.914912728786778,30.960984922091786,111083657,12459,77.73352775872485
2022-08-26,32.89604949951172,33.63321515608042,32.6656850121413,32.71175720659876,62782884,16313,61.08653319275466
2022-08-29,32.48139190673828,32.619612001736336,31.744226268609054,32.11280733013215,33867475,12770,55.881037370839586
2022-08-30,33.03426742553711,33.44892422267389,32.75783073247367,32.849978640216996,33807116,8746,57.322499475485415
2022-09-01,32.98819351196289,33.63321477225564,32.57353673641162,32.665684639358055,38437795,11175,56.93108789514085
2022-09-02,32.48139190673828,33.310705446560554,32.34317181174022,33.264629738172516,24622506,5417,71.08586660126285
2022-09-05,32.89604949951172,33.12641398688213,32.481392719228346,32.481392719228346,33308634,16965,62.48566757018162
2022-09-06,34.27824020385742,34.55467691617008,32.849980927672426,32.94212532674881,92981035,4442,69.61488258616183
2022-09-07,34.64681625366211,34.969328633480345,33.909650623493704,34.00179852419163,48254482,14148,65.98768338528168
2022-09-08,35.33790969848633,35.476129792020906,34.785036354514006,34.96932864086578,51627315,12793,66.01683677380925
2022-09-09,35.936859130859375,36.48973248068553,35.47613016764323,35.47613016764323,65772741,10765,67.95503911643232
2022-09-12,36.950462341308594,37.13475463408752,35.98293219807312,36.30544458920703,61436082,10168,50.77101051629905
2022-09-13,36.443660736083984,37.595483158305875,36.35151634833946,37.08868199554485,67593580,6162,73.03982340542962
2022-09-14,36.950462341308594,37.22690253801854,35.66042332202234,35.752567710870245,65760110,9926,67.88676960635716
2022-09-15,37.27297592163086,37.503340416183484,36.720099025654626,37.180828014759875,50606061,8103,47.232527595042654
2022-09-16,36.53580856323242,37.411190790241356,35.8447151113308,37.226902015134044,59732960,11195,56.62084880771766
2022-09-19,37.22690200805664,38.10228423489915,36.535808556286405,36.72009733135868,83681824,7474,56.78008012798615
2022-09-20,37.45726776123047,38.37872572814799,36.99653877777171,37.59548434721818,85095486,3428,46.04792310353032
2022-09-21,36.99654006958008,37.8719223566509,36.581883266971985,37.503341266064055,46208645,15488,64.7951369552926
2022-09-22,37.31904983520508,37.9640711526574,36.720100715767195,36.8583208248939,76924094,9413,47.470194915950515
2022-09-23,35.153621673583984,37.411190805305196,35.01540157711478,37.27297422391906,69527571,4899,58.046464459436805
2022-09-26,33.1724853515625,34.877181109429024,32.98819306325943,34.877181109429024,65861997,11963,65.20740595386226
2022-09-27,33.817508697509766,34.14001758570188,33.26463179835911,33.448924098076,41297271,11371,78.9144022010184
2022-09-28,32.11280822753906,33.44892296122082,31.83637154490083,33.44892296122082,85338288,14232,47.0130748789137
2022-09-29,32.15888595581055,32.942123858296135,31.559936843262733,32.481394853285,116839087,11516,76.33424367884916
2022-09-30,33.67928695678711,33.90965144146429,32.25102785480521,32.80390121199721,90405745,8388,51.094707226764385
2022-10-03,32.665687561035156,33.86358228581605,32.57353964984684,33.72536217657528,47921973,16198,69.53449555041267
2022-10-04,33.5871467590332,33.771439072782506,33.310710045951005,33.494998844616795,38320151,3678,67.99192573063617
2022-10-06,33.77143478393555,34.09394365572676,33.58714249359068,33.955723559197345,27448412,6235,65.51068858812347
2022-10-07,33.77143478393555,34.001799268095866,33.264630106716396,33.63321468740613,28687877,15543,58.21950853514193
2022-10-10,33.67928695678711,34.09394373222265,33.26463018135157,33.31070589035347,32747438,10106,51.806811556575816
2022-10-11,32.89604949951172,33.90965183790829,32.80390159551368,33.863579643450834,35436582,9455,49.360242864346986
2022-10-12,33.44892120361328,33.58714129521105,32.803899967961954,33.034264443902934,36192793,16491,46.75711104211176
2022-10-13,33.080345153808594,33.587146374504336,32.66568833139082,33.54107417536535,30733961,17771,58.340973910294935
2022-10-14,33.03426742553711,33.909653216140704,32.94212303287705,33.77143662715062,26022043,8558,62.59189572821167
2022-10-17,34.00180435180664,34.32431327181712,32.711761641597526,33.034270561608004,42448068,5742,61.428689052204916
2022-10-18,35.798641204833984,36.029005700399416,34.14001753977956,34.27823764315212,93855098,12658,75.72860193448335
2022-10-19,36.259368896484375,36.95046235841292,35.61435114408423,35.9368600202843,104078804,6116,74.05601091431325
2022-10-20,37.31904983520508,37.54941434036066,35.56827818998926,36.029007200300434,121051376,7859,73.34549503368962
2022-10-21,37.549415588378906,38.5169458391732,37.226906676475316,37.31905107556677,113842537,5516,69.64768152752475
2022-10-24,37.871917724609375,38.33264666780454,37.687628959397614,38.10228219620696,17217018,15769,57.958488671032974
2022-10-25,39.89912796020508,40.54414921897816,37.319046440195805,37.9640676989689,169573666,7928,54.99090106276767
2022-10-27,39.6226921081543,40.17556547572319,39.20803532493605,40.083421086156086,96348564,14703,75.25898037763024
2022-10-28,39.71483612060547,41.28131533395355,39.34625505075382,39.89912841307285,118353597,9674,60.46306823745434
2022-10-31,39.3001823425293,40.31378466522165,38.47086879481151,40.17556456890766,82205500,13084,52.271144263785125
2022-11-01,36.950462341308594,40.17556516214891,36.76617356361278,39.80698409167417,146126391,16280,63.95076215234121
2022-11-02,36.1672248840332,36.85831835315486,35.93686039432598,36.812246158230046,64972626,15886,67.83260282252289
2022-11-03,38.056209564208984,38.33264622390834,35.84471277153129,35.936857153070136,104226875,9912,71.71905559953706
2022-11-04,38.51694107055664,38.83945345761487,38.102284295814954,38.47086887671492,61162545,7749,60.06425663882104
2022-11-07,38.563011169433594,40.129490280533645,38.37872240407832,39.530544762963224,109584009,8751,67.73427591832606
2022-11-09,41.419532775878906,42.38706285543197,38.79337568556871,39.2541046296495,299263769,7251,64.08646405436093
2022-11-10,40.5902214050293,41.603827244359515,40.129492436720035,41.46560714783351,97489239,7576,52.80515994570209
2022-11-11,41.23524475097656,41.64990154646113,40.636295655822934,41.511681442938524,76514774,17871,76.80396917955318
2022-11-14,40.498077392578125,41.41953533773311,40.267712906289375,41.37346314349198,39354002,13414,58.57799984335966
2022-11-15,40.498077392578125,40.82058626734913,40.17556500272402,40.72844187886687,38499635,17809,66.79301989876075
2022-11-16,40.682373046875,41.41953876090641,40.405932828415246,40.4980807395963,60764292,13082,53.207999402835625
2022-11-17,40.82058334350586,41.23524009214174,39.945197655292986,40.68236677068247,71836182,3467,46.409000757580536
2022-11-18,42.248844146728516,43.03208548630934,40.68236849773287,40.866657269320825,172405604,11238,76.41075333661898
2022-11-21,43.86139678955078,44.045689081624474,41.97240870473237,42.20277319105372,172492290,14738,52.7234253246823
2022-11-22,44.41427230834961,44.59856459479082,43.3085221047853,44.09175992830673,123475904,10184,62.913027958534
2022-11-23,46.39540481567383,46.90220948319086,44.50641678473811,44.73678126448839,252150630,3723,51.535163904215544
2022-11-24,46.85613250732422,47.178644879297764,46.34933136860341,46.57969584212041,104180912,17805,77.26082118805087
2022-11-25,49.390140533447266,51.279131983124245,47.2247159402681,47.45508040826941,374685764,11519,63.34459117074344
2022-11-28,49.20585632324219,50.08123857056421,48.560835050149784,50.08123857056421,124868210,6784,72.66400258801157
2022-11-29,48.37654113769531,49.850872413953766,48.05403226947722,49.251926870822594,110088137,16365,59.77617070417719
2022-11-30,47.270790100097656,48.745124865774784,46.902209044990606,48.37654029558476,72720109,14838,56.0128192019504
2022-12-01,49.06763458251953,49.39014345073762,47.270790922959954,47.685447692871094,106625627,13835,59.794486766055
2022-12-02,49.758731842041016,49.989096341309725,48.606909345697474,49.113710541071974,96833859,15019,68.60401165606868
2022-12-05,50.81840133666992,51.00269009280189,49.57443114228286,50.0351600627782,99638073,11146,53.77209982904524
2022-12-06,51.094844818115234,52.84561284105248,50.31160343949213,50.81840813187074,225788957,15564,47.727226629537554
2022-12-07,51.094844818115234,51.92415487684871,49.804802262196695,51.41735369955328,111738442,3007,59.89297452745936
2022-12-08,53.16812515258789,53.39848964327061,51.09484473644343,51.32520922712615,150791474,11381,78.39705047437083
2022-12-09,51.832008361816406,54.734602236111336,50.68018595377604,53.90528869628906,242993671,10720,66.21176225090439
2022-12-12,53.536705017089844,53.95136179395165,51.832009230648424,52.29273820158752,128901863,3820,54.12467304834746
2022-12-13,55.19533157348633,55.37962034795562,53.813144674468305,54.181725738489945,148851940,13479,70.53767918625817
2022-12-14,54.59638214111328,55.8864246441517,53.62885202137598,55.70213235584863,175015067,4696,61.307973283388016
2022-12-15,54.6424560546875,57.130393237397236,54.27387498156063,54.59638385993204,229821550,11171,50.898173746983275
2022-12-16,52.29273986816406,55.2874782747109,52.016303179807146,54.642456991822634,150603662,17561,75.15252491252024
2022-12-19,51.6477165222168,52.79953894026393,51.23305974870321,52.5691744566545,85831831,4244,54.913031570981865
2022-12-20,51.18698501586914,51.83200624099589,50.03516265495812,51.555569577393825,88046715,5780,59.16171824880911
2022-12-21,48.97549057006836,52.61524659521619,48.422613700935344,51.60164427443025,154435087,10565,45.28884814043103
2022-12-22,49.52836608886719,50.86448085381606,48.468688013025584,49.66658619096243,193777944,9392,48.66480629399364
2022-12-23,45.79645919799805,49.25192638826324,45.42787462500323,49.11370629461944,174132546,15207,59.781567074946146
2022-12-26,49.29800033569336,49.71265711629993,45.289659658357145,45.796460827950455,169993660,11758,58.63944614021453
2022-12-27,49.94301986694336,51.18698665041756,49.11370633457189,50.31160092515501,124352547,13669,78.44450866215283
2022-12-28,50.588043212890625,51.46342545941271,49.20585627827703,49.89694974558383,125697410,12164,77.98277071411408
2022-12-29,51.048770904541016,51.50949987113405,49.251927231811585,50.17338516499765,130252482,4113,66.58976332043869
2022-12-30,52.01630401611328,52.799541898231126,51.41735491914087,51.60164721936955,115251538,5159,53.17221368536892
2023-01-02,52.661319732666016,53.07597297041571,51.9241506098157,52.33880736264828,72924744,7017,59.33833378674254
2023-01-03,53.26026916503906,53.72099814313643,52.66132360256237,52.93776028640416,78566820,15433,68.8582443168423
2023-01-04,51.832008361816406,53.767068601291,51.32520720529525,53.53670411968293,96809213,6916,74.13465233216081
2023-01-05,52.29273986816406,52.66132446269542,51.09484520856196,52.24666767261844,82173647,10092,51.169972890128086
2023-01-06,51.97023010253906,53.07597683720672,51.60164551426109,52.52310346987289,88223106,9215,45.20689337436083
2023-01-09,52.6152458190918,53.21419487304674,52.29273695316714,52.52310143313704,56732510,17177,76.17917275225676
2023-01-10,50.77233123779297,52.47703054087329,50.357677975635816,52.43095834675395,82014187,15701,47.1700609092871
2023-01-11,51.97023010253906,52.15451888159491,50.311602970371304,50.956624242316195,75395366,8016,75.07163033525781
2023-01-12,51.46342086791992,52.06236989218169,50.956619740127636,51.97022551079503,58123134,10141,58.15247942568694
2023-01-13,52.33881378173828,52.89169069168357,51.32521138613023,51.601648083561216,98864358,16638,49.485137006833014
2023-01-16,54.27387237548828,54.78067352362958,52.33880865292652,52.47702874563913,166603280,11379,72.43452864275065
2023-01-17,53.21419906616211,54.78067835640778,52.292741073674456,54.55031385828587,116738590,15290,68.98616524111195
2023-01-18,52.29273986816406,53.444562332220535,52.016303179807146,53.306342230500476,68557704,12716,54.005921032535255
2023-01-19,52.707393646240234,52.84561022497861,51.78593572765241,52.246664686946325,59090340,12296,74.5395692491118
2023-01-20,52.47703170776367,53.536706256404,52.292739412105256,52.93776068936812,60893155,13521,50.797763402800854
2023-01-23,52.33881378173828,52.983835085799456,52.154521478423185,52.75347058542642,48030932,15170,45.68050233456922
2023-01-24,51.14091491699219,52.84561067485871,50.95662262868912,52.523101806640625,51548951,13050,56.96606078768266
2023-01-25,49.48229217529297,51.18698796150762,48.975491010344,51.094843573365296,83514024,11763,52.45108229108199
2023-01-27,46.810062408447266,50.081237375621534,46.118968956998486,49.52836402049574,111244364,16997,71.98814157501803
2023-01-30,46.717918395996094,49.067635446768385,45.24358357868653,47.08649946401116,148179904,12686,55.393339383464244
2023-01-31,49.34407424926758,49.75873104432023,46.5797003023609,46.99435709741355,114490184,9289,45.702534496964816
2023-02-01,46.34933090209961,50.127310338802936,44.50641513251248,49.98909025005075,159606635,6909,60.548292559002306
2023-02-02,46.810062408447266,48.14617711759818,44.78285424784757,46.07289676325185,121217105,5768,66.18814017271853
2023-02-03,47.73152160644531,48.192250586266375,45.33573231740906,47.22472043165878,114130816,16003,76.45841972530215
2023-02-06,47.36294174194336,48.192251817763434,47.08650153492009,47.82367073353782,57728571,17161,53.4114383456347
2023-02-07,47.270790100097656,48.00795572539474,46.717916759895594,47.50115457769568,54786770,9648,50.85752239008727
2023-02-08,47.54722595214844,47.91581051599696,47.13257271167248,47.593301658941684,43092026,6158,48.75758362384654
2023-02-09,46.99435806274414,47.50115926040413,46.39540895591113,47.50115926040413,48710526,5298,61.39334688677941
2023-02-10,47.2247200012207,48.51476253899462,46.579698732333746,46.81006322014458,56528450,11506,57.76646333729904
2023-02-13,46.25718688964844,47.54722582962827,45.888602326749684,47.362937063261796,53678758,11415,53.755806525829314
2023-02-14,46.810062408447266,47.13257479483987,45.61216779561933,46.44148134339109,44481427,8037,62.99015799379657
2023-02-15,46.9022102355957,47.04042681661334,46.303261172603435,46.487553462376674,26711967,14080,58.26906403494527
2023-02-16,46.810062408447266,47.224719182333146,46.44148134339109,46.94828250477025,25514798,10801,73.48983728860428
2023-02-17,45.79645919799805,46.57969702175829,45.61216691150064,46.57969702175829,37386646,9087,57.582657143444585
2023-02-20,45.6121711730957,46.533629176592584,45.42787886937966,45.84253567396993,52556924,5011,72.30090384400071
2023-02-21,45.197509765625,46.07289548281508,44.96714528821092,45.79645881293478,51854291,13914,62.23302085052765
2023-02-22,44.04568862915039,45.01321875874414,43.76925195142119,44.92107437119543,50161602,15217,56.221630298944746
2023-02-23,44.46034240722656,44.78285125699715,43.53888453350166,44.22997793879534,59329147,5986,75.30858129213817
2023-02-24,43.81532287597656,45.28965763962969,43.631030591134554,44.78285297754341,43992957,12974,45.111385913323346
2023-02-27,44.32212448120117,44.50641676794847,43.4928144634628,43.76925113604226,60479465,15731,56.68352815635897
2023-02-28,44.552486419677734,44.78285088620158,43.90746872547722,44.46034203910132,45553040,9638,52.33885852710716
2023-03-01,46.21112060546875,46.94828631041914,44.414276783032356,44.55249337547617,54733648,4075,77.81650368345282
2023-03-02,45.842533111572266,46.303262087567965,45.52002423440853,46.21111769840208,39689768,6237,48.41025074215512
2023-03-03,47.73152160644531,47.82366951145942,46.211118082085704,46.211118082085704,75460112,7333,68.38950281668522
2023-03-06,47.270790100097656,48.33046810308175,47.13257352258863,47.961883532891726,47324177,10966,73.7978623487168
2023-03-08,47.45508575439453,47.593305856799844,46.67184788098636,46.99435676648779,37125655,10808,54.323450205044296
2023-03-09,46.9022102355957,47.68544807327816,46.717917945822464,47.45508358983238,26784782,16457,45.10499393042435
2023-03-10,45.980751037597656,46.48755218422757,45.47394637588478,46.48755218422757,32660079,15254,64.47097865629047
2023-03-13,44.368202209472656,46.30326252072335,44.229982109347674,45.98075364054262,44252288,6914,49.1121617750073
2023-03-14,44.368202209472656,45.01321996983411,43.86139751906985,44.41427440448659,57868867,15344,50.52010221092564
2023-03-15,43.953548431396484,45.1975153572984,43.677111727316436,45.01322304955057,39104721,11054,69.61399383987418
2023-03-16,44.22998046875,44.64463723866113,43.12423025401464,43.953543793836914,56323397,9001,50.16785594185211
2023-03-17,44.18391036987305,44.92107604294577,43.769253580306135,44.690711550417845,43994185,7536,49.55352525656713
2023-03-20,43.30852508544922,44.229983065990695,42.4792114969286,44.091762962876174,51001675,15304,65.6948811512829
2023-03-21,43.99961853027344,44.27605522116426,43.17030494251771,43.677109643414674,40735601,13452,75.2626639701411
2023-03-22,44.09176254272461,44.552491528605046,43.9535459560104,44.18391044895062,28630222,6693,69.64746675912528
2023-03-23,43.17030334472656,44.13783699965959,43.032086761938345,43.907472513262796,30619961,3444,76.11991331234213
2023-03-24,41.92633819580078,43.44674527267081,41.557753596837365,43.308525169288714,41476341,17110,61.70215628041423
2023-03-27,41.97240447998047,42.387061216638045,41.465603364102435,41.92633229037024,42307425,16652,77.68549909563747
2023-03-28,41.37345886230469,42.156696628606355,40.912729937401885,41.97240435562869,38272734,7364,63.36816263090117
2023-03-29,42.66349792480469,42.986010282660764,41.097018870442646,41.373459038628646,49229088,7426,58.197071150335525
2023-03-31,42.939937591552734,43.35459435785074,42.84779320574562,43.032085492442846,32435561,13130,48.561556573052954
2023-04-03,43.63103103637695,43.72317893727978,42.93993759747922,43.1703020771118,20028650,3104,66.14030706967063
2023-04-05,43.03208923339844,43.72318273228037,42.801724733771124,43.63103482337946,24882531,4712,55.709992989566516
2023-04-06,43.49281692504883,44.04569030149901,42.80172344694451,43.03208793964595,33990957,17289,64.81052232724053
2023-04-10,43.35459518432617,43.72317976474701,43.12423070033391,43.492815280754755,20735073,12629,62.07178925296174
2023-04-11,43.53888702392578,44.322124855360016,43.446742637315765,43.907471600531906,36635159,14827,60.56594780439427
2023-04-12,43.35459518432617,43.81532415231069,43.216378602980654,43.81532415231069,24089807,14278,47.110546747700475
2023-04-13,43.99961853027344,44.1839108292284,43.12423274654978,43.400669437440605,32614533,9840,63.00573958947446
2023-04-17,44.96714401245117,45.10536410101137,43.631029378339754,43.90746955546015,45304745,11911,60.259315365673416
2023-04-18,45.24358367919922,45.61216826311623,44.78285470684451,45.01321919302187,35880230,13529,47.56107230082164
2023-04-19,44.736778259277344,45.75038401113902,44.59856168976173,45.15143499798972,30538280,3813,45.441037721843614
2023-04-20,44.78285217285156,45.01321664599397,44.50641550809725,44.78285217285156,23270861,6707,53.96320539094104
2023-04-21,44.46034240722656,44.78285125699715,44.04568566103379,44.69070687565779,20293450,15617,47.81394568481384
2023-04-24,45.38180160522461,45.473945989252805,44.460343704610914,44.690708179764336,31327255,12256,52.91204189173778
2023-04-25,45.88860321044922,46.16503988040531,45.42787425549474,45.61216654049313,31449334,13234,53.88043712662269
2023-04-26,46.303260803222656,46.53362528483073,45.42787507009537,45.7964596467015,30000936,6174,67.16125131678008
2023-04-27,46.44148254394531,46.57969912875825,46.07289795427783,46.30326244404922,27678355,15509,50.323225304831375
2023-04-28,48.146175384521484,48.37653986004551,46.5336240558533,46.62576844002974,58579598,6434,59.3802106740337
2023-05-02,48.60690689086914,48.92941576752413,48.28439801421416,48.42261459774496,31570025,16614,67.27778983107164
2023-05-03,48.42261505126953,48.791199640970056,47.731521581893425,47.869741681801905,30999962,12644,65.6439929723057
2023-05-04,49.1597785949707,49.297998688916756,48.37654076949775,48.6069052493525,31540665,7525,48.35863227274647
2023-05-05,48.238319396972656,49.62050623946566,48.100102821773106,49.159777291968,41383424,10200,50.00930244312157
2023-05-08,48.007957458496094,48.56083433374015,46.6257705430106,47.455084098335135,64119087,4272,73.27134186528059
2023-05-09,46.303260803222656,48.42261333100032,46.11896851491959,48.330468944390304,51516931,7369,55.98890317618176
2023-05-10,44.690711975097656,46.07289894339965,44.13783859381016,45.75039005682915,94616408,7956,54.3989392434774
2023-05-11,44.690711975097656,45.38180545924865,44.598567583244154,44.96714866574141,44557782,5364,71.13736381844483
2023-05-12,44.736778259277344,44.967142723552804,44.27604933072643,44.690706069438804,20165979,16268,75.03771198310595
2023-05-15,45.10536575317383,45.24358233171389,44.46034450807122,44.69070898738765,22303027,16294,64.43612378480553
2023-05-16,45.15143966674805,45.934677520240015,44.967147373254896,45.4278763494462,34288935,17199,60.41459157967736
2023-05-17,45.42787170410156,45.61216397874943,44.69070612059288,45.28965513442775,31020370,8369,65.59010982424695
2023-05-18,44.64463806152344,45.79646049079348,44.552490158131974,45.704312587402015,32314683,11367,53.032992115931776
2023-05-19,45.38180160522461,45.704310464406234,44.55248808863911,45.01321703894596,46965076,5823,72.64813262500559
2023-05-22,46.57969665527344,46.76398894032086,45.79645883767564,45.93467541514897,59690876,3526,54.8460629968606
2023-05-23,46.625770568847656,46.94828295835618,46.34933388861399,46.76399066650604,30905073,14232,66.1137239952229
2023-05-24,45.980751037597656,46.81006104615124,45.88860313770306,46.303259899521336,25931404,4368,69.3952745359701
2023-05-25,45.750389099121094,46.118970173902724,45.473948899180925,46.118970173902724,27256728,9260,73.43907173612912
2023-05-26,46.39540481567383,46.533624909557204,45.7964592773729,45.842531470306355,24170849,13819,61.10069635797802
2023-05-29,46.810062408447266,47.316863569826424,46.349333440814746,46.67184582720735,33668195,6202,55.46547890440176
2023-05-30,47.40901565551758,47.50116005114118,46.67184994527865,46.81006653871405,31271579,8278,70.16296372325127
2023-05-31,47.777587890625,47.86973578423907,46.90220574932907,47.36293467215123,36101259,3154,68.94915034262901
2023-06-01,47.639373779296875,48.14617491751732,47.50115368928998,47.77759035422087,29135650,16175,47.347157945150286
2023-06-02,48.1922492980957,48.37654158811466,47.73152033058985,47.73152033058985,25135897,3420,72.51984487978302
2023-06-05,48.05403137207031,48.6529769040162,47.91581127965351,48.422612426710174,19034598,4945,73.07786319787704
2023-06-06,47.96188735961914,48.23832405177618,47.50115836766298,48.23832405177618,18736434,6341,67.51191811136002
2023-06-07,48.238319396972656,48.33046729552194,47.96188273149064,48.054030630039925,16129252,14567,52.71149206895882
2023-06-08,47.8697395324707,48.514760777943856,47.685447245895084,48.33046849136824,31319973,13653,58.023091598730744
2023-06-09,47.316864013671875,48.100105375044016,47.178647431135445,48.05403318086521,20964121,17408,59.85843793152577
2023-06-12,47.501155853271484,47.77759253079583,46.948282498222795,47.362939272050845,17394733,5868,75.28185134466877
2023-06-13,47.91581344604492,48.10010573923864,47.50115666512983,47.82366905698962,17963382,16379,73.94530441820478
2023-06-14,47.73152160644531,48.192250586266375,47.59330502154889,48.100106196335425,16336696,14995,67.01754127504188
2023-06-15,46.44148254394531,47.96188606738659,46.25719024911157,47.7315215776152,33888122,13505,71.64688993835425
2023-06-16,47.501155853271484,48.33046940092758,46.53362572439474,46.71791801443866,96884339,16185,74.37706596840013
2023-06-19,47.8697395324707,48.37654068424139,47.178646094124396,47.31686267274386,34057742,5418,51.81254529112134
2023-06-20,47.823665618896484,48.14617447248766,47.4090088677915,47.77758991259814,23194150,11376,56.14620521025462
2023-06-21,48.69904708862305,49.06763164314932,47.73151702684512,47.96188149465333,52583478,16851,72.05112008575314
2023-06-22,46.99435806274414,49.02156636846741,46.76399356243657,48.97549417142256,53046985,15357,71.67392799452219
2023-06-23,47.13435745239258,47.507700321744636,46.80768511205564,47.41436282417588,28505207,8545,59.85198458476143
2023-06-26,46.94768524169922,47.2276906088542,46.38767450738926,47.18102364107194,23362169,9341,53.96489717732884
2023-06-27,47.461029052734375,47.601033516673866,47.04102278183874,47.181023685316816,19597683,13917,69.72630658535896
2023-06-28,47.04102325439453,47.69436793144495,46.947685757343436,47.50770005826566,38263938,14492,78.50197399775911
2023-06-30,48.20771408081055,48.3010480151093,47.18102300121739,47.18102300121739,29580748,14460,72.98314355428181
2023-07-03,50.26108932495117,50.40109378743415,48.53438661012178,48.53438661012178,68566621,15553,49.62660782422598
2023-07-04,53.24782180786133,53.76116557229796,50.16775566078013,50.4944279943867,177088979,3045,58.52448190944207
2023-07-05,54.694522857666016,55.161199686009454,53.01448698772197,53.52783078680743,141211050,12760,74.19859120928936
2023-07-06,55.06786346435547,55.76787867788541,54.134509846315545,54.46118218844492,75478926,16836,65.09710915402587
2023-07-07,56.37455749511719,56.93456821733265,53.71449766344041,54.974527129117206,101329144,15494,46.81884993665017
2023-07-10,56.56122589111328,58.194594666720064,56.04788213087199,56.93456874972224,103004929,13499,57.723385658068764
2023-07-11,56.421226501464844,57.02790421238552,56.141221130235195,56.7012318726945,41506545,9924,78.16331830165511
2023-07-12,57.30791473388672,57.58792011288415,56.42122806667686,56.56122897594479,51755516,8517,51.98502365888139
2023-07-13,55.16119384765625,58.054592013420425,54.27451081602105,57.68124916607625,98250294,7373,54.525189078708266
2023-07-14,56.654563903808594,56.93456927009382,55.16119601618502,56.00121567550212,50708803,3893,56.420901915906825
2023-07-17,58.19459533691406,58.474604264326175,56.37455867150385,56.74789797395097,60868223,3549,68.94773092984668
2023-07-18,57.49458312988281,59.03461806890854,57.21457774836766,58.7079457172178,97038714,4738,54.87202930069204
2023-07-19,59.8746337890625,60.20130611901213,57.494579303430136,57.727917699240265,104017013,11875,65.92718473209284
2023-07-20,59.594627380371094,60.80798993815178,59.361288974715045,60.014640783105804,97828765,8158,48.22659769447513
2023-07-21,58.42793273925781,60.014638099317054,58.14792737708438,59.54795774841287,56213660,9171,78.04297509390669
2023-07-24,57.96125793457031,59.547959788528686,57.77459006036702,58.89461154743271,56162634,11722,48.59498718173576
2023-07-25,56.654563903808594,58.801276459277226,56.51455944043527,58.28793269434407,61394039,4196,51.61499239759226
2023-07-26,58.941280364990234,59.50129109226227,56.141219607707306,56.93456873141959,166000733,16852,73.10389559415833
2023-07-27,58.24126434326172,59.64129470189338,57.91458845663754,59.54795720837448,95604140,4870,50.7556010997915
2023-07-28,57.821258544921875,58.66127468224536,57.40124869602935,58.33460233336316,51987753,4246,63.475113577107216
2023-07-31,57.72792053222656,58.3346018152902,57.58791962414679,57.867925000767876,37185529,6001,56.51308664977117
2023-08-01,57.2612419128418,58.05459460880036,56.98123654504642,57.867923176782966,30729374,3073,75.77436219057508
2023-08-02,55.534542083740234,57.307915440010696,54.647855405605,57.16791096855612,74149795,11080,61.553689698106794
2023-08-03,55.48786926269531,56.001213003131774,54.83452106556653,55.6278701589264,48284251,13742,56.93171049068981
2023-08-04,55.95454788208008,56.561225573334404,55.3011996634158,55.721209486875786,42677862,10008,76.56895587399472
2023-08-07,56.37455749511719,56.93456821733265,55.86121017921479,56.09454857354812,31910875,3554,63.646480845455386
2023-08-08,58.007930755615234,58.19459863719423,56.281224367316604,56.42122883896246,63023357,16623,59.239573025930795
2023-08-09,57.447914123535156,58.147929332742635,56.84123641183222,58.00792842717802,50984674,13606,66.25439481772696
2023-08-10,57.167911529541016,57.96126071433774,56.65456772993951,57.44791691473623,54154278,15090,58.60723797701729
2023-08-11,58.38126754760742,59.03461578618716,57.0745746309094,57.26124250439379,63803349,10376,50.0433275149296
2023-08-14,58.19459533691406,58.42793373611654,56.51455957474849,58.381266768368334,39105535,17772,58.3854545439254
2023-08-16,57.58791732788086,58.14792805879311,57.4479128649221,57.774588758338744,32860991,3992,68.14904714521225
2023-08-17,59.03461837768555,59.641299674526245,57.44791646018507,57.44791646018507,86494044,9702,45.53625173303965
2023-08-18,58.61460494995117,59.73462997405702,58.241265648890156,59.407957640570956,52249781,12327,65.40442234682848
2023-08-21,58.19459533691406,58.847943566773296,58.00792746592121,58.80127659902508,22537361,16859,66.2556737563666
2023-08-22,58.28792953491211,58.56793488601996,58.147925079127575,58.19459204423535,16228098,15450,63.12154351227578
2023-08-23,59.12794876098633,59.45462465519229,58.241265694976406,58.33459963020017,35562766,3146,53.8670118520567
2023-08-24,58.66127014160156,59.92129603028596,58.2879308518431,59.40795584204106,40679832,8206,71.96009849205888
2023-08-25,57.401248931884766,58.33460257305362,57.0745765816603,58.2879356030875,44154787,10725,56.42578782577088
2023-08-28,58.33460235595703,59.03461758422852,57.2612442484228,57.63458712768555,51611750,8898,60.081349011417366
2023-08-29,58.754608154296875,58.894609054022155,58.334598334198375,58.52126976096008,22724327,13117,55.93413918881736
2023-08-30,59.22128677368164,59.59462607829738,58.75460997256588,58.75460997256588,36758499,9594,59.37752676208496
2023-08-31,58.80127716064453,59.501292364937925,58.42793429417015,59.31462093170073,47388258,12970,75.2463937374007
2023-09-01,61.04132843017578,61.788007056777815,58.334601496551194,58.84794527762854,120297728,14288,67.31685018090295
2023-09-04,62.908042907714844,63.28138582438348,61.32133729210414,61.6480167947666,78454936,12613,70.82136591665913
2023-09-05,62.86136245727539,64.02805443725794,62.20801779685425,63.3747097768368,70525265,3294,45.08693999592425
2023-09-06,61.32133102416992,63.0013704169923,61.134663145377715,62.86136594743658,57072136,4897,59.42477267567185
2023-09-07,62.16135025024414,62.674697594423215,61.32133056018886,61.461335028685255,39914471,8877,50.98335209647114
2023-09-08,62.39468765258789,62.81470105131291,61.834676908544154,62.53469211882956,38692009,15737,74.31775986863902
2023-09-11,64.5414047241211,64.86807706935048,62.53469300210766,62.72136087911786,97021497,3351,68.19732166780122
2023-09-12,62.39468765258789,65.14808508559759,61.834676908544154,64.86807615311425,106038890,17273,61.03049319790887
2023-09-13,67.71480560302734,68.2281458034587,61.88134568274321,62.34802247636594,196952754,12756,58.46264386841062
2023-09-14,68.78816223144531,69.25483906373714,67.06145937615024,68.1348175146061,110388816,6653,45.21613255342107
2023-09-15,69.20817565917969,69.86152037607665,68.041483578347,69.0681711852951,85659070,17689,65.19539897054153
2023-09-18,71.77489471435547,73.78160641908451,68.88149992008064,69.2081722624963,196740035,7242,45.35804391422597
2023-09-20,71.3548812866211,72.52157330975697,70.28153032207449,71.68156074983754,87014740,14110,71.23224536644894
2023-09-21,70.00151824951172,73.0815879008593,69.58151198838372,71.72822094214848,82446210,5074,56.31400123512205
2023-09-22,72.33490753173828,72.56824594313099,70.04819394845906,70.74820918263717,96312592,6334,68.58799675889875
2023-09-25,74.8549575805664,75.18163704476277,71.44822255952907,72.70824852411084,132629554,5989,49.38394884002017
2023-09-26,74.06160736083984,75.92831457659345,73.78160555103055,74.85495650335054,81418694,15571,60.897961269323645
2023-09-27,76.06832122802734,76.44166410609185,74.2016139586279,74.48162289740706,87175092,16552,45.319460723444635
2023-09-28,74.34162139892578,77.14168241492357,73.92160797397207,76.20832874292431,153076293,17552,73.7961580612555
2023-09-29,74.8549575805664,75.60164332598235,74.20161289401972,74.8549575805664,50000692,9654,51.31917952453905
2023-10-03,77.65501403808594,77.93502295695903,74.48161760244486,74.8549533330455,67592455,13287,48.089031297205594
2023-10-04,74.43495178222656,77.74836000773566,74.06160890709661,77.1883421345792,103799902,14882,57.63105450692872
2023-10-05,71.96156311035156,75.64831420406516,71.16821395276762,75.32163473836319,134330537,8780,61.21447755985335
2023-10-06,71.63489532470703,73.03492585222574,70.9815505935677,72.28824005584636,66525708,6710,50.68065808336139
2023-10-09,68.46148681640625,70.9348753413075,67.99481000495028,70.9348753413075,73864732,12672,78.34305577404875
2023-10-10,70.23486328125,70.56153563976882,69.06817120016612,69.11484173177881,45297302,3142,73.06618970916509
2023-10-11,70.9815444946289,72.66157671074404,70.46819716361092,70.7482060934249,59870131,8254,72.38441417564809
2023-10-12,70.7015380859375,72.05489801281061,70.3281952065136,71.58822119376153,28874895,5498,65.96252034064113
2023-10-13,70.18818664550781,70.70153396490925,69.62817591947525,70.09485271132284,33454518,16012,47.636062181498104
2023-10-16,70.23486328125,71.02821247220238,69.81485698042914,70.14152933894796,31664409,13197,51.72194223084766
2023-10-17,70.74819946289062,71.12153517308964,70.23485217998365,70.70152893865465,25571754,15560,54.290961554662935
2023-10-18,69.25483703613281,72.10156847813725,69.11483968728271,71.63489165950854,79079912,17261,61.926335188912375
2023-10-19,69.06816864013672,70.09485620925143,68.50815788615806,68.97483470129413,40169623,11511,53.20468931169947
2023-10-20,67.43479919433594,69.62817878200863,67.06145632132456,68.97483409493098,47312964,9434,60.90566157687954
2023-10-23,65.00808715820312,68.78816540141023,64.4947397706562,67.66814380066523,64052095,9563,58.58293758389097
2023-10-25,64.86807250976562,66.64144570040416,63.98138947490764,65.33474929041142,56157100,15616,45.8028000821256
2023-10-26,65.19474792480469,65.61476131986444,62.861363910882375,64.72807112202022,96629399,12251,78.1818892838695
2023-10-27,68.27481842041016,69.20817203621638,66.17477278484614,67.01479246325634,97582651,14788,64.2251526081204
2023-10-30,68.27481842041016,68.74149522831327,67.52813267939598,68.64816129091724,45878932,8906,50.27452528296901
2023-10-31,68.13481903076172,69.30151113745285,67.94815114206054,68.50816192908758,44305596,17231,48.65348096296461
2023-11-01,68.0414810180664,69.39484093253844,67.80814261067998,68.22814889560631,39344724,15246,71.30991125049607
2023-11-02,69.30150604248047,70.37486412590887,68.60149082993017,68.92816317160238,44074000,4048,46.954879766337385
2023-11-03,69.76818084716797,70.37486210480616,69.5348424496858,69.86151478197628,33999204,12655,67.06010986555368
2023-11-06,69.90818786621094,70.46819861646179,69.76818339841746,70.28153074001918,22781133,6266,72.59466712417674
2023-11-07,71.07488250732422,71.63489327814789,69.58151807815335,70.1881922593404,45263683,7309,47.38410921733806
2023-11-08,70.74819946289062,71.72821638354637,70.46819055931915,71.40154407666112,28074631,15240,48.15644494458734
2023-11-09,70.93487548828125,71.44822283031566,70.56153261415832,70.93487548828125,25406922,5297,50.634444422562105
2023-11-10,71.168212890625,71.30821735656163,70.46819768186475,70.84154055072148,19806827,8107,58.8904704235694
2023-11-13,73.8282699584961,74.15494230149149,71.0282090969532,71.21488409360987,61511606,8173,54.25639388098269
2023-11-15,73.68826293945312,75.41497277434803,73.50159507018367,74.7616209900594,56335226,7429,61.40975722486729
2023-11-16,74.2949447631836,74.94829655246038,73.82826796552425,73.92160190087155,36649274,16202,61.42575535357568
2023-11-17,72.708251953125,73.1749287857883,71.16821698115149,72.75491536383733,52680056,7908,72.71740235287933
2023-11-20,73.17491912841797,74.2016066005939,72.61490842731496,72.98824414743535,29074574,8338,76.7949117072288
2023-11-21,72.84825134277344,74.06160675045965,72.3349040143028,73.54826654291185,23914987,12015,57.89154956121633
2023-11-22,71.26155090332031,73.08159482274577,70.9348785447332,72.80158587485775,35533376,7387,59.91606428309916
2023-11-23,71.4482192993164,72.00823002236334,71.21488090463663,71.63488716669116,15646955,16399,69.02708513566229
2023-11-24,70.8882064819336,71.82156012683554,70.70153860132248,71.63489224622442,17112957,6214,58.84674946751188
2023-11-28,73.31492614746094,74.29494312842797,70.56152882930172,70.88820115629073,43966316,10414,58.43061527412119
2023-11-29,73.87493896484375,74.01494342921909,72.84825142762939,73.68826397203568,38404432,10642,60.51259643392355
2023-11-30,72.42823791503906,74.52828351443665,72.10156557931734,73.8749388429932,57665048,14460,69.50293512862591
2023-12-01,75.3216323852539,76.0683181107841,72.84825105139612,72.89491445866499,84958693,14346,48.95649742973302
2023-12-04,78.16836547851562,78.96171462933685,76.81500558128664,77.60835473210787,98320541,9743,60.320665020270056
2023-12-05,79.3350601196289,80.08174588677117,77.93502964692956,78.58837435248664,84479543,11957,76.8018539594877
2023-12-06,79.75505828857422,80.73508236799987,79.19504758072635,79.80172881461259,74935960,9482,60.465372626241475
2023-12-07,81.01509857177734,81.38843432998542,78.86838235746525,80.12840834372533,52407229,15886,67.74249506751326
2023-12-08,80.78175354003906,82.22844728680487,78.96170982382573,81.34176425236527,64205639,10554,53.99801973784332
2023-12-11,82.55512237548828,83.39514203258942,80.7817562471804,80.8284196542332,58983764,6083,65.12705126810589
2023-12-12,82.27511596679688,83.86181413626616,81.90177312665045,83.06846505153152,50356234,13882,70.75118519116705
2023-12-13,82.83513641357422,83.2551427075836,82.0884506454206,82.69513194193,45083954,6751,66.58517766770224
2023-12-14,83.90848541259766,84.65516397865075,83.30180418204533,83.76848095617443,46901038,6795,78.9958661952634
2023-12-15,85.16851806640625,85.86853328339042,83.62848316485649,85.86853328339042,57382725,13493,57.04222956428523
2023-12-18,85.26185607910156,86.05520527207938,84.37517294358342,85.12185160482939,35997452,16034,74.71171102130079
2023-12-19,85.30851745605469,86.24187102314299,84.04849156467002,85.35518086185554,43084144,12462,74.41321500048744
2023-12-20,81.06175994873047,86.055200359262,80.45507867546822,85.8218619557706,75353864,10265,64.40915260245333
2023-12-21,83.86182403564453,84.1418329790383,79.10172184441316,80.3150844378885,58814452,4621,68.94324257529706
2023-12-22,83.30181121826172,84.42183272240693,82.41512812089034,84.42183272240693,32589619,7562,74.68352048985591
2023-12-26,82.60179901123047,84.23516791823221,82.36846059594451,84.00182950294624,35937581,8955,67.66839835324893
2023-12-27,85.6818618774414,86.008534207725,83.11513952090601,83.20847345514093,62043155,7833,63.37380353649955
2023-12-28,89.1352767944336,91.18865205022917,86.61522469678235,86.61522469678235,178967353,17135,78.57358410472386
2023-12-29,89.36860656738281,90.11529229046636,88.48192350202855,89.97528782727285,65556029,9235,51.105850392292815
2024-01-01,91.281982421875,92.63534225634422,89.36860474604492,89.83528153323054,55329198,8412,53.25277499006568
2024-01-02,90.5353012084961,92.30867451202236,89.69528152567595,91.2819869534302,50741670,5312,67.13950561120863
2024-01-03,90.0219497680664,91.42198013535156,88.48192206079088,89.60194350624994,73009456,8715,78.19103272129226
2024-01-04,90.90863800048828,91.32864425334449,90.0219478475704,90.06861837385333,37426897,17209,45.007515360441786
2024-01-05,90.76863861083984,91.37531988178068,89.27527425839365,91.37531988178068,42729858,17252,63.38984788849025
2024-01-08,88.66859436035156,90.76864001625464,88.48192648375162,90.76864001625464,47101702,16225,61.394727364086215
2024-01-09,88.62191772460938,90.30195698194481,88.29524540260597,89.60194181154213,33881561,4412,60.86112897009011
2024-01-10,88.10858154296875,88.8552601527776,87.12855741149872,88.6219217520393,54772377,6423,63.26866044578742
2024-01-11,88.48192596435547,89.55527692988905,87.9219080959969,88.85526171536384,28709414,9743,47.615373536581636
2024-01-12,91.18864440917969,92.0286640783161,88.38858359267358,89.04193538907874,78525419,7125,45.03920364623952
2024-01-15,91.65531921386719,92.96201565726895,91.28198347654332,91.79532367582502,46701350,15906,75.31142060004971
2024-01-16,91.70199584960938,93.42869867297462,90.34863590935846,91.84200032089265,60660256,11725,50.44596398492732
2024-01-17,90.72196197509766,93.28868423090562,89.9752834095979,90.58196463970064,98759165,4504,56.99926040544328
2024-01-18,91.93533325195312,92.40201007049096,88.01525082460458,90.81531173583157,60733225,11765,71.72563153529401
2024-01-19,95.38874053955078,95.66874948397073,92.30867775554763,92.7753545822987,104194911,10515,53.84159501501692
2024-01-23,92.16867065429688,99.58882913961536,91.60865990235412,99.54216573082525,83723415,10493,66.43472844256371
2024-01-24,95.38874053955078,95.80875395618071,91.28199016087991,92.54201616892317,65088374,12389,56.5839170979735
2024-01-25,97.53545379638672,98.93548423365543,93.94204376491498,95.90208495290656,111791532,16632,48.5149400253775
2024-01-29,100.33551788330078,102.20222519275754,98.4221400427383,100.33551788330078,108149443,3137,57.21218814151004
2024-01-30,101.96888732910156,103.55558570232924,99.7755076528433,100.80219525439789,75911884,8006,75.62305359528582
2024-01-31,106.77565002441406,107.28899021628466,101.78220984010883,102.20221609899592,113135172,14304,78.33434834836461
2024-02-01,110.9290771484375,111.67576289843143,106.12230454504376,107.33566710855315,134380980,11360,63.12278883648996
2024-02-02,117.04254150390625,119.70259780880627,112.09576463302896,113.58912895148839,167566465,3762,52.69995343821879
2024-02-05,113.54246520996094,118.34923760411465,112.74911608570397,117.5092179521685,92993076,8075,56.821995797793555
2024-02-06,113.77580261230469,114.66248566326878,111.16240974484836,114.2424794014274,53028325,17218,52.90355452928178
2024-02-07,115.64251708984375,117.36921989472667,114.662492922274,115.45584208982311,65831369,5630,61.32746616848863
2024-02-08,116.01586151123047,118.76925192959844,114.84916944905368,117.27588751419677,83500656,13196,50.014893118908084
2024-02-09,115.64251708984375,116.29586178760816,109.94906132629212,116.2025278480594,69128606,8714,65.61449490101522
2024-02-12,110.36907196044922,117.18255662963278,109.29571381106778,116.52920478521985,65062679,10541,64.6891740311388
2024-02-13,113.96247863769531,115.26917516496457,107.98901388512384,110.41573905901954,76885208,8666,51.95187345527445
2024-02-14,114.75582122802734,116.20252214324,111.53575418568018,112.84245063798149,57158902,7623,71.02840103237396
2024-02-15,120.26261901855469,120.68262529703702,115.3625054176974,116.57586796585986,102510609,15043,58.820330494182244
2024-02-16,121.47595977783203,123.76268738654201,120.68261779928648,121.00928299921286,111266944,4640,72.44586980250682
2024-02-19,119.88926696777344,122.54933042220736,119.65592856797558,122.17598043742338,44582022,7064,69.2703597380129
2024-02-20,120.86930084228516,121.80265451674296,119.65593821712065,120.40262400505627,32539004,7262,45.11280643559435
2024-02-21,119.79593658447266,122.40931519088468,118.72257143226854,121.28929375358734,54001521,4605,48.16581627094138
2024-02-22,120.40261840820312,120.68262734589376,117.27588516829874,120.35594787828032,41873541,12671,53.591171475531254
2024-02-23,119.42259216308594,122.0826556619552,118.53590907741149,120.86929311436842,48191136,16396,52.84793078744137
2024-02-26,116.5291976928711,119.7026014157981,116.01585747592243,119.37592907393568,41091685,12751,62.52205330500404
2024-02-27,115.17583465576172,117.369214172373,114.4291489339302,116.52919451554322,37510230,5959,57.986287789703105
2024-02-28,112.70245361328125,117.08921293453864,112.14244284559867,115.73585298589545,52883269,12164,77.72478702511673
2024-02-29,113.72913360595703,117.18254616420232,110.78906837098096,112.70244608034137,356428226,13127,54.386993773045646
2024-03-01,116.5291976928711,116.66920215964727,112.93578769053856,114.84916545432597,52161604,8871,46.21011929751712
2024-03-04,117.64922332763672,118.25589746676935,116.43586080752586,118.02255906835748,43386707,14538,46.36446739705217
2024-03-05,121.05595397949219,121.33596289608293,117.13587187275698,117.46254419483115,60554186,11150,71.45033120510378
2024-03-06,121.66265106201172,121.98931628658448,117.22921420971123,120.96263584126791,82989654,17397,47.99333628431327
2024-03-07,121.19597625732422,122.87600142148328,120.86929678548977,121.8493209591468,38719979,8256,69.04702753658978
2024-03-11,120.30927276611328,124.08935767634857,119.56260128317177,121.70930315939704,55291160,12003,48.63655726177005
2024-03-12,117.5558853149414,121.42931137396513,116.52919775953377,120.21594882244149,43724417,8903,52.738767590794694
2024-03-13,110.88240814208984,118.3959001878397,109.1090349160697,117.8825599914409,69647674,3674,64.19694480192474
2024-03-14,112.60911560058594,114.14915049672298,108.54902878053228,109.20237346571867,54520717,16605,48.792704453620246
2024-03-15,109.90238952636719,113.16912721929529,107.24233311488176,112.56244593785262,61465003,16228,57.198574740200925
2024-03-18,112.00243377685547,112.46911058425903,109.43571133613585,110.08905601813166,31528977,10587,47.87162477098763
2024-03-19,108.78236389160156,112.65577559794711,108.22234604020062,112.46910772809532,33325451,14537,78.52035825089351
2024-03-20,108.87569427490234,110.41572907417202,106.54231037325816,109.43570498711244,43979002,12382,58.03414126775568
2024-03-21,112.98245239257812,113.44912917714736,110.50906401017671,110.649068469732,38099730,11673,67.41180029594196
2024-03-22,114.56916046142578,115.08250781695422,112.09577186638347,112.93579157501034,35001868,11877,67.87581494719832
2024-03-26,115.68917846679688,116.29585974459066,114.00914622166371,114.6158274994575,30860596,16612,64.57426175122326
2024-03-27,114.56916046142578,116.80921064412303,114.05581310589736,115.7358525231511,42673023,14448,46.69334848505974
2024-03-28,116.10919189453125,116.76253658096303,114.70916146281485,114.70916146281485,29453142,8319,53.869502730218635
2024-04-01,117.22920989990234,117.69588669657466,116.57586523293021,117.08920543671609,24639923,3927,64.77597609251436
2024-04-02,118.25589752197266,118.53590644856673,116.62252873232704,117.13587605744193,29181379,8691,63.49582853519038
2024-04-03,126.14273834228516,127.5894393279869,117.22921538159689,118.25590295809984,100643107,11373,58.369084352852944
2024-04-04,126.0960693359375,128.19611480735273,125.06937474206322,127.9161058961284,81127069,12063,57.274270240497984
2024-04-05,127.44944763183594,128.33613077793228,125.34940185546978,126.09608764654712,44560290,6457,58.8033096891689
2024-04-08,124.04268646240234,127.68277400992238,123.66935072299567,127.40276508444461,41839925,9447,59.15284752519246
2024-04-09,123.66935729980469,125.76940298980136,122.50266524980653,124.60271093980322,25963967,12506,68.12731766581987
2024-04-10,127.21611022949219,127.77611389589295,123.52936601876081,123.90270179636133,48720465,4050,49.53404242897331
2024-04-12,125.86273193359375,129.08279883321995,125.62939354605787,126.5627470962014,40533614,8531,74.62511160808636
2024-04-15,123.99602508544922,126.32940896555293,120.6359466013619,123.38933673151527,45918093,12760,67.54115206467122
2024-04-16,119.98260498046875,123.66934875537308,119.65592553230134,123.57600770108373,45007324,5160,45.174903936003865
2024-04-18,120.91596221923828,123.57601144492956,120.2159470163965,121.19597114874414,37211719,11769,52.754162541160774
2024-04-19,119.70259857177734,120.72929322312734,116.90253778647262,119.46926017300196,35611955,9449,45.42560482712376
2024-04-22,124.2293701171875,124.97604160527634,121.19597091082791,122.08265398431773,37568034,17728,56.59204971149172
2024-04-23,123.99602508544922,126.00272952560043,123.66934564549672,126.00272952560043,28249840,9694,68.32121446148044
2024-04-24,124.13603210449219,124.78937679351505,123.34267582663483,124.36937051070365,18644765,15499,72.66095199942626
2024-04-25,126.8427505493164,127.86944522229216,123.71602448497376,124.08936023413989,59269785,15959,76.73385905496166
2024-04-26,127.35609436035156,128.89613632718397,126.93608809370474,127.44943541598221,33021444,17500,61.6427694782341
2024-04-29,128.102783203125,129.59615467855187,125.86274023183056,128.33612160604508,51158461,3448,59.52363124060535
2024-04-30,131.6495361328125,133.37623185269015,127.30943308382182,128.70946356894527,95390289,7754,46.36847689711541
2024-05-02,128.84947204589844,133.0028928695973,128.19612735034684,131.69620347849414,58420041,8749,72.90630979041987
2024-05-03,126.74942016601562,130.01615772574877,125.30271925547898,129.8761461423672,61353686,7315,48.048432439784456
2024-05-06,118.62924194335938,127.77610301307102,117.97589726728101,127.77610301307102,144404671,12793,49.727367682826745
2024-05-07,114.1491470336914,119.4225891263814,112.70244611919597,119.37592571938261,86243645,12533,77.10496978556056
2024-05-08,116.48252868652344,117.74255458510741,113.96246976843285,114.33581262158583,70886836,6158,53.14586223802043
2024-05-09,114.00914001464844,118.20923108019971,112.65577306541724,117.55587930856038,82730547,3198,58.57582609680689
2024-05-10,115.64251708984375,116.43586625739286,112.46911329872417,115.64251708984375,45163174,4368,65.31599703077339
2024-05-13,114.89582824707031,115.73584792230388,111.06907986092065,115.6425139852608,41922266,7185,45.38889294760062
2024-05-14,117.36922454833984,118.16257374734474,114.84917247598939,115.31584931315973,32083064,14293,62.38897797982775
2024-05-15,116.01586151123047,119.23592875446916,115.73585256793875,118.30257510472771,47253149,16298,62.116264502648235
2024-05-16,116.8092041015625,117.83589163419067,114.24248170953062,116.90253803708818,33690165,7011,67.83695009104889
2024-05-17,116.76253509521484,117.55588423890788,116.29585829058095,116.94921008962216,20071553,16620,78.84376890838487
2024-05-21,117.97589111328125,119.4692553813638,117.41588040286561,117.97589111328125,30284178,12013,64.75157533189227
2024-05-22,117.46255493164062,118.53591304878672,115.26917528759968,118.53591304878672,30665828,5150,58.71688086833511
2024-05-23,118.20923614501953,119.46926209448775,117.6492254031362,118.06923167931797,24483383,11567,55.60539287135517
2024-05-24,118.0225601196289,118.86257978557859,116.94920917411177,118.20923511257487,23179947,11187,53.72949452526282
2024-05-27,120.91596221923828,122.26932209636323,117.50922014122374,117.83589247836531,57820057,3614,47.02095631516569
2024-05-28,119.65592956542969,122.78266984552391,118.39590362020219,121.42930996378381,44999618,5400,67.89790582350673
2024-05-29,119.51593017578125,121.84931415327856,118.4892355289442,118.769244454613,46255738,3508,66.06722523708277
2024-05-30,118.95591735839844,121.33597196453353,118.53591107304429,119.4692647035407,26985052,15023,65.70018678475566
2024-05-31,120.82261657714844,121.33596388812107,117.64922014142797,120.02927458914093,74303548,3640,56.60760710648037
2024-06-03,127.86944580078125,129.36281728789373,123.8093518614633,126.00273856281365,95948403,4702,68.01760009887855
2024-06-04,107.66233825683594,127.30942761484549,97.25544400696101,127.30942761484549,169672083,17431,78.89176568081511
2024-06-05,113.72913360595703,114.42914879900263,103.08890124747937,111.06907729656831,104945370,13898,69.11952080911922
2024-06-06,115.64251708984375,118.06923512272702,113.86914375472487,114.9891652711562,59619303,9180,53.51866323724282
2024-06-07,116.76253509521484,117.22921189984874,114.84916446876964,115.73584754920488,28076164,3439,74.57774585733377
2024-06-10,116.98653411865234,119.79593750489862,116.66919731998487,117.46254643757624,36182690,12344,45.67945920986901
2024-06-11,117.73322296142578,118.83458049825808,117.0425432887786,117.78922189893362,22932643,12325,64.88680706631106
2024-06-12,118.98391723632812,119.45059402524844,117.60255080791802,117.88255972963928,29332963,3534,66.30437984093976
2024-06-13,118.13456726074219,120.21594896412009,117.41588810738675,119.74927215466452,23810879,7868,47.52322019545709
2024-06-14,120.34661865234375,120.91596493310745,117.97589959099983,118.13456799818367,38637971,9341,58.21312378697587
2024-06-18,120.0572738647461,121.24262264055102,119.77726494631403,120.40261012710003,20304777,16412,55.2849061015533
2024-06-19,119.73992919921875,121.5133096157481,118.5079098311488,120.4026165333728,60954903,11344,57.77539562007775
2024-06-20,119.92660522460938,121.19596664830033,119.28258898321428,119.74926576777939,22469105,4200,60.21920580314262
2024-06-21,118.80279541015625,120.69155204812353,118.51947903244724,120.370459673051,24071503,15130,65.15367481016459
2024-06-24,118.11339569091797,119.63384535604212,116.06409647445837,118.70835143617033,29824639,16289,70.5524564519595
2024-06-25,117.2256851196289,118.92556907700104,116.86682393086599,118.14173329637748,19684789,4727,68.99733192345631
2024-06-26,117.4428939819336,118.99167392326214,116.15853882985114,117.22568378788996,36345676,8108,63.71679974822493
2024-06-27,112.56989288330078,117.57510086226242,111.25720759465501,117.38622808024057,136068914,15441,47.964251615799526
2024-06-28,116.4040756225586,118.0378461077529,113.46705842347194,113.46705842347194,121916127,9522,51.692147480809055
2024-07-01,115.64857482910156,116.73461140033693,114.98751284923753,116.30019821284982,44039186,3845,53.56080330146991
2024-07-02,113.92034912109375,116.28129481691788,113.2309570127324,115.6863390953826,41519074,9733,54.47888592050793
2024-07-03,114.87417602539062,115.63912014404336,113.64648135134838,114.60030545333397,37154088,5685,52.760784041406616
2024-07-04,114.77029418945312,115.57301430724583,113.78813988819999,115.40302592423981,20117728,10960,71.06173773283507
2024-07-05,115.96966552734375,117.05569487766526,115.31804215312278,116.130208119387,33669963,4153,51.277058885932604
2024-07-08,114.60975646972656,116.52684335633633,114.38310768444686,115.82800539878683,23249946,4070,64.03655495269567
2024-07-09,115.58245849609375,117.23512050587289,114.87417477761697,115.16692974230965,30994243,3985,63.57263617517965
2024-07-10,112.58878326416016,116.11131032542654,111.94660572519781,115.96965934296293,48724410,6224,60.886348191558525
2024-07-11,112.75877380371094,113.89202491529201,112.44712722626394,113.70315213170679,25511815,12716,73.62406916075379
2024-07-12,111.19110107421875,113.13652530750306,110.96445229545054,113.13652530750306,26896471,16927,64.11287348208263
2024-07-15,114.20367431640625,114.60031149476293,110.96445628308997,111.53108185289024,32712545,13873,48.3629793864569
2024-07-16,113.19319152832031,115.35581885112487,112.56989834832606,114.65698087767521,29031539,12447,71.47195409893357
2024-07-18,112.22991180419922,114.17533596852499,111.57829568770882,113.31594827172925,21826818,13647,65.73465147323867
2024-07-19,110.02952575683594,113.12708565342794,109.7367635631092,112.71155686558042,32480581,7401,64.14472660906777
2024-07-22,111.5877456665039,112.08826502292554,108.37685793988848,109.92563780713213,20931256,14969,75.16158098442237
2024-07-23,111.20054626464844,112.33379735730612,106.26144452148954,111.81439360860249,28867094,11937,45.212856154711055
2024-07-24,110.06729888916016,112.50378954116229,109.32123913270144,110.97390123491084,39917998,7052,54.238235658194654
2024-07-25,111.17221069335938,111.3894136598511,108.92458580770212,109.59510071739668,22543073,9122,52.1995710997226
2024-07-26,113.2781753540039,113.6087135263902,110.52059241919245,110.7283568001091,24356026,10631,72.50058018460652
2024-07-29,119.93604278564453,121.6359265890297,116.6684947680571,117.9150738221947,144104708,4803,48.99420106817938
2024-07-30,118.52892303466797,120.597106622439,117.9528516924256,119.93604469119431,33365327,15313,66.82739836514287
2024-07-31,117.0556869506836,118.99166534021684,115.90355148136453,118.99166534021684,47960947,13211,56.04168662172849
2024-08-01,116.11131286621094,118.7083532753823,115.10082834066202,117.57510216066692,23162046,10611,50.424492915883334
2024-08-02,113.57093811035156,114.88362339100175,112.9098689672321,114.26977604561752,29241484,16237,47.12166519288069
2024-08-05,107.60247039794922,111.40831395650156,106.90362523851144,111.40831395650156,51711021,3273,70.30550849466931
2024-08-06,107.47969818115234,111.24777300186946,107.17749739602307,109.54788908237038,27461434,3438,63.09168784640548
2024-08-07,109.48178100585938,109.78398178579954,107.6874607227619,109.54788720131394,28249277,17568,74.30919963999749
2024-08-08,107.67801666259766,109.83120536014206,107.47025947712126,109.78398356046763,27941633,4669,66.69825646187388
2024-08-09,108.85848999023438,110.01063273804084,107.51747445313032,109.31179477159769,22149553,13605,52.690662853310926
2024-08-12,108.22575378417969,109.44400267880559,107.47969404847693,108.55628475441894,15808638,16665,68.90840170309833
2024-08-13,107.94244384765625,109.53843829409384,107.28137470682307,108.90570655482465,17938540,9059,74.17033053600932
2024-08-14,107.25304412841797,108.69794178654337,106.26144402321619,108.17853804027528,20442740,4006,67.40124344545913
2024-08-16,106.75252532958984,107.23416028646474,105.67593462954108,105.7703710198018,27059803,3118,51.545577587367774
2024-08-19,108.80182647705078,109.42511963293728,107.51747137252846,107.98021473657353,16314063,17101,66.5337440798873
2024-08-20,110.82279205322266,111.34220300018603,108.57517429325357,109.07569363939938,24197410,14979,65.31891028748701
2024-08-21,109.93508911132812,111.20055266412079,108.85849114480112,110.86057587575124,31985161,17917,45.953341313170824
2024-08-22,110.83223724365234,111.41775438018544,110.06729313054774,110.1522837186551,18399460,9133,46.79058975018102
2024-08-23,109.80286407470703,111.3422053472282,109.65176729015468,111.13444096406327,10286090,10149,69.22241874082393
2024-08-26,109.69898986816406,110.34116021337115,109.36845168985063,109.85008665379078,11190669,6048,74.8966144014926
2024-08-27,109.5101089477539,110.16173229312466,109.26456856753619,109.78397952472082,9861808,10890,76.39647991905085
2024-08-28,108.36741638183594,109.86897450988637,108.14076759374126,109.59511112699931,14645860,12353,75.79457203961705
2024-08-29,109.1040267944336,109.4440035680233,108.13131827195433,108.36741285333414,14852490,5397,69.8658566920155
2024-08-30,110.086181640625,111.01167557424645,109.38734369383015,109.38734369383015,26208535,5618,64.70929205769387
2024-09-02,110.0389633178711,110.9550114797176,109.1890285580468,110.43560770482887,14419150,14703,47.92361067042222
2024-09-03,109.16068267822266,110.68113229589187,108.88681931556778,110.10506096472355,10681101,16237,63.62719252654586
2024-09-04,106.65808868408203,108.15964673922804,106.46920869897784,107.70634918504743,26202729,9456,77.3449150493453
2024-09-05,107.0925064086914,107.54580398220061,105.91203347033509,107.34748539316095,18290375,4798,49.00916684432643
2024-09-06,103.8816146850586,106.83751621819366,103.64552010622891,106.62031324048982,29092655,9468,48.57521884166077
2024-09-09,103.53218841552734,104.0610451526342,101.23734890309267,103.31498544558383,27017545,5704,62.94376138001164
2024-09-10,103.49441528320312,104.47656958782267,103.28665810773671,104.06104803185514,12498926,12258,60.18695581284437
2024-09-11,101.48289489746094,104.34436009640537,100.90682353737249,103.61719194950933,22838612,12570,77.62032004441092
2024-09-12,102.67281341552734,103.38109716458034,101.04848153156023,102.6539218140664,20816903,10205,50.519225589461776
2024-09-13,104.92987823486328,106.33699994809075,102.76725096545417,103.40942852669808,28921320,16518,49.746867218822146
2024-09-16,104.64656066894531,105.95924597409322,104.12715690933825,105.10931123927534,12834170,7499,65.40076219448616
2024-09-17,102.02118682861328,104.73155514960037,101.82286824976565,104.64655735578872,18548760,9763,62.59863109676138
2024-09-18,102.7011489868164,103.86273756626211,101.78510080396744,102.27618159716093,24775806,17318,64.97091583278508
2024-09-19,101.28457641601562,104.02327502817828,99.72635072245455,103.73995864569993,21178477,8344,78.69873545573641
2024-09-20,102.38005828857422,103.0883420365921,100.39685803009627,101.99285971457438,23196144,11064,76.01766100005406
2024-09-23,105.30762481689453,105.67593177247812,102.47448995546098,102.55003474260629,35372759,15863,69.67891459664668
2024-09-24,101.83231353759766,105.05263978510567,101.61510335898097,104.82599101113993,79101837,15141,61.996597137725196
2024-09-25,99.20694732666016,101.5017869770747,97.85648601460494,101.5017869770747,71227249,7698,68.23713360818435
2024-09-26,101.32235717773438,101.51122997157661,98.74420103207991,99.34860261841736,34719895,6892,69.75713847848075
2024-09-27,103.14500427246094,103.5038654507182,101.32235377348373,101.80398874814516,40191522,11739,76.57721264569811
2024-09-30,101.2468032836914,103.18278180700763,100.86905049804005,102.83335921939899,30911908,16258,60.05111048961322
2024-10-01,99.35803985595703,100.26464215732321,98.08313059481817,98.2153429801194,120187762,7823,55.72337375707284
2024-10-03,99.21638488769531,100.8123865684891,97.27096783657497,97.50706241870257,99417000,4536,69.44586187831783
2024-10-04,99.96244812011719,101.42623746240277,98.35700778763987,98.40422238269208,79454589,16729,49.380067495104655
2024-10-07,96.39269256591797,101.42623062227878,95.19333529795615,100.25520355044475,83307848,14013,70.90888018549161
2024-10-08,96.78933715820312,97.55428853759823,95.52387360037137,96.39269997187095,28947367,11388,61.55598815659417
2024-10-09,98.30978393554688,99.55636305846028,96.85544042464207,97.79038017060334,43366313,15902,76.49030599310635
2024-10-10,97.9225845336914,99.49024870585657,97.39372780624484,99.01805957369301,18521599,10360,51.48502390387775
2024-10-11,99.0747299194336,99.45247547162371,97.55428029525429,98.21534221662156,16201817,16405,68.37493421090886
2024-10-14,99.1691665649414,99.82078268768527,98.93307199169236,99.15972076460176,15757325,17367,60.912527385409916
2024-10-15,99.14083862304688,99.65079657242892,98.68753386188703,99.34859580000061,15017858,16111,51.31118432321652
2024-10-16,99.20694732666016,99.48081070435362,98.66865196199674,98.83864035110282,14270009,13960,52.15854849920308
2024-10-17,96.7610092163086,99.38637999425579,96.34548041806013,99.22583739676357,18076891,17350,51.23936099160438
2024-10-18,97.52594757080078,98.32867492028299,96.72322742635347,97.03487400638528,18567809,12619,49.522837406109765
2024-10-21,96.60045623779297,98.64030959945623,96.0999368964369,97.53538872834552,17438662,10510,74.22001604781273
2024-10-22,89.6687240600586,97.39373947607628,89.14932027546372,96.60046509740691,51355704,8998,76.5413554677014
2024-10-23,91.30249786376953,91.8502390281644,87.26055973623346,90.6603203067288,38207629,16117,77.30537731951351
2024-10-24,93.25735473632812,95.00445310557143,90.78308105989112,90.83030285569545,55363485,12458,60.768067865718784
2024-10-25,90.3958969116211,93.84287933381988,88.0443968350124,93.39902035603889,39756124,14493,71.82908594043681
2024-10-28,93.15348052978516,96.27937058489455,90.64143784754633,90.89641683364346,70816541,11158,57.93128611324122
2024-10-29,95.69385528564453,96.90265836211204,91.88801187284821,96.74211577962004,94263912,13026,63.851194208092394
2024-10-30,94.40005493164062,96.23215115726688,94.24895814877289,95.75996200262381,47768641,17505,52.87142175560972
2024-10-31,92.45464324951172,94.85336515797296,91.22694849465746,94.43783637232349,93367752,9001,53.63464499539828
2024-11-01,95.36332702636719,95.542754009818,93.12514778827774,93.20069978395959,23647421,8551,60.86146959827231
2024-11-04,97.88481140136719,98.19645796691817,93.63510908760335,95.18388890999452,132269383,12919,77.04418607109291
2024-11-05,98.88585662841797,99.32026980685444,96.62879293771807,97.96036987589005,79179075,11449,55.37976317085338
2024-11-06,101.02959442138672,101.28457339398147,99.35804078370158,99.87745173440254,59984748,17609,57.559213263233254
2024-11-07,100.77460479736328,101.89841724951859,100.14187308271887,100.47240403775443,42209575,9987,74.50629940255699
2024-11-08,98.9614028930664,101.00125627386016,98.3286711614572,101.00125627386016,31981183,5899,63.42251839670698
2024-11-11,99.29193115234375,100.19853343078314,97.50705679087956,97.84703354592364,29852507,5845,51.48964595718416
2024-11-12,97.96036529541016,100.42518605660526,97.60149692628208,99.63191173438793,26013763,16907,47.41412949279118
2024-11-13,94.96668243408203,98.02647340687624,94.43783287558988,97.55428424249828,38963115,5295,70.60075373374382
2024-11-14,93.9561996459961,96.77989608875832,93.77677265964195,95.47664935978038,25816807,5597,63.419266107677934
2024-11-18,94.93834686279297,96.59100884456257,92.48296478802789,95.09888944038518,32300511,8392,76.7776945775666
2024-11-19,95.24999237060547,97.95091478451981,94.86279382359464,95.52386293202021,25456236,14965,50.00093614507712
2024-11-21,91.0097427368164,94.73058847725399,89.53650763480799,94.48505529778167,62222678,10920,51.84425312290751
2024-11-22,94.2678451538086,94.67392812624225,91.65192033489986,91.6991349286501,38066845,12751,51.021876933423414
2024-11-25,98.31922912597656,99.6130300399593,97.26152279596648,97.36540498931724,57404398,14453,62.49019092353141
2024-11-26,99.26360321044922,99.58468837248334,98.3192249150059,98.65920167776827,22370887,5393,66.382127696112
2024-11-27,98.57421112060547,99.58469568270515,98.07369174008439,99.2541646960436,25139229,3367,62.22863091578521
2024-11-28,100.37797546386719,101.28457781325577,98.50810316479168,99.06529013667628,30202813,16436,51.95864040085638
2024-11-29,99.0652847290039,101.18069009543704,97.91314205464111,100.90681952488896,30163680,11563,58.23348917722316
2024-12-02,99.15972137451172,99.58468872696007,98.28144926842181,98.91418099941276,14773753,11816,65.66801089911922
2024-12-03,101.96453094482422,102.27617752752309,99.45248109160546,99.59413928419903,38169064,13120,60.19487007839082
2024-12-04,103.89105987548828,104.35380322986711,101.82286907147528,102.70114118776515,48997721,3483,72.38954782528648
2024-12-05,103.01278686523438,104.44823871341627,102.27617294280981,104.4199085171745,20568682,6937,54.851001864119965
2024-12-06,103.9760513305664,104.94875984492451,101.21846837228162,103.59829856250559,51861042,14774,71.39209113173884
2024-12-09,102.72003173828125,104.35380948229188,102.4744985506541,103.97605669474261,28843979,10730,71.29702219235828
2024-12-10,104.32547760009766,104.86377297202984,102.56893329062738,102.93724027115809,28453790,7519,76.92889415813879
2024-12-11,102.54059600830078,104.75043773880552,102.37060762864391,104.72210754303514,23295859,14592,48.054110850001514
2024-12-12,101.82286834716797,103.05056302315309,101.26568860678228,102.93723503297403,18431604,8513,56.827093224320805
2024-12-13,101.73787689208984,102.13451404678749,98.36644666709071,101.0484775665143,32663054,9530,57.695410970034956
2024-12-16,102.162841796875,102.84279530581145,101.66232246530635,101.9928534196409,12188756,17451,54.03505130339494
2024-12-17,100.09465789794922,102.35172154645167,99.7830185226382,101.9834145715101,18985400,7879,50.62913253155288
2024-12-18,97.29930114746094,100.0663300267502,97.00654616186492,99.73579904220064,23131600,15689,68.86267966840458
2024-12-19,97.76203918457031,98.55532070918314,94.02230195291335,94.44727651414567,28868334,6645,62.37563142290756
2024-12-20,95.16499328613281,98.12090182618644,94.91001432830171,97.31818175297383,31121919,15562,61.9933076747557
2024-12-23,95.74107360839844,96.7421195491947,94.43783409174495,95.84495580230215,23843994,13260,57.15821076974926
2024-12-24,95.98661041259766,96.5249057586321,95.16499869284627,95.77884603254319,15719911,14560,78.98293469014885
2024-12-26,96.47769165039062,97.54483654734683,95.9866108941555,96.04327128716928,13150281,6305,69.48719745036868
2024-12-27,95.79773712158203,97.459837743067,95.57108114180573,96.56268123948176,12621977,8178,47.77856554714701
2024-12-30,96.09993743896484,97.55428087972068,95.13666754201903,95.9866094496081,78383603,5185,48.28668196540615
2024-12-31,97.06320190429688,97.3087422832054,95.38220965914911,95.38220965914911,17390282,8157,72.7669049263413
2025-01-01,96.94988250732422,97.55428406019574,96.10937916767007,96.65712032653327,10563476,7023,47.51434842791781
2025-01-02,99.61302185058594,100.02854338479327,95.80717141760346,96.94987545051801,30428278,6420,75.54963922102999
2025-01-03,100.48185729980469,101.28457745165463,99.36749056504895,99.584693549473,34674507,8350,45.93737798618527
2025-01-06,96.08104705810547,100.45352323625941,95.64663390094104,100.45352323625941,44287969,7731,55.051059662265
2025-01-07,97.37484741210938,98.77252326592196,96.3265869192326,96.3265869192326,21097404,9495,51.70893730141319
2025-01-08,96.29825592041016,97.70537756293702,95.44831401366974,97.49761318517442,23423194,4392,78.60477320786185
2025-01-09,96.35491943359375,96.60990561639255,95.14611632931228,96.23215284504589,25169272,12138,66.06904296459237
2025-01-10,93.15348052978516,96.21326438812603,92.85127974383833,96.07161339864712,32253243,10534,56.6355128129666
2025-01-13,90.11257934570312,93.02126635798348,89.3854111951505,92.54907718865361,32108507,15752,75.78571223074259
2025-01-14,92.93627166748047,93.66343978596537,90.1409055678911,90.1409055678911,26803252,12466,67.02556479381064
2025-01-15,92.78517150878906,94.381173202185,92.07688775681358,93.49345526076455,22113146,15570,64.08691268522878
2025-01-16,94.64559936523438,96.23215528102389,93.80510321035538,93.9656458006053,22309415,9454,74.46470745006997
2025-01-17,94.56060028076172,95.09889564459775,93.80510193425647,94.57004608154058,16236187,10307,65.54892802452332
2025-01-20,95.38221740722656,97.03487959002504,93.91842802044806,95.19334461120658,28247505,9178,61.85801069899654
2025-01-21,94.74002838134766,96.18492599114592,93.94675408774644,95.99605321791738,21920285,13618,59.09943194428091
2025-01-22,92.73795318603516,95.18389691448897,90.89641824388735,94.74003792714176,34811690,3215,60.167792874913616
2025-01-23,93.89954376220703,94.43783915720167,91.8030225801115,92.44520017458188,18589650,14311,52.49443686210104
2025-01-24,92.1902084350586,94.23950753227427,91.14194798891825,93.72954240671673,26893329,17102,56.01104379297084
2025-01-27,90.19757843017578,91.79357294586633,89.3948582718649,91.60470015745261,35584897,7597,64.31397757541951
2025-01-28,94.23007202148438,94.57949461003031,90.4242283667896,92.07689050404163,41891053,6771,75.09043443405952
2025-01-29,92.33186340332031,94.81558294845267,91.88801165367194,94.72114655927291,34295362,6974,51.89247408925092
2025-01-30,91.15139770507812,93.05904605991539,90.66032411964554,92.81350566468149,31403759,12951,60.92472594451486
2025-01-31,95.57108306884766,96.2038220188547,91.00029546004923,91.59525120763041,57911997,5592,78.32319664092944
2025-02-01,93.82398986816406,96.31714819519568,92.41686811052948,96.31714819519568,29973719,9237,69.40518428123546
2025-02-03,92.85128021240234,93.81454297089535,91.8785716528847,92.69073762015935,27155760,12839,71.04141855569887
2025-02-04,93.5406723022461,95.12722811418286,93.21957993772929,93.82398146560668,21734744,17797,65.87167365224795
2025-02-05,94.6833724975586,95.5710832200314,94.39061031857332,94.62670489886494,27382286,11962,67.34632566661855
2025-02-06,94.17340850830078,95.39165742232925,93.87120772997832,95.19333883702716,22650204,12999,74.29145963368572
2025-02-07,93.74842834472656,94.69280662129493,92.70961368150826,94.34339127018669,29397431,10382,72.8916548583742
2025-02-10,92.84183502197266,94.28673277173243,92.40742183743957,93.72955299321232,17224807,12617,75.32567893212939
2025-02-11,89.9237060546875,93.24791461787504,89.72538746928753,92.7946170526851,23377744,9671,46.29726300061202
2025-02-12,90.34867095947266,90.95307249993782,86.78836791001271,90.09369198663425,28356228,5454,53.84804910845899
2025-02-13,89.37596130371094,91.28360949531212,89.2437489187526,90.34866979520504,13174852,14206,72.86765893820451
2025-02-14,87.11890411376953,90.17868799694087,85.947876959352,90.04647560233091,21224323,17499,68.07236666095632
2025-02-17,87.9971694946289,88.28992445939768,85.14515022436966,87.10001299967229,19598957,6810,49.1803312669257
2025-02-18,86.75059509277344,88.24271460269014,86.22174552674117,87.82718582650196,12784429,5290,55.7597600607501
2025-02-19,87.6949691772461,88.38436129877623,85.55122640966864,85.93842496959662,14782674,6651,57.86906855011419
2025-02-20,90.32978820800781,90.73587117587267,86.8828058814854,87.49665323361155,21619032,14038,55.81073225766075
2025-02-21,89.00765228271484,90.93418482537456,88.5921235367389,90.22590112020706,12976716,6022,54.9108651395138
2025-02-24,88.76211547851562,89.37596282198402,87.61941858623003,88.29937212330056,12552679,4002,68.00063360996604
2025-02-25,87.94050598144531,89.51761594314502,87.50609284735623,88.77155625469823,17127179,14811,65.925139496269
2025-02-27,86.84503173828125,88.62990623386032,86.50505495769143,88.29937525412994,27169438,6177,76.13468378512812
2025-02-28,82.52922058105469,86.2122974599159,82.16091361367204,86.2122974599159,39944640,9771,68.86380801003286
2025-03-03,82.43478393554688,83.76635361234534,80.73490008746931,82.9164188933413,29508306,8049,72.7682983230668
2025-03-04,82.24591064453125,83.62470943633798,80.70657646043828,81.68873085204983,19363016,15388,54.48176313473911
2025-03-05,84.74850463867188,85.11681159063853,82.16091017471688,82.16091017471688,26622932,8248,75.39443170454129
2025-03-06,85.9289779663086,86.88280204969864,85.4662346249753,85.47568042521644,25378584,14961,67.20073868052512
2025-03-07,86.09896850585938,86.65615545351602,85.46623676948148,85.85343533370462,16424249,10300,68.81532548933689
2025-03-10,83.67192077636719,86.40117364475232,83.36971999109726,85.93843026840916,20754269,3361,58.14009623385651
2025-03-11,83.26583099365234,83.94578450622262,81.92481556888009,82.9164156422175,11731107,14638,46.66157173274958
2025-03-12,82.06647491455078,84.04022208397892,80.93321664252828,83.61525473511708,20128306,17306,57.66091897115379
2025-03-13,82.34979248046875,82.9636398731457,81.53762649108731,82.58588707726486,14771127,11845,70.83394071160734
2025-03-17,82.60477447509766,83.05807204305276,81.80205432785783,82.53866827956108,15182408,4180,51.73361207157474
2025-03-18,82.60477447509766,82.60477447509766,82.60477447509766,82.60477447509766,0,6836,59.62932323753191
2025-03-19,85.95731353759766,86.25007572310605,84.14410884976581,84.5218616276562,20155513,6491,64.9832839140777
2025-03-20,86.22174072265625,87.66663835294145,85.85343376611432,86.56171748331566,16000840,5274,49.96013164222428
2025-03-21,87.95939636230469,88.23326694037489,85.9384273289927,86.22174370769561,22838586,4830,66.75050060316744
2025-03-24,90.59420776367188,90.93418451740361,88.44102646006048,88.9604301857369,25103209,6307,77.79614043779256
2025-03-25,88.59213256835938,91.22694908479579,88.30882338043078,91.13251268881959,20148506,3685,64.91618379491872
2025-03-26,87.6949691772461,89.47039778060771,87.53442659607164,88.63934747361529,19904559,16217,59.10347629143656
2025-03-27,91.04752349853516,91.37805449206851,86.80725936494844,87.5344347557571,62010832,5687,56.970284067550054
2025-03-28,90.7830810546875,92.53018662886512,90.18812533477313,91.04751302412834,21712434,14823,69.24792984396817
2025-04-01,90.88697052001953,91.7935728727463,89.67816738305052,89.71594338171018,13402932,8112,77.99385518354478
2025-04-02,91.92578125,92.17132162804448,89.49872928115772,91.32137970791719,14393929,15993,53.57702354891186
2025-04-03,93.49345397949219,94.3433959112218,91.00029578310851,91.17972997009444,25310675,11943,49.2456691460992
2025-04-04,91.23638916015625,93.81453791318121,90.6886480108198,93.57844333553977,21189363,3726,65.02775123974547
2025-04-07,89.64038848876953,89.98981106130785,85.06960087412457,85.91954280392399,28484870,16272,71.58838999153409
2025-04-08,91.51970672607422,92.14299267253891,89.67816467349051,91.1325081552879,22062343,11063,77.42968187327205
2025-04-09,90.43367004394531,91.6708033389478,89.29097314004376,91.321380766336,17823534,12799,68.78602955551202
2025-04-11,90.73587036132812,91.98244945067043,90.56588197618896,91.98244945067043,11396866,14060,76.28001543139993
2025-04-15,91.21749877929688,92.92682844370928,90.83030741340372,92.92682844370928,23242204,11312,50.32955276214643
2025-04-16,93.3329086303711,93.58788759982312,91.04751488552482,91.51025823269643,29347045,8110,69.07024252041165
2025-04-17,93.96564483642578,94.53227039945754,92.974044697344,93.2856912787737,24865290,6400,78.94760031729304
2025-04-21,96.60990142822266,97.1670811579025,94.35283790369249,94.53226487840175,28222350,16680,75.5827176167418
2025-04-22,97.62982940673828,98.9236303158996,96.94988305966021,97.12931004338705,31806010,9462,64.06513700008678
2025-04-23,97.28041076660156,98.63087202472184,95.77884552196186,98.40421604494267,34299231,5619,60.70205028050616
2025-04-24,96.98765563964844,98.13979840293536,96.7515610473367,97.17653563651892,25468633,3074,78.35527079561483
2025-04-25,93.76731872558594,97.63926816815268,93.04958922731876,97.63926816815268,31662135,6032,65.4932564249542
2025-04-28,96.48712921142578,97.22374313284647,93.7106619079966,93.76732230040291,24194152,14261,68.73846426108216
2025-04-29,96.92154693603516,99.1125044078381,96.51546395955708,97.56372449872059,22707240,3343,68.24688929966759
2025-04-30,94.63614654541016,96.63823109221359,94.01286062741767,96.63823109221359,14741011,10952,69.68687988034489
2025-05-02,93.96564483642578,96.00550550938205,93.58789205939297,94.63615259326744,13300520,16054,48.8139851550254
2025-05-05,93.87120819091797,94.97612911661297,93.68232820039216,93.87120819091797,11864456,4066,59.906294747044775
2025-05-06,89.21541595458984,94.64559098486676,88.78100281677182,94.40949641833298,27001134,14327,57.560396482397614
2025-05-07,89.00765228271484,91.50081034850166,87.64774526318224,88.96043048702323,89567019,11260,64.75999854945547
2025-05-08,86.27840423583984,90.47144629898054,85.84399107151077,90.18812991983624,65955601,16851,65.40299634434243
2025-05-09,86.85447692871094,87.2133381034625,84.47463948130813,84.99405044940177,35798578,17323,53.61041869629107
2025-05-12,90.45255279541016,90.61309537786603,89.29097151642391,90.18812802312173,31855906,3969,53.82351863207136
2025-05-13,92.24687194824219,92.84182767901845,90.09369059301237,90.45255175053914,26387953,10213,68.79166211128711
2025-05-14,92.43575286865234,92.97404825488498,91.79357528463487,92.87961185827201,17627909,7846,78.86203421786894
2025-05-15,92.85128021240234,92.99293840763119,92.31298483456078,92.87961041044109,14979089,17809,51.87393912741852
2025-05-16,93.40846252441406,94.01286406915412,93.06848575486843,93.21013673798349,15230863,16251,54.311056588539884
2025-05-19,95.29722595214844,97.17653691425026,93.49345978475294,93.54068158585027,39689793,8149,59.530277733637284
2025-05-20,94.90057373046875,96.56268156254923,94.62670315776542,96.23215059722959,30343187,3304,54.73889597221891
2025-05-21,96.2321548461914,96.44935783083396,94.44728034962267,94.92890811819615,19338345,11810,75.75798751682393
2025-05-22,94.7872543334961,96.54379858067512,93.75787822067043,96.12826981531047,18817135,9719,67.84214131628462
2025-05-23,94.79669189453125,95.24999665225802,94.01286337528563,95.17444465846445,14814597,15390,67.5144839108722
2025-05-26,95.34443664550781,95.84495601449659,94.62670708741176,95.38221264383233,13008222,6151,67.16125329870488
2025-05-27,96.34547424316406,96.94988300416787,94.54171537598535,95.57108429926419,21239984,12697,70.49793242871647
2025-05-28,96.60045623779297,96.8932112023519,96.05271509987952,96.60990203811136,13261838,15236,70.4477799444943
2025-05-29,96.61933898925781,97.45039648230455,95.86384069243785,97.08208953153499,20854888,6646,53.8031952169117
2025-05-30,99.93411254882812,100.34019551062546,95.47664576957408,96.99709542618493,60718136,5581,73.14122199584814
2025-06-02,102.4272689819336,103.12610690262494,100.10409924149918,100.57628838886474,57785074,3566,47.8721074217786
2025-06-03,103.35276794433594,103.87217170886339,101.9928608276889,103.12611195487146,48035394,9153,70.85925888400145
2025-06-04,103.44720458984375,105.06209069228501,102.60670844070827,103.4188743923503,46696794,14340,57.67622887259314
2025-06-05,102.95612335205078,104.1649336782528,102.46504978596475,103.99494528902399,19273632,16339,69.95135133366458
2025-06-06,104.05160522460938,105.58150072091767,102.27617654885898,103.30554547545479,50759755,15522,53.16395394359238
2025-06-09,105.95924377441406,106.61086711561283,104.59934390391561,105.02431126250237,30600259,11997,64.05084980384403
2025-06-10,105.55316162109375,106.47865554460138,105.0148662670741,106.47865554460138,22892516,8597,66.92169696287452
2025-06-11,104.16493225097656,105.65704453038998,103.6171910926295,105.55316233811607,23164768,4827,75.03990624771667
2025-06-12,102.0117416381836,104.68433397846181,101.61510447811654,104.35380301173925,26281617,13090,61.729290413378024
2025-06-13,100.68016815185547,101.42622785132131,99.34859132995157,99.34859132995157,16086387,12042,73.61933894049659
2025-06-16,100.85015869140625,101.04847726816953,98.9802865025838,100.5762881220566,19801768,3208,58.9357280026082
2025-06-17,99.99077606201172,102.38949791061472,99.82078767258206,101.2845769818394,16226787,16287,71.3037756970403
2025-06-18,99.61302185058594,100.56683870379527,99.1597171164101,99.99076738985909,15465092,3342,48.03412318340414
2025-06-19,97.25208282470703,99.99077419602611,96.84599985781627,99.23527586102026,22033703,11811,60.04607638672419
2025-06-20,100.1284408569336,101.20707662437562,97.67964333643297,98.14608343065673,27593358,14892,68.6164455638064
2025-06-23,100.97386169433594,101.3528410326419,99.20528156382291,99.20528156382291,13950918,6134,78.6809905632077
2025-06-24,102.24684143066406,103.607283669388,102.03305669708854,102.11079794817304,16440497,17273,69.18393602247444
2025-06-25,102.94649505615234,103.24773312862493,102.16909739412904,102.63553747410573,12173043,6352,55.47883516566901
2025-06-26,103.24773406982422,103.52954053953125,101.93588199028801,103.00479822495404,15388837,6728,51.02707775212747
2025-06-27,103.33518981933594,105.42443961658645,103.13112459455525,103.97654402334419,34112048,14370,77.14652000730511
2025-06-30,107.37764739990234,107.52341039497269,103.6850194559186,104.0445671885836,46860515,10215,57.493615260696515
2025-07-01,109.8750228881836,110.28315332552695,106.22126572984823,107.52340570484685,45219119,3503,75.69324514520378
2025-07-02,110.63298797607422,110.94394557699052,109.22396296869412,109.90418040388163,33831963,11782,61.19661501130212
2025-07-03,107.11528015136719,110.83705180513839,106.80432255438284,109.81672566525879,47921007,13962,49.185002631300954
2025-07-04,107.71775817871094,107.96069403721674,106.75573425489588,107.2804765989261,14099494,12340,76.76345146037332
2025-07-07,109.33085632324219,109.56407267257529,107.50397391432631,107.71775865697086,19932784,14631,49.914418258640374
2025-07-08,108.84497833251953,109.66123921506019,108.2327752568004,109.21423814883836,15179741,13054,68.9488285280022
2025-07-09,107.86351776123047,109.5154785812373,107.66917204610512,108.64091544935945,13299578,16643,66.36703788191994
2025-07-10,106.65856170654297,108.34939321082604,106.16297047787215,108.15504748897798,9936541,11507,74.52541273830606
2025-07-11,107.09584045410156,107.96069149692737,105.57992310511501,106.63911986464693,23104885,15769,48.76533435240807
2025-07-14,107.5914306640625,109.27254259791822,107.03753722143175,107.29990467791418,17983635,14450,52.833739352663585
2025-07-15,109.0684814453125,109.93333251234503,107.62058579802863,107.69832705241257,20906645,13330,48.24162676762519
2025-07-16,111.72134399414062,112.4404320607261,108.69922131585967,109.19481254395902,38340707,16597,71.38252559294875
2025-07-17,110.5746841430664,112.33353735275924,109.90417881392874,111.84766564499313,22239170,14826,52.181394775115706
2025-07-18,110.14710998535156,111.5658544220587,109.90417414179596,110.76902515174885,15854726,16562,56.493557832931614
2025-07-21,109.41830444335938,110.58440096190823,108.51458279235484,110.2928749788176,11198845,12137,59.952830330598076
2025-07-22,106.24070739746094,109.90417674290515,106.03664217370223,109.90417674290515,17927369,9211,58.15542584849194
2025-07-23,106.81403350830078,107.13471061189661,105.12320205614417,106.50307591464194,15531241,14673,64.06749371559482
2025-07-24,107.54283905029297,107.91210628284722,105.1912218289066,107.22216195270018,18292039,12890,51.102363729721326
2025-07-25,105.3467025756836,108.20362304955773,104.99687436846413,107.4748155201528,13476837,4099,72.53677060287224
2025-07-28,103.77247619628906,106.2892879859512,103.51982084221426,105.29811300275563,13900856,8993,56.10795368702358
2025-07-29,106.20183563232422,106.40590085389323,103.2477348468142,103.2477348468142,13189443,9899,53.88145265255617
2025-07-30,105.04546356201172,108.0092839964232,104.56931135599307,106.45449598731145,49635403,11404,53.11094036323277
2025-07-31,102.4023208618164,104.40411738616146,100.9835763315182,104.1708936230171,42679661,4427,65.55903422275449
2025-08-01,100.26448822021484,102.40232081809353,100.08957410483829,102.32458697755933,15311997,12951,61.73678830398844
2025-08-04,101.70266723632812,101.98446629660287,100.08956964267958,100.20618151900322,14966403,15698,61.16018986702775
2025-08-05,100.73092651367188,102.16910262407634,100.40052989556452,101.93588627905663,12126864,14784,46.00837627335096
2025-08-06,100.8961181640625,101.83871044045091,99.94380637788687,100.86696704851461,15512043,16995,69.04201401113197
2025-08-07,101.73181915283203,101.9747550033918,99.69115207707888,100.57544213174708,13506257,8610,52.40289000574171
2025-08-08,101.01272583007812,101.91644750979482,100.575444255363,101.73182130086445,8369676,8513,51.196433210289584
2025-08-11,103.529541015625,103.73360623659673,100.90582943067346,101.0515924210286,18974904,4254,51.67239310537115
2025-08-12,103.63643646240234,104.21948102734498,103.07282350363843,103.84050168944157,12072884,11400,47.19301375939727
2025-08-13,103.62671661376953,104.34580466105513,103.1602839288652,103.97654483435471,8965266,17262,55.209218074757025
2025-08-14,103.27688598632812,104.12230540200888,102.8881871487572,103.63643370849863,6165564,10481,67.04337223854104
2025-08-18,103.75303649902344,104.53043416164431,103.57812239562442,103.97654073651634,9504227,3014,70.66734398917825
2025-08-19,104.85111236572266,105.0065874516079,103.28660492811741,103.85021786880542,8566550,12109,76.36769728306999
2025-08-20,104.08343505859375,104.9968762172858,103.97654269262706,104.46241438745243,8595474,17501,48.39226535775154
2025-08-21,104.13202667236328,104.9482875726309,104.02513430487865,104.46241587090576,5887988,6577,53.28768759849267
2025-08-22,102.31486511230469,104.6470507923735,102.13995100095417,104.0737183220192,9660703,9945,59.05232356573846
2025-08-25,102.24684143066406,103.37405991613446,102.1302295540373,102.60638174275586,5672554,16360,67.51070894817624
2025-08-26,99.8660659790039,102.41203635656532,99.59397901315123,102.20797113217581,15307243,13562,50.86207379351881
2025-08-28,98.58336639404297,100.3616586211455,98.25297719188258,99.86606740409101,13540127,7222,78.68054109708902
2025-08-29,98.02947235107422,99.52595808937258,97.75738538298613,98.15580373898216,15792366,6129,49.51475320238535
2025-09-01,99.3996353149414,99.55511040694797,98.09749527704354,98.14608541356591,6263914,17796,48.238520448796145
2025-09-02,99.95352935791016,101.01272613326387,99.04008816535632,99.61342064168713,7852890,14165,55.2390968386221
2025-09-03,101.35283660888672,101.54718231765345,99.71058793869763,99.84663141759705,8068130,12634,54.19102224560258
2025-09-04,100.4977035522461,102.21769357167545,100.26448720537591,101.83871422783115,6207983,7967,51.145325668684904
2025-09-05,100.81837463378906,101.2167929741049,99.72030729470237,100.49769754238561,7493048,16464,59.63433568545526
2025-09-08,101.265380859375,101.9358861912699,100.86696991255168,100.86696991255168,7612044,12519,55.89762182913246
2025-09-09,101.33340454101562,101.81927626007597,100.86697184245357,101.34312405126477,5973767,8927,65.8721334799386
2025-09-10,103.25745391845703,103.85993007087214,101.6443563445931,101.6443563445931,13116266,7175,74.81015991791216
2025-09-11,104.71507263183594,105.61879430568109,103.24773799713812,103.49067385124904,15257427,4348,77.38889494957847
2025-09-12,104.27777862548828,105.17178816007116,104.02513068732317,104.94828392297205,8049228,16245,61.40490883167324
2025-09-15,105.44387817382812,106.12409558677992,104.2777816481502,104.2777816481502,10490843,16874,72.83837917161948
2025-09-16,105.3758544921875,106.11437412298959,105.03573837816059,105.60907082750323,7126933,12504,73.60645983577093
2025-09-17,108.80610656738281,108.99074018051427,105.00658642359213,105.53132873421816,33492032,9443,62.95099228660493
2025-09-18,108.69921875,110.01107087453035,107.9898427965708,109.32113394109311,15714147,10268,58.831188133974486
2025-09-19,110.0985336303711,111.07027706077574,108.69922071816794,109.32113592052178,27593935,10328,56.88020919279447
2025-09-22,109.84587860107422,111.75049484087847,109.51548197853528,110.08881445942396,16831733,8089,52.23073646241916
2025-09-23,110.224853515625,110.86620030070094,109.25311012129305,109.89445690636899,12673502,3071,69.66336988924404
2025-09-24,107.87323760986328,111.25490051207136,107.48453876457823,110.97309403458506,16817280,5728,59.24384612805872
2025-09-25,108.2522201538086,109.07820059088769,107.29990832532444,107.8829529036265,14583301,6098,59.88013222813075
2025-09-26,104.74422454833984,108.19390925478123,104.26807234651267,107.97041241902753,18377053,15780,45.86045801485686
2025-09-29,106.41561889648438,107.1152753115398,104.85111147221143,104.85111147221143,16244160,5222,52.603578994474574
2025-09-30,109.64180755615234,110.48721955354195,106.74600901608999,106.9306426310664,37086442,15064,58.14352496085246
2025-10-01,109.36972045898438,110.35117593550675,108.05786096404036,109.5154760350327,19565179,4930,54.55451056948927
2025-10-03,111.13829803466797,111.60473072629608,109.26283293042292,109.46689815973696,23883726,9858,53.03645472476669
2025-10-06,111.3034896850586,112.33353531441158,110.4191996343395,111.5561450443803,18071031,13163,68.43119130010952
2025-10-07,110.94393920898438,111.84766084318358,110.53580877129792,111.3034869262683,11663822,12967,54.92777639464903
2025-10-08,109.94304656982422,111.24518656782443,108.85469130386984,110.95366058525035,14787767,5934,49.73074844565467
2025-10-09,111.07027435302734,111.55614605638475,109.85559509463384,109.94304844260753,12587389,4508,78.9386877303515
2025-10-10,113.92719268798828,114.51995674753786,110.9342286886358,111.26461788179397,40846119,14522,46.97617159115952
2025-10-13,113.6453857421875,114.2770204242663,112.81940534892153,113.56765190600083,11809783,17890,61.600726595658124
2025-10-14,112.01285552978516,114.02436401868552,111.66303473563228,113.65510420530474,10882007,7122,47.51235965778193
2025-10-15,113.11093139648438,113.859170540193,112.13918801234587,112.23636086799698,10598247,8640,60.1056063814476
2025-10-16,112.8291244506836,114.51023634643406,112.69308097058172,113.3538667655681,15188935,11159,78.29334442773343
2025-10-17,110.48722076416016,113.4316094711036,109.5640675067903,112.86799652412587,16744153,17648,69.74333061270806
2025-10-20,114.76289367675781,115.79294671873619,111.021683081924,111.07027321728842,39131377,15594,63.33696909579485
2025-10-21,114.34504699707031,115.54029467144517,113.9855066747976,114.90865996267192,4760898,9630,51.44763020289608
2025-10-23,114.87950897216797,116.80355680331319,114.38391774919434,114.86006995191819,31320313,7557,51.341552345640075
2025-10-24,113.63567352294922,115.33622444233887,112.98459982217024,114.87950386634975,13120416,11321,48.725874338803685
2025-10-27,116.24966430664062,116.99791090233889,113.68426223473179,114.13126332458411,17707337,9030,55.03168083622351
2025-10-28,117.707275390625,118.06682311765171,115.83181033179206,116.68694926876073,37123841,10840,64.31328700123538
2025-10-29,117.6781234741211,118.89280271603772,117.28942463394502,117.48377776093992,18350031,10698,72.79266622359609
2025-10-30,116.69666290283203,118.44580401167204,116.31768356488568,117.62954310342262,23108567,15163,78.08965436621737
2025-10-31,119.41754913330078,120.54477506708514,116.68695247625426,116.99791007629581,37511394,4254,54.67810889294115
2025-11-03,120.02973937988281,120.9626195515152,119.22319800666723,119.62160893842717,19502448,6540,76.43322216547078
2025-11-04,119.76737213134766,120.29211444859904,118.76647763159201,119.6701992756671,14185419,12448,63.71843583897061
2025-11-06,117.05621337890625,120.48646652083838,116.76469479647437,120.48646652083838,18897936,9817,69.00655731810916
2025-11-07,118.92195892333984,119.5050109154745,115.50142529372869,116.99791107350046,16935021,5893,45.641980193399945
2025-11-10,118.88308715820312,119.75765772421875,118.12512847226091,119.03856966496767,10675833,10575,56.5627989136693
2025-11-11,118.57212829589844,119.155180276243,116.67723160122031,118.90252491234796,13743470,11129,69.70528848536937
2025-11-12,118.98997497558594,119.81596278699577,118.55269341621553,119.0385651105443,10330951,14570,71.18228503285852
2025-11-13,117.64897155761719,120.01030828438063,117.38660410522733,119.14545726312865,10840343,15399,51.858218693711784
2025-11-14,118.75675964355469,119.11630736937478,117.92105972912921,117.96964986449893,7534146,7410,62.697370028287054
2025-11-17,119.5244369506836,121.32216073913033,118.85393163927156,119.23291096820523,18039214,8928,49.409508899625735
2025-11-18,118.92195892333984,120.28240121529728,118.71789369161834,120.14635772748295,10071535,6545,74.41355780859303
2025-11-19,121.52622985839844,121.90520919948507,118.21258864795645,119.28150492829857,22108922,4004,60.40886254596557
2025-11-20,120.36013793945312,122.59515072167974,119.92285637562406,122.36192696807807,17701274,8018,45.28661495668373
2025-11-21,118.91224670410156,120.33099122828132,118.54297945428918,119.77709776737679,12407897,4832,55.58381660549813
2025-11-24,118.30976104736328,119.94229028485687,117.67812634340308,119.42726745993689,16932622,8241,48.916253181229926
2025-11-25,119.57302856445312,119.96171999414626,117.94049935277502,118.26116904089048,11550766,6493,75.76152678261721
2025-11-26,121.45820617675781,122.49797132408325,119.86454758485367,120.14635406210442,19458499,10156,61.11696670668527
2025-11-27,121.39990234375,122.67288381573711,120.44759055684803,121.85662292451862,9718546,14488,70.02849678073085
2025-11-28,120.9820556640625,121.75945336477884,120.60307632376212,121.75945336477884,9945691,17510,66.5751942003852
2025-12-01,121.75945281982422,122.80893007313605,121.22499097624707,121.4582073198926,17513004,11546,78.93900232351666
2025-12-02,121.80803680419922,124.18881264301857,121.20556062572211,121.75945408125227,26941925,4470,77.84024837712238
2025-12-03,116.41486358642578,122.19673391551089,115.6374658922131,122.19673391551089,31754551,17786,78.63845324127743
2025-12-04,116.1524887084961,117.36716797201473,115.43340066036095,116.41486358115188,14258192,3270,53.38798827119771
2025-12-05,118.27088928222656,118.45552290214233,115.78322853049924,116.30797086040681,22667150,13875,53.911645261559485
2025-12-08,112.72223663330078,118.24173955120806,111.99342906886133,118.21258843484071,24064367,10263,59.87235984733138
2025-12-09,114.50052642822266,114.76289388374796,111.8768148039007,112.2072114145844,15676171,12650,49.82475988926344
2025-12-10,113.8494644165039,115.83181449997865,113.3052830514469,114.89894169192758,12269041,5729,64.91692193277306
2025-12-11,114.24787139892578,114.78233323518799,112.91658027011778,114.1021084059621,14403309,10592,48.73094589548142
2025-12-12,114.48108673095703,114.80176382988964,113.5287823577686,114.5296768661215,9266231,11037,62.67157295557742
2025-12-15,115.38481140136719,115.97757547957517,113.36359072600685,113.98550592055064,18895803,3045,66.64744468381963
2025-12-16,113.72312927246094,115.53057259523474,113.34414993837744,115.14187375125292,11689949,8050,60.31738913313602
2025-12-17,115.95814514160156,116.2205126053075,113.6162399194905,113.72313228976692,15220726,14479,52.06868647221324
2025-12-18,115.54029083251953,116.38570283901844,114.39363333300052,115.69576592011151,9535544,15574,70.46626931088137
2025-12-19,116.43429565429688,116.58005864926652,115.20018477969013,115.20018477969013,9725283,17394,73.9585953101531
2025-12-22,117.88218688964844,118.39720969411418,116.8035511462598,117.04648699091827,19289471,6396,78.69675453723355
2025-12-23,117.48377990722656,119.16489185701538,117.25056356438583,118.06682447123532,10383838,14900,46.86564290932898
2025-12-24,117.51293182373047,118.1154154118042,117.29914708558127,117.58095356643122,10647989,16735,74.80090788135135
2025-12-26,116.96875762939453,117.56152170614055,116.07474805235556,117.35744906466532,8339634,13496,52.70363881302854
2025-12-29,117.13394927978516,117.56151874438785,113.30527794555042,113.30527794555042,25017997,3842,58.0784778868004
2025-12-30,118.92195892333984,119.30093826993894,116.11362098889322,116.82299695862288,24856697,4814,48.12306830383727
2025-12-31,120.08805084228516,121.80803339378095,118.10569342172883,118.84422047969619,19366405,3691,51.641448764554156
2026-01-01,120.43788146972656,121.17640112866576,119.6799227907125,120.20465771171153,7729355,17942,70.87239187517596
2026-01-02,121.80803680419922,122.24532579360553,120.3018389441925,120.4378824305463,13205239,17093,57.67843302982901
2026-01-05,121.54566955566406,124.61638234177529,120.86544470888316,122.43967172865317,19053073,14159,69.76913987357723
2026-01-06,121.92464447021484,122.517408531904,121.04035442566376,121.41933375509602,10801122,5848,73.96810428220448
2026-01-07,122.12870788574219,123.30451648194483,121.42905146827631,121.90520364701308,10185442,12276,46.31349428261411
2026-01-08,119.33980560302734,122.27447484788135,118.9025240348101,122.24532373184205,11531254,15098,69.37227442079534
2026-01-09,119.4272689819336,121.31244619398508,118.78591475975972,119.52444184213188,13021675,6623,63.34983020027592
2026-01-12,119.67992401123047,120.00059370759703,117.68784702063319,119.42726864437785,14550075,6114,68.77136190694071
2026-01-13,121.0014877319336,121.13753863181977,119.1163105332983,120.30183869519674,14480669,3943,56.79539860941876
2026-01-14,125.04393768310547,125.35490269853385,121.00148886211899,121.03064739267592,34920863,3247,67.05692226784997
2026-01-15,125.04393768310547,125.04393768310547,125.04393768310547,125.04393768310547,0,3636,74.33678552723804
2026-01-16,128.61996459960938,129.03780716898112,125.01478984891818,125.04394096642652,34696416,8123,76.74890215856783
2026-01-19,124.43174743652344,131.33111679644097,121.71086290505649,128.5616569562559,86346948,3045,68.83537772960918
2026-01-20,122.2161636352539,126.66675758142249,121.56509733934291,124.28598181327685,46607190,17688,61.39860189483679
2026-01-21,120.48646545410156,123.11017715564358,119.32037630706998,121.75945438503665,17178415,17542,65.89444989480228
2026-01-22,121.62340545654297,122.95468914730577,120.98205126470195,121.21526760091065,13651752,17588,71.47566057976788
2026-01-23,116.75497436523438,122.93526316085735,116.17192979115586,122.92554365070873,17868644,11401,50.67324254604639
2026-01-27,119.47584533691406,120.00058765059217,116.60920533788321,117.84331616563115,16104995,5882,62.02741451021075
2026-01-28,120.9820556640625,121.12781865967355,118.30976126184426,120.49618395456828,14507424,3308,73.99310458708361
2026-01-29,121.71086120605469,122.67288509900114,120.82657115083715,121.27357964030097,32910164,15566,60.891928535754815
2026-01-30,121.65255737304688,122.46881826206008,119.7770923336937,120.9820520614905,14202987,6320,52.479266795200374
2026-02-02,118.57212829589844,118.99969777113408,114.81148602279663,117.5809532741777,15793749,16322,72.35382855719779
2026-02-03,120.36013793945312,125.36461051101547,119.23291203848629,122.92553991856147,15962796,12244,64.05812022209345
2026-02-04,120.15607452392578,120.87516257381982,119.184331110734,120.35042024103859,10402322,12615,62.89919676627139
2026-02-05,120.59335327148438,121.41933367060004,119.6896316218178,120.01030871998,10883117,11179,62.036852283619524
2026-02-06,119.37867736816406,120.91403374727153,117.82388938278291,120.39901092215908,14524956,16500,52.773275126675074
2026-02-09,119.95201110839844,121.56510134347539,119.5438732341954,120.48646554543723,12646439,13061,65.9405436616675
2026-02-10,119.48556518554688,120.496179191,119.10658586022866,120.496179191,12024413,15272,60.20848732749097
2026-02-11,119.4369888305664,120.22409863836127,117.68784768678448,119.62161504132214,14591234,3966,46.77241180321363
2026-02-12,117.54208374023438,119.436987866336,117.09508265461304,119.37867821947133,15324439,12853,76.71661609536511
2026-02-13,115.40425109863281,116.95903909411543,114.95725001329494,116.70638372803263,14737408,11424,45.708454208998006
2026-02-16,117.16310119628906,117.53236101854344,114.22843939650777,114.66572096006726,12112770,5430,45.655207389564985
2026-02-17,121.29301452636719,122.05097321487155,116.4245778706016,117.1631049526017,39934490,15802,75.9903716263351
2026-02-18,124.54834747314453,125.10224831806345,121.30272813637666,121.56509558739972,37051990,6152,46.641486705154065
2026-02-19,122.5368423461914,124.72327242943544,121.97322938986741,124.49976076955731,18850093,16157,61.59137498324786
2026-02-20,125.92822265625,126.71533243163464,121.82747176812859,122.05096859663384,30257099,14742,50.21099868478217
2026-02-23,126.58901977539062,128.97950029078896,126.3266448996325,126.71533633750327,27095411,9386,56.37683225657163
2026-02-24,127.3275375366211,128.36731010021856,125.64642559287873,126.56957886475446,20878598,4142,64.32475115421155
2026-02-25,126.85137939453125,127.93974210661901,125.85048485915232,127.4441434732377,11964857,15756,72.06364248077972
2026-02-26,126.79307556152344,128.90175697486427,125.44235281924053,126.99714820109796,25782446,4226,65.00624633066357
2026-02-27,125.782470703125,127.15263248445574,124.96620978865779,126.56958050119181,17761050,15617,77.36816535373735
2026-03-02,122.4882583618164,125.06337243711343,120.93346299297035,121.5165149631945,22915402,13376,63.4124612938333
2026-03-04,117.94049835205078,121.37075134530227,116.98818656422984,120.8557285328964,25000472,15685,65.33321396208817
2026-03-05,118.74703979492188,119.60217872658095,116.80355300669852,118.16399524121762,14990776,10709,73.78045957370465
2026-03-06,115.93870544433594,118.91224536058715,115.30707815033563,118.01823577678492,14358834,11807,69.10382025074202
2026-03-09,111.81851196289062,112.96516946345936,108.55345356851909,112.96516946345936,25946907,10585,47.87970336836882
2026-03-10,114.20899963378906,114.61713007896454,112.24608124474484,113.69397682242757,18305866,10180,49.181633863888926
2026-03-11,112.5667495727539,115.09328829162939,112.23636038220738,114.61712869751663,14475388,12917,45.439770718098856
2026-03-12,113.31500244140625,114.7920491991327,110.44836227639,111.26462320238812,13515926,9306,72.01967186994452
2026-03-13,108.54373168945312,112.98459860304608,108.34938598057393,112.72223115467781,18650285,11533,76.1615389806766
2026-03-16,107.83436584472656,109.02960607011958,105.14263248596112,108.83526035643717,24727257,12894,53.49348924397989
2026-03-17,108.83525848388672,109.27254003905546,106.79459887007657,108.3493867942265,15114617,7995,61.957403810966056
2026-03-18,109.92361450195312,110.97309172441742,108.89356147131868,108.89356147131868,15704285,6269,69.16282627706087
2026-03-19,106.39618682861328,107.96069435510242,105.48275303933544,107.37764977573454,14054714,12119,77.6979124173379
2026-03-20,108.3785400390625,110.38032906737787,107.3776455249048,107.3776455249048,17182097,3317,53.215054161966364
2026-03-23,102.56752014160156,107.57199278427657,102.22740401621957,107.47481992580195,24198613,6096,78.15021746430243
2026-03-24,104.22920227050781,105.92003376110152,103.00480347409872,105.92003376110152,19696367,11846,54.0556486121398
2026-03-25,106.95979309082031,107.71775173782673,105.23981057752218,105.53132914200962,20472368,14866,63.467629969515805
2026-03-27,102.15937805175781,106.03663944483262,101.64435525069521,106.03663944483262,35661197,16448,73.92017625917747
2026-03-30,97.71851348876953,100.78922617748525,97.28123192627658,100.40052733648388,26268614,17691,61.4009226156157
2026-04-01,101.06131744384766,102.76186845852779,100.31307825946658,101.59577929970132,19568656,13112,46.08623686588012
2026-04-02,101.52775573730469,102.0039079370193,96.97027672716588,99.1178287947273,23212183,11743,74.51649036769982
2026-04-06,103.49066925048828,103.74332460339953,99.38991102918834,102.03305419062224,21348893,3001,77.86592401634111
2026-04-07,101.62492370605469,102.80073229747714,100.67261193863914,102.13022699782931,21560842,17218,49.678163539801616
2026-04-08,107.99956512451172,108.25222049430246,105.4827531782961,105.92003475994454,28565242,17218,71.24774522331641
2026-04-09,106.49335479736328,108.76723819039682,105.96861988970772,107.80521430794334,21361314,17097,58.686540503816
2026-04-10,108.64091491699219,109.12678661623846,107.1638607995478,107.1638607995478,17478112,15568,67.84203140679966
2026-04-13,107.60115051269531,107.9218202018914,104.77337364512134,105.92003115973338,18313227,10853,70.18850643848805
2026-04-15,109.8847427368164,110.82733499774162,109.32112979942411,110.04993733142028,14100783,15335,72.4396960547178
2026-04-16,110.35118103027344,111.55614821587132,109.80700708439954,110.7787505099252,18424149,5241,76.03247278242469
2026-04-17,111.24518585205078,111.50755330362837,109.66123939143738,110.3997664390765,14471787,15901,68.33846260366418
2026-04-20,110.52609252929688,111.84766414985954,110.13739368551718,111.6533184348766,16688164,5173,59.90257933100539
2026-04-21,110.8856430053711,111.9254081753081,110.39005178192404,110.9730963551367,18163650,5198,66.24378704374936
2026-04-22,111.42981719970703,112.33353888503164,110.14711617026056,110.68157802161909,18835055,15054,57.59531852434736
2026-04-23,109.52519989013672,111.15772913097155,108.417412985336,110.97309550890012,17507928,10912,52.670277449012836
2026-04-24,109.89445495605469,110.24428316491083,108.44655940006398,109.52519514173481,11401908,6472,45.32773975774151
2026-04-27,110.66213989257812,111.30349411937382,110.21513880139358,110.29288005563804,9479881,7979,65.17769178549074
2026-04-28,108.24250030517578,109.80700782391365,108.06758619085062,109.32113610787864,20361676,17608,57.584688599978904
2026-04-29,108.0384292602539,109.43774209955437,107.73719118494313,108.46599871977652,13295763,11706,46.82578887725449
2026-04-30,106.26985931396484,107.66917218892767,105.05518005828567,107.66917218892767,16391067,3964,57.57423393092071
2026-05-01,106.26985931396484,106.26985931396484,106.26985931396484,106.26985931396484,0,3351,45.11345751234201
2026-05-04,105.60906982421875,108.52429993631849,105.07460800480838,106.40589909164014,16736881,7137,75.43342041545148
2026-05-05,104.84139251708984,108.26193336127042,102.47033630104288,105.72568255018768,57260623,14209,76.90137277005297
2026-05-06,107.06668853759766,108.58260587525194,104.84139525302265,107.29019278257137,44447197,4288,66.89797690298704
2026-05-07,106.02692413330078,107.86351858639648,105.92003176501996,107.81492845033652,28046754,4141,71.64832594184746
2026-05-08,104.20976257324219,105.82286021353572,103.60728639601628,105.82286021353572,26751702,5213,63.70987721530142
2026-05-11,101.6637954711914,103.44208022885572,101.38198900026208,103.19914438293185,21447783,5564,70.89837216863465
2026-05-12,99.87578582763672,102.00390625376725,99.65228899656272,101.06131396614207,14949440,12573,46.14363359381297
2026-05-13,99.8660659790039,100.95442125622843,98.48619213000029,100.07985071326353,23167254,14312,54.22044777231794
2026-05-14,101.6637954711914,102.01362368242687,99.4093511175705,100.38109450126595,16123300,9456,72.21633635832325
2026-05-15,99.16641998291016,101.88729713823446,98.90404510511165,101.66380030110211,22149004,15356,49.7676308825686
2026-05-18,96.67874908447266,98.14608369880784,95.71672519141161,98.14608369880784,62402244,11711,62.65132214685575
2026-05-19,98.43760681152344,98.81658613450857,97.19376906444442,97.3589710726231,15626791,11687,65.6219728125026
2026-05-20,99.33161163330078,99.55510846378802,96.85366299530334,97.5533194302115,20380676,10493,60.925372036047456
2026-05-21,99.04008483886719,100.52685104400136,98.78743689462382,100.30335421533889,21569101,14254,45.43600428452588
2026-05-22,99.7591781616211,99.99239449511154,99.06923384311368,99.38019142570546,13695251,10028,68.38694078472403
2026-05-25,103.25745391845703,103.49067025443019,100.57544010641806,100.6726129619224,23250421,11836,58.17354261912744
2026-05-26,102.91735076904297,104.17089327615308,102.46063016834029,103.13112809715903,26298361,10476,72.91435395499064
2026-05-27,103.65586853027344,104.01541626359958,102.59667176418816,102.90762936113019,11620905,15862,76.87169615386877
2026-05-28,103.65586853027344,103.65586853027344,103.65586853027344,103.65586853027344,0,8086,63.60946112946263
2026-05-29,103.05339050292969,105.40500775087057,102.58695040899916,103.73360791718902,32063993,14145,63.60107560342555
2026-06-01,100.84752655029297,104.10286538278642,100.59487119622617,103.49066972381561,19255610,8980,67.04845930991934
2026-06-02,101.14876556396484,101.57633502653742,99.76889173415259,100.23533182185119,17365945,15062,58.704686235522225
2026-06-03,102.81045532226562,103.1116934057109,99.99239796204968,101.07103373583514,15562385,5155,67.53998887287725
2026-06-04,102.68412017822266,103.26716471774179,101.22650512251803,102.03305389932318,12866999,12601,65.39644276947888
2026-06-05,103.83078002929688,105.7256840933878,103.02423123402454,103.19914534126657,24442790,10699,65.71911465129901
2026-06-08,102.72299194335938,104.11258527511401,102.03305503232225,102.55779734786042,13314436,11535,68.35786671669109
2026-06-09,106.55166625976562,106.87234336399122,103.00480133481352,103.00480133481352,38219915,15741,76.43468674263107
2026-06-10,104.14173889160156,107.37764620823286,103.90852255036557,106.89177450593316,27530407,8583,76.51073401297785
2026-06-11,103.16999816894531,103.8210644876363,102.14967201588048,103.10197642540766,27004122,4378,45.4812262201846
2026-06-12,106.87999725341797,107.5199966430664,104.37000274658203,106.0,29965493,12584,48.079991974988246
2026-06-15,107.95999908447266,109.4800033569336,107.69000244140625,108.05000305175781,18982668,10012,52.32737834977309
2026-06-16,107.97000122070312,108.69000244140625,106.9000015258789,108.08999633789062,11865685,6398,51.03131826624261
2026-06-17,108.87000274658203,109.19999694824219,107.43000030517578,108.30000305175781,22022581,4740,70.32428658619662
2026-06-18,109.58000183105469,110.19999694824219,108.81999969482422,109.1500015258789,17436034,7864,57.300934553785645
2026-06-19,108.7699966430664,109.4800033569336,108.30000305175781,109.0,13771644,12054,52.150104115998374
2026-06-22,109.80000305175781,109.94000244140625,108.62000274658203,108.9000015258789,13513267,5658,74.18632860273297
2026-06-23,107.43000030517578,109.86000061035156,107.11000061035156,109.80000305175781,15817094,8011,65.03415659779091
2026-06-24,107.70999908447266,108.2300033569336,106.54000091552734,107.5,11005634,16840,60.147122031737496
2026-06-25,107.87000274658203,109.0,107.54000091552734,108.5999984741211,17863177,12343,76.60569688208949
2026-06-26,107.87000274658203,107.87000274658203,107.87000274658203,107.87000274658203,0,8791,76.76716647490271
2026-06-29,106.95999908447266,108.25,106.11000061035156,107.55000305175781,13574053,14858,45.54446819277028
2026-06-30,106.69000244140625,107.69000244140625,106.2300033569336,107.05999755859375,11179354,6254,64.80124330985595
2026-07-01,107.54000091552734,108.18000030517578,106.26000213623047,107.1500015258789,20515763,15246,46.776460573323014
2026-07-02,106.91000366210938,108.30000305175781,106.12999725341797,108.26000213623047,13244182,5768,46.00355966173191
2026-07-03,105.3499984741211,107.01000213623047,104.11000061035156,107.0,27733618,9156,66.46011462044432
2026-07-06,104.29000091552734,105.63999938964844,104.1500015258789,105.30000305175781,12228191,16212,63.87341639963384
2026-07-07,103.79000091552734,104.75,103.13999938964844,104.75,17632716,13009,67.1957472873289
2026-07-08,100.94999694824219,103.25,100.44999694824219,103.25,29044983,13891,46.43982460354935
2026-07-09,103.44000244140625,103.69999694824219,100.80000305175781,101.19999694824219,13282752,5581,65.28635018111302
2026-07-10,105.41000366210938,107.55000305175781,103.70999908447266,104.0999984741211,27098775,5351,56.175189529778784
2026-07-13,106.33999633789062,106.44999694824219,104.0,104.5999984741211,11968478,9331,72.78176792935659
2026-07-14,105.0,106.30000305175781,104.5999984741211,106.0,9414016,7536,59.52167371884555
2026-07-15,105.70999908447266,106.93000030517578,104.87999725341797,105.5,11898610,8748,74.85254346018573
2026-07-16,105.22000122070312,106.08999633789062,104.9000015258789,106.08999633789062,11650044,11792,76.26743655849624
2026-07-17,105.7699966430664,106.0999984741211,104.58999633789062,105.25,14161891,12670,76.73096863929905
2026-07-20,111.76000213623047,111.94999694824219,107.4000015258789,108.26000213623047,118992976,6669,71.28915560511375
2026-07-21,112.08000183105469,113.37999725341797,111.30999755859375,111.69999694824219,28685665,11412,46.54988192524558
2026-07-22,110.7300033569336,112.81999969482422,110.3499984741211,112.08000183105469,20951785,10860,75.49872296292054
2026-07-23,110.1500015258789,111.0,109.55000305175781,110.0,10137716,14935,51.03423430176714
2026-07-24,110.37999725341797,110.63999938964844,108.70999908447266,109.0,11902256,16391,62.87719549987736
2026-07-27,111.62000274658203,112.2300033569336,110.76000213623047,111.25,12850732,5073,49.99837657197674
2026-07-28,111.6500015258789,112.33000183105469,111.18000030517578,111.62000274658203,15684441,11076,66.41366961199274
2026-07-29,111.08000183105469,112.30000305175781,110.88999938964844,112.30000305175781,8304814,13430,53.39254357087786
2026-07-30,111.63999938964844,111.9000015258789,110.31999969482422,111.05000305175781,10292180,5718,77.30940703587386
2026-07-31,112.70999908447266,113.0,111.69000244140625,112.0,11559072,11627,53.60907020622377
2026-08-03,113.0,114.47000122070312,112.66000366210938,113.01000213623047,12088257,9828,72.57531585041903
2026-08-04,113.98999786376953,114.0,112.63999938964844,113.48999786376953,7961139,4849,51.702960758962675
2026-08-05,113.55000305175781,115.19999694824219,113.30000305175781,114.16000366210938,10371553,16876,60.27283979685265
2026-08-06,114.30000305175781,114.8499984741211,113.19999694824219,113.55000305175781,11910351,17715,66.20093991151974
2026-08-07,114.80999755859375,115.37000274658203,113.5999984741211,114.01000213623047,11202537,10697,68.56176984642696
2026-08-10,113.5,115.19000244140625,113.19999694824219,114.80999755859375,11103321,8517,47.583965647615926
