Date,Open,High,Low,Close,Volume,No_of_Trades,Delivery_Pct
2021-08-10,1767.882568359375,1808.7020109236103,1754.0653316663916,1777.7590311775316,441811,15180,66.44621333000501
2021-08-11,1758.0548095703125,1792.7925822888071,1746.621493387968,1779.6078506403237,286015,4899,62.83764493165911
2021-08-12,1760.87646484375,1787.0027817851792,1755.4274194040554,1770.3636835327811,161242,6360,58.37873946048491
2021-08-13,1849.034912109375,1865.3334700769226,1766.228530907926,1772.8938875744145,562355,15695,75.46658287726007
2021-08-16,1869.3714599609375,1903.379444979004,1850.0077781977081,1866.306334560528,548973,7426,49.46655708715765
2021-08-17,1869.0308837890625,1892.8705628232071,1860.4680127871318,1877.9828790162994,183084,11346,62.72417424391781
2021-08-18,1853.5108642578125,1896.470966605789,1839.0611220548699,1896.470966605789,166172,15148,70.34088445194251
2021-08-20,1832.200927734375,1853.8512486134396,1815.2212853885278,1821.5460982296029,196888,7892,54.62540503970309
2021-08-23,1780.92138671875,1863.0952559439086,1761.898247765381,1844.8993029470018,247602,17155,69.78904487633123
2021-08-24,1777.7103271484375,1800.8689213733398,1763.6011285209008,1780.6781716132443,136045,9264,76.77853013533243
2021-08-25,1814.102294921875,1840.6665569322927,1777.7102703512944,1778.732018421038,229701,7910,48.53652379850979
2021-08-26,1807.19384765625,1831.6660347013426,1782.673079467234,1830.0604813458028,187893,5864,54.59445553419593
2021-08-27,1843.488525390625,1858.6193537191896,1800.1878802423873,1805.9774695534593,336353,6935,70.61526756917894
2021-08-30,1978.7420654296875,1992.8025633474404,1851.0294988089104,1854.6297293653424,1745651,7537,69.08329409312239
2021-08-31,2011.777099609375,2067.046283400967,1984.0452266522445,1997.0355147985047,1444108,9546,62.2076626271557
2021-09-01,2069.3330078125,2105.676455711432,1975.6285307049857,2029.827390597535,939984,14912,50.22726840044355
2021-09-02,2152.47998046875,2162.1130624554535,2053.229065810579,2077.4578705411313,873118,10880,77.91053298163817
2021-09-03,2172.13525390625,2188.385109161141,2141.678801806879,2160.166715134608,573821,16757,71.73602425051973
2021-09-06,2263.990966796875,2301.404618730405,2151.5067489712806,2185.466032637637,1155548,11056,75.99750173001709
2021-09-07,2340.56982421875,2435.53941459432,2269.586012244386,2281.213889624162,2044422,13365,69.47183899286358
2021-09-08,2341.8349609375,2383.967993809599,2320.7685632817434,2340.1808265763616,696056,6878,70.15377292179201
2021-09-09,2319.79541015625,2360.8092932513755,2292.4039631344986,2345.0459612727773,500919,6049,78.61166233941552
2021-09-13,2376.5244140625,2415.1056809437473,2312.8869179670255,2327.5313411834986,1088121,8110,68.08043229836346
2021-09-14,2396.569091796875,2422.6955318100304,2372.3889858053217,2393.6986470290217,495313,8296,61.12013788763531
2021-09-15,2386.741455078125,2421.235967450999,2357.6958702776606,2407.3213301968353,341663,17562,53.87117006647337
2021-09-16,2376.4755859375,2414.959688457079,2364.5070459704702,2384.941057478857,269835,7043,57.49553191433983
2021-09-17,2438.215576171875,2504.38285510221,2376.6702762844675,2388.8333790290144,2205385,17344,52.22429372591352
2021-09-20,2415.73779296875,2556.1973825378354,2396.3255307048353,2461.617153847941,1756303,3625,55.391054555607276
2021-09-21,2348.451904296875,2465.2176919561352,2288.609438121504,2436.1236448886107,1181038,17405,69.46704427303402
2021-09-22,2337.212890625,2408.926489750286,2306.1240506192735,2383.675938480304,705246,5358,72.99724341478652
2021-09-23,2361.247314453125,2390.77942228417,2348.3059634692936,2358.3768697813866,370665,16059,62.1071246655747
2021-09-24,2344.705322265625,2381.7298509795246,2318.7736847267142,2376.183524172319,336516,14939,69.97750696262288
2021-09-27,2311.9140625,2361.5882257620847,2296.4426895433594,2361.5882257620847,309964,7750,62.47690309654719
2021-09-28,2285.68994140625,2339.304985673339,2258.444595148534,2318.7735761477625,347504,9877,67.57674163219451
2021-09-29,2275.035400390625,2291.528519932799,2242.876109743143,2276.835397031284,328673,12143,68.28028284685168
2021-09-30,2324.612060546875,2358.668746239274,2269.148315276397,2290.506674934227,571923,9788,71.66745410744767
2021-10-01,2283.50048828125,2322.6656718983036,2269.1480296886652,2322.6656718983036,313918,14384,53.217118434652335
2021-10-04,2369.956298828125,2412.3810579528977,2294.4476632327,2295.226149307409,897779,6567,76.67023534799347
2021-10-05,2383.189697265625,2403.0884862228427,2345.2895159033815,2385.9142798444523,440162,14169,45.079553640402665
2021-10-06,2311.718994140625,2451.108132690828,2286.663005884655,2393.5037334164003,943797,14115,77.40364290578614
2021-10-07,2354.43603515625,2382.9463955707683,2327.823308822966,2348.938407726615,303313,14730,69.8818317386881
2021-10-08,2461.617431640625,2539.558451436739,2375.551364192603,2380.2705055178226,2240290,17943,50.340822885758755
2021-10-11,2467.698974609375,2576.631674830359,2422.8900567702394,2471.5424675487584,1039290,15624,78.49275209832146
2021-10-12,2485.700439453125,2520.0003900573097,2428.4851551884913,2463.7581540367664,675128,3769,73.95146275484862
2021-10-13,2464.925537109375,2509.3937902514513,2438.458674822935,2507.5450937824035,437183,3077,76.09509623990121
2021-10-14,2494.068359375,2539.65576184851,2467.6501961869044,2490.030304433079,524489,7565,56.299835764508764
2021-10-18,2418.99755859375,2548.8507790600493,2399.536596738611,2515.329319776687,938163,17448,66.19678253490324
2021-10-19,2309.48095703125,2453.0542511760605,2296.4909074798493,2453.0542511760605,966581,8188,69.11208792289932
2021-10-20,2232.318115234375,2335.169485381917,2199.137318874032,2325.48746712168,808017,3888,50.44225092777731
2021-10-21,2161.237548828125,2241.2707668621483,2082.32324124997,2238.302922207124,1340525,12830,48.087704007357644
2021-10-22,2198.06689453125,2256.6443409481794,2063.932360354657,2185.4659695121154,1953067,5047,45.963237062939456
2021-10-25,2274.59716796875,2335.072007956294,2169.897105007828,2206.8729301155845,1601768,13319,65.89019057791542
2021-10-26,2236.74560546875,2309.821612329609,2230.323630586693,2280.8247316253296,454181,5612,50.97784121328929
2021-10-27,2226.431396484375,2257.4715350673246,2211.738275520702,2257.4228351514384,303551,16623,59.500419148225845
2021-10-28,2207.89501953125,2260.098959344865,2199.088885993362,2244.238226504565,298481,15380,59.93278933937291
2021-10-29,2200.451171875,2248.957721155422,2137.2030369371514,2179.6280347812417,366948,7706,73.56789136742907
2021-11-01,2269.440185546875,2281.797849201008,2218.5497211847755,2218.5497211847755,348745,12237,70.1317328842755
2021-11-02,2306.951171875,2345.045909783563,2281.846483502962,2282.770831681427,486594,15055,45.81870659009044
2021-11-03,2274.548828125,2325.5851578211323,2255.6715508347834,2325.5851578211323,245311,14173,67.76814210164383
2021-11-04,2274.548828125,2274.548828125,2274.548828125,2274.548828125,0,13504,68.09394914942345
2021-11-08,2313.908447265625,2344.072939219046,2255.7201217272336,2344.072939219046,672544,16763,59.83028799207875
2021-11-09,2406.445556640625,2413.1594940797554,2302.7185252982827,2306.124193939121,798194,10035,72.68618894642448
2021-11-10,2410.337646484375,2431.647305760323,2382.0218505407247,2403.428909655061,324456,16091,64.03230799453704
2021-11-11,2432.03662109375,2448.1406166140932,2392.7255681100014,2407.321291380294,434325,13690,52.849139872616476
2021-11-12,2449.599853515625,2455.000317898264,2413.0133880642625,2446.2428851352497,252131,7331,68.5236924024916
2021-11-15,2453.297607421875,2466.677019262054,2427.803793827614,2466.677019262054,301253,4473,68.24775830956352
2021-11-16,2464.244140625,2472.271786887648,2443.0316460188615,2456.946280386229,199472,17437,53.34715078016623
2021-11-17,2434.615234375,2475.2886956122106,2416.4192810101026,2456.9466424846732,251932,13344,58.159980951762876
2021-11-18,2426.830810546875,2441.183270904431,2398.61241391168,2437.4856403849435,235301,7804,77.53980299108778
2021-11-22,2303.9833984375,2432.620313081114,2274.0134686682254,2422.8898318287893,407240,8271,63.874364353358466
2021-11-23,2309.57861328125,2341.835066235881,2262.9694617497826,2296.3937625982803,252818,5559,71.69404048464497
2021-11-24,2283.50048828125,2345.045776822334,2267.201933608315,2309.578223270058,264525,9549,59.520128812950446
2021-11-25,2283.841796875,2297.026411504647,2240.054622667133,2271.0947689146824,293501,10479,58.61771439533154
2021-11-26,2193.980224609375,2292.1122214638985,2174.8112243668365,2275.9595278240727,503119,8136,57.55865621005636
2021-11-29,2154.7177734375,2247.741273548866,2084.2691809271305,2145.5712156602813,496336,5330,49.315296049235045
2021-11-30,2243.80029296875,2267.056285865033,2166.297104262068,2168.924286706932,485919,15268,78.50975396435064
2021-12-01,2268.613037109375,2276.8839462943383,2209.792324594311,2261.3638759829055,279780,7112,45.968103669861705
2021-12-02,2297.902099609375,2306.075609733285,2241.124640252439,2268.6132528042576,174426,7602,45.07153441136032
2021-12-03,2301.161376953125,2321.0604008220143,2284.716958942377,2297.901808325731,117140,13519,63.92610154511153
2021-12-06,2273.235107421875,2343.1000141601985,2265.9372460820905,2296.4424015066265,248866,5950,47.55236321180111
2021-12-07,2267.88330078125,2302.9617344889202,2252.606492169368,2281.797936992297,167033,3862,49.508117856538114
2021-12-08,2315.611572265625,2337.942982084524,2285.4957764489845,2285.5444763735923,204513,8162,48.318505866030435
2021-12-09,2309.724609375,2333.3697296268774,2293.474750930171,2329.526236508463,94640,10173,75.63054337432929
2021-12-10,2405.034423828125,2422.7925530005627,2299.0208728012244,2320.6224947481815,469117,12198,48.50102050302606
2021-12-13,2476.699462890625,2538.9258435455054,2422.889853570301,2447.2160569194007,1479847,5402,63.04847098154808
2021-12-14,2484.970458984375,2501.3661780790458,2423.6684243995396,2466.677105913608,296437,15802,68.77098443839314
2021-12-15,2398.612548828125,2501.7069596492765,2383.968125686786,2491.00342928905,379146,10239,53.49149466225941
2021-12-16,2358.42529296875,2426.197996977127,2315.8544393050543,2403.4287668418,462193,4667,69.54984514430981
2021-12-17,2263.1640625,2370.588479808605,2253.044219526503,2364.5069290651245,333021,13241,49.8047872412175
2021-12-20,2220.35009765625,2238.0108272032035,2147.711908054365,2218.5498634883934,538244,16307,46.31135228007454
2021-12-21,2245.84375,2310.1136255268134,2223.9501674060452,2262.3368680419976,262108,7757,60.46201420967635
2021-12-22,2291.430908203125,2302.231837290722,2248.714191030794,2257.6661861657944,265518,12095,46.31380621429441
2021-12-23,2325.876953125,2359.641675150084,2297.366595888391,2297.366595888391,293296,10132,75.17807860417636
2021-12-24,2276.105712890625,2329.672066422332,2267.2511163756135,2329.672066422332,163106,5177,49.757230892205285
2021-12-27,2304.0322265625,2314.638356693475,2242.8760534644075,2270.1214024869687,178939,3718,54.00934788033408
2021-12-28,2331.76416015625,2340.2783319466416,2302.0374899931057,2320.6712680872674,202744,6292,59.01185701794838
2021-12-29,2337.699462890625,2357.9876116899195,2310.6002146530905,2331.4233498823983,184187,5432,51.89846089169891
2021-12-30,2345.77587890625,2356.7226708331173,2325.633829272932,2346.943489199665,192719,10077,73.0097011065354
2021-12-31,2400.023193359375,2411.7971706619956,2340.180733845245,2354.7764556779593,402745,12686,54.21764650331872
2022-01-03,2393.406494140625,2422.1114146507507,2384.454498646194,2403.4289376274637,187072,5385,45.190674586246935
2022-01-04,2400.899169921875,2432.6206380665058,2385.9143218156287,2403.4291904097076,258206,7721,56.507643863780615
2022-01-05,2395.595947265625,2412.1864664408404,2388.9791720520952,2396.6176953786967,118766,15946,62.95846119689389
2022-01-06,2374.091552734375,2385.9139923787425,2352.830356269086,2385.9139923787425,312518,10245,60.738720605558164
2022-01-07,2410.5322265625,2466.6770572367986,2362.9500295492744,2383.967964587833,713835,17255,57.54052846307264
2022-01-10,2453.6865234375,2463.563103694132,2413.548291322993,2418.3650692251813,273120,9242,58.906181360924634
2022-01-11,2409.65625,2466.4337023704434,2395.060528317169,2456.9464832766034,337933,16496,60.04629217637631
2022-01-12,2413.93798828125,2431.112193746603,2399.5368276107215,2417.1490948084192,216977,6960,66.58427020677465
2022-01-13,2612.7802734375,2625.138175598694,2416.0786752659983,2424.3495849477385,1933012,12804,59.97485604563441
2022-01-14,2621.294189453125,2685.5153642463633,2580.6694311558867,2612.780018552506,1636239,16128,63.24160708835856
2022-01-17,2629.90576171875,2666.005941382611,2619.1535326630255,2627.2298794341414,407860,12546,61.32883325819321
2022-01-18,2587.043212890625,2697.046359883141,2572.155527854843,2649.6102599302944,864192,17288,50.099896194877
2022-01-19,2583.0537109375,2629.565222403632,2535.3256517247332,2586.361979619326,480182,14385,73.836358597254
2022-01-20,2608.936767578125,2637.9336512418513,2566.1713470075883,2593.173434363531,586436,6152,49.19796184090651
2022-01-21,2443.177978515625,2625.2838399983198,2419.095037433357,2592.200203764093,1514400,15856,53.527728076004934
2022-01-24,2397.0068359375,2442.3022770666803,2313.2275286257586,2442.3022770666803,887506,16241,58.09327541193625
2022-01-25,2408.975341796875,2448.724455140485,2325.5851599339558,2346.992219983557,585589,16922,62.706371416399506
2022-01-27,2421.96533203125,2437.4367012298626,2316.048955204768,2393.698238250368,581542,6282,50.60476956483289
2022-01-28,2446.291748046875,2510.9507500765476,2425.176650712388,2430.6742777334684,339531,10574,71.47645059130758
2022-01-31,2455.8759765625,2484.143071057297,2422.889741372856,2470.6177976457484,248282,17626,74.96935825661697
2022-02-01,2470.95849609375,2515.280888973052,2426.1011167546485,2481.1755021608283,299629,6256,76.7300891543453
2022-02-02,2432.522705078125,2476.2127046985806,2412.4780579500293,2432.620104906544,417344,9806,71.1119734123168
2022-02-03,2427.609375,2454.806024433719,2414.132562526752,2436.512670925831,255814,14782,61.13665125861468
2022-02-04,2429.896240234375,2448.870682654308,2408.2946148376536,2422.987739633237,212422,12399,71.6389661678079
2022-02-07,2336.28857421875,2438.556028322695,2322.6659003165996,2429.8957573771227,279580,6372,50.87759804398025
2022-02-08,2304.90771484375,2369.3721522509895,2260.390763728562,2335.3154683377306,342707,7318,57.513088650766484
2022-02-09,2375.01611328125,2382.751799021697,2306.270114858875,2306.270114858875,247301,14666,62.14183594568804
2022-02-10,2351.5166015625,2391.75223561963,2345.045926705984,2388.8330913125274,129427,4343,58.49026388816877
2022-02-11,2302.961669921875,2345.046001695033,2286.663113686028,2345.046001695033,243601,16864,75.57911099078129
2022-02-14,2228.42626953125,2281.8467589506067,2192.277623449782,2192.277623449782,456213,13121,57.18446089190495
2022-02-15,2330.207275390625,2348.159967926925,2203.5164419106345,2220.496086205828,333371,10206,51.94370344843838
2022-02-16,2321.01171875,2366.7936801227374,2300.2857463658074,2349.9112002848665,289019,17191,48.66420240245124
2022-02-17,2324.757568359375,2351.8570505820685,2296.685275682924,2337.2126304546255,213203,16553,75.40824783276243
2022-02-18,2316.049072265625,2365.4312640262838,2288.6091629767434,2299.507254335946,185219,14225,55.447866397649214
2022-02-21,2316.77880859375,2349.181357589862,2274.9864405281546,2310.0161718622066,338514,13503,58.20357682695122
2022-02-22,2309.62744140625,2334.3427721479743,2218.5987293112003,2239.9570910732127,280218,7334,72.41001431196152
2022-02-23,2320.37890625,2352.2462294595825,2315.2219417026954,2323.6387121979506,180733,6484,68.33373077115932
2022-02-24,2221.1279296875,2295.3228399384225,2201.6185072699577,2255.5252716280484,411460,9712,68.82193394382878
2022-02-25,2269.4892578125,2348.938555092865,2248.08219558713,2257.4720164935575,411506,4755,61.04211625378696
2022-02-28,2310.84375,2323.5418397154695,2228.4263725180126,2242.8762341702077,219676,12501,59.93146961671671
2022-03-02,2277.711181640625,2324.6120554652275,2246.8656024644843,2286.663177205226,239565,15804,74.81998365719156
2022-03-03,2253.920166015625,2329.7205214976752,2233.1454930926866,2329.7205214976752,352076,4415,60.31672577139341
2022-03-04,2194.466796875,2259.417759602594,2189.35829418856,2233.4374220236723,321987,16322,75.2584088489663
2022-03-07,2142.7978515625,2177.633022244157,2103.730064037651,2160.166855764841,432285,3447,77.59122774493633
2022-03-08,2178.07080078125,2206.8731199458666,2116.379645450732,2140.705848272005,261245,13882,55.0402659450757
2022-03-09,2185.660400390625,2192.228474481687,2130.537325450599,2189.2606305284303,810023,3369,66.25346740967255
2022-03-10,2251.730712890625,2271.7266613829192,2223.512317869612,2244.043490331316,270388,14180,59.69181336135847
2022-03-11,2281.603515625,2291.382697756079,2238.983956042194,2251.633582912489,181223,12327,68.40127721105411
2022-03-14,2277.078125,2323.3466037503413,2267.2017830722066,2286.6140426726693,171285,4111,68.2849117088569
2022-03-15,2331.0341796875,2348.93817013572,2257.2770844138736,2278.87870524352,296426,7290,69.54174926076718
2022-03-16,2353.317138671875,2374.480937624165,2313.470861260029,2366.45328974571,305418,8216,78.73176684869475
2022-03-17,2372.145751953125,2405.3752543955525,2356.7228422920825,2382.022096585887,276468,16915,76.99890533454288
2022-03-21,2372.680419921875,2393.406392207756,2353.0735955004993,2383.96787303886,156630,8121,51.519771017816865
2022-03-22,2360.517333984375,2372.242611316167,2310.016231693981,2364.5069262916486,184847,13571,67.77934966962675
2022-03-23,2348.938232421875,2383.967965796849,2345.046039824656,2383.967965796849,100890,15658,72.2547222059283
2022-03-24,2340.76513671875,2374.0433417947324,2330.645291640962,2335.3159710952777,171484,14268,53.219655230593474
2022-03-25,2380.95166015625,2430.67452059376,2344.4623508999384,2344.4623508999384,459704,11135,56.98498918643255
2022-03-28,2288.755126953125,2393.503903567176,2278.8787831860104,2387.860176745717,303521,15850,53.52337416207956
2022-03-29,2287.441650390625,2330.3529314917346,2273.2837522226114,2293.961025517306,238300,10387,73.75952944460703
2022-03-30,2298.680419921875,2325.585106569882,2288.8038385438144,2315.8546249524347,182382,3413,57.83601944128547
2022-03-31,2300.6748046875,2321.400776478018,2280.8247187126917,2315.8544498874603,264676,11123,62.77570517760066
2022-04-01,2369.907470703125,2377.837718106272,2291.5283946602717,2291.5283946602717,214106,10396,47.581087339260726
2022-04-04,2402.650390625,2413.1593579216133,2374.237432793845,2383.967914075787,164413,11154,56.48337515832507
2022-04-05,2582.90771484375,2603.341726789529,2414.1325541656124,2415.1056023535066,1161280,10775,61.99995324724801
2022-04-06,2582.372314453125,2612.5368062176217,2549.1428161303375,2559.11655937505,392461,3344,72.7089627208857
2022-04-07,2539.996337890625,2581.885870774101,2500.733749944117,2575.6584576272676,227637,7951,65.22307544341591
2022-04-08,2616.76953125,2650.5829517988286,2532.9899971105465,2549.3859521706795,853591,15653,74.80783975423549
2022-04-11,2592.443603515625,2656.4215211026203,2579.550715180603,2615.5534977010416,310168,17298,56.689398641904404
2022-04-12,2575.026123046875,2601.93080995807,2496.939007302995,2594.1464245879633,278544,9860,60.875808152071144
2022-04-13,2547.294189453125,2588.308073870104,2529.925184985816,2573.7123516490324,149796,11490,57.63105268123454
2022-04-18,2499.225830078125,2570.5990170921887,2469.4991573405223,2534.7907925490463,251049,5278,62.04294010127779
2022-04-19,2533.914794921875,2602.903814072497,2472.612761169887,2520.194720915053,297642,3647,46.612607883052036
2022-04-20,2547.342529296875,2605.920215041933,2522.1893784153253,2547.2453670230907,285429,15623,77.97318943299932
2022-04-21,2669.94677734375,2680.8451068909344,2549.580766285249,2549.580766285249,1237606,9269,50.273841368623934
2022-04-22,2452.178955078125,2743.9960260910084,2409.510694896404,2684.4455215475373,2371341,16632,71.65250050005477
2022-04-25,2482.099853515625,2542.5746982135433,2418.121940615686,2432.6202623550935,1166076,5348,73.67999816650925
2022-04-26,2450.183837890625,2542.331446282422,2422.889790926507,2517.226757563117,441997,12348,46.51705141583078
2022-04-27,2437.728759765625,2473.8774017637666,2383.9678520809425,2455.9734116948157,311061,15968,56.16187535094964
2022-04-28,2452.762451171875,2471.5423281855597,2403.4289569363514,2458.892702096421,234509,10518,72.03050226857532
2022-04-29,2419.1435546875,2480.3971255655033,2400.02325363071,2471.542292407056,210478,10803,60.27852748446446
2022-05-02,2400.752685546875,2437.4852476623455,2379.151067391079,2413.1590475858748,173852,3990,77.32661309559418
2022-05-04,2362.852783203125,2436.7070400460234,2345.045955201307,2408.294082623749,193279,11242,61.79917494777435
2022-05-05,2382.265380859375,2470.569509650548,2371.172725820595,2406.056363087685,410414,10174,60.54979258056274
2022-05-06,2353.268310546875,2381.3408454106784,2311.0381147899243,2346.943497411444,377674,5828,78.93996535036584
2022-05-09,2372.194091796875,2392.5796414638344,2315.854696515135,2350.446607246209,242815,4248,73.34856621681251
2022-05-10,2329.039794921875,2436.610331488394,2301.259218576617,2369.372599253303,816343,14246,51.33621165738982
2022-05-11,2362.9501953125,2385.476404074068,2303.2538297315155,2361.8312848871074,597024,6951,73.29186968517101
2022-05-12,2366.1611328125,2384.0653612632195,2318.5791734230006,2359.5930578167395,377134,3891,63.84589455747228
2022-05-13,2472.2236328125,2497.085063027142,2380.124711289049,2399.4395764491637,586359,14614,61.74458287532614
2022-05-16,2503.06884765625,2524.0867817264666,2456.946462551784,2481.3213650686203,326883,11400,58.23357312249789
2022-05-17,2532.94189453125,2559.0193965525295,2503.6530483391102,2529.5846881528955,289065,9337,76.6503535174155
2022-05-18,2491.87890625,2556.4407458697056,2487.11106535083,2548.4130986517307,233556,15048,70.31523856606498
2022-05-19,2449.94091796875,2481.2730239353414,2415.1057432970656,2415.1057432970656,177771,13487,71.16929885195721
2022-05-20,2487.64599609375,2500.2469206080546,2452.85952891658,2471.5420036366836,159377,6807,46.0711213773158
2022-05-23,2474.65625,2520.4382174546918,2464.925767546744,2509.4914246947787,170159,5126,59.29625540262377
2022-05-24,2459.817138671875,2500.441900840107,2442.3509710721432,2474.6561236554808,98846,6736,54.67997599083164
2022-05-25,2377.788818359375,2476.4073351589886,2370.7342198603956,2476.4073351589886,168247,16933,78.04093697383429
2022-05-26,2344.0244140625,2403.429054189298,2301.258993181251,2373.4104221926955,230882,12528,56.5827841844986
2022-05-27,2334.5859375,2373.2159042501494,2310.0164699906218,2359.6419291184743,213946,9676,78.14342636523867
2022-05-30,2368.54541015625,2403.4292865254106,2335.3159059356217,2359.4962510692444,317334,17667,46.52554594588436
2022-05-31,2375.989013671875,2419.192256389264,2364.6043978601856,2373.2644313472238,398529,15160,46.909505891331
2022-06-01,2426.490478515625,2444.0540477002837,2379.1030742021276,2383.9196157359347,211318,6919,65.74631849187239
2022-06-02,2472.564208984375,2481.1755431324686,2421.5278777281824,2429.701387692576,440698,9202,65.91398917463361
2022-06-03,2387.71435546875,2501.414892001183,2376.670163675745,2500.7338057918787,276607,13134,70.08527301328897
2022-06-06,2389.173828125,2410.142825340398,2363.825876751001,2389.9520765828515,151375,14964,55.562156247422976
2022-06-07,2353.268310546875,2383.870628128497,2336.2886674107967,2383.870628128497,170547,12099,49.41408382583245
2022-06-08,2251.730712890625,2376.572594607544,2208.283972502964,2376.572594607544,789003,14219,60.875693866074016
2022-06-09,2257.56884765625,2272.067168396097,2204.051205574115,2204.051205574115,240954,7418,65.05840790084387
2022-06-10,2269.4892578125,2277.662768365213,2233.1458094192735,2245.795437097901,125331,15813,53.85870962318259
2022-06-13,2172.232421875,2226.966375949351,2162.891302915983,2199.137343614109,318676,16568,48.657376568062524
2022-06-14,2093.51318359375,2178.3142384417856,2075.9983161502514,2169.897466611231,840356,16901,69.83279600417082
2022-06-15,2158.8046875,2167.951244945466,2095.9456829499704,2100.8109236253417,502633,16355,45.238611211448806
2022-06-16,2078.236328125,2220.836584890708,2067.824760222492,2202.981055954474,502532,7354,63.04148772770344
2022-06-17,2077.701171875,2127.277930220289,2026.4215791773954,2063.835235006147,485919,15867,63.57061748818643
2022-06-20,2024.134765625,2092.053575735412,1988.7644882285092,2053.1316487449853,319006,8006,52.38334663402789
2022-06-21,2073.165771484375,2099.518025138402,2037.8496569937386,2051.368753922401,388709,6731,54.87254999296749
2022-06-22,2082.178466796875,2132.6299916520784,2038.6334606539538,2072.9209047303057,459617,4240,72.71031136822803
2022-06-23,2140.76123046875,2148.0104806903514,2087.1748971992,2087.1748971992,308775,14543,48.00400458343369
2022-06-24,2175.979248046875,2199.2947592529595,2138.8509377569826,2199.2947592529595,470361,16543,69.08936200462068
2022-06-27,2214.283447265625,2241.0764953639014,2176.7631347772226,2204.193093271265,269689,3109,47.722230700547655
2022-06-28,2192.43701171875,2240.7824007417603,2182.101749195863,2219.1322344932523,223020,8570,66.53689192808757
2022-06-29,2174.754638671875,2198.5599699051404,2156.190484019701,2165.0072556490413,156190,12691,53.926165101807285
2022-06-30,2156.38623046875,2193.4167168453373,2142.2304625107377,2169.9053272945166,150803,4099,70.47743931343582
2022-07-01,2132.5810546875,2171.6688861400266,2112.3515574689945,2157.6599676871697,409500,13332,73.71584657126898
2022-07-04,2106.572021484375,2153.3008693470388,2090.1139978074525,2137.7244272793055,250242,3727,51.85278646336491
2022-07-05,2135.470947265625,2194.396269274716,2116.0249739434757,2125.821385859881,445118,15422,54.58828505299493
2022-07-06,2170.248291015625,2179.7017332016467,2135.7159377143403,2143.308157234481,217597,5383,48.873068898556056
2022-07-07,2204.731689453125,2218.201756802112,2166.7705905605258,2196.649649043733,215276,6672,49.52240387465326
2022-07-08,2159.1787109375,2207.866841482449,2152.272191120107,2188.5679534197957,214749,14345,55.604835279413535
2022-07-11,2200.813232421875,2204.1929471067238,2155.259911515003,2159.276297383141,167208,11651,66.05154833880269
2022-07-12,2169.268798828125,2194.3965023950445,2160.2071168427883,2194.2984425973777,149416,14447,66.2211420484295
2022-07-13,2167.162353515625,2202.919259604253,2157.3169109914224,2192.5839964486995,208050,4720,62.270517690361146
2022-07-14,2101.526611328125,2188.518812496877,2090.0158252731394,2174.1181322451166,247937,13401,77.86549758834414
2022-07-15,2112.645263671875,2121.9028251163872,2061.1650711195193,2116.0249779554,518757,11445,52.56838270079901
2022-07-18,2109.46142578125,2139.5363625303958,2090.5543029486557,2139.5363625303958,337959,8671,54.12387540606517
2022-07-19,2204.9765625,2213.9892141216715,2088.595134737789,2115.5842988767245,2189907,14772,51.57702065471727
2022-07-20,2154.231201171875,2243.378558746518,2147.912562672335,2242.398917454489,845808,7852,74.60113243101432
2022-07-21,2184.30615234375,2202.2826658139097,2153.7904216067063,2155.210853653476,727176,11473,58.41985002841331
2022-07-22,2165.888671875,2202.233456708517,2153.2513958386658,2189.498120882356,257552,13423,49.601617630134335
2022-07-25,2177.0078125,2191.4575212341097,2159.1293593205082,2178.722184722691,281283,15437,47.267217025446456
2022-07-26,2162.607177734375,2193.416848473119,2158.1497620304963,2177.0078568643985,348502,17810,71.96928320700701
2022-07-27,2177.79150390625,2189.498168876714,2156.288426547076,2162.607064703749,379121,13393,55.91391401707709
2022-07-28,2225.7939453125,2253.174870359563,2177.7915241613614,2189.498189240706,673056,4577,46.48378329051423
2022-07-29,2270.269775390625,2288.442170080408,2240.6356248576917,2247.297233803277,491549,9342,64.75332093624225
2022-08-01,2294.61376953125,2311.512581254461,2241.762171425167,2288.44198176351,515788,15077,57.50164368149803
2022-08-02,2328.80322265625,2340.363037691957,2283.5438429719347,2295.2995384312494,384807,16234,75.54605513866123
2022-08-03,2307.789794921875,2338.6975231251367,2290.5480138497232,2328.6071707648507,200623,10463,51.13252291732729
2022-08-04,2326.403076171875,2350.1593766654714,2274.286209108629,2314.892291396627,271601,8969,75.60010527943678
2022-08-05,2312.58984375,2356.0370255228395,2303.185431973531,2331.5459961515003,169952,3577,70.23353393020216
2022-08-08,2312.394287109375,2333.505605217325,2297.601846800109,2307.055289792947,132693,17732,70.59382475822309
2022-08-10,2371.858154296875,2383.466997982259,2302.7446601798383,2328.607091740168,660830,16747,59.731513779729745
2022-08-11,2368.282958984375,2409.917716277792,2362.894931569933,2396.2517673061207,238979,17532,53.84594786371233
2022-08-12,2360.396484375,2390.3245714125906,2336.4443044340283,2365.9316007576563,168815,10869,74.2556470530308
2022-08-16,2390.226806640625,2396.202714474831,2356.72312069093,2375.6302463620054,256715,17152,50.63000624008654
2022-08-17,2407.56640625,2428.334752696691,2390.324624763941,2399.1413959208567,258779,15231,55.25153840636678
2022-08-18,2409.62353515625,2418.5873960972453,2385.4264441116275,2402.961926821195,172105,11884,53.397948214756816
2022-08-19,2370.6337890625,2417.754629329766,2354.616797965958,2409.8194394568236,180353,11693,75.21968158544179
2022-08-22,2297.454833984375,2370.633994606677,2292.4097767267695,2370.633994606677,175714,9748,78.74937780015026
2022-08-23,2350.8447265625,2357.35948345368,2262.970966727509,2272.767377838884,225646,14795,56.19109982013158
2022-08-24,2385.671630859375,2396.6435662983454,2339.824367205914,2364.658371442863,224219,17699,64.90564997259877
2022-08-25,2353.8330078125,2403.059980507361,2344.2815056478253,2403.059980507361,480148,10999,69.75240585429592
2022-08-26,2359.319091796875,2403.990589137421,2352.3145133819066,2369.7521754045424,248300,15567,54.00061854278039
2022-08-29,2368.625732421875,2375.630071810874,2295.4463384612477,2303.2346778679052,319794,17763,55.57017721994972
2022-08-30,2419.86083984375,2451.9931220298768,2380.6263974665017,2390.324750581504,569354,12198,50.54522839221952
2022-09-01,2432.89013671875,2438.572104088285,2391.402471198843,2412.8074900846996,367495,16808,60.620373564700294
2022-09-02,2423.09375,2492.109432444473,2415.8444999752496,2439.306861511969,343567,11629,48.35080197357956
2022-09-05,2447.9765625,2483.390496996177,2424.612023694492,2440.727073957327,242091,16612,60.144835256295494
2022-09-06,2443.47021484375,2468.451066995104,2435.7311445512264,2463.797771006127,116636,16740,47.12966271350578
2022-09-07,2464.3857421875,2477.3169594727306,2417.8037506851433,2441.070231486875,196702,13662,71.04426105118854
2022-09-08,2450.278564453125,2486.1825585630945,2439.3066306553055,2473.594073254878,148298,10634,51.544046858751564
2022-09-09,2477.21875,2500.0444386730264,2453.0706891581794,2467.7162778281167,202663,9170,75.92894391994407
2022-09-12,2477.21875,2477.21875,2477.21875,2477.21875,0,9556,59.39953766060786
2022-09-13,2584.783447265625,2604.8660929616435,2498.085196334032,2498.085196334032,555754,5452,71.37592838663484
2022-09-14,2591.396240234375,2598.9884605771845,2551.965676518494,2556.8638831912745,324717,8605,73.45886351729158
2022-09-15,2598.6943359375,2664.379330592477,2592.3266677147403,2601.584229835322,680793,15326,57.236214729349136
2022-09-16,2546.381591796875,2617.5524341385926,2537.27088018456,2610.5971246487197,412572,7000,76.97029289075505
2022-09-19,2532.37255859375,2560.782154028651,2518.951521687858,2528.4539937061772,172011,17691,58.07736902202769
2022-09-20,2569.697265625,2615.348408051712,2547.80218625497,2560.7824338634978,231658,8818,72.92329593652116
2022-09-21,2551.426513671875,2600.4085744045806,2542.168952027437,2570.5785472524067,201665,16757,67.26209073986894
2022-09-22,2551.81884765625,2584.2448326032654,2532.3728713320797,2536.732227473824,165078,16165,77.27364514337972
2022-09-23,2528.25830078125,2584.7345257433494,2507.8817140207834,2555.8841374532126,191261,13809,50.38421129127575
2022-09-26,2444.25390625,2518.657610062893,2401.1987218933546,2498.0361142740358,375161,3102,48.05821178631674
2022-09-27,2449.7890625,2470.655470973117,2419.714121056146,2455.96085080476,172204,16419,61.497534811934784
2022-09-28,2463.210205078125,2477.513064980597,2418.6855519223122,2444.1071980527704,243415,8924,63.495773200519224
2022-09-29,2533.940185546875,2553.9247716361197,2468.695981788654,2475.504440729779,419989,16499,62.89390847878191
2022-09-30,2508.6162109375,2546.0874869575564,2476.631021323107,2541.1892809418628,226182,17838,64.96172005190577
2022-10-03,2491.080810546875,2528.60087851811,2479.4719662418966,2498.0851497103263,160643,15876,69.1575771746617
2022-10-04,2580.228271484375,2610.7440015757884,2508.0775479762096,2521.5966454244203,355302,7360,61.801814136627144
2022-10-06,2589.142822265625,2645.0314040254684,2576.456515772956,2596.0493409879596,282347,16801,45.09596638305236
2022-10-07,2551.86767578125,2624.4101661182085,2544.1286047272315,2599.9681620893616,239419,6255,66.72240728506787
2022-10-10,2561.125244140625,2575.427863148364,2524.6336069150807,2532.2746174677345,155471,17123,77.53221551982028
2022-10-11,2532.323486328125,2590.1713473470563,2502.983280057386,2556.8635463599912,204428,12376,59.668749098167744
2022-10-12,2523.310791015625,2541.140212810423,2491.423422499234,2527.4742660663155,136019,6172,49.11729537247634
2022-10-13,2522.1845703125,2545.1080809159344,2516.1596328543787,2528.552238721258,136687,11860,60.113463695462684
2022-10-14,2518.118896484375,2570.1869743522984,2510.624736312427,2547.067344327996,151383,17820,76.07089839937846
2022-10-17,2565.484619140625,2571.411496689199,2499.3098031716463,2517.678077080306,223353,13867,71.32852672973195
2022-10-18,2693.0830078125,2713.606445550394,2559.6559083960205,2583.3141505113317,1315807,4393,76.29060773124665
2022-10-19,2651.5458984375,2804.223083194079,2619.5607072352727,2734.178733692463,1293572,13281,67.51925717989765
2022-10-20,2595.314453125,2653.74995512754,2576.7503001902523,2643.071961699066,483384,9589,65.83141218562827
2022-10-21,2643.170166015625,2698.813597968327,2596.0493259778973,2596.0493259778973,674894,9530,59.64215439885663
2022-10-24,2643.170166015625,2643.170166015625,2643.170166015625,2643.170166015625,0,17933,57.483278060003606
2022-10-25,2709.099853515625,2733.1010644634084,2639.7902341460044,2666.583518361929,478836,4762,53.64162445212984
2022-10-27,2718.6513671875,2745.787621626977,2701.9486749167854,2708.708103992834,362667,15642,68.7585583556835
2022-10-28,2696.756591796875,2737.607585768716,2687.2050892163616,2727.7621429670626,215373,15832,45.254096310527466
2022-10-31,2720.904541015625,2733.19908653282,2694.013436546686,2710.961277999734,174844,5978,60.99867705047893
2022-11-01,2717.280029296875,2735.6973333907804,2701.7038284473238,2725.656010163996,134708,9577,64.44470556229044
2022-11-02,2752.93896484375,2780.956802315893,2713.8513717712385,2716.496355506103,494169,17614,48.719409479605815
2022-11-03,2694.748291015625,2788.4508851723576,2674.0777640322776,2753.771679012968,369760,15121,68.20277592524604
2022-11-04,2673.539306640625,2723.402955737649,2669.522681433487,2705.769411419923,284880,16123,63.396907259986364
2022-11-07,2693.425537109375,2708.7080361641415,2664.7222400334,2698.372773219235,162195,12700,70.31808421423099
2022-11-09,2631.904541015625,2716.055637134673,2624.4101412018135,2716.055637134673,181198,10279,53.457617509865266
2022-11-10,2654.926025390625,2681.0333707863647,2616.1321336201654,2628.279590266949,215103,12605,63.687113866004964
2022-11-11,2650.860107421875,2688.135503620629,2639.5942334088877,2680.2983738724643,199706,4303,49.78028804911118
2022-11-14,2640.52490234375,2663.4486508594177,2608.1479507014137,2650.8601652586826,111212,8395,73.4170786704561
2022-11-15,2571.50927734375,2642.0434480566405,2562.888386422573,2635.2349891343724,190072,15613,74.98249763788043
2022-11-16,2566.317138671875,2581.354727725388,2519.882238478797,2555.884054890147,311648,16291,48.132393054369956
2022-11-17,2517.776123046875,2561.1740399605164,2509.155232039048,2546.822391026804,491921,3116,68.09735397817597
2022-11-18,2476.04345703125,2538.152621571176,2449.1033205056874,2513.7596481670375,2617672,16352,49.074038238126526
2022-11-21,2473.447509765625,2525.417291028938,2465.610379119139,2473.643390197738,575210,17832,76.94546282481093
2022-11-22,2468.35302734375,2495.0972818169025,2457.234242444649,2485.8397196604888,210038,12594,50.81763378710471
2022-11-23,2474.867919921875,2490.24824084521,2451.0625879601557,2486.2806456565495,456732,14816,64.78538962647738
2022-11-24,2468.941162109375,2494.460867625382,2458.8998380694497,2473.3985781757833,321974,14378,51.510479378873214
2022-11-25,2498.183349609375,2509.7429254966305,2469.675692398717,2483.3416405618777,279414,10464,50.26400331357629
2022-11-28,2497.056640625,2522.086523642213,2489.121689607236,2508.8613661090335,213855,14076,51.07456305796639
2022-11-29,2476.729248046875,2513.5638589926934,2473.594443516865,2488.191004168922,195124,13541,73.61991385580885
2022-11-30,2512.780029296875,2521.5968013294955,2470.6554518076878,2477.463911265495,208781,7548,77.53984387197005
2022-12-01,2553.679931640625,2559.5577793781695,2507.8817013522585,2521.498619609475,323490,11750,75.09278162290582
2022-12-02,2619.854736328125,2653.8482410838187,2548.0469823030685,2562.741601578173,641932,9176,75.95769757379507
2022-12-05,2618.189208984375,2641.0146579760712,2591.7876868827,2635.1368106813406,238730,10184,76.11668173427898
2022-12-06,2651.693359375,2684.2174056532426,2606.140034790009,2621.8142970128015,541602,4424,55.41417714035836
2022-12-07,2651.5458984375,2677.3595410897533,2632.932714653854,2660.6566099130146,232833,11788,74.41868080257224
2022-12-08,2676.82080078125,2684.1681104720456,2641.210983315336,2651.546007610865,193532,5425,77.03905127022038
2022-12-09,2678.143310546875,2708.7080698664763,2652.917548232567,2686.176321003211,325548,13437,70.40213882547155
2022-12-12,2761.4130859375,2771.4053798760674,2662.175369322451,2663.987801488526,526556,11962,54.5861363951947
2022-12-13,2882.104736328125,2929.1275192457833,2764.400928505459,2776.9891758468953,2232195,7688,78.68299432193723
2022-12-14,2939.02197265625,2947.7406845962987,2875.737048731284,2880.1454346005708,774214,4348,53.17417808709985
2022-12-15,2920.751220703125,2963.414642984096,2904.6361707265605,2944.6546095899857,602308,6621,71.11032572245657
2022-12-16,2697.833740234375,2904.7341480426726,2685.1964647258937,2890.0395303955042,1907772,15858,53.3727225381736
2022-12-19,2674.420654296875,2709.051068693683,2602.90684192923,2708.7080985827324,811353,5484,56.544583833858724
2022-12-20,2658.20751953125,2679.269806545329,2616.96476613605,2674.910450788089,324378,16629,60.0614645593196
2022-12-21,2614.95654296875,2715.271715386593,2605.8458311386166,2661.685384663015,582721,8062,49.91004826314721
2022-12-22,2563.77001953125,2644.051567073905,2553.924577755343,2635.234796379698,347177,7540,58.7475622413765
2022-12-23,2462.719970703125,2552.0634414271267,2455.0789605127106,2537.270763316537,448226,13725,46.41557355405375
2022-12-26,2525.7109375,2547.0671638618082,2449.347952479033,2463.7976604278642,291849,13476,68.67289664989187
2022-12-27,2548.537109375,2561.7622683127524,2512.780198172929,2548.831049629892,207085,17152,50.76570483487732
2022-12-28,2548.68359375,2559.3127971113586,2527.474456094662,2545.15702870875,181789,16032,54.20374141303205
2022-12-29,2516.404541015625,2551.720657455594,2508.028560128023,2548.6836737797776,294022,13887,63.823782036529465
2022-12-30,2516.79638671875,2542.1689989788115,2509.155137269278,2537.074912402571,127701,6587,55.71004786194793
2023-01-02,2527.474609375,2555.884207697432,2494.215834345374,2517.874076590612,194548,17673,56.72999830719179
2023-01-03,2538.152587890625,2555.786131564274,2525.515310592607,2538.740468347844,132642,13322,72.70761123942084
2023-01-04,2543.736572265625,2555.884028130234,2512.779813014201,2541.1894093406772,177544,17990,48.82683197379165
2023-01-05,2594.53076171875,2601.8780709266434,2539.4749725549777,2547.067192069801,336238,17916,69.28800606552997
2023-01-06,2567.0029296875,2614.956318884865,2554.904265125892,2594.5307040726548,200467,7214,59.3606789515931
2023-01-09,2599.673828125,2604.865974366016,2561.7617611760556,2592.1306386508004,155269,6441,77.4615364374723
2023-01-10,2626.222412109375,2632.1002598360433,2577.240347720474,2605.845825489545,199227,8861,75.05155963155308
2023-01-11,2616.7197265625,2652.868391472454,2607.85392579536,2629.895852977092,188157,3435,69.9305027381926
2023-01-12,2622.548828125,2663.1549127662734,2613.4871459682636,2620.540515596756,263295,12793,45.440215060058314
2023-01-13,2609.470458984375,2638.5657574928236,2597.567912966903,2630.7286271648786,115048,5404,78.00165716139387
2023-01-16,2619.120361328125,2649.9300360948787,2610.7443793688917,2620.344913100812,151524,5778,54.44459871772138
2023-01-17,2662.028564453125,2677.898706765473,2601.192739890493,2610.98915356111,163033,11250,51.3459377651896
2023-01-18,2697.540283203125,2708.561247435319,2665.1140616607554,2676.036966098349,275059,16184,64.70879439493544
2023-01-19,2771.013427734375,2785.9529572945853,2667.4163620955396,2684.2661443228444,633130,3654,71.49217724305407
2023-01-20,2704.985595703125,2793.1533155055104,2695.336272093568,2791.9777937421945,479592,3460,51.454375201934624
2023-01-23,2743.436279296875,2762.6863732812985,2701.5566160338826,2705.7691212253753,354518,5685,69.21513945510209
2023-01-24,2759.9921875,2790.997735328989,2747.893523200356,2754.7019816002685,396428,14896,64.98946045561513
2023-01-25,2760.3349609375,2768.612881242052,2733.1989475361484,2753.134741620851,232210,12158,60.113765926686874
2023-01-27,2720.757568359375,2784.091276638274,2681.963680946499,2762.588200007718,270275,16422,61.18910473899614
2023-01-30,2761.804443359375,2809.6109821022715,2692.3479774406237,2723.402555873192,426921,9204,59.01060594711206
2023-01-31,2861.777099609375,2874.9041971410293,2777.429889426478,2789.038734304798,545851,12199,63.324838678140004
2023-02-01,2934.41748046875,2983.007785049308,2853.989072525066,2888.9622194122853,936089,15017,63.84310351742055
2023-02-02,2940.3935546875,3025.7204131786175,2920.408966525642,2938.9240926411794,716169,6564,53.91343742723768
2023-02-03,2889.10888671875,2968.312977173805,2865.4506462816435,2968.312977173805,378428,11650,69.61384635445863
2023-02-06,2905.273193359375,2936.964685820769,2880.145489097085,2889.9419023253063,255641,14991,47.708926171263585
2023-02-07,2926.580322265625,2933.046050509995,2899.19939578045,2919.8208929676152,186102,15110,50.47378794533713
2023-02-08,2918.204345703125,2949.503834867795,2911.1019468536515,2922.7595817109063,278608,8851,52.79137396803096
2023-02-09,2934.71142578125,2940.8341839713544,2894.938132080477,2909.5346919375893,172603,9898,48.475868679683195
2023-02-10,2924.229248046875,2942.8424325403057,2915.412476444724,2926.188530625131,136904,9042,66.93397971363044
2023-02-13,2887.54150390625,2927.1679431201346,2845.6128121747693,2927.1679431201346,196259,9284,52.1416045022103
2023-02-14,2921.1435546875,2933.9276825290654,2877.059695453845,2888.864181979107,204187,8096,67.12205830379031
2023-02-15,2945.242431640625,2968.4110910467616,2891.9010126259304,2907.5262429596974,216658,16296,45.27629230629714
2023-02-16,2984.08544921875,2997.604307775537,2956.312522792255,2970.5663514917246,351094,15155,67.1892324048236
2023-02-17,2953.422607421875,3079.404333749571,2930.1070968977024,2968.313107188244,1067039,15907,50.74779410549174
2023-02-20,2941.519775390625,2975.6603694539344,2904.930317312813,2948.7202344218413,218449,7457,47.613780749484555
2023-02-21,2979.432373046875,3003.38455668303,2930.64618504038,2948.622460657992,211481,11229,77.30815865594623
2023-02-22,2951.904052734375,3003.0903090209,2933.2418387327057,2979.4320680512974,328540,4017,47.690266506488804
2023-02-23,3007.15576171875,3025.1813047862865,2942.891437205131,2946.7609724299596,364256,13517,77.60205594634476
2023-02-24,3010.291015625,3049.623520128164,2978.501462506544,3034.439079215222,460091,10988,74.73561764616954
2023-02-27,2934.9560546875,2997.702122437265,2908.5547717373333,2997.702122437265,283462,8254,69.97298422422635
2023-02-28,3018.617919921875,3036.839105230514,2914.4329683920955,2932.066512402535,362293,11101,68.01489571136112
2023-03-01,3052.464111328125,3078.0328439237824,3004.8046596197396,3021.2136507514147,556955,7862,72.69237303517141
2023-03-02,3003.531005859375,3065.0034935448434,2988.885417185089,3052.464037864201,212610,8999,78.21619057825595
2023-03-03,3006.71484375,3032.0386654533586,2993.048896296153,3003.531009722355,211402,9916,63.645958046768826
2023-03-06,3003.139404296875,3022.1933795527143,2994.0777223646664,3012.3969666530297,165157,3333,73.23072060797469
2023-03-08,3029.148681640625,3056.4805757363342,2938.923630515706,2997.70210312602,336445,15299,45.3590169221764
2023-03-09,3021.409423828125,3053.49267400546,3014.3560548292894,3030.030314457911,191541,3907,76.26487986448402
2023-03-10,2886.95361328125,3012.3967179387255,2861.5319717395178,3007.547541787794,468768,6041,69.46909679097556
2023-03-13,2835.5224609375,2908.211791103024,2826.852779705181,2899.7379902792477,293866,12940,72.45928548454978
2023-03-14,2824.893798828125,2852.9604269065717,2801.9210185964166,2826.265201004536,163628,11558,73.82806707128283
2023-03-15,2868.634765625,2878.18626872919,2814.3627308344217,2844.829433131277,363303,17267,48.54812066991072
2023-03-16,2818.72216796875,2876.4229491212545,2810.5910967457166,2870.349220447874,376887,11777,52.489633322244025
2023-03-17,2825.677490234375,2856.7811039330313,2777.2833019114983,2840.959991373314,289717,6064,56.73058363145888
2023-03-20,2806.13330078125,2849.482425631126,2778.2625553502335,2849.482425631126,143701,10918,67.10887060782602
2023-03-21,2805.692626953125,2839.9800717657504,2799.7657493728957,2821.4159173369612,228098,13750,52.46639406823552
2023-03-22,2819.8974609375,2846.9356562831613,2812.550151242509,2830.967455378667,264831,17376,77.405050843029
2023-03-23,2802.4599609375,2835.9148565281425,2791.9778463309394,2819.5058639225135,162906,13686,59.05942672147336
2023-03-24,2761.216796875,2812.59893025798,2747.8935808150827,2803.586279003432,193270,11535,47.73940645902229
2023-03-27,2722.618896484375,2789.96923198448,2716.2021985045017,2767.4865132770356,378284,15261,56.80484587372354
2023-03-28,2741.379150390625,2750.832592656701,2697.8339060830817,2724.431309161651,296813,16919,49.23981368938773
2023-03-29,2798.296142578125,2815.4888939923944,2726.7823328142263,2728.3008245542164,245686,16937,54.125858213739136
2023-03-31,2821.415771484375,2852.568410423463,2783.2097635253594,2798.590082997893,203707,7711,76.53946893749689
2023-04-03,2899.934326171875,2905.273323786892,2840.9599637244733,2844.290648703496,303832,5799,56.16447821233628
2023-04-05,2878.038818359375,2909.485155446254,2858.053995604433,2909.485155446254,190853,4929,55.31865448549699
2023-04-06,2859.81787109375,2893.1747052635837,2845.857982539126,2877.6963248566894,193484,6868,45.52937881103057
2023-04-10,2914.4326171875,2923.249388130252,2846.6414928839386,2849.874356730325,352557,11661,55.48925348776601
2023-04-11,2983.497314453125,2992.803905977441,2924.229021061428,2929.127227126857,475618,12005,75.13844878814692
2023-04-12,2988.9345703125,3002.257548196672,2954.696155466282,2973.2112799600486,192138,9930,52.90767545008371
2023-04-13,3021.45849609375,3035.418383771252,2980.4116237837807,2981.8810856445707,250406,15039,70.42097629292796
2023-04-17,3034.73291015625,3065.199611517627,2997.7024206552833,3002.551597325236,383771,7088,50.71456114057845
2023-04-18,3032.724609375,3051.190943882383,3017.5891988500584,3042.863992681644,165738,9477,60.7370556046299
2023-04-19,3074.947021484375,3095.5682783819207,3020.3808127316347,3031.98965716788,290136,5315,67.44648230336347
2023-04-20,3065.4931640625,3093.2170575748855,3056.4805129481056,3085.77168886244,201430,17266,76.03466383186765
2023-04-21,3048.300537109375,3075.0938204131116,3027.1894599428756,3075.0938204131116,139730,9203,62.69182182866801
2023-04-24,3078.4736328125,3081.951407123115,3046.782381521112,3063.289193266916,120666,16563,58.607997480326496
2023-04-25,3087.53515625,3118.9817347848248,3056.52960759621,3084.008591393244,272892,5312,76.9132416407017
2023-04-26,3113.104248046875,3115.2594111261837,3081.070024577834,3085.8701713985783,128534,4935,75.36715571618316
2023-04-27,3124.076171875,3134.8522264032613,3105.4629867807307,3120.1576065919962,163208,10067,64.87817438683263
2023-04-28,3140.093017578125,3147.587177093595,3119.2756420682467,3125.0554294829035,192921,16265,54.1201010839801
2023-05-02,3183.78515625,3192.6509577408606,3140.2401488304167,3143.6688933385767,195103,14983,75.60663925693292
2023-05-03,3224.63623046875,3249.4702334075373,3167.229393061133,3182.854624160714,331116,16442,72.30348995360208
2023-05-04,3202.496337890625,3228.848592355605,3187.36092812036,3220.080850833109,138245,5204,70.17132301429899
2023-05-05,3247.26611328125,3267.6427008713144,3182.9037254436566,3202.4475222313617,210596,7268,52.45746856676779
2023-05-08,3196.471435546875,3289.6354169051656,3189.8100661817657,3269.5527706733146,307218,6719,65.71374019410449
2023-05-09,3156.404052734375,3196.5693432874814,3141.709434239336,3196.5693432874814,292954,5619,52.08075968459742
2023-05-10,3143.91357421875,3182.805282681811,3107.5687894165917,3159.34292337944,182938,7476,62.849870764454906
2023-05-11,3169.384521484375,3221.8933909262323,3137.105388425784,3143.9138476388935,528871,3707,59.17994762395568
2023-05-12,3319.955078125,3330.780161483867,3169.580150246243,3185.989140747671,1549977,13660,60.63593502024356
2023-05-15,3312.36328125,3330.78058644439,3228.26121494443,3330.78058644439,799715,17394,51.96217563967974
2023-05-16,3356.545166015625,3366.047639165249,3268.1815651148945,3311.1386943069815,460036,11599,54.006499049702455
2023-05-17,3367.712646484375,3418.6539910183824,3340.674691733844,3357.9652639700857,429840,16877,78.9775175238983
2023-05-18,3336.0703125,3397.885772811133,3330.7803452667877,3384.3176454424674,168884,12837,53.101773444444696
2023-05-19,3370.94580078125,3377.8032900592125,3322.01276441041,3345.4751263202465,204182,11306,49.015274431593866
2023-05-22,3361.491943359375,3384.1705415797155,3342.584820274937,3384.1705415797155,91735,11194,66.0218537517022
2023-05-23,3306.240234375,3373.6886310342456,3296.4928516373398,3357.132550179159,241794,16713,51.50510628251108
2023-05-24,3333.2783203125,3345.4748058115015,3291.790418487422,3301.390950390852,0,12530,49.69459783371353
2023-05-25,3344.201171875,3360.1693715329466,3323.285975411467,3330.780135047236,177428,9681,46.203077281218015
2023-05-26,3339.25439453125,3376.823736000223,3327.449907591036,3355.2716262839467,140093,4610,54.78988382488842
2023-05-29,3342.830078125,3369.1333037033323,3325.3433851352456,3359.04318958221,84643,8529,75.39729672864345
2023-05-30,3411.796630859375,3423.8462664121253,3310.6976988096644,3342.5360403428244,340548,9288,62.07989482191425
2023-05-31,3353.8017578125,3444.4185717741348,3310.256752883359,3411.845500809547,1802492,12892,66.21015389707489
2023-06-01,3411.502685546875,3417.9193837418675,3339.597111521315,3379.762403857007,346059,4595,63.24287630890437
2023-06-02,3479.440673828125,3491.3922487774144,3416.3028455649705,3428.6952112255035,428950,11101,52.359561781450125
2023-06-05,3521.5166015625,3544.3422921291663,3485.563812989379,3510.0058160642916,389947,4592,48.41604244723202
2023-06-06,3522.251220703125,3531.50878303962,3472.3385449192747,3521.5164897372088,196700,8993,64.70682391093844
2023-06-07,3466.02001953125,3521.8105448626893,3451.325399733492,3521.8105448626893,437956,5984,56.11486726404346
2023-06-08,3440.108154296875,3482.0366065731046,3418.947808581408,3477.7262809352433,297932,12267,61.23869914720726
2023-06-09,3475.277587890625,3488.6986261606216,3440.549350878804,3440.549350878804,187230,4929,53.90138958897579
2023-06-12,3462.150146484375,3485.5634760771763,3438.9324581321703,3475.767063834126,243029,14730,53.348738921425976
2023-06-13,3510.936279296875,3516.9121867586255,3447.798446786467,3462.0522752103016,249758,7837,66.97633974226967
2023-06-14,3514.7568359375,3533.5658996290667,3498.8866959218103,3533.5658996290667,153118,9788,63.79463232416657
2023-06-15,3486.543212890625,3520.4388958489703,3477.2856509011763,3502.21747290924,184254,10875,60.53365160961973
2023-06-16,3501.923583984375,3513.924189486872,3466.166677793262,3477.7264925603254,223482,13783,55.96622884680931
2023-06-19,3457.79052734375,3526.2185620475425,3442.704148263808,3512.013764395177,169991,7550,71.84673902115591
2023-06-20,3470.330078125,3497.1233618253787,3444.075644943045,3467.930004910449,275988,8351,50.56091501937068
2023-06-21,3367.770751953125,3508.2606380628,3329.741797575871,3477.1774170261647,468855,4354,46.31102792153397
2023-06-22,3432.39990234375,3502.3986635421265,3390.184074021359,3398.952289513456,899667,16232,77.83410352445358
2023-06-23,3376.932861328125,3459.197357981675,3364.716433485469,3439.3456026053063,272568,13415,77.05282693016477
2023-06-26,3415.060302734375,3428.508234511912,3365.4552095093945,3384.174076307017,204577,4355,49.01735404842469
2023-06-27,3423.680908203125,3502.34926632859,3410.774645655019,3428.508309323936,346501,4298,77.1056205368273
2023-06-28,3560.57470703125,3582.840161500105,3454.468339684339,3458.064236197312,885684,4512,58.150823542693374
2023-06-30,3498.60546875,3584.121184467159,3482.694527727113,3583.234597488922,430346,10402,46.80994330459276
2023-07-03,3470.724609375,3532.7431280841943,3466.9314792917944,3526.930282508999,223753,14122,61.21685940244092
2023-07-04,3457.62109375,3491.1673220223834,3453.5323547872035,3487.57118482415,165447,8198,61.603107939917955
2023-07-05,3500.132568359375,3515.206230626616,3460.2318249904347,3464.960850087951,246209,11378,67.38316931730071
2023-07-06,3508.0634765625,3531.954662213456,3489.5909103375343,3507.3245739135014,180300,15094,65.81541167878491
2023-07-07,3456.291015625,3511.1177370175224,3439.3455628195857,3502.5955820680024,153939,16868,50.52090889053163
2023-07-10,3494.22119140625,3513.9745696080954,3454.665367250314,3458.0642712061162,284687,7055,45.06541681643032
2023-07-11,3718.9462890625,3743.724061336984,3501.413304111656,3505.3541181849387,1485223,13885,76.54581506014071
2023-07-12,3744.26611328125,3768.1079912225505,3689.6859325090377,3728.01025461288,535242,10844,62.523000582911415
2023-07-13,3758.69921875,3790.0780479551418,3727.320630073068,3746.0888057621637,488118,9695,70.1986653245224
2023-07-14,3817.0234375,3829.4368578068797,3767.516959536017,3770.127652709899,389985,8032,78.5614651994693
2023-07-17,3856.72705078125,3890.5195812650986,3829.5355766247535,3834.412286180105,473022,8165,70.19153825420369
2023-07-18,4067.068115234375,4087.264788885923,3852.9342586652656,3866.9241015767907,2882873,6065,64.23757392022075
2023-07-19,4245.09423828125,4261.152863064148,4114.603841020468,4126.032297942382,2988725,10736,68.33168230407142
2023-07-20,4647.55029296875,4851.142520447654,4207.065667737935,4244.158487021133,5530760,3551,51.10488767086079
2023-07-21,4518.931640625,4623.560454454582,4427.554007522366,4605.826789809327,3034596,6068,61.1131784932133
2023-07-24,4628.9296875,4699.420807185215,4518.931329253987,4543.56141734196,1450583,9104,52.31020070295454
2023-07-25,4623.9541015625,4713.213636627982,4581.294981596686,4669.864681776052,845678,11008,51.346564641998015
2023-07-26,4604.693359375,4676.760897383997,4539.817614313347,4629.42206281702,616591,7892,57.88296820821293
2023-07-27,4631.44189453125,4674.790850787233,4579.423339446639,4581.196513416361,693349,6402,47.67318714826041
2023-07-28,4675.52978515625,4704.34698922638,4595.974597851531,4633.412333053752,530565,17992,50.39828388032939
2023-07-31,4745.5283203125,4804.788699353167,4664.987929198878,4675.529799724393,702383,9631,75.06842406803851
2023-08-01,4561.689453125,4801.832807039781,4547.994739584844,4773.261905445817,896053,14883,53.53466061696838
2023-08-02,4520.1630859375,4632.772143594488,4494.252424245391,4561.689801616635,879726,4701,46.3790164692383
2023-08-03,4546.61572265625,4567.600846701892,4445.287442308685,4522.084250710086,498305,6326,57.29096166491639
2023-08-04,4546.61572265625,4594.693944064534,4521.591648939857,4561.492392328475,375403,8849,48.981265302225516
2023-08-07,4531.2958984375,4586.122378023644,4491.641456823009,4586.122378023644,350693,10751,48.702780984118704
2023-08-08,4602.47705078125,4610.703596725102,4533.167884068638,4566.319887677817,421136,15812,48.43170939351527
2023-08-09,4614.59521484375,4647.205551409431,4581.1969077917865,4605.826998693892,447877,10305,55.80677733388549
2023-08-10,4516.8134765625,4619.9149345354535,4507.798960057247,4591.048662193591,327433,16066,45.58402625433412
2023-08-11,4590.50732421875,4668.338412311099,4424.303276591361,4513.21790570952,979085,13629,71.08160248963217
2023-08-14,4674.49560546875,4679.716992005678,4567.502400766554,4590.063466474621,448711,9168,59.75727824362162
2023-08-16,4781.931640625,4797.941198010559,4663.263682843016,4669.815671172082,837609,14945,70.4963504294445
2023-08-17,4746.7109375,4836.216780633637,4708.632914629849,4795.971117424243,653948,8244,65.30571313960527
2023-08-18,4706.95751953125,4792.423925225611,4682.672348879523,4747.695781453907,330161,7252,64.22828649506309
2023-08-21,4778.3359375,4788.089356644842,4680.8007839387155,4714.150021039391,329531,6230,54.0438124273418
2023-08-22,4923.2587890625,4934.292778881088,4786.364579589782,4802.86673709673,929778,14721,78.63687536320501
2023-08-23,5059.0693359375,5079.709542891407,4927.002991466239,4946.3621451614345,975669,13146,63.678667254607
2023-08-24,4952.47021484375,5089.561183018262,4912.0273233134985,5088.575979537229,675077,7277,47.39353221949067
2023-08-25,4927.93896484375,4955.573731300507,4857.053378789562,4945.7216960494125,479853,15336,56.857433370706154
2023-08-28,5018.0849609375,5037.6904143818465,4927.889291852781,4937.790875664459,669023,9697,45.557674840774155
2023-08-29,4946.263671875,5050.744800816949,4933.899559291763,5039.3163430066625,425772,9112,68.48979584356663
2023-08-30,4966.11572265625,4994.98199422397,4916.214778046332,4971.090808156922,327971,14356,76.98546212056068
2023-08-31,5047.24658203125,5063.847357164176,4965.573308355017,4994.932661194497,484299,16106,67.92355131780947
2023-09-01,5131.1865234375,5142.762665452647,5019.513601914133,5063.700078498131,448449,11492,54.20727695489536
2023-09-04,5141.333984375,5171.382693765985,5063.946435070956,5157.540775796976,355134,17278,64.41791361087193
2023-09-05,5225.2734375,5232.416163386754,5134.339340357406,5146.703452745699,464679,4154,64.87358040076677
2023-09-06,5215.42138671875,5254.090626752509,5166.900111007601,5230.248507990652,374585,3937,69.04512953406244
2023-09-07,5108.673828125,5236.356290324236,5095.669431334121,5224.533849029055,515569,13526,67.84328294314595
2023-09-08,5122.36865234375,5132.368853274588,5088.576362821542,5110.299908792043,372420,3615,74.35846790107065
2023-09-11,5071.77880859375,5144.437570419841,5051.335834927426,5136.013791431913,398409,5072,52.54296612355183
2023-09-12,4869.27001953125,5123.058554924973,4860.255503093004,5113.058834918473,693209,5322,56.07437032631025
2023-09-13,4968.775390625,4978.676974742589,4777.695454475586,4877.742680597698,802559,8844,72.83271153273063
2023-09-14,5091.482421875,5101.728441664519,4970.597764712307,4992.962075713515,513990,13443,59.771669443986134
2023-09-15,5090.34912109375,5120.545992441001,5040.645894424705,5097.442778534752,350026,8355,77.311099268604
2023-09-18,5059.2666015625,5121.235809521076,5046.80387269034,5105.324868175235,188335,13576,64.2625559691837
2023-09-20,5209.36279296875,5221.579221729051,5042.518462568814,5063.946641450438,886432,15982,55.12393997890536
2023-09-21,5144.58544921875,5279.262490986204,5107.344464980133,5221.579013364909,788735,11225,78.45824762532101
2023-09-22,5054.09423828125,5163.99350244353,5009.760078296327,5147.688576027199,660080,14661,64.10354671857405
2023-09-25,5129.56103515625,5185.077352876689,5010.79445543227,5074.7836201178325,702950,5078,78.76688649903502
2023-09-26,5063.01025390625,5150.595236814976,5043.552483245331,5134.930115083316,382174,11188,62.551866378490004
2023-09-27,5281.232421875,5295.961406601286,5039.759429218866,5081.6796456607635,883496,3942,50.12163221798987
2023-09-28,5208.2783203125,5318.128510932919,5181.234291723748,5281.232447310946,718228,7502,60.53159776392167
2023-09-29,5263.99169921875,5302.266953811534,5176.407198773273,5196.997857006603,533039,4746,72.08433284918684
2023-10-03,5293.7451171875,5342.463626465779,5193.746954177304,5246.20904462354,630157,16372,74.91555141189608
2023-10-04,5234.7802734375,5292.808664404356,5188.869693312786,5273.745361186713,553831,17889,63.208878247192565
2023-10-05,5162.56494140625,5279.705541001097,5152.811522996161,5257.981996312427,286121,14395,77.02317157629832
2023-10-06,5181.431640625,5256.060807669225,5167.392490388957,5194.780955970743,384926,16348,58.061469242769256
2023-10-09,5102.31982421875,5160.495898077498,5064.093640043599,5125.127188878127,280349,8828,64.2109836652559
2023-10-10,5128.23095703125,5177.293903105415,5102.369362944113,5123.452623436244,331263,15113,61.27258997140662
2023-10-11,5150.939453125,5221.578739055161,5125.127409124274,5160.496119843572,400950,11483,46.93230024165165
2023-10-12,5163.55078125,5195.963884088102,5136.309997409141,5172.31899724356,433492,13355,61.471831165580966
2023-10-13,5244.53369140625,5264.9275966376445,5137.146508016747,5152.9593131038155,357812,5602,67.5697759577107
2023-10-16,5340.2958984375,5368.374199905164,5257.834168020424,5265.9130296371995,727018,5987,70.58752888229212
2023-10-17,5386.9453125,5403.841457125489,5284.680895652908,5384.088318424016,741605,13039,48.74395442760388
2023-10-18,5259.755859375,5412.363804862081,5194.8801043784415,5388.522165741917,1211440,14541,56.81354082916218
2023-10-19,5218.62353515625,5340.443865624603,5083.699708008419,5265.913308553928,1423792,5181,45.93564423682656
2023-10-20,5149.9541015625,5294.7299493905475,5118.1322206975665,5230.445420535781,705270,8076,45.80908788759671
2023-10-23,5077.88720703125,5167.245368935533,5061.976264575183,5167.245368935533,644285,13740,45.89022024956147
2023-10-25,4948.8251953125,5110.7434975622145,4932.12628350613,5103.255854250886,694305,3211,75.2520330840162
2023-10-26,4799.71435546875,4922.963413037478,4739.912789950742,4902.372755512783,841759,7147,54.29320743392089
2023-10-27,4903.06298828125,4934.835804638765,4804.197710008671,4827.497679126225,652732,15329,69.30125213472539
2023-10-30,4864.39306640625,4940.795403098409,4818.827405909082,4925.032147575064,554716,5125,63.04859490983752
2023-10-31,4849.2705078125,4905.673411261062,4820.650055944048,4876.757590749074,347116,3221,59.25039023859289
2023-11-01,4828.1376953125,4891.535640152957,4818.433344105142,4849.270503944794,385779,3483,74.22784529150738
2023-11-02,4976.85400390625,4989.070430866922,4853.112350404908,4886.510652220169,624189,9999,63.47023944172935
2023-11-03,4962.02685546875,5023.355777792808,4944.78579296801,5023.355777792808,318145,11706,67.3662363120796
2023-11-06,5062.8134765625,5094.48767521841,4974.637756792234,4993.060774970709,613383,7482,78.59961404387053
2023-11-07,5040.0546875,5083.600873606276,5034.389767507208,5083.600873606276,272225,11903,51.63593431606735
2023-11-08,5052.51806640625,5088.330313621975,5031.33618892082,5068.872542443499,183790,5827,58.995585096138996
2023-11-09,5057.34521484375,5076.162698949525,5039.316182215577,5052.517813637077,155776,16395,47.614683192374955
2023-11-10,5059.80810546875,5078.675137945138,4977.346858502788,5057.296028885586,283963,7435,46.832780870761766
2023-11-13,5056.11376953125,5073.256696428399,4997.937691369285,5071.877026590566,337361,16180,71.63666016555078
2023-11-15,5054.5380859375,5133.846977053864,5017.297100605509,5123.058805032225,601215,17625,74.88852531413154
2023-11-16,5190.98828125,5204.091295648797,5037.936818144111,5062.4682895908645,528615,17652,77.8397387262422
2023-11-17,5209.8056640625,5239.312704075725,5157.934791136972,5191.037728050958,289947,3754,74.96207108562055
2023-11-20,5234.28759765625,5242.218774493449,5183.204699787301,5229.361580138635,339009,17321,70.21419564247714
2023-11-21,5235.765625,5309.064672560002,5222.56399370409,5247.292698902729,379315,5984,77.30467974661428
2023-11-22,5234.43603515625,5352.611404830714,5204.338256215396,5291.5287788230735,569920,4959,60.02588063604449
2023-11-23,5148.4765625,5265.962086826326,5135.422615352631,5254.090576371477,449488,6377,60.3646092299171
2023-11-24,5202.072265625,5232.859878269895,5127.54122808908,5176.25973876094,637746,13446,64.74448006906469
2023-11-28,5122.81201171875,5230.445496459415,5083.650171733017,5230.445496459415,849883,13623,52.59942050017375
2023-11-29,5086.556640625,5182.170448589437,5073.945747097254,5152.614343369345,637793,13302,55.58513657980314
2023-11-30,5189.95361328125,5260.986884468218,5080.004802405801,5123.0583893698,6818392,11063,72.70615360028489
2023-12-01,5157.09716796875,5264.927891400642,5148.772486415046,5264.927891400642,433155,16214,75.19509700574764
2023-12-04,5262.56298828125,5276.45445351645,5190.100983923338,5221.578427432016,487407,13151,66.7343814601474
2023-12-05,5280.8388671875,5310.247290228718,5192.022860761659,5270.839147073032,325063,13797,46.191561245169986
2023-12-06,5240.24853515625,5337.8327528800055,5221.627803498747,5298.424611478159,393732,6731,64.20277568606153
2023-12-07,5339.75439453125,5362.463144877261,5212.268665032943,5251.135139113688,338949,16544,60.433581132799176
2023-12-08,5366.05908203125,5439.111832627941,5312.71040339895,5351.625945528623,419779,11334,60.885407009051576
2023-12-11,5607.7294921875,5625.8571411453895,5365.4184886585135,5384.088288198245,973960,9177,65.27813694362216
2023-12-12,5526.89306640625,5648.171714520098,5497.484645464737,5615.659998737931,524434,15247,48.55598266885427
2023-12-13,5594.13330078125,5618.714321159216,5523.297263525864,5555.562678978345,320345,14118,56.6706934503881
2023-12-14,5569.79931640625,5634.477834579018,5546.696100262337,5630.339787161578,351256,4783,45.566683792225696
2023-12-15,5586.1044921875,5615.660600611773,5538.075815998057,5603.985841572894,267973,7732,59.219598398518144
2023-12-18,5594.72509765625,5628.911855940805,5553.592846222898,5601.86782395306,310923,4118,50.57482565485168
2023-12-19,5527.87841796875,5614.625877853832,5490.588367960088,5608.320190385102,306765,11335,46.83426750885156
2023-12-20,5416.6494140625,5599.897284381821,5380.19688071941,5561.375727259319,345075,3141,49.0934074609323
2023-12-21,5536.15380859375,5543.74006792995,5335.123227804809,5407.78198558157,242120,13137,63.57519605037183
2023-12-22,5280.00146484375,5549.651882779696,5227.145387877135,5549.651882779696,1898658,6573,49.48386529476894
2023-12-26,5314.9267578125,5368.374049459254,5230.445554886985,5280.001100157171,682407,11867,49.2385041801675
2023-12-27,5356.20703125,5377.241224225159,5305.370429511042,5339.803487596256,357111,10554,51.789879667585815
2023-12-28,5378.17724609375,5412.560754636697,5354.58142805903,5377.19204251913,233728,9298,54.856589556946886
2023-12-29,5403.69384765625,5482.214282832556,5351.182209222123,5389.0634785644015,347319,10764,75.57209925025879
2024-01-01,5383.841796875,5448.618927457237,5369.3100451474265,5418.619288247923,146403,11915,76.72166056509177
2024-01-02,5267.4892578125,5389.063276467038,5251.134783102251,5383.84189021222,281635,11687,49.764889043921784
2024-01-03,5324.58203125,5346.306059701616,5230.446017795698,5261.036397769529,250172,3066,64.16087170860256
2024-01-04,5314.77880859375,5371.329392338494,5258.178676040995,5324.581294621283,282732,13540,75.55820448718931
2024-01-05,5321.3798828125,5361.330176454559,5278.769828149008,5352.611028595367,140560,5982,49.526977247417896
2024-01-08,5265.17431640625,5388.965051996701,5256.0611831458755,5320.099416867428,346476,16490,46.834481731689536
2024-01-09,4795.08447265625,5323.054978515364,4778.237395113736,5310.148715319337,4167413,15216,64.47630831468187
2024-01-10,4839.171875,4960.745889867547,4791.389505572747,4922.027585001629,2695792,9531,71.64348419903274
2024-01-11,3821.062744140625,4355.28962136534,3744.7587756263624,4355.28962136534,18029446,6148,53.0931961942302
2024-01-12,3921.996826171875,3998.941321799908,3847.21997083731,3852.145988725706,6218177,11784,63.81974999586012
2024-01-15,4136.08154296875,4191.449691260425,3916.1839284505522,4034.3590406512376,3860786,3560,56.05469070326505
2024-01-16,4276.57177734375,4296.4730833374015,4192.041497271415,4226.523624746033,2599390,3719,50.89509056932303
2024-01-17,4373.6142578125,4423.5642739971445,4264.059903402169,4275.783730322407,1928680,13857,45.31231839076735
2024-01-18,4370.412109375,4481.691045158904,3936.2822519592755,4394.007927326602,3940479,7322,62.05673970794716
2024-01-19,4357.26025390625,4469.868835541954,4187.115395868042,4433.416301507338,2042284,8779,54.86412671208691
2024-01-23,4108.25,4333.910695220103,3990.0746341535387,4285.635718164912,1286472,8221,78.14730769026477
2024-01-24,4297.16259765625,4334.8957019116815,4064.3587057583622,4137.854988188424,1879874,14533,59.799319337662965
2024-01-25,4279.576171875,4389.081440906543,4219.77412906793,4285.6350769794535,1295034,5332,63.254096481756264
2024-01-29,4281.89208984375,4343.2700818603,4229.5776823368315,4320.068729442726,878902,3511,57.00669183381174
2024-01-30,4250.16845703125,4320.068846956469,4236.3756062203,4310.265878421817,432662,17683,54.067169963901236
2024-01-31,4278.88671875,4309.526645486432,4227.508449627315,4274.404235002491,522874,13025,51.40169386270347
2024-02-01,4200.85888671875,4302.2362362193235,4173.3222549604525,4285.635460122278,651423,8855,54.482482838954
2024-02-02,4318.8369140625,4372.234656843413,4205.932493125544,4235.143681627318,843638,4358,45.571359408374576
2024-02-05,4320.36376953125,4364.451627392608,4281.793147635891,4305.339415734921,542583,8352,48.29305659617695
2024-02-06,4331.10205078125,4346.668553926062,4280.7089905218245,4333.909976825203,400247,6107,67.65544270099153
2024-02-07,4323.220703125,4359.722781947284,4297.457727448892,4349.6735136833695,362267,12017,61.71369584952314
2024-02-08,4255.68505859375,4354.944309441058,4234.256882852519,4334.895322363848,448325,3240,64.42477949391647
2024-02-09,4243.6162109375,4265.586055627883,4187.114696411124,4255.684953297744,272191,7979,76.2724476218272
2024-02-12,4280.90673828125,4301.103411435559,4222.730178927298,4245.242176678874,761494,16062,66.11636088643124
2024-02-13,4266.12841796875,4294.453018791912,4226.523044569109,4275.783219913737,387834,16274,47.475617244954485
2024-02-14,4291.0048828125,4321.299891188096,4214.70067742441,4236.375154961423,261333,4043,51.43581302411762
2024-02-15,4497.4052734375,4561.492573872465,4276.42382188364,4296.817728405385,1011374,10911,46.635947896225375
2024-02-16,4600.900390625,4663.953415250267,4448.2924631729375,4581.196320429604,1956433,15741,50.06580201915658
2024-02-19,4698.0419921875,4753.508762551371,4575.186910609145,4640.2598971478965,1125013,6691,73.15843378478147
2024-02-20,4662.130859375,4748.483853885087,4626.8607648857005,4706.268266825935,735136,8619,75.67925744938825
2024-02-21,4646.81103515625,4695.381376442288,4615.7771241659675,4689.470155301282,658619,9044,67.2806672095237
2024-02-22,4646.81103515625,4671.243890116512,4583.511708771309,4661.835388889641,425946,11069,46.97221377830902
2024-02-23,4730.75,4758.532931275972,4651.244365744818,4668.879412280918,506542,6757,68.17277038389287
2024-02-26,4717.548828125,4795.57714576841,4639.323758395202,4733.903304117423,1005726,14869,55.0737212724175
2024-02-27,4696.36669921875,4728.977032885977,4656.071970295651,4728.977032885977,525966,14348,61.223614487889066
2024-02-28,4640.21044921875,4717.15494841059,4596.960106366711,4714.199337540659,309601,10873,53.03266531285688
2024-02-29,4679.56884765625,4726.957231275446,4594.299197792576,4639.4218058293745,629330,13570,65.30751891695206
2024-03-01,4736.31689453125,4757.547838143474,4680.800579500464,4709.2728652569485,366189,16994,53.40218858451221
2024-03-04,4721.29296875,4740.109973001255,4660.949247171173,4706.317681339693,417409,5052,67.26933631100547
2024-03-05,4840.60009765625,4880.698071978182,4681.686967711006,4721.0460394180855,735203,5801,45.75668034529937
2024-03-06,4808.0888671875,4865.723276954766,4733.903229601953,4857.98981365166,483453,4035,63.293705055856734
2024-03-07,4818.630859375,4865.230797733127,4791.094226036547,4807.793619658556,270473,8392,61.23516345542468
2024-03-11,4860.8955078125,4918.135928025844,4812.916385449775,4837.349240105547,542531,7913,62.493502699943036
2024-03-12,4783.01611328125,4891.536200861474,4763.459724303167,4860.896270642767,264101,16604,56.027245264033354
2024-03-13,4708.18896484375,4856.21579244498,4660.258910221088,4763.6066623650095,633146,14849,73.15979796515721
2024-03-14,4817.79296875,4855.033950993561,4682.0811818521715,4689.568824926782,379033,13901,50.247003266075595
2024-03-15,4822.07861328125,4845.279963680789,4704.346793016236,4788.13815970279,345532,3441,66.73959144413553
2024-03-18,4724.44482421875,4842.275260439921,4707.302379324912,4812.71915508627,433656,15755,78.01390516611943
2024-03-19,4610.9990234375,4748.090004436048,4601.4423563549535,4738.829187059318,272824,11441,51.48223988606301
2024-03-20,4674.150390625,4767.35073931587,4566.467357847193,4630.456518541946,445608,16129,53.65097136906953
2024-03-21,4912.7666015625,4951.1404725054335,4699.420963854525,4727.99186698907,712776,16440,46.83402289578353
2024-03-22,4837.25048828125,4963.1102333206445,4778.236895820436,4923.012740168932,594108,7743,63.96562562940269
2024-03-26,4943.8994140625,5018.627204315273,4814.197454630267,4856.955195220564,497218,9953,55.70399716315765
2024-03-27,4963.65283203125,5060.3009176608,4952.470675270649,4983.159670346689,407426,12379,76.5079969890451
2024-03-28,4990.05615234375,5040.301535121545,4929.958733727172,4967.396469914549,359484,16876,45.72791953570396
2024-04-01,5057.0498046875,5074.783468526264,4997.93759189162,4997.93759189162,271256,12695,65.85031800201246
2024-04-02,5128.7724609375,5137.392992021464,5024.538117510537,5075.029799573755,392786,4301,49.309065280481
2024-04-03,5183.69775390625,5210.7417848605755,5083.650521815196,5103.354593605177,338866,10817,72.41253648769634
2024-04-04,5147.6396484375,5226.406386188272,5127.689275901054,5221.578984847531,226936,14572,56.25236629793699
2024-04-05,5237.93359375,5244.53416928374,5142.76282909229,5148.674050734925,296298,13998,66.67232649240718
2024-04-08,5203.25390625,5310.247107446193,5139.16660807157,5270.691281326499,484823,5300,70.40052074185802
2024-04-09,5183.54931640625,5257.833560049646,5165.224436092895,5257.833560049646,197608,7202,55.03077711033494
2024-04-10,5170.7421875,5204.830326355977,5120.004204950817,5182.170644829158,282041,6282,70.3040858977049
2024-04-12,5223.89453125,5284.533621876751,5152.713569425235,5170.299550322645,338176,16954,47.944580575273676
2024-04-15,5235.2236328125,5314.877430753072,5148.772027039518,5148.772027039518,550150,9352,70.47113933292728
2024-04-16,5189.6083984375,5307.2911465412035,5163.550055026406,5224.041452484636,342974,8280,46.7108187721234
2024-04-18,5251.03662109375,5353.744097365172,5220.495309204886,5236.8988530887445,440369,4424,68.96393151428424
2024-04-19,5211.77587890625,5273.794635177961,5152.61459779203,5211.72681115102,334073,13747,49.942042238976846
2024-04-22,5353.2509765625,5373.989799161888,5237.243262812238,5252.119932081939,397202,16497,69.12497965437487
2024-04-23,5415.91015625,5443.249554464732,5301.331177055507,5349.655218234117,406322,11537,70.61949102036108
2024-04-24,5511.03173828125,5534.972474538577,5413.4965812967885,5415.9105225538315,305918,9694,48.41662428915567
2024-04-25,5549.75048828125,5605.709860267181,5507.288116964209,5526.992188939036,425165,3341,65.42809863896512
2024-04-26,5510.8837890625,5568.222828592582,5464.973207022864,5499.406263816697,510332,15296,77.85260450778506
2024-04-29,5556.4990234375,5612.704694242334,5490.539452521069,5517.139948702312,350075,16375,68.92504608719824
2024-04-30,5582.705078125,5703.343447282719,5546.745147942616,5546.745147942616,474928,14996,51.684782523267295
2024-05-02,5706.79150390625,5718.121344613185,5606.793344623301,5615.660176480902,286240,3663,77.32031435053672
2024-05-03,5745.85498046875,5783.04641572756,5665.905805918383,5753.588924806704,312177,10525,60.76512908088681
2024-05-06,5814.22802734375,5851.912064487562,5714.180795662951,5776.248621546876,449452,9946,58.97359020027557
2024-05-07,5722.8505859375,5860.828641323426,5595.9565523146375,5814.671755591724,481713,13490,61.90679267061995
2024-05-08,5833.931640625,5859.941398082436,5699.5009105864765,5722.849945093237,306101,16853,77.32039440995823
2024-05-09,5717.62890625,5860.976025378005,5700.387843811924,5831.419918341303,271663,15170,55.953804685688866
2024-05-10,6064.568359375,6268.801351434666,5676.743063866235,5757.529757937223,3423107,14519,46.55280582862491
2024-05-13,6335.74560546875,6373.183341503184,6130.182974743599,6176.241242101752,1788362,5224,69.19600242088823
2024-05-14,6229.9833984375,6384.11867839634,6158.408460391758,6334.858503408715,507179,11610,55.4424385757551
2024-05-15,6371.21240234375,6438.009488114087,6191.363696281529,6303.184293257823,671424,16798,54.472438701494866
2024-05-16,6374.5625,6435.103452116771,6325.006952591521,6386.237258577051,343819,15412,48.88924574570861
2024-05-17,6394.90673828125,6446.087770572299,6355.646283285439,6414.610807934718,305803,4545,72.70886813262649
2024-05-21,6594.50927734375,6742.684281673756,6404.315917295904,6404.315917295904,957271,4100,48.67425050064402
2024-05-22,6464.70849609375,6677.709697150723,6433.3792154609355,6677.709697150723,426788,16467,77.93398118490695
2024-05-23,6543.86962890625,6640.27189197657,6494.609451666068,6504.707788000305,476201,17999,48.54610083121504
2024-05-24,6585.24853515625,6641.700989970911,6536.874942269969,6549.485836961675,239053,16560,75.99033065505711
2024-05-27,6738.25048828125,6797.904369711735,6602.341468641042,6622.538141043809,756028,11048,63.05581761155509
2024-05-28,6607.3662109375,6797.756796580127,6586.085718090352,6768.348374462336,298627,14178,47.56732789595318
2024-05-29,6647.9072265625,6678.645769615833,6551.652647709618,6600.8637572477855,240288,4948,70.46103132771233
2024-05-30,6614.75537109375,6666.872543621578,6598.893497440125,6647.907374940521,232385,5613,68.70757484753805
2024-05-31,6641.8974609375,6750.614769616262,6523.574417582182,6642.143761826642,1118735,13681,76.38929772282539
2024-06-03,6826.623046875,7010.905658580843,6744.112249990321,6896.424814241861,571071,8426,65.03548968524586
2024-06-04,6360.6708984375,6921.596114792726,6119.443730207426,6896.424358307459,1324429,5046,46.385702717233755
2024-06-05,6688.00537109375,6719.088351322825,6046.194312619967,6500.373158655132,700772,4044,69.12293014975893
2024-06-06,6757.26513671875,6876.72107225032,6707.463287565073,6797.904784889284,237858,5585,62.30252226664733
2024-06-07,6745.14697265625,6784.357881147778,6709.236111180449,6760.712996174455,180893,6309,64.90871209888759
2024-06-10,6698.30029296875,6847.16464498687,6630.419864857789,6785.688039925179,636790,11350,71.11929863685806
2024-06-11,6894.35595703125,6935.734506915671,6677.709788490534,6749.4324158676245,435671,15291,60.89101174528815
2024-06-12,6898.39501953125,6989.32911164207,6857.0164718562555,6906.276647659821,297295,3992,63.669310424067845
2024-06-13,6942.9267578125,6962.8275811977255,6839.283150320253,6945.6851353727725,378833,6782,71.12417941338283
2024-06-14,6975.142578125,7034.3534082064825,6896.671210895998,6945.685087934972,409053,17519,54.3254027578148
2024-06-18,7005.04345703125,7041.643672261718,6956.916167982025,7014.649191528076,194223,4931,70.8187460553456
2024-06-19,6899.0849609375,7068.589036072162,6876.7206483548125,7038.294027485213,319124,6107,65.21504522922208
2024-06-20,6853.51953125,6921.547644981579,6802.8306154149595,6899.085196125155,224893,11914,72.5335137793126
2024-06-21,6986.62060546875,7108.244185937627,6844.357297598352,6906.277441915837,776401,12919,57.18611329199243
2024-06-24,7153.1689453125,7185.384812556347,6881.646752468391,6896.424805623298,631243,16301,64.33385080934892
2024-06-25,7120.6572265625,7222.9707107569275,7084.746364982633,7201.788834573609,292396,10581,55.353268832994885
2024-06-26,7074.1064453125,7215.581772080921,7058.047338725433,7105.1403573079715,298420,15683,58.14515908305253
2024-06-27,6885.833984375,7211.591445402846,6857.016780233931,7142.725812743678,1135404,7724,57.30747029816383
2024-06-28,6639.77978515625,6722.3396559425255,6518.107138303101,6667.858088276207,8853879,10952,60.52178021104627
2024-07-01,6636.2822265625,6679.680251704466,6604.804779856452,6650.12414439604,488374,12648,53.55815066661238
2024-07-02,6530.02734375,6685.590878501798,6447.270250647413,6659.778354659149,818252,17980,71.70075311744944
2024-07-03,6612.39111328125,6634.360960868678,6509.191037449501,6530.274298019115,656496,9344,76.78758336709329
2024-07-04,6562.88427734375,6674.753946264106,6552.884076623404,6674.753946264106,348211,12428,66.06204074114508
2024-07-05,6535.93896484375,6599.878579003766,6502.491111911079,6576.233693812531,222128,12082,72.4477936900353
2024-07-08,6449.73388671875,6576.233930840025,6438.305428919785,6540.766601774821,560888,8047,63.24180199794644
2024-07-09,6387.92431640625,6524.359943740776,6349.869139160611,6509.959433593267,547696,5564,66.17796230323285
2024-07-10,6293.0576171875,6410.836564303712,6246.342223924186,6390.497620105917,381571,17054,73.04830222174766
2024-07-11,6551.0830078125,6571.8182349649505,6318.5933932512435,6323.343947553873,973579,17483,54.93950338348214
2024-07-12,6513.47265625,6576.915025699466,6444.190923088247,6575.776922451727,499047,14122,45.07867350181599
2024-07-15,6599.431640625,6624.323481151576,6449.139668785846,6523.370097754375,423404,6776,53.948508374872546
2024-07-16,6561.17822265625,6648.918491702537,6541.036936582927,6626.104716918763,232566,12372,56.53704072877911
2024-07-18,6485.017578125,6644.464632974622,6427.909442619974,6532.277616944561,1507949,9371,45.17308886126864
2024-07-19,6284.6943359375,6457.8986623191595,6193.291841904179,6433.303551318763,1038301,15482,76.43192787463884
2024-07-22,6224.46875,6357.539355685173,6174.932504933861,6265.048050166958,689230,14311,66.45399508372273
2024-07-23,6142.96337890625,6257.278231753959,5869.201478808967,6236.939288906333,618868,8477,46.48551745318816
2024-07-24,6257.3779296875,6310.081535959928,6123.2189900338935,6140.390576540569,628120,17895,46.55716921940421
2024-07-25,6361.49853515625,6391.339071257914,6175.229450151169,6245.253488873483,589561,9138,59.34773572299767
2024-07-26,6481.306640625,6497.389901358016,6342.792457188232,6373.919945884553,477709,17357,69.52947412086684
2024-07-29,6515.99609375,6571.619619657483,6472.893152989184,6517.382114986708,386209,3236,64.5984558746705
2024-07-30,6613.18896484375,6632.241441750734,6487.393033650444,6515.452232658571,531991,8573,49.25716824728227
2024-07-31,6787.82861328125,6811.384209596262,6613.188962869779,6613.188962869779,806650,16294,57.72161095536937
2024-08-01,6705.53173828125,6835.1382675490595,6690.636358041072,6829.199832911745,248158,14471,53.69584204626472
2024-08-02,6682.22314453125,6769.765756136892,6606.309966673402,6610.021488082274,285579,16756,45.57371055892382
2024-08-05,6391.53662109375,6550.043716005419,6366.001547002799,6458.0472783260675,361050,3115,65.77452747157355
2024-08-06,6347.3447265625,6543.313053359301,6320.918984578263,6454.38490537837,366504,9939,75.73252482887675
2024-08-07,6638.57568359375,6680.7386642624115,6414.103057782943,6423.109779895636,348385,3021,56.472473032705416
2024-08-08,6564.34521484375,6639.169584091472,6547.222922492531,6631.251671647714,211234,8807,61.163596446922064
2024-08-09,6582.4580078125,6660.894831274609,6540.195955048788,6639.219158426604,118749,5907,54.07791471488087
2024-08-12,6517.580078125,6587.752480865926,6481.157874004062,6563.949449767384,400058,13732,59.22947174335941
2024-08-13,6347.98828125,6540.047438574879,6316.019902459464,6517.975967256019,198328,4125,49.4246546364631
2024-08-14,6347.54296875,6373.870123867837,6244.016168513235,6367.832619069718,258704,17589,62.135913834907655
2024-08-16,6605.86474609375,6640.159106593141,6349.225127417537,6393.714089818407,479575,13060,56.295686462145675
2024-08-19,6549.00439453125,6631.251808391023,6428.404591481156,6631.251808391023,567049,14392,57.470559910544445
2024-08-20,6716.369140625,6813.363566764294,6604.7760636126995,6700.533315949197,1067336,14144,74.91423088223485
2024-08-21,6718.0517578125,6773.77387148313,6666.931350672301,6730.22535448353,357548,12442,72.86873473334194
2024-08-22,6761.8974609375,6799.507546346696,6699.345757159053,6753.979548219775,352837,14644,57.11642150363684
2024-08-23,6684.84619140625,6780.554154908613,6666.882523541119,6720.328434507749,191477,17602,73.58333791700133
2024-08-26,6697.0693359375,6735.075219110385,6653.322676265618,6735.075219110385,230388,7251,66.90743854600211
2024-08-27,6700.087890625,6742.94388207949,6660.943903933327,6719.289215092685,200927,14824,77.57614447651562
2024-08-28,6718.59619140625,6754.96910195524,6681.728411325981,6736.1640597666465,206801,10066,53.36251810551961
2024-08-29,6674.30517578125,6784.661078072288,6637.388103121443,6750.020211882275,352648,3196,74.85576608770309
2024-08-30,6743.48828125,6791.886426542473,6680.788212666911,6700.533701002656,414118,7909,69.0721450953808
2024-09-02,6649.06689453125,6770.606655770095,6629.7176895383645,6769.765764199896,159217,17206,52.243313597244075
2024-09-03,6697.712890625,6720.328525838178,6630.064126114967,6649.067310247553,176221,13608,58.430703585156344
2024-09-04,6648.126953125,6683.658974098735,6608.240659954794,6641.149485647458,183073,17728,53.62734290314103
2024-09-05,6580.57666015625,6670.494547560252,6409.846677719923,6654.757793659453,700511,15330,46.737021495403674
2024-09-06,6552.765625,6624.274272490404,6517.4317470492715,6580.775047248383,222473,10743,59.807272527624875
2024-09-09,6595.62109375,6632.884672692987,6507.534317437912,6512.483012736345,527457,9676,50.38031025044115
2024-09-10,6618.78125,6665.991999015482,6581.7651038147105,6610.665679233115,147853,6166,61.69692458495869
2024-09-11,6741.11279296875,6774.219758105793,6603.5390625,6646.097842429182,581267,17035,68.30354013431645
2024-09-12,6777.93115234375,6819.302051305965,6735.174232095368,6779.663195680439,263580,13237,76.14840803227929
2024-09-13,6683.5595703125,6853.448184891839,6675.790021964828,6789.610014926423,395742,12054,50.79112409272866
2024-09-16,6655.45068359375,6757.9379648400045,6641.198055223333,6730.2252725413055,337211,11124,60.674064381770265
2024-09-17,6622.73974609375,6683.50962677534,6612.248415567244,6680.738550758987,106032,16822,53.61042336123678
2024-09-18,6598.78857421875,6660.894701363896,6579.785390612538,6631.2518226690745,282119,4098,63.00364818563824
2024-09-19,6409.4013671875,6669.900380699253,6359.617205778248,6621.353876304699,391188,15262,56.18567394537352
2024-09-20,6492.044921875,6515.798659029641,6393.763544435058,6433.204742156448,309437,5370,58.64163707948792
2024-09-23,6541.234375,6565.879262831176,6458.047004972319,6532.277430316829,265590,7285,57.704936927357764
2024-09-24,6589.43505859375,6636.991825904988,6462.995896904688,6566.918495553233,416396,14491,50.17828196462834
2024-09-25,6617.34619140625,6636.200527560929,6515.798865202789,6591.563198424545,289831,7677,54.77048301752009
2024-09-26,6678.16552734375,6705.135917902179,6595.62138280262,6631.251990512838,536672,6025,69.81491382634798
2024-09-27,6982.41064453125,7045.9520829195,6666.78296772808,6684.400612245532,1291485,17004,78.3052779995852
2024-09-30,6883.8330078125,6996.366044139452,6838.106871895677,6992.50615862541,303374,13136,62.10257201067428
2024-10-01,7251.37255859375,7278.095513368011,6831.5748305256375,6916.247297560032,1221518,5458,77.99520266632788
2024-10-03,7256.96484375,7353.761129371952,7126.121148247383,7128.397354750221,885592,6598,65.80903391130688
2024-10-04,7111.2255859375,7317.58617221342,7096.428794236652,7253.79729887872,467877,6005,66.74233874350013
2024-10-07,7004.2841796875,7171.154280014387,6908.47763304623,7113.254545643972,438613,12551,50.673839936518355
2024-10-08,7188.22705078125,7223.01628059911,6963.803728518382,7004.383028243972,410534,7028,47.341180354103635
2024-10-09,7320.7529296875,7361.678734282353,7175.607800960884,7225.094751312338,369028,8715,51.25609728754171
2024-10-10,7376.376953125,7507.665744615711,7305.957114675468,7348.812623264341,470788,6472,59.912529998983565
2024-10-11,7370.4384765625,7416.263202111022,7289.428237177409,7416.263202111022,177393,5851,78.4248233235961
2024-10-14,7406.61328125,7432.891143597278,7262.705316709125,7309.223053133945,311238,13877,76.86300835608688
2024-10-15,7412.4521484375,7526.965144803595,7317.635344918524,7431.900906532983,209845,12247,76.4441205027063
2024-10-16,7107.81103515625,7443.72837432075,7086.779080202958,7403.248143558971,482049,8898,56.1512042341793
2024-10-17,7047.486328125,7232.81496862867,6941.584247837189,7082.770912519959,734999,8101,66.8784143903955
2024-10-18,7047.337890625,7096.429044546921,6544.154650285111,6631.202393728514,1967388,17219,65.42178069549573
2024-10-21,6779.46484375,7169.620158253519,6726.01893673697,7081.5826792264315,842387,17422,62.93419834654365
2024-10-22,6583.19970703125,6769.814803368332,6522.42934542515,6769.814803368332,720095,12188,77.66085262218797
2024-10-23,6593.3447265625,6695.584575628435,6524.359722474892,6552.072415470841,461038,4452,54.33117156079307
2024-10-24,6435.62939453125,6581.76425921127,6423.40602139566,6581.76425921127,313821,3253,49.84387594594559
2024-10-25,6389.16162109375,6474.674981764173,6316.514868585598,6443.201472029496,324913,17219,46.60624936964507
2024-10-28,6303.8955078125,6457.601790519834,6278.904596547866,6433.303889905601,318609,12491,61.15981304252942
2024-10-29,6332.3505859375,6373.721485860126,6243.274069411339,6339.229465799877,208968,8997,76.1625938905815
2024-10-30,6328.73779296875,6413.459549651652,6269.996685535304,6364.021892342857,275703,5754,46.70427554706204
2024-10-31,6413.9052734375,6434.046561110994,6276.925476378253,6329.084921122361,259567,13936,76.45850057256672
2024-11-01,6435.08544921875,6464.38182306063,6383.817157448741,6433.304112157646,26757,12047,49.76115024940557
2024-11-04,6456.0185546875,6485.908384151473,6317.702521910501,6438.252545362296,285465,12624,59.29626460917444
2024-11-05,6564.49365234375,6587.159063583898,6306.023391776063,6509.563134151849,532984,12244,73.9978268038381
2024-11-06,6813.31396484375,6863.839947355467,6631.251282953371,6631.251282953371,667866,14918,71.83243163094062
2024-11-07,6746.8037109375,6878.6864401680605,6732.94736415155,6878.6864401680605,240697,9770,52.58187899056387
2024-11-08,6656.78662109375,6769.715941858584,6616.405461696513,6769.666648215145,164756,4359,65.91455435845099
2024-11-11,6639.5654296875,6728.988450631398,6558.456603484756,6656.786792719412,175932,5704,78.3502523952107
2024-11-12,6436.02587890625,6686.677303893065,6419.546819682747,6651.046696589904,199839,11492,64.37726247103555
2024-11-13,6263.31640625,6413.460019750117,6199.87403382593,6398.663227022676,232394,13859,58.80754136622896
2024-11-14,6237.236328125,6334.329824114458,6213.037498681421,6269.947493194949,191359,5949,64.78916011161341
2024-11-18,6378.521484375,6419.1505611454595,6193.2919232681725,6231.2978050164475,455631,7513,59.62003988865846
2024-11-19,6450.1787109375,6542.5709483166265,6393.714291194417,6426.375679988444,197471,14408,66.43563477774569
2024-11-21,6342.59423828125,6464.97537324083,6324.481723987609,6458.047199999452,199200,4334,50.35390471531208
2024-11-22,6552.5673828125,6577.310859071138,6342.594339935902,6349.1760079664955,191475,8699,56.256539857162025
2024-11-25,6696.72265625,6751.009938821866,6632.43939606945,6740.122809467366,369729,10980,67.51725772271128
2024-11-26,6802.1298828125,6814.3532565499845,6670.841096462875,6730.225438567885,218029,9833,67.12238115129634
2024-11-27,6971.7216796875,7014.726033555588,6758.086414867406,6800.001959155731,497850,8206,61.72726794831907
2024-11-28,7075.8427734375,7091.727892249474,6967.070062706622,7027.147417741358,620605,11198,47.09629904249028
2024-11-29,7223.0166015625,7244.88993147978,7037.044728527491,7101.872637067371,500991,7047,51.021531084110016
2024-12-02,7276.51220703125,7317.14080175368,7215.3460437359745,7233.012982445001,229302,5293,74.98303090068774
2024-12-03,7336.44091796875,7352.9199769683955,7227.074749815557,7276.5617037310285,270695,13154,51.0562659071561
2024-12-04,7225.1943359375,7402.258560238866,7197.382571206985,7344.804400101383,213014,13452,45.072245066900145
2024-12-05,7266.2685546875,7311.05424823196,7199.0155906311065,7250.135517658034,299865,6962,71.2069344484191
2024-12-06,7242.86083984375,7286.854449229803,7207.23023519692,7286.854449229803,106871,7140,60.24408220459553
2024-12-09,7362.0751953125,7374.546004576783,7220.245776158717,7242.861411157386,228256,13220,50.35197565150585
2024-12-10,7366.4794921875,7393.350811131987,7297.989355622016,7373.556029843816,233072,12042,77.65104569833925
2024-12-11,7325.30615234375,7381.919419378091,7309.222892762519,7381.919419378091,96608,10732,77.51260178698422
2024-12-12,7409.58251953125,7447.588403383231,7309.223073911306,7325.306333891137,206603,5450,61.10908956698893
2024-12-13,7444.96533203125,7487.375746030782,7326.493860354743,7383.403854458745,320336,4629,49.09605778907528
2024-12-16,7463.96875,7517.068153866524,7427.9916385475,7452.091881290797,150287,7754,53.44596194950079
2024-12-17,7406.2666015625,7472.529824239496,7374.545658332249,7472.529824239496,199765,8667,51.98523802465134
2024-12-18,7337.2822265625,7418.2426891284895,7296.455489951019,7406.266749734916,167097,4733,71.5683647506501
2024-12-19,7416.60986328125,7435.01910699051,7225.095349563372,7274.582304012436,240206,16748,67.27464844532885
2024-12-20,7104.59423828125,7515.583373160404,7076.73318105984,7432.940163618178,340963,15548,54.39267557080803
2024-12-23,7045.30908203125,7193.869010487079,7008.985465490865,7106.32639797245,245937,14254,56.364091170974405
2024-12-24,7019.0810546875,7075.644545355588,6949.947684639382,7045.309139797575,122770,7543,62.497770955259256
2024-12-26,7071.28955078125,7087.026304660405,6977.660142148712,7019.080817093542,153820,7743,69.45110771920636
2024-12-27,7075.89208984375,7126.121347956079,7013.291093280108,7071.289899794068,147479,12646,76.17964385686633
2024-12-30,7208.91259765625,7252.80762034241,7071.883518754718,7111.274938886492,378267,10110,74.66992121243692
2024-12-31,7197.72900390625,7287.152025305582,7108.355276151879,7215.197801792736,164893,11469,68.32757033457283
2025-01-01,7266.0703125,7290.219849155975,7128.892380731405,7210.249125601164,113918,13987,69.21265870276673
2025-01-02,7314.81494140625,7363.658661033845,7205.349703903879,7266.070292339594,162726,8491,72.98990275486398
2025-01-03,7134.0390625,7361.679043684101,7096.132250246012,7324.068959836293,209835,14796,56.887312771103936
2025-01-06,6877.0537109375,7161.306487965192,6854.5371466128845,7140.967542949615,268937,12604,49.888564895520574
2025-01-07,7089.3525390625,7116.223857949788,6897.392454620659,6937.971756175032,262756,13285,50.372337801892584
2025-01-08,6833.75244140625,7076.6343111805345,6750.069713540093,7076.6343111805345,271536,13240,72.87768230672265
2025-01-09,6680.04541015625,6928.1731771076375,6665.843041759987,6928.1731771076375,174394,5520,51.16023416183843
2025-01-10,6471.85400390625,6690.635615755049,6433.303476687547,6681.332165842961,177818,3405,64.26559334077032
2025-01-13,6187.650390625,6470.220888995547,6164.2431587802075,6384.855896055233,282470,6850,49.051309304523805
2025-01-14,6408.263671875,6441.568294521113,6122.08023664936,6195.6674322628105,566958,7831,52.61786200339236
2025-01-15,6384.6083984375,6531.287917301921,6324.580822386087,6433.30375245681,325741,6547,53.6381380053754
2025-01-16,6596.95751953125,6641.149273107182,6455.3750531874075,6455.3750531874075,213590,15442,45.53587801342114
2025-01-17,6710.13427734375,6753.979525562653,6524.360057518906,6524.360057518906,358371,7640,66.82104308788813
2025-01-20,6737.69775390625,6754.968893322857,6631.25151432427,6720.328027203253,138197,17592,75.00188524472775
2025-01-21,6492.34130859375,6751.6036319098,6459.383193334655,6750.019952861969,380639,5142,76.35489841738763
2025-01-22,6101.09814453125,6538.167015337232,5920.619128115774,6530.199325845805,1654348,11749,60.03703148973217
2025-01-23,6186.759765625,6397.673255014923,6080.511181358504,6116.538069597003,1215099,13653,62.16236095669787
2025-01-24,5855.09814453125,6342.099539523448,5830.750950244244,6229.318580199143,1354910,16215,53.052704871096324
2025-01-27,5585.5927734375,5818.824702487293,5532.6910236941985,5818.824702487293,835702,6299,46.48645731022073
2025-01-28,5616.4228515625,5700.89717986629,5429.65937453888,5592.9663250038,640961,17203,61.834862348772404
2025-01-29,5770.42578125,5845.398510194675,5631.862321814298,5646.95584150283,430356,10753,55.72174046804015
2025-01-30,5729.05517578125,5829.46391206433,5670.511724576631,5809.768201697447,475573,10763,47.483993181180836
2025-01-31,5975.9951171875,5991.484436735601,5659.921853491372,5750.334612770532,680372,12939,68.5654910378903
2025-02-01,5785.7177734375,6018.553885575545,5611.820428576893,6018.553885575545,407366,15216,51.98419910447227
2025-02-03,5797.64404296875,5859.057159013965,5686.10025636213,5774.583315923584,405813,7101,66.36780668245883
2025-02-04,5902.70458984375,5925.567658422047,5799.920093435558,5806.502244697187,326464,10322,55.410036383941105
2025-02-05,5975.3515625,6029.737918328361,5903.3480443321005,5977.034312246702,341372,9269,69.24355365907324
2025-02-06,5798.88134765625,6000.392323706739,5789.973695816532,5996.235226206454,191057,6261,51.058410666335774
2025-02-07,5809.4716796875,5888.947534619411,5768.248660328335,5829.46411917014,158629,7669,67.14113400758124
2025-02-10,5589.25439453125,5850.198990849212,5559.314789136189,5850.198990849212,540742,17378,51.96557869386703
2025-02-11,5451.53173828125,5608.850946581557,5336.821084148649,5596.974078510448,515222,17792,56.587279022742706
2025-02-12,5583.4150390625,5647.451352686166,5318.857968688303,5443.614389997144,695730,9139,53.286348811794795
2025-02-13,5493.9921875,5646.213860485949,5471.920716663758,5611.820428407088,191040,5443,64.13479235085723
2025-02-14,5360.673828125,5540.509596706014,5299.111869368299,5524.92120754507,401884,11496,77.74320173280844
2025-02-17,5358.6455078125,5375.471072133465,5215.182635190916,5324.252074862292,333358,13283,57.48758778379313
2025-02-18,5381.1123046875,5408.924069475699,5235.719730562937,5344.5910293081015,272045,14536,55.49112008539878
2025-02-19,5542.6376953125,5566.638867035766,5300.101853564885,5364.3855975300385,348483,14486,51.60711544987081
2025-02-20,5697.185546875,5724.502441981976,5493.447661760561,5516.805600570033,288846,15373,65.10969313702105
2025-02-21,5780.17529296875,5808.927019910492,5691.989444359675,5697.185574525366,603944,10725,73.35088340441597
2025-02-24,5781.3623046875,5791.95270543749,5655.368721611384,5711.783845365646,450544,15642,76.18190591811049
2025-02-25,5706.439453125,5777.156016919129,5672.194386002175,5763.49781160132,141031,12022,64.75944760268584
2025-02-27,4631.533203125,5344.590898855747,4608.225041680066,5344.590898855747,5050980,14633,75.17471663395924
2025-02-28,4665.0361328125,4856.649717399995,4508.261557521291,4602.286771124919,6042777,3994,65.69252981605422
2025-03-03,4820.87060546875,4887.133345688779,4534.043935417555,4781.181972439279,4415862,9934,77.08486592173665
2025-03-04,4854.818359375,4913.0645985808715,4746.689369166506,4790.336957520431,1108919,6369,50.8196099527219
2025-03-05,5019.263671875,5032.823290765223,4849.721558456164,4849.721558456164,1164455,8556,45.76461066813945
2025-03-06,5024.50927734375,5102.104720965728,4983.880200029902,5091.415732705476,535365,3998,66.4419573940783
2025-03-07,5011.494140625,5053.508271277514,4947.408540275683,5022.925432784317,370527,6469,75.54818265495115
2025-03-10,4889.75634765625,5057.51711199188,4862.142242308093,5026.884495933106,372497,11256,73.75310395396122
2025-03-11,4857.4912109375,4884.3625312485165,4760.645141905849,4820.326217216331,302464,9355,52.059769903468165
2025-03-12,4957.35546875,4968.490033067133,4849.7213470177185,4896.535810793787,377661,11601,58.821913271953974
2025-03-13,4951.763671875,5061.5256388397465,4909.105821010001,5047.669291764315,449569,13959,76.93811382461386
2025-03-17,4968.09423828125,5022.77732086251,4843.98105790939,4951.763543935715,518771,14998,51.893943699815836
2025-03-18,4968.09423828125,4968.09423828125,4968.09423828125,4968.09423828125,0,15437,77.90449238065784
2025-03-19,5382.5966796875,5400.115253942737,5112.0021237505325,5156.540380395019,644101,15675,74.59141231160525
2025-03-20,5031.2392578125,5188.2612573116885,4863.231058493005,5171.386400261344,4100652,17481,51.72185197061429
2025-03-21,4941.07421875,5086.2691351818185,4928.900621367086,5047.669311038582,1428921,12889,73.29375634129622
2025-03-24,4973.88427734375,5009.762317727453,4925.98052094566,4968.490006239724,1060661,13661,70.38976077694906
2025-03-25,5099.28369140625,5145.454919094902,5008.079339224571,5017.778588114671,1184080,13300,75.66255855203322
2025-03-26,5097.99755859375,5167.427657335461,5060.436767776072,5114.971486900912,475269,15781,64.91785702165069
2025-03-27,5163.02294921875,5201.078608271789,4938.797765038292,5085.328435279771,633018,16209,74.47982645286737
2025-03-28,5095.12744140625,5204.0480328088715,5055.141596340304,5181.927267928481,449930,7226,46.184978816486776
2025-04-01,5050.24267578125,5106.756873338555,5010.504748770668,5038.761605913805,281666,10752,69.5310976551454
2025-04-02,5231.51318359375,5250.565660306454,4933.849164303049,5059.5460236544,661417,10935,56.89463607093096
2025-04-03,5150.3544921875,5210.876937392009,5111.606305705668,5146.642970814317,320013,13287,65.33620529188526
2025-04-04,4989.02734375,5149.612511933989,4929.890432816297,5149.612511933989,421875,12610,67.79445722683698
2025-04-07,4883.966796875,4913.065030579174,4520.13859682818,4602.28694443859,497046,3690,63.03651695059451
2025-04-08,4934.9873046875,5047.669193033241,4874.464857978179,4938.797896712917,283588,7129,72.6036813390871
2025-04-09,4953.6435546875,4976.704279425904,4839.823572911464,4934.442715285565,195312,13573,77.62920942557093
2025-04-11,5040.98876953125,5125.562170586483,4993.233857023542,5037.772117393425,338270,12817,61.37365809723839
2025-04-15,5195.63525390625,5207.512122759832,5071.4230004792125,5126.848388462592,383428,9253,54.99214835837671
2025-04-16,5245.1220703125,5280.257806418943,5168.912163828103,5204.047899934546,301161,10567,78.18261074781495
2025-04-17,5238.68896484375,5281.742614942126,5191.676358414489,5233.740269430144,259527,17726,46.85454154855727
2025-04-21,5356.96240234375,5382.20074714925,5225.821983256351,5246.606502507939,224054,10068,78.7659981514067
2025-04-22,5449.50341796875,5511.856980506351,5380.716551359809,5394.572898590387,633870,6803,48.57970642642704
2025-04-23,5556.8896484375,5567.776777502031,5405.954450042857,5527.692347764438,374348,7414,59.46164693632821
2025-04-24,5455.9365234375,5572.230862032313,5433.6673947704085,5556.889906728316,264678,6016,71.48629295068605
2025-04-25,5450.49267578125,5527.692317820643,5330.73425672014,5483.154062797917,669725,12635,53.05008860826331
2025-04-28,5540.55908203125,5559.858993088701,5399.5212704575715,5427.233963258013,278907,15982,51.89074016307149
2025-04-29,5513.341796875,5635.574578836056,5496.5162317467575,5540.559622817746,264199,17906,63.41954667696676
2025-04-30,5463.359375,5546.497452445652,5407.933990036232,5513.341195369112,248922,5413,48.03048043655756
2025-05-02,5403.97509765625,5526.702737236722,5389.623881737566,5442.574919782366,163134,11274,66.19020819022857
2025-05-05,5735.53759765625,5749.393943880096,5478.700323007105,5478.700323007105,669348,15812,77.78380364502527
2025-05-06,5845.39892578125,6015.139175657898,5666.256154774408,5769.683887206535,2645488,13235,56.86515329818482
2025-05-07,5826.0986328125,5995.838871583815,5766.2194232167885,5838.965239833066,807608,6652,68.44352296615604
2025-05-08,5705.845703125,5886.967951810494,5666.256140570794,5877.070561171942,394295,13038,75.51574527689867
2025-05-09,5707.33056640625,5729.104826782724,5542.539004920663,5542.539004920663,356853,7768,68.22779033164909
2025-05-12,5931.01123046875,5955.754706607543,5821.150196412507,5903.298537193302,305557,3675,78.08291565168642
2025-05-13,5945.857421875,5992.375157843061,5891.4217734017375,5931.011335927747,222006,9878,67.66174139943146
2025-05-14,5919.62939453125,5973.075304463484,5850.84252897032,5946.352349497367,272460,7956,50.73914098995725
2025-05-15,5980.00341796875,6007.716111729611,5925.567769509915,5947.3420288934485,252483,14426,61.63590949178851
2025-05-16,6031.96484375,6053.24423404299,5954.765195245201,6006.726497123431,233003,14407,50.11637749179608
2025-05-19,6039.88232421875,6103.720490529624,5999.303024703311,6037.407976687321,186495,15378,76.45218353755135
2025-05-20,5951.7958984375,6093.823455006184,5930.516508428952,6093.823455006184,204127,17077,49.46153881196054
2025-05-21,5992.8701171875,6013.159768286153,5919.134555877761,5967.13690115994,124116,3327,55.96431718759483
2025-05-22,5886.9677734375,5992.869850061207,5831.542387540981,5992.869850061207,356912,3007,64.72097945734075
2025-05-23,5823.12939453125,5928.536597814598,5805.80896206685,5918.639207834941,323816,11288,69.77838816000846
2025-05-26,5888.45263671875,5906.762809637365,5847.873334574793,5879.050115490272,120578,12398,77.30802559519626
2025-05-27,5902.8037109375,5961.198315053079,5850.347541138759,5869.152583142081,219023,12439,77.92105707056899
2025-05-28,5995.34423828125,6027.510757099927,5882.019118135447,5937.44450440763,286060,15178,73.99373762586599
2025-05-29,5940.90869140625,6036.913379963752,5900.3293900572025,6027.510858919461,215817,4953,75.16747688493703
2025-05-30,5929.5263671875,5982.972273351434,5897.359849588836,5952.290364257324,286739,12252,74.9622037362217
2025-06-02,5865.6884765625,5950.311165290433,5849.357782246583,5920.618993806947,170390,17293,73.10933949056579
2025-06-03,5810.75830078125,5918.639863510794,5792.448127290456,5901.814298681416,137818,13439,59.96659532398566
2025-06-04,5836.49072265625,5848.862459816365,5770.178211478029,5839.459939574677,150898,11183,58.18252332990369
2025-06-05,5919.13427734375,5958.22896908442,5811.747592435833,5839.460285315296,218509,4590,74.73247746381715
2025-06-06,6045.82080078125,6056.213060486285,5896.370208832659,5938.43411716256,319429,11588,46.84801858405975
2025-06-09,6080.95654296875,6195.766269365947,6071.059152762095,6094.812889258067,287704,10582,61.475840964026986
2025-06-10,6075.0185546875,6126.484987539202,6040.377686421931,6126.484987539202,142972,6084,67.05441058725384
2025-06-11,6103.22607421875,6154.692506694121,6057.698076259768,6057.698076259768,158096,10714,47.38842570092106
2025-06-12,5987.92138671875,6103.720858164385,5948.331823831353,6103.720858164385,244951,5771,61.83170587463933
2025-06-13,5968.62158203125,5987.426624740577,5700.897158195838,5700.897158195838,199145,4661,58.445919534315635
2025-06-16,6044.33642578125,6070.069641283184,5913.690870156045,5943.383041889047,192518,8647,72.73167731899561
2025-06-17,5979.5087890625,6061.65713458798,5908.7424432182615,6051.2648740094555,327846,3926,55.56950181041755
2025-06-18,5927.54736328125,6165.579612549765,5918.639711541472,6136.8771791660365,646632,11113,63.93210060445145
2025-06-19,5762.2607421875,5953.28037860835,5727.619875479056,5930.516380485658,466216,11072,71.73200333678261
2025-06-20,5938.92919921875,5953.775285042978,5740.486518701567,5765.22999507528,659919,13384,53.11241645965199
2025-06-23,6224.9638671875,6269.007255706435,5913.6909303514285,5938.929276581381,935253,4564,61.48450263272293
2025-06-24,6313.54345703125,6396.151497849976,6229.442499812185,6279.206379823466,608610,7856,53.27970118515384
2025-06-25,6410.5830078125,6464.327998096909,6316.031636015856,6328.472605989098,480549,3691,74.76514034169834
2025-06-26,6437.953125,6465.820897667543,6359.823833771354,6419.540489487516,294479,10661,61.542251259914345
2025-06-27,6455.37060546875,6554.898366885166,6439.446163642124,6449.398939783765,417426,6394,77.86426253222263
2025-06-30,6520.0634765625,6534.495001583131,6437.953075583046,6455.370433366566,180007,3536,45.64220813587507
2025-07-01,6632.52978515625,6657.411724626374,6529.020916960534,6529.518555749937,317256,16749,46.44078104039158
2025-07-02,6736.03857421875,6745.991349889877,6606.652490494099,6648.454148312832,407342,7603,51.0348393424253
2025-07-03,6775.35205078125,6837.059260057554,6711.156647582515,6743.00552978964,349404,3333,51.426410185215204
2025-07-04,6685.77734375,6838.552456852438,6630.04179760188,6795.755519631559,457714,13066,66.61959141378914
2025-07-07,6668.35986328125,6707.673328146863,6573.808492085471,6668.35986328125,183853,11267,51.53795874106197
2025-07-08,6716.630859375,6728.574190531924,6593.714076218326,6638.50156805679,159641,15150,55.81614409564888
2025-07-09,6684.2841796875,6763.906385520586,6638.501411333476,6716.630700807191,303920,5418,54.36219304398916
2025-07-10,6748.97705078125,6776.844822116138,6658.904432716701,6708.170671326593,249936,3619,70.20534358870778
2025-07-11,6673.833984375,6761.91605247092,6614.117328038784,6738.527028739235,310579,16651,67.19313898173795
2025-07-14,6764.404296875,6847.509977561981,6690.753753511688,6750.470410292752,407039,7226,62.7181559801117
2025-07-15,6911.705078125,6922.653131384323,6767.887469400244,6771.370940891848,418898,11676,55.98173417271683
2025-07-16,6915.1884765625,6976.398046411175,6896.278202950714,6897.27348050923,289082,3800,52.454528114913124
2025-07-17,6853.4814453125,6943.554066689319,6782.816736829028,6936.089484807263,907510,3612,71.70695188124571
2025-07-18,6893.29248046875,7046.565226930227,6863.434153235995,6958.980800380811,1599277,17266,63.6687891971028
2025-07-21,7008.74462890625,7027.654902684894,6790.281202884534,6922.155480551401,356365,3375,61.160679233044846
2025-07-22,6927.62939453125,7046.067423113855,6912.202592488978,7008.744514947068,267070,11346,73.52964747323179
2025-07-23,6852.486328125,6961.966864957789,6817.651611860022,6960.971587350217,297076,5580,45.30368503635214
2025-07-24,6808.69384765625,6897.273551272886,6770.873300044653,6892.297163429254,240792,7679,56.078923574621484
2025-07-25,6702.69677734375,6807.6985606995695,6682.791225996675,6807.6985606995695,183817,12772,53.23702549542682
2025-07-28,6805.21044921875,6818.646696540791,6693.241721535078,6717.626022230633,253763,6969,61.199298645511355
2025-07-29,6929.6201171875,6944.0516420276035,6757.934735469031,6800.73167120175,258467,15105,45.55291319202825
2025-07-30,6898.26904296875,6953.00931094787,6838.552386991528,6947.037645350148,218429,6455,69.24077859273821
2025-07-31,6788.78857421875,6852.486341225054,6669.35526108193,6815.661069674535,677598,8754,72.95960708859364
2025-08-01,6666.369140625,6827.106467619765,6648.454144427441,6788.290642525054,246544,5800,70.29674315468925
2025-08-04,6886.8232421875,6905.235877490696,6651.44009358177,6712.6496649951,367819,8061,57.996542467011565
2025-08-05,6892.794921875,6920.662694283129,6851.988540848811,6898.766587391027,208115,15002,57.66602562270268
2025-08-06,6792.76953125,6917.179229624542,6648.45428113553,6917.179229624542,444662,3926,69.32170610891258
2025-08-07,6848.5048828125,6870.898627887821,6714.142412360577,6757.934624952314,193378,17684,60.7370656521301
2025-08-08,6709.166015625,6872.391535067591,6686.772270579523,6820.13946329481,148921,16091,63.028455040623854
2025-08-11,6725.58837890625,6777.840452882214,6643.975615743791,6727.578934105334,140792,15743,71.02725248229282
2025-08-12,6771.37109375,6790.779006784192,6588.737655710296,6732.057628885867,522463,7226,65.81737758614561
2025-08-13,6933.103515625,6947.535040312993,6787.792991180376,6794.759934133201,255672,13557,66.27072493721641
2025-08-14,6937.0849609375,6950.02356990338,6871.894277301717,6942.0613490013,143368,3280,54.75818727317266
2025-08-18,7053.5322265625,7151.069429638996,6975.900575134268,6991.82501645288,459379,9752,54.51815721324213
2025-08-19,7083.390625,7101.30562166292,6990.829808908248,7060.4992403751585,187122,6026,58.18687482937558
2025-08-20,7124.19677734375,7173.960655363754,7086.376230048547,7095.333728092148,217222,9976,47.02459808569044
2025-08-21,7051.0439453125,7143.107120545954,7033.626587835901,7124.196846714218,139514,6303,52.181139626625935
2025-08-22,7066.96826171875,7130.168386304222,7026.161882065138,7066.470622942486,172189,13566,62.16920487734623
2025-08-25,7038.10546875,7121.708786203864,7024.171582507689,7114.741843082709,116097,12822,73.63302604294395
2025-08-26,7030.640625,7062.489506653454,6952.013698418034,6994.312994364029,187129,7226,53.98065836820621
2025-08-28,7072.93994140625,7136.140066120145,6952.013718528482,7065.475359747129,275286,15553,45.298144536541734
2025-08-29,7057.51318359375,7146.09288650446,7036.612354817065,7080.902206272421,260270,10330,63.47896152493797
2025-09-01,7110.7607421875,7125.689906038408,7025.664508237324,7092.84574556641,150419,12062,66.3026004519721
2025-09-02,7144.60009765625,7165.0032880166245,7079.409416260904,7115.23940908888,130949,10814,61.17740413375136
2025-09-03,7200.83349609375,7210.78627217681,7123.699481450037,7141.116839595391,265000,10303,74.69569874660527
2025-09-04,7222.7294921875,7290.408368509499,7201.828662735118,7215.762549036706,197453,17284,54.793134842921795
2025-09-05,7193.8662109375,7280.952997525357,7184.411074107961,7253.582864597745,143952,14770,60.48337478081227
2025-09-08,7289.91064453125,7349.627299411703,7195.856913094537,7195.856913094537,234488,4257,63.63869897111186
2025-09-09,7159.03173828125,7336.688788925377,7140.619102780318,7325.24309658696,160736,3257,67.00819090998102
2025-09-10,7174.9560546875,7236.663264479514,7162.515084971368,7219.743545665574,133081,17513,59.05945020594517
2025-09-11,7199.34033203125,7250.099488308791,7114.741738235348,7205.809636262701,178711,4267,60.5344944821945
2025-09-12,7220.2412109375,7275.479116679733,7201.330936899618,7216.260100613735,218090,4117,60.19748609815447
2025-09-15,7215.7626953125,7245.621023706896,7096.329381734914,7225.715471443966,161143,9546,61.38625277298981
2025-09-16,7360.07763671875,7366.04930214408,7207.3025295874,7216.260027725395,209209,3256,46.945420583857086
2025-09-17,7324.24755859375,7403.869763334544,7267.516737715934,7403.869763334544,269888,16874,70.10924831673825
2025-09-18,7405.36279296875,7416.8084850753485,7315.290172477698,7324.745309435322,184784,4006,72.07786091709482
2025-09-19,7513.3505859375,7532.260860296066,7388.9408862100945,7405.362966574112,370166,12073,61.10445859870292
2025-09-22,7620.84033203125,7677.571153361508,7469.5581418172305,7513.35035477392,415876,14247,76.35807361401795
2025-09-23,7584.01513671875,7660.651510147535,7525.791398464414,7613.873464028667,317133,7140,65.32311598703622
2025-09-24,7496.92822265625,7587.498480639883,7469.558089749108,7554.156682371183,352940,9985,45.768100109053506
2025-09-25,7372.5185546875,7564.109485740803,7346.641338025755,7544.203934462538,464674,9932,59.963882589479034
2025-09-26,7287.919921875,7470.553353853704,7237.658405172414,7389.935871617873,244407,7804,52.02021899384025
2025-09-29,7243.63037109375,7334.698271472299,7225.217735498088,7290.408418282732,248137,15692,64.8475186173066
2025-09-30,7251.59228515625,7282.445889443904,7170.974802985284,7250.597007598583,183924,17705,64.43344715903703
2025-10-01,7316.28564453125,7338.181751751994,7240.64454685959,7299.365925315221,112742,8157,56.76959807314984
2025-10-03,7358.08740234375,7379.983509857826,7274.98172155169,7355.101569500922,140544,16495,59.2268957758445
2025-10-06,7579.53662109375,7607.902032911907,7365.5519354480075,7372.5188787015895,213779,11255,50.821114302385766
2025-10-07,7559.630859375,7602.427795317745,7519.322117382414,7588.991547986883,110181,7542,74.84302519230029
2025-10-08,7552.16650390625,7638.7556559673785,7487.971098067827,7564.1098352250265,150765,11956,66.73506336345108
2025-10-09,7594.96337890625,7604.916154923687,7510.862421558906,7552.16644203127,96611,7873,72.00838752178234
2025-10-10,7693.49560546875,7757.691008645042,7608.897012135652,7608.897012135652,236521,11051,68.6340363014606
2025-10-13,7649.2060546875,7711.410905174517,7572.072040083599,7663.637580000488,129001,15724,75.34897073470184
2025-10-14,7572.07177734375,7688.021614628259,7534.748868346591,7663.6373140834485,163491,4026,51.94831480389849
2025-10-15,7622.33349609375,7687.026540063991,7557.640452123508,7572.071977316869,115511,12647,67.84123433573234
2025-10-16,7542.21337890625,7668.613629516054,7434.723402009724,7663.63724169677,186760,7732,78.76596202977447
2025-10-17,7404.36767578125,7583.517643069458,7205.312156572129,7557.1427867742495,1113487,4623,47.4985748574356
2025-10-20,7637.2626953125,7663.637551822017,7475.530084640931,7494.440359119453,526263,12248,77.92837413268265
2025-10-21,7569.0859375,7661.149112939678,7536.739416399573,7657.665641436555,65121,14991,45.87229775137322
2025-10-23,7482.99462890625,7653.1870983540075,7464.58199332272,7623.826409180272,250081,5070,57.98992811897711
2025-10-24,7477.5205078125,7569.086045775864,7431.2401000375385,7514.345778515157,202587,3884,75.90625133195147
2025-10-27,7630.29541015625,7665.627763519655,7448.1596167617945,7479.013221107303,276608,5018,52.98783433369999
2025-10-28,7474.53466796875,7682.547683362288,7442.68578522907,7630.793248910307,761477,17142,57.02950046851588
2025-10-29,7698.9697265625,7721.3634721313265,7479.013381197584,7484.487407892186,211944,4857,67.97497489369164
2025-10-30,7807.95263671875,7831.34165991351,7661.646832053657,7698.472102615619,345825,11247,50.88199915463626
2025-10-31,7667.61865234375,7865.678895310573,7648.2107390882065,7827.858346402336,324713,16038,73.58758276783499
2025-11-03,7590.484375,7738.28309389956,7548.682717129417,7667.618386546908,240686,10940,63.49420090043476
2025-11-04,7524.29833984375,7631.290677348142,7512.852647924676,7581.029160660032,162179,15075,73.23914422294065
2025-11-06,7555.64990234375,7633.779193963849,7536.739627938885,7549.180597942086,201409,6721,71.62092591100566
2025-11-07,7506.38330078125,7553.658984523906,7416.3106822820855,7549.1802355377595,127993,10155,73.40937339870828
2025-11-10,7572.07177734375,7626.314405086288,7465.079438218559,7524.298453827386,112624,11536,65.35521231886023
2025-11-11,7623.32861328125,7653.684579428528,7513.3504408460285,7584.015148926578,105930,3900,46.92827062659729
2025-11-12,7643.73193359375,7708.922616100311,7598.446802997589,7651.69415435791,129351,12345,50.15319537393444
2025-11-13,7684.5380859375,7779.089454693369,7601.43240918892,7626.314348335201,182942,14234,46.10920816023216
2025-11-14,7595.95849609375,7710.913056667496,7566.597807462361,7703.4484748120585,127917,4842,70.91123682212735
2025-11-17,7646.7177734375,7672.097352146683,7544.701819802546,7593.968060826256,146747,17682,72.12793496418399
2025-11-18,7624.82177734375,7693.495932498001,7613.873723623507,7643.234413145977,255512,11067,58.665132448645764
2025-11-19,7651.69384765625,7667.618288546274,7604.915802541806,7626.811908765589,138316,14632,46.97019780472595
2025-11-20,7612.38037109375,7703.448267276672,7594.465375123339,7663.6371651202035,220950,8106,65.86252721894869
2025-11-21,7485.48291015625,7611.883166716527,7470.553745995588,7611.883166716527,169885,17342,78.21011262688734
2025-11-24,7391.9267578125,7514.34590298699,7355.599125301371,7514.34590298699,305698,11132,56.225339365256204
2025-11-25,7403.8701171875,7484.487603340503,7349.129848812004,7384.959842657783,130117,12492,48.22421503466464
2025-11-26,7503.3974609375,7532.75814870745,7380.97832210008,7394.41456904565,132131,5895,72.19493820002779
2025-11-27,7443.68115234375,7524.298637748195,7389.93616207412,7524.298637748195,170964,14926,72.49304940618049
2025-11-28,7434.7236328125,7484.487512550201,7416.310997309551,7453.633907112827,223708,6286,52.72869435031273
2025-12-01,7366.04931640625,7494.440123299428,7347.636681309166,7442.68568951303,199441,12337,77.05718748385851
2025-12-02,7312.30419921875,7427.258756862654,7246.61588056509,7374.509046428655,185659,17732,48.41995786032405
2025-12-03,7192.87109375,7335.19578814688,7172.467903294503,7335.19578814688,278984,8426,74.64020687651326
2025-12-04,7313.79736328125,7347.636801309632,7198.842801743659,7215.76252075785,179869,10933,68.28097903696012
2025-12-05,7222.7294921875,7301.356422032176,7137.13561919203,7286.427258137617,191949,11782,76.5863028274753
2025-12-08,6991.8251953125,7231.189460006117,6974.407837174711,7222.72960033919,217567,5881,50.23337117924152
2025-12-09,7160.02685546875,7180.430045701876,6899.264131513674,6991.8249457420025,222653,10464,51.8221682392844
2025-12-10,7105.28662109375,7234.175067295128,7076.423571365256,7184.90882724132,126487,15665,54.17347129217425
2025-12-11,7184.4111328125,7272.4931976810885,7086.376292252546,7086.376292252546,295740,8845,73.88841255248497
2025-12-12,7242.13720703125,7263.535674694436,7159.529169075696,7195.856800224825,158727,12293,62.465785307839354
2025-12-15,7304.83984375,7320.266646335752,7189.387643753405,7216.260138580199,121874,13559,60.17695696552192
2025-12-16,7326.73583984375,7367.542220259915,7230.193915444532,7288.417653355401,267325,17091,63.08195122011303
2025-12-17,7046.06787109375,7306.332967257465,6997.7969067957,7306.332967257465,1779522,4538,66.09933947952706
2025-12-18,7065.4755859375,7111.258354912443,6989.336850576996,7046.067673002469,194054,6236,62.663421357433606
2025-12-19,7403.8701171875,7419.794558896735,7053.532399584327,7056.518232404809,630329,6278,52.29846287467944
2025-12-22,7567.095703125,7611.883195777983,7414.81822810486,7414.81822810486,390893,5270,57.61763797958481
2025-12-23,7608.89697265625,7644.229326159101,7544.203931031311,7569.085870117826,256703,11549,74.4656155534252
2025-12-24,7594.4658203125,7641.7415068946175,7575.057906873526,7608.399706884072,94994,8443,64.80273987796076
2025-12-26,7520.81494140625,7636.267139276048,7495.933002210173,7574.062291285854,134764,12095,63.553121594970165
2025-12-29,7458.11279296875,7575.555551302014,7426.761548159447,7511.857784070413,206255,13121,62.42159462462099
2025-12-30,7461.59619140625,7560.626312927515,7434.723696119073,7439.7000841352165,370086,15327,65.77118491682705
2025-12-31,7583.02001953125,7623.328762252213,7462.591430167386,7462.591430167386,235002,5754,64.19510607279025
2026-01-01,7636.76513671875,7658.661244239643,7484.487661687084,7579.039035072759,139174,17799,67.32988635147129
2026-01-02,7761.1748046875,7784.066189723127,7628.305243719844,7640.2485750427795,192881,17849,68.66639815259603
2026-01-05,7725.3447265625,7803.474018115599,7548.68295266855,7803.474018115599,1133200,11086,77.0672123406179
2026-01-06,7758.6865234375,7831.3417881685555,7700.462783892751,7715.391947878584,365681,10728,62.70330364981197
2026-01-07,7859.70703125,7897.527579203336,7727.335113413321,7727.335113413321,365640,9827,57.03375371779876
2026-01-08,7713.89892578125,7910.466248901281,7686.528792182258,7834.327513616813,327505,12483,63.68243489981293
2026-01-09,7648.7080078125,7738.780626512179,7592.972464749715,7703.448273320592,309566,4770,72.66587209892481
2026-01-12,7592.97265625,7673.59014021333,7540.720583310804,7663.637364415388,265168,17354,63.20632935999543
2026-01-13,7519.322265625,7627.309885190892,7367.044792873097,7603.92086159828,436635,14995,70.00655990258974
2026-01-14,7288.91552734375,7502.402573239187,7269.009975278907,7293.39427655834,1655893,8526,49.030971066302214
2026-01-15,7288.91552734375,7288.91552734375,7288.91552734375,7288.91552734375,0,16187,53.961251156477914
2026-01-16,7087.869140625,7324.247561027785,6986.350829546751,7266.521462571526,819635,17411,66.13450842175423
2026-01-19,7382.96923828125,7405.362984285744,7123.201784629133,7148.581363434225,1189009,15711,57.435421940322904
2026-01-20,7041.09130859375,7392.424297770878,7016.7070076451955,7384.959715847851,569182,3352,46.795783777548216
2026-01-21,6942.06103515625,7011.232826115872,6775.849681339606,6966.942974350359,773107,17994,50.2693615349845
2026-01-22,6965.94775390625,7064.480233922926,6947.535118751619,7016.706910278477,435717,17944,75.70654685363886
2026-01-23,6690.255859375,7016.706903985979,6673.833779386948,7016.706903985979,368113,15429,59.26291586586193
2026-01-27,6734.04833984375,6777.8405548826395,6631.534745548168,6773.361805617298,479067,13511,68.37356780029897
2026-01-28,6895.283203125,6905.733617910337,6770.375864500262,6796.750720863254,351390,11786,77.28923352468553
2026-01-29,6984.3603515625,7000.782431477111,6817.651358489936,6867.4152370190595,339387,5685,53.010871139625316
2026-01-30,6980.37939453125,7004.26605674965,6882.344551676565,6996.303836010183,396287,8562,74.99958894700347
2026-02-02,7003.2705078125,7036.612305867175,6767.887366322036,6768.385005098971,292881,10087,73.53835307524379
2026-02-03,7469.55810546875,7663.139591346654,7325.242858927381,7365.053961421552,916405,3722,57.00340706735053
2026-02-04,7593.9677734375,7629.797765553326,7384.959486095184,7468.56280103211,354745,3943,61.12978562763786
2026-02-05,7500.90966796875,7577.048404729794,7467.567868210646,7564.10979586844,194719,13379,58.03935829457551
2026-02-06,7587.49853515625,7607.404086504465,7488.468417198875,7500.90938679151,142827,14563,71.76387427239911
2026-02-09,7751.2216796875,7807.454862135156,7609.394626611554,7642.7364250539695,262430,7248,69.84595124646495
2026-02-10,7705.9365234375,7757.193317878188,7669.6088924261385,7753.212207630368,131347,11807,77.20834192076575
2026-02-11,7777.09912109375,7788.047174629971,7719.373020630039,7752.714820035802,119349,13360,73.10917478527
2026-02-12,7731.31640625,7762.1700118877125,7693.495857403772,7744.255015065814,145735,12818,65.52182353965526
2026-02-13,7551.66845703125,7727.3349456857495,7529.274712018637,7723.851474239344,160046,10736,57.85001256927017
2026-02-16,7599.939453125,7637.760000429708,7500.411697059979,7581.526818252972,107865,4578,56.489441450568606
2026-02-17,7705.43896484375,7717.879934497657,7580.033990732369,7613.873428190996,90445,3077,78.12052018319582
2026-02-18,7793.0234375,7801.48329691491,7716.884702765804,7740.2737258540865,162110,12027,74.95771288457686
2026-02-19,7741.26904296875,7861.19999175735,7683.542943136892,7793.0234773007605,264268,16612,62.94763653463755
2026-02-20,7831.83935546875,7894.541843636818,7673.590218663624,7743.259649961478,393536,17956,69.78164498256064
2026-02-23,7936.34326171875,7967.196866072059,7793.0232931098335,7901.5085471263055,328097,10451,72.84708917054917
2026-02-24,8082.15185546875,8109.024351016766,7873.641195568412,7931.3672971159995,858763,12050,45.90755911055048
2026-02-25,8309.0751953125,8367.796574784674,8081.156620751015,8082.151898369187,886874,13165,61.93335632465989
2026-02-26,8465.8310546875,8499.172853456843,8305.591365079614,8309.074836592828,629664,9562,65.9525582097494
2026-02-27,8569.837890625,8680.811344524853,8429.503747128325,8461.850269565502,926904,17760,56.21736778738
2026-03-02,8508.130859375,8655.431949295746,8360.332130636954,8360.332130636954,653618,14556,51.915568680438774
2026-03-04,8244.8798828125,8434.977910047795,8227.462524296177,8380.237640425066,485905,16650,46.10775586705736
2026-03-05,8523.5576171875,8545.453725031746,8232.936549436596,8291.657929564346,504469,6720,51.232032939351484
2026-03-06,8511.6142578125,8589.245912642875,8439.954268738307,8521.567034072805,287941,12346,72.77616175970121
2026-03-09,8189.6416015625,8415.071974383052,8141.37063872896,8410.095586462068,498043,11527,45.55784637238773
2026-03-10,7686.52880859375,8323.506464621201,7647.712982679578,8323.506464621201,1056999,17737,77.30338113009569
2026-03-11,7394.4150390625,7671.102215973378,7348.134629974888,7653.6848577146,1095711,15815,65.71299750799541
2026-03-12,7419.79443359375,7502.402473565351,7247.611410520414,7365.05416614269,498945,9781,53.28297870811205
2026-03-13,7159.529296875,7394.414806579942,7084.3858393210885,7394.414806579942,629203,12792,47.962458901823496
2026-03-16,7093.34326171875,7190.382825071854,6974.905230549319,7168.984357255529,459070,14528,63.27520501821084
2026-03-17,7132.65673828125,7160.5245103697,7016.7069008418075,7116.2346583005565,353172,16677,67.6497299255519
2026-03-18,7339.67431640625,7374.011391993207,7142.609360863713,7165.998383364974,683932,6154,57.78223551891076
2026-03-19,7146.09326171875,7253.583243928447,7067.9639690941085,7242.635190184867,642482,15930,62.094334918825155
2026-03-20,7137.1357421875,7311.806962763975,7092.348249731993,7170.97518093166,450944,5539,60.704644191754866
2026-03-23,6762.9111328125,7066.4707936672185,6718.123641866721,7066.4707936672185,652615,14397,54.165801557836666
2026-03-24,7031.138671875,7107.27740899701,6742.50816513797,6968.436182480404,902790,14962,75.05421702032797
2026-03-25,7111.25830078125,7236.663275714552,7070.451920048986,7086.376361310357,491517,16566,78.08953510519333
2026-03-27,7033.62646484375,7075.925760832976,6902.249827888978,7012.725636237309,580456,11578,45.11839786354821
2026-03-30,6811.18212890625,6984.360428084987,6767.887554111566,6908.719331891975,550269,16014,46.74928837933745
2026-04-01,6892.29736328125,7154.055371446299,6849.500426585063,7114.741906341663,424350,12647,61.691754847584235
2026-04-02,6845.51904296875,6873.386814588861,6658.904500869791,6827.60404692725,387042,12272,58.54326414119385
2026-04-06,7013.72119140625,7041.588963984564,6784.8073452272465,6892.29732517217,345105,12785,58.23874977339699
2026-04-07,7192.87109375,7205.312063539936,6909.7146213310325,7002.275436568164,344147,13335,56.74389735982021
2026-04-08,7564.607421875,7612.380746820727,7406.855921793796,7414.8181426180845,713512,11375,66.26610713368092
2026-04-09,7571.07666015625,7627.309844236548,7480.008760273997,7563.114439401517,419514,15040,67.9815173997699
2026-04-10,7691.50537109375,7767.14646946372,7596.456359326223,7596.456359326223,490409,10603,66.07973408857302
2026-04-13,7512.35498046875,7568.090523514093,7400.386255600873,7476.0273497338385,493179,13263,51.10535099722153
2026-04-15,7754.20751953125,7817.905283778458,7638.755321833185,7638.755321833185,494604,11792,68.11823508290905
2026-04-16,7866.17626953125,7892.551125119607,7735.794907943524,7807.95253172299,272451,15116,49.31833966995755
2026-04-17,8143.85888671875,8185.660545532338,7872.645743225825,7912.456846857814,683294,10202,69.08754429371719
2026-04-20,8159.783203125,8245.874713409847,8010.98920558067,8143.858761916242,403635,13492,56.751648851982665
2026-04-21,7917.9306640625,8265.780172841312,7888.072337128697,8161.276028573,443095,14252,47.477857796850785
2026-04-22,8000.041015625,8064.734056930751,7859.706879869448,7907.480202679849,468978,15477,64.96233310199253
2026-04-23,7925.89306640625,8086.630396754038,7912.456818977797,7962.220698342438,482518,14015,64.59485673943801
2026-04-24,7995.06494140625,8049.805209273466,7863.688298524932,7962.2207806859205,616686,14271,63.834237877782556
2026-04-27,8027.4111328125,8108.526253675957,7982.1260039868885,8049.30723905785,291146,8961,64.20047908383259
2026-04-28,8215.021484375,8250.851478733795,8002.03207346438,8002.03207346438,363780,3657,45.42482722826226
2026-04-29,8110.01953125,8299.122275428377,8080.658842022305,8260.804087792232,263510,8909,50.542432290437105
2026-04-30,8072.19873046875,8124.94844167211,7932.859870686292,8094.094837005994,415486,8675,59.15066569021144
2026-05-01,8072.19873046875,8072.19873046875,8072.19873046875,8072.19873046875,0,11405,48.51570763690715
2026-05-04,8305.09375,8323.506385193841,8024.425472991192,8072.1987967373725,435059,5415,49.07255268363499
2026-05-05,8297.62890625,8334.45417547529,8115.493115216805,8308.079320489609,462166,12688,59.877636526079606
2026-05-06,8375.7587890625,8484.741688165625,8316.042132019691,8360.331985993107,1084637,9787,68.29917810710641
2026-05-07,8960.484375,9007.262422942353,8410.095853465511,8458.864456639454,1837111,4791,48.210691661195064
2026-05-08,9040.1064453125,9115.747542950257,8910.222718447667,8987.356732486169,613457,10495,66.21511216210365
2026-05-11,9022.6884765625,9092.85554264795,8920.672529416986,8961.976547041755,261216,16256,67.79140025800453
2026-05-12,8978.896484375,9176.4590795253,8936.59718818413,9071.954935994916,617924,12412,76.35733503306743
2026-05-13,8845.529296875,9029.655645108123,8823.135551819621,8948.540524129747,423358,8917,64.05511058629264
2026-05-14,9173.970703125,9195.369170184093,8883.34966213639,8905.743406733116,360127,13041,56.77388060977465
2026-05-15,9109.2783203125,9223.735245397005,9057.0262458174,9218.758857349854,202982,14203,75.11483865273796
2026-05-18,9107.78515625,9126.695430314992,8901.26505790863,9057.025999549229,295160,11660,72.9036610223806
2026-05-19,9119.23046875,9249.611826611528,9047.072847032741,9127.690327847886,337327,16531,50.08510288633381
2026-05-20,9155.55859375,9194.374419943744,8973.920432715173,9025.17722884281,320359,7286,52.667957476792964
2026-05-21,9150.083984375,9265.536178010449,9132.66662757655,9191.388001925614,231631,4714,52.66332788890258
2026-05-22,9219.75390625,9272.503618241282,9150.582114110488,9183.923913199318,177024,9551,64.61255841126263
2026-05-25,9354.1162109375,9379.495788889184,9252.100260347395,9275.986921948981,252126,16002,60.309078156403274
2026-05-26,9568.1005859375,9623.836127916227,9313.807175659555,9325.2528673159,424144,15821,46.86979612774807
2026-05-27,9618.3623046875,9650.2111864911,9515.84871638216,9568.100788091191,219320,4942,70.13123508796676
2026-05-28,9618.3623046875,9618.3623046875,9618.3623046875,9618.3623046875,0,6009,76.78453818463562
2026-05-29,9432.7431640625,9700.970469017904,9381.486369237999,9654.192423255738,496089,11655,54.776196349880514
2026-06-01,9435.7294921875,9553.66989035471,9338.689924075241,9456.132683431617,216109,12761,67.07930492350249
2026-06-02,9486.48828125,9510.374943239194,9276.484711261672,9375.514830758537,256995,15204,61.6877713127718
2026-06-03,9526.2998046875,9594.476322121664,9434.734263024098,9480.01939504241,162922,11997,62.02963064538356
2026-06-04,9671.6103515625,9728.341176367137,9487.483990354467,9519.830513269391,259390,4654,63.37125328751298
2026-06-05,9653.197265625,9786.564461582702,9610.400329608723,9708.932810204338,256030,11424,60.677114209474794
2026-06-08,9450.1611328125,9653.197770105155,9387.95628070078,9545.210146839208,199100,13390,69.44074993522514
2026-06-09,9570.091796875,9652.202199167361,9378.998496994598,9457.127788872784,232863,9333,69.0342894937654
2026-06-10,9478.5263671875,9638.766063214925,9433.738874509027,9575.565934657525,391667,15870,77.2259192883711
2026-06-11,9327.7412109375,9480.018676288913,9308.33329868683,9435.231186479674,187312,14486,55.36843132409376
2026-06-12,9508.8818359375,9530.77794232128,9338.689372681763,9435.231296282971,162406,3346,66.4554400085932
2026-06-15,9510.873046875,9635.282750815913,9494.948604770563,9633.789834368623,197986,8305,76.97622949601116
2026-06-16,9546.205078125,9625.329647140372,9430.255237995556,9554.66493770526,339718,11304,53.01734256341142
2026-06-17,9879.623046875,9940.33498017066,9554.664912103965,9554.664912103965,591839,5319,73.82356919535978
2026-06-18,9905.5,9966.709570459683,9858.224315498619,9902.016528510425,264707,11482,45.289825685134694
2026-06-19,10083.0,10120.0,9831.0,9900.0,470348,12678,75.64545292275861
2026-06-22,10022.5,10126.0,9992.0,10090.0,157543,6891,70.76942967251881
2026-06-23,9920.5,10075.0,9891.5,10022.5,260444,11193,67.85784649378358
2026-06-24,9692.5,9939.5,9675.0,9900.0,338045,9994,55.5133414143766
2026-06-25,9531.0,9753.5,9516.5,9700.0,407574,15690,52.56286542696077
2026-06-26,9531.0,9531.0,9531.0,9531.0,0,13431,47.29293837513711
2026-06-29,9779.0,9972.0,9420.5,9664.0,1261915,15313,57.48140317991127
2026-06-30,9961.0,10008.0,9597.0,9710.0,452560,12864,59.210746742618674
2026-07-01,9713.5,9979.5,9671.0,9979.5,344920,10966,63.08404001791894
2026-07-02,9635.0,9754.0,9570.0,9749.0,305059,3513,54.497619083411024
2026-07-03,9548.5,9698.5,9531.0,9688.0,229401,14326,78.64782437495678
2026-07-06,9584.0,9612.0,9495.0,9600.0,189331,4662,51.928618002623175
2026-07-07,9401.0,9595.5,9355.0,9589.5,178259,14706,73.06580526937961
2026-07-08,9234.0,9412.0,9181.0,9348.0,273126,10417,62.040644153551504
2026-07-09,9074.0,9329.0,9001.0,9280.0,487544,7482,58.82550790715406
2026-07-10,9210.5,9232.0,9085.0,9149.0,396730,5070,53.169591202491176
2026-07-13,9306.5,9427.0,9153.0,9190.0,378532,11907,75.55745574519756
2026-07-14,9532.5,9564.0,9228.0,9304.5,464552,13060,59.79327298852712
2026-07-15,9324.5,9632.5,9292.0,9514.0,414572,15971,57.177577373218284
2026-07-16,9215.0,9415.0,9071.5,9301.5,806800,4179,70.2639311369193
2026-07-17,8862.0,9170.0,8826.0,9169.5,727314,14080,55.15229420441668
2026-07-20,8885.0,8937.5,8791.0,8847.0,262460,13684,57.007756637357204
2026-07-21,8903.5,8952.0,8831.0,8913.5,240641,17984,46.74768731643524
2026-07-22,9090.5,9199.5,8885.0,8901.0,588610,17793,71.01931660129624
2026-07-23,8935.0,9162.0,8908.0,9088.0,361089,7730,60.912593944697214
2026-07-24,8907.5,8970.0,8841.0,8900.0,189569,13372,72.96729493460435
2026-07-27,9010.0,9050.0,8956.0,8956.0,232047,6885,60.53588492592981
2026-07-28,9121.5,9143.5,9001.0,9061.0,442150,6189,59.8655743475348
2026-07-29,9047.0,9169.5,8975.0,9155.0,233061,14753,45.308335363013754
2026-07-30,8896.0,9065.0,8855.0,9047.0,366876,7868,72.76290589124989
2026-07-31,9106.5,9135.5,8924.0,8924.0,283259,6850,70.35892814093768
2026-08-03,9034.0,9150.0,9001.0,9120.0,154112,17922,66.96992507527641
2026-08-04,9176.0,9215.0,9070.0,9084.0,318448,6519,68.41809354717155
2026-08-05,9200.0,9305.0,9179.0,9200.0,208166,8123,49.54329620221068
2026-08-06,9315.0,9315.0,9170.5,9200.0,221520,4325,51.87158942819856
2026-08-07,9218.0,9315.0,9182.0,9315.0,197996,8387,46.16044594119692
2026-08-10,9275.0,9320.0,9224.5,9224.5,174440,13964,77.95623292769471
