Date,Open,High,Low,Close,Volume,No_of_Trades,Delivery_Pct
2021-08-10,26.375539779663086,27.322353340200053,26.285366650109708,27.142008801002696,1856220,6806,69.95589362535837
2021-08-11,26.195192337036133,26.60097054173824,25.879588977722623,26.510797416258956,2909148,15034,66.42629139073975
2021-08-12,26.691143035888672,26.871487562672208,26.330452262412326,26.420623665849458,1771008,4134,71.183781739397
2021-08-13,26.73622703552246,27.50269595530796,26.646053917916667,27.50269595530796,3633945,12155,69.79831994915425
2021-08-16,26.33045196533203,26.73622843594866,26.24027884300303,26.64605531361966,1274362,6454,61.44090348395538
2021-08-17,26.014848709106445,26.28536637502614,25.969761284846914,26.28536637502614,1022208,8681,55.721911097569134
2021-08-18,25.879589080810547,26.150106738416646,25.83450165793665,26.150106738416646,1368302,10047,64.75480165770179
2021-08-20,25.338550567626953,25.78941445060996,25.293463147383118,25.78941445060996,1561800,6432,56.26924163663749
2021-08-23,24.932771682739258,25.65415490713962,24.842598564700566,25.60906748816569,1904509,11391,58.33671709169585
2021-08-24,25.022947311401367,25.428725523333775,24.797515353640993,24.93277418431535,1901920,9156,59.48046852818532
2021-08-25,24.977859497070312,25.42872337449101,24.932772077382722,25.24837713555905,1696775,7012,45.570552185237005
2021-08-26,25.11311912536621,25.383636772570025,24.977860301764306,25.11311912536621,1207137,7508,72.80454153171794
2021-08-27,25.293466567993164,25.473812833539526,25.06803459601494,25.203295155129435,1261184,14052,49.5070700413634
2021-08-30,25.383638381958008,25.609070342223905,25.338552677868577,25.518897214135674,1237305,5978,76.77269004017069
2021-08-31,25.428726196289062,25.744329569578355,25.248379937344275,25.428726196289062,1636468,16993,49.5667178075666
2021-09-01,25.47381019592285,25.65415644279575,25.428724494159265,25.563983319359302,1007313,6564,63.162965123479225
2021-09-02,25.383638381958008,25.654157766222703,25.158206421692114,25.158206421692114,1269838,3301,71.01414118040456
2021-09-03,27.051836013793945,27.502699947357176,25.42872654093007,25.47381224632263,8756651,10170,46.82768943200897
2021-09-06,26.465713500976562,27.68304647739262,26.375540369406963,27.32235395111421,4261300,10976,76.91916871385669
2021-09-07,28.404428482055664,29.215984957470532,26.465713866151216,26.60097270541721,17699752,6680,77.42400593728087
2021-09-08,27.953561782836914,28.67494333443028,27.77321553498393,28.584771930413076,8685558,3618,46.68324995439034
2021-09-09,27.502695083618164,28.224076561782212,27.232177459283925,27.908473240028634,4075336,7832,55.22566510554576
2021-09-13,27.232181549072266,27.86339000728479,27.142008420782087,27.6830454706138,2176994,6464,76.92768222544919
2021-09-14,27.322351455688477,27.683043949023844,27.142006928930066,27.367438877310033,2860732,12247,52.98436389644299
2021-09-15,27.096920013427734,27.592871341072666,27.051834310873335,27.367439388482055,3403038,16654,67.23730996901196
2021-09-16,27.277265548706055,27.592870618044838,27.096919303395534,27.187092426050796,2800352,16225,45.90605207611294
2021-09-17,27.14200782775879,27.45761290992411,26.646056492953477,27.367439783604112,2788086,17689,73.65481602618092
2021-09-20,27.68304443359375,29.48650005220157,27.32235193394474,28.314252868160903,18929053,7200,76.34173751194237
2021-09-21,27.232181549072266,27.77321687899461,27.051835292491905,27.6830454706138,3455508,11541,50.73190114256674
2021-09-22,27.412525177001953,27.683044552904615,27.232180646309487,27.232180646309487,2510051,4449,62.91397824197192
2021-09-23,27.277265548706055,27.592870618044838,27.232179847333057,27.45761179401658,2120871,15653,59.28436914466285
2021-09-24,27.096920013427734,27.412525091036454,27.051834310873335,27.277266263463947,1407857,12020,61.28607350120197
2021-09-27,26.916574478149414,27.27726524484318,26.871487057369418,27.18709212319243,1517571,10937,47.151044086096945
2021-09-28,27.232181549072266,27.6830454706138,26.871489035911544,26.961662164201726,4447852,6666,58.44079693386401
2021-09-29,27.412525177001953,27.683044552904615,27.0969200984035,27.457612599607053,3511475,7525,76.73652719109641
2021-09-30,27.232181549072266,27.592872342323616,27.187094124972493,27.592872342323616,1663456,3490,50.820313524321634
2021-10-01,27.051836013793945,28.133910142309468,26.961662883099415,27.0969217191865,5513284,13309,66.45855227222384
2021-10-04,27.232181549072266,27.502699214033438,27.187094124972493,27.187094124972493,2164609,6406,58.47698215266296
2021-10-05,27.863388061523438,28.67494271964368,27.77321493953024,28.40442507357335,9130208,5570,58.41578159656529
2021-10-06,27.908475875854492,28.674943123827145,27.77321533100353,28.133907824060394,8355559,7848,58.317522030065575
2021-10-07,27.863388061523438,28.720030140594904,27.637956116495076,28.58477131755974,6203550,7341,67.36098951827464
2021-10-08,27.908475875854492,28.314252350679553,27.818302752590277,28.133907824060394,3363173,3927,52.5147036920677
2021-10-11,27.322351455688477,28.04373472244994,27.18709263064235,28.04373472244994,3637590,13175,73.19541701789814
2021-10-12,27.187095642089844,27.637959588790867,27.096922508767744,27.322354482118257,5382835,3418,52.669660510664784
2021-10-13,27.232181549072266,27.592872342323616,27.187094124972493,27.322352957453077,6973425,17481,45.14683609941806
2021-10-14,27.637956619262695,28.674943241275333,27.322351546499906,27.322351546499906,10016889,10451,76.92963303034314
2021-10-18,30.703828811645508,31.109606981982864,27.863386779011513,27.908474197887426,40946017,3132,77.71472689791608
2021-10-19,29.39632797241211,31.740822561017676,29.03563887865513,31.019440933684784,23718084,5011,49.09955172926982
2021-10-20,29.30615234375,29.93736246680984,28.449510279584388,29.30615234375,14768852,7403,63.03281540445976
2021-10-21,32.372032165527344,32.958153221781984,29.531587976584774,29.666848534084465,72880233,8403,75.6781416920902
2021-10-22,38.81938171386719,38.81938171386719,32.23676935808258,32.91306521874166,163253501,16268,48.252726630659275
2021-10-25,34.941951751708984,40.397404175947585,34.941951751708984,39.67602263419859,37319544,14978,45.586291278789936
2021-10-26,33.995140075683594,35.3928175323078,32.19168440524753,33.409015606864386,55503526,4988,70.13820005885424
2021-10-27,33.4541015625,34.98703958187417,33.00323764149693,34.17548658795989,12985039,15504,78.56351393160145
2021-10-28,33.04832458496094,34.44600195904368,32.64254639511279,33.72462042143502,13948391,9871,54.50577399291885
2021-10-29,31.830989837646484,33.27375634462472,30.207880527137142,32.19168232434566,14226789,8789,77.90525772694349
2021-11-01,32.642547607421875,33.138497217958204,32.10150885425791,32.37202995074921,6295839,16873,61.367593695769024
2021-11-02,32.50728988647461,33.499192633635936,32.462204179744305,32.913068126685204,4842314,6648,66.32512217573846
2021-11-03,31.966251373291016,33.13849683175679,31.876076528905283,32.73271863156748,5124889,11982,64.86173593699858
2021-11-04,32.77780532836914,33.00323728644546,32.101509454140185,32.41711625933825,2011555,4450,45.82334645294577
2021-11-08,35.48299026489258,35.97894334463712,32.77780665822268,32.91306721448371,23523291,7780,66.76796207762685
2021-11-09,35.43790054321289,36.565060251583645,34.89686525912231,35.6182467845159,14172813,11060,60.07224553707477
2021-11-10,34.626346588134766,35.528074328036,34.35582551430972,35.39281379112348,6206533,13515,68.15238214620247
2021-11-11,34.67143249511719,35.34772830409938,34.2656543217642,34.67143249511719,10921237,16581,69.57978341419579
2021-11-12,33.95005416870117,34.98703910910451,33.8147936183005,34.76160715164917,6165853,13825,62.715251633502334
2021-11-15,33.58936309814453,34.35583041036258,33.45410254195601,34.26565899944946,5904673,14002,65.42282687888877
2021-11-16,33.1835823059082,34.355827756314966,33.003236058195185,33.63444620528146,5970125,6381,50.04618476394865
2021-11-17,33.228668212890625,33.72462125711592,33.04832540388353,33.138496808387075,3514754,7995,51.771498304839966
2021-11-18,32.50728988647461,33.81479602056699,32.3720327662837,33.273760660165486,4641009,11422,50.84142790955352
2021-11-22,31.425214767456055,32.7778065670278,31.199782800860763,32.64254945096192,5247980,7943,73.5415751192161
2021-11-23,32.913063049316406,33.22866638756057,30.974347000621094,31.42521087800899,5829854,7354,51.38012519520305
2021-11-24,32.46220779418945,33.31885007672221,32.372036370688875,33.27376436497192,3043698,8782,66.24811207145329
2021-11-25,32.913063049316406,33.40901262647941,32.32693863278478,32.552370571478725,3755688,6260,55.09019556446219
2021-11-26,31.60555648803711,32.73271615907851,31.38012455382883,32.597459062444536,4182444,4958,47.812266963504705
2021-11-29,29.98244857788086,31.7859041314376,29.531584689491673,31.74081843056238,6160682,12201,73.92162142970537
2021-11-30,30.56729507446289,31.526805859967883,30.24745582199562,30.384530285331365,4268961,16684,69.70797748573781
2021-12-01,31.115585327148438,32.02940576839185,30.887130216837587,31.938025118646845,5292289,4720,48.07458482652565
2021-12-02,31.4354248046875,31.52680545510556,31.115585556327556,31.20696969269398,2216442,6897,51.883581025570244
2021-12-03,31.70957374572754,32.25786468071757,31.344044131768353,31.526808938747948,4001166,7904,78.21648503431891
2021-12-06,30.978519439697266,31.938030363380157,30.841444956621608,31.892340031004572,2617282,11047,51.771782487531645
2021-12-07,31.38973045349121,31.70956969634854,31.161275345428106,31.25265948022233,2480001,8829,65.4674185387569
2021-12-08,31.800954818725586,32.07510028977648,31.572499678525045,31.70957415702489,2975774,9126,72.78389049119343
2021-12-09,33.17168045043945,33.81135543973214,32.07509525250173,32.120789062124835,9970382,13306,66.77990547879139
2021-12-10,33.44582748413086,34.176886641818776,33.08030139123532,33.171682042972094,4915236,13587,58.33743456866054
2021-12-13,33.17168045043945,34.08550086772951,33.03460947941489,33.76566511605729,3463071,16754,47.16053885571652
2021-12-14,32.57769775390625,32.988914133781364,32.440623303315824,32.988914133781364,2462932,5015,61.798896206095876
2021-12-15,32.25785827636719,32.71476846012861,32.075093505673,32.62338781775555,2244673,9697,47.143082700101644
2021-12-16,31.66387939453125,32.89753558457343,31.526804935216205,32.669080476347226,2461478,6287,65.97602277592661
2021-12-17,31.344043731689453,31.75526367065749,30.97851760834463,31.663883011308464,3322776,17678,64.6257024611961
2021-12-20,30.475908279418945,31.024202599002166,29.9733077675954,30.84143782580776,4051254,10216,50.915551739606926
2021-12-21,30.658674240112305,31.16127477140302,30.384528812676304,30.7043645636936,2403351,7504,64.25053385988758
2021-12-22,31.115585327148438,31.29835011258679,30.79574956709258,30.97851435253093,1885547,16278,58.074555507979476
2021-12-23,31.206966400146484,31.481111808424824,31.115582273421705,31.298347040923264,1562483,16412,70.91568039048087
2021-12-24,30.932819366455078,31.435423378801794,30.475909163193123,31.389729569717034,2380205,15309,52.48354711730765
2021-12-27,30.750062942504883,30.978518080306706,30.430223658013077,30.70436912618551,1462052,10204,73.79220325835594
2021-12-28,31.252662658691406,31.663882592216687,30.84144272516613,30.978517198324106,2257761,14407,62.22012768119796
2021-12-29,31.29834747314453,31.75525765523423,31.161273024138403,31.344037794163892,1642466,17887,46.84077313459138
2021-12-30,30.841440200805664,31.43542488794127,30.795749875475625,31.38973107666286,1602522,5436,46.21374114719983
2021-12-31,31.75526237487793,31.93802717206694,30.841441874881443,31.069896999880562,3941160,7016,66.80989084721479
2022-01-03,32.25785827636719,32.4863133682479,31.800948092605758,31.983712863299942,3437614,10110,66.73074726669017
2022-01-04,32.2121696472168,32.62338953139219,32.02940486692237,32.39493442751122,3303241,3289,50.60523167870789
2022-01-05,31.846641540527344,32.257861443476216,31.755260889182438,32.12079046645886,2637704,8663,70.1303884802158
2022-01-06,32.2121696472168,32.577699207805644,31.389729878866007,31.526804335573885,3920852,3577,66.47840365741405
2022-01-07,32.57769775390625,32.669078397001144,32.029403437492626,32.2121682096305,3841011,9515,64.90847942693304
2022-01-10,32.89753723144531,33.08030202436526,32.53200764560542,32.76046276526823,3876215,5952,53.669172274179
2022-01-11,32.89753723144531,33.90273836358231,32.53200764560542,32.89753723144531,9466600,7229,61.74749688610265
2022-01-12,32.623390197753906,33.21737138840808,32.53200606276597,33.125990739368454,2809434,13417,48.65364817835275
2022-01-13,32.57769775390625,32.851843169139016,32.257858531177945,32.80615284759157,2232567,13879,75.82451151379921
2022-01-14,33.217376708984375,33.90274214440454,32.532011273564216,32.57770509135132,6360534,4526,50.757693854994706
2022-01-17,35.09070587158203,35.913142166197495,33.35444566192445,33.49152012066784,19636806,12991,70.69663770086669
2022-01-18,34.222572326660156,35.73037379153001,34.08549788169565,35.36484774820457,6571085,13393,72.56652895483144
2022-01-19,34.31395721435547,34.67948678888443,33.628591876574944,34.26826688902644,5004726,6336,65.95256803343457
2022-01-20,34.131195068359375,34.63379914371819,33.90273993808669,34.54241500003993,4074015,5888,68.20226042640006
2022-01-21,33.948429107666016,35.91314086760631,33.71997400865332,33.90273529910495,13194479,17123,59.46264914497882
2022-01-24,32.394935607910156,34.176886180301665,32.02940603400223,34.176886180301665,7075508,4269,74.92157608923486
2022-01-25,32.53200912475586,33.21737451490618,31.526807946914843,31.98371820701506,5146115,15008,62.0673451622152
2022-01-27,32.57769775390625,33.17167890591924,31.57249325012198,32.53200394641072,3692802,5353,45.43080795439724
2022-01-28,32.623390197753906,33.58290095646319,32.48631573824616,32.89753563082109,6153387,6193,61.60933250721001
2022-01-31,32.89753723144531,33.67428324391949,32.577701458296765,33.26306681728521,5957196,8824,61.2777138769881
2022-02-01,32.623390197753906,34.13119182259756,32.53200606276597,33.58290095646319,9169677,7645,50.38689011396293
2022-02-02,32.57769775390625,33.12598858437179,32.48631362486327,33.034607941276896,3724078,11323,60.67737013257622
2022-02-03,32.44062423706055,32.85184411471997,32.120788491074435,32.714769660184096,2793237,7100,60.922850635633104
2022-02-04,32.02940368652344,32.57769800720009,31.983713364620744,32.4406235555439,2687122,8102,55.868618092274495
2022-02-07,31.846641540527344,32.30355176914867,31.618186426216678,32.075096654838006,2815265,13901,74.96994333040962
2022-02-08,31.48111343383789,32.07509460145103,31.115583879961978,31.892333310461247,2432754,12460,65.32386228669198
2022-02-09,31.252662658691406,31.800953579426007,31.1612785146032,31.709572921286462,2436984,7575,46.99310889311421
2022-02-10,32.44062423706055,32.806153791857405,31.80094925914014,31.98371403653857,9664613,10764,52.93295055868236
2022-02-11,31.66387939453125,32.39493504366544,31.526804935216205,32.02940547612419,4159845,11249,58.50907994466902
2022-02-14,30.61298179626465,31.115582292745067,30.247452261034528,31.115582292745067,4169496,14023,60.1436518206179
2022-02-15,30.841440200805664,31.252660100672745,30.15607486300998,30.567294762877065,2612228,13846,75.94474529757993
2022-02-16,30.978519439697266,31.70957521555333,30.88713528899719,31.069900104448433,3212095,3216,52.121610565491395
2022-02-17,30.29315185546875,31.344043369638698,30.01900290869091,31.02420757966277,2463938,11868,68.34623912189812
2022-02-18,30.201766967773438,30.475912421854186,29.881931185670656,30.019002169736744,1388142,15738,63.06116721319034
2022-02-21,29.562091827392578,30.20176687559436,29.333636702031125,30.20176687559436,2368474,13611,63.391578112602474
2022-02-22,28.511198043823242,28.92241619053828,28.191360545506562,28.37412358527742,3244132,8239,64.05503702651575
2022-02-23,28.968109130859375,29.42501935851978,28.64827162290225,28.968109130859375,2383222,5983,71.98790759925139
2022-02-24,26.683557510375977,28.374123927790983,26.50079272542476,27.871523383636386,5444317,11000,74.44585693131
2022-02-25,28.328432083129883,28.465504793001827,27.0033918207616,27.231846918206195,2581166,8605,70.48048056299035
2022-02-28,28.282743453979492,28.46550649709185,27.231848548443182,28.237051385970773,2198584,8906,70.47615212823962
2022-03-02,28.374126434326172,28.693963964757767,27.91721617455941,27.91721617455941,2122495,16473,47.414745100063634
2022-03-03,28.419815063476562,28.96810765737457,28.328432673997877,28.831033201669488,1364215,11811,50.03620974327363
2022-03-04,28.05428695678711,28.3284323793981,27.551684691368173,27.5973767571194,2074110,11420,64.24359715303703
2022-03-07,27.368925094604492,27.78014328016671,27.140469966078495,27.688760880161446,2703521,11512,68.96442666519513
2022-03-08,28.05428695678711,28.3284323793981,27.414611980062677,27.414611980062677,1741319,7230,67.56502903280072
2022-03-09,29.24225425720215,29.47070936858654,28.23705141851599,28.556888923048973,4099448,5343,63.59017955796399
2022-03-10,29.790546417236328,30.156076005623287,29.607785108991354,29.790546417236328,2328661,17992,67.30985771771594
2022-03-11,29.9276180267334,30.15607312617411,29.74485324999119,29.9276180267334,1870063,16567,74.32247477228694
2022-03-14,29.790546417236328,30.338840799816765,29.607785108991354,30.156076005623287,2120790,6681,70.57116162729201
2022-03-15,29.973312377929688,30.156077179235997,29.60778626126571,29.927622049090267,1788635,16021,77.96986452740225
2022-03-16,30.29315185546875,30.658677974591427,30.064696723786327,30.3388421846155,5233389,14109,75.86172226767502
2022-03-17,31.572498321533203,32.212173383791125,30.887132930388713,31.06989773188364,7026479,8500,61.61454747453757
2022-03-21,32.71477127075195,32.897536057148,32.02940593622804,32.21217072262409,5821642,15805,47.478961234807585
2022-03-22,32.71477127075195,33.12599116865597,32.532006484355904,33.034610518432125,4360589,10982,67.39938838538968
2022-03-23,33.034610748291016,33.53721129991604,32.53200671071761,32.851845960623265,7772116,4610,65.51653668316389
2022-03-24,33.349952697753906,33.49328840990193,33.111056198902574,33.49328840990193,3157087,7497,73.34211532127297
2022-03-25,32.585479736328125,33.4455085573396,32.44214402967364,33.34995141956995,3343917,4420,50.249291911350234
2022-03-28,31.67768096923828,32.44214912733035,31.629898747574256,32.44214912733035,2763487,15790,45.0092077003022
2022-03-29,31.773235321044922,32.25102833339147,31.677678176684175,31.773235321044922,2584059,6637,67.45687845260812
2022-03-30,31.152103424072266,32.63326470125202,31.05654627824778,32.39436819141934,4257709,4418,48.15192022362953
2022-03-31,31.247663497924805,32.1554709435059,31.152102709022316,31.247663497924805,4069922,15609,58.60316340207103
2022-04-01,31.91657829284668,32.05991402560009,31.295445848433175,31.343224426017645,1810660,7776,47.946924868815834
2022-04-04,32.298805236816406,32.53770173064681,31.916573033850483,32.20324809739273,4103730,5113,46.04976643194061
2022-04-05,33.015499114990234,33.49329216627887,32.34658811413181,32.633266861122344,4099889,14305,71.51632347646903
2022-04-06,32.72882080078125,33.49328887875253,32.63326365801159,32.96771730297674,3726088,13228,57.08294032383711
2022-04-07,32.585479736328125,33.15883349875949,32.48992259855847,33.11105492987466,2514855,8349,45.21478610541253
2022-04-08,33.06327819824219,34.018864315477764,32.728824515318436,32.77660309212586,4160873,12513,65.63514321638404
2022-04-11,33.158836364746094,33.732186531462155,33.06327557344578,33.34995430207527,3017130,6103,64.0097209822477
2022-04-12,33.158836364746094,33.25439351077495,32.58548255275858,33.11105779173167,2740833,7345,69.43735895644133
2022-04-13,33.30217361450195,33.97108460326438,33.15883788887034,33.25439503929142,3903706,10514,47.1600456984562
2022-04-18,32.824378967285156,33.34995420472405,32.58548245763892,33.30217198657764,1791913,7693,71.86984086935229
2022-04-19,33.11105728149414,34.78333282812977,32.68104284044784,34.018861090593504,16715371,15227,60.7666259651338
2022-04-20,33.8277473449707,34.162201001562735,32.96771844906054,33.39773289701562,4619143,4775,51.48782137646451
2022-04-21,34.35331726074219,35.738917683007784,33.971081404506414,34.401095831453844,16853131,11451,55.06616148249253
2022-04-22,34.20998001098633,35.11778749152215,33.971083497438556,34.25775858464158,6978519,12095,56.31228684562301
2022-04-25,33.25439453125,33.875526935312585,33.063276588056006,33.7321875665992,3915100,14582,46.57211434458688
2022-04-26,33.20661163330078,33.73218317470168,33.111054496781016,33.636626038181916,1844335,17347,70.13022298435256
2022-04-27,32.585479736328125,33.20661206764432,32.298804677748016,32.967715577949036,3408714,4612,62.897087811411886
2022-04-28,32.4421501159668,32.96772176284179,32.25103215930176,32.91994318499349,2194269,6062,63.38375439134738
2022-04-29,32.15547561645508,32.824383009623666,32.012136234906436,32.824383009623666,2170621,16253,51.57731799528138
2022-05-02,32.059913635253906,32.3943709648166,31.677681373960237,31.916577904245692,1178524,11555,76.86542543676083
2022-05-04,31.534343719482422,32.34659050869364,31.3432257557645,32.05991538575274,1778735,15362,52.48985081709181
2022-05-05,31.391000747680664,31.964354573305496,31.343222173529814,31.964354573305496,1257240,7809,63.92114176454851
2022-05-06,30.960988998413086,31.152103289234855,30.674310271637562,30.769871062319883,1556714,17595,47.232834387318675
2022-05-09,30.722095489501953,31.056549176369522,30.339859579991764,30.96099202162787,1495276,17164,54.63082227295168
2022-05-10,30.67430877685547,31.29544112757228,30.483192672711215,30.76986956288104,1347627,7906,49.80281435595232
2022-05-11,29.766502380371094,31.008765225745947,29.14537186900146,30.8176473041081,2288393,17896,45.11575874957414
2022-05-12,29.097599029541016,29.957626200988805,28.85870249177019,29.623170683582458,1747986,10885,71.98723414897405
2022-05-13,29.623165130615234,29.95762058532672,29.384268637626402,29.479827599349054,1511968,4588,78.92827902304184
2022-05-16,29.8620662689209,30.53097728239908,29.670948315745452,30.148741376048186,1104592,4651,74.66699348141705
2022-05-17,30.722095489501953,30.86543122161443,29.90984509311075,29.90984509311075,995922,4299,47.61486644191562
2022-05-18,30.722095489501953,31.24766713112462,30.578756112117684,31.152106331111174,990999,10143,57.915240329813095
2022-05-19,30.005403518676758,30.57875554976197,29.62316943883191,30.196521469917116,941342,12794,45.10517601640002
2022-05-20,30.43541717529297,30.67431187393475,30.19652065401537,30.48319575049416,777161,9166,72.86829344766605
2022-05-23,30.196517944335938,30.960987837406154,30.05318040895891,30.769869908479688,1194793,8642,47.1121858264193
2022-05-24,30.005403518676758,30.38763759852161,29.862065966564423,30.196521469917116,762885,17844,73.27453621907914
2022-05-25,29.527610778808594,30.196521792663432,29.432051802167063,30.1009628160219,995183,14721,66.77781542506666
2022-05-26,29.718727111816406,29.957623629077574,29.145375105862446,29.6709467147827,1062196,5970,55.6279385920071
2022-05-27,30.14874267578125,30.1965230774529,29.718729996552174,29.766508575587864,795360,10010,58.76296367288904
2022-05-30,30.9132080078125,31.0565473768914,30.5309757657214,30.57875434032384,1191312,15396,60.31231756283918
2022-05-31,30.960988998413086,31.534339161421265,30.674310271637562,31.534339161421265,2049103,3400,73.10660853920092
2022-06-01,31.91657829284668,32.48992851440391,31.677681759652533,31.96435687043115,5485713,7380,56.08414630800852
2022-06-02,31.773235321044922,32.20324976121109,31.629895959232403,31.868792465405672,1612656,13977,50.433261756162125
2022-06-03,31.152103424072266,32.05991089049073,31.05654627824778,32.01213231757848,1305279,12466,63.88430332344481
2022-06-06,30.865428924560547,31.24766480562414,30.578753836398615,31.056546865092344,864498,16539,58.547823947531995
2022-06-07,30.817651748657227,31.295444799024004,30.674312375438518,30.91320890062191,744480,17523,62.34013987308985
2022-06-08,30.483192443847656,30.913205041920477,30.435413873829216,30.817647901883593,1061046,14579,64.24639171239859
2022-06-09,30.339855194091797,30.865426759738348,30.19651766006416,30.865426759738348,1557589,6968,77.03858355406632
2022-06-10,30.57875633239746,30.76987428852931,30.053184686988743,30.10096326470375,876353,8946,73.11570267437095
2022-06-13,29.193151473999023,30.10095890003857,28.954254974792367,30.10095890003857,2299088,9322,78.37254577566466
2022-06-14,29.479829788208008,29.67094590320797,29.240933277481258,29.240933277481258,869010,10948,50.23468642997342
2022-06-15,29.288713455200195,29.718727927121652,29.193154481147,29.670947528777138,945011,12259,71.25098742831985
2022-06-16,28.763139724731445,29.814284717040138,28.66758075767871,29.718725749987403,1341027,10536,58.34527651206371
2022-06-17,28.858701705932617,29.14537681439692,28.572024774832425,28.619805174667068,1243757,9301,63.576084735685555
2022-06-20,27.950891494750977,28.858698956113415,27.759773558894974,28.667581020257412,1486357,4179,61.56134247639473
2022-06-21,28.715360641479492,28.858700009923563,27.75977457257654,27.75977457257654,933469,5906,51.762358810626374
2022-06-22,28.763139724731445,28.906477263992702,28.23756631725925,28.810918296939963,1065904,8024,68.58770215576291
2022-06-23,28.763139724731445,29.33649170441216,28.572021790625975,29.097595198098173,921762,8421,59.59313686186597
2022-06-24,28.858701705932617,29.193155391595674,28.76314272889922,29.193155391595674,730577,11104,55.97152562730973
2022-06-27,29.097599029541016,29.288715166176114,29.0020400499055,29.193156186540595,894930,16608,74.97392282445854
2022-06-28,29.049814224243164,29.145373189391254,28.906476687838865,29.145373189391254,471283,9709,46.48083007286481
2022-06-29,28.763139724731445,29.002036231045437,28.66758075767871,28.85869869178418,698214,14902,60.08245283836641
2022-06-30,28.66758155822754,28.954256644755514,28.572022588506297,28.76314052794878,565456,3645,61.788450864914346
2022-07-01,28.66758155822754,28.906478071212767,28.476463618785054,28.76314052794878,763473,16603,50.86669544224481
2022-07-04,28.906478881835938,29.002037854236935,28.619803787268744,28.858700306953338,725497,17166,72.46143420521845
2022-07-05,28.906478881835938,29.24093437392153,28.667582362151343,29.002037854236935,712911,8885,46.26985310190117
2022-07-06,29.049814224243164,29.145373189391254,28.66758018628648,28.954255259095078,737910,3569,70.98100019910984
2022-07-07,29.240936279296875,29.384273835920524,29.0498183220414,29.09759872267323,1009691,14061,59.93075384007983
2022-07-08,29.527610778808594,29.71872873209166,29.240935671519882,29.336494648161413,1339884,6667,73.78155828827104
2022-07-11,29.623165130615234,29.766502661881415,29.43204720716993,29.623165130615234,998263,7311,77.37235728171468
2022-07-12,30.14874267578125,30.913210876168023,29.47983345610181,29.62317101584484,2837135,5627,65.79948681673719
2022-07-13,29.575389862060547,30.53097594067141,29.4798308896723,30.435416968283164,1319761,8865,49.47411373906585
2022-07-14,29.336490631103516,29.86206219671138,29.24093166754691,29.718724662694292,639863,14610,45.70929145192515
2022-07-15,29.145374298095703,29.52760835059276,28.906477787455575,29.432049381809563,788658,11750,72.53060361181744
2022-07-18,29.575389862060547,29.814286381713263,29.145375397631337,29.145375397631337,963681,4749,64.94053932195459
2022-07-19,29.527610778808594,29.81428770873319,29.38427322516424,29.527610778808594,661213,7005,57.39965591335911
2022-07-20,29.288713455200195,30.435417498566856,29.09759732972964,29.814286901174846,2787359,6706,53.175944428726005
2022-07-21,29.527610778808594,29.67094833245295,29.193155271881174,29.336494648161413,869370,4347,61.99212965889335
2022-07-22,29.575389862060547,30.005402503853954,29.527609464548522,29.718727409325016,1544044,11839,50.83930908245487
2022-07-25,29.479829788208008,29.718726298934758,29.38427081939016,29.718726298934758,606923,13952,53.74938732709372
2022-07-26,29.432050704956055,29.62316865111434,29.288713156655245,29.527609678035198,576358,17301,63.81612967513586
2022-07-27,29.623165130615234,29.766502661881415,29.28870967590375,29.336490068082874,1054046,11864,71.21122024289492
2022-07-28,29.575389862060547,29.814286381713263,29.527609464548522,29.76650598420124,956274,6553,66.26495381503007
2022-07-29,29.575389862060547,30.005402503853954,29.527609464548522,29.67094701181299,1388156,15047,51.111613108239304
2022-08-01,29.718727111816406,30.53097563503153,29.62316814038478,29.718727111816406,4079919,17021,74.2058834467765
2022-08-02,29.623165130615234,30.1009581165929,29.479827599349054,29.81428305406054,3214085,3014,62.803288353003346
2022-08-03,29.623165130615234,30.05317954704937,29.527606168892582,29.623165130615234,2400261,12589,47.28313788108346
2022-08-04,29.575389862060547,30.1009614762422,29.527609464548522,29.814286381713263,2218873,9690,70.34126795199388
2022-08-05,29.575389862060547,29.862064956589485,29.4798308896723,29.62316843693677,1769505,5594,47.54948189752682
2022-08-08,29.718727111816406,29.90984323204387,29.52760916895316,29.766505686214327,2191796,17136,65.41240522760853
2022-08-10,29.814285278320312,30.005401393388013,29.718726309468593,29.909842424536297,1332591,9096,58.88761395758516
2022-08-11,29.623165130615234,30.33985460958173,29.479827599349054,30.148736686136427,3477682,15142,53.75914416254988
2022-08-12,29.575389862060547,29.718727409325016,29.527609464548522,29.575389862060547,1771097,5540,76.36496246349611
2022-08-16,29.623165130615234,29.766502661881415,29.575386561071706,29.670943700158762,1458420,6427,56.920568409061886
2022-08-17,29.814285278320312,29.862063851428303,29.670945913724868,29.766504882576587,1508868,17056,57.351154799212836
2022-08-18,29.814285278320312,30.053181789131738,29.623167340616877,29.862063851428303,1710594,17560,48.38227696086383
2022-08-19,29.766502380371094,30.196516792738464,29.718723811279425,29.90983991028169,2359422,3491,54.24424362705254
2022-08-22,29.527610778808594,29.81428770873319,29.432051802167063,29.81428770873319,1451765,12498,54.73687268439631
2022-08-23,29.336490631103516,29.4798281651206,29.193151274450795,29.336490631103516,1363705,15897,70.21217182549448
2022-08-24,29.384273529052734,29.527611084179473,29.336494951555792,29.384273529052734,1099617,6744,66.24269845138808
2022-08-25,30.14874267578125,30.67431433571766,29.432053054430167,29.5276120351375,5246018,5840,58.507058018764404
2022-08-26,30.865428924560547,31.152104012722482,30.196519777970785,30.244298351785854,4678312,11722,48.3832951842888
2022-08-29,31.391000747680664,31.916575999154645,30.100961019249997,30.33985753527579,7743208,11551,65.57428107996955
2022-08-30,31.43878173828125,31.916574751657734,31.29544237615974,31.773235389536225,3235596,4268,74.29580748252829
2022-09-01,31.486560821533203,32.01213241572211,31.295442884026837,31.343221457085566,3952351,7618,58.659212588445136
2022-09-02,31.34322166442871,32.25102913963572,31.104325152283263,31.629896749948955,5567164,3119,62.10076323996938
2022-09-05,31.486560821533203,31.916575269604657,31.343221457085566,31.343221457085566,3000913,5960,75.01801274571245
2022-09-06,31.43878173828125,31.821013961819595,31.34322094844311,31.62989602741472,1834375,4383,50.84846345451413
2022-09-07,31.67768096923828,32.489927703722664,31.152105693107746,31.24766649116408,6048592,12144,45.88042236096982
2022-09-08,32.107688903808594,32.48992477098759,31.725456681900983,31.82101382606004,6298511,14346,49.88276182155506
2022-09-09,32.34658432006836,33.158834599149884,32.05990925197481,32.39436653581001,6694021,8062,73.67082245753532
2022-09-12,32.489925384521484,32.96771840488209,32.394368238557945,32.72882189470179,3412159,14722,78.08505673681782
2022-09-13,32.96772003173828,33.158837978367906,32.44214841246055,32.63326635909017,3905232,12636,51.497910519534344
2022-09-14,32.63325881958008,33.015490979257685,32.107683676458336,32.39436235280503,3798975,12447,65.3209809638766
2022-09-15,32.4421501159668,32.87216460714519,32.34658931499836,32.77660380617675,2059941,9381,52.109065986942284
2022-09-16,32.298805236816406,32.728819654765374,32.059908742986,32.48992316093497,4177796,13276,53.74415797430439
2022-09-19,32.68104553222656,33.15883858490452,32.20325247954861,32.48992758210104,3933196,7742,47.09725334367614
2022-09-20,33.015499114990234,33.25439564063455,32.77660258934592,32.96772053891571,5931476,8903,73.85607030471981
2022-09-21,33.30217361450195,34.162202549378165,33.01549851796709,33.01549851796709,6643770,11925,64.99485779295483
2022-09-22,34.697784423828125,34.89028327275848,33.15780097560561,33.205924769935656,9844917,12035,46.08509328413465
2022-09-23,33.879669189453125,35.323405061120646,33.63904654417521,34.89028356529835,5371546,5718,51.12539599498925
2022-09-26,32.387813568115234,33.63905074551115,32.14719089278484,33.63905074551115,4700031,13597,64.54202680804079
2022-09-27,32.33967971801758,32.96530001914161,32.09905709014063,32.48405476338771,2082800,7616,72.31698073232282
2022-09-28,31.954687118530273,32.82092641393131,31.762188273460012,32.0990584986254,1625666,11929,61.53445845452882
2022-09-29,31.714067459106445,32.532183037990855,31.617816191725062,32.243436579067556,1735107,16648,46.295719385360584
2022-09-30,32.43593215942383,32.72467858912349,31.714064249369635,31.76218804238457,5753854,5109,60.49709104114291
2022-10-03,34.55341339111328,35.08278247733046,32.62843222551611,32.77280360996978,15187837,15591,67.75972724267221
2022-10-04,34.50528335571289,35.61214891216747,34.36091198200789,35.323402493147555,7630575,7453,60.54248193618081
2022-10-06,34.93840789794922,35.70839964037144,34.45716259998405,34.649661453492165,8076196,4407,63.42307911836174
2022-10-07,34.64966583251953,35.227158794417235,34.40904315312703,34.890288511912026,3984607,13210,76.67634049538215
2022-10-10,37.05588912963867,37.82588089671169,34.16841724940709,34.6015387657639,33430971,13416,55.069867038507
2022-10-11,35.4677734375,37.5371294800438,35.32340206554268,37.24838306451928,13514062,17906,78.84052946907838
2022-10-12,35.612152099609375,36.285896252032146,35.41965324582998,35.612152099609375,5951285,11954,47.82624854802133
2022-10-13,35.419654846191406,36.045275231339204,35.27528345304143,35.70840130410177,5302937,8253,68.12417573783719
2022-10-14,35.419654846191406,36.81526700963698,35.27528345304143,35.900900166578815,8736716,6439,75.916705980639
2022-10-17,36.38214111328125,36.863386375815686,35.227151748876615,35.46777438014383,9253995,7028,45.75457857100896
2022-10-18,36.43027114868164,37.152139166198005,36.09340087581825,36.81526889333461,9051597,8417,52.71165643405259
2022-10-19,35.660274505615234,36.76714011800902,35.51590312461394,36.57464127173052,4189566,14175,57.328504348466815
2022-10-20,34.40903854370117,35.804650631543964,34.21653969165213,35.660275574604626,12843853,14036,78.15186749096807
2022-10-21,34.74591064453125,35.32340723165,34.457164186777085,34.60153925145937,4419964,6123,57.38277664244865
2022-10-24,35.756526947021484,35.94902212805566,34.938407741185344,35.13090659382974,2595886,14009,56.07504524628277
2022-10-25,37.970252990722656,38.6439971110898,35.51590281873741,35.94902062962122,32375078,7920,62.951949113967515
2022-10-27,39.702735900878906,40.47272762039211,37.44088453638198,38.40337510367601,27430574,15915,76.16607580391373
2022-10-28,39.125247955322266,40.32836131592122,38.93274908330431,39.46211822764573,13324447,7380,70.58255683839403
2022-10-31,38.49962615966797,39.943362140655516,38.307127294547534,39.46211681365967,10055200,10722,75.89282615865814
2022-11-01,38.69211959838867,39.750857700651984,38.11462308401872,38.595868343522035,11478229,5890,66.29967088848869
2022-11-02,38.451499938964844,39.221491679329006,37.77775578929236,38.83649397334181,9229976,15964,68.20286173521978
2022-11-03,41.05022430419922,41.38709453526077,38.30712397505887,38.49962282349839,31445960,10440,60.37124612037826
2022-11-04,44.32269287109375,44.755814389833574,41.67584363298531,41.77209489915548,69164175,7836,73.97653224768726
2022-11-07,48.8945198059082,52.11886539095638,44.90018617733971,45.092681352414736,105238512,13456,51.468438830251245
2022-11-09,50.04951095581055,51.39699925788032,47.498909409610725,49.95326336492424,61408329,6749,57.70840983247081
2022-11-10,47.2582893371582,50.530759008240835,46.873295281014066,49.664515956598244,27966327,17486,59.406785122419834
2022-11-11,49.23139190673828,50.290130017408146,47.49890602148217,50.290130017408146,39360410,8102,78.23673169259416
2022-11-14,52.50386047363281,53.947596345528915,47.98015400736966,49.520141140358284,57183441,6146,53.79969097855251
2022-11-15,58.375057220458984,59.43379542744547,53.562604149410774,53.8513505993516,149513441,11396,77.14559675576959
2022-11-16,61.3587760925293,62.08064404655905,58.375056684517084,59.289419822333215,106255171,4581,58.08399491721879
2022-11-17,58.76005172729492,61.35877714050915,56.45007643791255,61.35877714050915,76883204,10588,61.94076236683504
2022-11-18,60.82940673828125,61.50315089353323,58.90442553562431,59.14504818595643,46353447,14663,45.02415272197655
2022-11-21,59.48191833496094,61.02190549764963,59.09692429799646,61.02190549764963,21905425,17901,49.2631623659336
2022-11-22,55.82445526123047,59.674417693039466,54.91008844935378,59.48191883712696,23580025,7125,52.5274972994094
2022-11-23,61.406898498535156,61.406898498535156,54.47696556238597,55.77633005319468,50605727,16141,52.47148248608611
2022-11-24,64.6312484741211,67.18185015966048,62.0325193188991,62.465644516379875,92474825,14934,51.645322155344324
2022-11-25,70.55056762695312,71.07993307885572,65.01624638594942,65.30498917519967,74360905,15635,62.83727438878476
2022-11-28,77.09548950195312,77.57673476394187,71.36867382157502,73.43802991677062,127136239,4674,51.60252968163037
2022-11-29,75.02613830566406,80.94545688327743,73.24553218868324,78.25048764610172,117037131,8965,77.04198916943874
2022-11-30,71.32054901123047,74.30426827791182,71.32054901123047,73.91927792857503,29921056,7959,47.13473549588881
2022-12-01,72.23493194580078,74.88178144311469,69.87682526044277,70.83931598673874,64056280,16661,53.00186964045837
2022-12-02,72.33116912841797,73.91928006663792,71.41679866424506,72.33116912841797,17394032,11644,72.52360208609963
2022-12-05,68.72183990478516,74.06365907477074,68.72183990478516,73.05304820958395,18116172,14241,46.83426540718024
2022-12-06,69.29933166503906,70.45431758883447,65.88248668037704,67.85559558868408,33248967,13590,57.82381280305858
2022-12-07,67.80745697021484,69.97306072879371,67.51871420833645,69.68431796691533,13041752,9157,67.75162511718123
2022-12-08,67.99996185302734,69.53994533293263,67.47058908967531,67.75933920481651,9807645,4877,46.790193512191834
2022-12-09,64.82374572753906,68.57746084228744,64.63125052912986,68.33683817266538,12421135,12063,48.979979512588294
2022-12-12,68.04808044433594,68.04808044433594,63.52437769713137,64.00562298271569,18964486,7835,69.4378363253262
2022-12-13,69.82868957519531,71.41679304524449,69.01056676550957,69.68431452976725,29250879,12384,53.911087697982616
2022-12-14,71.22430419921875,71.60930190677755,68.4330799984431,69.82869577044119,12567429,14753,50.17898164607476
2022-12-15,70.06932067871094,71.12805890121466,69.44370030166124,70.74306118124402,8970104,16066,71.95829184730692
2022-12-16,67.51872253417969,70.45431469631377,66.89310212479992,69.10683362161411,7915636,15762,72.46767936783476
2022-12-19,67.4224624633789,68.38495296339448,66.07497429471316,68.04807541381322,6550101,12049,69.65625426477511
2022-12-20,70.79118347167969,70.79118347167969,67.56683422809996,67.8555843327615,14079409,13558,54.15375247062887
2022-12-21,67.27809143066406,72.81241213569432,67.27809143066406,72.23491926990042,15449962,3018,73.05227632493953
2022-12-22,63.95749282836914,68.19245263213566,63.95749282836914,67.85558241503128,8020230,17386,67.14221408874323
2022-12-23,60.78128433227539,63.95749898334983,60.78128433227539,63.95749898334983,7499743,9911,62.58304040960253
2022-12-26,61.31064987182617,63.235627334831555,57.94193288624902,59.19316988942708,19245865,7214,54.27410498280843
2022-12-27,61.16627502441406,63.42813006818314,60.49253089070391,62.03251433494699,8866063,13108,53.10737566826387
2022-12-28,64.1981201171875,64.1981201171875,62.80251168372624,63.043134333855456,13819215,16230,78.27567529212018
2022-12-29,65.9787368774414,67.37434538017088,63.62063038320289,65.4012366138918,18565280,5051,72.91389508838911
2022-12-30,65.68997192382812,67.18183502934929,65.11247913380096,67.08558011166205,6622596,15710,60.57496156857721
2023-01-02,65.9787368774414,66.79685245984216,65.25686889122528,65.6899867456666,5203364,5826,46.2202762362311
2023-01-03,69.25119018554688,69.25119018554688,66.17122344954684,66.604341247565,21672205,17399,53.99027301592919
2023-01-04,70.64681243896484,72.18679595060019,69.63619435836819,70.79118749951016,17255566,9569,71.46841914550433
2023-01-05,69.34745025634766,71.84992433287434,68.43307978583374,71.36867903572612,6983515,16652,45.37052749068281
2023-01-06,69.73243713378906,71.51305051880674,68.72182646622726,70.8874301951427,8186267,5375,78.25890779422832
2023-01-09,69.44369506835938,71.65741894072727,69.1068248424795,71.22430112791317,4675388,7576,65.89506832161719
2023-01-10,67.71121215820312,69.78056841430595,67.32621445003181,69.49181829737235,4668639,17544,48.78694211216076
2023-01-11,69.4918212890625,69.97306660918959,67.71121507323646,68.24058786266458,6309231,15058,52.73055795265851
2023-01-12,72.956787109375,72.956787109375,69.58807016211505,69.97306051008289,30422685,3326,65.34427006075005
2023-01-13,76.56613159179688,76.56613159179688,74.3042727651387,74.88177301045948,23634703,14055,49.84897882617816
2023-01-16,73.91927337646484,78.68359841670201,73.43802812620979,78.25048062876037,21961954,6030,68.94197620396136
2023-01-17,71.65742492675781,74.59302430441338,70.74306175966946,73.9192837963715,10587375,15129,61.49227427546184
2023-01-18,75.2186508178711,75.2186508178711,73.3417895183875,73.63053967006847,16306972,13193,73.09918002763052
2023-01-19,74.30427551269531,76.85487721310707,74.15990778924747,75.17051856948697,12203134,3953,78.44641272511313
2023-01-20,73.87114715576172,76.03675081830848,73.72677210961463,74.78551020932684,8218975,4145,51.08510435701479
2023-01-23,73.29365539550781,74.64114360739028,73.14928034723113,74.64114360739028,3657558,13021,51.02764628849472
2023-01-24,72.61991119384766,74.30426970583557,72.42741601548003,73.24553153837294,3555260,4903,64.51810213951859
2023-01-25,72.86054229736328,74.59302847669105,72.28304935199444,73.1492924416583,6912585,6126,45.904983804786404
2023-01-27,70.16556549072266,73.91928026095943,69.25119502414601,73.63053014662566,7990713,14950,68.33959365099993
2023-01-30,69.78056335449219,72.09054209280212,68.72182524120596,70.26180861900593,5743643,14461,58.64535714553014
2023-01-31,73.24553680419922,73.24553680419922,69.68432434583028,70.4543124578777,11721363,6298,45.25954720336736
2023-02-01,69.92494201660156,76.46987354633502,69.5880717826746,74.97801755516697,23016937,15199,59.1020025580783
2023-02-02,71.03179931640625,72.76427774898963,70.26180400644508,70.26180400644508,7695165,9677,45.94554378390114
2023-02-03,69.58807373046875,72.37929061246524,68.43308059767864,71.80179771768047,5977975,16097,66.2696178346294
2023-02-06,68.67369842529297,70.0693141114802,67.66308776621261,70.02118664728683,4082199,8895,52.77591422289894
2023-02-07,69.15493774414062,71.07991865472614,68.86619501348446,70.35805081325657,6924317,9957,78.46921674142291
2023-02-08,70.79118347167969,72.90865976179693,68.33682961171725,69.78056544858453,10476774,7164,59.73519922413214
2023-02-09,69.78056335449219,71.46492178029027,69.15494304198033,70.79118134725903,4784724,6039,66.17264754737329
2023-02-10,68.9143295288086,69.78057258820289,68.81808193181388,69.73244511809506,3393279,16641,54.95095765045055
2023-02-13,66.6524658203125,68.43307174181412,66.41184320002256,68.33682416234205,5530564,10933,65.33467634360252
2023-02-14,67.22996520996094,68.57745348390274,64.91998636080646,66.60434486742864,7080814,5821,78.16383068484924
2023-02-15,68.09620666503906,68.57745194182378,66.74871842139778,67.37433874986196,4186961,10010,49.31912653816649
2023-02-16,67.6630859375,68.962446660183,67.51871089204192,68.3368263586779,3320801,6334,71.43002997962647
2023-02-17,65.88247680664062,67.5668353099551,65.4493589859336,67.5668353099551,4849471,9915,52.627999540421435
2023-02-20,63.861244201660156,66.17122290630608,63.620621572909954,66.1230954432681,4067913,16156,67.92883516788388
2023-02-21,62.51375961303711,64.10187052291344,61.84001915101456,63.86124788030249,7580165,11056,72.18968798367351
2023-02-22,59.96316146850586,62.22501649934747,59.48191618597915,61.503148575557404,7458180,3597,47.24340446488524
2023-02-23,62.61001205444336,63.81312521964619,59.24129152026543,59.96315941938713,13077206,16788,53.7094481511717
2023-02-24,60.733154296875,64.87186673957888,60.492531651211294,64.48686903787288,11041811,7788,65.14916591409634
2023-02-27,58.95254898071289,60.73315511393522,58.80817392272827,60.54065993210272,5107341,7951,69.23153045281335
2023-02-28,55.295082092285156,59.28941561839742,55.00633566546897,59.14504424079434,12672298,9478,48.90563849490135
2023-03-01,56.305702209472656,57.171945250570246,53.94759941680514,55.3432115734133,13757147,15520,53.65275812208335
2023-03-02,63.18750762939453,64.96811372202066,59.481916717839106,59.67441556689305,89921655,4079,75.10216811239121
2023-03-03,63.33188247680664,65.83435649148701,62.22501685207677,64.39062063572293,30085137,12963,61.62498190205736
2023-03-06,62.94688415527344,64.29437240925817,62.70626151503403,63.524377023203975,12489978,15875,78.76294933778857
2023-03-08,61.599395751953125,62.80250895023346,61.40689690590625,62.80250895023346,8326899,12809,58.626916865389596
2023-03-09,63.71687316894531,64.39062097781353,61.455021784875655,61.74377189485065,17999131,3076,47.30298682977016
2023-03-10,64.10187530517578,64.77562316068297,62.32126908565829,63.42813479288944,14685079,8894,48.193375586960244
2023-03-13,61.55127716064453,64.10187515360876,61.21440323368746,64.00562755825555,8235118,8709,71.99410675588177
2023-03-14,60.92565155029297,61.84001831416292,59.72253835351937,60.68502891093824,8885622,8309,64.18740937432436
2023-03-15,60.30003356933594,62.22501464198373,59.866912093668184,61.59939432472919,5484970,6676,61.54780620412582
2023-03-16,59.674415588378906,60.107537081003684,58.038180878246486,60.059413286625414,6603537,3156,49.18999700255707
2023-03-17,60.58877944946289,62.17688661710822,60.30003302549192,61.59939376916628,10572194,9710,73.85661367621336
2023-03-20,62.17688751220703,62.417510147581844,61.26252443507078,61.35877202057669,14611658,10909,47.042335077502216
2023-03-21,61.7437744140625,63.42813299012613,61.11815404573759,63.13938286836983,7922128,3814,68.86068508249036
2023-03-22,63.13938522338867,63.380007886086965,61.31065518984789,61.695649247198894,8352816,10249,45.66358901886078
2023-03-23,62.27313995361328,62.94688779113193,62.08064476759118,62.85064019812088,4343060,14546,64.47076142203716
2023-03-24,62.32126235961914,63.71687070297124,61.840017090432895,63.235625433784996,12029374,8956,69.02879673234594
2023-03-27,64.00562286376953,64.63124320251059,61.31065000382758,62.89875724033848,15200230,17346,52.631798703983556
2023-03-28,63.71687316894531,64.43874110066247,62.176889716592804,64.19811845675675,8572136,9518,46.502330999260536
2023-03-29,64.53499603271484,64.87186626553833,62.75438259323866,63.47625052495484,8258998,12759,73.229619043342
2023-03-31,66.02685546875,67.08559368860634,64.77562206100004,65.3531149679016,16282805,9493,62.66869887814197
2023-04-03,72.52366638183594,73.34178193605722,67.37434305950372,67.37434305950372,53179154,13613,70.42072892078292
2023-04-05,72.37928009033203,74.68925867687868,71.32054204660383,73.77489567166332,29291754,4814,65.7363956765991
2023-04-06,72.84256744384766,73.6311157429686,72.05401162450109,73.18755779472717,14057553,9559,53.963620184141455
2023-04-10,73.2368392944336,73.77896479518539,71.80758293014249,73.0396965957943,12834318,10002,67.03670222870808
2023-04-11,72.44829559326172,73.53255429537413,72.20187281913498,73.33541908416323,5899954,11588,53.6588692529284
2023-04-12,71.70902252197266,73.13827150916565,71.46259976416519,72.64542599355072,7311924,13876,46.3560572016827
2023-04-13,72.49756622314453,73.82824738858058,72.05400082118284,72.15256840376615,10190008,9823,57.94407345450717
2023-04-17,72.05401611328125,72.59614921288373,71.51189053390488,72.39900648565278,4423677,3786,46.8978577064603
2023-04-18,73.92681884765625,76.09533585909753,72.20185974121094,72.20185974121094,20665863,17067,51.8032377766972
2023-04-19,73.38468170166016,74.71537038215354,73.03969140384592,74.32109253312677,7903694,10173,58.94423784979329
2023-04-20,75.99676513671875,76.68675326297198,73.33540277606589,73.82824821472194,27529013,7175,55.262303612994224
2023-04-21,76.39105224609375,78.60885698872228,75.60249644062452,77.82030118325305,26606072,3880,56.43455489416898
2023-04-24,86.494384765625,87.48007576010505,75.70107138415857,76.39105207220442,124186965,15137,76.78451989240605
2023-04-25,103.10327911376953,103.79326733940847,87.0858000502945,87.43079040300114,265783162,4414,70.80573798157391
2023-04-26,103.25114440917969,113.05876800606609,98.81553438682829,106.50392810032794,395800528,17679,65.02684595610788
2023-04-27,101.72330474853516,104.48324246320037,99.30836488837204,103.4482639401446,95231203,9827,74.63427746755481
2023-04-28,106.01107788085938,109.41170907370854,102.31473635809895,102.75829433273977,109682443,8070,55.98816211205066
2023-05-02,116.60724639892578,116.60724639892578,110.89023568443794,110.89023568443794,92737237,8189,73.0381515169318
2023-05-03,128.2384033203125,128.2384033203125,119.81074238024439,120.74714580904066,141043167,3898,51.17734854012108
2023-05-04,127.4498519897461,137.4546098340745,122.5213968860471,133.80755606542752,108787376,9714,78.9719616362238
2023-05-05,139.6231231689453,140.16525622328908,124.83776579134596,126.66129262469926,89930074,10611,72.80022568857488
2023-05-08,133.0682830810547,142.3337723312589,132.67401270292078,139.9681199815538,54717503,5555,53.10744879605124
2023-05-09,126.41487884521484,135.4832336178338,126.41487884521484,133.06829352127878,28750628,11664,53.05551441346429
2023-05-10,120.1064453125,122.9156631225883,120.1064453125,121.43712664146547,4063117,10341,56.08752851610325
2023-05-11,124.88704681396484,126.06988052725617,117.29722911463735,118.77576561608235,51443098,7168,65.85506333625626
2023-05-12,118.67720031738281,126.80914371252288,118.67720031738281,125.57703745769314,21812742,6986,47.63659945561384
2023-05-15,118.972900390625,123.16208713001639,115.42441430365623,121.732838191726,22629191,6951,47.11466414184079
2023-05-16,117.05081176757812,120.59929803080269,115.03014211423695,120.10645250757078,19515392,5461,47.50139255442318
2023-05-17,120.1064453125,122.61996033849898,117.44508265456906,117.7900729961193,27047616,17477,51.89891147404798
2023-05-18,119.12075805664062,122.42282146387639,117.44508633363311,121.92997595473,11139331,9375,77.04462178190366
2023-05-19,114.53729248046875,120.64858126135682,113.55160146937959,119.95859304145905,15519596,14723,66.90477377406748
2023-05-22,114.24159240722656,117.79007862752526,112.22092277832932,114.83300552390537,22110096,10635,54.45573319459658
2023-05-23,111.3830795288086,115.12870822016839,111.03808919360513,114.58657517897345,13243599,6002,67.09947260893755
2023-05-24,113.35446166992188,116.95223521827315,109.41169778575068,110.59452394291192,25125303,10147,77.32834166713104
2023-05-25,113.20661163330078,114.68514815664444,112.07306546135885,114.04444749248373,8586978,17754,66.91141771964875
2023-05-26,114.19229888916016,116.50867119542178,113.10804031178508,113.99516370062847,11470740,3768,68.48974506627854
2023-05-29,119.86002349853516,119.86002349853516,114.93156852310011,115.27655886733547,21255724,17732,61.384206510713156
2023-05-30,113.89659881591797,117.69150768712285,113.89659881591797,115.8186932706167,21325891,4494,51.15300701771049
2023-05-31,118.28292083740234,119.56432215456444,109.01742386776071,111.03809344015657,37688329,3849,45.90268357520812
2023-06-01,116.75508880615234,121.68354350493843,116.3608184464295,121.19069803505982,15717749,13544,63.94467220885005
2023-06-02,116.26224517822266,118.03649190598516,115.4736969260589,117.59293398415711,7803213,12199,70.00735131156011
2023-06-05,115.27656555175781,117.39580281812599,114.43872966139624,114.43872966139624,11124037,16247,68.46853812121373
2023-06-06,118.13506317138672,119.26860930936378,115.22727777069488,115.57226811175953,17258863,12821,65.88457027865006
2023-06-07,125.28132629394531,130.30834895803355,119.26861261649758,119.66289052588651,77730167,8313,47.805457647666586
2023-06-08,123.55635833740234,127.745552370002,121.33855371320405,126.90770905134701,20246282,15830,75.06222910219493
2023-06-09,123.45780181884766,124.98562592729097,120.45144116167562,124.1477825334974,13927005,12990,74.77293142912228
2023-06-12,122.02854919433594,124.83776704918259,121.73283888530975,123.99993120057577,8927831,6951,76.05421040684821
2023-06-13,120.20500946044922,122.66923685832825,119.90930668483885,122.57066926645813,9442611,15690,59.705464450202506
2023-06-14,121.92996978759766,123.95063928098413,119.86002025792449,120.64857604076441,13905348,11698,59.748481901315756
2023-06-15,121.14142608642578,123.50708600379647,120.8950033350377,122.4721074398763,8875001,14300,75.68665400817585
2023-06-16,121.0921401977539,123.01424219721945,120.35287193339616,121.53570566850395,10555409,17934,51.45644581757779
2023-06-19,122.66924285888672,125.97131374975078,121.23999390629301,121.43712909967643,15461555,9745,74.62375112010507
2023-06-20,120.94428253173828,122.61996174165444,116.31153784596383,116.31153784596383,26873495,4423,62.5605182435566
2023-06-21,122.02854919433594,125.92202564856939,121.23999338374979,125.18275739622946,18687198,8954,50.7322756611187
2023-06-22,121.68354797363281,122.61995891292587,120.0571638794863,122.47210376248746,8259055,8603,47.083940061509495
2023-06-23,119.41646575927734,121.88069325113109,118.62790995379395,121.88069325113109,6318403,11396,75.42977466405945
2023-06-26,121.53570556640625,122.9156669758676,120.55001454809063,121.2399952528213,9499004,4447,54.42121749103013
2023-06-27,122.12712097167969,125.77417479999168,121.43713273373835,122.0285533720383,18696042,17526,72.62269681582741
2023-06-28,121.239990234375,123.06351703873314,120.94427993303029,122.71852670064787,6120935,16777,46.01319922768662
2023-06-30,120.1557388305664,121.83141058420772,119.76146091199615,121.78213054452756,6977844,4962,76.19754524475006
2023-07-03,120.1064453125,121.23999145207259,119.76145497094976,121.14142385737615,6882222,3453,55.69061547134539
2023-07-04,120.20500946044922,121.92996863896454,119.51502879713317,120.05716183275663,6978884,7491,48.62297972707382
2023-07-05,122.32424926757812,124.1970636359752,119.26860872978571,120.2542997110236,17210344,10319,69.40811350470656
2023-07-06,121.0921401977539,123.40851258869638,120.84571744296798,122.22568637381426,8323469,7012,64.8535751096565
2023-07-07,120.1557388305664,122.66924646102838,119.86002851158227,121.73284298462161,9294602,12541,55.07611387428845
2023-07-10,120.50072479248047,123.40851023541535,120.10644688829636,122.12711644709893,9605491,8441,45.68430412394703
2023-07-11,119.21932220458984,121.8314048315254,118.92361941979412,121.23999174170851,8036326,17846,68.37857292531203
2023-07-12,118.972900390625,120.64857959851686,117.88864179741587,119.7121686387529,10302856,5675,76.34376107486581
2023-07-13,116.95223999023438,119.56432267412275,115.37513587626094,119.36717995973507,7946038,15796,72.09545512326413
2023-07-14,117.79007720947266,120.10644960871004,117.19866409991376,119.26861374348277,8863951,9628,53.88128589858235
2023-07-17,117.93793487548828,119.76146180217583,117.05081143216773,118.38149283703564,8493109,14969,78.82568457827284
2023-07-18,117.93793487548828,120.05717212335797,117.44508935366864,118.72648319826422,10815497,4707,66.92215483426077
2023-07-19,118.1843490600586,119.5150303683623,117.83935872386509,118.77576213927966,5903962,14074,53.219780301810005
2023-07-20,126.85843658447266,127.94270276811126,117.44509146095187,118.38149496112048,71718021,7471,65.21392112317932
2023-07-21,134.6946563720703,137.01103601878356,128.23839296613482,128.58337575917852,103032705,8165,61.485482579207414
2023-07-24,133.80755615234375,144.5515822692059,130.8011955290443,139.13028165161555,70774038,14910,69.06237680135871
2023-07-25,127.6962661743164,133.56112434599513,126.1684421866227,133.56112434599513,39446235,12791,70.07217287532794
2023-07-26,132.32901000976562,133.6104112525871,128.68195650362006,129.27336204922594,34898129,12695,78.39044179202163
2023-07-27,124.19706726074219,128.5341016885876,123.2113762507363,124.19706726074219,61077617,14144,49.35588150724737
2023-07-28,119.21932220458984,121.3878468942191,117.93792843002413,120.993568994266,74826227,13467,68.59261642118139
2023-07-31,122.32424926757812,123.90135333351368,120.50072245633308,120.94428038979999,54533231,3489,69.92142456015716
2023-08-01,123.30994415283203,124.68991307430024,122.76781860812262,124.09849997087832,29234876,5638,52.9161375185492
2023-08-02,121.7821273803711,124.44349010117732,120.00788055301655,123.21137633779932,23973096,17732,61.47469990857843
2023-08-03,121.53570556640625,123.30994488723897,120.40215939129816,122.22568627113692,14425991,17675,65.87076907475577
2023-08-04,120.8949966430664,122.42281310496706,120.50071875862507,122.17639036721935,11897709,15485,68.75243694801317
2023-08-07,123.3592300415039,124.09849829082947,120.89500254375203,122.22568388849294,24525745,3450,58.440284812024586
2023-08-08,122.12712097167969,124.29563824469345,121.0921423748806,124.14778308511846,14079922,13490,71.83524509230887
2023-08-09,125.33061981201172,127.30199441224137,121.78213349923679,122.61996939638524,44912351,13243,58.315371386984935
2023-08-10,124.78848266601562,126.80914476168921,124.19706955314105,125.67560609544034,18515076,3351,46.16133978321167
2023-08-11,124.2956314086914,125.77416788267321,123.9506410688074,125.37988998556632,10302756,10985,75.55442653923357
2023-08-14,123.45780181884766,125.5277514830227,121.48641975387604,125.47847144353386,11631292,14112,61.90348335855376
2023-08-16,122.86638641357422,124.98562359796823,122.3242533477203,123.16208920567357,16655371,4339,65.33591678776135
2023-08-17,123.06352233886719,124.88704922176147,122.47210923093196,123.45780025089923,12231236,8428,50.864889490811635
2023-08-18,121.0921401977539,123.45780014774382,120.64858224722953,123.01424219721945,9816820,4882,59.71215008037913
2023-08-21,122.7185287475586,123.4085094352378,121.04285706592309,121.48641500511322,12614724,16720,53.9739528268518
2023-08-22,122.767822265625,123.80279334739083,122.22568918453872,123.40851542662134,8220149,11689,78.53791544701826
2023-08-23,122.81709289550781,124.39419693752443,122.27496737618426,123.21137078606829,10090234,16402,56.83893784404724
2023-08-24,123.06352233886719,126.90771882078464,122.66924442683515,123.40851269181059,21592871,15552,56.228500397345556
2023-08-25,122.12712097167969,123.75351268655291,121.23999753445558,122.22568857132107,9332051,11584,74.92871175035192
2023-08-28,125.03489685058594,126.02058781120581,121.92996882058829,122.47210185701931,20693995,12765,47.525362018994805
2023-08-29,125.9220199584961,130.9490498634303,125.3306068873936,127.05555854468203,73184822,13804,52.95635856434295
2023-08-30,126.66129302978516,129.125520520637,126.21773508952202,126.95700333677757,24386109,11786,77.84902877494832
2023-08-31,129.1748046875,130.89976388581337,128.13982616042185,128.63267164565426,28446824,3519,68.41859673069389
2023-09-01,136.32107543945312,137.01105616745787,128.73125735049726,129.91408360428423,72952804,8998,67.32079261013757
2023-09-04,152.19070434570312,161.11121207383943,140.55956105248111,140.95383148801463,243994049,12794,50.649234240007885
2023-09-05,154.50706481933594,160.66763359203674,150.5150132465356,155.73917857387607,93875981,4658,56.129409147873154
2023-09-06,147.705810546875,154.654920449391,145.88227607969802,154.654920449391,50668451,5472,66.05023545723759
2023-09-07,151.69784545898438,155.14776410851704,146.8186778055928,148.54363713035914,47181664,14541,56.78051326895035
2023-09-08,160.51979064941406,163.42757618702862,152.14141687365426,152.53568727045058,94642035,17347,77.27450572117732
2023-09-11,186.7884521484375,189.0062569892501,165.6946699008896,166.58178582103398,229093837,10520,66.96497164019831
2023-09-12,167.4196319580078,196.39894300211387,158.84410773433692,193.68829259681493,185688235,4755,76.89184766104874
2023-09-13,164.314697265625,173.08735675441972,155.93632322647335,164.314697265625,123372887,14339,65.98694949700617
2023-09-14,168.5038604736328,172.20020143915758,165.89178554084194,168.55314802792978,54896101,12097,74.9096376430517
2023-09-15,167.71531677246094,170.0316966267448,165.84250989825978,169.9824090689077,37898734,6673,47.67177643293491
2023-09-18,162.9840087890625,169.29242501507423,161.75189506988437,169.29242501507423,17676535,14994,77.23192932546058
2023-09-20,161.46273803710938,166.69830255420652,158.54860776266753,161.80848869393702,19113572,11076,51.72838222798414
2023-09-21,156.8692626953125,163.58658917236207,156.07898633214177,161.31455028072162,17920990,15644,72.3996210019102
2023-09-22,164.82139587402344,165.90801271456462,156.77047686761452,158.0546741094071,34462689,14623,63.35444468847891
2023-09-25,167.73553466796875,169.6124279916723,162.79632584425514,165.3153253590029,34727498,9839,65.87195762425306
2023-09-26,164.6732177734375,168.67397990141924,163.2902453438169,168.22945412570328,15986625,11884,75.53101344128216
2023-09-27,166.4513397216797,168.18006283451612,164.7720117124353,165.3647077357319,14165805,8315,68.06758122520316
2023-09-28,164.0805206298828,167.73553208857118,163.24084911345614,167.29100631592658,12565456,16022,75.85924698859826
2023-09-29,167.3897705078125,169.85937472030093,164.17928503157754,164.92016629532407,15240934,17121,61.35015163160293
2023-10-03,170.4027099609375,174.74920783787965,168.32823615819214,168.77277702540158,27914702,7065,59.86299595616801
2023-10-04,169.06910705566406,172.32898779851183,166.4019373836136,171.2917509612509,18738459,4612,63.864596521505874
2023-10-05,168.1306610107422,171.19297643181656,167.24160947469798,170.00756935933475,10154669,8792,74.1905528424941
2023-10-06,167.98248291015625,170.69904756592004,166.5501154699526,168.72336417991002,11080543,17518,77.74204691208584
2023-10-09,159.2894744873047,164.22868299853894,158.30163278505782,163.4878017218538,21811811,10761,64.2560100312422
2023-10-10,163.33963012695312,165.31531351488957,160.52427526983647,160.52427526983647,16819515,3344,67.77400458631925
2023-10-11,163.1914520263672,166.30316254356822,162.74692625912954,164.3768590967572,8395665,8678,47.15089535466457
2023-10-12,162.89511108398438,165.4141107550295,162.25301992636918,164.32749379035224,7194861,9246,66.55135574310958
2023-10-13,165.95741271972656,168.72337261304241,161.26516444342477,161.80848041638714,27614191,7967,66.84702678630777
2023-10-16,163.9323272705078,166.69828704803248,163.33963129385347,165.95740577226346,8047553,17281,73.28344177027135
2023-10-17,168.2788543701172,172.08203620441859,163.9817365692654,165.16714369848572,39872845,17532,76.35299923484759
2023-10-18,164.96957397460938,169.61242723349247,164.47565309444587,168.67398057583563,12134308,7294,77.73409632971791
2023-10-19,164.7226104736328,166.35254331857715,162.54936165595078,163.9817291671547,7683165,14343,55.667953884806195
2023-10-20,166.20436096191406,170.45208315716926,164.722598457053,165.6610450288115,17925748,8461,56.48635165741033
2023-10-23,155.83201599121094,167.14279955721912,154.10329315137184,166.89583915152784,15748746,13517,67.25865769959384
2023-10-25,149.31227111816406,160.3761105274351,145.26212907840286,158.05467643794535,22285809,10321,46.42061100015011
2023-10-26,149.65802001953125,151.04099239304466,140.42169394281387,146.94145529970478,28015351,13013,65.26956929455527
2023-10-27,155.78262329101562,156.5728996160339,150.74463998140007,151.2385608003781,16533451,7115,71.57355789152754
2023-10-30,154.44906616210938,157.36319635750843,151.8312764379309,156.47412972403927,10466570,16661,49.30962526861779
2023-10-31,152.27578735351562,158.00527205237526,151.63369629752373,155.28870746072582,11535283,4007,75.07839934566499
2023-11-01,151.13978576660156,153.7575603404411,150.7446551010944,153.11546924067477,7934752,12941,66.02602406775935
2023-11-02,152.177001953125,153.85632966353108,151.48551584569503,153.11544846129897,6654814,11431,58.141647641694895
2023-11-03,152.12762451171875,153.80695241699962,151.53491345184625,153.16486132986142,8110790,10136,50.61258183473102
2023-11-06,152.62155151367188,155.38751144896182,152.17702573750915,153.1154723923569,9802051,17842,58.891867024903505
2023-11-07,154.25149536132812,156.57292968566014,152.522772162906,153.41183885177085,10398420,16431,65.39630769797941
2023-11-08,160.0797576904297,160.9688092310586,154.39966766028027,154.9923636629433,20438743,17587,74.44586355861179
2023-11-09,158.7461700439453,162.35180156247992,158.05468381690022,161.0182091384671,12066384,12717,73.64057595504441
2023-11-10,154.30087280273438,157.01743751782922,153.41182128891975,155.6838602471073,10860264,13159,53.66548510570004
2023-11-13,154.9923553466797,156.029592137272,154.696014897883,155.83202681365157,5658184,10906,65.23966347187914
2023-11-15,158.59799194335938,160.91941095285486,156.67170359450654,160.03035942977465,10489711,10750,47.442129218679874
2023-11-16,156.5235137939453,158.7461576110444,156.22715827034517,158.20284166332212,5767081,15444,62.114524941961946
2023-11-17,164.82139587402344,166.94524952806125,156.17778088366524,156.81987196792736,49242214,12278,66.7309651895327
2023-11-20,162.697509765625,167.53794268707966,162.0554187499579,165.61163949354494,15508870,16513,63.84667204679626
2023-11-21,164.8707733154297,169.0197205043491,163.2902356430839,163.58659116704501,18276062,16163,55.24051132427894
2023-11-22,163.78416442871094,165.8586230504283,161.70969073372476,165.56228258537496,10600693,7685,74.54045675165072
2023-11-23,164.77200317382812,166.1549755631229,163.58659611539423,164.1792921079769,8264019,8661,77.27800217120068
2023-11-24,164.96957397460938,166.45133661509988,163.29024599670728,164.9201788719392,9140137,14037,51.91915399166618
2023-11-28,164.0805206298828,166.6489001347565,163.53720465297548,165.21653261255997,9900235,17628,62.97419128472829
2023-11-29,163.33963012695312,165.4634837396776,163.04327460410906,164.72260246920143,7582017,4937,72.82685886770656
2023-11-30,162.20359802246094,163.734755614505,160.129139574473,163.4384001010017,10151856,13610,62.973596113473135
2023-12-01,162.99388122558594,167.2909986690223,162.25299994728783,162.8457109992336,10803510,5434,48.15830414926718
2023-12-04,170.3039093017578,173.4650149164018,164.87077975233288,166.94525342778442,42370540,17351,63.287693992685575
2023-12-05,167.93309020996094,172.13141746520995,166.45132764928482,171.19297085810206,13059659,5707,66.03075036846418
2023-12-06,168.77276611328125,171.34114557513414,165.71045071165705,168.32822527481392,15836447,9922,77.90368369087233
2023-12-07,168.03187561035156,169.66180835123095,165.7104416356273,166.05619225254975,10201395,17707,63.935661960443724
2023-12-08,169.06910705566406,173.61318506972682,167.48856932231908,168.9209368245991,24620500,9807,62.002034434251506
2023-12-11,176.1815643310547,178.6017733592343,169.7111985080107,169.90876382338442,51111463,13608,71.94281166144386
2023-12-12,175.78643798828125,183.34343648811483,174.45286065767698,181.02200232530402,32976209,11506,63.245323641399835
2023-12-13,174.798583984375,177.26818820871844,173.0698610273346,176.5767020405559,10438818,14904,75.55379834349932
2023-12-14,179.54022216796875,184.92395621419794,175.88521103119731,176.32973676469007,53402614,9297,48.90471740796137
2023-12-15,180.9232177734375,184.7264146934937,178.9969292979721,181.02200798172578,33011787,5935,73.81490874743217
2023-12-18,180.37989807128906,181.96043572649134,177.16941258861414,181.76287040374956,14940222,13947,71.52348876215244
2023-12-19,181.6147003173828,185.61544709405106,180.72563375447035,180.97259417640137,23085130,4890,55.98190889926457
2023-12-20,170.007568359375,185.22032502549487,167.933094689782,185.1215348228405,27386563,11918,65.34362676938642
2023-12-21,175.24313354492188,176.08280512461374,163.58661208056205,168.72338655060926,19234072,15431,78.32645236676788
2023-12-22,174.7491912841797,176.52730936477045,172.87229807722,176.2309538391273,8887707,16227,61.42214795762167
2023-12-26,176.4779052734375,178.3054183607354,173.2674199012913,175.5888538150732,9823977,3717,62.79829139634079
2023-12-27,175.6382598876953,178.60178503178489,174.40345774432467,177.16941756012858,6991847,9794,76.79131113694058
2023-12-28,175.24313354492188,176.77429138674643,173.86016102065648,176.4285557923151,6859414,9475,50.09948057599656
2023-12-29,179.34266662597656,182.4049669028368,174.99615402988212,175.2431144589806,20186770,10172,58.07422053852446
2024-01-01,179.7871856689453,183.34342174445135,178.8981341867027,179.6883954716882,13833701,12053,63.89839662463164
2024-01-02,178.60179138183594,181.17017088740266,175.34191059278115,180.1823291375842,7909774,10062,67.8918598284929
2024-01-03,183.0470733642578,186.70208470628808,180.52807396864628,180.67624419704234,45596593,17909,55.90084242017971
2024-01-04,183.24464416503906,186.10937920354075,182.25680241751863,184.38065614538002,15879759,15078,53.60296366620372
2024-01-05,182.40496826171875,184.62761214016342,180.77503544683339,184.08431125071397,10233509,4645,48.68188721487577
2024-01-08,179.88597106933594,183.2446266607654,179.09569473215626,183.195231563454,8211288,11060,55.31455975311374
2024-01-09,183.0470733642578,184.92396659919356,179.6390224517332,180.82442949870676,11569461,14496,50.87820725224685
2024-01-10,194.9999542236328,196.77807237737113,180.626868907981,183.73856437207144,72587866,12858,45.11734081725984
2024-01-11,197.3707733154297,202.9026777533725,196.13597119893333,198.3092199093133,51040633,15656,54.20135491277979
2024-01-12,200.77882385253906,204.48323019668186,196.13597091586703,198.3586147223527,29429746,10883,49.68398163283045
2024-01-15,217.96726989746094,227.84568711598658,201.07518549774318,201.76667168838628,136773825,4131,69.99501161731925
2024-01-16,220.83203125,229.1298961094282,216.33734817061423,222.26439880542557,68897751,10899,63.190885604504146
2024-01-17,237.47714233398438,242.9102717682527,213.42320560986656,220.68383317351865,114133165,5389,53.01033109929449
2024-01-18,240.63824462890625,248.34339784564835,224.28946144666904,244.58961143678144,105611386,7585,77.7255079675585
2024-01-19,287.7088928222656,288.7461145403495,242.02121456293588,242.76209583200608,178930889,15203,78.22303843542018
2024-01-23,285.2392578125,341.29926778950215,284.8441272076074,327.9634063852814,80917623,13040,47.79318825426453
2024-01-24,295.21649169921875,301.8350128583725,261.9262150694952,285.2392847153655,53922343,13861,54.51189555026133
2024-01-25,298.2788391113281,306.0333730082179,294.4756422088528,296.3525355714978,27527924,13428,59.12111506279214
2024-01-29,295.4140319824219,304.9467279772486,289.73394252167634,302.03258306486094,17198256,14486,53.3512251256634
2024-01-30,292.64813232421875,300.50148666799066,285.09114860743284,297.1428004413843,16994531,3009,48.22206809213175
2024-01-31,304.502197265625,305.7863793885041,291.80842567309554,294.031069448757,21529178,16113,64.03938541432066
2024-02-01,293.93231201171875,315.0227402184812,291.01819682453714,308.20663790940785,34481062,4168,62.54522661666086
2024-02-02,290.9687805175781,298.3282137430332,283.6093774386614,296.5994906501514,17179265,17629,72.36275670861298
2024-02-05,277.9292907714844,291.36394500585203,274.6200147799009,291.36394500585203,15716341,4407,61.78268518265938
2024-02-06,281.7324523925781,284.794737409415,263.95130258187913,278.07742620620934,17061913,8098,53.01313617585018
2024-02-07,277.4353332519531,287.7582603998402,276.6944520149334,285.5356166887811,9794286,3415,70.76591136637563
2024-02-08,278.2750244140625,286.37530842523404,275.8548001429137,278.91711550236624,9231980,11774,47.48106225947127
2024-02-09,256.09796142578125,269.5326146118508,247.45434652712902,254.86315929740235,35310986,5660,77.95280239423032
2024-02-12,226.8084716796875,255.55467261503188,223.4004055858206,255.55467261503188,32239387,9822,78.87107486938137
2024-02-13,242.71270751953125,253.2826109058372,220.78262435649302,225.72183295507227,52120543,9780,59.01330091655322
2024-02-14,245.8244171142578,250.07212443545137,233.1306450313374,238.0698536125098,22348631,9472,65.53250179374076
2024-02-15,256.24615478515625,259.6048108482508,245.18232973071994,247.108618210238,18846018,10554,68.25378633962467
2024-02-16,248.6397705078125,256.59189977139704,247.70132384091553,255.8510184438569,10975697,5729,53.07589443949536
2024-02-19,263.0128479003906,277.8798531597139,250.911787292767,251.2081428120971,51506679,8763,66.43104920752536
2024-02-20,264.0007019042969,265.9763853610175,257.97486133199146,264.3464525385304,15398431,6718,50.75924344230316
2024-02-21,257.1845703125,270.2734717019846,255.90035812598887,265.33426363048096,13483046,13526,60.54670707568155
2024-02-22,258.17242431640625,260.09869746881367,250.41786124270004,258.715725171731,12248384,17435,56.527428716697784
2024-02-23,261.3829040527344,268.59413596831195,259.8023513989472,260.7901930392474,14200106,10040,52.32021783401221
2024-02-26,263.704345703125,269.53260552323775,260.39507008135075,263.30918491813947,14614169,15403,72.28405122217626
2024-02-27,263.6549377441406,273.5827646927707,262.2719654246923,265.1367002606643,18452082,12206,52.95974564016331
2024-02-28,255.8509979248047,267.1123871709522,253.87531454314595,265.0873237633664,10945242,13056,67.38374191404294
2024-02-29,241.28033447265625,257.13518164960425,237.92167873243625,257.13518164960425,31125179,12925,52.877276039176735
2024-03-01,243.20663452148438,246.26894995924854,241.57670167209722,242.41635811109987,10474862,4005,55.4896525663873
2024-03-04,239.60101318359375,247.70131230617076,238.11925059751496,247.70131230617076,12608680,4916,63.28511068374685
2024-03-05,238.3168182373047,245.18231527135256,235.2545028337562,239.60101550567236,8990938,16276,69.91846920150942
2024-03-06,234.66180419921875,239.50222261025812,229.22867472536015,238.86013151992765,9329415,6284,73.42801957199798
2024-03-07,235.0569305419922,239.0082973595025,233.32820755933142,235.55085139418097,6393948,5724,56.00181007354221
2024-03-11,242.4657440185547,254.86316045861784,241.08277165777645,249.232465742209,25948260,6495,66.24429207921861
2024-03-12,240.4900665283203,249.38064211216408,236.3411342705136,246.96043288454922,19693167,4186,65.13078286361495
2024-03-13,219.89356994628906,242.61392920096372,216.8806497261242,242.02121814762145,26257106,7887,72.78880585408675
2024-03-14,240.53945922851562,245.42927273616647,210.4596818180839,219.89357327475946,38958684,14854,72.53521557115022
2024-03-15,242.5645294189453,245.77501490383207,229.47562705748382,239.50221415789997,28212318,9050,75.37305413917377
2024-03-18,241.4285125732422,249.92395747317943,240.14433038397115,246.51590652228978,13484133,11156,69.9040385487476
2024-03-19,242.4657440185547,244.78717805979124,237.47714038252113,239.9961397505448,9884197,16766,60.06787401496158
2024-03-20,236.291748046875,245.28111417091475,234.61242005482066,244.98475862566536,11717711,9870,54.01994474208249
2024-03-21,241.52731323242188,246.36773188548176,240.93460213996715,243.99691766220124,14067406,14627,64.45953647909087
2024-03-22,246.81227111816406,249.92396664991264,240.0455489957659,241.72487698231703,14803746,10469,45.83030962463958
2024-03-26,257.28338623046875,264.5934088779582,249.47942765317066,250.91179512248394,43345234,12323,47.938563356141
2024-03-27,252.88748168945312,263.0622394019374,251.30692889958664,259.40724310606674,16973630,4531,77.18516960172713
2024-03-28,249.82516479492188,255.70283508368357,248.29402218854034,255.50525468119835,11074200,5196,48.764281761627785
2024-04-01,258.5675964355469,262.46958368392563,256.5919127951607,257.82671507040203,13309346,3757,45.508784584189044
2024-04-02,261.1853332519531,263.5561472463791,255.40645341479666,257.8266775809717,13027421,11923,56.49298229201244
2024-04-03,261.8274230957031,267.30996246303,258.66634783333643,260.19749036626797,13266979,7278,56.11085469177171
2024-04-04,260.7408142089844,265.43306202188177,258.27121009693315,263.2104183210356,7680571,10004,72.1973443084878
2024-04-05,260.8890075683594,264.3464536319212,255.90038873158352,259.20966456458586,12817238,16258,68.11974116366393
2024-04-08,260.98779296875,267.40876411150504,259.40724019661064,263.11164662512317,8897347,12383,68.79777048409332
2024-04-09,258.9132995605469,262.3707452963704,257.53032729552433,262.0743747168077,5674854,5142,66.24777156873898
2024-04-10,256.98699951171875,259.90114444116114,256.09794805501025,259.0120929844526,4863470,9875,65.5789341249164
2024-04-12,257.0364074707031,258.61692998168206,253.38138133436166,255.8509854409344,6856810,16313,71.51917497132852
2024-04-15,247.94825744628906,252.9862559575725,242.02120746749333,243.99689079375858,14211279,16801,45.15072567234737
2024-04-16,254.76437377929688,257.826689143256,245.23170720234978,246.81225998502578,9732040,14847,62.61897899933941
2024-04-18,256.7400817871094,258.8145556287085,254.072926973516,256.1473706685754,8129109,6000,61.09963038817099
2024-04-19,255.30772399902344,259.2096810016962,248.73856701772868,250.56606529467913,9991595,15284,48.91548103554905
2024-04-22,260.9383850097656,261.77805650332897,257.48093898047637,258.56757090470325,8530666,12674,60.50819768038338
2024-04-23,273.9779052734375,276.59567978495204,260.9383825963894,262.7165157686432,33985045,7340,65.13658953999723
2024-04-24,280.79400634765625,282.7203097426928,275.5584573380472,277.58352078695304,30147590,12285,58.02714223645377
2024-04-25,283.65875244140625,289.2894624741919,282.37457022521056,284.49842395809014,21646420,3858,66.156330023055
2024-04-26,286.3752746582031,291.4132728624194,278.81829242514533,284.49838164195523,24631495,7507,54.30977344907704
2024-04-29,285.2886657714844,292.6974783882633,283.21422235601483,288.2521908181959,14426490,10609,53.79341616530479
2024-04-30,282.9178466796875,289.9315285268502,281.9794151863462,288.3509758343644,9939575,11126,75.47935465417532
2024-05-02,285.33807373046875,288.30159875419554,281.3372968605163,284.4984022777724,9181814,9637,76.90456977649853
2024-05-03,280.6458435058594,286.96802459323595,278.17623916340466,286.47410372474496,9283077,4118,47.26516553942264
2024-05-06,272.9406433105469,282.3251392425303,267.7050944807914,282.3251392425303,10882535,16010,48.27971498442056
2024-05-07,263.6055603027344,273.38518697834354,261.18533611007507,272.5455155147759,8819227,14334,70.60535720395156
2024-05-08,266.6678771972656,269.0386912321657,257.8266819825448,261.975629153522,6891941,16766,62.16968908645619
2024-05-09,257.8760681152344,271.26134146596297,255.85100465438387,267.7051052561314,7979566,5746,63.781541773914455
2024-05-10,257.8760681152344,260.1481221518247,248.83732243570924,257.8760681152344,10034497,7192,64.72005602415443
2024-05-13,252.64051818847656,258.76514886984216,246.81225810903703,258.76514886984216,8125328,7106,50.943004609635686
2024-05-14,270.6192626953125,272.6443262483243,256.83885806001564,256.83885806001564,20789907,8057,78.85901598609011
2024-05-15,272.2491760253906,274.61999005410445,268.1002288652394,272.49613644810114,8877920,10377,51.66091893758751
2024-05-16,276.8426208496094,280.6951972335531,272.54550366706144,273.8297158927324,13251603,15988,56.08145350190554
2024-05-17,287.26434326171875,289.9315278078324,277.08958620135263,278.571348694408,29599889,10843,62.38094043359462
2024-05-21,337.5948791503906,341.69441591105925,297.3403324777398,299.61235618224504,110366536,14704,78.16776368213235
2024-05-22,337.2491760253906,354.5858172681467,327.3213782432043,338.82972889502497,67735859,10697,63.2190700142564
2024-05-23,367.7240905761719,370.0455247125419,337.3479568348226,338.92850966042795,89059520,12637,65.00999583868705
2024-05-24,365.995361328125,376.36769950341596,361.401903308375,369.4528073865553,46086621,6131,57.47512259249709
2024-05-27,372.41632080078125,395.03788969544723,369.6503761001327,371.1815186761103,78610946,6409,66.2790549678831
2024-05-28,369.0082702636719,384.66556788663013,361.55007717830813,374.3920198103245,38874332,12589,75.85930775155192
2024-05-29,371.1815185546875,373.79929302882647,358.58653688716316,367.7734526330958,27912678,13070,69.85588225173922
2024-05-30,378.1457824707031,380.0720858023899,369.5021677838391,371.18151069590124,32178655,6922,63.737297443803826
2024-05-31,377.0591735839844,382.68985295662037,362.43909893181007,380.81295983240835,30897722,4027,45.699883513750166
2024-06-03,399.63134765625,419.8327224788467,379.3312127808873,419.8327224788467,63511113,10173,52.69177184422708
2024-06-04,347.22637939453125,395.1367048586415,319.7149802894407,395.1367048586415,88280882,8142,62.48314047016875
2024-06-05,349.00445556640625,370.44063220883874,308.4535664192264,351.62226015124406,59070407,7264,55.803474409320025
2024-06-06,364.1678466796875,379.0842627887612,360.6116104326875,365.30385863658745,43194252,14377,68.56836548058743
2024-06-07,369.9961242675781,377.35555753999716,365.89658693617645,369.4528233506778,27249200,12974,58.2782200794268
2024-06-10,369.4034423828125,382.0971850249505,364.6124037633929,378.9854894751133,22561822,7295,64.35576588203415
2024-06-11,384.6655578613281,387.67849318054556,374.3920100527757,376.8616143407227,43435702,7857,63.08276949099225
2024-06-12,387.3327331542969,392.07436121350946,384.2704178822264,385.2582595734404,18984502,8325,59.74625171289393
2024-06-13,385.40643310546875,390.9383526530504,381.109315682502,389.60476032915915,15383097,13657,74.82989688434513
2024-06-14,385.4558410644531,388.71570659609824,381.8501947640584,386.49306278455765,12323860,6442,51.48999409472046
2024-06-18,391.28411865234375,400.0759040957579,390.1974867106774,392.17317018769353,28638590,16572,49.22471913010959
2024-06-19,386.1473083496094,392.4694890995938,378.14578467776136,392.42010907399487,13915164,6245,49.141948889382135
2024-06-20,382.5910949707031,387.5303036852567,378.4421777384007,383.28259624935566,11437105,5730,71.84334616519365
2024-06-21,404.7681579589844,412.3251413339141,379.3312328401464,380.9117856729546,75448395,9663,69.83906123227601
2024-06-24,411.5348815917969,426.5500581955444,400.32287163153813,405.0151199726851,41934345,9354,55.812863521306184
2024-06-25,402.1997375488281,419.2894168522765,400.4710145935003,414.8935092786856,20335982,6585,51.054933985403665
2024-06-26,404.12603759765625,408.96645580370705,396.47026457234534,403.0394057195953,13277791,11537,49.936872436717856
2024-06-27,408.9170837402344,415.73318544037073,401.7058212429013,408.96646376661585,20947231,3264,46.33626233344305
2024-06-28,411.5348815917969,419.24003523022304,405.60783105561126,412.9178540209326,23134009,11858,78.44819413659238
2024-07-01,409.9543151855469,416.17770598396567,408.47255260053885,411.9299986322242,10190705,3589,71.65812149327924
2024-07-02,406.0029602050781,411.9793907480219,399.38440840589357,410.79399873315606,11365895,14294,68.11567126204153
2024-07-03,411.880615234375,416.0789425242107,409.9543118310122,410.5470228894728,12879072,9917,53.66465955068961
2024-07-04,413.65869140625,425.71037160852063,412.1769289295709,413.90565181902986,20654664,5876,47.57457220943061
2024-07-05,485.07965087890625,492.4390835441484,419.3881783499477,419.7833391440424,152345942,7707,77.8556581021771
2024-07-08,559.0196533203125,571.9109757043559,501.8235936299102,501.8235936299102,178360632,7373,70.02960675247222
2024-07-09,536.1510620117188,611.4739887337704,527.6556478363613,579.863055552057,156242236,16983,73.87121569051473
2024-07-10,602.5340576171875,610.8813320497178,550.9687087634954,553.1913525908695,211547060,16456,65.93953081434015
2024-07-11,622.3402709960938,635.9724743973936,598.6320701962426,627.2300994696775,95328327,7191,78.19348995294342
2024-07-12,619.1297607421875,637.1578710470059,602.7316132944849,620.36456281786,56153729,9437,50.95571909726089
2024-07-15,618.388916015625,639.1335921119958,614.6845095698445,629.2551749232478,29639356,3872,52.02556747068586
2024-07-16,612.6100463867188,624.1183658658617,597.6442207095727,617.4010544520379,29931644,10124,66.61052812618436
2024-07-18,579.0234375,618.3889051908463,575.5659915444601,604.5591213686869,35159677,6772,62.75953891016469
2024-07-19,606.287841796875,630.1442429070074,563.3661079849827,575.2695883803843,73240329,16786,77.898522871144
2024-07-22,616.511962890625,623.0317540965136,591.173860199697,607.5226277997593,34133877,13752,59.217120196610054
2024-07-23,583.1229248046875,631.2308261149411,554.8706772053472,627.0818790489988,57366312,9029,53.06354623710153
2024-07-24,586.5309448242188,599.6198459087171,575.9116477179276,583.9625808041096,18166209,14241,69.71311491583508
2024-07-25,568.7005004882812,588.6054753283436,566.6259966631359,582.826625279665,17201205,11793,45.956111267650506
2024-07-26,545.6343994140625,576.4056959002628,543.3623753106036,569.4908032330789,21601968,7813,60.507712016336185
2024-07-29,598.9284057617188,600.1632078766378,548.7954398960055,550.7217432538937,48942004,3367,75.95960031786413
2024-07-30,606.9793090820312,619.1791292454436,603.5712433579756,607.2262694925705,26215668,7154,56.75843806472099
2024-07-31,594.1868286132812,608.2141938993424,590.7293823952489,606.5348508205398,11846077,14959,54.67277254232245
2024-08-01,588.259765625,599.6199458175903,583.8144777235517,597.8912227448048,9507451,9463,52.28791119178689
2024-08-02,582.6290283203125,586.5310151322278,571.9603499142062,572.9481916239025,11185800,14214,67.36776505396804
2024-08-05,544.1031494140625,568.0089285526301,537.7315589395108,552.9937239479298,21657722,5531,63.85167059217645
2024-08-06,539.4109497070312,568.0089790591453,535.7559233483839,556.7475595310045,13085001,11629,77.49524919696792
2024-08-07,558.9208374023438,562.0325629614292,539.1640028508782,558.4269165385571,13370669,13583,49.4128158578985
2024-08-08,531.9033813476562,575.911717514182,524.9391093437066,558.1799467430809,30489387,8970,69.29879649234597
2024-08-09,511.8501892089844,531.4588223861134,507.75062213097084,531.4588223861134,23773689,5379,77.08188514083685
2024-08-12,568.8485717773438,575.9116634653725,516.0484855139862,517.6290079860295,61951226,4233,67.05739570941576
2024-08-13,562.5264282226562,594.5819011725215,558.1305209108509,574.6274881893074,42007554,14901,58.042915377972896
2024-08-14,547.3630981445312,568.0090151606444,543.4611714052802,565.0454898641541,19122889,12842,47.70132770301954
2024-08-16,563.7119750976562,574.825195895921,554.2780372077751,554.2780372077751,21355519,4075,55.6130927556822
2024-08-19,566.5272827148438,582.8266727144862,564.0576781694434,574.726357746957,16785488,11370,54.62860986863738
2024-08-20,554.8706665039062,568.799209642649,553.191323641381,568.0089483817751,9499106,7649,77.26921848068503
2024-08-21,557.0439453125,565.7863200294232,546.2764469249604,553.1913386581878,10316563,15359,55.82200562322691
2024-08-22,563.8106079101562,569.7376576647965,560.1062018135061,564.0575683165996,10606181,16994,75.27490932052979
2024-08-23,565.7369384765625,587.2718749004196,561.7361917574699,563.810635154608,26306003,16925,63.051807461142104
2024-08-26,570.1823120117188,578.5295874705491,568.5029688548348,570.4786524998559,11254234,12777,47.583632201293014
2024-08-27,569.0955810546875,579.8630797360095,565.0454541890927,572.7506074148748,13076800,7044,71.84753910469738
2024-08-28,571.1701049804688,589.2475967275783,570.3304033273088,572.7506276440672,22101243,17577,54.28822222896157
2024-08-29,572.7505493164062,577.6403773094906,565.6380777167441,576.4055753058364,13756438,10313,68.94874920840981
2024-08-30,600.0150756835938,607.522648523731,573.5903100770738,576.8995556713154,121690785,8880,78.03408575070085
2024-09-02,593.8904418945312,611.9679329397046,586.3828088012676,603.0773576427598,22525336,14169,65.91235792555506
2024-09-03,593.198974609375,599.0272650882962,589.7415284626093,596.6564207561407,9558037,17511,65.67514489178714
2024-09-04,585.4938354492188,593.3965696944099,583.468771857504,590.7293848280424,7537912,10797,55.04233712381806
2024-09-05,574.775634765625,589.5438793589103,573.1457322336264,588.2596972840744,7030270,9368,73.44573573373683
2024-09-06,562.6251831054688,577.6897678236713,558.5750565771463,575.1214037266475,9015277,12765,71.19317360697157
2024-09-09,556.0560913085938,565.2923866588366,546.6221552758122,562.6252021336803,8885002,15684,75.79862406672967
2024-09-10,558.5256958007812,571.7627378006727,556.3524321013753,562.9709832478559,7591740,9629,58.90591526186296
2024-09-11,549.9314575195312,560.8964756954887,548.5484550950549,560.8964756954887,4565818,11743,54.03210192430858
2024-09-12,545.28857421875,555.068230373596,538.4724429237885,552.9937267958362,6327534,10887,45.05628914706543
2024-09-13,548.5485229492188,556.0561565788007,541.2385300253746,545.7825780511946,6911510,14973,64.57723264036885
2024-09-16,538.6701049804688,547.6100609379981,536.0029201435561,543.3129733568609,4885521,4409,65.14575813879777
2024-09-17,524.0994262695312,536.2004876577506,523.556125367859,534.4223845736069,6414408,5839,53.980948492218786
2024-09-18,522.1731567382812,531.8046143874324,520.592633959242,521.629855801304,5345676,13552,67.65129235683757
2024-09-19,503.99688720703125,529.137472516386,495.1063112048052,524.0500632423257,13094055,16081,63.48962949130417
2024-09-20,537.6328125,542.3250602893891,499.65028938833154,506.2688404340836,25018038,7351,55.781209685653295
2024-09-23,529.610107421875,539.8740979321468,524.6021032300462,539.7253207617251,4782927,5408,49.2947794743327
2024-09-24,521.875,525.5938242280284,517.7099047590605,525.5938242280284,4043522,7108,64.51260843988229
2024-09-25,521.7758178710938,527.8746528478281,511.7101768099594,516.6686087557923,4430623,3425,61.999724679933415
2024-09-26,517.511474609375,525.0978990618703,513.19766338908,521.7261414101549,4399204,9870,62.75300264077893
2024-09-27,521.97412109375,526.5854871413931,518.255297032017,519.3461884067666,4343344,9575,60.95229715730875
2024-09-30,527.0317993164062,530.5522742643883,512.057296941085,517.1645065960346,4486451,8269,69.08379430085387
2024-10-01,520.337890625,529.0647192493385,518.65201156027,526.0896599096046,2945750,16478,47.973455895761795
2024-10-03,505.26422119140625,514.1398265838286,502.7850051894857,506.70217857806705,3394155,10581,57.20559042912782
2024-10-04,489.2980651855469,506.55340254490716,479.629122756334,502.78500631906854,6487238,14922,69.46770135582204
2024-10-07,447.94476318359375,493.85983182835355,438.6228867251373,486.3230090649466,13067372,3279,47.8107574803302
2024-10-08,483.0008544921875,490.7360266582328,422.9046821817279,439.4658270912283,19576332,3472,45.07029128683388
2024-10-09,476.8524169921875,496.5869705270075,471.0510454325084,489.89308724980873,7833917,9508,64.15730598079821
2024-10-10,476.55487060546875,481.81082649840164,471.24937276369735,478.1911773188469,3384210,7667,55.07761562649085
2024-10-11,471.4477233886719,483.29838834828996,468.07599557501527,471.05105486892427,4345765,4015,54.84006943762937
2024-10-14,466.5884704589844,474.91863051004805,463.36548952595206,472.04274588411596,2873914,4193,76.18863216293309
2024-10-15,470.2576904296875,473.0344001700026,462.77044015127643,467.034709715741,2779345,11882,66.37060061250469
2024-10-16,475.61279296875,483.19918770811023,466.786790256819,469.0180846074465,4889153,14938,52.00271112036706
2024-10-17,485.5296630859375,510.37142533878534,480.9678996345682,484.98421741256783,19634045,13955,56.633874282957464
2024-10-18,473.3319091796875,482.4554362146796,466.1917852193117,479.77787081462156,4706252,8102,54.36805957153993
2024-10-21,461.7787780761719,478.93497139916735,459.1508151008306,473.3319188828469,2924934,16982,51.8384633244306
2024-10-22,438.8708190917969,459.89458359003135,436.34203079162,456.22533168009994,4776339,9431,61.05324273611042
2024-10-23,438.4741516113281,449.1843832781243,417.59916423970856,436.29245961051527,7676464,15409,45.61326903983791
2024-10-24,438.27581787109375,446.1597066158984,432.0281753744479,440.70543139989996,3737733,6137,72.8581083258654
2024-10-25,416.2603759765625,441.8954760591017,410.6573537404318,438.4245735792495,5291153,14570,76.7908051822115
2024-10-28,428.7060241699219,432.87111920944295,404.7568033523448,415.36786007539706,6738378,11874,51.48834242674779
2024-10-29,435.25115966796875,438.32539359436794,423.99551285208196,428.70602330360515,3962720,15184,69.08316355980162
2024-10-30,461.48126220703125,475.067347431785,432.42483316374353,436.34200646368004,14783053,15362,76.98379666362368
2024-10-31,467.87762451171875,475.7119711672301,457.71283906168276,463.1175419674925,6608995,12095,75.2556287677252
2024-11-01,467.03472900390625,472.9848474907736,464.1092419756494,467.0843012190831,1408627,17812,66.25388159849031
2024-11-04,442.490478515625,465.39840987170504,439.8129131619671,465.39840987170504,5262254,10677,50.60740037815887
2024-11-05,447.1513977050781,453.20069087899356,437.6808045635915,448.29183102760186,7278500,14089,47.0367855638721
2024-11-06,465.7455139160156,468.57182622219284,456.6715893657562,462.125864591623,6251705,11879,70.16879736731502
2024-11-07,473.8773498535156,482.65378050111286,469.3651585984216,471.0510375752905,8328110,7196,69.22244450577608
2024-11-08,444.2259521484375,453.5973708321866,439.6145859991813,440.3087786115487,8178730,3973,78.140054340858
2024-11-11,432.9206848144531,442.29213337835296,425.63181400238335,441.30044698064364,4899446,11005,48.430830530035934
2024-11-12,434.0611572265625,447.1018275693598,428.40853253890486,440.3087695538744,3668960,13278,46.37289059974929
2024-11-13,416.3595275878906,448.09349135857957,414.5249017546244,428.65643249625936,5236303,13272,71.86658055072213
2024-11-14,416.012451171875,424.8880566933655,412.64072341300516,416.0620233870874,3814197,17801,65.75932763271493
2024-11-18,412.7398986816406,424.29303938189804,406.09558758508,415.1695122439145,4451811,14835,64.79999497518757
2024-11-19,428.5572814941406,431.43316606704343,416.0124543004293,417.0041407230763,5166306,6885,47.74160683553082
2024-11-21,418.3428955078125,428.2101565958546,416.50826969566555,424.1442667456324,3599338,8726,64.80601001440272
2024-11-22,416.7066650390625,420.62380842069194,413.2357624087262,418.34294165487574,2708144,15527,65.91787968295026
2024-11-25,434.45782470703125,459.05163570722624,430.39190435048585,447.7959888379135,12098123,6396,63.11771295715667
2024-11-26,430.3918762207031,440.20956504024554,428.6068528949193,436.6394881248122,3718972,3273,74.59321876082146
2024-11-27,435.7469787597656,443.08545174115903,427.912662600388,431.3835648462776,5527098,17543,71.2470563155253
2024-11-28,439.6641540527344,447.0521992813545,436.39157090422674,438.0774498229003,4500271,4564,59.960323088101774
2024-11-29,432.2265319824219,440.85418567356305,430.39190605361335,440.65586654798807,3572568,7473,57.129321366277814
2024-12-02,433.4165344238281,443.38300102653767,431.4331615990741,433.86280541494483,4210283,17024,52.712965402328045
2024-12-03,434.1107177734375,440.8046009144328,432.5240134946504,433.912368389639,3199416,14767,72.33514222369448
2024-12-04,437.5816345214844,447.84559506105086,435.35034006783377,438.77167033564524,5016587,16254,77.07101106569019
2024-12-05,439.56500244140625,441.30045366367915,434.85449198095125,439.01958701995324,2835893,14609,59.393664208093824
2024-12-06,460.8367004394531,464.10925358353325,437.3337197229448,439.3170926015069,11669884,5633,60.06232895334394
2024-12-09,466.6380310058594,470.70395136477845,459.20038288486154,461.82837609870825,5838413,7752,45.24066738306629
2024-12-10,454.7873840332031,466.39009662580105,451.76272238853255,466.0926028146576,3950300,11733,62.64787252797415
2024-12-11,470.3072814941406,478.4886944036328,451.86190815451204,451.86190815451204,11348824,12403,52.28922298618081
2024-12-12,467.58013916015625,475.01778718497314,462.6217071436116,470.05935516842857,4205765,8508,61.520739654583636
2024-12-13,462.0762939453125,467.4809667109683,452.45692368149594,464.75382908877845,3244183,5507,56.40220009622361
2024-12-16,465.9934387207031,472.04273188375157,462.9192047922161,464.0100658976621,2797117,16675,62.82068728459235
2024-12-17,464.4067077636719,477.99282292753185,461.38207648762284,468.57180255862824,4245937,11388,64.3318970289381
2024-12-18,453.64697265625,463.0183913264439,449.9777207342471,462.96881911014725,2378913,10723,66.10774323585935
2024-12-19,444.7217712402344,446.25887303068225,434.3586364165307,434.8544796087871,2481062,15702,47.9554404941458
2024-12-20,429.64813232421875,449.82895659464447,426.47472374218603,447.7959813185754,2977111,15901,64.99873652154332
2024-12-23,426.0284729003906,438.3253779018782,422.06172739901615,434.0611385934472,2428886,10481,74.70456026631238
2024-12-24,424.9872131347656,431.28442810196236,423.1030149454285,426.4251705829766,1588615,9197,46.11697055663711
2024-12-26,424.144287109375,429.30103825201303,421.71464331395345,426.1772321320905,1428368,3910,63.41776578352221
2024-12-27,422.01214599609375,428.9043787544582,420.5742188383591,424.14429602064956,1604621,11087,67.56719772955671
2024-12-30,404.9055480957031,425.9293120412366,401.0379771590451,421.4667232072772,3813743,9616,52.10237084229137
2024-12-31,419.18585205078125,436.0445207971001,409.9135781875325,410.5581682927065,12688227,16012,73.75221357515227
2025-01-01,424.54095458984375,429.05311561170555,417.8966435933873,422.11131080030754,2926296,10009,58.22292136775113
2025-01-02,425.9789123535156,429.10274895442853,420.72298615238657,426.57393029006425,2481062,13520,54.391402950411404
2025-01-03,428.5076904296875,435.84616358170285,426.4251429809607,426.8218114797976,2543156,16721,66.9396446809615
2025-01-06,407.0377197265625,431.1852608232312,405.0047443246716,430.9869416894971,4405141,10212,55.99687159354512
2025-01-07,412.6903076171875,415.4670478187043,407.5831284833691,407.5831284833691,2593957,12030,47.52648145749296
2025-01-08,413.9299011230469,420.1775436589612,409.12021598593526,416.5082918395893,2899992,15306,51.46733962153393
2025-01-09,406.888916015625,415.4174250706945,405.59973580687125,412.541540576182,1712306,13771,63.94969633852263
2025-01-10,390.0302734375,404.11223330483574,387.74940668022276,401.63301714959135,4129451,12084,71.70071461342357
2025-01-13,354.97418212890625,380.65885551070426,352.5445381849531,378.77465728063305,8523323,5651,64.92188453880713
2025-01-14,373.6178283691406,375.7995504213679,357.60210004059553,357.9491963121588,6050286,11715,50.026373630292916
2025-01-15,368.80816650390625,383.7826372127858,367.46938380969283,376.9400070981995,3567908,16457,63.0590850446525
2025-01-16,407.73187255859375,411.8473652197619,382.6422178056525,388.59233642821897,23382354,10300,77.33457922367435
2025-01-17,422.8550720214844,434.16029085155935,403.61636204555094,406.59142122524787,24210278,10853,66.61809932284129
2025-01-20,428.0118408203125,433.81321210336864,412.64070217597316,425.6317995991235,9464708,5597,72.25305378060975
2025-01-21,415.7149658203125,432.077792004219,413.2853219480639,429.40022652312337,7758398,12913,61.77547336513565
2025-01-22,404.6080627441406,419.48335916855757,395.3357885868138,417.0041430978214,5563380,10920,62.37860978387188
2025-01-23,414.97119140625,423.3509234333541,402.1784124742118,404.60805629032575,6083832,10496,69.1632040674524
2025-01-24,406.6905822753906,419.48333026619645,405.20305273543954,416.4586989738424,3895985,17643,77.45842230426263
2025-01-27,397.5174865722656,401.8809005376682,386.9560328083179,396.7737217964402,5467340,17685,77.99456547830975
2025-01-28,404.2609558105469,410.55817051739143,381.9976142391198,403.61636570187994,8736571,15029,77.74989936109944
2025-01-29,424.09466552734375,427.3672486715499,404.65760683112313,406.59140733742066,7673095,13906,59.52338347775479
2025-01-30,433.26776123046875,440.8045835600847,425.6813666887882,429.4001905095989,10326411,13615,66.89926296517065
2025-01-31,472.3402099609375,477.49699123454144,432.62318260865777,437.18494600240484,23858116,14063,51.628043658781685
2025-02-01,429.94561767578125,497.62821306864396,424.6401197571776,480.96789400056286,46000882,6566,56.19269542549449
2025-02-03,403.7651062011719,416.4091076287484,394.69118181768437,411.69859729298463,22386317,16935,60.93350144605131
2025-02-04,396.77374267578125,417.79747662045423,391.4186420608111,412.5415507002529,15907300,11752,78.08520273908545
2025-02-05,402.92218017578125,412.8390443717283,400.64131351626054,408.17813635795386,10360639,14099,52.954651890553336
2025-02-06,399.69921875,408.27733090775337,398.36046622953603,403.02137446997665,4336358,3856,71.253291367635
2025-02-07,391.7657165527344,399.6496358670739,390.476536284517,397.6662629843589,4897511,11581,46.72046678805753
2025-02-10,378.27880859375,395.78206838975535,375.50206837443267,391.8153225883323,6239370,10540,66.59132076254929
2025-02-11,366.4281311035156,382.54303538073384,363.9489150608666,379.81589773381995,5917977,8515,51.63253069506691
2025-02-12,368.56024169921875,374.0145168576634,339.15674621601323,364.8910202054943,14383719,14659,69.82201424520179
2025-02-13,376.1466369628906,384.1793028033106,363.0067922485305,371.88239757622995,9279991,5275,69.25237957254646
2025-02-14,356.9079284667969,378.77463169362653,354.0320439663423,376.8408311126333,6918593,6060,63.29801357154328
2025-02-17,339.6029968261719,351.85029882708074,329.7852779188199,337.17335320488473,13437460,4229,57.00263204625455
2025-02-18,330.57867431640625,340.3963638262844,322.4468335630061,339.60302679545566,8430180,9767,62.30463058250184
2025-02-19,373.7170104980469,381.05548350297573,326.56230596219575,329.2398712374442,55921698,6165,56.87752673798717
2025-02-20,378.3779602050781,381.05552577737643,358.6930080032109,368.3123485958081,27929863,15476,73.85198695185036
2025-02-21,368.60986328125,389.73277242951605,364.04809958680767,374.0145362418624,20755098,13601,45.432629344651325
2025-02-24,361.1225891113281,366.32894260470044,356.1145849994404,361.91595637340004,10785069,13797,75.54354220575311
2025-02-25,360.4779968261719,367.8164699384981,357.7012870854645,360.13090054261687,7546931,12915,63.86812158905052
2025-02-27,347.13983154296875,361.6680623229848,344.511868489419,360.03175546078256,5933298,5359,50.17734372827098
2025-02-28,329.6365661621094,347.23900044855395,325.27315188472215,341.09056268710276,12212186,8256,72.44547415661822
2025-03-03,320.90972900390625,339.156752933521,307.72028156483765,330.67784621572997,16542018,12607,58.823423462463495
2025-03-04,323.43853759765625,336.47920868424507,315.4058711016247,316.79425637698705,15287648,14005,59.48855324218144
2025-03-05,333.4545593261719,348.47860256348457,327.55401301098686,330.6282469713029,28399265,7223,55.73086780095543
2025-03-06,334.74371337890625,343.6193182650356,330.72739579044554,338.1650433719398,12571655,5386,56.228717045456165
2025-03-07,338.660888671875,347.73481272553715,332.21492739407944,337.17335914622987,18401980,15487,58.70315624829329
2025-03-10,332.90911865234375,346.0985349563072,331.17366754582935,340.1484168768292,6498796,6642,52.47113929354595
2025-03-11,327.901123046875,330.677863302517,319.372613409474,323.33935926278895,8033534,12737,46.33763096479198
2025-03-12,330.529052734375,339.1567361993793,326.2648134783503,337.1733634730671,8658207,3836,70.38902053180018
2025-03-13,326.6119079589844,333.55371246283585,324.8268543568173,333.2066161848701,5491120,13177,46.025355470734766
2025-03-17,325.71942138671875,331.42161838281174,322.6451873882254,327.7523664710829,5347960,4752,55.644103681421825
2025-03-18,325.71942138671875,325.71942138671875,325.71942138671875,325.71942138671875,0,10213,71.14145413399889
2025-03-19,350.70989990234375,358.94091542932705,331.2232676064165,331.81828551716575,22821539,16788,58.42156060015803
2025-03-20,354.924560546875,363.70099133953926,348.57777356741116,354.5278920351337,13396119,10321,73.58867681040901
2025-03-21,358.34588623046875,370.89071312151117,349.619027763407,357.2054529247135,17632927,6305,48.65211649983831
2025-03-24,368.4610595703125,376.59289992977386,361.6184296533282,361.9655259364515,15714495,13955,78.91711515593028
2025-03-25,367.27105712890625,380.7579979586079,362.41179991646277,375.8491382688116,12419010,14504,68.41615975079823
2025-03-26,359.1888122558594,368.7089771155645,357.2550117453072,368.60983269050314,6826431,15497,72.23229103996198
2025-03-27,351.70159912109375,359.4863439321218,350.3628163391934,351.0570089709548,7997212,14041,54.75071042660038
2025-03-28,348.92486572265625,364.14725800800807,347.5860830305355,353.9824724129639,7134693,15473,60.233700969985456
2025-04-01,347.1894226074219,353.0403664480285,343.718520128298,348.5282053307146,5049493,14303,45.93047666423254
2025-04-02,355.56915283203125,356.9575380274027,339.1567547305865,347.6852639724918,7026372,7444,71.36687127905668
2025-04-03,356.7591857910156,361.9655394405023,348.0819297085378,348.0819297085378,6036464,8957,73.77398174317756
2025-04-04,347.3877258300781,357.7012883641245,341.2888606630281,354.97415082680516,5639050,14423,50.670382142620646
2025-04-07,333.1570739746094,337.1733919794048,302.4643663344661,302.4643663344661,8638161,4292,73.58578925205025
2025-04-08,341.48724365234375,346.0490074892269,335.9833655588468,344.958146314166,4587642,5787,52.58490463697651
2025-04-09,334.8428955078125,344.11516908492007,333.25619126905696,340.99136308404053,3740535,8510,57.79135048773986
2025-04-11,343.4209899902344,345.4539652790669,337.3717271300482,342.1318097691151,5038895,7991,63.70045600368542
2025-04-15,357.8004455566406,358.9904813572947,347.1398166213066,348.08193081881336,6028677,6436,77.63772331968192
2025-04-16,363.99847412109375,366.62646724241887,356.16415776223255,358.9904700014816,6672237,6664,53.548621640889344
2025-04-17,367.76690673828125,371.13863443859054,359.3871445699259,361.9655352574096,6203259,6023,73.02240774399675
2025-04-21,371.9319763183594,374.361620130715,365.2380930444989,368.90734487053237,5196338,17261,77.90098494667552
2025-04-22,370.6923522949219,379.27046359018834,368.90732893786577,373.86576077842847,5066546,6945,46.28197535874689
2025-04-23,370.7915344238281,374.1632620902857,362.46137481732507,372.8740818914206,5191977,11611,53.369419775363994
2025-04-24,368.0644226074219,380.8075996376536,366.9239892341975,370.79156036524364,7078638,13136,71.19388639168258
2025-04-25,358.1971435546875,369.89903109227413,351.9495010106262,369.40318788705656,6857970,12986,76.30791338404612
2025-04-28,358.1971435546875,362.41181079903646,351.20573620279987,353.53620532009575,4768768,5763,61.9057055045013
2025-04-29,357.4533996582031,363.8497592213814,356.0650143912783,359.63509173047066,3130264,8501,59.56115340490642
2025-04-30,346.8918762207031,357.00708918653464,342.2309684924207,357.00708918653464,3009130,11968,59.14626738478957
2025-05-02,349.0736083984375,362.61012153497853,346.7927418127444,346.89188624040054,8305588,15759,67.87528288798944
2025-05-05,351.70159912109375,355.96586908329976,349.71822618905446,352.14787013635026,3179424,7805,78.97534772873084
2025-05-06,338.7104797363281,353.48663139126313,336.47918532366754,352.04867399755716,3591336,15282,76.85078287311094
2025-05-07,337.1238098144531,339.7021702894691,326.31440365005085,326.46318082380526,6171128,6074,45.954852462185606
2025-05-08,328.6944885253906,343.32186377714106,326.26484459836587,340.3963766212434,3395213,4771,64.13786562914233
2025-05-09,320.41387939453125,324.57894408373625,314.8604295450576,317.33964552572735,5304658,12538,57.97249946612904
2025-05-12,356.4617004394531,359.88300047490594,334.198327913552,335.1900143465299,13898275,14409,69.57346963138096
2025-05-13,354.0816345214844,357.99880810071,350.5611597329667,357.00712165167755,5621942,6081,50.184275292848014
2025-05-14,369.7006530761719,373.6673984107397,354.5278642769961,356.01539377745905,15252942,12433,49.03053595345043
2025-05-15,373.12200927734375,378.8242060968646,368.262751953482,369.7006790800843,8996131,5428,65.05510740464133
2025-05-16,406.19476318359375,414.0290798391539,375.2045625968307,377.3366823444265,45361621,4124,67.8599343042575
2025-05-19,427.9126892089844,435.25116264670095,412.5415497356605,413.5332361532943,26550311,8314,49.33124491208507
2025-05-20,411.59942626953125,444.07715571606496,407.8806022871037,436.3420139381625,18449682,14191,68.23687909021963
2025-05-21,408.6243591308594,416.40910323533944,401.63298228551,412.54153242165967,13428123,10092,59.17060471695198
2025-05-22,401.5338134765625,417.4007957251903,398.1620858015025,401.63298816838983,10405435,17712,48.91759122865146
2025-05-23,395.3357849121094,403.7651194742604,391.7657077506601,403.56680034876575,7734773,12353,51.599881388981586
2025-05-26,408.6243591308594,415.0207483616937,391.9640401193774,394.8895270341641,15111176,10719,51.59140740227384
2025-05-27,411.9961242675781,417.499971645722,404.112205334042,410.50859467739144,10198617,10104,59.08279566822324
2025-05-28,412.6903076171875,420.9708954773484,410.5581878153645,415.5166200353568,11712050,7360,64.5959378877244
2025-05-29,414.62408447265625,416.8057763658161,407.78145445487905,414.5249097811793,7435876,10336,75.84601037343889
2025-05-30,402.1784362792969,423.846791727235,398.9554552479795,417.50000436449164,12948296,12988,78.16187616009883
2025-06-02,403.5172119140625,407.9798009552293,397.6662678906398,403.6163866121955,7238002,9507,68.76365560199113
2025-06-03,400.39337158203125,409.9135667795413,399.25293831017456,405.55015280764354,6074713,11068,72.26914000959702
2025-06-04,426.3755798339844,431.185234663437,399.153776045345,401.73216673841137,41141370,3386,51.03046409620545
2025-06-05,426.0284729003906,433.26777133485245,421.4667095210367,430.39188689912925,14651361,13826,72.38411987959016
2025-06-06,425.08636474609375,429.4002065925801,415.11992863857944,426.72264123576326,12394179,6281,51.185690034137025
2025-06-09,428.1606140136719,439.11873690488454,425.433476344795,428.4085356199334,14101653,8852,64.1482111123565
2025-06-10,423.152587890625,434.11071021775973,420.52459478843633,430.44145852841945,8608022,4056,69.6993158583834
2025-06-11,424.2434387207031,432.0777856562653,419.13625970626026,424.88805910532955,10010848,9415,72.14712069554818
2025-06-12,409.51690673828125,429.40020674651663,406.8889135944435,425.63181057114707,9928984,14853,56.53558208328106
2025-06-13,403.61639404296875,408.574826402219,397.1704319759435,397.86462461178627,7028426,15193,74.23013664495107
2025-06-16,406.0955810546875,409.1202124710375,393.7986757397488,403.6163650531326,7942903,5047,48.49212312982034
2025-06-17,397.31915283203125,410.012756997404,395.58370162012955,406.5914267883937,7031078,15821,48.71794983923501
2025-06-18,394.6911926269531,400.9388049273101,392.1128018987272,397.66625186785984,6046355,4797,56.61041482252712
2025-06-19,378.774658203125,397.02168314444833,376.98960440407654,394.2449428783294,8538943,14789,68.19261756999963
2025-06-20,387.35272216796875,389.48484192074477,376.94001474551726,379.36962831910193,7771739,10705,55.40505146912027
2025-06-23,388.1460266113281,391.9640250651149,381.253824721064,383.2371973969153,5548703,17060,57.388140925892856
2025-06-24,394.6911926269531,400.04629320781163,392.707819799682,393.9970000318612,8104800,14819,65.80712170635272
2025-06-25,396.07952880859375,401.5338038254628,394.2449029774191,396.6745466813891,4643329,6235,51.10028722129328
2025-06-26,396.2283020019531,402.1288483809071,394.9391217452435,398.1621026508858,4519908,5469,55.69531916634453
2025-06-27,391.7657165527344,402.1288519704677,390.72445789485636,398.21167842155813,7343095,14700,76.1179321508439
2025-06-30,394.3937072753906,400.6413197098735,392.7078282304701,395.6828875352464,5938964,6318,65.47172558755538
2025-07-01,392.5590515136719,398.50916967147253,389.83191402467986,396.27787536229727,3812592,14339,48.22561818114578
2025-07-02,389.3856506347656,395.4845158124224,386.261844593904,393.50114305455895,4124336,3143,69.65819441470194
2025-07-03,387.40228271484375,391.964046167671,385.3693377181926,390.62526348662095,3403586,14581,56.48384326179316
2025-07-04,388.1460266113281,391.02191093853946,385.41888918203256,388.0468519247625,2929965,3306,70.44563615874495
2025-07-07,386.2122802734375,392.2119708830421,385.5676599028647,390.1294233919516,4375527,16539,74.17629749256675
2025-07-08,383.2867736816406,389.1873195605524,381.0059071857179,386.7576759012674,3385531,8318,68.89275898282631
2025-07-09,381.8984375,388.93941697078253,380.9067511030973,384.575972613317,4088303,7557,71.21061699300247
2025-07-10,381.50177001953125,387.7493822312656,380.36130644893376,383.08844404774703,3357263,3358,66.7589410138688
2025-07-11,378.47711181640625,382.295110542562,376.44416678417826,381.7000926445861,3193808,12988,48.20034151731963
2025-07-14,379.1217041015625,382.1463658236594,377.4854275706537,380.4109145985418,3360937,10348,47.368912850014695
2025-07-15,379.9646301269531,388.1956452324001,378.8241968436787,382.79094236036644,9228521,16316,52.720509395385704
2025-07-16,380.1134033203125,382.44387252531885,377.93171129356483,380.9067706368405,3200132,8525,58.16792052070339
2025-07-17,378.27880859375,381.5513617743765,377.8325375855424,380.8075969366097,1895697,10567,49.00365546404396
2025-07-18,372.87408447265625,379.4192207315986,371.78322338552135,378.3283596444637,2713502,13418,70.22930525170126
2025-07-21,375.0557861328125,376.8408094404051,369.99817974281297,373.221160349869,3246863,9021,50.97921482755376
2025-07-22,369.1552734375,376.9400179630322,368.46108083119725,376.8408432672935,2494508,3213,76.81970712939172
2025-07-23,370.5932312011719,372.3286824546301,363.94892001095593,369.9982132900697,4443972,3886,67.760246783553
2025-07-24,373.7666015625,375.8491490745255,369.1056935977327,370.98989172237765,3184740,13146,71.96690205485987
2025-07-25,362.560546875,372.7749044917426,360.52757163603025,372.7749044917426,3472092,7184,55.70265678611166
2025-07-28,351.5032653808594,365.188525937745,350.26365734984194,360.8251117213371,3438508,5960,57.93818529119342
2025-07-29,356.5112609863281,358.9904769876238,349.07361298244086,351.05698578347744,4192933,8221,47.13515573301503
2025-07-30,355.42041015625,359.18883674535846,353.5362119936298,357.1558614072706,2041969,6427,63.97273834180273
2025-07-31,345.255615234375,352.34616696474995,342.1318091169502,350.0653003428505,3934940,13349,52.72876209242387
2025-08-01,342.57806396484375,347.48689327129057,340.4459140872364,346.44563470249255,3149891,17939,75.81902721387613
2025-08-04,350.0653076171875,351.0569940410322,341.48722610370424,343.5697736465517,3431280,4958,56.30363764582555
2025-08-05,348.6273498535156,354.32954678500363,347.09024800361817,350.06530727222065,2551146,3043,73.487580363491
2025-08-06,343.1235046386719,351.50326707426757,341.63597499428454,349.0736232162211,2282901,13239,62.57241575354912
2025-08-07,343.61932373046875,345.1068532704275,334.39665268827093,338.3633981281609,2924832,3665,47.36593794754356
2025-08-08,333.8016357421875,343.9168184835471,332.2149315090724,343.9168184835471,2140972,11834,69.72333294001436
2025-08-11,339.652587890625,343.8176828257794,331.6199220950369,334.892505333763,3610633,5936,64.54318976514394
2025-08-12,326.7110900878906,343.6193307660713,317.63713549726043,339.9005068400316,5392512,12558,61.84190180355485
2025-08-13,323.5872497558594,331.0744999921859,313.86873545551623,320.46344374959665,9107823,8272,70.87311131089405
2025-08-14,321.40557861328125,331.07452132375624,319.3230310536361,326.760679292463,5292079,8781,57.217556228979355
2025-08-18,321.1080627441406,328.000295727407,319.8684546726085,327.2565308844877,4633408,9012,61.995402382344466
2025-08-19,325.02520751953125,325.7689722964638,318.82716771175984,322.2980700041118,3483785,3746,51.200615483554806
2025-08-20,328.0498352050781,329.23987094053,321.80222325362047,326.1160649648012,4059829,5725,58.543196137557615
2025-08-21,327.6211853027344,333.3531854563205,326.0760496040642,328.96696533624635,5454040,9119,63.883776195260474
2025-08-22,322.7365417480469,326.77385156866325,322.0885825748926,326.77385156866325,3877289,5544,59.67007330942456
2025-08-25,320.6430969238281,325.92652399391744,319.99513777598054,324.4312196117867,2419995,6393,64.64412573502447
2025-08-26,311.72113037109375,321.4406087928149,310.52487470421767,320.64309487421565,5319362,13538,59.410951088313595
2025-08-28,307.6838073730469,317.154068924467,306.03897855642015,315.01080528934455,7594499,10657,74.48617005804111
2025-08-29,301.6527404785156,308.03269969523774,300.8053952525501,307.4345718638476,4853561,12104,62.19756645672137
2025-09-01,314.7117614746094,316.5061146803562,300.65589328943446,302.0016734047683,5644181,14979,48.13285850516093
2025-09-02,330.8111877441406,338.4372342126828,315.0107982657077,317.0045374952375,20277592,8019,57.099425577972795
2025-09-03,333.5525817871094,336.39366629576466,327.57136405185474,330.96071468408974,9498144,4644,48.832340171511554
2025-09-04,325.9265441894531,333.9513327019803,324.1321605664827,332.9046317384497,6377015,13905,69.24366661229791
2025-09-05,328.36883544921875,330.01366418123496,324.0324466669612,325.67730582102286,4541584,3481,72.67737769821747
2025-09-08,331.16009521484375,336.1444432438327,328.0199316189439,329.81431516260756,4123272,7259,53.72939643479587
2025-09-09,331.3594665527344,334.7986790241952,328.46855064361887,332.1569805283146,3863086,14185,50.98916225683597
2025-09-10,332.40618896484375,338.4870693459221,331.6585367453295,332.30649591783254,5814933,7741,72.30226254482535
2025-09-11,334.1008605957031,336.84225216177896,330.56198547013344,336.74255911133025,6896258,7954,74.14796511745072
2025-09-12,337.0416259765625,338.83597913103836,333.3531961987496,334.3500658228021,5594449,9200,68.21720993736174
2025-09-15,346.1629638671875,354.38713795474484,338.2378384867231,338.9356593660007,18797234,4393,49.270204794050784
2025-09-16,353.7890319824219,355.58341560200785,343.2720693650896,347.55859668256926,10201112,17198,46.97099618137057
2025-09-17,359.6705627441406,368.69225146012514,354.48685874252624,354.88560052387385,17573057,7297,51.58484857114716
2025-09-18,361.365234375,363.55835969037025,355.2344923451851,361.7141448236334,7379618,17224,69.33316953238031
2025-09-19,362.3122863769531,366.5489823884666,360.01946792925855,360.76712016658445,6433354,16753,69.05692933968567
2025-09-22,357.7764892578125,366.8480085983214,356.08182921044977,361.31539455050734,5537194,4760,49.724802212118625
2025-09-23,356.4805908203125,363.85742010236186,353.44012015253014,360.8668111700137,6674464,4549,69.44754675301641
2025-09-24,346.56170654296875,355.83261197420444,345.9137473945063,355.732918930892,3858578,14843,50.56727491090448
2025-09-25,345.46514892578125,354.78588580296065,343.92001320916717,344.5181410556793,4137205,14170,61.52240090333868
2025-09-26,336.7425537109375,346.6115875281774,335.4964666554322,345.8639352948742,3434829,6768,50.51618053605498
2025-09-29,340.58050537109375,347.25954410731157,337.93880691765133,338.93567655457656,3972955,14185,50.31221404726507
2025-09-30,338.3874206542969,342.8234724195108,334.99803944863487,342.22534453486173,4677413,9500,63.21415892826715
2025-10-01,343.3218994140625,344.667679518283,337.4902059104717,337.98864073262394,3430563,10558,47.14407589970918
2025-10-03,345.9635925292969,346.6115821256975,341.42784788677307,343.1723697372894,3140339,14514,45.55586779258399
2025-10-06,345.5150146484375,348.7049791632561,342.47454406941546,346.21280512571985,2559353,13517,72.70104189511237
2025-10-07,353.73919677734375,355.0351151366377,345.91376404240725,346.01345709051765,7443017,4414,76.58638258334031
2025-10-08,345.46514892578125,356.2811902082179,343.32188536265505,356.0818345407445,8765182,15794,48.862189204959144
2025-10-09,343.3218994140625,346.2128152981361,340.13193480551644,343.42159246290237,4026015,10093,76.76602266223965
2025-10-10,340.9294128417969,346.9106306109512,340.2814536678812,343.82032867914546,3046643,15795,70.537098315384
2025-10-13,338.08831787109375,339.4340979119822,334.99801603476936,337.6895761165461,2891506,12616,67.34673306125097
2025-10-14,332.0074157714844,340.0820658021974,330.7114974304024,337.4403673856555,3285293,13789,56.15416699349514
2025-10-15,337.5400695800781,339.3842845170186,332.05728650498605,332.05728650498605,3209510,15992,48.47205153920257
2025-10-16,334.9980163574219,340.77987828109184,334.44975024714654,337.6397451306918,3202695,7236,55.741422699768265
2025-10-17,330.61181640625,334.44977067877664,327.7707317929746,333.95133584915106,3682969,13013,70.56740365366001
2025-10-20,327.9700927734375,335.0478728964223,327.3719649392896,332.1569571904272,4963362,6455,67.26322835103842
2025-10-21,330.9607238769531,332.2566422534355,329.5651124510381,329.5651124510381,861044,6413,58.479376138022644
2025-10-23,328.9171447753906,334.05101725719993,327.9701064632889,332.9544545858313,2981997,12237,77.07041733492824
2025-10-24,328.418701171875,332.40617956317027,327.023059397285,329.9140055686107,2336043,17668,76.93328416618664
2025-10-27,328.96697998046875,331.8080645283458,327.7707242480846,328.96697998046875,2248942,15846,46.82563468181172
2025-10-28,327.8205871582031,333.15384581595845,326.2754209631644,331.6086796209197,4632729,16826,46.52438834997427
2025-10-29,331.7083740234375,332.95446107837154,326.2255909817278,327.42184672328335,3978096,14745,45.914783818655444
2025-10-30,330.5121154785156,336.244115882594,329.4654145300679,331.9077573058418,3002069,4616,72.56177571739047
2025-10-31,327.7707214355469,331.70836863398006,327.371979668856,330.46228159929194,2081372,5612,69.78255102366481
2025-11-03,327.6710510253906,330.5121050593426,326.6741814213244,327.37197189094314,2313547,16780,72.22773191189702
2025-11-04,324.7801208496094,329.31589602497985,323.28481636978233,328.6180750989082,1993561,13689,49.71151480885242
2025-11-06,316.8051452636719,326.42496119735483,316.30671046594927,324.8797950711873,3610101,14426,52.06348659546627
2025-11-07,317.0045471191406,318.7989003113735,313.0170685390257,316.7054983944509,3577541,8792,55.94844199642925
2025-11-10,314.9111022949219,319.84561901099477,314.5621918485856,317.303583263727,2271236,6301,67.9642855593941
2025-11-11,316.75531005859375,319.2973153269098,314.06375001516284,316.5060926627963,2711458,14076,55.44371904494757
2025-11-12,315.3597106933594,319.49671353617356,307.03584327345226,313.01706099955845,7164298,6582,74.57009730059481
2025-11-13,313.31610107421875,319.89544647585365,313.01705236498134,315.0606228628771,3602435,4457,58.60073809284994
2025-11-14,320.04498291015625,324.2318475297823,313.31611289993015,313.3659746347155,7162206,11998,47.18948717050906
2025-11-17,325.97637939453125,334.59929588431953,320.39390320428265,321.63999028147884,13111023,12581,76.26072025752026
2025-11-18,320.1945495605469,326.37512324949967,319.2973425216241,325.97638146667174,3136355,13891,64.48477206710373
2025-11-19,319.1477966308594,321.19139756584957,315.50922867213023,319.89544883150427,2950970,6176,67.72354270032994
2025-11-20,318.1011047363281,323.1352841945611,317.104235107209,319.44688482004835,2390778,7325,76.41464572699842
2025-11-21,313.0170593261719,318.05123871658,312.61831756430576,318.05123871658,2555681,7243,78.85489509609454
2025-11-24,323.8330993652344,328.9171404680589,311.6214466249231,315.9079737853567,9809535,15960,47.73005174182019
2025-11-25,321.8891906738281,324.9794925462539,314.2133129374664,322.5371498352933,10977583,13048,70.36442752943721
2025-11-26,322.5870056152344,323.882923914247,316.90483677977306,318.74905160686455,5359842,17460,49.47166395414531
2025-11-27,323.5340270996094,328.6679300452654,320.5932799365939,325.7769837730155,4946518,15161,74.94777080996862
2025-11-28,323.08544921875,323.7832396979937,320.4935821280177,321.9888865547425,3243378,3276,70.56104600601056
2025-12-01,320.6430969238281,326.47479009854715,319.5465342925231,322.7863604538064,3356315,17749,68.27980265456534
2025-12-02,316.90484619140625,319.3970202420182,315.5590661196665,318.9982784783296,2598203,6019,78.61631863692449
2025-12-03,310.6744079589844,317.8020195880687,310.07628010840784,316.45626995182926,3009610,10091,45.09127900093864
2025-12-04,311.42205810546875,315.40953652019186,309.727398032439,312.2694033530066,4042661,5339,51.16712589445494
2025-12-05,309.8769226074219,311.42205832539986,306.8863137942675,311.3223652805522,3104280,15252,47.715293621029964
2025-12-08,306.1885070800781,310.57472745806075,300.70572400208795,309.47819518010067,3969397,3032,76.39520178607273
2025-12-09,311.72113037109375,312.7179999528087,300.25713018137145,303.04835284135527,4741731,14858,48.30887706372536
2025-12-10,307.9330139160156,314.01392457149177,306.58723386915716,311.0731470773213,2160269,15145,57.380390746302794
2025-12-11,310.9236145019531,315.0107858457532,306.2881770604674,307.7834814236592,3663101,5378,52.31388690905413
2025-12-12,312.9173583984375,314.16344538666164,310.0762739808773,312.36909229243713,1953253,11769,67.21166344576558
2025-12-15,312.1697082519531,313.4656569814293,310.7242655893648,311.02331429968075,1474329,14798,49.222707556056044
2025-12-16,308.43145751953125,311.62145250519745,307.0358461215698,311.5715907704561,1438292,9200,72.69681278600214
2025-12-17,306.2881774902344,309.92674536136434,305.0420905191594,308.5311340381694,1877813,12701,55.70163292848392
2025-12-18,304.9922790527344,306.1885043695688,302.25088753800725,305.9891486944533,2042006,15051,46.10313675991433
2025-12-19,318.15093994140625,319.69610613867343,305.69006942496355,307.7336704428884,5025216,10541,49.04935061142464
2025-12-22,331.4591369628906,334.449745717443,318.101090610299,319.04809846268,13224486,4045,49.68668784254557
2025-12-23,340.7798767089844,348.4059230167882,331.95757471985826,333.1538304011806,20825008,16091,47.50327090067475
2025-12-24,344.6178283691406,348.3062275875396,336.94192038099214,342.8733065920201,12510973,15826,56.35200342485743
2025-12-26,386.735595703125,391.5703892032015,344.76737704803816,345.6147223411193,102998642,15844,72.44785639336234
2025-12-29,366.44927978515625,399.44567041661327,364.7545892559152,393.7136700798905,38027612,4088,74.20793852025649
2025-12-30,359.22198486328125,371.8822111791985,356.9790281482751,368.74207786259944,23158835,7296,49.00847351566389
2025-12-31,356.1316833496094,365.10351022195783,354.9852893336632,359.37150972017963,13232939,5851,60.296766130716136
2026-01-01,360.3683776855469,364.2561632276205,354.3871597986498,358.07558966438864,7782539,7414,46.500089961501374
2026-01-02,364.70477294921875,367.29664016209216,359.5210385234719,362.36212315254375,7088047,16963,77.42388041140057
2026-01-05,359.86993408203125,371.7326765172235,357.3279287109353,364.9041135118671,6255317,16814,58.79536999418189
2026-01-06,357.1783752441406,366.5988053896617,353.2905897826093,360.7671119863414,5660162,12202,63.80195626988335
2026-01-07,356.28118896484375,364.7545805650638,355.1347950092231,357.6768003204708,7777810,5352,51.74028901934391
2026-01-08,341.4776916503906,359.62073172611275,339.93255583812737,356.28121226323475,8367219,15285,53.01469550435212
2026-01-09,331.16009521484375,349.2532724756644,329.2660186261911,342.92314439443925,10019235,12691,52.06181220184452
2026-01-12,330.61181640625,332.8547731395652,322.08859298847136,332.4062000461308,9252024,8607,69.87989807248209
2026-01-13,329.1663513183594,336.5930115226247,324.03244858393265,332.9544435976582,7141388,10052,64.40569210669672
2026-01-14,337.240966796875,340.82970336983414,326.9732222901192,328.46852666034846,10947879,14414,71.94741714720175
2026-01-15,337.240966796875,337.240966796875,337.240966796875,337.240966796875,0,12030,62.411865310560955
2026-01-16,334.1008605957031,343.8702015207656,332.4560317404672,339.93255419340124,6964569,4772,75.2824332250421
2026-01-19,330.2629089355469,336.64289915023915,328.76760443311235,331.9077682258632,5086365,3746,53.30450392011096
2026-01-20,319.2973327636719,330.5121161869954,317.95158309051067,330.2628987775882,7883696,11871,68.35319097317574
2026-01-21,316.10736083984375,323.1352794531943,312.81767285879215,317.00453740847735,8128372,12783,70.168547306864
2026-01-22,327.9700927734375,329.4653971477845,318.350307382881,321.5901335272995,7930048,14102,47.93120739667538
2026-01-23,324.13214111328125,333.7519265726449,322.3876193307318,329.9638342993557,6752882,5375,61.275524395218255
2026-01-27,322.8860778808594,327.2722983152741,320.0449932558477,326.873556534336,6925291,10306,73.59329087757783
2026-01-28,341.4278564453125,343.12254702568487,325.4779419836337,327.37198824154854,12410845,11389,72.07319791616189
2026-01-29,340.3811340332031,351.6955795539962,330.1632207249298,347.45888379202916,27044493,13439,53.26311197671867
2026-01-30,342.32501220703125,343.82031659677256,330.7613188419561,336.8422294446465,14048559,17313,48.26422105498801
2026-02-02,321.78948974609375,324.4810497933824,311.0731417114429,318.9982670779796,15366228,4430,76.44616002963197
2026-02-03,323.63372802734375,337.9388136882315,321.9888991778725,333.3532071820938,9101195,7958,71.47870428560665
2026-02-04,319.9951477050781,322.88606351582376,317.75219106228553,322.68670784524784,7624858,10911,73.63573748600521
2026-02-05,315.6089172363281,323.185132179722,315.0107893998939,319.9951373334365,5886319,6061,75.8662280998717
2026-02-06,313.11676025390625,315.26002389717723,309.5280234626831,314.26315425639564,6474773,6527,76.16175649948798
2026-02-09,316.25689697265625,321.49046264359856,313.5155054307341,314.0139402565381,6233149,13655,68.32265690605954
2026-02-10,318.45001220703125,323.7832403352086,315.55906597203665,318.0014087093124,9489579,11715,70.14098424236704
2026-02-11,316.54998779296875,319.29998779296875,313.20001220703125,316.5,5142291,12053,48.77136937496735
2026-02-12,313.70001220703125,315.8999938964844,309.1000061035156,315.8999938964844,9189505,5368,78.73225739516877
2026-02-13,308.95001220703125,311.45001220703125,306.0,309.95001220703125,8168629,4633,74.5514607277417
2026-02-16,309.6499938964844,311.8999938964844,304.1000061035156,306.5,5843907,8622,53.38530518587089
2026-02-17,308.75,311.70001220703125,307.20001220703125,308.95001220703125,4740580,9365,71.2606560492133
2026-02-18,309.6499938964844,311.5,306.79998779296875,308.79998779296875,5539696,4841,59.60384981703109
2026-02-19,306.8500061035156,314.45001220703125,305.0,310.8999938964844,8070615,8490,68.28241890620728
2026-02-20,312.1000061035156,313.8999938964844,303.0,305.5,9829650,6220,61.76534871710635
2026-02-23,319.20001220703125,320.8999938964844,310.0,313.0,8267917,16814,56.511091332582296
2026-02-24,321.6499938964844,322.5,313.8500061035156,318.29998779296875,6655071,14764,77.71229555012236
2026-02-25,317.6000061035156,324.0,315.0,324.0,6473531,5785,47.411539664435125
2026-02-26,318.29998779296875,321.0,316.29998779296875,319.0,6016159,6950,67.0287832759335
2026-02-27,316.3500061035156,320.8999938964844,314.0,318.29998779296875,5445951,9282,49.87401565584563
2026-03-02,299.45001220703125,307.95001220703125,295.20001220703125,295.79998779296875,9578303,17155,55.14338656281655
2026-03-04,282.04998779296875,294.6499938964844,271.25,293.8999938964844,9465512,3145,63.530713848057914
2026-03-05,279.25,287.3999938964844,275.1000061035156,283.29998779296875,8717645,17176,64.07726077200677
2026-03-06,286.0,298.3999938964844,278.75,279.25,19912627,8820,56.46786540901628
2026-03-09,276.20001220703125,281.70001220703125,272.79998779296875,280.8999938964844,6579815,4138,63.08170841994384
2026-03-10,283.6000061035156,285.0,278.0,281.8999938964844,5919804,6162,64.2896335080668
2026-03-11,277.20001220703125,288.8999938964844,275.5,285.0,6071568,10707,48.913328008489415
2026-03-12,279.6000061035156,284.3500061035156,270.95001220703125,275.70001220703125,6945305,10094,76.05910201552507
2026-03-13,271.25,280.3500061035156,270.3500061035156,278.0,4564446,14074,78.75981600028244
2026-03-16,266.70001220703125,271.8999938964844,260.70001220703125,271.25,6663574,8140,70.89147258982604
2026-03-17,267.79998779296875,271.79998779296875,263.54998779296875,270.0,5878865,7083,57.10492262082347
2026-03-18,275.1000061035156,277.45001220703125,268.0,268.0,5660387,8596,73.90549613798865
2026-03-19,262.3500061035156,270.0,261.25,268.70001220703125,5522133,9469,61.26814315811224
2026-03-20,264.54998779296875,270.54998779296875,262.8999938964844,265.45001220703125,4440790,15601,69.98061868469934
2026-03-23,250.25,260.75,249.10000610351562,260.70001220703125,6637313,14911,52.63781512126644
2026-03-24,258.45001220703125,261.5,254.60000610351562,259.0,7204605,5987,64.83285764045716
2026-03-25,268.8500061035156,273.3999938964844,261.29998779296875,262.95001220703125,9706528,17446,46.5887856225841
2026-03-27,264.04998779296875,268.20001220703125,261.6000061035156,266.29998779296875,8339136,8246,69.99161806656772
2026-03-30,249.64999389648438,261.1000061035156,248.0,260.0,9646699,13322,74.05791926931846
2026-04-01,262.6099853515625,265.25,257.0,259.8999938964844,6682134,11860,73.60300568833036
2026-04-02,260.6600036621094,262.2300109863281,251.0,256.0199890136719,6288152,9525,64.48047496639772
2026-04-06,261.54998779296875,266.3699951171875,253.67999267578125,261.8999938964844,8409559,6360,68.13354666669379
2026-04-07,261.260009765625,263.8999938964844,256.8399963378906,259.54998779296875,6242256,8928,45.67482436830907
2026-04-08,274.94000244140625,276.4800109863281,271.1499938964844,275.0,7152702,7963,62.578937547950304
2026-04-09,272.8299865722656,277.05999755859375,268.6300048828125,275.5400085449219,7863358,3246,57.03607446686195
2026-04-10,275.0,282.5,273.45001220703125,274.010009765625,7566878,11787,57.373525146778775
2026-04-13,271.7900085449219,272.989990234375,264.20001220703125,268.8999938964844,4822162,8786,76.44416197699822
2026-04-15,287.05999755859375,288.8500061035156,276.75,278.0,14149575,16868,59.13262538938268
2026-04-16,293.8900146484375,298.6700134277344,287.1199951171875,291.3999938964844,16534179,11962,62.703734451616235
2026-04-17,303.05999755859375,311.8500061035156,298.8500061035156,300.0,38682777,13699,56.5850212320307
2026-04-20,296.3299865722656,304.5,295.0,304.5,7409927,12632,78.817426758868
2026-04-21,298.8599853515625,300.9800109863281,294.260009765625,296.0,5053668,17122,54.57813060690043
2026-04-22,307.4100036621094,308.3299865722656,297.0,297.1099853515625,10257184,16131,49.45875986044111
2026-04-23,307.2099914550781,311.29998779296875,304.7900085449219,306.5,12434990,15712,61.24334100484985
2026-04-24,303.44000244140625,309.8800048828125,301.0,308.6499938964844,7153014,14131,53.975004109402946
2026-04-27,305.95001220703125,310.20001220703125,305.010009765625,305.25,6622709,8740,62.33285383610259
2026-04-28,308.6300048828125,311.0,305.20001220703125,306.0,5498448,8447,75.96138838207779
2026-04-29,302.29998779296875,311.45001220703125,301.1000061035156,310.010009765625,6890706,17664,64.36193503393238
2026-04-30,297.6499938964844,301.0,294.0,300.20001220703125,5939952,11313,72.67444565179137
2026-05-01,297.6499938964844,297.6499938964844,297.6499938964844,297.6499938964844,0,8387,77.75607925426705
2026-05-04,296.6499938964844,303.3999938964844,292.6000061035156,299.3999938964844,5166839,8441,69.4214173460405
2026-05-05,300.45001220703125,304.6000061035156,295.45001220703125,296.0,7031295,3564,72.98129336238571
2026-05-06,305.1000061035156,306.20001220703125,299.29998779296875,303.0,5508025,11147,49.02086684816483
2026-05-07,308.70001220703125,310.0,303.3999938964844,306.5,7369135,13432,60.194472259071986
2026-05-08,305.0,309.3500061035156,303.5,308.3999938964844,5172774,9717,78.35015866011325
2026-05-11,295.3999938964844,303.45001220703125,294.25,303.45001220703125,4174262,9580,54.81379427033879
2026-05-12,283.29998779296875,296.54998779296875,282.29998779296875,294.0,4640229,11779,62.68374950448296
2026-05-13,285.0,291.3500061035156,283.70001220703125,283.70001220703125,6906724,15607,56.97163284378597
2026-05-14,287.20001220703125,291.3500061035156,281.1000061035156,287.1499938964844,5258586,17615,61.901633087745196
2026-05-15,283.0,288.5,281.5,287.8999938964844,3490324,3253,71.49885516277638
2026-05-18,276.79998779296875,280.45001220703125,271.1000061035156,280.0,5295517,12590,65.05386920687747
2026-05-19,271.54998779296875,278.29998779296875,270.3500061035156,276.8500061035156,5336823,11399,49.07733026396134
2026-05-20,269.6000061035156,270.6499938964844,264.54998779296875,270.1000061035156,6452689,11400,48.1918893122407
2026-05-21,270.75,275.0,269.3500061035156,273.5,5924922,14350,73.01349960695907
2026-05-22,271.1000061035156,273.95001220703125,267.70001220703125,271.5,7245031,14309,50.012199666127394
2026-05-25,272.45001220703125,275.8500061035156,272.0,274.1499938964844,7242974,16929,58.328636935369005
2026-05-26,259.75,266.8999938964844,259.0,263.95001220703125,21022452,3731,78.77006205852001
2026-05-27,252.3000030517578,259.75,251.3000030517578,259.75,14271574,7732,78.82703201751164
2026-05-28,252.3000030517578,252.3000030517578,252.3000030517578,252.3000030517578,0,15045,56.43902384366221
2026-05-29,245.4499969482422,255.1999969482422,243.0,251.8000030517578,62620879,12473,61.10381417388376
2026-06-01,241.55999755859375,249.80999755859375,240.8000030517578,248.10000610351562,9432010,9618,53.059196728115744
2026-06-02,240.75,241.75,232.72999572753906,240.0,15130810,16127,46.52856132577706
2026-06-03,239.02000427246094,241.52000427246094,233.0500030517578,241.39999389648438,13120281,15844,75.92205620670117
2026-06-04,236.4600067138672,240.6699981689453,235.85000610351562,237.0,12057009,4819,57.123511366998514
2026-06-05,235.61000061035156,238.61000061035156,233.8000030517578,237.02000427246094,11139995,7054,62.330254993720935
2026-06-08,228.22999572753906,233.88999938964844,227.00999450683594,231.99000549316406,8058747,11804,45.583026173741935
2026-06-09,233.88999938964844,236.39999389648438,231.25,232.0,11229522,13547,69.03223092688174
2026-06-10,228.1699981689453,235.60000610351562,227.55999755859375,234.5,5304890,11533,73.92814438802625
2026-06-11,222.19000244140625,226.99000549316406,221.5500030517578,226.99000549316406,5624143,16938,57.297146223306434
2026-06-12,233.25999450683594,234.0,225.10000610351562,228.5,7558813,15080,54.4443053482536
2026-06-15,239.6999969482422,243.39999389648438,239.0,242.0,9213758,6855,67.44402780249075
2026-06-16,241.13999938964844,243.58999633789062,239.64999389648438,241.8000030517578,3985588,3681,51.844399593465106
2026-06-17,245.13999938964844,246.47999572753906,240.05999755859375,242.1999969482422,7044376,5709,65.0630582703807
2026-06-18,247.5800018310547,251.3800048828125,245.2899932861328,251.02000427246094,17276217,8112,74.11609505866393
2026-06-19,243.99000549316406,246.5,242.2899932861328,246.5,5474304,10516,62.07894010209012
2026-06-22,246.19000244140625,250.89999389648438,245.0,249.0,12856293,5421,72.46519946226809
2026-06-23,240.1300048828125,246.2899932861328,239.00999450683594,246.19000244140625,5117559,7150,71.03646421391609
2026-06-24,239.94000244140625,241.25,235.44000244140625,239.0,6070613,4541,72.54644827172234
2026-06-25,240.85000610351562,245.3800048828125,240.0500030517578,240.9600067138672,8000208,9209,49.31498735075738
2026-06-26,240.85000610351562,240.85000610351562,240.85000610351562,240.85000610351562,0,6753,57.80218958443546
2026-06-29,237.50999450683594,240.77999877929688,236.77999877929688,240.25,3979891,14349,45.35873874297183
2026-06-30,235.8300018310547,238.8800048828125,235.3000030517578,238.0,4559478,4726,67.91816675212937
2026-07-01,237.61000061035156,241.19000244140625,235.11000061035156,236.1999969482422,5837009,17089,53.909557461508015
2026-07-02,236.85000610351562,239.3000030517578,236.38999938964844,238.39999389648438,2322672,8442,69.20116067399951
2026-07-03,235.77000427246094,238.47999572753906,235.17999267578125,237.35000610351562,2468195,8671,46.39084789664048
2026-07-06,233.83999633789062,235.5,232.9199981689453,235.16000366210938,2637860,14573,60.558518343797566
2026-07-07,232.66000366210938,234.3000030517578,231.4499969482422,233.5,2061214,17753,50.35077139751271
2026-07-08,224.72999572753906,230.97999572753906,223.55999755859375,230.41000366210938,4116538,14821,77.87022766225434
2026-07-09,226.22999572753906,228.35000610351562,223.99000549316406,225.0,2296275,5344,63.0356523722549
2026-07-10,232.6699981689453,236.88999938964844,226.99000549316406,226.99000549316406,6855244,9408,52.85130183361119
2026-07-13,231.5399932861328,231.8699951171875,228.64999389648438,230.41000366210938,4443741,12553,73.80422815060328
2026-07-14,227.30999755859375,230.2100067138672,226.11000061035156,229.39999389648438,3628384,7514,67.75533220950442
2026-07-15,226.97000122070312,232.1999969482422,226.5,227.3000030517578,4735208,9751,71.54834877321042
2026-07-16,226.39999389648438,230.3000030517578,226.0399932861328,227.89999389648438,3847258,8973,62.77678723875283
2026-07-17,225.44000244140625,227.88999938964844,224.5,227.39999389648438,3890424,6341,59.11190531715671
2026-07-20,226.8699951171875,227.5,223.5,225.44000244140625,3555757,4239,57.78245173852092
2026-07-21,225.25999450683594,228.3699951171875,223.63999938964844,226.0,3466548,15332,58.1828446942714
2026-07-22,223.11000061035156,225.50999450683594,222.10000610351562,225.0,3034876,16676,51.50420139946826
2026-07-23,224.1300048828125,226.1999969482422,221.2100067138672,221.61000061035156,3963760,12251,68.82578108087351
2026-07-24,224.52999877929688,225.97999572753906,220.83999633789062,221.89999389648438,5204038,9405,58.200100208843786
2026-07-27,223.9499969482422,227.60000610351562,223.55999755859375,226.02999877929688,3968892,12619,73.83013639559285
2026-07-28,221.33999633789062,224.49000549316406,220.16000366210938,224.49000549316406,3463190,13904,48.03944864298663
2026-07-29,224.8300018310547,228.39999389648438,224.00999450683594,224.1999969482422,10091069,11900,47.0434633924772
2026-07-30,222.8800048828125,224.4499969482422,222.00999450683594,224.0,3000955,4295,64.2950665649916
2026-07-31,225.47999572753906,226.52000427246094,222.10000610351562,223.9499969482422,4389129,13818,58.42873180275061
2026-08-03,232.89999389648438,234.6999969482422,225.6999969482422,225.6999969482422,8366055,9216,77.16796514157902
2026-08-04,231.39999389648438,235.1999969482422,229.8000030517578,232.89999389648438,4277319,6981,75.85920422038213
2026-08-05,229.0,234.42999267578125,228.16000366210938,232.6999969482422,2739599,15772,50.24288866744887
2026-08-06,235.0,236.25,227.58999633789062,229.49000549316406,6727373,4401,71.5530414922017
2026-08-07,233.3800048828125,236.75999450683594,233.00999450683594,235.0,4691820,8780,61.86571622801033
2026-08-10,231.1199951171875,233.38999938964844,230.1999969482422,233.38999938964844,1809443,7309,49.86360390033484
