Date,Open,High,Low,Close,Volume,No_of_Trades,Delivery_Pct
2021-08-10,109.74827575683594,117.29481731182466,106.55716938846552,116.56171943957612,62228631,3621,45.00238791946213
2021-08-11,116.21673583984375,116.64796677060383,110.05013221396213,112.29253173790222,83411121,17543,62.39502889324666
2021-08-12,116.43235778808594,118.76100231182279,115.31115467365728,117.29481969762732,44524216,17235,60.197069069716235
2021-08-13,115.52677917480469,118.07103937465828,111.08510525777852,116.30300285009714,73126922,12212,68.9229875557466
2021-08-16,116.0011215209961,117.59668124462807,113.97433086234183,116.43235245601839,44335128,5192,72.12889846723863
2021-08-17,112.12004852294922,116.43235808152419,111.68881756709172,115.87176310295919,34911091,7670,72.59326658570237
2021-08-18,110.74009704589844,112.98250313553869,110.13637637872561,112.33565674354134,24225712,6420,54.14243916773391
2021-08-20,102.6329574584961,107.98021815624186,100.13181684307506,107.98021815624186,66573892,17668,61.98083645444221
2021-08-23,99.31248474121094,105.99656417278096,97.07008521566432,105.22034718084434,87566320,11583,53.952373169233155
2021-08-24,102.80545043945312,104.22851381559919,100.43368033923026,100.5630509334366,57673943,11919,48.7863371332356
2021-08-25,102.93482208251953,104.78911640487327,102.20173081462949,103.53854933494684,33183246,8662,54.14523830110045
2021-08-26,99.39872741699219,102.89170051356193,98.32065011312027,102.632959328608,58381363,6753,65.6585937665334
2021-08-27,101.98612213134766,102.84858405212016,100.47681376999579,100.47681376999579,51051068,7577,69.36485628115153
2021-08-30,104.78912353515625,105.91032666591123,102.46047897751102,102.50359812557866,43152497,14854,48.7985657903795
2021-08-31,104.87535858154297,105.99656160720926,103.53854667562263,105.43596009437611,31984469,12367,76.96182476995612
2021-09-01,103.5385513305664,104.87536329658786,102.02924304050019,104.70287355260508,29172329,6221,54.91840807399318
2021-09-02,104.228515625,104.78911715625158,102.84857794965433,103.4091794809059,23650346,5362,60.8731910269468
2021-09-03,105.60844421386719,107.80772442414425,103.23667427653602,104.57349269141993,45453134,11823,50.12091106730648
2021-09-06,104.74598693847656,106.16905027829561,103.02106327325629,106.08280541104692,41016120,7875,74.03257206858063
2021-09-07,103.71104431152344,106.42780063444896,103.40918396010109,105.04786289933094,29365152,3828,65.2616299667198
2021-09-08,103.49542236328125,105.09097547536949,102.76233110422037,104.27163934701821,20022364,14479,76.88350387647333
2021-09-09,105.3928451538086,106.34155854031687,103.0642005761629,103.49543154091673,27731248,7290,53.8759859497998
2021-09-13,103.71104431152344,106.42780063444896,102.719211802511,106.29843003239306,35275437,16872,64.56718929754469
2021-09-14,104.05603790283203,104.96161902247916,103.23669508403209,104.31477254556151,22858807,3661,74.254696087327
2021-09-15,104.14227294921875,105.13410543617609,103.1073213159097,103.96978320368791,31240322,5303,66.58228628718363
2021-09-16,103.15044403076172,105.78095551151289,102.89170940351451,104.48726263509013,27324977,7948,50.29148509585002
2021-09-17,99.31248474121094,103.92665438763724,98.62251261947576,103.92665438763724,49076581,17691,48.50945541169725
2021-09-20,92.69749450683594,99.22486720310876,91.99656561877633,97.25351222556355,64945986,16085,78.74951003176739
2021-09-21,97.4287338256836,97.86681267685043,92.25940872955714,92.8727164473696,65576034,3200,62.63515844378608
2021-09-22,97.51636505126953,99.53152396477941,95.58881389561034,97.95444394784387,55010096,12171,75.02505030239591
2021-09-23,96.7716293334961,99.35629893428344,95.93928207153712,98.9620239013394,37099971,10421,77.74440038290307
2021-09-24,94.75646209716797,97.69158922578542,93.44222547081212,96.99066035124103,41761741,14131,58.722567409149306
2021-09-27,95.7202377319336,96.20212718609878,94.18696161265777,95.01930883215758,23012292,3305,52.3454343073449
2021-09-28,96.68401336669922,97.691596188967,95.54501222007124,95.76405167340974,26139871,9555,61.28662309393107
2021-09-29,100.23245239257812,101.10861018152626,96.9030501207538,98.48013681468184,79833166,14318,54.49763461085091
2021-09-30,99.5753402709961,103.34281498808222,99.18106523060837,100.75815202305158,59107985,5619,75.03466727421338
2021-10-01,100.58291625976562,101.50287792207575,97.07828512436687,98.96201901200098,50198724,12543,77.95711455302725
2021-10-04,105.40178680419922,105.9712840308269,99.88198994898643,101.45907667463396,86400828,15550,71.3111120571957
2021-10-05,104.5694351196289,106.23413632472084,103.64947341373468,104.96371015177247,43299836,17718,51.374852372611656
2021-10-06,101.4152603149414,106.89124629307,100.75814199756597,104.96370190259,52648409,6124,64.75775326130659
2021-10-07,101.19622039794922,103.21138590220583,100.75814152176763,102.42284258816832,22381530,7679,71.76979673845302
2021-10-08,102.42285919189453,104.04374995961773,101.45908684496892,101.98478024469614,22319979,16768,74.02601001156526
2021-10-11,102.15999603271484,103.25519326009076,101.89715270887666,102.94853937333617,20380201,12164,61.939948829378935
2021-10-12,101.54668426513672,103.12376419979574,101.06479483022379,102.33522757474279,19223747,7254,69.92012395770954
2021-10-13,106.67221069335938,108.16167625919887,101.72191785404638,101.72191785404638,81744156,12371,51.65198117012671
2021-10-14,108.81879425048828,110.22065205448283,107.32932868943584,107.76740758204578,60211742,16185,78.48833774832424
2021-10-18,113.02435302734375,115.47759747230123,109.34449304446086,110.30826526049654,115093350,13856,63.027518095395884
2021-10-19,107.67979431152344,115.12712888233372,106.54078650452875,113.90051331732836,54408504,8302,54.094775315821764
2021-10-20,104.65705871582031,107.98646141710658,103.8247113827759,107.50457189720447,34047612,10971,65.3150520479228
2021-10-21,103.78087615966797,107.06646751150912,101.67810304213181,105.53319154731658,32622992,7528,48.15424354080857
2021-10-22,102.0723876953125,105.00751510328841,100.88957595592564,104.5256323051587,24743699,7529,61.64447314894146
2021-10-25,101.15241241455078,104.30658575109028,99.92579687762245,102.77330964537654,31735805,9106,55.57749238037978
2021-10-26,105.05131530761719,105.75223749518861,101.72191319185528,101.89714875216298,30794702,6767,76.26118921051985
2021-10-27,102.51046752929688,106.54079226618752,101.9847741609292,105.57701997675447,34383061,16542,58.16802628197477
2021-10-28,100.75814819335938,103.03615716342895,99.48772204213411,101.89715602067096,56679255,12914,65.71002457973975
2021-10-29,100.84576416015625,102.46665479691687,98.83060517659435,100.75814971470638,48266319,3410,55.07613709533363
2021-11-01,109.73876190185547,114.16336136293725,107.11028856288887,107.76740689763052,200912849,17246,73.46629593448283
2021-11-02,107.19790649414062,110.70253772686809,106.97886704209516,110.22065494310021,49404142,4599,61.764716793015
2021-11-03,106.8912582397461,108.46834505153113,106.10271483385357,107.76741609417024,40867394,14238,60.35952020331839
2021-11-04,107.98644256591797,108.3807108791528,107.50455313013926,108.11786756518062,7327909,4637,71.61738962158807
2021-11-08,109.21307373046875,109.5197276309246,106.8912541677824,109.5197276309246,40785175,6137,51.517433918846805
2021-11-09,111.65711975097656,112.7433707155845,108.80572046486623,111.15926076843114,62396450,14886,63.713485676199504
2021-11-10,106.76900482177734,112.20023878112855,106.36166503729444,111.79289899664565,67831948,6890,73.01899821687067
2021-11-11,105.90906524658203,107.90051499302359,105.36594321629536,106.90479011980281,25749010,16047,63.874114526342964
2021-11-12,106.36167907714844,107.62896854951482,104.59653056982627,106.81428196683844,24442697,5512,64.22015741358297
2021-11-15,104.50599670410156,107.22161384052175,104.09865689610714,106.81427403252732,17462859,16886,54.23789787633278
2021-11-16,103.69131469726562,105.72802750261957,103.23871185163142,104.91334099924372,22417892,11756,62.273675291074724
2021-11-17,102.87662506103516,104.50599111199715,102.37875918353026,103.19344566209683,17789072,14264,75.69935217402275
2021-11-18,100.02523040771484,103.69131627562456,99.57262755519125,103.01241199683916,25723110,14544,61.899323156710096
2021-11-22,97.173828125,101.111471441969,95.77076346819354,100.56834941655453,32273044,8563,72.70154110628758
2021-11-23,100.5230941772461,102.74084534513511,96.85700838704366,97.12857285527026,51894157,4718,53.40058975396546
2021-11-24,100.1157455444336,101.92615688124495,99.57262352462443,101.24725262994069,28289989,8210,77.52695118176794
2021-11-25,99.52735900878906,101.11146890510285,98.16955052623439,100.34204547955608,33353266,16785,70.61386209282792
2021-11-26,93.82457733154297,98.84846509834846,93.32671140677161,98.26008688601912,56238864,8617,78.22148225901104
2021-11-29,92.91936492919922,95.90653954544076,90.8826521383281,93.86982675456963,44874279,16988,76.24110094643602
2021-11-30,90.56583404541016,95.3181640227759,89.84166671496202,93.23618812736612,50348334,3892,66.06415885623481
2021-12-01,92.82884979248047,93.2361896059602,90.7468738640535,92.14994549923318,37013303,16224,78.12971463283269
2021-12-02,94.63926696777344,94.95608760922538,92.05942497238993,92.96463075149376,35863264,13468,59.900522295615545
2021-12-03,94.14140319824219,96.13285319573613,93.82458254948253,94.86557060069754,39431734,11108,46.838794396608996
2021-12-06,93.14566040039062,96.49491845785307,92.55727536160104,94.41294965943645,40798956,6186,47.0765290169115
2021-12-07,97.5359115600586,98.39585418953494,93.96035190338806,94.59399311393155,54180253,14859,78.58615726100379
2021-12-08,99.75365447998047,99.97995588025826,97.03803767664702,99.52735307970268,42143106,14933,72.35256655296678
2021-12-09,101.2020034790039,101.83564472817723,98.3506040453806,99.7989318336137,41245513,5975,68.3016631572077
2021-12-10,101.60933685302734,102.06193968978916,99.61788713374385,100.56834894724093,31774104,9599,57.017608056433964
2021-12-13,102.28824615478516,111.7476431473387,101.83564329569319,111.7476431473387,69531375,13809,53.84734742151943
2021-12-14,103.736572265625,105.00386163207396,101.02095515445066,101.74512247989907,41178093,11949,62.02710855531883
2021-12-15,103.148193359375,106.09011207281065,102.83137272531631,103.8723607282279,38428524,6013,58.97033638546237
2021-12-16,102.7408447265625,104.59651913387201,101.47355539275391,103.91761487356432,26860434,7474,46.65627295086029
2021-12-17,101.6998519897461,102.74083985408333,99.9347037591267,102.37875621785678,34182526,14848,69.29932788795091
2021-12-20,96.4044189453125,99.8442037922151,94.59400732192636,99.39160088636855,47029517,16196,65.28652609555729
2021-12-21,100.16100311279297,101.29251013642106,97.17382180794648,97.30960403201601,37037500,6774,72.00235432493146
2021-12-22,102.01668548583984,102.46928836183056,100.83992215196706,101.29252502795778,23794822,12498,69.70068285128461
2021-12-23,100.83992004394531,103.78183867638526,100.4778363694876,102.74085070213371,26865830,13559,68.41914465374344
2021-12-24,98.48638153076172,101.33777392053167,97.58117584355314,101.29251777987405,27899055,13160,52.473834892164014
2021-12-27,98.16954803466797,98.89371530278602,96.94752181261829,97.58116989876432,18001260,7810,59.274317833271525
2021-12-28,98.48638153076172,99.0295035618526,98.12429787464401,98.3958554371038,12134126,7855,71.15643482249034
2021-12-29,96.31389617919922,98.30534612871841,95.68024799077256,98.21482693213517,25865808,17334,72.44565152570893
2021-12-30,95.18238067626953,97.17383045254635,94.9560792514121,95.95180413955052,21013686,3522,47.415161968927904
2021-12-31,97.03804016113281,98.16954719149196,95.4991933623127,95.54445640599539,21997020,15745,54.16544780636269
2022-01-03,99.66314697265625,100.11574982621615,96.90227370964372,97.49065189433442,24678644,15785,76.07956854699907
2022-01-04,99.43684387207031,100.70413322194024,98.35059980427972,100.43256875190691,24952161,13859,56.9140814484629
2022-01-05,102.28824615478516,102.87663125283903,98.57690409146532,99.25580838010328,40582366,16316,50.240456095592734
2022-01-06,101.6998519897461,102.74083985408333,100.70412716975129,101.11146694414931,25776004,5264,64.45646288528626
2022-01-07,101.38304138183594,102.69558692297142,100.07049584070046,102.15246486823162,26351285,11847,60.411969577389094
2022-01-10,99.34632110595703,101.92615585367021,98.98423746101089,101.88089971440888,40065591,10609,45.84970243059868
2022-01-11,94.50346374511719,98.48636967042299,94.36768152715337,98.48636967042299,83997765,9515,47.2048863064204
2022-01-12,95.00132751464844,96.04231536390247,94.63925078983908,95.09185360202163,36449235,7389,57.601019041434895
2022-01-13,97.8074722290039,98.21481200480429,95.36341285568868,95.9517979033111,47128730,16565,66.48325275884712
2022-01-14,97.9432601928711,98.53164531644346,97.08331748576892,97.49065731414956,22683240,7908,55.45767732150139
2022-01-17,97.2190933227539,98.21481820907708,96.17810538907318,96.85700966240782,38356354,7049,76.8216563029794
2022-01-18,95.31816101074219,97.85273277487576,95.09185959039965,97.762213587973,26528093,3766,72.26796094812346
2022-01-19,94.72978210449219,95.72550703759691,93.77931331469985,95.49920560251985,38987705,11601,72.5912739558396
2022-01-20,95.49919891357422,96.76648824247675,93.96035202530265,95.04659607512126,41218605,5049,75.27583310618787
2022-01-21,92.82884979248047,95.95180677894933,91.96890021066429,94.59399819245476,50322983,3505,45.299172064012716
2022-01-24,88.12176513671875,92.55727402630389,87.1260403426088,91.878369815842,51823192,5526,65.51860629654475
2022-01-25,88.257568359375,90.33954452929588,87.12606107271634,87.98600384810796,39580595,3920,57.79168378427035
2022-01-27,87.26182556152344,87.89546675057166,85.22511286022001,87.80494756730349,41800442,6648,57.57632374859686
2022-01-28,88.21229553222656,90.8826565765899,87.94073795721832,88.39334082173703,36999823,14484,75.80485122456926
2022-01-31,89.11750030517578,90.20375131206991,88.30282068271964,89.79640459467028,29176967,11910,50.59979216388204
2022-02-01,93.50775909423828,94.32243876483403,88.84594798300763,90.02271134396369,71410207,15719,69.71293671718408
2022-02-02,94.27716827392578,95.95179731757378,93.82456545639006,95.22763004704825,50935597,16066,66.07802889630094
2022-02-03,94.5487289428711,95.68023602407429,93.50774795310106,94.77503035911172,32947766,11471,67.73516879115903
2022-02-04,95.13711547851562,96.58544318363342,94.00560837980309,94.77503182569336,39818820,4935,60.534700927190585
2022-02-07,92.73832702636719,96.17811166484937,92.33098719825539,94.54873854005847,41791347,16510,51.10651371481795
2022-02-08,92.24046325683594,94.23191305694166,90.0679681709751,93.2361881568888,43278258,5981,75.26330403573547
2022-02-09,93.77930450439453,94.14138814773543,91.01843139953378,92.60254129625048,38882386,14276,75.85090631490364
2022-02-10,93.59828186035156,96.63071993371133,91.42578654149737,91.42578654149737,84638735,13583,57.14084826065996
2022-02-11,92.10467529296875,93.32670154461422,91.51629023664432,92.78357953345747,24260135,14970,51.11048713835247
2022-02-14,87.03553009033203,90.79213515479832,86.44714499967586,90.52057068028886,32544033,11528,56.97857403916311
2022-02-15,88.89119720458984,89.34380005574594,85.3609004905094,87.80495312428377,30069759,10872,62.30154072094972
2022-02-16,89.29853820800781,90.83738504113511,88.80067234108198,89.43432043591221,23615723,4614,69.25960223509455
2022-02-17,88.12176513671875,89.97743940778287,87.80494455307068,89.57009273780328,17584772,4121,66.36229985617153
2022-02-18,87.66917419433594,89.02698279901695,87.17131518298926,88.07652091944325,24800828,16124,78.88715565441161
2022-02-21,86.53765106201172,88.61962663430693,86.26609353486697,87.35233745578682,24726790,4054,73.8934641772853
2022-02-22,84.41043853759766,85.40616350908559,82.4642447396787,85.04407981777034,31544269,12969,53.05755007840147
2022-02-23,85.90402221679688,86.94501015188676,84.31991224353835,85.08933570645821,25758246,17208,78.29933936030037
2022-02-24,76.9424819946289,83.23365864230949,76.35409692755339,81.46851034725414,71704145,4902,47.82676959182412
2022-02-25,82.9168472290039,83.50523236129348,80.02019152473947,81.01591649144463,42402553,3758,72.99416099528831
2022-02-28,87.21656799316406,87.57865165514313,81.64955154547881,82.37371886943694,51489421,12705,54.24039393763883
2022-03-02,89.93218231201172,90.97317021813004,86.49240489522793,86.89974468597495,57349266,13512,49.34796718761717
2022-03-03,91.56155395507812,92.78358021570935,90.56582910960718,91.87837455506828,42379071,9952,76.20231952587574
2022-03-04,88.30281829833984,92.42150006635629,87.85021545089816,91.42577518321886,46399925,16877,48.93510223198313
2022-03-07,88.71016693115234,89.75115496515028,85.85876732713089,88.34808323591324,38617536,11582,45.66575128438588
2022-03-08,86.99026489257812,89.16275991644662,84.63673149429196,88.71015707423115,38596051,5116,70.35357038654419
2022-03-09,86.99026489257812,88.57437484033225,86.17557839535603,86.99026489257812,31188865,7532,58.63775200135054
2022-03-10,89.70588684082031,90.1584897077328,87.44287250625788,88.66489886568726,41584245,4834,71.35628371934145
2022-03-11,90.20375061035156,92.19520041490813,89.66062856421537,90.06796837227463,44512874,8051,47.31936982416988
2022-03-14,89.88692474365234,91.74259220177673,88.71015462392772,91.24473323279409,46969583,12707,52.82908733332358
2022-03-15,85.90402221679688,89.61536420148258,84.9535534703732,89.61536420148258,44771720,4394,58.72528766148945
2022-03-16,87.98599243164062,88.212293859609,86.89974833986096,87.2165689577824,30212949,15418,59.935222870987026
2022-03-17,88.80067443847656,90.52056658482242,87.98598795797892,89.434322548273,50576391,11917,49.49789921261835
2022-03-21,89.97744750976562,91.28999300571127,89.16276100261909,89.5248446620366,44140020,7913,45.74150235348483
2022-03-22,90.06796264648438,91.83311091075609,88.9364555780612,90.430046289614,43769916,13914,53.07240549121588
2022-03-23,93.32670593261719,94.77503366585587,90.33953127771954,91.24473697426514,100447377,12122,70.59600484624967
2022-03-24,94.14140319824219,95.00134594575725,92.78359449826753,93.0098959482633,41016068,14240,57.40841713813511
2022-03-25,93.32670593261719,95.18238037300422,93.14566755577663,94.59399528901531,29916817,5197,64.40333906361548
2022-03-28,92.63092041015625,94.43994115718533,92.39899521780343,94.43994115718533,28885917,11654,52.42012754375614
2022-03-29,91.65685272216797,93.74417976928194,91.37853961810093,93.60502321724843,37061803,4332,55.717482937840614
2022-03-30,90.68276977539062,91.84239598735215,90.03338192781085,91.84239598735215,32496697,12788,59.09384169483639
2022-03-31,91.42491912841797,92.35261995335252,90.91468084358573,91.1002181774544,30867023,16286,45.368605074421595
2022-04-01,94.7646484375,95.08934233723865,91.65685183520802,91.84238918425977,31320098,11334,54.69035730290617
2022-04-04,98.70738220214844,99.0784639966047,95.41404100831937,95.55319756596505,53395420,15504,65.35352999681062
2022-04-05,98.1043701171875,100.19169714095744,97.5941317913697,99.217608365413,45728043,8468,46.89964189874328
2022-04-06,102.51094055175781,103.85610390887533,97.22304871188038,97.64051124952498,78734092,17253,66.5225198266027
2022-04-07,101.212158203125,104.08802933401796,99.72783830438628,103.29948505135634,52483623,9413,67.99816459923674
2022-04-08,102.88202667236328,104.08803354231196,101.44408750988292,101.95432581342004,38006661,17127,71.61961155956722
2022-04-11,102.00070190429688,104.22718527860992,101.76877670026,102.92840272044435,23157885,4583,77.27301270605902
2022-04-12,100.23808288574219,101.58324633022957,98.15075590635391,101.1193958903655,33624428,13736,72.16700814183255
2022-04-13,98.80015563964844,101.53687073469835,98.61461827238287,101.02663943581962,18850426,12883,48.63799245895537
2022-04-18,97.64051818847656,99.49591995927898,96.89835464903719,98.33629385252748,26261827,16426,57.325752198487784
2022-04-19,96.57365417480469,100.19168879691921,95.08933427485388,98.33628715253182,26307915,5890,45.32712723108103
2022-04-20,94.53272247314453,97.2230564801365,94.30079724974516,96.9447433809388,26825161,13828,72.12590476664133
2022-04-21,95.64595794677734,96.29535280018268,93.41947445100858,94.95018229671184,31169375,16244,59.52196768891692
2022-04-22,94.0688705444336,96.2489661944844,93.83694532468785,94.43995231158598,18079494,13342,61.31093876153989
2022-04-25,89.75505828857422,92.86285475690883,89.52313307335827,92.3062356559497,48541864,5710,73.34527044408622
2022-04-26,91.0538330078125,91.61045206046894,90.31166955240705,90.8219078127227,20974709,3543,58.83242009239435
2022-04-27,90.17253112792969,90.775538171816,88.59544231573167,90.35807556793908,29642139,9396,55.24967308694857
2022-04-28,90.72916412353516,91.1002388755813,89.47676206308918,90.77554492864232,21460845,7352,53.73815400912261
2022-04-29,89.75505828857422,91.79599735135626,89.52313307335827,91.0074530351812,22228488,14334,48.388351402200485
2022-05-02,89.84783172607422,90.12614483021791,87.62134812631342,89.01289949143938,22931138,6163,55.5548132148101
2022-05-04,87.992431640625,91.28577276746789,87.06473071225194,90.9610788580966,31271235,6420,75.50756321787674
2022-05-05,87.2966537475586,89.61590601012814,87.01834772272798,88.96651820772716,23329442,12087,74.50924310663612
2022-05-06,83.40031433105469,86.27618577465044,82.6117699626521,86.27618577465044,48845546,6931,71.47198114442097
2022-05-09,81.544921875,83.40032393323528,80.52445215853002,83.40032393323528,29833441,10588,58.098916722871536
2022-05-10,78.01963806152344,82.05513523960651,77.50940685383225,80.98828495179967,32190085,13177,52.23015081976593
2022-05-11,77.7877197265625,79.550352867465,75.46846745637401,78.11241362882964,39120953,4208,46.39044843157775
2022-05-12,74.8654556274414,77.46302083382574,74.03053052619967,77.41663296029196,35341235,7510,75.30353626051692
2022-05-13,73.89137268066406,77.74133254883067,73.47390305960754,76.72085597144518,32364015,8451,45.48701354193126
2022-05-16,75.65400695800781,76.30339472025337,73.14921042264118,74.21606781301239,26772936,16104,68.88759778117948
2022-05-17,79.50396728515625,79.73589251886767,76.16424533527109,76.21063321313196,38380173,15403,53.670732990449885
2022-05-18,78.48348999023438,80.19973513614943,78.01963956821432,80.06058567178002,32754918,15364,77.57993307041123
2022-05-19,74.401611328125,76.34978893218768,73.52029828079864,76.34978893218768,39987370,12386,57.04865687616132
2022-05-20,76.9991683959961,77.41663093569952,75.70038582676958,76.95278052367544,30011006,6118,51.15647411827519
2022-05-23,68.60347747802734,71.1546549066974,66.51615049093367,71.1546549066974,113585736,13336,49.56551682597049
2022-05-24,68.88179016113281,70.22695360252138,68.0468579557417,68.97455883333271,60064633,9738,64.34013478482717
2022-05-25,66.00590515136719,69.62393923831966,65.86674863306237,69.57755137295321,55416336,11366,68.57344493653635
2022-05-26,68.32515716552734,68.97454481675817,64.47519789033002,66.79444961300376,66187950,12623,64.46289775919024
2022-05-27,68.83540344238281,69.20648521521159,67.7221652016926,69.06732866567627,35122761,15614,57.836250690810786
2022-05-30,69.34564208984375,70.08780563898061,68.46432906831537,69.5775673142245,29257589,4194,47.50756809804748
2022-05-31,70.4588851928711,71.15466091397698,68.74263982970255,69.02095294926357,33084493,3470,52.15038831664207
2022-06-01,70.9227294921875,71.43296780764624,69.53117817125933,70.4588790518781,32105532,13528,67.9400579187708
2022-06-02,70.87635040283203,71.38658165279044,69.39203037363163,71.34020085431942,35686075,14724,54.69012559803974
2022-06-03,70.18057250976562,71.8040490387129,70.04141596315381,71.8040490387129,21785047,14935,76.62597800910255
2022-06-06,70.2269515991211,70.50526468557722,68.32516910099024,69.99502638633959,27661489,15454,67.85718159942061
2022-06-07,69.57756042480469,70.45887335906737,69.11371002197266,69.57756042480469,18218210,13726,77.89988992079485
2022-06-08,70.3197250366211,70.87634411345383,69.6703302154866,69.80948675414368,21951937,16285,46.36224227758495
2022-06-09,69.62394714355469,70.4124913997554,68.78901501672055,69.80948447049768,21014709,9570,62.48289306389985
2022-06-10,68.00048065185547,68.8354058223423,67.3510857575035,68.69625634579207,29410059,14880,77.92391082245203
2022-06-13,66.33061218261719,66.79446261746067,65.12459822090577,66.79446261746067,30530740,16333,76.98851794751641
2022-06-14,66.09867858886719,68.09323662149377,65.58844034408072,65.86675340083607,29432739,5819,45.09672799496888
2022-06-15,65.63483428955078,67.02638554657305,65.40290908004707,66.74807246405032,23770095,14802,58.87776421094708
2022-06-16,62.38788986206055,66.79446944339568,61.69211413869184,66.79446944339568,39971288,12339,61.127716419395384
2022-06-17,63.50112533569336,64.98545247443737,61.46018613661488,62.387887059431705,68542282,3980,75.29748229503132
2022-06-20,60.20779037475586,63.640280904947495,59.00177636263651,63.640280904947495,44821242,15135,48.18493833476231
2022-06-21,63.8258171081543,64.38243616594148,59.92946954805338,60.85717033696379,51488728,11796,78.88586403113032
2022-06-22,61.69210433959961,63.083655565304866,60.43970965202399,63.083655565304866,38976592,14455,58.36756912115496
2022-06-23,62.38788986206055,63.08366558542925,61.181875777102796,61.69211413869184,33483121,17872,46.06437293675469
2022-06-24,63.08365249633789,64.05774113806119,62.29510825569271,63.08365249633789,29172632,5270,56.73692519587037
2022-06-27,64.89266967773438,65.40290796103086,63.82581939450722,64.28966980557836,31633555,13554,53.90762270336292
2022-06-28,65.95953369140625,66.2378467972377,64.19690053599841,64.75352674766131,35159121,6520,73.50453422096346
2022-06-29,64.98544311523438,65.5884429659842,64.66074217677483,65.07821177859626,24035362,11147,46.43185278615199
2022-06-30,63.593894958496094,65.68122183357414,63.269194004580754,64.84628966798378,25854133,16339,61.902554503859164
2022-07-01,64.84630584716797,65.12461191993847,62.94451583314775,63.269209790278715,20563587,13288,47.222608545999236
2022-07-04,64.0113525390625,64.84628463991363,62.61980139690896,64.1968898602316,22848966,15491,46.643949691796365
2022-07-05,64.56798553466797,66.14508141662449,63.825829011803116,64.01136637307016,27353438,17359,48.12688200188789
2022-07-06,64.56798553466797,64.84629865436519,62.66620280939242,64.2432916135523,24025696,15881,69.34583871877805
2022-07-07,67.5830078125,68.18601480113043,64.7071364949503,65.1245990605735,36413399,14795,56.62556246003018
2022-07-08,66.42338562011719,68.46433192655047,66.00592302992216,68.18601881455616,37768322,17481,75.30211536226417
2022-07-11,67.25830841064453,68.55709095413332,65.40290679931641,65.40290679931641,40747355,8307,51.69054526087241
2022-07-12,65.95953369140625,66.93362248402003,65.49568323355136,66.93362248402003,34393160,4224,63.08341443809318
2022-07-13,65.91315460205078,66.4697737503558,65.49568493247466,65.8667667239435,23680129,16162,53.425185530959915
2022-07-14,65.0318374633789,65.95953844596005,64.52160616963737,65.6812323978638,21598574,8732,67.12851198850947
2022-07-15,64.3360595703125,65.2173797209065,63.59390305579797,65.03183528393043,57717709,11111,58.6734947055285
2022-07-18,66.60892486572266,66.79446220740263,64.6143665925813,64.7999039342613,33245541,4724,53.58841240911727
2022-07-19,67.90770721435547,68.13963245358181,66.0059244993774,66.0059244993774,39257553,10786,56.25399515324562
2022-07-20,69.53118133544922,70.64442668953038,68.78902484385812,68.9281813978428,61219545,6987,61.0595029250174
2022-07-21,70.1341781616211,70.50525989240333,69.02094004706969,69.5775591043454,31038381,9627,55.61470504338359
2022-07-22,69.85587310791016,70.78357390839876,69.29924696538066,70.55164870827662,21258642,13654,47.13659992899193
2022-07-25,70.50526428222656,70.64442082465852,69.39202609836234,69.80948864786248,19924422,3406,70.94376741785952
2022-07-26,69.53118133544922,71.0618892736881,69.1137187512915,70.73719536625472,24458733,7816,62.23057532265915
2022-07-27,70.3197250366211,70.50526236963348,68.92817380564149,69.57756154898041,17084580,7373,58.60676415010853
2022-07-28,70.55874633789062,71.8016466556944,70.31972620435349,71.70604006114266,33296293,10050,45.91723472409282
2022-07-29,73.7616195678711,74.04843937057765,71.22800452522472,71.61043822314954,41224551,9389,53.48443847195672
2022-08-01,74.28746032714844,74.7177009773571,73.33137971910628,74.43087387721799,18151290,12764,74.09894721033758
2022-08-02,74.09624481201172,74.47867850216271,72.5665173457237,74.09624481201172,18742186,14937,78.19709579061956
2022-08-03,72.99674987792969,75.14793115504538,72.13627590822023,74.47867767544685,23493253,13227,68.95977454611625
2022-08-04,73.57039642333984,74.71769747581341,72.61431586010312,73.1879700334978,24826809,7464,58.68497965668525
2022-08-05,74.19184875488281,75.00451575841251,73.71380848288703,73.95282861888492,19897620,14285,77.12159359978713
2022-08-08,74.71769714355469,75.1479304773717,73.47478949914765,74.33526346109745,19680701,7482,68.30524794304043
2022-08-10,76.39083099365234,76.7732646404242,74.23964993666516,75.10012381832306,35559063,9584,50.486759901202284
2022-08-11,75.38694763183594,76.2952285034939,74.6220875915253,76.2952285034939,31717052,10810,49.70172364643869
2022-08-12,78.01618194580078,78.58982889432467,75.33916042125037,75.38696007860928,40640281,8166,78.88198929347966
2022-08-16,79.02005767822266,79.30687746213914,76.67765599083558,78.30299727695805,26851934,3300,60.3038621702574
2022-08-17,79.21127319335938,80.35857424566,78.73323291181308,79.21127319335938,28056755,16122,49.42909640564726
2022-08-18,79.49810028076172,79.64151382409013,78.44641312021311,79.2112731941049,20383265,9971,58.32430602568614
2022-08-19,78.15957641601562,79.54589014420063,77.92055630465165,79.45028355851804,16756741,17849,53.817939505272804
2022-08-22,74.71769714355469,77.63373847187,74.57428360084376,77.63373847187,18504246,3593,50.481798147443605
2022-08-23,76.48644256591797,76.82106929328074,73.61820096969605,74.33526136875152,18941205,11359,78.52936170668653
2022-08-24,75.96060180664062,76.72546921498376,75.43476184593139,76.00840875503064,15002345,12713,58.9775441350051
2022-08-25,76.24742889404297,77.39472271202622,76.00840874077011,76.34303549648887,14283751,17093,52.62684804660874
2022-08-26,78.11177825927734,79.2590792994213,77.06009110988218,77.44252478993016,29944031,4170,71.790689161556
2022-08-29,76.43862915039062,76.91666937595733,75.00450847369049,75.53035563953986,20571152,12339,45.82789631962117
2022-08-30,77.7293472290039,78.25518712512324,76.72545979065242,76.96447991461085,22790003,8206,57.59653642967834
2022-09-01,77.39471435546875,77.87275461039893,76.4864407888276,76.96448104375776,19557859,16921,68.98648591584242
2022-09-02,75.72157287597656,78.15958107493935,75.578166636062,77.39471375525662,23484601,3934,78.53109195214161
2022-09-05,76.96448516845703,77.49033239478771,76.00840460735819,76.19961780185163,21881137,3748,52.33073005838672
2022-09-06,78.4464111328125,78.8288375129119,76.4864431103827,77.63373683931218,21769068,7355,47.54742781333929
2022-09-07,78.63763427734375,78.97226104944787,77.92057378241357,78.15959394739029,18135087,13499,50.00869083551423
2022-09-08,78.01618194580078,79.45030296426887,77.68155516702157,79.2590897461998,13192202,14009,66.40699538489653
2022-09-09,78.5420150756836,79.16346886383376,77.96836823058938,78.44640848388713,14149065,3537,75.1715733826305
2022-09-12,79.59370422363281,79.83272435643651,78.8766438252217,79.06785701373843,13787059,17409,45.79362876157959
2022-09-13,79.92832946777344,80.54978326039625,79.83272287528888,79.83272287528888,14722171,13262,58.255645810276064
2022-09-14,80.35858154296875,81.26685524266013,78.3508063426969,78.39861329291918,22582789,5888,68.49399018847679
2022-09-15,78.63763427734375,80.11956221792609,78.39861411236703,79.92834170935478,16676036,3984,65.41054550151375
2022-09-16,77.10789489746094,78.78103579662455,76.10400744023659,78.39860213223835,22689826,3537,76.64633552016312
2022-09-19,75.38694763183594,77.20350208083636,75.1479275015547,77.10789548758697,17209181,3330,51.20075144511258
2022-09-20,77.20349884033203,77.77714567006589,76.0083982390885,76.05620518086432,14219212,7720,77.4902017977598
2022-09-21,76.58204650878906,77.96836760888758,76.39083332672081,77.15569334930916,10364275,8813,71.15596234681024
2022-09-22,76.86888122558594,77.44252812319081,75.53036693496388,76.29523432798108,11718492,8405,53.27335531953969
2022-09-23,74.71769714355469,77.53813187483463,74.38307040677303,76.4864447188141,11815823,9382,55.69691468730912
2022-09-26,71.4192123413086,73.90502754320667,70.55874570376061,73.61820046781365,15856055,6393,54.41289874978561
2022-09-27,71.61042785644531,72.51870137500373,70.27191375463684,72.42309478794205,14244016,9846,68.86792932184852
2022-09-28,70.41532897949219,71.80164276108603,69.98508838587274,70.74995568943051,11622517,7791,55.181131769080686
2022-09-29,70.79776763916016,72.32749506016594,70.31972736420111,71.228000968897,31048983,17610,47.39536733276129
2022-09-30,73.3791732788086,73.71379997170567,70.36751845410528,71.13238571871129,23164910,13335,57.410105339071244
2022-10-03,72.66212463378906,73.18797187452314,72.23189128723645,73.14016492743241,12532404,10968,77.05332945985828
2022-10-04,76.10400390625,76.4864375528774,73.52258955656643,74.33525649670273,17021286,12330,51.39864793562843
2022-10-06,78.8288345336914,79.06785465937793,76.34302668541457,76.48644021968956,22003469,3504,62.61375749123478
2022-10-07,77.4903335571289,78.49421378475124,76.82107277773144,78.39860718607044,12122823,4418,59.37774396286862
2022-10-10,78.3030014038086,78.87664829619042,76.15182008663976,76.39084023299186,17325325,15996,74.40997431405209
2022-10-11,75.864990234375,78.58981834483421,75.24353641759623,78.25519161097355,15270763,15288,51.65306132842498
2022-10-12,76.00840759277344,76.48644789209905,74.71770024345749,76.00840759277344,12403161,10914,48.144419703509136
2022-10-13,74.71769714355469,76.34303117610317,74.09624332135117,75.96059749364593,12769213,12588,54.20731167783402
2022-10-14,74.47868347167969,76.4864513610438,74.28746296668723,76.4864513610438,8472934,8312,46.519855208764334
2022-10-17,74.81329345703125,75.00450662481852,72.90113260189946,74.2874463041441,11143044,16131,57.752095830800855
2022-10-18,75.43475341796875,75.72157319331528,74.81329962991153,75.19573329135561,9906432,17224,58.57212888800685
2022-10-19,74.95671844482422,76.29523270700814,74.6698913549577,75.43475873172449,8775176,17582,67.99387222982892
2022-10-20,76.10400390625,76.39083096479933,74.23964990862466,74.8611036726048,13611208,12435,56.18221061296897
2022-10-21,74.43087005615234,76.05621138297336,73.90503012531396,75.625970754852,13898452,6667,73.02605009665703
2022-10-24,75.05233001708984,75.53037033567003,74.57428969850966,75.53037033567003,1726938,11649,62.12284071484558
2022-10-25,75.864990234375,76.48644405115377,74.09624267455521,74.62208989513319,14835434,12602,52.237957321409404
2022-10-27,78.92445373535156,79.25908047498832,76.58205196926258,76.67765856711367,31614891,5805,58.99134736369768
2022-10-28,75.48255157470703,79.1634672872443,74.90890474103733,79.1634672872443,29330156,3174,74.79372610345095
2022-10-31,75.24353790283203,76.05621222236954,74.47867782381232,75.86499173187771,11696554,6471,62.17760278089543
2022-11-01,76.48644256591797,76.72546269893645,74.95671517346273,75.24353495649557,15997988,11459,77.27853724412924
2022-11-02,76.91667938232422,77.87275995783759,76.19961895068919,76.48644604106957,14278917,16269,49.78930554212062
2022-11-03,77.7293472290039,77.87275346792671,75.81718623733656,76.2952264852534,15209490,6144,45.17964885908472
2022-11-04,80.40637969970703,80.69320680705987,77.87276456581152,77.92057151514244,33445593,11315,64.5430215239974
2022-11-07,83.27462005615234,83.51364020975457,79.88053825159047,81.12343867373231,38020780,7602,53.56357403929192
2022-11-09,82.2707290649414,83.7526494475409,81.74488187782578,83.60923591520799,22539789,4008,68.88168489183154
2022-11-10,80.50196838378906,82.84436978755974,80.0717351128489,81.26683563692127,16683921,12044,78.46366122504045
2022-11-11,81.74488830566406,83.65704943562112,80.50198065346564,80.69320114305084,33191044,16970,75.26955343831212
2022-11-14,82.65316772460938,84.13509562204234,81.79270099120066,81.84050064621428,26520636,4551,52.36151430108388
2022-11-15,82.41413879394531,83.37021932424312,81.36245166948083,83.035592597502,13610421,4674,47.63425056789665
2022-11-16,78.97225189208984,82.70096749222074,78.68543210396636,82.31853381374039,25739336,8369,77.39096688895751
2022-11-17,78.15957641601562,79.35467697283543,77.20349597055977,79.35467697283543,22502719,6051,77.31355549941986
2022-11-18,77.10789489746094,78.82883544572567,76.34302756868853,78.30299553972067,17752344,6655,76.26653215770838
2022-11-21,78.11177825927734,79.35468589585437,77.44252478993016,78.63762548113279,26933770,4202,45.83439411090407
2022-11-22,78.63763427734375,78.82884749159851,77.29911989461075,78.11178699666833,14583252,12864,47.944325684107554
2022-11-23,79.49810028076172,80.16735375720651,78.4942127717787,79.0678596507765,12436505,9406,71.55187633369616
2022-11-24,78.97225189208984,80.64539285291511,78.73323175482909,79.64151265300937,12007082,14850,71.2156979530914
2022-11-25,79.68931579589844,80.07174949113723,78.44641540426741,79.21127550042895,10734377,7897,50.60467391098306
2022-11-28,78.49420928955078,79.54589640344354,78.20738950993395,78.87664295668874,12858389,16485,53.307755304271424
2022-11-29,79.11566925048828,80.88441689269338,78.63762895290225,78.92445604918029,19526525,10081,51.43836350988269
2022-11-30,81.12342071533203,81.26683423460896,79.06784639053488,79.11565332839874,23604166,10190,48.302780084087395
2022-12-01,82.07951354980469,82.46194722769482,81.0278264063436,81.93610000880643,24779245,11020,53.1943282097977
2022-12-02,82.93998718261719,83.60924064561522,81.7448865027524,82.17511982977744,20303404,12578,60.76125287992219
2022-12-05,84.2306900024414,84.75653719149236,83.1790029186548,83.37021609959227,21457721,15646,49.22043743086071
2022-12-06,82.17512512207031,84.23069988268529,81.69708481933735,84.18290022900167,16724879,4291,68.17454658550464
2022-12-07,81.55368041992188,82.65316730577626,80.74100605132855,82.65316730577626,12166267,17725,72.91266430253152
2022-12-08,81.93609619140625,82.36633679435613,80.40636884543137,81.74488300852765,14100639,12912,51.003098083374354
2022-12-09,80.83660888671875,83.17900318512547,80.02393462934286,82.50974975538507,12784750,16978,72.54150007217898
2022-12-12,81.21903991699219,81.50586700011478,79.40249270493489,80.78880658662403,10442886,17988,60.74075419905668
2022-12-13,80.45417785644531,81.983905241743,80.31076431844212,81.69707816573664,11388040,16270,46.844557450195154
2022-12-14,81.41026306152344,81.84049640593678,80.78880922401399,80.88441582340407,10055122,10729,59.43879017147897
2022-12-15,79.88053894042969,81.93610644368177,79.6893184393092,81.21904597669162,10984645,6540,62.69182647037991
2022-12-16,78.97225189208984,79.88053279027014,78.39860502152717,79.73711924905054,11710485,12696,77.86583510396046
2022-12-19,79.306884765625,79.54590492139158,78.49421769488188,79.35469171450482,8474568,8921,78.32238758432405
2022-12-20,78.25518798828125,79.11566190288569,77.155693947082,78.87664177629087,14817945,8805,75.90767996224574
2022-12-21,77.82495880126953,79.97614005459157,77.25131192591347,78.6854327614615,14289387,12562,74.68951170063326
2022-12-22,75.24353790283203,78.49421329803445,74.76549761807627,78.25519315565657,18920980,5087,73.91465196339158
2022-12-23,71.4192123413086,74.8611080687627,71.08458561622709,74.81330112475868,15647334,5896,70.26462126414613
2022-12-26,73.28358459472656,73.76162492829384,70.51094920117305,71.70605003509124,14027435,7718,51.985240029724594
2022-12-27,77.25130462646484,77.58593133094413,73.80940911092046,74.00062958084797,29894904,14014,46.917183952640556
2022-12-28,77.15570068359375,77.8727611259852,76.43864024120231,77.20350763081292,13888353,10182,64.98249230683116
2022-12-29,77.4903335571289,77.72935370098888,76.24742589133069,76.67765923255227,13574850,9922,45.98256176965879
2022-12-30,79.02005767822266,80.74099826466835,78.4942104662357,78.92445108358383,29757458,6969,49.10343605784705
2023-01-02,85.04336547851562,85.56921272022105,79.40249583855721,79.6415159858204,86864774,4824,46.83864937230523
2023-01-03,84.46971893310547,85.76042627479866,83.84826508878918,85.09117277742176,37876426,6374,59.57528673660059
2023-01-04,81.50586700439453,84.4697152547821,81.12343332498291,83.80046178654855,20223708,12698,76.34306322581385
2023-01-05,83.56143188476562,83.99166516488471,80.93221067571262,81.93609076076211,24321965,15627,73.38106474445306
2023-01-06,82.1273193359375,84.18289394306267,81.69707871901421,83.99167345965823,19627104,13287,55.13033041443107
2023-01-09,83.89606475830078,84.2784984211903,82.98779119146414,83.1790043757512,16860710,9966,54.69109110138656
2023-01-10,83.75265502929688,84.8521491247055,82.4141407955088,83.8960685711877,21375875,11912,60.012603053312965
2023-01-11,85.04336547851562,85.61701966740009,83.94387863655777,84.18289878382096,24955585,5993,69.14585353611722
2023-01-12,84.13509368896484,84.85215414654124,83.37022628315687,84.85215414654124,11442821,12764,63.31328169697596
2023-01-13,84.94775390625,85.66481430606807,84.08727996760521,84.42191398963945,18350692,16586,53.525109519261186
2023-01-16,84.03948211669922,85.76042273651598,83.75265503290522,85.33018940514071,12333401,14087,45.37497319441797
2023-01-17,83.32242584228516,83.9916793453091,82.27073863996921,83.9916793453091,12532647,11658,71.39146648089894
2023-01-18,86.71649932861328,87.19453958355452,83.51363107937011,83.65704461471557,39056707,4148,65.79308437022038
2023-01-19,88.05502319335938,89.77597121829542,86.04725536047812,86.47748871955403,63481359,8874,64.5855656429273
2023-01-20,87.48138427734375,88.86769837821971,87.19455714887161,88.2940514155923,27855347,7012,46.87331021064731
2023-01-23,89.01109313964844,89.2979202075309,86.33407211477865,87.91159910518614,37644720,5222,65.54532109697517
2023-01-24,87.00333404541016,89.05890878117042,86.71650694951205,88.86768828579966,15154378,7925,65.25505782193892
2023-01-25,85.9516372680664,87.38575799903198,85.23457690258363,86.9077177553768,17092770,4986,71.58760614423264
2023-01-27,84.27849578857422,87.19453687659792,82.50974835906555,86.04724321808288,21874770,3224,63.968813363391575
2023-01-30,83.03559875488281,85.66482040816781,82.22293170273068,84.27850645416217,13314265,9680,63.83737597600073
2023-01-31,86.62088775634766,87.14673492427637,83.17899957752017,83.56143321834878,26331826,3047,58.710809804417316
2023-02-01,85.09117889404297,88.34185460279107,82.98780435596179,87.29016733375047,25911790,13703,65.67781430827128
2023-02-02,85.09117889404297,86.2862797212065,83.80047145956968,84.94776533592002,22866118,16586,71.18721452655907
2023-02-03,82.17512512207031,85.76042739256755,81.64928516565374,85.52140724120108,21487839,4528,53.64251488400207
2023-02-06,80.74099731445312,82.89217849293037,80.40637058999755,82.60535871238939,15025899,3358,69.4307351688
2023-02-07,78.8288345336914,80.74099553918364,77.87275403094529,80.74099553918364,19123174,5702,56.265404718277146
2023-02-08,80.83660888671875,81.07562901081394,78.68542776986206,78.82883400886692,17280945,8456,71.96106261114701
2023-02-09,81.60147094726562,82.74877194819416,80.11955051741673,80.98001715021877,13368881,12029,55.635505290183275
2023-02-10,80.83660888671875,81.36244878313897,80.07174157188803,81.2190352498188,8282686,10069,55.296576300692394
2023-02-13,79.68931579589844,81.50587037754565,79.35468904793301,80.78880993434144,11254227,13888,60.387391438664224
2023-02-14,80.50196838378906,80.78879542729233,78.44640131783636,79.97612852978605,19252645,9818,63.128657637656204
2023-02-15,80.45417785644531,81.6014715718397,79.92833064853882,80.31076431844212,12266197,12366,71.90878351971341
2023-02-16,82.0317153930664,82.17512164236084,80.64539419725496,81.26684802335555,10475328,5943,45.41256371544674
2023-02-17,82.36634063720703,83.80046145865236,81.55367363058448,81.69707987727645,21525591,13015,58.03860683704899
2023-02-20,82.2707290649414,82.79656895774177,81.17123504280936,82.22292212272535,12315939,6914,66.16768318829511
2023-02-21,83.32242584228516,83.7526591950411,82.3663452412132,82.70097199272516,14079807,5408,61.72755528781802
2023-02-22,80.83660888671875,83.27460977590049,80.31076169598322,83.17900318512547,19537168,11396,78.36427662491343
2023-02-23,81.1712417602539,82.50975601560644,80.5019809854197,81.26684835828283,24771081,17048,69.96257385468394
2023-02-24,79.306884765625,81.93610647905739,79.11567155873824,81.60147971984743,19305545,16722,47.762398658605946
2023-02-27,79.35468292236328,79.73711658808114,77.53812848094006,79.06785584949603,16861726,6918,75.67296449222977
2023-02-28,79.11566925048828,79.92833629752133,78.20739560280124,79.45029599993529,14683471,4009,67.71835650676255
2023-03-01,81.50586700439453,81.74488714223733,79.35468576380934,79.35468576380934,13629694,16968,71.91358066822811
2023-03-02,82.50975036621094,82.65315660627745,81.21903585108942,81.3624493854713,13107291,8813,49.16880255103437
2023-03-03,83.94387817382812,84.23069797237328,82.27073715220878,83.03559724264518,14681544,8345,53.87069733485666
2023-03-06,83.60924530029297,84.3263057481319,82.9399918000364,83.84826544957261,15255919,16666,57.66676081946077
2023-03-08,83.56143188476562,83.94386551949086,81.98389770047085,82.46193792029867,10100796,10385,68.83973040708727
2023-03-09,83.89606475830078,85.09116539588341,83.65704463078426,83.70485157401372,12585135,9244,72.6677177490613
2023-03-10,84.2306900024414,84.32629659291014,82.60535608152715,82.98778973771735,10662815,3249,53.049320287573956
2023-03-13,83.1312026977539,85.42579752610705,82.8921825550987,84.46971695548623,14288810,5728,50.976149831309364
2023-03-14,82.98779296875,84.03948009348281,81.98390549395494,83.27461275132319,10616254,16590,45.74478957808284
2023-03-15,83.80046844482422,84.70874212306647,83.37022778593344,83.70486184095392,13398597,11182,57.25232115876053
2023-03-16,81.55368041992188,83.4658416743696,80.35857963589206,83.03560101552908,20684933,11718,61.0142383985205
2023-03-17,84.75654602050781,85.1389797165358,82.03171778957196,82.22293099042793,26577314,9794,64.85493820300773
2023-03-20,82.79657745361328,84.75654557654265,81.69708331866062,84.75654557654265,14909136,4756,75.49827931086456
2023-03-21,83.22681427001953,83.70485454200283,82.46194691711997,83.22681427001953,9170696,6832,69.33246489900596
2023-03-22,81.31464385986328,83.41801789772468,80.6931901186677,83.32241131315186,19851740,10142,73.674113286091
2023-03-23,82.07951354980469,82.8921805563739,80.50197918745522,81.12343300223722,17338653,9374,71.14162094968628
2023-03-24,79.6611328125,82.27297770914645,79.322562375976,82.27297770914645,20599895,17623,65.41498624177349
2023-03-27,78.5486831665039,80.19317979173788,78.2584830893089,79.41929815865339,11701170,13860,63.17654459185144
2023-03-28,78.1617660522461,79.17747760495628,78.01666229320642,78.59706994908134,11090113,11931,58.37909297430818
2023-03-29,79.8546142578125,80.24154771787805,77.96828042872086,78.16175453903631,13616947,5757,66.37063625264514
2023-03-31,79.99971771240234,81.54748121110573,75.06624185606445,80.72522908481331,20583852,15161,60.54395147715107
2023-04-03,81.06379699707031,81.5958341765945,80.58012280825791,81.11215998778209,7075382,16188,73.54766404838912
2023-04-05,79.80624389648438,80.72522193469446,79.41930305608125,80.48338483197784,8559285,13260,66.68267369720783
2023-04-06,79.41930389404297,79.95134847774627,78.64542958535415,79.61277800642723,9141521,3179,71.54592757068728
2023-04-10,79.75787353515625,80.48338484340915,79.56440680506854,79.80624390781952,7342069,5622,66.5172024074006
2023-04-11,79.75787353515625,80.33828848598472,79.03236222690335,80.28991811332145,18451727,6694,51.962786566983326
2023-04-12,79.99971771240234,80.6768660881559,79.70951759160795,80.28992521348006,13125615,10006,50.18378550938719
2023-04-13,78.88726806640625,80.28992034931119,78.50032721517226,79.95134987208753,12468154,16991,78.1712630383159
2023-04-17,79.61277770996094,79.80624444134202,78.98399976254836,79.17746649392943,6426817,5631,59.21086261095266
2023-04-18,79.61277770996094,80.28991865007741,79.32257023260661,79.95134818001918,6301411,7420,47.77217294076139
2023-04-19,79.95134735107422,81.40236996223607,79.61277688452633,79.6611398767288,12688176,3982,64.65102398252944
2023-04-20,80.48338317871094,80.91869438282842,79.70950889408407,79.80624225712711,6865529,9188,78.13374779643007
2023-04-21,78.93563079833984,80.67686093297644,78.11338610487145,80.43502382429263,16876304,14113,71.09238107563118
2023-04-24,79.32257080078125,79.61277828021429,78.21011863666496,78.54868910914831,7946999,15490,58.446404530631376
2023-04-25,79.27420043945312,79.90297839146476,79.03236333331655,79.1291040799974,7788276,9805,49.73220539480588
2023-04-26,78.5486831665039,79.12909808145838,78.21011271963528,79.12909808145838,9901624,9837,74.8199953922551
2023-04-27,79.0323715209961,79.22584565411876,78.3068601274241,78.59706763696632,8977490,14658,57.04042648846578
2023-04-28,80.09646606445312,80.19319944722766,79.22585085891437,79.32258424168889,11438678,5955,75.50771207294143
2023-05-02,81.83768463134766,82.41809227662004,80.28992845052676,80.28992845052676,20210134,15223,68.05842809810271
2023-05-03,82.36972045898438,82.65992056040808,81.25726828615309,82.36972045898438,14993568,10030,54.2662233419956
2023-05-04,82.90174865722656,83.77236362743005,82.22460778055832,82.36971150563923,13452219,5558,76.71418502371779
2023-05-05,79.99971771240234,82.95013357898692,79.80625096520609,82.9017632020462,16749470,9180,68.57069550173831
2023-05-08,81.54747009277344,81.69256644324626,80.24154389625942,80.62848471817904,14678832,4180,75.68336186171999
2023-05-09,81.45073699951172,82.36972246038988,80.91869977716617,81.45073699951172,13523848,4979,47.58671600099205
2023-05-10,81.20890045166016,81.69257468277256,79.90298150371326,81.49910794244083,13487783,5348,48.244736689189146
2023-05-11,81.35400390625,81.54747802617322,80.6768629372263,81.16053716660981,8109668,14355,62.91969851943291
2023-05-12,80.33828735351562,81.01542827956011,79.75787241086884,80.77359118021813,12358464,14762,45.092189536908265
2023-05-15,81.49910736083984,81.69257409979095,79.51604007531748,80.3382921665672,7462528,5782,54.90836009917986
2023-05-16,81.30564880371094,82.17625659688355,80.91870790658768,81.74095270029724,7376841,11562,69.75935288011891
2023-05-17,80.09646606445312,81.06381465276641,79.61279177029648,81.06381465276641,13496921,14660,64.95070928322377
2023-05-18,79.80624389648438,80.96705903741108,79.56440679376776,80.48338483197784,8234890,6835,78.60594165331963
2023-05-19,79.46768188476562,80.24155626763593,78.30685924003498,79.8062523885391,13720610,17901,77.93087067576798
2023-05-22,79.3709487915039,79.66114891850526,78.93563753057664,79.46768216717102,6918411,7559,56.656649377646886
2023-05-23,79.90298461914062,80.43502924622199,79.12911024735716,79.56441412021765,9357512,5662,62.660082743139
2023-05-24,79.80624389648438,80.33828847457401,79.1291029609909,79.41930305608125,7904196,17678,66.21280481128615
2023-05-25,79.56441497802734,80.04808923321292,78.98400734786134,79.90298548060056,9575601,16538,60.15208464484918
2023-05-26,79.41930389404297,79.99971147063026,77.82317752321585,78.21011836770163,26673130,16861,63.13962269739756
2023-05-29,81.54747009277344,82.07950726516589,79.37093627229318,79.70950672386698,20634118,5908,63.24879887534823
2023-05-30,80.48338317871094,81.78930941078085,80.28991645262485,81.64420567607502,11048903,6080,61.59995794798732
2023-05-31,79.80624389648438,80.38665146694773,79.41930305608125,79.9997106265446,12966397,7877,78.63324421455229
2023-06-01,79.51604461669922,80.24155599962634,79.12911111669817,79.80625212198343,22911903,7620,58.179441510735636
2023-06-02,80.87032318115234,81.16053064758545,79.85461180920137,79.95134517125159,12665361,7384,57.622975595447016
2023-06-05,80.9670639038086,81.45073813831232,80.38665629846076,81.16053802577996,11749146,15380,53.81113706673485
2023-06-06,80.48338317871094,81.20889447195755,80.14481271791902,81.16053148057729,9032643,15851,58.20204822506102
2023-06-07,81.9827880859375,82.22462521893436,80.43503191081429,80.67686904381115,18300344,17616,58.25791191412082
2023-06-08,81.30564880371094,82.99850877087685,81.16054504475424,82.17625659688355,17361553,5682,75.55588730784181
2023-06-09,80.19319152832031,81.4507401407769,79.70951728192549,81.4507401407769,15482610,8104,70.67465229335212
2023-06-12,80.82196807861328,81.54747943522459,80.28992346498505,80.72522732683858,10006837,12534,52.667671661860794
2023-06-13,81.35400390625,82.17624862014536,81.01543342173815,81.01543342173815,14147667,3219,62.79519108379685
2023-06-14,81.9827880859375,82.95013661792497,81.49911381994377,81.9344177072247,20418160,16356,54.636445520921114
2023-06-15,82.0311508178711,82.41808429037003,81.16053574418265,82.07951381179201,12731420,10583,71.18158267628503
2023-06-16,82.36972045898438,82.80502430126134,81.93440923642457,82.46645382612562,11501358,14724,76.36905950287785
2023-06-19,83.09523010253906,83.62726730119792,82.41808178567868,82.80502262670137,16961035,3436,69.69867575293787
2023-06-20,83.19197082519531,84.2076897001744,82.56319282545984,82.95013370070346,18507799,13237,46.45959348800239
2023-06-21,83.04686737060547,83.62727499539908,82.22462262045757,83.24034149905891,12679704,9926,48.6083552765772
2023-06-22,82.36972045898438,83.28869851725035,81.7409425021421,82.85339467497339,10984829,9213,70.69316706642121
2023-06-23,81.64421081542969,82.56318889261038,81.06380322035331,81.78931455926953,10873933,14376,46.51907476954725
2023-06-26,81.69256591796875,81.98277337761303,80.67685456977831,81.35399546857194,9941493,12614,61.31096903567982
2023-06-27,82.224609375,82.80501690629652,81.49909811580883,81.78930557159816,10320705,9695,70.19917415215892
2023-06-28,82.41808319091797,83.24033525971672,82.32134982408365,82.85339441209662,11545483,8385,73.20496086083303
2023-06-30,82.70829772949219,82.95013485735619,82.12789009867524,82.61156435440327,10543357,10457,77.75289967286773
2023-07-03,84.64299011230469,85.36850145612445,82.80502656523804,83.09523405487916,21458900,16068,76.19107574094951
2023-07-04,84.40115356445312,85.61033914560575,84.06258307778701,84.98156116734977,14758818,10304,60.15337890356144
2023-07-05,85.1750259399414,85.80379646890228,84.7397147503351,84.83644811015351,12358194,11601,72.3912801244517
2023-07-06,84.93319702148438,85.368500872688,84.15931530791904,85.0299303906093,9906211,16313,71.18864436780555
2023-07-07,83.9658432006836,85.22339167946272,83.38542826248128,84.54625075860339,10250502,6640,69.46983904413725
2023-07-10,87.10972595214844,87.64176314141388,84.06257703078252,84.15931039425965,35951620,15885,58.32584606986453
2023-07-11,87.06136322021484,87.64177083229298,86.57768898010254,87.64177083229298,17114253,5286,78.67549787404744
2023-07-12,86.67442321777344,87.78687545719957,86.33585272236982,87.06136408978469,10421729,3205,53.61441620725685
2023-07-13,86.91625213623047,88.41564510614032,86.43257793694117,88.02870427065237,17704740,9673,75.9139553792268
2023-07-14,88.27054595947266,88.75422018390812,87.06136039838398,87.64176799164996,13245628,10814,56.2689699572796
2023-07-17,88.60912322998047,89.43136799846668,88.17381934674762,88.60912322998047,16244703,10967,66.03696231828016
2023-07-18,87.35157775878906,88.94769697561424,86.81953309965813,88.65749683632048,8317264,6351,75.5517033249523
2023-07-19,87.83524322509766,88.17381371044571,87.3031986193485,87.83524322509766,6640273,15890,60.88348706531528
2023-07-20,86.9646224975586,88.2705413594223,86.81951876173316,87.98033388777144,9799742,11863,58.97236767460512
2023-07-21,87.20646667480469,88.27054852341386,86.19074782187406,86.77115543199876,14106972,12795,49.79330413507604
2023-07-24,86.9646224975586,87.4482966967883,86.28747419046745,87.30319296096287,8631435,15154,63.475031536770786
2023-07-25,89.23789978027344,89.72157403382505,86.81952851251535,87.06136563929115,25710455,12690,47.81870168989992
2023-07-26,89.18952941894531,90.1568779262236,88.99606266960302,89.8183074247329,9021181,12321,51.920958332846645
2023-07-27,89.47972869873047,90.3503437513152,89.09278785532806,89.76993617635296,8458483,14422,74.18420322785454
2023-07-28,89.67320251464844,90.15687676204197,88.75422439671405,89.3830023943823,9734958,15235,77.80654379989235
2023-07-31,91.51116180419922,91.99483602872488,90.01177613633944,90.15687249947077,21053644,11968,61.91986336512984
2023-08-01,92.47850799560547,93.01055258170827,91.70463368342651,92.18830789614441,13110258,10621,62.09664195710823
2023-08-02,89.91503143310547,92.23666908478894,89.18952012822206,92.23666908478894,18295129,6162,74.8567221169981
2023-08-03,89.86666870117188,90.15686879579597,88.99605365673425,89.6248315988438,9432214,12837,47.546100290229
2023-08-04,90.93075561523438,91.17259273123234,90.06014052158508,90.73728887454924,7594563,13083,46.49579140385838
2023-08-07,90.9791259765625,91.41442983317869,90.15687387806935,91.41442983317869,7753436,11190,49.44447704227129
2023-08-08,89.57646179199219,91.12421778061035,89.14115795716552,90.97912142252328,10695875,5382,67.64309709680523
2023-08-09,89.91503143310547,90.30197227176649,87.98033462008301,89.7699350763549,13978237,5359,61.98321962835144
2023-08-10,89.86666870117188,90.88238010278022,89.28626113164101,89.47972786139042,10588532,3332,49.80338441866079
2023-08-11,88.12543487548828,89.38299070638287,87.39992359926809,88.31890897731641,19474269,5661,52.54268138282879
2023-08-14,84.25605010986328,88.07708098768164,83.82074625125708,88.02871061215512,23189557,16058,69.80572290908944
2023-08-16,82.12788391113281,84.5946180013311,81.98278016928988,84.25604752388618,28322838,15939,68.48419263452942
2023-08-17,82.12788391113281,83.1919657175095,81.83767642744695,82.27298765297574,12271217,12129,60.94223562279884
2023-08-18,81.59583282470703,82.70828491660082,81.160529014101,82.27298110599479,9315437,9350,74.59977932014273
2023-08-21,83.24034118652344,83.43380793396713,81.25727381395059,81.64421468912131,11090878,10434,68.1945956282353
2023-08-22,82.90174865722656,83.86909698405667,82.65991157551903,83.86909698405667,8750174,4707,65.67257965838951
2023-08-23,83.24034118652344,84.30442305803041,82.99850406207716,83.53054130768898,11386589,3210,65.68906251305157
2023-08-24,83.72401428222656,85.56197049847617,83.48217716111128,84.06258477573132,21699641,5357,67.35006697663107
2023-08-25,82.8533935546875,83.67563823469443,82.51482308412967,83.3370677641366,7514441,14623,49.21027283944195
2023-08-28,84.11094665527344,84.30442077776738,82.99850181713659,83.19196855934739,7685360,3057,59.819801641620536
2023-08-29,85.56196594238281,85.707069683382,84.40115077495503,84.83645461766973,11995479,6803,69.83675109656959
2023-08-30,88.4156494140625,88.60911615109157,85.9005449312699,86.09401166829898,24500533,3924,77.67438687504354
2023-08-31,87.7385025024414,89.09279182454407,87.49666538707604,88.8509547091787,11300175,6783,68.45698665895986
2023-09-01,93.78443145751953,94.31647606951209,87.88360725127848,88.27054811633823,52388079,13381,50.03090174885727
2023-09-04,99.39505767822266,100.26567279817615,94.50994483535484,94.55831521212909,65068908,12561,59.64869313481455
2023-09-05,98.42770385742188,99.87872651871065,96.58974034373284,99.78199315068132,30394405,4122,49.896122316038806
2023-09-06,96.05770111083984,99.0081093652897,95.1870860563054,98.42770178902765,25576766,15617,76.62239856284188
2023-09-07,96.2995376586914,97.26688607362439,94.26810008310598,95.86422644380194,20324016,4876,73.58136106452339
2023-09-08,95.67076110839844,97.12178375196277,94.80014604620327,96.73484290428905,21381211,11917,71.44794180130287
2023-09-11,96.68647003173828,97.31524797042115,95.57402527131777,96.25116620203309,16085094,13552,53.61200615749053
2023-09-12,90.68891143798828,98.71790601607785,90.06013350929506,97.70218725585937,28381920,10651,50.574087769554595
2023-09-13,92.8654556274414,93.73607075000533,90.64055113425395,91.36606250634334,20853496,14919,51.39813753204967
2023-09-14,95.42891693115234,96.2027911888834,93.1556497673763,93.5425832061007,24393971,14947,59.07414295352916
2023-09-15,93.20402526855469,97.02505622128317,92.43015090694063,95.96096698110355,31058038,9395,71.27828183377684
2023-09-18,93.73606872558594,94.75178019640474,93.15566111650617,93.20402411209763,20929184,9495,73.3112729632969
2023-09-20,92.71508026123047,94.7570470173122,91.93719204958924,93.78468118883876,15206482,4149,55.724028416478504
2023-09-21,91.74271392822266,93.4443541186931,91.49962247244116,92.86093610853001,12585171,11541,56.16002852851679
2023-09-22,90.6244888305664,92.47198531874434,90.33278354415658,91.88856732736244,11754217,16558,47.98075043471076
2023-09-25,90.52725219726562,91.3537616225632,89.79797786578621,90.9161999911004,11187855,16057,66.15248606010675
2023-09-26,90.91620635986328,92.18028492373564,90.2841670779271,90.91620635986328,10817622,14922,45.832864192416494
2023-09-27,90.3327865600586,91.01343966963512,89.79798238927525,90.91620457091884,8375033,15746,63.32748848785741
2023-09-28,89.26318359375,91.35376413326395,88.72837943520874,90.43001958876069,12288222,5016,58.93979306313172
2023-09-29,91.25653076171875,91.88857002869742,90.43002129808318,90.47864255652864,11588721,17672,58.40239838445961
2023-10-03,89.16593933105469,91.40238359931384,88.87423404730058,91.40238359931384,15548573,9498,75.26042923867374
2023-10-04,86.78364562988281,88.38805064624854,86.44331909151727,87.85324650127258,17453762,4456,73.07521582337768
2023-10-05,86.20023345947266,87.61016096429636,86.0543770993206,87.17259930240283,9372979,8250,55.598550470615535
2023-10-06,86.39470672607422,87.8046416994876,86.24885036074691,87.12398113414783,12869247,16950,58.95302105120609
2023-10-09,83.96378326416016,85.81127972205854,83.62345672631201,85.56818827808671,12795052,4108,73.3016573152906
2023-10-10,86.34608459472656,86.63778987881662,84.10964032389184,84.49858812124077,12762654,12541,70.57546652682626
2023-10-11,86.15160369873047,87.1725907004844,85.9571335167592,86.73502166320618,15503178,7883,49.80549004975502
2023-10-12,86.8808822631836,87.95048315352358,86.44332062304159,86.78364716743674,12154040,5523,62.88950247436826
2023-10-13,86.44332122802734,87.36706577193087,85.7626607159111,86.29746487410512,11546230,8654,52.880153219321386
2023-10-16,86.73502349853516,87.02673619622666,85.95713533562791,86.54055331244886,10487993,16709,50.63854405754982
2023-10-17,87.02674102783203,88.09634194781356,86.78364957244703,87.22121122471505,10121691,9528,52.588066351335094
2023-10-18,85.3250961303711,87.90186689893233,85.03338343258602,87.12397131721352,15854654,5305,76.1047217273586
2023-10-19,86.05437469482422,86.2488448905514,84.40135577545597,84.9361525229869,8686749,4434,70.50418174689085
2023-10-20,84.49859619140625,86.39470668405016,84.15826961818335,85.51957591107492,11025391,9765,56.438016798268855
2023-10-23,81.04669189453125,84.44997236032432,80.70636533166447,84.30411599950638,16394075,14782,78.93801598857738
2023-10-25,81.82459259033203,82.99142871177122,80.80360542015039,81.67873622051135,14344290,10475,57.67637946462061
2023-10-26,80.94945526123047,81.38701691683913,79.53952777665808,81.1925467184714,11702863,13410,47.588889724599696
2023-10-27,81.63011169433594,82.16491588944385,81.09531491779087,81.67873295518677,7823423,13494,46.633822132303365
2023-10-30,81.53287506103516,82.3107707086725,81.09531339584083,82.11629308748181,10725366,15205,48.04683131623322
2023-10-31,81.53287506103516,82.60247601261447,81.38701869978281,82.11629308748181,9635615,11958,56.00793618135808
2023-11-01,80.609130859375,81.82458817806715,80.3174181354638,81.67873181611154,6612710,7423,64.63390221252433
2023-11-02,82.69971466064453,83.0400412085914,81.04668834144748,81.58149250147994,11759902,8574,52.96029944253097
2023-11-03,82.5538558959961,83.47760041610563,82.26214319566564,83.42898657842531,7685817,5215,70.45200041794862
2023-11-06,84.44996643066406,85.08200567078806,82.89418266782494,83.62345700214598,11705948,9948,51.68916911502035
2023-11-07,82.94281005859375,83.6234631868758,82.06767930897205,83.5748419269002,17638494,9270,46.69622083133373
2023-11-08,83.57484436035156,84.15826982279546,82.60247848102897,83.33175289052092,18334392,12345,69.86953513796593
2023-11-09,84.74168395996094,85.08201051832171,83.62346176657906,83.72069686631605,14898986,13080,72.92551014812301
2023-11-10,85.6654281616211,86.20023233568554,84.20687941624084,84.74168359030529,14776717,15929,61.961414379816624
2023-11-13,85.76266479492188,87.17259972514569,85.13063292880234,86.83227316218225,20080996,10600,67.49169802572752
2023-11-15,85.95714569091797,87.26983815154618,85.81128932450085,86.97812541871194,16145878,14333,75.85929105800447
2023-11-16,85.56819152832031,86.29746588793668,85.37372133318092,86.20023079036699,9828235,8081,64.39979431119345
2023-11-17,86.83226776123047,87.07535920802164,85.66542436549553,85.95713706906982,15173874,16725,49.476088005723724
2023-11-20,87.85325622558594,88.97147847704278,87.07536796872772,87.22121691662659,30213668,13555,73.10148150217748
2023-11-21,88.14496612548828,88.97147561745703,87.99910976371433,88.33943632881173,13384773,7197,53.167974452892494
2023-11-22,86.78364562988281,88.48528574027267,86.2974627412,88.48528574027267,11701214,6714,75.07935103996803
2023-11-23,87.3670654296875,87.80463448974007,85.71404654121058,87.0267388842437,13092010,12499,77.30149294627638
2023-11-24,86.73502349853516,88.14495831262802,86.54055331244886,87.12397128926982,9598262,17990,47.027777345304905
2023-11-28,88.4366683959961,88.87423746630388,86.92950582554697,87.07536218231623,19252753,6106,77.25180636618776
2023-11-29,88.67976379394531,89.65212965755683,88.38805848599954,88.97147652045389,22993584,4085,75.6688532052627
2023-11-30,89.7493667602539,89.94383695381018,88.14496169844644,88.97147114890412,26327767,12797,52.92656038620028
2023-12-01,90.57588195800781,91.59686166680581,89.65212993359496,90.43002559430444,28208739,8603,45.9126042251759
2023-12-04,91.40238952636719,92.86093829540496,91.20791932458722,92.32613411266604,30750546,4934,62.66142619973745
2023-12-05,93.1040267944336,94.17362770731512,90.81896861269523,91.49962171583009,34837108,14404,71.90885241540096
2023-12-06,96.60454559326172,98.30618582863872,92.86093855914486,93.93053950909787,74817529,10779,64.38193502370399
2023-12-07,96.2155990600586,97.57691275032474,95.43771082173707,97.04211597745922,22413672,17024,71.95851665780583
2023-12-08,95.38908386230469,97.57690692069957,93.63882986672618,96.41007092364724,25014086,13001,58.17975461473685
2023-12-11,98.01448059082031,98.16032953338593,95.04876178260798,95.3890883461989,29721883,6422,57.394432085966315
2023-12-12,97.23658752441406,99.66750221252441,96.26422164916993,98.40342360728188,40788275,16153,50.07650579508427
2023-12-13,100.39677429199219,100.78572211678751,97.77138945710851,97.91723840016438,42797594,13484,52.278281444870714
2023-12-14,107.88397979736328,109.1480582726225,102.195641495821,102.195641495821,177834487,10665,67.91894441967737
2023-12-15,108.37017822265625,110.21767494424377,106.37683254871864,108.17570800714732,69403738,6132,48.282313732593906
2023-12-18,112.25962829589844,113.912654601931,107.68951201743664,108.90496926368311,78649010,3904,48.22129564792507
2023-12-19,107.9812240600586,113.3292359106618,107.15470720284284,112.25962760569135,35413677,3553,48.81629347982578
2023-12-20,100.8343276977539,109.82871109845694,99.81334808718975,109.24529311833997,41617472,7217,56.727601297316184
2023-12-21,105.98788452148438,106.86301532693403,99.3271795008652,100.98019858560987,52112170,14974,58.37023204769076
2023-12-22,109.6342544555664,110.36352887544822,106.4740653027452,107.44643119592097,56223938,11267,52.71327377648605
2023-12-26,110.41213989257812,111.7248322428503,108.22431683593705,110.50937498916082,37093574,16225,58.85528288032642
2023-12-27,112.25962829589844,114.93363423764065,111.82206665467463,111.96792300793666,87756029,15496,58.80156750665717
2023-12-28,119.45513916015625,120.42750497736316,112.89166989400961,113.18338260659667,112886813,14952,51.67121855906267
2023-12-29,120.2330322265625,122.27499891559557,117.5104050288102,119.89270568148403,65438649,5183,69.18641533961207
2024-01-01,121.25401306152344,123.3932222862269,119.26066761001975,120.23303341618615,37525817,15062,50.145577046937795
2024-01-02,119.60099792480469,121.2054030392158,116.92699187364035,121.2054030392158,38718627,9640,48.339777323024194
2024-01-03,115.80876922607422,119.30928474114619,115.41982140916343,119.01757944238503,30459539,6904,72.57439416083017
2024-01-04,115.37120819091797,117.3645537081729,114.98226037190935,115.95462621014958,21439561,8013,78.10899761040375
2024-01-05,113.71818542480469,117.41317869484183,112.50272808841916,116.1977213584563,22784093,17867,63.19486134056446
2024-01-08,111.14141845703125,114.35022127724714,110.84970573766498,113.8640383573451,21830246,14539,76.78217858935876
2024-01-09,111.04417419433594,113.37785365692959,110.60661254072073,112.01654001886975,16993314,15531,66.22251548049516
2024-01-10,111.87068939208984,112.45410739429478,109.09944089913219,110.8497023243094,20963866,4116,57.967057476202484
2024-01-11,110.363525390625,113.32924423859114,109.87734245938876,112.74581878625742,16565652,4422,68.98814780051184
2024-01-12,111.72483825683594,113.13476577958515,110.50938093772015,110.84970750336002,19498240,13142,69.25999785777125
2024-01-15,111.48173522949219,113.08614020801956,110.65522582193626,112.79442751426477,16054366,7977,60.229736002126685
2024-01-16,116.246337890625,116.63527828759663,110.84970456917439,111.87069165763127,63560474,15521,49.724150507032896
2024-01-17,109.97457122802734,114.59330880875912,109.3911532278579,114.59330880875912,59898451,17698,49.94980609645628
2024-01-18,109.92595672607422,110.89832252668147,104.52932356527907,109.9745705649672,39166751,10233,48.20806959322935
2024-01-19,110.94693756103516,111.67621191934857,110.36351955809691,111.14141517438951,14431734,11992,67.02403672312613
2024-01-23,105.79340362548828,111.72483361249442,105.01550800616579,111.72483361249442,29014770,11446,77.9782910234223
2024-01-24,111.87068939208984,112.30825103910296,105.98787327499758,106.81438272966813,37267385,3463,56.16886560457851
2024-01-25,115.80876922607422,116.63527870040804,110.8497049615087,112.69720152791304,62850007,5164,54.61441677263284
2024-01-29,117.1214599609375,118.288303395172,114.73916667120609,117.17008121932486,45734036,4858,57.292206511128825
2024-01-30,117.8507308959961,121.39986751668451,117.31593416210967,118.33691379147226,54176726,4952,62.505425408405245
2024-01-31,119.11481475830078,120.86507622829677,117.3645532883048,118.14244892353915,28514173,17277,75.62736990834517
2024-02-01,116.00325012207031,120.08718376863942,115.4198246709352,120.08718376863942,23393545,14521,67.01786935843003
2024-02-02,124.75454711914062,126.06723217325482,116.48943702335278,117.17009018146304,115557246,11795,67.891419470308
2024-02-05,131.56109619140625,134.57542128022044,126.4075544650227,126.4075544650227,130644925,15012,49.81863725276381
2024-02-06,141.47923278808594,142.6460688539646,130.102555180799,133.4572144341223,121450085,11431,51.23514146854648
2024-02-07,139.48587036132812,145.85486928764695,138.70797475770243,144.29907808039556,100793018,15467,46.28003497473105
2024-02-08,135.2074737548828,141.86817089283838,134.18648664990414,140.2637731829614,34821242,6088,62.20871367574138
2024-02-09,129.95668029785156,135.74226854678463,125.8727469975821,135.40193458962705,53110476,13249,60.92046711598577
2024-02-12,119.35790252685547,132.24174943912297,117.65626236863146,130.54010928089895,54452795,3613,58.83535229148946
2024-02-13,114.59330749511719,118.28830048476996,113.08614496350373,116.73251669596543,65167883,11820,45.2432136120276
2024-02-14,119.55237579345703,120.28165016572756,112.79443624450847,113.86403717345941,44986596,14357,60.51363827977852
2024-02-15,122.27500915527344,123.39323139865651,119.84409446033759,120.57336886881835,41215523,13494,77.47180208667324
2024-02-16,123.92802429199219,127.76886642205396,123.490462628058,123.58769772909197,52165364,15216,72.54969329585835
2024-02-19,124.75454711914062,126.7965065934714,122.32363238508538,125.04625985465248,29556961,11626,50.6021342122408
2024-02-20,127.7435531616211,128.7725456063444,123.77453316989131,126.42054151315205,35081976,8862,50.21860260997007
2024-02-21,127.59654998779297,131.51656697638063,126.42054788195229,128.03754890827346,78653013,15716,57.364303221387914
2024-02-22,126.71455383300781,129.5565602060809,123.1375367879548,128.87056021468513,59343469,12258,49.86287973474511
2024-02-23,125.44054412841797,128.67456114746437,124.55853880714722,127.79254834935455,23535334,8597,47.508796943820826
2024-02-26,121.71652221679688,125.44054127668399,121.2755233046066,125.44054127668399,23550719,11376,45.6046790993507
2024-02-27,122.8435287475586,123.77453725225611,121.7165223875768,122.0105266473421,17548565,13788,45.4722182642572
2024-02-28,119.31551361083984,124.16653150202347,118.7275125750659,122.99052943047558,22958071,11180,66.64962238233863
2024-02-29,118.7765121459961,121.32452917825533,118.04150895826879,118.92351427890937,48476583,16248,49.49107360700159
2024-03-01,130.34056091308594,133.0355725109129,120.5405187391697,120.5405187391697,140528760,11734,65.68533839225992
2024-03-04,138.8175811767578,142.10060104442726,130.3405513028195,135.4365698667809,122158785,9501,61.741042946814176
2024-03-05,137.44558715820312,139.79759122435925,135.97558087843623,138.47459454477536,46101452,11148,55.449638817548
2024-03-06,136.26959228515625,139.1606017965317,130.53656151136315,137.00459546365906,60977883,12283,74.71777756605962
2024-03-07,136.1715850830078,140.38560627249902,135.58359151585327,136.7105904014912,69331029,9161,55.554438996132205
2024-03-11,131.6145782470703,137.78860822302502,130.83057182964012,136.95559860069068,36011903,12399,54.24415657637138
2024-03-12,127.15554809570312,132.59457453099475,125.9305428153977,131.8595713628115,33809481,7715,67.37044870685061
2024-03-13,116.32649993896484,127.84154972349711,115.00349571440766,127.40055080759105,54001247,14177,75.05106840748086
2024-03-14,119.07051849365234,121.03052702852727,116.22850462271585,116.71850675643458,34792279,9750,47.687672713428405
2024-03-15,119.26651000976562,121.91252587714543,116.17950271308072,118.67850897596082,38312218,6487,51.615982377488336
2024-03-18,123.43153381347656,124.06853807917182,119.02151463428677,119.56051996914563,31290052,5920,72.34738472765139
2024-03-19,120.09951782226562,124.95053562643895,119.60951572176978,124.2155324756952,26647871,6885,52.726123819894994
2024-03-20,121.17752838134766,123.08853369977221,117.6495145367274,121.12852517755661,23242684,3274,68.23445287807334
2024-03-21,126.42054748535156,129.4585666234475,124.46053899720658,124.80353898726415,82318813,15520,75.89204502239403
2024-03-22,127.40055084228516,129.45856572197786,123.67653175000585,125.34254343943142,35650313,4957,51.303541033730674
2024-03-26,127.98855590820312,129.85055792719757,125.78354643396769,126.42054318949802,27547560,5243,55.84344311562978
2024-03-27,130.97755432128906,132.2025595616815,128.380549193128,128.380549193128,34505131,15648,50.041829627243374
2024-03-28,131.56556701660156,133.96657437365502,130.4875563891844,132.10457233031016,32144564,14301,78.17582356950888
2024-04-01,137.93560791015625,138.37660686300526,132.88859164837885,132.88859164837885,44340181,8135,53.75096072368848
2024-04-02,144.8936309814453,147.6376308548232,136.75959290447517,137.93559498644822,109998430,11151,66.62906253122226
2024-04-03,145.2366180419922,150.23464539503468,143.32561286124437,144.06061600412255,84535270,8225,76.38091539219027
2024-04-04,143.0316162109375,147.00063638404225,140.87560986804047,146.70663212053856,39242074,14265,62.79760079283486
2024-04-05,143.276611328125,144.5506197813401,140.14060087275683,142.0026028749099,27927587,14114,58.46785299845027
2024-04-08,143.37461853027344,145.4326183935627,142.3946143228945,144.3546227376524,17159687,13634,50.589338205038196
2024-04-09,148.3236541748047,150.3816541963603,141.9046231320945,144.01162635852307,73641695,6159,55.27131030218639
2024-04-10,149.98965454101562,152.390661980193,149.49965241246196,149.9406513374246,60992105,7953,53.24781282880962
2024-04-12,152.24366760253906,153.46867292617173,148.47064522427914,150.08764627000295,73596074,8771,45.832332797173926
2024-04-15,148.02964782714844,154.25266596325798,143.5706254123434,149.84264675263992,89754583,5700,46.07236604139394
2024-04-16,146.31463623046875,149.4016436093804,145.4326234410097,146.51063408801141,30401301,6613,49.47102785908568
2024-04-18,141.9046173095703,148.56864914953297,141.120610924808,147.00063638000833,31187482,10716,63.16463429359018
2024-04-19,143.12962341308594,144.55062658196968,137.98460111101582,140.042601059637,34742999,17996,72.86732254209367
2024-04-22,145.43263244628906,148.07865602483162,144.15863881653618,145.28563778244956,27095176,4574,69.19401142702274
2024-04-23,149.20565795898438,149.8916579933473,145.43263533946939,146.70664394824584,39973475,4816,56.74705616281344
2024-04-24,161.35768127441406,162.63168969140304,148.51963556668042,150.0386450271797,176471110,17120,60.94397446876937
2024-04-25,161.6516876220703,163.90570024244778,159.05468250851882,161.50469297552104,59808767,10737,71.44830677755341
2024-04-26,165.17971801757812,167.0907232991792,160.37768825847408,162.09269568236596,91168616,11866,70.32581316484416
2024-04-29,161.50469970703125,166.79671655485623,161.06370079532547,166.50271229582646,30478737,8701,61.056726254871094
2024-04-30,160.9167022705078,165.3267215986174,159.78970331257355,162.4847151241961,40651688,16078,70.34880112611546
2024-05-02,162.14170837402344,164.8857234035705,160.32870939201618,162.0927051683089,44264557,13034,46.96136879055038
2024-05-03,164.59170532226562,167.5317179744776,161.30870016616882,163.7587107096788,71734933,7670,71.61448842011359
2024-05-06,159.64268493652344,165.4737221355743,155.1346743984615,165.13071466962612,44387249,12996,52.29594452418953
2024-05-07,153.0276641845703,159.7406995649364,152.14566630341335,159.7406995649364,33767901,15965,70.50416950261966
2024-05-08,157.14369201660156,158.6626866851177,151.99866955520815,152.8806674242613,26121298,17207,53.4594172094585
2024-05-09,149.98965454101562,158.02568645856024,149.0586534874993,157.7806853942834,20993230,3162,76.61262868746275
2024-05-10,153.7626495361328,154.79165691369732,148.66663080161942,151.8516443798999,18485806,9055,47.65967714697721
2024-05-13,153.90966796875,154.69367434682982,147.98063936122367,154.20367222973968,20953744,9284,62.72998812783782
2024-05-14,161.35768127441406,163.3176896224965,154.84065949851083,154.84065949851083,39072871,14551,50.237125336214646
2024-05-15,163.0727081298828,165.3267209911481,161.7007081032059,161.7007081032059,24990811,3115,45.12408117566927
2024-05-16,160.3286895751953,165.37570511272008,158.3686812183038,165.08170086845095,20715081,16099,74.34778788928006
2024-05-17,163.5626983642578,165.62071320807777,160.7206921072471,160.7206921072471,24968544,3769,58.119439511155505
2024-05-21,170.86375427246094,171.5987574913783,163.12171139432414,166.7477242835807,66484390,17788,48.19030597002092
2024-05-22,165.6697235107422,171.8437533531551,163.7587181902444,171.50074587992393,53954827,13515,71.59017857317112
2024-05-23,165.9147186279297,166.551715394032,163.17070380149335,165.37571331232434,24560357,14869,70.48275631773215
2024-05-24,166.1107177734375,169.05073047739214,164.05270289919807,164.05270289919807,29513626,9255,54.1180507743812
2024-05-27,163.3177032470703,167.8747320087325,162.68070646227366,167.09072561335938,22933660,10399,73.93034715504788
2024-05-28,159.15267944335938,165.8167111341494,158.31968482805917,164.1507069498713,26336009,5313,61.09393588927122
2024-05-29,159.15267944335938,162.38669636206254,157.38868380922827,158.95668158997566,22527881,11191,58.46792368446533
2024-05-30,154.59567260742188,159.0056917943214,153.56666513974298,158.2706885965048,19706386,10248,55.37986252020455
2024-05-31,155.33065795898438,158.02566937467654,153.615650694453,156.80066418572554,23260857,7206,73.74552750268182
2024-06-03,163.02371215820312,164.64071318119002,159.88768661085706,164.64071318119002,33154820,5047,53.80765289415923
2024-06-04,130.3895721435547,161.60269941724974,122.30453685222994,161.60269941724974,114541715,11281,54.60555643954601
2024-06-05,142.63961791992188,144.5016199656954,125.48954398477409,135.9265829981215,61202268,13241,68.27655443104553
2024-06-06,143.96261596679688,148.76464568472528,141.41461393106965,142.1006139040086,57006811,8783,54.478463829258274
2024-06-07,149.69564819335938,150.77365884267147,142.68862383386482,144.01162059037182,41207266,5865,74.23051222467537
2024-06-10,147.58863830566406,149.9406424010727,147.0496330056437,149.54864670306372,23373558,4453,73.80062662208869
2024-06-11,147.9904327392578,149.94064653171986,146.51063174177855,148.09823380223165,20500708,4307,67.46383420396249
2024-06-12,147.9904327392578,149.59763907125463,147.5396391694965,148.27464233876964,19275571,15160,74.1889774408543
2024-06-13,146.63804626464844,149.47025805623377,146.02063877859533,148.76465377322413,17125245,14988,78.30406550374892
2024-06-14,150.5580596923828,150.8226500767137,144.8054245007396,146.70663516332735,30233323,7058,61.639988101524466
2024-06-18,150.34246826171875,152.03787157018428,149.45066073011827,151.30286832069189,18708072,16710,76.41893402666615
2024-06-19,146.95162963867188,150.96965291777929,146.51063073088633,150.96965291777929,18855153,10678,65.6895402804767
2024-06-20,150.95005798339844,151.214663325908,147.49064407286733,147.49064407286733,28456396,4141,67.23691352832995
2024-06-21,152.3318634033203,156.1146804161704,150.8324580932686,151.50866342009155,69503068,16911,48.69146689803435
2024-06-24,146.8536376953125,149.85244820258632,145.53062602272576,149.85244820258632,40874886,8487,70.2797400789996
2024-06-25,144.07041931152344,148.39224163997682,143.1786268094233,147.78464379056567,25039730,14903,58.661483784595546
2024-06-26,141.09120178222656,144.63881209825905,140.72860502390944,144.50161211238148,31444537,3583,71.69675157882656
2024-06-27,140.02301025390625,144.0116197250383,134.45657840840818,141.80661019043134,57711655,8376,46.99621362201628
2024-06-28,145.67762756347656,148.22564462612425,140.9344105243234,141.12061372669018,72583869,15478,54.29201810948419
2024-07-01,146.0794219970703,147.44162722142173,144.76621997289675,146.90262192681996,25711956,13481,77.11775095631464
2024-07-02,143.74700927734375,146.88303468899272,142.49260509415512,146.60863470852505,24720763,9526,67.07520728672398
2024-07-03,148.58824157714844,148.96064798228122,143.43342453687526,144.69762345658012,34424841,3906,45.49157782666997
2024-07-04,148.02964782714844,150.53845636326704,147.64744676037535,149.9406531610139,29926272,11245,71.18988972828919
2024-07-05,152.4984588623047,155.57567154704077,146.85363987957544,148.37263447347044,62621310,8319,77.67225834729686
2024-07-08,153.35105895996094,154.84066958860262,151.12646010657028,153.3706632317488,33290711,17985,51.466257103018
2024-07-09,152.87088012695312,155.05628558591494,152.0868736757717,154.15468340084405,21076732,4732,58.32030015586166
2024-07-10,147.85324096679688,153.17467198413095,143.4236323869954,153.0766655746407,39898433,13063,45.53380368343822
2024-07-11,148.8136444091797,150.08763791186843,147.5788295413687,148.8136444091797,30388365,7039,66.34913932396748
2024-07-12,147.4122314453125,150.26404728474478,146.1872261830489,149.49964519738649,16353263,4603,50.36707282317024
2024-07-15,148.9900360107422,150.13663912015036,145.82462665979426,147.9806328899723,43598260,7298,47.488796853713936
2024-07-16,147.97085571289062,150.87166008785692,147.58865463126742,149.45065683329256,17044483,4782,47.89482239014834
2024-07-18,144.9328155517578,147.78463126449057,143.76660820130633,147.78463126449057,24504144,15933,57.03638675217608
2024-07-19,138.98422241210938,144.50163666730887,138.01401273403084,144.50163666730887,34312977,16784,77.38907603914492
2024-07-22,140.41500854492188,140.72861708447684,135.45618940421505,138.57259575923194,23158599,15277,75.85466810232994
2024-07-23,138.5627899169922,141.69880029105235,132.5945680709981,141.02259501668,25864567,3868,68.88277469088871
2024-07-24,144.05084228515625,144.6486455264092,138.56281203910692,138.67061311387974,31951790,7336,67.25618208156273
2024-07-25,139.73880004882812,142.00260743534838,138.58240223120464,142.00260743534838,31653400,13196,53.68580841271846
2024-07-26,144.4428253173828,145.02102423403073,140.96380725099667,142.10061576600748,25911057,3279,69.32632127265907
2024-07-29,144.78582763671875,147.00063177209438,143.8646212850252,146.15782755178728,15136406,3064,77.30107020790093
2024-07-30,145.1386260986328,146.61842703790805,143.37461557102438,144.52121867555056,12316097,16771,76.57166540665949
2024-07-31,149.97984313964844,150.9304484540013,144.70743046778324,146.5106346904756,35735761,16853,47.17180300822056
2024-08-01,147.030029296875,153.22366303410712,146.0500250944277,150.96965037774282,37281190,17178,68.53127832675126
2024-08-02,143.30601501464844,145.2170202810644,142.19862039823593,144.77602136630347,29660329,11365,48.53911063978021
2024-08-05,133.88818359375,139.1606115488777,132.30058140210207,138.1806072421955,49706240,8226,46.29743905075745
2024-08-06,132.7513885498047,138.6706079195432,131.98697144134422,136.50479184520935,23211408,13540,50.82468348484425
2024-08-07,138.79800415039062,139.99361050961332,134.466387239796,137.00459461155657,22300426,5071,47.27843229220204
2024-08-08,134.7015838623047,138.4746062816386,133.77058279694444,138.4746062816386,25849915,7180,49.467764035917284
2024-08-09,126.76355743408203,134.41738833754985,126.3127488933642,133.2805798032861,76287884,7097,46.32194673159564
2024-08-12,129.06655883789062,130.2915641703567,124.55854070978329,126.66555137699278,33401039,7014,50.6774795401729
2024-08-13,125.57774353027344,129.85056264254507,125.1661435412441,129.5565583779018,16376718,17901,75.65773655107064
2024-08-14,122.72593688964844,126.91055179413222,122.50053261981874,126.46955286743653,22221242,9132,48.670198511679274
2024-08-16,125.7149429321289,126.10693864734752,124.06853550695813,125.21513867533447,15743875,12805,69.9731844254487
2024-08-19,128.69415283203125,129.01754104399518,126.66553705310643,127.40054016946875,14677989,8579,61.78342384630716
2024-08-20,130.48756408691406,130.78156836206975,128.19435765732138,129.84077262598595,16842938,7680,73.05029310443716
2024-08-21,132.3397674560547,132.63377172204727,129.8015600352189,130.63456962991825,14879021,10269,52.25038667044073
2024-08-22,131.20297241210938,132.6827734309116,130.60516922767283,132.46717130185723,17039181,13841,56.909217104827
2024-08-23,129.15475463867188,132.32997381930434,128.87055998334606,131.2225642221031,14050547,11985,57.7826837149495
2024-08-26,134.99557495117188,136.00497805396816,129.75254663947408,130.72275615493325,32800586,11318,76.88542522561696
2024-08-27,133.1825714111328,135.48558737695004,132.88858209947793,134.9955852526211,12380923,12208,71.87991848315562
2024-08-28,131.35977172851562,133.6725825087517,130.6835813126394,133.18258035152948,11414976,3825,52.51897772009845
2024-08-29,131.56556701660156,132.30057018429207,129.21356286146303,131.2225595568749,12348963,6915,57.19755587982322
2024-08-30,131.0167694091797,133.32958001674527,130.68357155602754,131.89876724485958,13016284,8577,63.718443185299705
2024-09-02,130.50717163085938,131.45777700393933,129.07637371821136,131.18337699456356,12601742,9923,63.39802328241433
2024-09-03,129.14495849609375,130.92857340371313,128.6353521005342,129.86035740949978,10986546,16230,71.49895152647369
2024-09-04,127.85136413574219,129.20375986504436,126.12654704355154,126.42055131641845,18956457,10376,70.14135805575629
2024-09-05,128.5961456298828,129.6545519052589,127.85134785995591,127.93954464448477,8679395,8848,58.930569085721885
2024-09-06,126.79295349121094,129.31155661477672,125.73454711644406,128.77255129146795,17177552,13677,68.26379239335334
2024-09-09,125.35234832763672,126.76355685284823,123.58833767112235,126.32254297346094,19613019,15649,49.81707568997567
2024-09-10,126.55774688720703,128.42955857348036,125.35234585968688,125.4405426523566,12603493,11224,74.8483014792242
2024-09-11,124.43113708496094,127.39075401818091,123.76473391588428,126.49894658855882,13139629,10307,69.74468254688446
2024-09-12,128.07675170898438,128.44915809137768,124.36253488163028,126.91054431458628,19264974,7416,64.71090154127555
2024-09-13,129.55654907226562,131.7027606102244,128.79214701130456,128.87054913982325,20166379,4354,53.97602945835027
2024-09-16,130.3797607421875,131.39897355111415,129.11556182086542,130.34056715123418,13553090,12158,70.41095230014085
2024-09-17,129.2919464111328,130.34055807870405,127.89054758850284,130.1053516883209,10754987,7159,59.30900429288023
2024-09-18,127.05754089355469,129.2527557253943,126.07753667546733,129.0175493297294,10725965,6571,49.39702977660737
2024-09-19,124.97367095947266,129.36859275360928,122.2675891752234,128.8846526174629,25229973,11600,56.127608624692286
2024-09-20,124.71688842773438,126.70200295951021,123.8576622239665,125.67488284638043,13885160,10223,76.38315321545275
2024-09-23,128.07479858398438,128.39084482017736,124.9341682288649,124.9341682288649,13387033,14810,52.772304653214974
2024-09-24,132.2228240966797,133.39809656266448,129.66487193604226,129.87227916471014,41641928,9659,60.649340761421335
2024-09-25,132.5684814453125,135.45233554202207,132.3413326312676,133.32895451657555,35498522,16994,52.24078259193651
2024-09-26,137.47695922851562,137.8621311492433,130.66237445566756,133.3289504506988,49823297,6648,46.74074254429234
2024-09-27,138.8003692626953,142.41506887897688,137.93127227538355,138.26706009025204,37975068,9401,64.05714062710473
2024-09-30,139.6102294921875,142.15829574974686,138.61273681903813,139.64972773660628,38187620,14878,47.596228703107535
2024-10-01,139.2843017578125,140.36080590697054,136.18316989726722,139.63984620990934,24528692,8519,54.292576933005115
2024-10-03,135.3338165283203,139.89662450555903,134.46470450602226,136.8350059114043,35238490,17862,57.79577674315803
2024-10-04,137.289306640625,138.85963682035876,132.47959309913557,134.8597653518299,31936926,4771,60.414028071469005
2024-10-07,130.55374145507812,138.78063369569128,129.1019360555632,138.23743863636355,28331416,8250,72.54022427059095
2024-10-08,129.74388122558594,131.96603044997434,126.257577203583,128.98342323024434,40037615,4725,54.601357131972904
2024-10-09,128.7167510986328,131.66974570800937,128.2525676466927,129.77349858906834,14125865,10538,75.51843257643341
2024-10-10,128.3612060546875,131.3043147877187,128.01553239806057,129.37845529915654,12920873,12365,69.30155620596364
2024-10-11,132.37095642089844,133.44746062932902,128.36121408864244,128.58836289640448,22981754,13856,48.00310106263229
2024-10-14,132.66725158691406,135.63011728583146,132.00554672254555,134.11905698497674,16794560,3258,78.88693350623578
2024-10-15,129.3192138671875,133.230188148104,128.88465782043806,132.6672515020253,11128839,16673,69.40717969395811
2024-10-16,128.31182861328125,130.02041018980685,127.48222987819622,128.58836152497625,13606967,15188,73.95653764968694
2024-10-17,126.2477035522461,129.36859223130014,125.9711706383971,129.2796948112023,15490412,5198,48.5398435539817
2024-10-18,127.43284606933594,128.97353374378017,123.86753058889472,124.93416399502846,26363209,4743,76.78752373883832
2024-10-21,124.89466094970703,129.56611571668506,124.46998324361813,128.59825050231484,15437195,12779,78.0806600167551
2024-10-22,120.29234313964844,125.80326728090743,119.15657651652808,125.032923451213,22167864,5169,62.409708132679654
2024-10-23,116.66776275634766,121.12193926946132,114.86042055429235,119.00842917977063,37778891,11894,52.070114972922546
2024-10-24,115.68014526367188,117.41836183976397,115.2554675642561,117.23071127596542,16209896,8377,62.61265890797248
2024-10-25,110.10009002685547,116.54925967007765,109.03345659262806,115.6801475970226,30812614,10364,51.225750115329824
2024-10-28,113.25059509277344,114.43574582706738,109.82354608699691,110.96919104331872,19503346,8706,63.50082890432559
2024-10-29,114.27772521972656,114.76165782431701,111.33461627838903,113.45799726249192,14707069,3324,51.336586804033495
2024-10-30,114.59375762939453,116.13444524477556,112.19383632507444,113.6258924733062,16236280,17657,51.05323405882123
2024-10-31,114.31723022460938,116.2430898364408,112.94443644285121,114.761657047353,15887511,4061,55.11028936135892
2024-11-01,116.29247283935547,117.32947879585471,114.91967907063011,115.07769464845512,4260519,9916,53.83227923780297
2024-11-04,112.49012756347656,116.76653188130057,111.20621617483695,116.53937554578806,21792990,10307,47.5169502455515
2024-11-05,117.06281280517578,117.3195965874752,112.3419817238248,112.3419817238248,25938942,9923,50.01147985095781
2024-11-06,122.3564682006836,122.71201266310763,116.00605951760498,118.51461987583835,30950696,14083,57.13079845138455
2024-11-07,121.8330307006836,125.27982881010476,121.06268687161104,122.4651080750486,28078071,4683,64.94449736694821
2024-11-08,116.74678039550781,119.51212464660391,113.45799775869408,119.00843538291319,47743659,3129,51.704513976658546
2024-11-11,114.45549774169922,117.72452371536313,114.0703258157672,116.34185912737995,18118474,5742,51.07966322094714
2024-11-12,112.75678253173828,115.94680435827459,112.2531008235667,114.56413228917258,14476729,15196,67.44162802819312
2024-11-13,110.30748748779297,113.07282416311668,109.62602599609056,111.70003038632254,24360081,8687,60.213866854686415
2024-11-14,110.45561981201172,112.96418011811214,110.05069878736178,110.30748256821079,15061567,17916,60.86320554060314
2024-11-18,111.37411499023438,113.68515408474556,109.88281139135901,110.81117082560267,17936991,17560,54.43697717600132
2024-11-19,110.07044982910156,113.0333153161294,109.70503457474034,111.74941145939128,11670566,16892,59.680516726904955
2024-11-21,109.22109985351562,110.81117167963414,107.3051185342773,110.11983937912912,19630086,8823,65.06609703325339
2024-11-22,111.4333724975586,112.23334376587464,109.0334511576539,109.32973318464371,12858702,7881,53.07189771157771
2024-11-25,112.67777252197266,114.41598907653398,112.44074538929142,113.57651201644723,13170183,7872,49.759597678875586
2024-11-26,114.396240234375,114.99869016325157,112.47037311363691,112.78641180296916,12229850,14660,78.27670823501415
2024-11-27,114.82091522216797,115.62088648740566,113.09257703236352,114.12957542527226,13214253,16348,64.82991422747682
2024-11-28,114.84066772460938,115.86779535470211,113.78391264455497,114.82091860295385,13714391,17261,63.26322316567986
2024-11-29,115.66039276123047,116.63813626015964,114.36661057906375,115.05794284397194,11464692,10428,53.89412418256185
2024-12-02,117.60601043701172,117.94179824560815,114.42586690874344,115.0579442831246,13161154,9459,68.86976596616348
2024-12-03,121.27008819580078,121.65526011555271,117.72452182647199,117.72452182647199,24051522,4207,74.7134116722253
2024-12-04,120.65776062011719,122.01080527857259,119.59112720476358,121.47748857089579,19645095,17324,65.00199325619965
2024-12-05,120.95404815673828,122.11944223132468,119.62076017745505,120.99355393460047,20205297,4927,77.4752068270397
2024-12-06,122.3564682006836,123.57124636979184,120.55899676729831,120.95404700720908,17105118,13966,55.67746008135518
2024-12-09,124.56874084472656,124.95391276224518,121.09231525880145,122.46510902328203,22928606,6555,53.298719896542636
2024-12-10,125.24032592773438,126.90940928594979,124.68726009611798,125.42797649272859,19581439,4720,70.05737918553864
2024-12-11,125.37859344482422,127.11681758163284,124.47986146085518,125.08231140465111,10668920,16255,59.083661027952104
2024-12-12,127.65999603271484,128.4797239838404,123.97617071927266,125.34896450009408,31966205,6606,51.55781696272909
2024-12-13,123.21570587158203,127.15631499944688,120.33184430192058,127.01804854127316,39292810,17646,76.88340847366759
2024-12-16,122.0799331665039,123.30458210743203,121.52686736123762,123.01817087686014,8419719,11731,73.94710353091324
2024-12-17,119.61088562011719,122.90953905855916,118.7615302066948,121.27996899637047,9982096,3347,76.09224373489768
2024-12-18,118.32697296142578,120.88491750405092,116.44061912180608,120.48986725197112,15624814,10828,48.50235218406783
2024-12-19,117.43811798095703,118.32697161935913,115.05794570201591,115.68014475588873,12028931,5263,73.34413498088735
2024-12-20,114.66289520263672,119.36397731533441,113.77403403122965,116.68752300778856,17911163,5799,48.32174373078779
2024-12-23,119.68989562988281,120.10469500271154,115.54187929672517,115.55175762511351,24706531,7006,68.64003808377585
2024-12-24,117.58625793457031,119.68989734905144,116.68752594719912,118.95905173695266,17000879,8627,74.08387581804577
2024-12-26,116.13444519042969,117.92204579290615,114.82091390778163,117.04306298352122,15502315,14049,67.25115970862183
2024-12-27,114.0999526977539,117.02331250985708,113.8431689034263,116.01594152435162,7502006,9377,48.88245377395791
2024-12-30,110.34699249267578,114.08020187591448,109.6260252275998,114.07032354763763,14270907,13021,59.06842295083164
2024-12-31,111.72966003417969,112.24322762888434,109.93218852262729,110.34699543679855,8967876,3374,60.325149322527636
2025-01-01,111.53213500976562,111.92718525388038,110.76179117796805,111.12720643743492,7512039,9656,45.36343184344956
2025-01-02,112.65802001953125,112.93455292185318,110.64327061481315,111.53213175438826,7663473,11196,76.82654849057353
2025-01-03,112.75678253173828,114.46537161315598,112.09507771397489,112.49012795299784,9466354,4168,68.97569620006914
2025-01-06,109.0531997680664,113.13208271497002,108.63840041124938,112.68764837413191,17656887,4636,58.63077813516606
2025-01-07,110.0902099609375,110.86055380629237,109.0532039937556,109.0532039937556,7161545,11557,54.45396001937617
2025-01-08,108.40137481689453,110.07045059577534,107.70016421760859,109.82354513680326,15060506,6385,68.05680933642853
2025-01-09,106.9199447631836,109.26060375097701,106.71254507660423,108.7371653703305,11144353,5266,45.74776631935621
2025-01-10,104.71754455566406,107.74954336288656,103.50277388807261,106.91994461769794,18718493,14555,75.01110471087969
2025-01-13,98.85106658935547,104.1941043735359,98.42639643068051,103.60153277508532,21293325,13664,46.44838962010941
2025-01-14,104.56939697265625,105.02370211167273,100.06584382505226,100.43126661587179,19913009,12732,45.77566199490298
2025-01-15,103.9076919555664,106.40637398289033,103.1077206834866,104.98420366974365,10322196,14829,66.16010608058997
2025-01-16,106.18909454345703,107.04832823760005,104.61877946980132,105.18172360459667,10971452,15420,50.443254169466435
2025-01-17,107.47300720214844,108.09520624224955,105.60640254688852,105.77429644954104,9191948,4040,70.4647835673515
2025-01-20,108.51001739501953,108.88531099243164,106.39650719941424,107.65078365691654,11548609,11258,75.97413925954058
2025-01-21,108.51988220214844,110.18896547887782,106.86067725334618,108.63839953240448,17016648,9100,48.15313753273768
2025-01-22,105.77429962158203,109.03345477117907,103.47313888107684,108.15447191921902,12682214,10330,62.710674095656714
2025-01-23,107.78904724121094,108.49025784488902,105.18172618093088,105.26073773668644,7849758,15881,75.67509384095655
2025-01-24,106.8310546875,109.42850499923345,106.2483614074264,107.65078263891994,11993883,8837,54.07138353952129
2025-01-27,102.14972686767578,105.62615241735622,101.5867827221749,105.42863106400584,14423517,8835,58.500465332190444
2025-01-28,101.56702423095703,103.70029097639339,99.94732505088417,103.70029097639339,12819834,12440,60.70730273055464
2025-01-29,103.0682144165039,103.86818568478411,101.7250481296652,101.7250481296652,10829311,13289,66.45963393327747
2025-01-30,104.14472198486328,105.28048862934799,102.81143398262333,103.20648423309063,11418706,14965,75.92199624672274
2025-01-31,106.10021209716797,106.85080678784367,102.67316318673159,104.27311324278745,15726923,13897,70.35402104662803
2025-02-01,105.21135711669922,106.95945205466857,103.10772523596275,106.35700210824488,12068981,7351,47.11991452808286
2025-02-03,101.00408172607422,103.01883117319038,99.05847304094999,102.71267081559924,16535047,10389,53.53061270084462
2025-02-04,105.3594970703125,105.94219033292647,102.41638070308154,102.71267026590814,14409187,8597,57.10068854969626
2025-02-05,107.49275970458984,108.29273853554818,105.3595004036002,105.3595004036002,12920395,17135,78.95230038060514
2025-02-06,106.6434097290039,108.30261472363135,105.86318757025491,107.65078069165497,8883930,8879,56.34996059931549
2025-02-07,108.9544448852539,109.92231763757222,106.12984572159962,106.71254654568843,22943084,16495,74.51802352477844
2025-02-10,103.87806701660156,108.14459312906219,103.51264421764495,107.70016630826792,14604374,14691,69.76313587355466
2025-02-11,98.78193664550781,104.04596304889385,98.26837658576726,103.88794746703404,19394967,13603,47.371236183226166
2025-02-12,104.44100952148438,104.75704820870904,97.92270688812773,98.86094462161941,49570655,3962,75.51470634640827
2025-02-13,107.97669982910156,109.92231610010033,103.65091125724855,104.07558895871,36029038,7846,77.98362345891763
2025-02-14,104.40150451660156,111.79879003903169,103.1373497583443,108.737163821073,32127888,10254,59.293531978430295
2025-02-17,104.02620697021484,104.49039042612647,101.30036866706676,103.10771838627127,14572452,6959,56.574652940263896
2025-02-18,103.09784698486328,104.44101333839474,100.73743130511833,103.49289724207081,13096291,14161,72.57842667566672
2025-02-19,105.21135711669922,105.8631911708456,102.07071925344147,102.12998168970009,10954930,10099,53.69665490062059
2025-02-20,108.48037719726562,109.08282711084662,104.24348621611684,104.68791302156541,13193348,5863,66.05366604686849
2025-02-21,111.36424255371094,113.73453651427994,107.40387680273706,107.94707183733132,44746596,3260,52.874900228158246
2025-02-24,106.87055969238281,110.7815413218027,106.31749386649214,109.72478624164347,24208995,7524,50.7048350212272
2025-02-25,104.8558120727539,108.13471637798082,104.4903968034241,106.77180091070302,18825311,9745,53.89516630114542
2025-02-27,104.66816711425781,106.64341081682201,103.37437736530767,104.8854375921762,18631329,15573,54.14018691109874
2025-02-28,103.72003936767578,104.19410115275637,100.34237457945466,103.45338479385052,27074952,16338,49.981866886570636
2025-03-03,105.04345703125,105.97182395017157,101.45839254906858,103.9965803166918,23398877,8914,54.35175945668716
2025-03-04,106.3273696899414,107.45325797181333,102.77192507881263,103.28549264928971,25741726,7104,74.05870134373859
2025-03-05,111.1370849609375,111.50250775600318,106.16934828847451,106.16934828847451,39444472,13711,49.982298142869034
2025-03-06,110.58402252197266,113.47775491640472,109.52726741738249,112.09508278475555,34685528,6828,77.6225090507554
2025-03-07,109.53713989257812,111.51238353653808,108.8359217682106,110.11983315076718,21834195,4904,54.066178836020754
2025-03-10,105.94219207763672,111.26548075836,105.47801613950041,109.52726420006172,24250223,12938,75.49223979301973
2025-03-11,106.79154968261719,107.4730111815005,103.30524570042648,104.1941068870228,32428743,13924,69.68945653789704
2025-03-12,105.33975219726562,107.5421447462486,103.55215149004584,107.10758871256648,23131611,10032,60.847903217761974
2025-03-13,104.57927703857422,108.32236475229584,104.2237325699651,105.8631884568801,24988240,16709,55.41998476174251
2025-03-17,104.82617950439453,106.00145188286493,103.74967533601408,105.3298687430185,15750246,14314,78.53079044990459
2025-03-18,104.82617950439453,104.82617950439453,104.82617950439453,104.82617950439453,0,11442,49.028660936858316
2025-03-19,111.82842254638672,112.98393827310512,109.24085065262038,112.09507712372306,47657793,11504,50.86382286360154
2025-03-20,112.54938507080078,113.5271285920698,110.24822435295398,112.638274955438,23249893,16660,61.676383364115104
2025-03-21,113.872802734375,114.45549601122134,112.04569627724457,112.58889131070877,25675545,13648,48.38222592722926
2025-03-24,115.78878021240234,117.16157394112957,114.61351536889705,114.66289193898514,27623276,7120,58.25898712975567
2025-03-25,113.28022003173828,116.3912302797411,112.68764844520358,116.3912302797411,19985177,5863,50.426717939803
2025-03-26,111.88768005371094,114.56413435734726,111.60126881362275,113.28022294108395,15470453,15343,50.47789691394149
2025-03-27,112.47037506103516,113.67527493965088,111.3049809611396,111.4037491754184,14168313,12008,54.82988221435902
2025-03-28,113.75428771972656,114.71228214285551,112.1938433508146,112.49013292692186,23556805,12088,74.63072256443238
2025-04-01,115.43323516845703,115.99617930231025,112.01606458849366,112.93455317898646,15958627,6053,78.2405882583295
2025-04-02,117.230712890625,117.72452382535376,112.83579858552179,115.43324138961059,21075705,11041,66.15274439569045
2025-04-03,117.07269287109375,118.14919705120947,115.39373123569658,115.84804390918467,14441562,4563,55.583948844665244
2025-04-04,111.20621490478516,116.47024098914957,110.62352165049013,116.1245748607579,33987192,10944,66.24252086566489
2025-04-07,103.33486938476562,104.82618045820632,100.08559265910202,100.08559265910202,28546459,3142,47.26605493644547
2025-04-08,103.53240203857422,106.80142800439758,101.47814674855924,106.11996650555682,21280686,14741,58.186491670321516
2025-04-09,103.67066955566406,104.09534726385029,99.87819763268249,102.71267513010744,20223188,13440,67.31590984958382
2025-04-11,106.99894714355469,108.83592437930508,105.6755374871306,106.50513622071763,20467580,3649,56.81696474296537
2025-04-15,111.84817504882812,112.31235852614704,108.3026162071059,108.84580370623652,18332836,11211,73.693678671398
2025-04-16,113.872802734375,114.84066793132986,110.51488692513443,111.60126945710606,20145548,11022,72.49300908333193
2025-04-17,112.54938507080078,114.40611143537492,111.65065310588557,113.0827017737539,18855830,4637,55.05761036293422
2025-04-21,114.55425262451172,115.69989755081569,111.4037441470888,112.54938153843626,17894053,12704,59.70861290360676
2025-04-22,114.54438781738281,117.51712422141738,114.02094189683035,116.87516849881726,24367181,7908,71.18258222677106
2025-04-23,115.31472778320312,115.89742105017963,112.97406131722721,115.4134884598992,15425789,15161,61.73826955526586
2025-04-24,116.56900787353516,117.07269713599915,114.76165804671965,115.06782594956793,17054911,15873,45.454967833383556
2025-04-25,113.38886260986328,118.86028858344764,111.98644138602671,117.1319503395069,24605025,5278,48.880058289238306
2025-04-28,115.32460021972656,116.3319787272685,113.01356870528929,113.57651285893094,10864579,17270,71.24461305883004
2025-04-29,113.85304260253906,116.83566472895511,113.57650969756413,115.30484788861402,12258150,4027,75.72545566599622
2025-04-30,112.30248260498047,114.31723213602183,111.46300551745247,113.56663740054596,10657286,5495,52.31130693056474
2025-05-02,111.68028259277344,115.44311949701438,110.91980953517162,112.29260332829206,12362081,4901,67.53679327731338
2025-05-05,113.36911010742188,114.0011874721318,111.71978346934931,112.58888796208632,9968201,7467,62.176611412659256
2025-05-06,110.18897247314453,114.36661632663007,109.7445456426481,113.18146555371136,13544063,13532,62.232553744057554
2025-05-07,112.2728500366211,112.72715517463428,108.37174681860049,108.60877394822549,14213232,5916,72.92370500854892
2025-05-08,107.88780975341797,113.37899241251837,107.09771678729425,112.58889191143784,13057983,14599,65.23686905867672
2025-05-09,107.66065979003906,107.96682015181757,104.93482137901741,105.67553776522224,13531998,11516,49.39429275809642
2025-05-12,116.77640533447266,116.9838050186007,111.00869735217813,111.3741126139937,25419079,8721,65.31178408477992
2025-05-13,114.56413269042969,117.62575886740674,114.3073489039219,116.77640348776738,12595012,9831,75.36213848889955
2025-05-14,121.16144561767578,121.46760597179818,115.13695400085479,115.55175335836705,37164569,14471,70.39831502109031
2025-05-15,121.18119812011719,122.11944339966821,120.15407802570012,121.46760936114076,15860870,10737,53.68952640162384
2025-05-16,120.96392822265625,122.01080497869502,120.0553103886863,121.08243802298861,12476432,4779,48.952899144783736
2025-05-19,120.59850311279297,121.92191275752712,119.24545848358672,120.96392590504895,9899831,6322,63.14192011817471
2025-05-20,121.00342559814453,123.83790301675097,120.66763778633579,121.37872672305635,29030789,15025,72.77092772051932
2025-05-21,123.33421325683594,123.65025194575009,120.8157820737579,121.32934211763462,19286268,15882,63.696416188807476
2025-05-22,124.1835708618164,125.18107105257553,121.97129999994539,122.46511093111926,18239762,6830,70.3791731508746
2025-05-23,124.36134338378906,125.2205771185876,123.79839922235743,124.19344947519436,11048639,15809,65.13570565538747
2025-05-26,126.20819854736328,127.00817737870858,124.25270394679976,124.63787586987249,31013556,10438,54.26616059732184
2025-05-27,126.98841857910156,127.79826065526785,125.34896270038905,126.11930653353572,15363838,16687,68.61905311630733
2025-05-28,127.36371612548828,128.48960439384553,125.67487618799595,126.82052111226484,22610477,15304,70.55501610082057
2025-05-29,128.35134887695312,130.1685695579037,127.20570385508306,130.11918544887385,38518032,16981,62.268800153868675
2025-05-30,127.58098602294922,129.082175485983,127.20569995962612,128.4402272979961,11118329,16141,57.7428005440833
2025-06-02,129.07229614257812,129.88213818654899,124.86502514231876,125.42796926992726,20767930,15224,51.43400235883641
2025-06-03,128.59825134277344,131.43272130976797,128.10444040385934,129.17105877038958,19565087,13073,53.72934324894777
2025-06-04,130.1981964111328,130.51422758162624,128.04517284061995,129.02292394322754,12424794,13892,57.22204887622407
2025-06-05,131.46234130859375,132.34132412723935,130.1093042350382,130.3660804835492,19181280,16617,66.33602831662937
2025-06-06,133.3684539794922,133.6252453167629,130.77101864494725,131.80802464797605,15594995,3166,47.731295660433396
2025-06-09,132.17343139648438,134.2968123042914,131.89689848951176,133.52646848202286,7300478,16162,51.81510022732401
2025-06-10,131.28456115722656,133.4770828008512,131.01791411645198,132.4400919469018,8767278,6778,54.896065620217826
2025-06-11,131.50184631347656,132.58823640134136,130.9685371330154,131.96602979920846,9131936,12035,51.21320661998142
2025-06-12,128.3612060546875,132.015403686559,128.1044298128501,131.35369889151008,11774457,9481,74.97109431118449
2025-06-13,127.74889373779297,128.34145781239596,124.98354951323802,124.98354951323802,7902097,6610,56.53855565503848
2025-06-16,127.32420349121094,128.22294296606202,125.24032084387395,127.40321504536507,5962115,7778,73.49032830034706
2025-06-17,125.3390884399414,128.29206802867952,124.73663852864179,127.32420286738133,7876518,14215,49.815101663869044
2025-06-18,125.45760345458984,125.76376381947748,123.85766086651194,125.17119221148725,11736141,9843,74.89201980196292
2025-06-19,123.60087585449219,125.74401345748153,122.31696443737924,125.42797476734005,10943647,15119,59.41714370639141
2025-06-20,125.90203857421875,126.30695962039735,123.20582756934427,123.20582756934427,11077270,4273,73.90604891979399
2025-06-23,125.03292083740234,126.79089400541527,124.31196112876782,124.62799980959868,7077385,5662,70.16332650468392
2025-06-24,129.12168884277344,131.20557159342945,126.46498359853419,126.46498359853419,20598542,15015,68.53001113199564
2025-06-25,126.67237091064453,130.01053752948525,126.51436287045463,129.76363207116657,10836397,16926,65.52298891646316
2025-06-26,131.9660186767578,132.34131977910042,126.92915659278437,127.3044426252144,24148009,12912,47.75265515856857
2025-06-27,130.06979370117188,134.6523584496154,129.78338999748124,132.8351378753856,17864360,12126,60.95942027791585
2025-06-30,130.35621643066406,131.10680362890727,129.59574336894687,130.70187504423453,7106194,8775,56.572237080317684
2025-07-01,131.6894989013672,132.1240549431818,128.44022952129467,130.37595998221454,13302468,4582,73.73831038959734
2025-07-02,135.7782440185547,136.29181158613608,131.52159637223173,131.69937613674236,28463371,13802,53.63055665608038
2025-07-03,134.8103790283203,138.24729875759854,134.3264389092038,136.1930435544917,24871213,16320,58.37553175811327
2025-07-04,133.0524139404297,135.05728504668133,132.05492131881854,134.13880397973938,7161066,17224,75.95327340985374
2025-07-07,131.81788635253906,132.68699838199385,130.70186886652672,132.10429005138406,5328237,8346,51.26240791457512
2025-07-08,133.37832641601562,133.65485931299625,131.22530306676632,131.35369872247614,10080296,4825,69.12534367222568
2025-07-09,132.2228240966797,133.427724013915,129.3784682173158,133.32895579647047,12982603,4017,74.18482642854319
2025-07-10,133.11166381835938,133.6252313693821,131.84750913115926,131.84750913115926,6746836,16735,78.13015304748116
2025-07-11,132.66725158691406,135.10667888461586,131.8277669442551,132.53885591758842,9655575,16838,54.0798173449126
2025-07-14,132.5289764404297,133.8918993950052,131.35370404567698,131.94628317460024,5395689,11906,48.55348042677475
2025-07-15,133.21043395996094,133.4573394113577,130.93890079312803,132.15367139442458,5597256,12782,76.25620363997042
2025-07-16,131.92652893066406,133.02278979027844,130.8598955210463,132.2030618439079,7525790,8660,68.803932034184
2025-07-17,131.9462890625,133.02279329383174,131.07717698660664,132.34133178613482,6104260,7601,65.60540580220552
2025-07-18,134.76100158691406,135.0572911628629,131.75863772308674,131.80802183073052,10612550,10264,53.64809300032468
2025-07-21,135.24493408203125,137.0325271602875,134.20792815980863,135.30418897988744,10205739,10247,63.16289135301649
2025-07-22,134.30670166015625,136.99303431482033,133.82276152541206,135.29432351643237,13371025,3251,57.920518533348115
2025-07-23,133.1215362548828,134.9091443778355,132.24255345261795,134.9091443778355,8607725,5050,74.43245593924618
2025-07-24,134.48446655273438,135.50171586055802,133.11167277334715,133.13142943007668,9764563,14286,72.34400174316552
2025-07-25,129.05255126953125,134.2474370144078,128.46985796799754,134.19806797556683,15803965,16053,64.81238524319909
2025-07-28,124.0354232788086,127.0180454554245,122.59349629648729,127.0081746621925,34768336,13032,49.09258247167463
2025-07-29,124.45023345947266,125.18107153061297,121.77377910648435,123.44285493645519,14642340,15343,52.11297934401364
2025-07-30,122.62313079833984,125.01317383353414,122.33671956164945,124.44035136015337,8402184,16503,55.234624026926326
2025-07-31,122.66262817382812,123.10706251794632,121.00342319935802,121.47748499275946,13387143,3925,58.23638876989011
2025-08-01,118.63314056396484,122.93917247738425,118.26771776309359,122.28733843285015,13111620,7315,68.51928106152775
2025-08-04,123.92679595947266,124.24283465748552,118.87016925631,119.1664588322407,13578202,4632,78.65749268676862
2025-08-05,123.61075592041016,124.32183733200691,121.70464542449281,123.45273280563966,9405308,16692,45.409000122437256
2025-08-06,121.92191314697266,123.66012969534523,120.98367541285563,123.34409100790991,9465399,5116,46.03060232266777
2025-08-07,121.8330307006836,122.33671994852206,119.00843163744642,120.99355364425726,10677634,9297,60.45174225096425
2025-08-08,119.57137298583984,122.24782720354493,119.20595020126181,121.47748339250258,6142679,15117,55.419968458913935
2025-08-11,120.16394805908203,120.42073184854068,118.41586070901197,119.57137645914082,9091136,8436,69.23568097973367
2025-08-12,120.6775131225586,121.96141697317633,119.8084010948013,119.89729097716581,6594879,5650,74.12674037838056
2025-08-13,122.51449584960938,123.09718913547432,120.63801279172972,120.98367893884934,12017599,5836,46.5867824197941
2025-08-14,118.88004302978516,122.81077371477419,118.71214159121409,122.6626289324852,7879264,11123,50.70974155580648
2025-08-18,120.92442321777344,122.46511091160421,120.00593458453814,121.27996769095851,8711845,11099,61.063477571476824
2025-08-19,121.4577407836914,122.1984571855554,120.63801282390561,121.04293387208034,4611886,8209,51.85774538220805
2025-08-20,122.55399322509766,124.27246068995443,120.48986715052773,121.1811994398677,12009594,9256,77.05656612575618
2025-08-21,121.72439575195312,123.71938861847022,121.52687439149052,122.56387283635452,4254584,7083,77.48794498405266
2025-08-22,120.42073059082031,121.72439111105773,119.91704134540049,121.70464198974719,5155189,11659,52.26830727319858
2025-08-25,121.31946563720703,122.07006036041915,120.7170232349084,121.14170093600721,2959928,14948,63.64759904473614
2025-08-26,118.45536804199219,120.88491690811405,117.52700108442484,120.69726634393594,7276847,4198,66.88907419549786
2025-08-28,117.7739028930664,118.51461926346305,116.63813628480024,118.38623113851199,7776953,11843,76.27291841169861
2025-08-29,117.19120788574219,118.76152295080745,116.73689522123938,118.04055571231568,5165884,11672,72.43640420110032
2025-09-01,119.59112548828125,119.89729338373046,117.03318852877747,117.685022562679,4676092,8739,68.55897705395284
2025-09-02,121.56636810302734,123.14656906763811,119.31459152390062,119.9960530015151,8200047,17614,61.92204954754732
2025-09-03,128.07479858398438,128.39084482017736,122.0305574809762,122.31696873130835,26783470,4905,65.3874749049488
2025-09-04,125.99092102050781,128.5982496763479,125.6452548747386,128.39084245392954,7801378,5175,64.98110468596943
2025-09-05,127.65999603271484,127.9957989178133,125.14156481395813,126.21807655813825,5711851,11241,51.97988434860783
2025-09-08,131.4499969482422,134.7899932861328,130.16000366210938,130.52999877929688,26650648,5781,64.13049315883394
2025-09-09,129.4499969482422,131.60000610351562,129.11000061035156,131.4499969482422,6939950,17311,49.920998935456225
2025-09-10,129.72000122070312,131.5500030517578,129.22999572753906,130.0,4651804,17702,57.47750366577713
2025-09-11,131.82000732421875,132.6300048828125,129.27000427246094,130.0,8098228,3381,58.277678446469196
2025-09-12,132.25999450683594,133.0,131.30999755859375,132.0,4655442,6151,72.41999790597708
2025-09-15,132.7899932861328,133.4499969482422,131.52000427246094,132.00999450683594,6555662,5046,56.46925615071063
2025-09-16,132.94000244140625,133.8000030517578,132.14999389648438,132.7899932861328,4986436,4502,67.53046407875173
2025-09-17,132.75,134.3000030517578,131.5,133.0500030517578,5930567,10543,59.13281802319809
2025-09-18,133.17999267578125,133.7899932861328,131.44000244140625,132.99000549316406,6394911,6080,76.85641640292312
2025-09-19,136.1999969482422,136.6300048828125,133.0,133.17999267578125,34447974,13252,62.554802064775416
2025-09-22,135.49000549316406,138.24000549316406,134.8300018310547,135.11000061035156,11023917,11084,73.18009159141933
2025-09-23,137.3000030517578,137.75,134.89999389648438,135.49000549316406,10743591,17201,52.83709435598626
2025-09-24,136.33999633789062,138.75,135.9499969482422,136.60000610351562,14644870,6120,67.5349845619448
2025-09-25,136.52000427246094,138.6199951171875,135.6699981689453,136.39999389648438,8887697,4662,63.74254105865596
2025-09-26,131.02000427246094,136.89999389648438,130.39999389648438,136.52000427246094,9029952,11563,48.64728849162977
2025-09-29,131.7100067138672,133.9499969482422,131.25999450683594,131.39999389648438,6598940,6032,57.45249335166719
2025-09-30,134.47999572753906,135.27999877929688,131.92999267578125,132.2899932861328,10087746,13535,53.12625478939637
2025-10-01,134.9199981689453,136.75,132.75,134.47999572753906,19829958,15818,51.87636837038524
2025-10-03,134.9600067138672,137.89999389648438,134.74000549316406,135.02999877929688,16097900,12050,60.9555375949802
2025-10-06,132.6199951171875,136.5,131.55999755859375,135.64999389648438,31643657,7781,57.406859243221625
2025-10-07,132.8800048828125,134.3300018310547,131.30999755859375,133.0,18395982,14256,62.320846154733246
2025-10-08,131.72000122070312,133.0,130.10000610351562,132.77999877929688,20062802,13903,78.5208289143767
2025-10-09,136.4600067138672,137.0,131.61000061035156,132.0,41930005,10629,54.94279768773149
2025-10-10,132.1699981689453,136.5,131.47000122070312,136.5,21483357,12020,53.72342064544719
2025-10-13,132.50999450683594,133.32000732421875,128.80999755859375,131.5,18513844,11401,53.619891795672274
2025-10-14,128.77000427246094,134.1999969482422,128.0,132.94000244140625,13838918,5261,63.21355373791379
2025-10-15,130.2899932861328,131.6699981689453,128.38999938964844,129.0,11279798,14105,53.862918396038395
2025-10-16,131.3800048828125,132.92999267578125,129.0800018310547,130.89999389648438,15763529,3553,50.12366986635188
2025-10-17,128.67999267578125,132.16000366210938,128.02000427246094,131.3800048828125,13063892,8557,64.41317747739033
2025-10-20,129.83999633789062,130.5,127.73999786376953,129.60000610351562,8776091,13714,77.29005155488332
2025-10-21,129.9499969482422,130.69000244140625,129.5,130.5500030517578,1955418,10924,75.88881710909646
2025-10-23,129.33999633789062,131.25,128.89999389648438,130.8000030517578,8311038,5427,56.39535700863175
2025-10-24,129.4600067138672,131.8800048828125,129.11000061035156,129.7100067138672,14135916,10379,63.30118923390316
2025-10-27,129.89999389648438,130.9499969482422,129.00999450683594,130.5,12660595,5503,62.417002601374875
2025-10-28,132.16000366210938,133.14999389648438,129.5,129.91000366210938,54886107,7180,52.83023482139481
2025-10-29,140.5500030517578,143.27000427246094,133.1999969482422,133.3699951171875,143438521,9075,55.54562554862001
2025-10-30,137.0500030517578,139.6999969482422,135.5,138.6999969482422,31586710,17357,63.624068034323486
2025-10-31,136.85000610351562,138.1999969482422,135.0,137.1999969482422,27662647,15429,45.23196272710714
2025-11-03,137.97000122070312,140.94000244140625,135.8000030517578,136.7899932861328,22226547,7023,57.17994230225683
2025-11-04,138.17999267578125,140.77000427246094,136.38999938964844,138.25,29013280,16648,68.81414025537312
2025-11-06,137.91000366210938,139.69000244140625,136.0,138.0,18170970,17319,56.36617875486223
2025-11-07,141.0,141.97999572753906,134.66000366210938,136.49000549316406,32646925,5374,52.63927160748403
2025-11-10,144.33999633789062,145.82000732421875,141.0,141.0,41386043,12858,75.52546871023335
2025-11-11,144.39999389648438,145.25,141.64999389648438,144.27000427246094,19224266,9209,56.311216654493926
2025-11-12,143.49000549316406,145.27999877929688,142.8000030517578,145.0399932861328,14977228,14206,54.54518861279847
2025-11-13,144.72000122070312,145.89999389648438,143.0,144.25,24530062,3740,78.8635152276882
2025-11-14,141.99000549316406,145.0,141.3300018310547,144.14999389648438,13373663,11486,62.43672544788856
2025-11-17,141.3300018310547,143.10000610351562,140.1999969482422,142.0,8529282,11451,72.07047956343351
2025-11-18,138.89999389648438,140.8699951171875,137.17999267578125,140.61000061035156,16189299,15667,52.701053195654815
2025-11-19,139.99000549316406,140.99000549316406,138.27999877929688,138.6999969482422,10782966,13682,69.91351527049258
2025-11-20,138.19000244140625,140.61000061035156,137.8000030517578,139.8000030517578,9904118,8787,48.35840852294625
2025-11-21,134.0800018310547,138.77999877929688,132.8000030517578,137.88999938964844,11154148,5188,65.21488348687257
2025-11-24,132.0800018310547,134.50999450683594,131.6999969482422,134.0,12377263,16729,63.3577787441202
2025-11-25,132.25,133.67999267578125,131.10000610351562,132.25,37889153,15698,48.702362201670354
2025-11-26,136.9199981689453,138.3000030517578,133.7100067138672,133.85000610351562,37106654,10884,71.84688130523767
2025-11-27,136.2100067138672,139.64999389648438,135.82000732421875,137.8000030517578,15805364,10816,61.37595180422986
2025-11-28,134.91000366210938,137.2899932861328,134.49000549316406,136.7899932861328,12338284,14450,69.48308008677782
2025-12-01,135.0500030517578,136.8000030517578,134.52999877929688,135.91000366210938,10957771,3526,51.130819587997074
2025-12-02,132.4600067138672,135.1199951171875,131.24000549316406,135.0500030517578,11909464,3946,51.9973900362938
2025-12-03,131.9199981689453,133.60000610351562,130.2899932861328,132.4600067138672,15579248,8883,59.2370681802093
2025-12-04,132.13999938964844,134.3000030517578,131.66000366210938,132.0,13313343,10230,70.36682424464317
2025-12-05,132.5399932861328,133.1999969482422,130.66000366210938,132.1999969482422,6506989,8649,71.37510907877598
2025-12-08,129.75,132.8000030517578,128.6300048828125,132.5399932861328,11987614,7856,68.52194123625854
2025-12-09,129.14999389648438,129.9199981689453,126.80000305175781,129.0,11367505,16704,69.0151224395506
2025-12-10,128.52000427246094,130.32000732421875,127.72000122070312,128.5,8907207,5498,72.84056907132222
2025-12-11,129.5399932861328,130.0,128.41000366210938,128.99000549316406,6218056,5259,68.29978467254475
2025-12-12,131.89999389648438,132.60000610351562,130.39999389648438,130.5,11049524,14334,62.438457474271985
2025-12-15,132.30999755859375,132.5,130.5,131.64999389648438,8285011,9343,46.17002699804391
2025-12-16,129.67999267578125,131.89999389648438,128.3000030517578,131.6999969482422,12843983,8679,69.85288953291355
2025-12-17,130.1999969482422,130.47999572753906,129.02999877929688,129.35000610351562,8436068,6260,56.422440056165684
2025-12-18,127.2699966430664,130.49000549316406,126.77999877929688,129.8000030517578,11582737,11616,48.32499321318123
2025-12-19,125.91000366210938,127.73999786376953,124.0,127.38999938964844,21222260,16589,58.67471435181726
2025-12-22,130.05999755859375,131.38999938964844,126.44999694824219,126.69999694824219,18396794,7242,71.80238242203674
2025-12-23,132.7100067138672,133.9199981689453,129.91000366210938,130.64999389648438,14054101,7282,69.53780962982462
2025-12-24,131.85000610351562,134.3000030517578,131.0,133.5,10990662,4013,60.00063267936775
2025-12-26,132.32000732421875,132.77999877929688,130.60000610351562,131.0,7733641,11531,77.9930106322729
2025-12-29,134.08999633789062,138.8000030517578,132.89999389648438,132.89999389648438,44684863,5506,67.65731485014004
2025-12-30,141.02000427246094,141.8000030517578,133.5399932861328,134.08999633789062,41245044,15076,56.613951907366086
2025-12-31,146.99000549316406,149.19000244140625,143.8000030517578,145.10000610351562,68661714,5028,64.26586837290046
2026-01-01,148.4499969482422,149.47000122070312,145.4600067138672,147.10000610351562,22828687,7415,73.89311210540984
2026-01-02,147.47000122070312,148.89999389648438,146.89999389648438,148.60000610351562,12703746,16994,74.65344371787573
2026-01-05,150.85000610351562,151.25,146.36000061035156,147.39999389648438,25349187,17308,59.02446380093069
2026-01-06,146.44000244140625,152.8000030517578,146.0,152.10000610351562,27791120,8586,61.89292505828474
2026-01-07,150.3699951171875,150.85000610351562,146.30999755859375,146.38999938964844,16707388,5456,45.519048567804234
2026-01-08,146.4600067138672,151.42999267578125,143.25,151.0,21794398,17125,50.25337663227909
2026-01-09,145.6699981689453,147.39999389648438,143.7100067138672,146.0,14766805,3239,54.75490839656596
2026-01-12,149.22000122070312,149.6999969482422,143.63999938964844,145.6699981689453,21341282,15831,60.66111275574361
2026-01-13,147.75999450683594,150.36000061035156,146.50999450683594,149.25,11414470,17270,59.41635373310254
2026-01-14,152.44000244140625,152.64999389648438,147.2100067138672,147.75999450683594,26571101,4819,56.2722481583117
2026-01-15,152.44000244140625,152.44000244140625,152.44000244140625,152.44000244140625,0,13488,51.06150897465626
2026-01-16,149.3699951171875,153.1199951171875,148.5500030517578,152.4499969482422,16896403,15607,50.797766143656204
2026-01-19,149.6999969482422,150.2100067138672,147.67999267578125,149.0,9393373,10346,60.894751491819115
2026-01-20,145.39999389648438,152.22000122070312,144.72000122070312,150.19000244140625,22619361,5706,63.88521878111496
2026-01-21,146.4499969482422,147.89999389648438,143.89999389648438,145.0,20875315,13036,51.3131891616219
2026-01-22,151.64999389648438,153.89999389648438,148.0500030517578,148.0500030517578,45852758,10568,54.49075131356507
2026-01-23,149.02999877929688,156.5,148.5,152.4499969482422,35863744,17467,65.17788446195686
2026-01-27,155.55999755859375,157.0,149.0,150.5,40035179,7826,73.73768907127122
2026-01-28,155.74000549316406,157.4499969482422,152.89999389648438,157.0,31471571,3511,45.788431252252764
2026-01-29,157.17999267578125,160.0,155.8000030517578,156.0,31557755,11550,45.71667815359553
2026-01-30,151.1300048828125,154.5,147.75,154.5,33012904,10178,66.33939868812317
2026-02-02,148.6699981689453,149.89999389648438,141.3000030517578,148.10000610351562,38552721,14271,78.38144703163684
2026-02-03,154.36000061035156,156.0500030517578,149.0399932861328,154.5,32031454,13678,65.81634733769116
2026-02-04,157.2899932861328,158.1999969482422,154.11000061035156,154.9499969482422,20559103,16581,61.849711599932434
2026-02-05,158.5,160.0,152.2899932861328,155.89999389648438,22567786,11534,75.02684898074853
2026-02-06,160.52000427246094,161.3000030517578,156.49000549316406,158.0,29587522,12711,56.46737112993355
2026-02-09,158.3800048828125,161.89999389648438,157.1699981689453,161.0500030517578,22102148,16930,51.98733607864415
2026-02-10,160.99000549316406,161.47999572753906,156.22000122070312,158.49000549316406,28657528,10210,73.21151348106778
2026-02-11,162.1199951171875,162.89999389648438,160.3699951171875,161.0,15729412,17299,74.35441602929296
2026-02-12,160.35000610351562,163.0,159.3300018310547,162.1199951171875,11007640,6986,73.96669663753391
2026-02-13,159.27999877929688,161.3000030517578,155.0,157.8000030517578,19899685,13556,63.41320027962162
2026-02-16,159.5800018310547,160.13999938964844,157.25,158.0,8429730,14686,56.08532279644354
2026-02-17,157.27000427246094,158.83999633789062,153.83999633789062,158.8000030517578,15671137,8278,45.987406762069014
2026-02-18,159.2100067138672,160.88999938964844,157.30999755859375,157.50999450683594,14036849,4266,71.91264359121973
2026-02-19,155.8000030517578,161.74000549316406,154.8699951171875,160.5,13791140,10509,71.91349186769492
2026-02-20,158.75,160.10000610351562,155.32000732421875,155.89999389648438,14376451,10133,65.6000891048443
2026-02-23,156.67999267578125,159.6999969482422,155.25,159.39999389648438,15614066,8853,72.24385230531068
2026-02-24,160.17999267578125,160.67999267578125,152.0500030517578,156.6999969482422,47145393,14748,61.39160375192601
2026-02-25,164.92999267578125,167.1999969482422,160.85000610351562,161.5500030517578,64790496,3132,66.61227275427474
2026-02-26,165.50999450683594,165.89999389648438,162.86000061035156,165.0,20505687,4034,45.56197919939857
2026-02-27,165.7100067138672,167.99000549316406,164.0,164.75,28020533,16249,59.795262910721604
2026-03-02,165.58999633789062,168.2100067138672,158.8000030517578,158.99000549316406,21848406,3200,59.650107917964796
2026-03-04,155.6199951171875,161.4199981689453,152.39999389648438,161.4199981689453,36418465,9147,61.12587846214693
2026-03-05,156.14999389648438,160.1999969482422,154.30999755859375,156.10000610351562,20616217,8039,69.9642679102312
2026-03-06,154.94000244140625,157.60000610351562,153.50999450683594,155.39999389648438,12234478,3650,70.03733250498473
2026-03-09,149.52000427246094,151.19000244140625,144.8000030517578,150.99000549316406,17043925,8826,62.675116983298906
2026-03-10,149.83999633789062,153.4499969482422,148.3699951171875,152.0500030517578,11722822,11011,75.87236237856033
2026-03-11,153.8800048828125,155.33999633789062,150.82000732421875,150.82000732421875,13160960,10094,74.30936454248159
2026-03-12,153.64999389648438,154.1999969482422,149.60000610351562,153.00999450683594,9824998,9696,74.32963716198586
2026-03-13,149.88999938964844,154.25,144.25,152.25999450683594,24157379,16581,61.89940677423225
2026-03-16,144.69000244140625,150.1300048828125,143.27000427246094,148.97000122070312,16060150,8666,74.30664495310711
2026-03-17,153.52999877929688,153.99000549316406,144.5,145.19000244140625,27048278,14258,51.17800673327993
2026-03-18,154.4199981689453,156.08999633789062,151.64999389648438,152.8000030517578,20171195,3424,55.518656245832666
2026-03-19,152.5500030517578,155.41000366210938,151.0,152.0,14841772,12334,50.67904861489127
2026-03-20,155.52000427246094,158.5399932861328,153.11000061035156,153.11000061035156,25811397,5063,58.873480454146176
2026-03-23,143.0399932861328,154.0,142.25999450683594,153.0399932861328,21470572,13853,68.9327294071762
2026-03-24,145.72999572753906,147.5,143.3000030517578,146.4600067138672,17464379,7697,46.60986230389526
2026-03-25,151.7100067138672,152.33999633789062,145.9499969482422,147.99000549316406,22905688,7113,46.27145546409217
2026-03-27,146.47000122070312,152.07000732421875,145.89999389648438,150.10000610351562,27097799,9606,61.631695082273865
2026-03-30,151.4199981689453,156.60000610351562,145.00999450683594,146.1999969482422,70851364,15654,61.93283304469638
2026-04-01,155.82000732421875,158.0,153.10000610351562,155.60000610351562,38264128,8747,45.51370920771066
2026-04-02,155.16000366210938,156.19000244140625,150.27999877929688,154.0,28426617,14399,56.511202125475954
2026-04-06,160.44000244140625,161.27999877929688,151.32000732421875,153.89999389648438,27838073,12078,78.64259303414204
2026-04-07,160.6199951171875,161.69000244140625,158.22000122070312,159.4199981689453,21021523,3223,58.937565342713214
2026-04-08,164.41000366210938,169.0,162.41000366210938,164.9499969482422,34940851,14930,65.38781117793822
2026-04-09,163.35000610351562,168.7100067138672,162.2100067138672,164.41000366210938,21954699,6048,50.980587078286895
2026-04-10,166.02000427246094,166.8000030517578,162.66000366210938,165.0,15081386,11687,66.25825965399736
2026-04-13,167.8800048828125,171.5,160.75,162.77999877929688,29116175,4148,57.97678340993009
2026-04-15,166.9499969482422,171.10000610351562,165.8800048828125,170.0,25814344,13823,61.82160835419526
2026-04-16,171.32000732421875,172.07000732421875,166.61000061035156,167.6699981689453,30877678,11477,74.7360371226108
2026-04-17,173.3300018310547,174.99000549316406,170.41000366210938,172.0,24677974,16806,46.10543039325648
2026-04-20,172.7100067138672,174.0500030517578,170.3000030517578,173.39999389648438,17825908,5708,67.08238423248469
2026-04-21,175.05999755859375,177.67999267578125,174.0,174.39999389648438,27069051,16601,70.99580043142265
2026-04-22,176.22999572753906,178.4600067138672,174.75999450683594,175.3000030517578,20405858,14204,59.10390503248646
2026-04-23,176.4499969482422,178.08999633789062,173.8000030517578,174.7100067138672,18802890,13195,60.115418503881855
2026-04-24,178.4600067138672,179.07000732421875,176.0,176.5,18292305,13010,73.48932523746615
2026-04-27,184.1999969482422,185.32000732421875,179.5,179.9600067138672,46111040,17870,70.87065757730349
2026-04-28,185.6300048828125,189.10000610351562,183.91000366210938,184.1999969482422,26454300,4329,76.79812265903279
2026-04-29,186.16000366210938,187.3000030517578,181.5399932861328,187.0,25568031,9371,49.7921342027887
2026-04-30,184.6199951171875,185.39999389648438,179.6999969482422,184.97999572753906,30459594,3988,64.0426025046919
2026-05-01,184.6199951171875,184.6199951171875,184.6199951171875,184.6199951171875,0,11413,51.36643176279197
2026-05-04,186.14999389648438,187.82000732421875,184.27999877929688,185.25,19546889,13565,49.839497466569846
2026-05-05,187.30999755859375,188.8300018310547,185.02000427246094,185.8000030517578,15578841,13137,49.936969446260356
2026-05-06,186.0399932861328,190.5,184.7100067138672,189.0,13017351,10109,62.0167358252135
2026-05-07,187.27999877929688,190.25,185.89999389648438,186.25,16281234,16011,66.67438496324982
2026-05-08,184.8800048828125,187.6999969482422,184.14999389648438,187.0,9202608,15384,57.289182936573056
2026-05-11,180.72000122070312,184.8699951171875,179.91000366210938,182.88999938964844,33196633,6440,68.08039457186028
2026-05-12,176.08999633789062,180.89999389648438,175.16000366210938,179.89999389648438,17088771,6450,48.8688031032766
2026-05-13,201.30999755859375,202.35000610351562,176.30999755859375,176.30999755859375,173466903,10104,71.97174061961393
2026-05-14,199.0800018310547,209.6999969482422,198.5500030517578,203.0,50058182,5697,67.15775477356792
2026-05-15,192.39999389648438,200.24000549316406,191.5500030517578,199.99000549316406,24155534,16112,53.875766122976735
2026-05-18,192.72999572753906,195.0,188.2100067138672,192.0,44414796,9937,66.57495869768756
2026-05-19,199.0500030517578,200.2899932861328,191.25,192.0,43235882,6280,50.27706785434047
2026-05-20,199.0399932861328,199.8000030517578,194.3000030517578,197.0,21709606,17805,66.91738782524283
2026-05-21,196.52999877929688,202.0,195.5500030517578,200.05999755859375,22316399,5236,72.06108215250111
2026-05-22,201.2100067138672,202.16000366210938,195.60000610351562,197.0,26032718,15196,62.395002191561986
2026-05-25,198.32000732421875,203.32000732421875,196.11000061035156,202.39999389648438,22355175,11466,65.30969695025935
2026-05-26,203.83999633789062,205.0,198.35000610351562,198.35000610351562,35728025,4683,48.91318556772856
2026-05-27,206.05999755859375,208.4499969482422,203.82000732421875,205.99000549316406,35333674,16028,75.14692491872403
2026-05-28,206.05999755859375,206.05999755859375,206.05999755859375,206.05999755859375,0,16609,70.55747785642984
2026-05-29,204.3699951171875,207.5,203.1699981689453,206.3000030517578,19770515,14311,56.31207860207879
2026-06-01,203.69000244140625,206.25,202.25,205.1999969482422,18107952,13873,52.801584553122154
2026-06-02,205.85000610351562,206.60000610351562,202.6199951171875,203.41000366210938,16404349,6195,49.93613467167531
2026-06-03,203.8699951171875,206.89999389648438,200.7100067138672,206.69000244140625,10280547,10510,64.36279416377684
2026-06-04,197.30999755859375,205.5,195.77000427246094,203.39999389648438,38406537,3174,50.4484771157432
2026-06-05,190.55999755859375,198.1999969482422,188.25,197.5,20088924,7561,74.53044699316047
2026-06-08,183.77999877929688,187.9600067138672,182.50999450683594,187.3699951171875,25903021,3318,60.05602219364117
2026-06-09,185.99000549316406,187.4499969482422,184.30999755859375,186.0,18783847,10765,49.23459997689705
2026-06-10,181.72000122070312,186.77000427246094,180.88999938964844,186.0,10702500,6406,45.780622968881474
2026-06-11,181.36000061035156,183.0399932861328,178.7100067138672,179.97000122070312,14061909,10781,55.71928673582631
2026-06-12,184.08999633789062,185.82000732421875,180.35000610351562,184.89999389648438,10126753,15530,76.62960587557632
2026-06-15,182.50999450683594,187.8699951171875,181.9600067138672,185.9499969482422,15561828,6668,59.639023346147376
2026-06-16,180.99000549316406,183.41000366210938,179.1199951171875,182.5,20743356,5446,56.77267199145578
2026-06-17,179.5800018310547,182.6999969482422,177.6699981689453,181.7899932861328,15721175,4437,70.04364391080327
2026-06-18,182.16000366210938,184.0,179.47000122070312,179.89999389648438,11869764,4843,62.70733864742999
2026-06-19,180.0500030517578,183.86000061035156,178.3300018310547,181.39999389648438,20204155,11821,63.88481114305078
2026-06-22,174.85000610351562,180.7899932861328,172.35000610351562,180.10000610351562,26161924,16838,63.517155836825665
2026-06-23,169.17999267578125,174.39999389648438,167.83999633789062,174.39999389648438,19652451,4926,56.00511295327507
2026-06-24,171.4199981689453,174.32000732421875,165.36000061035156,168.50999450683594,15287405,14906,72.43259162179893
2026-06-25,170.7899932861328,172.17999267578125,169.42999267578125,170.72000122070312,11464399,17834,78.84703109955689
2026-06-26,170.7899932861328,170.7899932861328,170.7899932861328,170.7899932861328,0,9677,55.34021793185049
2026-06-29,175.22999572753906,176.88999938964844,170.39999389648438,170.7899932861328,53065147,15120,71.62338730963336
2026-06-30,173.49000549316406,175.39999389648438,171.33999633789062,174.5,14838040,8920,45.46648871160259
2026-07-01,168.27000427246094,173.36000061035156,166.30999755859375,173.36000061035156,18693148,11333,59.17993830390911
2026-07-02,168.1199951171875,169.99000549316406,166.0,168.0,23051079,5743,63.39004233951791
2026-07-03,169.8800048828125,172.86000061035156,168.14999389648438,171.0,17112122,5470,53.70005895666779
2026-07-06,169.22999572753906,170.9199981689453,167.80999755859375,169.63999938964844,12787594,6580,76.75869047998384
2026-07-07,165.66000366210938,168.49000549316406,164.5,168.47999572753906,8475984,3103,45.9930310063689
2026-07-08,162.02000427246094,165.8699951171875,161.3300018310547,163.9499969482422,10917922,16255,69.32662797372322
2026-07-09,165.89999389648438,167.5,161.72000122070312,162.5,11731829,13416,76.65909737269115
2026-07-10,167.9499969482422,172.27000427246094,167.14999389648438,168.0800018310547,12023050,14981,70.90915535207257
2026-07-13,167.00999450683594,167.63999938964844,163.7100067138672,166.1999969482422,10301179,11900,54.59553099097952
2026-07-14,166.4499969482422,168.75,165.5500030517578,166.0800018310547,11647636,11834,61.147017681171945
2026-07-15,164.63999938964844,168.2899932861328,163.8000030517578,167.00999450683594,9947032,16181,57.32478923428431
2026-07-16,163.6300048828125,166.39999389648438,162.97999572753906,165.25,9419051,10293,58.65324226200895
2026-07-17,163.0399932861328,164.35000610351562,160.5,163.6999969482422,14464071,11227,75.49278809487883
2026-07-20,162.63999938964844,165.3300018310547,162.13999938964844,162.89999389648438,8871859,7274,59.620908233178795
2026-07-21,164.07000732421875,164.9600067138672,162.64999389648438,163.0,9270449,4386,45.767110736420484
2026-07-22,161.97999572753906,166.19000244140625,160.9199981689453,164.35000610351562,11621931,8220,62.15678626812051
2026-07-23,160.91000366210938,162.49000549316406,159.25999450683594,162.10000610351562,10376861,7390,60.13056667047124
2026-07-24,161.4499969482422,162.8000030517578,158.00999450683594,160.25,8938065,9834,66.61076096008705
2026-07-27,162.6199951171875,166.5,162.10000610351562,162.89999389648438,13672214,13936,49.66721121234864
2026-07-28,165.85000610351562,167.3000030517578,160.02000427246094,162.6199951171875,22209978,17820,71.84530061382807
2026-07-29,170.9600067138672,175.89999389648438,165.86000061035156,165.86000061035156,45760047,6373,64.53597338737976
2026-07-30,169.0500030517578,171.36000061035156,167.60000610351562,170.6999969482422,11779692,13909,60.249640535503325
2026-07-31,169.02999877929688,171.85000610351562,167.97000122070312,169.66000366210938,15525081,17671,53.96476936137625
2026-08-03,165.0,172.6999969482422,165.0,170.60000610351562,12154369,12220,56.68943613504147
2026-08-04,173.5500030517578,174.14999389648438,168.02000427246094,168.25,25348224,17420,46.85867363065797
2026-08-05,175.5,175.8000030517578,171.52000427246094,174.9499969482422,20251266,5097,45.29660155520466
2026-08-06,176.74000549316406,179.75,174.8699951171875,176.2100067138672,17549959,3543,47.081965327896036
2026-08-07,176.5800018310547,176.8800048828125,174.61000061035156,176.60000610351562,9569899,10636,65.29313141144443
2026-08-10,172.61000061035156,180.11000061035156,168.4600067138672,177.0,22268207,4983,78.38431316367729
