Date,Open,High,Low,Close,Volume,No_of_Trades,Delivery_Pct
2021-08-16,388.63037109375,397.00030276942437,387.8528303553823,393.34131380380757,17608693,15884,66.86486568278133
2021-08-17,385.5659484863281,389.545104427546,379.8487784316673,388.63035721880027,22957877,11804,65.94321531566825
2021-08-18,383.91943359375,388.1730027408294,382.36435209591116,386.1605476160816,17668574,8373,53.28667450912032
2021-08-20,372.0277404785156,381.7697937032452,370.60986540483714,379.6201319511905,25541790,3164,63.601459955410824
2021-08-23,374.5889892578125,377.7906045506143,367.0423246390654,376.0525904034102,26559937,8774,71.64813285161881
2021-08-24,381.99847412109375,383.05042792206353,373.39985517300266,374.5890154843821,19012313,6290,50.02957431905881
2021-08-25,380.7635498046875,385.3830123356692,378.9797814680828,383.27910478838214,16410980,17494,51.67563824135924
2021-08-26,375.732421875,380.3518841851432,375.04636145769933,379.16272396150333,15897679,12216,52.840526392884826
2021-08-27,377.2875061035156,379.02552025699,372.7594961495837,375.36653133773024,15090541,8476,46.193448707156485
2021-08-30,386.6636657714844,387.2124917774755,378.2479800785992,379.07124700345594,20308691,12747,63.12736390231507
2021-08-31,389.7280578613281,390.5970789222341,383.00468785192083,387.7156306445066,26262421,12396,69.87145232336243
2021-09-01,393.24981689453125,395.67389139874035,388.9047676812977,391.0544291910187,18776721,15488,59.97500133135049
2021-09-02,393.11260986328125,396.54291186906903,391.2831154601944,394.62193716265404,14372717,6184,78.56069780091278
2021-09-03,394.6219482421875,397.27470961796934,391.6947738645858,394.48474174127756,14233624,7573,77.61313367962154
2021-09-06,394.3017883300781,396.863097362607,393.3870410861472,395.1708093781607,10694099,14255,47.990284815633245
2021-09-07,392.51806640625,394.89641493545093,388.85907725851683,394.30180686624686,14928735,14597,61.82207280272011
2021-09-08,394.5762634277344,398.2809789201785,390.9172741350991,392.42660163513654,22817464,8175,52.72846963991759
2021-09-09,395.4451904296875,396.817311184705,393.341283105008,393.56996989751093,9662128,5724,54.88392334730756
2021-09-13,395.9483337402344,396.81732683650046,392.24359080603887,393.4327789234805,9567921,5925,47.19947275720632
2021-09-14,396.0855712890625,399.5158735808269,395.39951083070963,397.91506584467015,9981562,13669,46.33030023032141
2021-09-15,406.01055908203125,407.062512801603,394.66769913994705,396.0855461642564,22181568,10344,64.14832867093821
2021-09-16,424.1683044433594,426.36369222629446,405.00433868534986,406.92531346386943,42637448,15837,50.46579718470956
2021-09-17,415.38671875,431.66920812179234,411.9564166703356,428.10169954211534,41529478,8942,65.98629225784998
2021-09-20,400.1561584472656,414.8378392773951,398.50959680094365,411.08737031817446,18376916,12509,48.03283986610313
2021-09-21,401.39111328125,403.72373569928186,395.7654228403755,402.62602774775246,17279588,6467,48.03751222334882
2021-09-22,401.43682861328125,405.05006343256156,398.9212737236087,401.4825548085636,14321143,9081,74.27420816865859
2021-09-23,411.45330810546875,412.6882224948167,404.36401681076757,404.68418393628315,20516770,11796,46.86317204993283
2021-09-24,403.1748046875,413.3742297844527,402.48874432785027,412.64244323383997,10731274,15265,47.01869700098537
2021-09-27,408.5260925292969,412.13932710856494,404.546936748596,406.9710111708125,11746892,17115,50.16135285364598
2021-09-28,406.9710388183594,416.9417780856612,402.1228896445678,410.9044686740325,19241170,5348,69.73505571056107
2021-09-29,420.78375244140625,422.88766003726454,401.6655397071341,404.1810947489034,38635938,3587,73.02823472082706
2021-09-30,414.3804931640625,425.26597956466856,412.91689202004414,420.73799754782823,26530369,8808,47.25454710176617
2021-10-01,413.1455993652344,416.713108138971,405.9648277046882,410.26415104474984,14777309,12716,70.28784430270976
2021-10-04,423.6651611328125,424.8085951356085,413.0998421133248,415.11226920872434,16246765,14544,76.29299024956077
2021-10-05,425.0830383300781,429.0164401544858,419.5945550871636,422.61320970441886,16487568,4820,53.10700276603616
2021-10-06,418.222412109375,430.8459117326468,414.97504294658273,425.35742878063854,19056690,17973,72.02799965041366
2021-10-07,418.86273193359375,424.4426953653202,418.1309453493114,422.70468129074806,9984651,9788,70.70944469450465
2021-10-08,418.9542541503906,424.4427378292167,415.5239518511243,422.5217629584533,16521128,17415,55.284063097457036
2021-10-11,429.2451171875,434.4591873159546,419.54879142917974,420.78370571390514,20686981,10435,59.158757075816695
2021-10-12,441.8228759765625,443.1035164107123,428.1931489467945,429.9311629585598,33763609,13005,45.866490474101504
2021-10-13,440.6337585449219,444.70436703068015,437.24918257620556,444.70436703068015,17638983,11225,49.2765709358865
2021-10-14,448.7749938964844,451.7936485708089,440.908162183073,440.908162183073,23431826,5460,78.71975223053127
2021-10-18,455.4984130859375,458.2883810858803,449.78124266320947,451.8851502124249,20084248,17568,66.18033735419891
2021-10-19,446.57958984375,461.2155449007726,442.0515800816361,457.69376263200274,20645100,4682,78.50758729144952
2021-10-20,457.2821044921875,464.2341885642044,441.9143632095128,447.1284053266244,34080545,8245,59.48880895347338
2021-10-21,460.0721740722656,463.31951588000146,449.82699295950783,461.8559145901971,20808243,15520,49.86392267977809
2021-10-22,460.0721740722656,465.3319711429665,457.3736583218178,461.58150156155307,24080485,10856,54.47177272428034
2021-10-25,463.3194580078125,471.5064566355026,455.4069002903594,463.3194580078125,35619415,15502,48.43243226966528
2021-10-26,468.85369873046875,474.0220431018292,464.325716525764,464.325716525764,21107457,13684,53.197579081269694
2021-10-27,474.89105224609375,481.9345613326672,469.03664757410104,469.9056686189385,29463032,15255,48.392609047998015
2021-10-28,458.6085205078125,476.17165023590735,455.178218461403,475.30262921780246,28140401,14183,49.115101321112554
2021-10-29,459.34033203125,468.94520619814455,446.7625571787192,458.74575189412275,31355893,14517,56.37832537022444
2021-11-01,471.7351379394531,472.87857192911065,458.28834305473316,465.14894699267825,20679604,10099,62.17658479681438
2021-11-02,477.2236328125,480.2422874529996,468.39629986281113,470.91185470185064,26797820,3525,72.50421167166138
2021-11-03,482.6663818359375,496.0673948008811,471.27776804319853,479.3275322272319,80775924,3755,46.07670933909061
2021-11-04,485.2276611328125,490.21304451580113,483.0322455304038,486.18813452196457,9796046,12001,57.72925214469427
2021-11-08,478.6414794921875,488.8866594503413,472.42120960636737,488.8866594503413,36802110,9295,54.646059516100095
2021-11-09,484.03851318359375,486.64552042460116,477.68100884628535,481.3857239162526,25451967,12988,46.47328039293231
2021-11-10,479.6934509277344,483.4438920909196,477.04066173209947,480.7453767019264,15805538,13541,57.12172192755226
2021-11-11,466.1551513671875,478.27552314056294,463.86828350129264,478.27552314056294,23086898,3174,51.82499071706931
2021-11-12,467.7560119628906,469.26533934251404,459.84345383200485,468.3505920923337,19836221,17233,53.916256793515025
2021-11-15,463.365234375,471.91815514245377,462.40476087484325,468.7165395874351,13328183,12577,57.06256188786053
2021-11-16,452.8913269042969,464.1427058657012,451.4277258573507,464.1427058657012,19553216,15214,73.94778949625353
2021-11-17,455.6813659667969,462.3132839508123,449.14092829676997,451.74796370814363,20488483,17738,70.58132766778931
2021-11-18,460.84967041015625,463.04508622396435,450.3300766465004,456.5503749258373,22471070,14890,77.68432418951517
2021-11-22,444.93304443359375,462.86209561777235,436.79179971835237,462.86209561777235,28800269,15240,64.79944767775967
2021-11-23,451.01611328125,453.16577486777436,439.078673024738,443.8810960109461,20000371,15219,78.63931391692478
2021-11-24,451.10760498046875,457.3736292848453,447.3571356371588,453.5316796325042,13963769,6288,45.57499345778187
2021-11-25,448.729248046875,453.2115318618765,444.8415722714062,448.22614823051543,12894211,9907,63.00376757274016
2021-11-26,430.3885803222656,446.3051768594048,427.27844526124056,444.7958494828941,26305817,10195,72.43807045455105
2021-11-29,425.4489440917969,437.0204910180489,415.56965721565007,429.93119995496176,22407465,7684,73.66733422267576
2021-11-30,421.2868347167969,436.5631249543611,418.95424039622293,428.10171289395703,23026652,11073,52.52607376775538
2021-12-01,434.77935791015625,436.56312621872877,424.4427251241281,424.85437255406663,17156956,13586,59.477559647755506
2021-12-02,436.3344421386719,437.3863959023729,430.8002323931985,434.047573993291,12962679,13680,75.5760904534004
2021-12-03,432.8126220703125,440.4507665965415,429.9769002328308,435.19097031838965,16653993,16815,69.54632301612966
2021-12-06,425.6318664550781,436.33441999875384,424.259745637472,432.81263765039085,14353300,4379,68.20185012244313
2021-12-07,436.0600280761719,438.8042698440122,429.1994236565711,429.1994236565711,13644942,17634,78.14343033535945
2021-12-08,449.64398193359375,450.4215226487684,439.30734958040273,439.9019296864058,20397660,17242,54.166155703575676
2021-12-09,446.9911804199219,451.4277095928119,444.65858639992285,450.33000186818464,12560970,3806,76.995346179441
2021-12-10,452.5254821777344,453.66891625649777,443.1035686192017,446.85403798071974,13261408,9524,50.26686200768005
2021-12-13,446.21368408203125,457.78525878227936,444.8873173585926,455.31543011455665,14047645,10594,46.470493996123444
2021-12-14,446.8997497558594,448.54631152566594,440.72520592979265,444.5671554768045,11642447,11932,53.873942278799625
2021-12-15,443.4694519042969,449.14089597295117,442.2802916556454,448.22614873064373,8639835,16709,52.595720670693645
2021-12-16,440.130615234375,448.7292334393856,437.47785390417283,446.71680632358755,11107781,11502,62.025517408616714
2021-12-17,427.918701171875,440.3592678662067,426.7295410555377,439.1243536433227,12648603,15296,62.55867209484751
2021-12-20,410.9044494628906,424.4426967266162,405.2330057109719,419.8689607705104,22336114,10504,50.69298904695002
2021-12-21,407.97723388671875,419.1828866111858,406.60511314494727,418.08517885142146,16617447,4806,45.98202562806118
2021-12-22,416.987548828125,418.31391562078755,410.7215244422132,411.6362717126858,13102553,15861,56.122771499089666
2021-12-23,422.43023681640625,425.3574389605467,418.7255219014844,421.69845023830544,14471377,3357,58.66084959154552
2021-12-24,417.9937438964844,424.07680718880107,413.6486946997054,423.1620599894792,13221159,7753,66.81815804708323
2021-12-27,418.99993896484375,421.2410807453631,412.13933504390945,415.0208110233969,8856482,16305,50.18214131605669
2021-12-28,421.8814392089844,423.4364927709809,419.91471030583773,421.8814392089844,8832210,10393,74.6880260519784
2021-12-29,415.6611633300781,422.7504548333301,412.9169214578515,421.69850103215094,11757303,17794,75.85609130801205
2021-12-30,413.1913146972656,416.11848894021495,410.26411253844765,414.15178807532254,28879190,16983,74.59355470558953
2021-12-31,421.19537353515625,422.06436665478475,414.4719758064491,415.5239295385626,10005842,12627,51.1451591092521
2022-01-03,430.6629638671875,431.7606716563902,420.87518572958294,422.61319979926327,13124509,12295,78.12897177728192
2022-01-04,442.2802429199219,443.37795065608043,430.89162984177966,432.2180243633156,23296671,6255,62.94615869105998
2022-01-05,450.4215393066406,452.7998877344807,438.30113827132374,440.81669320318196,24694169,10237,51.240142991051705
2022-01-06,449.7812194824219,452.2510202282293,444.01829524379843,446.1222306004526,18190843,10963,61.68724317480131
2022-01-07,449.3695983886719,459.1574053876083,447.7230644616879,451.38205355798243,22746330,4622,63.509394614780845
2022-01-10,460.7124328613281,461.90162099966733,450.513006917338,451.2905476393541,15832274,17713,65.06908422265253
2022-01-11,462.81634521484375,464.50860515903355,456.6875279646444,460.11782987724814,16107950,15591,51.48653033151169
2022-01-12,466.749755859375,469.72268424064487,465.14894826946045,466.4295887582183,14489616,16651,70.76125391307704
2022-01-13,467.7560119628906,469.1281049222905,463.77685584143205,466.52109759197305,10450974,3941,65.51626852622556
2022-01-14,465.0117492675781,466.84124368553586,462.084547032498,465.60632937024053,8724574,7983,51.225308691566276
2022-01-17,470.1800842285156,474.6623680645578,464.2799533281715,464.691600755031,17422211,14141,56.62849723268003
2022-01-18,463.5938720703125,473.3359521308501,461.9473382685742,470.1800631090042,12592506,10069,58.70143872412156
2022-01-19,471.8266296386719,473.51894558341195,457.64804698555474,461.9473703112355,16079457,4871,58.316593632172456
2022-01-20,467.8017272949219,474.8910462350493,464.691592299712,472.0095701312035,17724642,13552,64.88018050074045
2022-01-21,459.84344482421875,464.23422037272604,455.5441216662415,462.2217652954026,16947941,11970,78.21871388699091
2022-01-24,452.0223083496094,463.59385446379423,446.3966188388103,459.56897250006057,20233933,4135,67.75028122475685
2022-01-25,470.7746887207031,473.38169601825234,447.31139971579785,448.2261469544805,21791739,14985,52.34216024607792
2022-01-27,483.8555603027344,485.59354654725604,460.3008190412504,460.6209582402638,35409230,5009,45.33275388494146
2022-01-28,478.8244323730469,490.67041976372684,476.94921178187474,488.47500415393523,24715250,8742,56.099695964518595
2022-01-31,492.4084777832031,494.7868543460979,482.11757029540365,483.9013387596382,28674232,12003,46.94182911635421
2022-02-01,486.919921875,497.5767490544578,475.6685425164396,497.5767490544578,32245356,11008,51.26772544408646
2022-02-02,493.7805480957031,497.8511844727147,486.0509227652862,490.89912779394075,21661864,16119,55.50475694984976
2022-02-03,494.054931640625,498.2628021851724,491.35647211378875,491.35647211378875,22717677,14681,66.20933798892455
2022-02-04,485.09039306640625,499.8178553946893,482.34615166965295,495.93018008262214,25332894,17685,66.59816801273828
2022-02-07,487.7889709472656,502.19624013136206,480.4709929489944,486.5540844927539,52289545,10051,63.85657912002175
2022-02-08,486.0509033203125,491.8138553567655,474.75379771132225,489.8471265402949,26567546,12326,78.90070621159938
2022-02-09,489.618408203125,490.76184213167033,482.7578046318528,489.3439952266211,14856155,4366,57.229850452616354
2022-02-10,494.46661376953125,497.5767767456132,488.8409516930406,491.3107245973949,18659370,14452,50.54322729851813
2022-02-11,484.4501037597656,491.85958971603907,482.1632357174107,490.5331950851254,14607095,8097,47.19849771207819
2022-02-14,458.6542663574219,471.6436605802897,457.0992127792638,471.0948345620402,26153332,4626,65.36894912116779
2022-02-15,480.0593566894531,481.93457742879133,454.72087403042843,459.203130075481,23842951,16411,65.63332450550267
2022-02-16,472.64990234375,482.9865348203373,470.18007366979805,481.6144139827795,19773807,15832,77.92996508714359
2022-02-17,469.2196044921875,475.6685613206677,467.5730427227092,475.6685613206677,16408356,4020,56.09247601736875
2022-02-18,471.36920166015625,476.49181926909193,466.6125331647754,466.6125331647754,15111223,12672,51.73497138141819
2022-02-21,468.21337890625,473.3816952128393,461.6271876325928,467.9389379855899,16866932,11288,62.00078113538012
2022-02-22,455.9100036621094,462.2217538249075,453.2572423375559,458.1968716860123,27108772,5597,56.51824494834496
2022-02-23,456.1844482421875,462.2675116515027,454.8580536113119,460.117850108577,13899433,11449,66.16734496374472
2022-02-24,432.355224609375,446.35087242193543,428.1016560459381,439.07862158557754,32356037,7527,53.23274572073318
2022-02-25,441.77716064453125,449.96413113557287,438.43831111317127,439.0786453039202,21792287,7712,54.55298663524813
2022-02-28,442.0058898925781,443.9268368175904,432.76693692708824,436.24296536992784,18069367,7309,48.15197244654988
2022-03-02,433.8188781738281,438.8957141848437,427.18696068988453,437.24918032069553,22003848,16533,60.28268815070558
2022-03-03,427.5528259277344,442.18878079331955,424.99154499260436,439.07864596755644,20358590,7958,54.4842872207594
2022-03-04,422.5674743652344,430.7544449425451,418.6340447100843,421.05811917340276,20684268,16374,77.18728647655276
2022-03-07,402.76318359375,415.2495052870526,396.49718756599424,409.34937464261577,33720472,8289,62.57848832122959
2022-03-08,402.76318359375,404.4097453139011,388.7675625097468,400.65927618651557,42510207,16020,57.58061737232867
2022-03-09,413.1913146972656,415.569635045953,401.1623668798871,404.3182558349919,32331325,3612,54.98273192748518
2022-03-10,428.7420349121094,436.0142585909613,422.293050235539,429.83971483102124,34553299,17937,58.01126407077926
2022-03-11,430.2513732910156,434.32198179141335,422.6132281939466,426.63811049833384,22091309,6053,46.82939241959708
2022-03-14,443.78961181640625,444.56715254291663,430.4342967123957,430.8459441310982,27750689,11312,65.54083685494942
2022-03-15,444.4299621582031,448.68353133693876,439.67326523660074,447.3114104460001,27204899,13246,47.904579081124666
2022-03-16,450.7417297363281,452.1595768776228,447.6773207140534,450.9704165601416,16211288,9663,75.13958124782852
2022-03-17,459.1116638183594,460.57526508004037,455.8185679585451,456.4589022342406,22947673,17320,46.05444783497726
2022-03-21,448.7749938964844,459.20310667199715,447.31139275419645,459.20310667199715,19064060,3082,63.36614233761976
2022-03-22,451.6106872558594,453.5316339727658,436.56308520097156,448.7749654566082,26157969,5331,60.28179706258167
2022-03-23,448.82073974609375,459.5690201040249,447.4943729620845,456.0015113556305,15800195,14283,50.536154853353736
2022-03-24,445.5733642578125,452.6169009096352,442.28026877271157,443.65238956518124,18174877,16606,50.86073741573176
2022-03-25,448.8664855957031,451.2448061069364,445.11601629710134,449.82695903940345,11541196,6357,58.944543763085235
2022-03-28,455.0867614746094,456.09298904295355,440.86245275969105,449.0951780929001,16738684,12018,45.849279109735846
2022-03-29,452.79986572265625,458.6542422417551,449.78121111751955,457.3736017400568,14301429,7892,70.76511221443761
2022-03-30,452.1595458984375,457.7395096003556,450.3300514332755,456.7332820613425,16461225,6668,58.605152680442906
2022-03-31,451.47344970703125,455.13243834748005,450.2385633735741,452.1595100771154,10240982,9275,78.78073677201222
2022-04-01,464.87457275390625,466.29241985292714,449.1409085782977,449.1409085782977,18527226,7320,50.943276843135806
2022-04-04,468.7165222167969,471.0033903856303,462.8621173718863,465.880772188398,16257176,5298,56.84109883567268
2022-04-05,465.97222900390625,472.3754874696574,464.41717547702837,470.54599302683414,13602384,14655,48.81788236890613
2022-04-06,470.1343688964844,471.2778029798829,462.8621169597213,463.7768642264401,13738275,3551,76.20563348044953
2022-04-07,471.049072265625,475.5770819802615,466.56678874371477,466.56678874371477,19620958,8068,51.998889446432365
2022-04-08,472.10101318359375,475.21117603315696,468.6707111429309,475.21117603315696,13572638,7732,63.842040621053
2022-04-11,471.00335693359375,477.49803973911236,469.44827552288496,469.7226885173069,12370288,16359,72.00728819954331
2022-04-12,469.1280822753906,472.6498925176163,461.3527589400779,469.03662988748397,14460680,4743,75.32413709850597
2022-04-13,473.5646667480469,476.4918691407067,469.9514039117203,470.4545037373942,15440525,7342,67.62308019697315
2022-04-18,466.0636901855469,471.0947996968727,461.03258067422104,468.3505581452404,14492183,7988,46.48016184346427
2022-04-19,468.1676330566406,476.5375927567471,462.0388432092619,469.4940277402288,20362934,7644,67.07632052101985
2022-04-20,465.88079833984375,469.9057088756192,463.77689067276606,468.35062726717206,11881305,7366,73.17475415611096
2022-04-21,472.28399658203125,473.83907808185285,468.5335551692924,469.6312630416218,10035638,15101,60.148279983784064
2022-04-22,457.9224548339844,469.7226881547967,456.45885372783556,469.1738621663764,16760456,10116,60.36576878124964
2022-04-25,452.5711975097656,456.6418338987888,448.2718743104798,452.79988432002824,14057444,14756,64.99557497078307
2022-04-26,462.40472412109375,464.60011188686263,455.955767324922,456.45886713437346,12137213,13367,69.72347449420985
2022-04-27,454.8580322265625,459.9348678754136,449.9184030706242,457.373586954814,12367342,7072,69.91364099014837
2022-04-28,464.23419189453125,466.52105983489844,454.1719729569158,456.5960473905313,12154792,9743,46.33891253556021
2022-04-29,453.9890441894531,468.80796064849517,451.88513670313483,464.78307837439434,12894773,16827,47.5791148232179
2022-05-02,449.1408996582031,452.7998886574553,440.2678401686684,450.65022703722053,18590895,12193,70.78378397633456
2022-05-04,438.75848388671875,454.12625342075836,436.79178301235004,450.0556172608926,14645323,5520,52.855628399769145
2022-05-05,439.07867431640625,451.88513565063477,437.8437599617173,443.65241050720215,14130385,13968,72.70953784796865
2022-05-06,442.69189453125,444.65859532112023,430.84590776912756,430.84590776912756,16710020,14302,63.98323372721184
2022-05-09,435.32818603515625,442.4632309305549,433.4072113357847,436.42589383933114,13544947,15289,77.07038457317378
2022-05-10,434.68792724609375,441.411297554781,433.13284567289395,436.3344612164106,10884328,5682,60.69251110748518
2022-05-11,435.92279052734375,438.1639324546815,424.12255659347113,434.7336302694935,14771351,11448,46.0722241476974
2022-05-12,423.2077941894531,432.6754334647198,417.4448978910489,432.6754334647198,18947096,6899,78.09060999519093
2022-05-13,406.74237060546875,436.3344505610766,402.26011453717706,429.42811979506433,61403008,11759,48.61435001876546
2022-05-16,416.2099609375,422.15581752232146,401.4367997753096,407.06248926854397,27940958,6926,61.707801397209366
2022-05-17,427.46136474609375,429.6110262963001,417.261938826114,419.2286397659697,16880698,12300,50.2928189567107
2022-05-18,418.9542541503906,428.650580899491,418.13098718174103,428.01024663727935,15644497,8024,56.536773918760765
2022-05-19,409.3493957519531,411.6362638846456,406.5594277964166,410.76724282787416,14201420,14774,78.52217685426027
2022-05-20,422.9791259765625,424.44272717067,415.43246110768746,416.0727953538191,13596860,11274,63.046452711985516
2022-05-23,421.60699462890625,431.2118405873068,420.32635408429354,423.61944971034774,13499415,15652,65.68366066509417
2022-05-24,422.658935546875,427.0039847772349,420.9666755477461,422.9791026522859,17175179,16116,54.63644280187642
2022-05-25,421.8692932128906,431.48468563956214,419.9647793082008,428.27954538016223,12728644,10940,48.19009161250342
2022-05-26,435.6188049316406,436.7336436826211,420.3828359935606,424.4240910264561,17055257,10448,49.83707505985013
2022-05-27,435.665283203125,441.28586018700094,434.3181887103641,437.9413722079097,10977001,14550,59.508282874504495
2022-05-30,440.9142761230469,443.05101746267394,437.66269595746616,439.42783380561843,9365470,9151,53.52069075777652
2022-05-31,434.8756103515625,442.58648881837377,431.99563378932805,440.3568396046054,15441579,9340,72.80072383283327
2022-06-01,435.0614013671875,438.4987973480269,431.7169416957556,434.78270584507754,9424008,8424,72.18603726660835
2022-06-02,436.50140380859375,438.82396099779396,433.0640078279661,433.7607749847262,9370989,13379,61.83757419468408
2022-06-03,431.5311584472656,441.7504108539824,430.60213550120045,439.66010922533576,11306291,4958,58.41817770674192
2022-06-06,430.7879333496094,432.5530712027392,424.0989570780838,431.25244480314507,10661432,6029,61.082658709624255
2022-06-07,430.5091857910156,432.8782110846822,427.8150251789779,429.069211704857,7672515,5764,70.82633391269833
2022-06-08,437.8484802246094,441.7968275387451,430.32341743653836,433.48208961754125,17168871,6586,60.5317152767163
2022-06-09,433.8072204589844,437.47684361514746,429.62661773699557,435.66526611320165,12635601,16026,76.81521630613894
2022-06-10,429.0692138671875,431.20595510609974,426.0498895700351,429.2085616259813,8621104,9335,47.058066212180876
2022-06-13,414.2048645019531,421.82283525019136,410.72102863648564,421.77639544593,13426836,4755,53.905400865184305
2022-06-14,416.2951354980469,417.36350608148376,411.88227705867666,413.41515905678415,11351101,15071,65.84524358830531
2022-06-15,419.3144836425781,423.1234831307332,416.7596707159718,417.0848343951183,9920926,12201,68.17286456239839
2022-06-16,410.2565002441406,425.2602137481273,408.9094057578501,422.84474864418956,10780703,5238,76.5883110675854
2022-06-17,409.6990966796875,415.78418530109855,406.2152608235677,408.77007378472223,14326050,9370,74.25277460350016
2022-06-20,403.8462219238281,411.9751714122182,400.13013072913554,410.1635656141952,12368534,14362,48.90180142268895
2022-06-21,418.757080078125,422.65898767237655,406.54043438286834,408.30557225587563,13801891,17225,71.13426568031778
2022-06-22,415.8770751953125,419.1751233400902,413.0900066314862,416.8990060056877,11066447,17277,68.78396630824437
2022-06-23,419.36090087890625,424.0524831934855,414.3441832542056,417.1312517514312,12229833,16648,57.48774229834896
2022-06-24,422.0086364746094,427.67568162206436,421.0331738068587,423.44861057491323,10833364,16793,55.742303810995935
2022-06-27,428.46539306640625,431.8563211413282,425.5389481119031,427.3041143865337,9509175,11618,77.11524481829025
2022-06-28,431.2988586425781,432.69239291929085,425.49246582294194,426.32858071866406,13261290,15976,67.37805740479229
2022-06-29,426.514404296875,429.85889229141424,425.4924734719425,427.3505192076278,11800876,12891,77.79378304378235
2022-06-30,432.831787109375,435.9904594718032,426.0499309091165,426.42153441913206,16926328,16125,64.05332536069145
2022-07-01,433.71429443359375,435.5258718600532,427.8614338557753,430.46271467420314,9405495,12683,63.30655922280944
2022-07-04,439.8459167480469,440.4962157869446,433.71435975090793,433.71435975090793,9186358,17380,76.2252810269838
2022-07-05,438.63812255859375,445.93095742851125,437.56975197672665,441.425191042522,12003244,6405,51.332845287015694
2022-07-06,445.8845520019531,446.8600147059179,440.26394644847693,441.4252250729725,12059857,14294,68.74948833250257
2022-07-07,452.201904296875,453.59543867067123,447.4174419504805,449.6470912782486,11497832,7635,49.78570478962401
2022-07-08,453.8741149902344,455.12830154386137,450.71544288032334,454.29218662528615,9057231,8922,64.81790478009772
2022-07-11,453.5489807128906,456.4289289555805,450.5760961604987,450.5760961604987,7704792,4552,67.1287837530702
2022-07-12,450.5296630859375,456.475403927994,448.810965064402,450.57610288995386,7364457,8995,61.41227998762113
2022-07-13,451.96966552734375,457.4973634247652,450.1580594328193,453.130944215749,8208853,17047,76.52150662628978
2022-07-14,445.32708740234375,454.1992438525771,442.95806223785206,452.0625027409425,9385630,15402,66.5771991291755
2022-07-15,445.0948486328125,450.0186583477251,441.0071538041928,448.29996042218977,6945602,4111,50.334375043058415
2022-07-18,455.4999084472656,456.6147472480962,447.8819378133518,450.1580268670489,9934786,13325,48.45816324523019
2022-07-19,462.6069641113281,463.1643551697625,453.3631749213971,453.3631749213971,11724183,4991,57.63414118340464
2022-07-20,472.50103759765625,474.3590833386211,464.8830387190893,465.4404581116844,19280117,4217,58.32947414631461
2022-07-21,475.7061767578125,476.9603917266901,470.7823666026297,473.6158751794091,13814893,10953,59.06680254681439
2022-07-22,477.23907470703125,483.27772355243076,474.9165174588007,477.0068189822082,14699129,14657,59.97285887782874
2022-07-25,481.04803466796875,482.16287346167064,473.0119924472466,476.9603680284706,10229778,4890,52.551641213585796
2022-07-26,477.7035827636719,483.8351111742268,476.6816235598744,480.95516288809955,8862656,9018,48.700236122524444
2022-07-27,490.7098693847656,492.33565933474154,475.8919439286603,478.7254522151504,15101546,13458,66.21092943358886
2022-07-28,494.6582336425781,499.3497877496615,491.9640446646601,495.35500078827533,12160734,16685,73.60894704048832
2022-07-29,490.8492126464844,498.885283185348,489.3627987297617,497.07367724099106,11921058,8814,65.17333451604347
2022-08-01,495.86590576171875,497.0271842295448,489.0376110521217,491.4994873820828,8295631,6284,71.56206928406812
2022-08-02,503.623291015625,506.2246004960406,493.4040391236026,494.14730280546866,16845027,6504,72.17156365127603
2022-08-03,502.4620361328125,507.61815882985996,496.7021392476007,503.4375555855905,24262125,14375,77.530926922133
2022-08-04,495.4014587402344,505.38845486111114,486.9938128814101,505.0633195290963,18072293,6414,63.959166679495084
2022-08-05,493.35760498046875,504.3665604850358,491.45311935571334,497.5382080751771,21110734,10645,49.441460357413135
2022-08-08,483.4635314941406,486.8079911951748,477.37838624175544,486.8079911951748,32566317,8590,77.74201659494238
2022-08-10,478.1680603027344,486.3434498381033,476.96034196848444,484.5318439852017,16904151,15691,72.20351235039811
2022-08-11,487.5047607421875,488.6660393528168,480.49064927459784,483.0919020217961,13862195,10832,72.17715714288093
2022-08-12,493.0324401855469,494.05434264419563,487.8763746840825,488.3873259134069,12154012,8093,47.89247678431178
2022-08-16,488.6195983886719,495.9588451685862,487.73701530607804,495.44789392173413,10721167,14121,48.5098527053741
2022-08-17,490.6634826660156,492.8931036739318,487.1331501731273,491.31375335391226,12054183,14229,52.68542043858798
2022-08-18,494.5653381347656,496.8414556724269,488.8518810905393,489.45571197812444,9013662,6573,63.64749329613206
2022-08-19,483.4170227050781,495.7730721102587,481.6983530946415,494.24016170944896,11087222,15496,49.621845296835176
2022-08-22,475.0093688964844,482.9989993783973,473.8016505396413,482.1628561373997,9676954,6187,71.16333318884236
2022-08-23,484.8570861816406,486.80801163866346,472.1759006018143,472.1759006018143,8597965,12090,61.44420690146195
2022-08-24,482.44158935546875,485.87898548825365,475.9384289378439,482.16289382103946,11930650,15096,46.10524158209209
2022-08-25,483.4635314941406,490.8027782555925,481.6983653333934,484.9035056236676,15473450,14046,67.5044878803348
2022-08-26,486.6221923828125,491.9176343481351,485.13577839745057,486.6221923828125,12855886,7503,76.97631003837314
2022-08-29,478.307373046875,480.3047947779463,472.6403565634046,475.0093533981979,9421339,14937,73.86027637814283
2022-08-30,493.5434265136719,494.70470516429225,481.1874330116826,481.4196887418067,14835308,4307,46.48171597158087
2022-09-01,495.4479064941406,502.50851463100315,485.18221468066645,485.18221468066645,16670228,10332,62.222817352803055
2022-09-02,498.6065979003906,499.67494020526334,493.5434117940799,498.88529342761575,10017930,11932,51.304298768014945
2022-09-05,500.650390625,502.41549985626574,498.2348974147237,498.8852246906846,7819994,9104,47.378883967628376
2022-09-06,499.6285095214844,504.1807444604695,496.19111341480766,499.81432544404555,8657868,8439,64.01049740214403
2022-09-07,495.02984619140625,499.30338569661285,493.8221277215004,496.4698770971638,8445359,10351,49.53822709199793
2022-09-08,505.9923095703125,507.5251632256435,497.4917279520944,497.95623936941655,12240707,16129,49.192360201876085
2022-09-09,514.0748291015625,517.4657855661197,509.1045789770801,510.6374895329618,18587927,4675,46.061166265544365
2022-09-12,515.5147705078125,518.9521094794106,512.1238146322019,515.5147705078125,9677415,4165,51.916010054538226
2022-09-13,518.3948364257812,520.2528824344759,514.4464886573053,520.2528824344759,16707275,12906,72.83094354218585
2022-09-14,531.1688232421875,534.0487714434327,510.2658087726655,510.96257592164955,21632641,6166,74.83325695001483
2022-09-15,531.54052734375,537.4398006593908,527.5921796293119,531.9121025185649,12749947,13517,73.28931180390244
2022-09-16,521.925048828125,533.2591394390437,520.5315144916118,528.7069045918777,14739280,13904,47.837600711271875
2022-09-19,531.6333618164062,533.6307837600242,519.8347594839756,520.903158514852,11194003,8441,76.58011251510192
2022-09-20,533.3055419921875,536.9287536952673,532.1907032602358,536.9287536952673,8484017,5760,63.521875544564814
2022-09-21,529.264404296875,536.3249562803288,525.2696168140508,534.1882147618937,9392526,10636,50.55586978503471
2022-09-22,527.03466796875,533.2591325992832,522.1108580501693,526.5237167258603,11869435,11072,64.37577230528103
2022-09-23,511.5199890136719,527.6850102482754,510.4980864989918,524.7121256104904,12563239,7771,57.81896371059643
2022-09-26,504.7380676269531,510.0335088407735,495.16914428439395,507.06062458888744,16158750,5917,74.43910721827153
2022-09-27,498.4207458496094,511.79869721719484,495.35498186626154,505.8993682538064,11066799,11992,62.614824168759014
2022-09-28,487.5976257324219,501.486528839793,483.4170228594841,495.07630512312164,12233485,4058,46.47915347323843
2022-09-29,484.71771240234375,497.67759358102506,482.6738506213195,491.45312862643,17310168,14630,78.75053579252148
2022-09-30,492.9395446777344,498.79243450750494,479.5152086825928,486.80801601223925,17466950,8719,45.525935434824135
2022-10-03,482.8596496582031,493.91504478951293,481.6983710394965,490.1524567024575,9351162,14003,59.99833853000342
2022-10-04,494.8904724121094,497.77042050115574,490.33823786820665,495.16916792023426,8745887,4550,49.767424454616574
2022-10-06,499.16400146484375,503.3446045871675,496.6556282508377,496.6556282508377,9507322,9789,66.90019983158668
2022-10-07,492.56793212890625,497.5846215553129,489.17697600581823,497.4917419504565,11065307,14050,66.42626828503182
2022-10-10,493.07891845703125,496.0053633580189,485.13578377256994,488.3873640167519,9649292,14636,67.28483354508609
2022-10-11,489.96673583984375,495.8195691956654,488.2015695200119,493.0789401003736,10825440,14693,56.779186972874
2022-10-12,495.91241455078125,497.02725337559986,488.66604724404766,492.38213885807085,8522604,3792,72.09600030772421
2022-10-13,484.43902587890625,495.9124365653068,483.2777471979726,495.1692295501213,12972765,14327,77.91494765014835
2022-10-14,489.7808837890625,496.8878749459658,488.66604496943324,492.5679524866068,8545479,6330,63.90354697504806
2022-10-17,505.0633850097656,506.0388478353349,486.99387601939617,489.0377379939148,13485349,14906,65.72665985817355
2022-10-18,522.5289306640625,523.5043933483238,507.94326009440294,508.26839542147115,20440781,9481,47.72928687579142
2022-10-19,514.121337890625,523.4580074640971,512.4026113622147,523.039935784048,9540583,3543,67.11615563856519
2022-10-20,515.9793701171875,517.2799682278867,506.5962042820574,512.8206693998048,11225588,6383,68.24566415483378
2022-10-21,521.04248046875,525.6411552498403,517.6980206478074,517.6980206478074,11767639,11257,75.19142730622065
2022-10-24,530.0076293945312,531.8656754222071,525.7341462121028,526.7560488460986,3692065,4273,69.98549516426921
2022-10-25,537.4862060546875,544.5932541668578,527.6850254611185,531.8656286557928,19899324,9625,53.79320974941412
2022-10-27,538.5081787109375,543.4784288404763,536.6036362901586,542.5029660780416,13613533,15884,60.91668574914871
2022-10-28,530.2398071289062,541.2952020481209,526.7559713396231,538.7868289392258,10043644,12734,58.753125634253905
2022-10-31,533.0733642578125,536.4643207503551,528.056674284823,534.1417633453428,9894639,10593,66.78162802203174
2022-11-01,535.9533081054688,544.1751376967455,533.8165101750305,535.4423001724173,12069579,12082,56.31635684555843
2022-11-02,533.1197509765625,537.8578016328036,529.4501560045153,535.0242932214652,10241440,13581,46.017663272148035
2022-11-03,543.385498046875,546.2190064529988,527.684988900138,528.6140117679199,17557998,5061,67.86824125591387
2022-11-04,551.7931518554688,554.5802205002109,539.2049031506616,544.4074086062908,25759031,11143,53.40141452409631
2022-11-07,570.5593872070312,578.5025209721696,564.5671786813821,569.4909882835163,44265903,17467,64.17583959771765
2022-11-09,571.8600463867188,576.9232326353217,567.2149317922315,576.9232326353217,18939854,14500,69.34970355557601
2022-11-10,562.7556762695312,571.4420185459949,559.4576559951925,569.5839725657406,11618405,16945,67.1262795125307
2022-11-11,558.6214599609375,575.5761279324214,556.0202071744174,573.4393865971748,15525267,8104,67.28752861775033
2022-11-14,550.4925537109375,561.0834383305436,549.6564670534292,561.0834383305436,12957268,16254,56.088139316733674
2022-11-15,558.203369140625,559.3646477289204,550.5854269638519,552.1182806785682,10286417,9703,61.1838533765302
2022-11-16,557.181396484375,560.6652318104549,553.6975611582951,557.367212375709,11555749,11723,70.54837159034682
2022-11-17,556.5310668945312,559.9684624091999,553.836934942098,556.5775066914088,8167131,10290,66.84797209987455
2022-11-18,559.9220581054688,562.7555663311978,554.76599285815,558.3427079901772,12933675,8578,69.91765702586477
2022-11-21,555.6485595703125,559.3646510750879,553.0937466607794,559.3646510750879,7412419,3342,69.65021586874178
2022-11-22,556.5775756835938,558.0640462892758,553.8370035945674,555.6950493243781,8048595,17872,72.2533146407662
2022-11-23,564.5208129882812,566.3323623614517,558.3427877471263,558.8537390242528,12435924,10936,70.42058689829902
2022-11-24,566.1000366210938,567.911642473298,562.8020169277778,566.4716684328985,8960032,11883,55.00606401432829
2022-11-25,564.2885131835938,570.1413459163525,563.2201142032641,567.2149011984452,9994513,6699,58.3857349265676
2022-11-28,565.4033203125,567.5401183678248,559.5969271253315,562.6162515826591,7934274,5431,69.39789788539392
2022-11-29,565.3568725585938,568.3761969734692,564.0097780174993,564.0097780174993,6942919,15626,56.957082913262234
2022-11-30,559.6898193359375,568.0045850653908,555.9272881877424,565.3103961576169,15606230,17763,65.79062166750049
2022-12-01,564.9387817382812,566.518131949988,558.8536933108481,564.7065260219437,14209313,8637,52.86177255139592
2022-12-02,564.4278564453125,566.3323420662039,561.3620921893583,564.3814166405217,7533838,16559,71.12837822090783
2022-12-05,573.48583984375,574.1361672313877,564.4278663316044,565.3104494503227,11585602,8584,58.699096486754605
2022-12-06,565.7284545898438,575.8083294523524,564.6600556712689,571.1167755767569,12996244,13559,57.17863593196956
2022-12-07,563.96337890625,569.3981972670116,561.5943816888696,567.4936548285287,7613892,14409,65.85409820376265
2022-12-08,568.2368774414062,570.2342426474543,564.0562744063031,566.471711256473,10020015,12757,51.187506009770765
2022-12-09,572.7425537109375,574.1360879048814,565.8677623395937,570.7916285206367,11202267,17055,46.50464619344785
2022-12-12,569.5374755859375,574.7864776344798,567.6329899879643,571.1632656554611,9285187,11617,55.376873757853396
2022-12-13,572.9749145507812,573.5788021601909,569.0265669434187,569.9555899098569,7455415,8367,53.170868553880425
2022-12-14,581.103759765625,582.2650382623589,573.6715773865283,574.6006001839154,14010673,9154,66.01623742371758
2022-12-15,572.2316284179688,584.8663163337957,570.6987180540169,581.1502249817225,10622271,6429,69.64481865413657
2022-12-16,560.5259399414062,571.9064703833176,559.3646613248847,568.5620106489584,9435071,14283,67.75290956177008
2022-12-19,561.5479125976562,566.239466980178,560.2008180296101,561.1298409450822,8322012,11944,76.05845290875544
2022-12-20,561.5479125976562,563.4523982337621,556.99567763062,560.2008180296101,6753785,14330,47.82252587092948
2022-12-21,551.2821655273438,565.9142749810452,547.7518334395638,562.8949508080592,9217253,8454,49.24279304276787
2022-12-22,551.2821655273438,556.484670651883,545.8473479941371,554.6266250069685,8740149,7781,69.43317866165265
2022-12-23,533.2590942382812,548.7737865436641,530.9365372076268,548.1234592344703,13047046,15874,74.5403589030701
2022-12-26,554.7195434570312,558.993082761458,530.1933732483348,533.2591374365397,13201587,12740,63.35564251899922
2022-12-27,559.1788940429688,560.2936761363036,551.1892632547101,557.7853597232435,9638618,4277,70.10127151008297
2022-12-28,558.38916015625,563.9168573306621,556.0666030832242,558.2498407537006,7988631,12176,45.00075739228518
2022-12-29,568.376220703125,574.1361742448994,554.7660687173757,557.413761402815,20130392,10523,73.65004293978366
2022-12-30,570.141357421875,576.5051415202785,567.9581196143295,571.5813315569454,13052895,7752,45.753113160538284
2023-01-02,568.7478637695312,575.2510244474183,567.8188408155474,571.3026768929869,6726084,10776,60.39631654798133
2023-01-03,568.9336547851562,572.8355056585625,566.7039771120167,570.8845802218594,6818062,10786,52.20452624178937
2023-01-04,562.2446899414062,571.3026635308936,561.1298510820882,568.4226584190668,7011191,3925,60.38130869373172
2023-01-05,562.1516723632812,568.1903205500095,559.225284571544,563.9168383606225,8241475,6659,45.567101423507395
2023-01-06,558.0176391601562,564.3349836708002,554.6266828234792,564.2885438654469,7972036,9621,76.20106459946776
2023-01-09,564.5671997070312,565.7749180766002,557.5065919949155,562.0588266606619,8878905,7130,78.45723467973866
2023-01-10,552.907958984375,565.774902476049,548.6808597528583,565.2639512610573,10622660,12190,66.28739805549937
2023-01-11,554.3479614257812,556.9492141378572,550.2137982871492,554.1157057067913,7419630,16318,77.29988537813627
2023-01-12,552.6757202148438,555.4627887853612,548.2163651395716,555.4627887853612,8183715,7543,60.74889575173451
2023-01-13,557.506591796875,560.1079011495518,551.5144397532472,555.462786881279,7877610,5001,75.11344557817324
2023-01-16,560.2008056640625,563.0807539572319,557.9711280349228,560.2008056640625,5483191,13316,70.7907239741878
2023-01-17,550.8641357421875,562.987873155165,544.4538550992968,560.200804476179,13461999,7026,63.72328019751288
2023-01-18,549.4705810546875,554.7660226892714,545.8938090272761,553.6047441160317,11538075,6464,75.39256704060523
2023-01-19,547.9840698242188,549.7492358058721,545.8473287485155,549.0524687135959,7475688,11516,71.04219982870926
2023-01-20,550.1673583984375,554.2550250301911,548.8667036910736,551.6537723185195,6750607,7562,52.41241276863566
2023-01-23,557.831787109375,559.0395054856419,550.8641156658481,556.0201811934469,6604469,15151,64.77021596153983
2023-01-24,552.1647338867188,561.6872185419243,550.9570154661823,560.6653160406374,7609623,6674,51.87835971249466
2023-01-25,528.3353271484375,553.5582645072653,527.1276087360154,553.5582645072653,25686294,7982,70.58245857436874
2023-01-27,501.6259460449219,528.1959793550734,494.4724580912472,527.6850280804667,40163464,5165,59.56281053042014
2023-01-30,500.0001220703125,515.0038074618653,487.92282470969167,497.95626040713466,40797825,14086,62.7811792239948
2023-01-31,514.2141723632812,517.4657524956598,499.67494137585163,506.3174777560764,21911943,5816,47.12035268417906
2023-02-01,489.9201965332031,524.8979308924825,463.9075840617413,521.553471182178,38218810,11255,59.41559568158323
2023-02-02,490.6169128417969,494.8440118998063,466.8339520930055,483.2776668207723,39287056,4869,52.263790123098616
2023-02-03,505.5743103027344,507.2001004960157,482.30229630523365,497.9563106278893,32317232,3499,54.993621818541286
2023-02-06,506.6891174316406,519.1379903948726,498.4672306622053,519.1379903948726,25338586,3708,61.82512713217968
2023-02-07,508.2684326171875,512.2632766595542,502.64785511744986,509.10457595234817,16195947,6185,49.52351476118508
2023-02-08,510.73028564453125,515.1431439561484,506.781938734137,510.9625413451427,15502847,13925,50.904729576008016
2023-02-09,511.70574951171875,512.8205882180205,504.2735670737764,512.8205882180205,15061047,12790,77.06231012542524
2023-02-10,513.7960815429688,517.6979888967993,507.710993148678,507.710993148678,13824475,5746,74.88804666168653
2023-02-13,499.3498229980469,517.3728904535258,495.4479153661014,514.6787012854288,18488732,17666,58.279186241471805
2023-02-14,502.4620361328125,505.94587216970376,493.0789270880096,501.6259495057949,18559909,4783,70.20311072638452
2023-02-15,503.7626647949219,505.9923424240616,498.6994786767496,501.67236328125,12796579,3556,54.38933855113713
2023-02-16,501.7652282714844,508.0361326298083,500.27881436406693,508.0361326298083,12767016,14999,52.05338571413886
2023-02-17,493.31109619140625,501.34716591981226,490.29177215633644,500.27876704156733,14192008,9674,45.91426308865979
2023-02-20,487.8763427734375,496.0517320170632,485.089274392448,494.24012622880974,12570032,12256,75.43998203783471
2023-02-21,486.2969970703125,491.4066224815521,485.32153446877714,489.6878962759404,10223218,10997,72.09388647214762
2023-02-22,479.700927734375,484.8570499338609,476.12421242954093,483.7886509710897,14763050,15587,78.84827306266843
2023-02-23,484.0209045410156,486.80797308923644,475.05583971454416,480.2583733415285,15535085,16954,53.29578534143638
2023-02-24,484.0673828125,490.05959200799634,480.86224238671736,486.9938277019231,12253035,8430,73.12022692086471
2023-02-27,490.2454528808594,492.1963785173037,482.16294136704175,484.11386700348606,11048799,12282,59.4829408833478
2023-02-28,485.69317626953125,490.94217850316005,484.06738614268016,489.8273396469931,15768010,15313,49.88184685806318
2023-03-01,498.6065979003906,499.2569252659543,485.9718525366277,486.111228651769,13510198,17030,56.644062189710965
2023-03-02,495.86590576171875,501.57941850464294,494.7046272938927,497.9097672057026,10376913,10559,71.72249919470944
2023-03-03,521.36767578125,524.2476241616192,503.29816858644995,503.53042431722355,27656538,9050,50.83161008886601
2023-03-06,521.8321533203125,527.5921064096759,519.3237802504061,524.80503782157,16162268,13011,71.37892704945946
2023-03-08,524.7120971679688,525.3624245070854,516.954779009873,520.2527988045408,12637578,13007,78.52254486598753
2023-03-09,519.2310180664062,525.5948034338253,518.3948746196634,524.6657803610302,8993423,3043,74.67407508024891
2023-03-10,508.5005798339844,515.5611867600167,506.3173990514042,513.8424606496643,11522371,12244,68.66168782008377
2023-03-13,492.38214111328125,513.8890441091696,490.9421669468635,508.1755305452167,14373729,15839,47.65518036005414
2023-03-14,488.1086730957031,494.9834087980147,483.09192656172274,490.19897470101824,14750800,13228,58.71870220213495
2023-03-15,480.8157958984375,494.2401882932551,478.95775007778616,492.1963265499269,11282329,13516,73.27733917977247
2023-03-16,487.27252197265625,491.77826045743336,477.79647683963054,481.60550483684807,20040008,5783,74.52083468463424
2023-03-17,492.1962890625,493.8685188331115,483.18475617807985,491.12794681882934,18787379,8995,49.309425505872746
2023-03-20,482.34869384765625,489.2234291835881,478.4467863850695,489.2234291835881,14275315,13827,74.40171664499488
2023-03-21,484.81060791015625,486.2970786646676,479.7939179592165,484.949984035069,29485180,12763,78.03605142508094
2023-03-22,484.5318908691406,489.5950771058183,483.18479629930033,485.13577844622523,11619538,16662,61.71636885767853
2023-03-23,476.3564758300781,484.020914495311,475.19519724443677,482.53450058691243,22097792,5023,60.03192234518034
2023-03-24,469.4817199707031,478.4003453249582,467.7165821618938,477.9822736866617,14416984,9908,77.25845925086074
2023-03-27,473.94097900390625,477.65709858094806,465.95137719874225,471.01456283411784,15674218,10064,47.542041986472526
2023-03-28,472.0365295410156,475.42745737224135,468.08818231320515,475.1487618497131,15833599,10906,52.764218302647365
2023-03-29,479.8403015136719,481.2338357871869,470.36425711315877,472.87263014609675,24203789,6316,61.891280435371556
2023-03-31,486.5757141113281,487.6441130621977,482.4879909201496,483.69576597871674,17356345,17102,57.767428781349906
2023-04-03,489.36279296875,490.98858297861295,485.04281397560624,487.50474724319236,14210949,14418,48.75818979567155
2023-04-05,485.8789978027344,490.15248064711744,482.20934584774216,489.59508956413197,13574801,9764,58.845097523059245
2023-04-06,490.1989440917969,495.8195211611808,484.62480682568594,486.80798790702346,25125879,4519,66.33517036119474
2023-04-10,488.9447326660156,492.75376051347615,487.17962320768146,491.6853615153094,17335453,16848,50.69174072266278
2023-04-11,494.3330078125,497.67752390495184,489.7343903278375,493.1717293157566,26414406,13522,70.58658582896875
2023-04-12,490.7098693847656,496.09819044978934,488.6660078213281,495.35498352755394,21292441,11282,57.02946430700027
2023-04-13,495.1227722167969,496.33049066160413,489.73445066861626,491.7318159072817,28597560,15065,62.916432851667295
2023-04-17,505.3884582519531,506.31748115315156,490.524091832778,490.524091832778,32476990,12922,68.47616348917902
2023-04-18,507.10711669921875,509.56905001405534,502.1368669691831,506.6426052589142,22283456,5236,63.99330919853422
2023-04-19,501.9510803222656,508.6400567933102,500.0465946465739,505.3884765215721,21156372,15296,73.86611332754269
2023-04-20,506.13165283203125,506.7355403842381,498.5601503946012,502.7871931508796,25588577,16647,73.05049467494172
2023-04-21,504.59881591796875,507.61814037349563,501.39367553995163,506.31748561912224,22599418,13031,46.218330433763946
2023-04-24,515.236083984375,516.1186670908221,504.9239523489952,505.2026478818052,23335611,6045,63.04487797541945
2023-04-25,521.925048828125,527.592122485113,515.6077045098767,515.6077045098767,38142390,3186,49.60730413148939
2023-04-26,526.152099609375,526.7559871788986,516.9548068709435,522.1108726535115,23143882,10523,75.29223224097709
2023-04-27,524.6657104492188,527.1276439453,521.2747540041349,524.8979661864694,17845169,6823,57.811940082121595
2023-04-28,537.25390625,539.251328071495,525.3624250345678,527.4991662626207,16183423,17701,58.12765016746741
2023-05-02,534.466796875,539.6228619911891,532.4694319090614,538.833215305152,13667511,11964,55.62851242998235
2023-05-03,530.0076293945312,534.1882329568019,528.6140948737743,530.1470055278329,9699527,3172,66.09336077957687
2023-05-04,538.8333129882812,539.5765200104115,528.1495490238584,529.7288993852984,12533761,15544,71.7204163033253
2023-05-05,535.5816650390625,546.4976833637962,534.2345705860378,539.0190608734192,18163461,4798,58.173665058016624
2023-05-08,542.1776733398438,545.8937644708997,536.3712809475688,536.6500331448386,12990869,9830,54.83843899289991
2023-05-09,532.7945556640625,544.82541180999,531.4939011119975,543.4783174602904,18959065,12118,73.85492391409431
2023-05-10,531.5869140625,534.188166838668,523.2721477771822,534.188166838668,18561315,6993,75.71728386903087
2023-05-11,532.7482299804688,538.8333190533032,531.4011353422231,531.5869512756125,16016715,6495,65.04884206126954
2023-05-12,537.1145629882812,539.5299996252273,530.9829783895638,533.9094229370257,11319335,13971,56.37281674470052
2023-05-15,540.5984497070312,542.5493751212783,533.8630336631455,537.6720048826024,11410243,4546,71.32779124855612
2023-05-16,544.6860961914062,548.495123972205,540.6913091994442,542.5493549355248,22178229,14049,65.96383517652652
2023-05-17,544.6860961914062,548.5880035777866,538.3687520293435,544.4074006716053,23739774,12343,71.54410409692305
2023-05-18,533.4448852539062,551.7466451422207,530.843632841543,548.4021291522823,45656620,10136,72.01900657211354
2023-05-19,534.3275756835938,544.6397078112475,529.4502051658811,537.9042913820252,42293962,10777,53.21260644539462
2023-05-22,536.185546875,539.1119347559843,532.7481510771131,536.5106821829805,21484049,7435,76.60303032868853
2023-05-23,540.3196411132812,542.2706230270803,535.8603429865368,537.8113249003358,16120548,12930,55.485047268046124
2023-05-24,541.3416137695312,543.7106106427419,537.2074508400949,538.647424884356,17616658,4054,49.991265355840675
2023-05-25,539.9945678710938,541.5274783578868,536.0462204931116,540.6913350554436,16479436,12738,68.32684210105492
2023-05-26,544.4074096679688,546.0331997139054,539.3442236128685,539.9945509718547,9788076,17233,45.23066354206339
2023-05-29,552.7685546875,554.0692092621026,546.3118350190275,548.1234407825631,18432231,9300,71.83500110214207
2023-05-30,550.7247314453125,553.2331044686529,549.5170130868315,552.7685930459252,15031640,3270,71.37023680394904
2023-05-31,549.162109375,553.8501481082919,546.936503435379,552.9030719118671,28797643,16875,73.45440440495592
2023-06-01,551.9086303710938,555.3654814653645,550.251247096706,551.0088964611522,17820226,11354,60.35926639969211
2023-06-02,556.1231689453125,557.7332100831975,552.1454372531686,553.7554783910537,11323908,13835,63.6479098253472
2023-06-05,556.1231689453125,558.5855439997637,554.9866659182792,557.354356472538,12920507,15278,47.225855913394696
2023-06-06,554.3710327148438,557.7331994819402,552.1454267581223,556.8808077766311,11199940,4059,45.675021071005766
2023-06-07,558.0172729492188,559.3431448615423,554.9866177418588,556.8807700208413,11113781,17578,65.31263695802488
2023-06-08,557.3543701171875,562.515947212822,555.3181330686974,558.7276422332659,15971917,17299,45.56213994143022
2023-06-09,548.072998046875,557.9225556560352,546.2261879311128,556.8807949778836,18870272,11914,57.8150021187885
2023-06-12,548.025634765625,550.7247786585704,547.1259008663296,549.3041644401906,8786066,16472,68.35149028822863
2023-06-13,545.8947143554688,550.6300950913596,543.8584775170594,548.783285043374,12612098,9404,55.30284541376249
2023-06-14,546.0367431640625,547.9308954655977,544.8055557290528,546.462938992896,8948696,14852,54.13452641469816
2023-06-15,536.5186157226562,546.1788035949786,535.3347705864633,545.5158387577229,17934877,12766,69.68858834617507
2023-06-16,541.0172119140625,544.284635958382,537.039480808149,538.6495217087493,12660226,12873,59.91600339038459
2023-06-19,538.7442626953125,542.4378829249408,535.950434203992,541.0172686527673,17903691,6269,51.719030458613524
2023-06-20,537.3710327148438,539.3125272688809,532.7776786865753,538.7442468937137,14549152,5181,56.96636669605491
2023-06-21,536.3765258789062,539.3598387145792,535.7136188531458,537.3710020274224,14946871,6985,73.99508352430544
2023-06-22,533.1565551757812,538.8863545906687,531.3570872845204,536.3765795536382,14979063,4872,74.13317308389605
2023-06-23,525.2484130859375,532.3514842571589,524.4907637219954,532.256799763519,12215712,17842,69.32301032052831
2023-06-26,527.5687866210938,528.9420586746129,525.1537538676326,526.5743681702502,8360264,16886,58.28926910340513
2023-06-27,536.1397705078125,537.8918960196315,526.2428712590395,528.7052460586985,10694768,4451,76.05978384628848
2023-06-28,539.6439819335938,543.6217133483505,538.4601367390198,541.9643300759469,18028934,15341,53.04631593879613
2023-06-30,542.5325927734375,543.621753554977,540.0228754582851,543.621753554977,8718232,17551,78.65325818998889
2023-07-03,554.4657592773438,555.3180931535118,543.5270409961187,544.0952635802307,15421985,17759,73.84121068624795
2023-07-04,558.0646362304688,564.4100581652275,551.4351030041416,557.0702178075081,24799250,7932,60.02443765264653
2023-07-05,559.3431396484375,562.279110336461,557.0701916178066,558.5854903048938,13598114,14038,59.49060648090175
2023-07-06,561.142578125,562.0896542062237,557.922496326865,559.153741476405,11323509,12759,62.92174298515086
2023-07-07,562.1843872070312,563.9838550386189,554.5130934090871,558.7749361423764,11707209,11244,54.093989136190466
2023-07-10,561.2372436523438,568.0562027677943,559.0116380586246,563.1787957972151,11417363,16063,69.63705897179821
2023-07-11,557.401611328125,564.4099973918707,556.2651084792831,563.5102635613317,13221177,14650,55.45960146369378
2023-07-12,558.0646362304688,563.0367861502142,557.0702178075081,557.8278671866714,16029716,6309,75.05127153524404
2023-07-13,554.6552124023438,566.3515806192413,552.4768908483136,563.4156674537284,20024503,17423,65.84463344660884
2023-07-14,553.4713134765625,560.0061040903931,549.9671202346848,555.6969192600167,12190152,13486,63.095319350374844
2023-07-17,569.2874755859375,570.9448589210546,553.2819226326304,555.933724407829,19378986,3638,72.54897018183371
2023-07-18,561.0005493164062,572.0813521283934,557.5910982073067,571.1342759530944,25757209,10301,47.12547208441448
2023-07-19,569.6189575195312,570.5186914159763,560.6690764111024,563.1788513109324,17556585,12507,63.66028495643452
2023-07-20,577.7637329101562,578.4740399478636,567.0617851030194,569.5715597582258,34038351,17195,68.19336395176103
2023-07-21,582.5465087890625,586.7136669141413,576.7693674749186,577.7164436119874,21040281,8560,54.91561913450415
2023-07-24,584.9616088867188,588.9866825360349,581.7888690919402,582.4991762065254,11756364,14108,51.08866853485012
2023-07-25,577.3375854492188,588.8919257906668,572.2234090326344,588.8919257906668,18503305,11449,61.20298067918316
2023-07-26,582.5939331054688,583.7303782733334,576.9114760463759,579.610620027468,9999125,15179,52.06984907147975
2023-07-27,583.9197998046875,588.3710693551636,580.6523754641814,583.7777730624562,17444742,8939,71.43642497566766
2023-07-28,583.4462890625,587.0925671630472,581.1259407812325,583.7778004197922,11930586,13860,47.37522923902268
2023-07-31,587.3766479492188,588.1342973187537,581.9783022582515,584.0145391310097,8605483,8265,74.53916256275645
2023-08-01,579.468505859375,587.9921910123245,578.2846606992431,587.3766262120196,13493453,4747,47.85285374820614
2023-08-02,566.7777099609375,578.189965532909,562.6578941967817,577.5743429390312,14977497,10345,64.84117393826816
2023-08-03,559.2484741210938,569.0506892838814,554.0395552258084,567.0145102168711,27774877,6156,70.46233728720762
2023-08-04,542.9586791992188,567.0144336055272,541.159269416028,563.32081394777,52725616,13467,76.36965861730872
2023-08-07,537.8446044921875,546.46297490863,536.660759225921,546.46297490863,32736325,13835,74.89863337974195
2023-08-08,542.769287109375,543.858447740975,538.3654179490715,540.7804504311654,25038671,17718,49.14097947059474
2023-08-09,543.3849487304688,544.5687939346745,538.270714326323,544.5687939346745,15769111,12031,72.82117480052878
2023-08-10,543.2902221679688,547.0311264796395,539.9280558044107,543.3849066549969,27325801,15248,75.23596040465806
2023-08-11,543.7638549804688,548.3571516956642,541.7276179100518,544.9950425510931,18221179,17635,66.26951108982416
2023-08-14,531.1202392578125,542.6745786718476,529.0366603790627,542.6272364301581,28084093,6287,62.39604835848578
2023-08-16,535.4295043945312,536.4239806444865,524.6802126897423,529.2261668704698,15725767,16057,46.51979417089226
2023-08-17,541.8696899414062,542.8167661745958,534.1509955189327,535.8083789270145,27910162,12450,48.930612992158686
2023-08-18,542.6273193359375,544.805583030874,537.3710579967587,539.8334329901751,18253227,3074,46.48376363183138
2023-08-21,541.4434204101562,545.0896402898765,540.543686550049,542.6272655405768,9380810,16385,58.47725722740893
2023-08-22,538.4127807617188,544.0478953051733,537.4657046302118,542.2010852877467,14073413,8796,58.548467140963254
2023-08-23,546.3682861328125,547.362704587704,536.0451323697911,540.7805133977928,18579297,4549,68.98046008510613
2023-08-24,546.41552734375,551.1982497366639,545.089597779111,547.5520301413071,24131644,8433,57.74934793609113
2023-08-25,539.7860717773438,544.8529061378787,537.1816123237163,543.4322918904455,12271885,11539,73.47961219954925
2023-08-28,542.5325927734375,544.3794029745524,539.0757992325795,542.4852505231413,9711932,7389,75.20732742453333
2023-08-29,544.4267578125,545.8000299325134,541.5855290696916,543.290312559334,13144855,8333,47.308950887780306
2023-08-30,537.3710327148438,547.1259055366658,536.1397874711188,546.1788293829949,15281416,10856,69.23337056266658
2023-08-31,531.6411743164062,540.1175174300328,529.7944220656501,539.1704412789,27898476,12036,74.13917636385605
2023-09-01,539.4072265625,540.9699253809107,532.3514974630689,532.9197778538285,18121168,11941,52.102177544803524
2023-09-04,545.0896606445312,545.8473099953048,538.3654431746227,541.727551909577,12108655,8683,64.9664479466376
2023-09-05,542.6746215820312,547.6467712562122,541.11192284817,545.1369963939355,14444729,10330,47.85142966178546
2023-09-06,540.3070068359375,543.8585428142632,537.9393161837204,543.8585428142632,20609936,7504,48.040647121976214
2023-09-07,548.4044189453125,550.251228951145,537.9392393188474,537.9392393188474,12390597,13988,48.84074334826368
2023-09-08,552.5715942382812,557.3543172604112,549.0200586567578,550.2512460973644,14032068,11008,46.96025543480683
2023-09-11,560.385009765625,560.9532323744613,554.3710410982075,555.9337399799246,10946134,13216,68.90890908137882
2023-09-12,557.212158203125,562.7999298928183,553.7080231418913,562.2317073977355,16093060,4188,75.9768125225736
2023-09-13,564.8836059570312,566.3515624928049,552.5716154680572,557.2596541767706,19377172,5539,71.77060302912004
2023-09-14,565.6885986328125,571.749909391221,563.6997617490858,566.7777593769611,13178911,4779,60.6015919128277
2023-09-15,567.1091918945312,568.9086597168509,563.6997408474365,567.6300722204844,11756389,16947,68.66227978515074
2023-09-18,571.9866943359375,576.2011950737599,565.451845299319,567.109228683467,19305055,13624,58.993575275669606
2023-09-20,569.2874755859375,574.6858214384503,567.6774923043499,569.0507065380637,21314600,3433,45.79222165438001
2023-09-21,557.0228881835938,574.4963977678915,553.7081214953073,568.2457179919575,23453425,9018,63.6729833084602
2023-09-22,566.4935913085938,570.1398111649995,560.1008276451988,562.0896643296132,18784139,11506,54.993208292420206
2023-09-25,562.6105346679688,569.6662630363052,559.2010838964593,569.6662630363052,9712784,17312,61.012455873229825
2023-09-26,562.9420776367188,563.5103001956123,559.9587646901778,562.5632240608297,8327427,17983,51.761991777026395
2023-09-27,558.5381469726562,562.8473317978076,557.0701905339704,562.0423402102848,9865347,12735,68.70929741439083
2023-09-28,558.7276000976562,563.6997500083563,557.6857816238776,559.9587875621745,21960816,6864,50.71950064207085
2023-09-29,566.8723754882812,568.2456473637309,560.0060739159695,561.4740302773386,12189735,10984,78.9171744623203
2023-10-03,571.03955078125,572.8863607525196,558.3960500586644,565.0255828135226,15322196,10582,45.73455488187012
2023-10-04,555.2234497070312,568.6719439730779,553.5187240237176,568.2457481010129,24914612,6274,64.75291340528062
2023-10-05,560.8111572265625,562.8946784824502,556.0283764943421,558.7749204115613,13248028,16750,78.41363619175902
2023-10-06,562.7999877929688,567.2512571455039,560.8584932959413,561.9949962079626,8216780,9048,72.99734723761604
2023-10-09,554.1342163085938,557.8278363093581,550.7721076337612,556.8807601865917,9189597,3115,63.848385902984916
2023-10-10,560.337646484375,563.5103285736951,554.7498738857847,555.9337191138808,10373508,17672,69.32695504711697
2023-10-11,557.212158203125,565.404388970993,556.5018511818047,565.3097044901236,14220119,13036,48.79604144915247
2023-10-12,555.0339965820312,561.6161877464566,554.0395781309901,559.5326085412145,11983797,7495,61.632608566245935
2023-10-13,545.6578979492188,550.5353050008061,544.3793105785601,547.173196531182,19064577,4267,57.452900002659824
2023-10-16,545.1844482421875,548.1203613972401,541.2540588138621,545.5159017966484,11290293,10255,67.40013451707519
2023-10-17,545.9420166015625,549.2567828738186,544.8528559901324,547.1258616987968,10765224,9710,62.436008177662
2023-10-18,542.3432006835938,548.593880385168,539.2178030278637,547.173266107088,11777454,15619,65.65044168121611
2023-10-19,540.9699096679688,543.6217113329951,536.9921782679586,539.6439799329851,11441499,10319,47.78512883758393
2023-10-20,533.298583984375,539.8334328727063,532.3515077863527,539.7387483748817,11110988,8267,62.12248376571702
2023-10-23,523.685791015625,536.0451237387181,521.8389808834517,533.2985796647226,11875035,13639,71.76433321542464
2023-10-25,526.7637329101562,531.1202598029354,524.3013003927678,529.0366808435873,12134624,14619,76.74735830474977
2023-10-26,518.0506591796875,523.6384316419934,514.4517813350399,522.2651596499072,19424825,16291,64.1030117978857
2023-10-27,531.4517822265625,532.7303118530344,520.8918604785226,520.8918604785226,10415296,17066,48.09165154331732
2023-10-30,535.2874145507812,536.7080286776119,527.047841054176,533.2038356037756,8593704,15024,45.696817023770485
2023-10-31,535.6188354492188,539.3597973164387,533.3458876676318,536.9921072492025,13039696,16475,58.99175128591274
2023-11-01,536.4239501953125,539.5019476582157,534.0088597881594,536.2818656519717,13575575,17125,57.68485744610391
2023-11-02,541.8222045898438,544.9949441545303,537.5603622114079,540.8751285057469,11148516,13677,59.396122894089146
2023-11-03,547.5520629882812,548.830592584147,543.1007938170342,545.5158262786344,11371371,3612,69.01694061390181
2023-11-06,543.9531860351562,551.6718800975543,542.911425349224,551.1983420030499,16499138,12893,72.61762571279137
2023-11-07,549.0673828125,550.4406547530965,542.2957654048678,544.3793444383654,17923281,3345,54.38739974963056
2023-11-08,549.5882568359375,551.766520334941,548.3570694499737,551.1036132997641,15434808,14218,70.13763694271405
2023-11-09,547.741455078125,551.0562215235307,545.9893873646721,550.2512299373365,12434363,12855,52.56440066348407
2023-11-10,548.8306884765625,550.251302855708,544.9476989622101,547.2206472858747,6773038,16909,69.27031329564458
2023-11-13,550.5827026367188,551.6718633429775,544.758218934174,550.2512491026093,11282362,12387,62.62433222180964
2023-11-15,553.7554321289062,556.8807718384401,551.7665375465191,556.1704647315032,11397676,4487,60.605072506011254
2023-11-16,553.7081298828125,556.8808120676829,552.0507465135635,553.7554721323736,8622660,12289,62.905398406894385
2023-11-17,533.251220703125,544.0952543037619,532.3514867895021,544.0952543037619,37173221,6639,72.44938892433402
2023-11-20,533.9141845703125,536.8027552939175,530.9308715478544,534.1509536100332,12714585,14412,50.66683013275308
2023-11-21,531.7832641601562,536.6607295090693,531.3097260798711,536.045106882722,14280013,14647,76.48323568874639
2023-11-22,529.3682250976562,534.6244861641455,525.7693472920832,533.1565296940364,14909071,16004,66.64461328750309
2023-11-23,530.3153076171875,533.6774164258742,528.7526088304325,532.0200331450485,6376210,11671,57.331344858248855
2023-11-24,530.694091796875,532.6829863733514,529.6523311651066,532.2094483034675,6529851,11830,70.40192396368519
2023-11-28,534.5771484375,535.2874555553268,531.4044086282419,533.7720990209981,8153314,11027,54.84492077322708
2023-11-29,538.5075073242188,538.8863609283957,535.1927406049756,537.9392847228976,10299034,5365,77.638163900455
2023-11-30,534.8612670898438,540.0228437781268,533.8195064246602,539.5966479405728,19758998,5979,69.41024224239445
2023-12-01,541.4907836914062,543.8111317981642,536.5659761965393,536.992172021036,10614230,10830,64.86209501171683
2023-12-04,563.2261962890625,564.4573837194087,553.6133502732071,556.880774541967,26077882,12164,55.71705473614363
2023-12-05,576.0590209960938,578.9475914557199,563.5576052803208,563.5576052803208,36430152,15223,46.39878716994739
2023-12-06,576.2484741210938,581.5047350018984,572.554854148129,581.5047350018984,21439069,17663,53.92553663337478
2023-12-07,579.3264770507812,580.1314686348155,572.981055454185,577.7164360777733,10725706,8967,64.89153139323048
2023-12-08,581.6468505859375,584.1565677433689,573.3125340795355,577.7164613742833,17722136,16941,51.57477281047277
2023-12-11,581.7415771484375,587.0925809963234,580.6524163565841,582.4518843244429,11706255,4765,70.71381218248214
2023-12-12,579.989501953125,585.2457634285711,578.474145313708,584.34602945594,14494836,4523,71.89601513730788
2023-12-13,587.0451049804688,587.6607275753272,579.2791271049712,581.9309286579414,13977914,11456,77.18597624775197
2023-12-14,590.6441040039062,594.5270933594653,589.4602587363645,592.8697099849069,15813797,7399,72.47848184177079
2023-12-15,613.942138671875,615.5995220003375,587.0451518194214,594.7638458710953,29813572,8879,69.2690041504511
2023-12-18,614.1788330078125,620.9504500480689,608.4016920876163,612.426765395686,16221796,3570,55.10820682053952
2023-12-19,620.7137451171875,624.6914187883696,606.3655180156144,614.178896420345,19964008,12158,73.66483196191757
2023-12-20,602.7666625976562,625.4491492821084,600.3989720837247,623.8391081716461,22542056,4350,66.00457556138696
2023-12-21,609.6802368164062,614.6050440767264,594.2902502559922,598.6941772244857,19915516,9876,62.88689560183547
2023-12-22,603.0507202148438,615.0312562708087,601.5354215427969,610.6273291849556,14998068,6660,72.32853150135665
2023-12-26,604.2819213867188,607.3599188509928,602.0089733268344,605.0395707400135,10153089,11113,58.53176586576149
2023-12-27,614.2262573242188,615.0786490253292,605.1816911844077,606.8390745327218,14417646,14749,63.799543103309624
2023-12-28,616.9254760742188,618.7248862187143,612.2847794498366,615.8363152935132,16982092,8591,48.15065552161981
2023-12-29,608.0701904296875,615.220603329458,605.7025002108935,611.3376144926107,13221898,3067,66.07566304759108
2024-01-01,607.4072265625,612.6635451004371,604.2345447863022,608.212275921118,8295548,8624,51.127109923157754
2024-01-02,605.60791015625,613.7054004061756,600.3042485561921,607.4073203201524,15164482,16525,49.00426589510584
2024-01-03,609.3961791992188,613.7053642545236,602.1510233047925,605.5131321806922,14571772,10337,69.69588735847671
2024-01-04,608.7332153320312,612.1900665146259,604.8502261119448,608.4964462867835,13883388,9853,74.1340390545532
2024-01-05,607.9755249023438,617.2568592884629,603.9977936497388,610.8640954983638,15984585,11170,64.17507224599657
2024-01-08,593.8167114257812,610.8640811317845,591.9699014799768,606.1287006578947,14739531,12875,71.7246012352335
2024-01-09,592.3014526367188,600.777738011181,591.4490609721083,598.5521321607245,13400235,8355,66.51127405582808
2024-01-10,588.8446044921875,592.2067133106882,585.4824956736869,591.73317522907,12742464,4639,68.19912187151432
2024-01-11,587.3766479492188,593.9588388441286,585.7666069108683,592.8696781345247,15533860,6437,69.19909097081786
2024-01-12,600.0674438476562,602.8139878885283,588.2289916110394,590.7861088551372,16620797,9421,66.74976960300913
2024-01-15,606.223388671875,611.337622735401,602.4350842707261,605.0869435954805,16844018,3248,73.35194493559904
2024-01-16,603.1927490234375,610.769357293514,599.9253251459803,606.1286616061186,15025543,16825,54.81024765466924
2024-01-17,592.8696899414062,603.0981011461799,590.0284613953612,590.9755375773763,30016308,5423,76.28463039842703
2024-01-18,595.0479125976562,599.9253777209321,586.2874585176507,592.6802223057629,14695436,12323,48.69133555951252
2024-01-19,594.5270385742188,601.8668785566165,591.6384679485856,599.499188239714,11675202,12723,63.53288932249322
2024-01-23,573.07568359375,601.2985955791091,568.8612414971168,593.8166718075666,30954343,17647,47.953801017819586
2024-01-24,585.5772094726562,589.4128565647261,571.1816395100639,577.6691462358584,19221835,3945,62.9511854204563
2024-01-25,580.3209228515625,590.7861029633766,574.1649277499139,585.7666108260978,22684904,9814,53.03533834347063
2024-01-29,589.9810791015625,596.1844161117133,583.0200349532757,586.240116875537,19572140,8488,76.66559485390628
2024-01-30,593.5800170898438,599.9727815339705,591.1649843052737,592.3488295727046,16966577,7702,61.85152927983655
2024-01-31,606.602294921875,609.1594121757427,589.0813855447404,593.248543869928,23270745,8400,51.2516170468453
2024-02-01,613.3739013671875,618.3933934805597,599.7359814695897,608.7332050368398,26587707,7948,53.41904964311178
2024-02-02,615.26806640625,625.5911621347344,612.4741801008781,617.493672317934,27471811,16238,62.08789454262862
2024-02-05,608.922607421875,620.1454364049642,604.9448761274464,612.8529386660016,28339525,6998,46.90046244295382
2024-02-06,615.8363037109375,620.334915694985,603.950508871969,610.3432732703525,14079390,11150,58.80728491458863
2024-02-07,639.51318359375,642.0703008129436,620.3348911572103,620.3822334047071,41696232,7203,69.46336934142454
2024-02-08,662.527099609375,680.8530575303441,642.591158500595,644.3906262816,74222434,11176,57.886272408192866
2024-02-09,686.8670043945312,689.8029174512828,657.4603003588977,666.4101818840758,43235061,8453,47.50099736830027
2024-02-12,670.4352416992188,687.5772971988666,667.215159609644,687.5772971988666,22873137,13896,72.45029394849394
2024-02-13,675.6915283203125,680.0007134812453,664.9895787916939,671.0508318054963,23351472,17928,60.37082647602067
2024-02-14,704.056396484375,708.8864614766698,668.209531384723,668.209531384723,36782182,4670,51.62932752179904
2024-02-15,721.387939453125,723.5662031109259,702.3990735633622,708.1288729039719,33941282,10374,56.20355315156677
2024-02-16,714.7583618164062,733.6051419871368,713.4797743669861,723.0452778952919,27365121,14280,71.980515089202
2024-02-19,719.0675659179688,724.5132537731262,710.3071115422806,718.5466855971592,13979584,17612,74.7644767446591
2024-02-20,719.87255859375,723.092640626177,714.095417199918,718.878140197099,12528399,5770,50.77207391947906
2024-02-21,730.6692504882812,736.3517073942173,719.3990211695317,720.3934973720231,21465311,4076,60.146223790174055
2024-02-22,725.3656616210938,732.0898793051539,716.9366605873241,732.0898793051539,18799244,10516,46.873764879783316
2024-02-23,718.8781127929688,729.7221458595922,715.0424660921377,725.3656188570327,14143636,6820,45.29103986619379
2024-02-26,718.7361450195312,725.7918164039028,712.8642610698683,715.0425247498395,11355186,10807,52.29524813022986
2024-02-27,710.1649780273438,722.003429070041,702.9198806721752,718.7360628262059,13969393,4997,66.41833729160705
2024-02-28,703.2039794921875,716.6998134420376,701.7833653922032,710.1649654601358,11263318,12158,47.701884275639735
2024-02-29,708.5076904296875,714.0007786982383,698.1372521616919,704.5300165868673,19217113,5307,48.44326893329438
2024-03-01,728.443603515625,731.1427472715305,712.1538830776034,712.2012253214909,17348526,10342,46.076771121566686
2024-03-04,731.1901245117188,735.8781629797205,728.3015538370722,733.415788130336,9789141,5284,70.01710710048145
2024-03-05,742.4603881835938,745.3016167439201,728.3962721270127,728.7751257237001,18088847,7265,69.4880287389956
2024-03-06,742.4130249023438,748.4742776430227,731.9951871429561,742.1762558623576,26710525,7145,68.18105810454868
2024-03-07,746.3433227539062,751.4102146649448,741.5605999220379,748.1901327438186,15497868,4540,65.62036505780026
2024-03-11,732.7528076171875,750.8419384368862,729.7694947090195,748.1901368545919,16778340,12671,65.27406929001847
2024-03-12,719.4937744140625,736.5884876385131,717.2681107424115,729.2486473566764,21529705,9365,60.698790875174765
2024-03-13,707.7025756835938,723.281988208107,703.67750248633,718.4992657346983,27950252,3410,64.21110188924762
2024-03-14,701.8307495117188,711.0647417125944,695.2012166495516,710.2124078847078,19730882,16382,50.69722848222051
2024-03-15,693.1650390625,707.0396696118478,684.7360384273795,700.1260254598068,29792241,13613,70.69327779943862
2024-03-18,692.2653198242188,698.8475105936745,683.8836612570906,688.6190419826069,18145126,10307,52.06926823595212
2024-03-19,685.4937133789062,695.4853553107556,682.983996236656,691.3655971347375,15205043,14898,53.18227273482863
2024-03-20,697.2847900390625,699.8419071119082,681.7053763780509,686.7722682789549,25405455,12282,72.29474428558395
2024-03-21,704.9087524414062,710.8753205031713,701.3572169516723,702.730488902024,15161161,4779,46.11940864170226
2024-03-22,707.1817626953125,709.170599460014,702.1622707327812,704.4825610232863,15535921,3547,73.6230644962165
2024-03-26,700.8837280273438,708.270910802939,699.4157714829856,703.7249566183376,14678342,17334,51.83180991526912
2024-03-27,694.4909057617188,706.3766994815164,691.5549929179226,703.6775556672179,30088789,16166,54.03054207163088
2024-03-28,712.53271484375,719.3516746513696,697.9004346418056,698.7054262433901,21705116,5093,53.682407664436575
2024-04-01,718.1678466796875,721.1985019784711,712.2959628767208,718.8781538057333,9949971,3804,53.57837237304678
2024-04-02,725.8391723632812,728.064778156646,713.4797825681824,718.0731365019557,15713063,9322,73.47813869312186
2024-04-03,730.2430419921875,731.7109984397689,719.9199468084377,724.4185584476019,19136981,14677,60.208177622303985
2024-04-04,719.1149291992188,734.2681480220336,717.9784262265191,733.9840367300943,15889530,12578,65.54307166122248
2024-04-05,724.2764892578125,727.0703754749767,712.7694908570097,717.8363829672766,9939620,11788,64.51471378934505
2024-04-08,727.6386108398438,729.2486518920224,721.4826157264696,725.507689454445,9797174,9153,53.18192794606175
2024-04-09,723.7555541992188,731.5689318840728,720.8195836589176,727.7806275520223,7465892,15644,61.820191598102305
2024-04-10,737.819580078125,739.3822786717687,723.2346436921654,725.9337872939853,14530669,3086,56.75953185843914
2024-04-12,725.7444458007812,738.2458626040706,724.3238315687016,736.1149412559511,14408722,3894,71.15519235250697
2024-04-15,717.4102172851562,722.9032476518954,709.1233005838425,719.58848097137,11356572,13296,47.25051749370331
2024-04-16,711.9171752929688,714.9478306266623,705.003530747474,711.4909794514435,13338991,8214,51.47120400760538
2024-04-18,705.38232421875,719.7305514049899,702.7305224873335,712.2486264937273,14589648,8436,58.8444787234996
2024-04-19,710.7332763671875,712.2012327726861,693.3070528688593,695.6274008930026,10886554,7520,70.42265764626029
2024-04-22,725.5549926757812,728.3015365467629,710.7332860753157,714.2374792815871,17452186,9835,52.31197551304471
2024-04-23,732.08984375,736.5411130931677,725.0341150661952,729.580068899774,12292429,8090,55.981446133259965
2024-04-24,732.1845703125,737.2988047972324,729.4380840784303,737.2988047972324,7842615,7437,50.51533078769641
2024-04-25,769.6887817382812,771.2988227188599,728.9171659384565,729.8642420676275,36732974,15509,71.79681602074875
2024-04-26,758.89208984375,773.6665121242601,756.6191418193988,772.7194359962122,14964358,11340,64.86396166831234
2024-04-29,782.7584228515625,787.2570344771462,756.4297179512396,764.2904382833768,27302732,9429,46.02083800271663
2024-04-30,782.5216674804688,790.666499233327,776.5077570611428,782.7584365175279,27449073,6766,56.193055695277316
2024-05-02,786.1205444335938,789.7668222833302,781.3378214511536,783.1372892528356,19943724,5447,51.06848062408949
2024-05-03,787.4464721679688,791.9450838558431,776.6024387488413,790.619154131125,22667634,16157,73.09787683189116
2024-05-06,765.048095703125,791.755654460013,760.5021417839598,790.8085783183144,35283557,11157,45.77939634192388
2024-05-07,759.4603881835938,771.5356091020818,751.2208141135195,769.0258341813609,16725013,15202,69.00070921499315
2024-05-08,767.8893432617188,778.4966078740321,757.1873941548523,760.1233071452959,27908322,15257,67.39586101107744
2024-05-09,776.4130249023438,795.2125213733023,761.0230372925254,768.9311579165353,49290254,16653,64.49073359258108
2024-05-10,774.0926513671875,788.0146820325868,772.4352681404719,783.2319591393382,20543142,12764,56.89323151342873
2024-05-13,765.9951782226562,776.4603581145727,756.33498993591,776.4603581145727,15398505,12414,70.98619203528834
2024-05-14,774.897705078125,778.875436405395,765.1428324503737,769.9728976160259,10912462,6632,78.67481701259466
2024-05-15,776.8865356445312,781.6219162809175,774.7556143581575,777.5495004946132,9755062,4626,61.00536046386183
2024-05-16,768.978515625,782.4270089369695,755.1511687191949,781.6219595013043,20536990,12811,50.0165892408687
2024-05-17,774.566162109375,778.9227468345998,768.26814075298,771.3934803092677,12492509,14841,51.46610159393539
2024-05-21,786.6888427734375,792.0397884444491,776.2236048637419,777.5495346221023,14037801,7927,67.7398908870768
2024-05-22,788.422119140625,796.0295133266376,783.414724155801,795.9331822307055,19239277,15443,61.55396056223785
2024-05-23,801.277587890625,804.5516696610887,791.5517324493296,794.1517316465437,17497488,6688,54.86242994419489
2024-05-24,797.9072265625,810.0886726083256,796.3665167870256,799.2553916967729,12252075,7417,69.9905981944917
2024-05-27,802.818359375,808.3072335281287,792.5146936444445,801.7590699633794,12295193,3273,69.96725105443257
2024-05-28,800.3628540039062,809.5590944673188,792.8035957117308,804.7443027300019,13818893,17194,56.06038913724789
2024-05-29,792.1776733398438,803.5405695871641,788.9517277526038,797.7146835951445,14518232,13359,45.16919250664896
2024-05-30,795.2590942382812,805.0331445629747,788.9517290829909,790.9739767920537,17818705,8605,60.439083830743925
2024-05-31,799.5924072265625,804.0701868667423,786.8332096505334,799.9294778988177,22267336,3834,61.21395701078725
2024-06-03,872.1032104492188,878.2179721623354,825.0145259321062,831.5626306363492,64269020,8516,45.61396092276349
2024-06-04,746.4852905273438,863.7736004371982,704.8373437950039,863.7736004371982,122381193,3096,76.47393011972014
2024-06-05,760.4962768554688,765.5518076607758,716.4890731382206,761.4592351040986,74256082,12801,75.81289416306728
2024-06-06,786.6887817382812,802.4812623286783,766.5147939369629,770.3666270723245,40555649,4778,72.63857739373098
2024-06-07,799.207275390625,800.699849042878,780.4777241722821,789.5295559574165,25061284,16272,46.75627761483119
2024-06-10,800.9887084960938,814.1331129043821,798.4850404060916,803.2516957835098,16725508,16694,56.36947301304975
2024-06-11,804.5997924804688,808.4997618244676,798.3405635563713,805.0331354685376,14754408,5162,56.72965125538207
2024-06-12,808.0182495117188,814.2293420209461,802.1442276568479,805.9960606828112,15071442,15742,65.21995249139025
2024-06-13,812.6405639648438,814.5664806385139,805.1294419180801,813.6997946256373,12523972,5431,48.78226892386026
2024-06-14,808.1146240234375,818.4182896763856,804.1664596950984,813.6997704563229,12903496,8490,51.07122711990692
2024-06-18,813.603515625,819.9590170862313,809.1257358857379,810.377569958488,14929083,13631,61.436942799398
2024-06-19,821.0181884765625,828.7218545519676,809.8478961769484,815.4330423267555,32925140,4138,47.17952947693006
2024-06-20,812.4960327148438,821.4996689454273,811.1478676397271,821.4033966290509,13985352,9011,77.02348602461407
2024-06-21,805.322021484375,816.6367816070117,797.9072307555297,813.6034982004232,18990090,11470,72.52042986265238
2024-06-24,801.8554077148438,805.0331584274583,790.6369197366024,800.699845971808,12715254,17095,49.16608381766213
2024-06-25,811.0516357421875,814.5182621448073,803.3961054308986,805.996104620019,20917530,15368,50.48029790960714
2024-06-26,814.0367431640625,817.3589609223837,805.0331069252793,808.7404727237647,16281760,12551,46.4210735506506
2024-06-27,812.73681640625,816.0108981811181,807.1998061049042,812.6405440846468,20378887,5043,76.2339451686496
2024-06-28,817.5034790039062,831.9959899913704,812.736823556385,815.5294261991826,23636388,11730,49.78410326309388
2024-07-01,810.7627563476562,818.9960380974777,808.8368397383734,817.888612537416,10967797,9589,46.499935497062154
2024-07-02,795.5480346679688,814.9516094316318,792.6591597257975,812.7368170641629,21142840,3988,60.09945655659241
2024-07-03,808.8368530273438,812.5923552125606,794.440614381567,798.292447663417,23598009,9137,73.02549643696135
2024-07-04,808.2108764648438,813.6034781228886,803.3960850421123,811.7738338725269,13372587,3676,56.993287906682745
2024-07-05,827.9033813476562,829.3478187678616,805.996080474543,806.9590387546798,24873722,4275,68.62835052216695
2024-07-08,824.5330200195312,832.9589048956433,821.8848847727533,827.9033739699761,10359800,17494,62.91927918302727
2024-07-09,829.3959350585938,837.7255474919629,824.2922680509901,828.0478287632818,13585081,3645,63.93789909597734
2024-07-10,817.5515747070312,828.3848552906051,812.2553041995063,828.2403880397673,17343236,6120,76.31152918976893
2024-07-11,824.9664306640625,826.5071405152041,818.273858372934,822.7516382126789,8501366,3958,52.69758957830421
2024-07-12,827.855224609375,831.032975099971,823.6181847723751,824.9663498407772,11446064,17846,64.97817980086137
2024-07-15,848.7033081054688,854.4810581363205,827.8552953420664,827.8552953420664,25392820,4782,57.91719465309753
2024-07-16,848.0773315429688,855.2031872360685,841.9143753130872,849.6180412132858,11893692,14277,53.99712515728504
2024-07-18,860.451416015625,861.7514450438412,844.9959463584611,848.0292886499858,19435183,14349,66.49835283225546
2024-07-19,856.4069213867188,865.6994922830175,850.581035557251,861.8476591694113,14562742,7737,54.56456220450745
2024-07-22,844.3218383789062,861.8476914572568,835.8478169663675,848.7996180509505,14614111,15807,56.156126695244
2024-07-23,831.8997192382812,851.7366371940136,817.647889030057,850.2921997086647,18279212,7566,52.782910717294016
2024-07-24,820.4404907226562,835.8478238817672,815.8183025297853,832.1885940113407,19624845,12405,74.73836448899172
2024-07-25,817.070068359375,819.2367244039343,810.0404849474438,816.1071101173486,9522375,4299,48.604026612960105
2024-07-26,830.50341796875,832.23673119642,812.7368251429314,813.362771563015,12081506,13472,51.46794158512124
2024-07-29,839.3143920898438,856.1661615632173,831.2255780072089,833.9699855260068,26582781,17800,75.47444354033777
2024-07-30,840.469970703125,847.9328973347123,836.8107410128214,842.2996149354311,13528447,3559,61.01945203875765
2024-07-31,840.0848388671875,842.5403707610664,835.8477988655185,841.4810813734941,11636874,16424,66.92348957249033
2024-08-01,830.696044921875,848.7515140014297,827.6145664441017,845.2848286735671,11787203,16732,48.032101834484926
2024-08-02,816.4441528320312,826.5070785961769,814.8071707781978,824.9663688604599,12609331,9913,56.16455541625432
2024-08-05,781.5850830078125,800.5553134135039,770.3665959446458,799.25534329257,27676951,3841,74.58561152916985
2024-08-06,768.15185546875,795.9331791962649,766.1778026885571,792.1776770526977,17900930,14586,68.71397554393236
2024-08-07,778.6962890625,780.6703419145541,770.8962912047291,779.0333009734679,17692355,7755,67.75298531677443
2024-08-08,778.1184692382812,787.507312985182,773.06293798995,781.9221664085547,14769069,7086,57.77913518892087
2024-08-09,793.7665405273438,799.2072786074854,779.5629051443975,785.7739981345145,15320885,13300,76.09732786508121
2024-08-12,782.4998779296875,792.5146675912324,781.1517715969126,790.2035442003192,16120449,8804,71.2239727546682
2024-08-13,768.0073852539062,789.6258109801142,765.5999894887229,783.3665819906377,17585172,11681,66.2750349742417
2024-08-14,773.2555541992188,779.1777715549281,770.7518860016988,771.2815013387534,11788665,15647,76.8147032552079
2024-08-16,782.0184326171875,784.7147629479969,773.2555353649926,773.2555353649926,11427335,10106,57.38638211497958
2024-08-19,783.5592041015625,794.8258283062914,782.4999146750221,784.8110381744631,10151482,9499,63.47921210587886
2024-08-20,789.9146728515625,792.5146719871843,783.2221009869668,787.6517443817361,10347493,3377,56.342866164982894
2024-08-21,785.3406372070312,790.588771746324,781.1517920723019,789.9146891751129,14607257,15710,68.39016865325435
2024-08-22,789.9146728515625,793.3813579571615,786.8331945713555,788.662838830503,7832917,4987,62.2420931603925
2024-08-23,785.1480102539062,791.5517063269808,784.3295192254573,791.0702271868793,5537747,7968,58.14617775484932
2024-08-26,784.859130859375,792.9480038850295,783.6554330147424,787.6998695275697,8523795,14714,66.66869111355095
2024-08-27,785.677734375,789.0962247326166,781.0073511539267,787.5073199593448,12833290,9175,52.72736502075286
2024-08-28,779.41845703125,786.9295198766698,776.625854503473,784.5702603306938,10371300,5115,70.82281274930858
2024-08-29,784.3295288085938,785.7739662465469,777.0592054590912,779.5628735084862,18247268,10280,77.7864001761501
2024-08-30,785.3887939453125,790.2999167148297,784.1850960274376,786.8814263829273,8911426,16405,58.21713549036682
2024-09-02,791.6961669921875,794.8257813768107,782.9332114506573,787.0257841074723,11813750,13353,49.526284781526584
2024-09-03,794.2479858398438,795.3554113830713,786.159171468402,791.6961816359209,10548350,9226,72.29265888714866
2024-09-04,786.2554321289062,788.325815931437,783.5110245528155,785.2443376942574,10789570,4558,48.29863756188249
2024-09-05,788.422119140625,791.6962009160937,784.2332739868236,788.0369123055189,8395074,10367,53.03582777851428
2024-09-06,753.514892578125,782.7888492947188,748.2186217676717,781.4406841241514,40220096,9604,54.82997745154622
2024-09-09,755.2000732421875,759.0037704153561,742.4408753200211,755.9222919924988,21322103,5669,47.63631094160134
2024-09-10,753.6593017578125,759.5814597612606,748.7000432350214,758.8111049121503,12824701,14315,63.45806164007462
2024-09-11,740.1296997070312,758.811113576376,737.0482802754062,751.1555836071334,20060665,17012,70.89524097686814
2024-09-12,758.5704345703125,760.6408185171384,744.1260594277486,746.2927156991332,17578964,8538,59.06470252747084
2024-09-13,761.5555419921875,765.5518424151477,756.0185318111974,761.7000092457633,12950936,4361,51.52375006007829
2024-09-16,756.451904296875,765.5518722692779,755.344537482079,761.5555716904744,9553736,16348,57.92361057448035
2024-09-17,753.9000854492188,758.3296701716079,751.637098153009,756.5000258703583,10665630,7684,45.50517053170651
2024-09-18,763.3851928710938,765.3111094724715,753.0333911386886,754.7667043250664,18324412,9640,62.86314653159036
2024-09-19,760.6889038085938,771.6665929182252,755.0074264560737,765.5999675189145,10645478,3395,45.17350531510579
2024-09-20,752.7445068359375,765.4073730812867,750.625986843672,765.4073730812867,21372244,11835,62.99967920629492
2024-09-23,772.1480712890625,775.1814133728537,755.4407686844768,756.8852061006995,17309545,4191,72.69479529673771
2024-09-24,768.6814575195312,774.4592072785255,766.9962805064912,769.6444158126969,15180653,9223,75.34010804878915
2024-09-25,763.7222290039062,768.4407483367515,759.4852476109977,768.3444760133515,18465571,10173,53.511307914909935
2024-09-26,772.1480712890625,773.2554968178902,762.277748944874,766.5147888755175,23198842,5888,58.81101964843306
2024-09-27,772.91845703125,778.0702601200948,768.8740206569526,772.1480434176262,15193681,14969,46.58018473799042
2024-09-30,758.71484375,772.8702832866289,757.3185425049131,772.1962595176911,15484573,16119,52.43057503341855
2024-10-01,767.4296264648438,770.7036494096986,758.811137952777,758.811137952777,13280535,17742,64.68755993322131
2024-10-03,764.6851806640625,774.2184915699847,755.2482008550121,760.6408027275493,15944135,11325,56.22515052645833
2024-10-04,767.1407470703125,779.8517495092212,756.1629990283715,762.6629675013947,20097454,8068,55.44483530338903
2024-10-07,742.1038208007812,774.2184558775194,737.0482898388944,770.3666227637009,24267990,16344,70.13541733945017
2024-10-08,752.5037841796875,755.3445229531092,743.6445559601656,743.6445559601656,8560960,17751,51.48441055309313
2024-10-09,767.8629760742188,774.5554892758929,753.0815308248506,757.5593104537433,18758697,8644,56.493430743822465
2024-10-10,767.5740356445312,774.6518143977434,765.5518467289336,769.4036799200226,10241015,4312,67.36296533217447
2024-10-11,770.1259155273438,772.9666543229133,763.6259468748779,767.6703835690523,14322720,17690,60.052971086211116
2024-10-14,775.3258666992188,779.273972056262,771.136963002821,772.2925246699068,8967564,11626,71.32361807559073
2024-10-15,774.8444213867188,777.5888290383062,771.9073515455158,775.6629124338771,6252104,17039,69.02746812417813
2024-10-16,775.61474609375,779.0332361787332,772.3406644838936,773.0628831824524,6494240,7800,49.60013482141716
2024-10-17,781.0072631835938,789.1442720079697,776.1443358614076,779.514689677183,18580553,5471,63.271321719506815
2024-10-18,790.010986328125,792.1294474976112,773.1592166434322,781.0554274190987,11704698,9667,46.74539534390737
2024-10-21,783.7999267578125,795.8369056109815,779.0332713770955,794.1517285715379,10359618,17416,52.015356299907786
2024-10-22,761.1222534179688,786.5924530851014,758.329650876446,783.8480454773676,16645356,16260,68.59491361080786
2024-10-23,756.8851928710938,763.2406938816622,750.9148399002006,760.7370259136948,13866198,8207,73.72936237497224
2024-10-24,765.1185302734375,767.4777899396578,755.585278059477,756.9333844585227,5607500,9522,78.02390588912994
2024-10-25,752.0222778320312,771.0888399529977,743.4037895019845,768.4407046924659,9717125,10403,71.43477446550234
2024-10-28,762.7111206054688,774.1703480481368,754.5259749390806,754.7667145175037,13757251,4790,75.28828113875328
2024-10-29,801.8554077148438,803.925732845734,761.2185547092174,766.5148254883454,28274791,16222,67.63909544440438
2024-10-30,791.9850463867188,802.1442444505282,790.6368812896834,797.3294530672716,15977682,3144,76.7718092461827
2024-10-31,789.8184204101562,797.3294834998579,783.4147241162844,789.625816992613,13402324,8903,67.90159682832598
2024-11-01,790.7813720703125,795.0183533490626,788.566579722976,791.9369337915391,1637141,13377,52.76051005688869
2024-11-04,799.1109619140625,806.4776167890851,777.2036594878515,792.2258449875555,14498161,4308,66.5315218089885
2024-11-05,817.7442016601562,819.8627216790217,795.6442968785319,799.1109232553587,26254561,3181,78.65756639326665
2024-11-06,823.13671875,829.492278606691,814.8553011245552,817.7441759391488,15002433,13891,60.3223284266294
2024-11-07,827.7589111328125,830.4552413269911,815.3367846280997,829.1070762299017,15283847,5400,77.88671674180114
2024-11-08,811.9182739257812,831.5144508501054,803.2997858129482,827.7588901564618,26139105,8560,65.30820512255276
2024-11-11,816.2516479492188,822.3664098051412,810.810909901556,814.662743202751,12621337,17486,67.35535831402842
2024-11-12,796.0775756835938,821.7885720240326,793.766452435842,820.9218861125494,11350729,11767,68.33200062874562
2024-11-13,778.6962890625,800.940603318519,774.8444556831504,792.8517297121596,13756706,16520,51.85879165695075
2024-11-14,774.459228515625,787.6999054097373,771.3777501381329,778.6962686314655,9461484,8275,59.171317117490105
2024-11-18,784.136962890625,786.4480864115857,769.6444516583641,780.9592121300385,9322451,17403,74.62206232583836
2024-11-19,773.2555541992188,789.9147218810267,770.462951477566,788.6628877822667,13677029,16042,51.39876917358621
2024-11-21,751.8296508789062,768.9221597525542,733.3408407931131,768.9221597525542,29486577,5548,64.1945718558115
2024-11-22,785.8220825195312,789.5776432728918,755.0074179563543,756.8851983330345,20665405,7296,69.74939431183432
2024-11-25,813.1701049804688,818.1293046973657,795.0665016573014,796.3664717835007,23434605,17637,55.57198575396927
2024-11-26,808.3071899414062,815.3367735105277,804.5997653621181,812.7367744440559,8893744,14894,53.98683379485627
2024-11-27,803.2034912109375,811.292364407334,801.2775746188726,807.4405312232043,8375108,15292,72.57065574149858
2024-11-28,807.7775268554688,814.4700986330259,799.7368487551913,803.2034750413964,13505677,14610,54.40369895674606
2024-11-29,807.8739013671875,812.7849653323096,800.7479862272926,809.9442265086632,10822949,12888,62.5897026908384
2024-12-02,805.4183959960938,810.8109393035892,801.8554383084241,807.873928059787,6651119,14829,47.932398949781
2024-12-03,822.3182373046875,824.8700414893754,805.8998103387524,806.9590409400479,12186182,9577,70.57549684193924
2024-12-04,827.855224609375,831.9959333561703,818.8033934913788,822.3182146362292,10749716,7655,52.61701233630319
2024-12-05,833.3922729492188,839.1700227524034,823.9070984244045,828.1441384564639,14716036,17987,77.77419190841866
2024-12-06,831.6589965820312,843.0218932764863,825.2553000902753,833.199706421366,14520568,3509,65.55127171231321
2024-12-09,826.266357421875,834.7403787055949,825.2071268017763,827.1811795615839,9630346,14643,72.56755773434591
2024-12-10,835.3663330078125,836.7626343106416,826.2663652334417,829.8774588919769,7379849,4779,45.51534582684287
2024-12-11,829.684814453125,837.6292201091063,829.0589268478445,835.3662917047014,7006973,17563,50.431557595288126
2024-12-12,822.0775146484375,832.2848491458258,819.6219827317773,829.588577653526,8845103,5059,47.02285383688797
2024-12-13,829.63671875,830.9367477307743,804.0701874198363,821.0182301359672,9379370,9494,77.96593868009212
2024-12-16,829.0589599609375,834.3070944496669,826.025617806868,827.9515344064523,6432713,13645,67.4693831803452
2024-12-17,819.044189453125,830.6478254844673,815.6738353243519,826.7478560331779,8791216,4855,72.30068702303774
2024-12-18,807.103515625,820.4404644541135,805.9960900799213,819.4775061625006,8295338,11120,68.47617829942595
2024-12-19,801.95166015625,806.9590550690585,789.8184090909501,794.0553903446263,9453398,15489,64.1476241640294
2024-12-20,781.922119140625,805.0331177359144,779.9962025910175,803.9738871433539,10244198,10278,71.65136699362286
2024-12-23,790.7332763671875,793.4776841679945,782.114787338898,787.025851437494,4933200,10493,70.51372871525565
2024-12-24,781.9702758789062,795.5961593356999,779.2258682332135,793.7183788955526,10602771,15456,48.68062974788533
2024-12-26,782.35546875,792.3701996282533,778.0702926359427,782.8850840507691,8318714,13240,69.51876183811657
2024-12-27,770.0296630859375,787.9888009322062,767.6704033888981,786.0628842447148,10649800,10422,54.721870383027735
2024-12-30,759.1000366210938,778.0221912364731,755.9222859001974,772.292577441985,21515438,6024,55.21548930960038
2024-12-31,765.5037231445312,769.5962959772957,756.8852344830239,757.8000566357981,9086044,8665,72.55996638309355
2025-01-01,763.8185424804688,769.0666770195652,760.2555849821816,766.0814709969738,7273098,17454,76.4391865561576
2025-01-02,771.522216796875,772.6777785343264,757.848196914708,765.5518634653022,11398319,5210,57.47850858171886
2025-01-03,764.0111694335938,779.5147751769242,762.8074715102198,771.5222327205842,13336514,7567,57.34182549961072
2025-01-06,747.6408081054688,768.055475966793,744.5111937959167,767.8629313364202,11419367,6052,69.95615670806141
2025-01-07,749.9037475585938,754.8148111917903,746.1481868219319,750.9629781385199,9669152,4393,70.58873368501976
2025-01-08,742.5853271484375,754.911181809416,731.9445907621887,751.9741707073787,15641490,15938,67.03779001881185
2025-01-09,732.2816162109375,742.7778259178452,699.3484321602015,742.5852812864381,15351029,8819,48.83369849205333
2025-01-10,715.71875,735.1223830791824,714.5631882955921,732.1853132713054,11779296,4810,75.2044932903299
2025-01-13,702.4780883789062,716.3928477377098,695.7373801970662,714.0335881192036,10414733,16713,59.75659308641301
2025-01-14,720.437255859375,728.9594130704888,705.800278346691,705.800278346691,11960975,10150,76.70135979198949
2025-01-15,725.7816772460938,730.7890721249498,722.2187198068513,725.252061939764,7792299,13871,75.80093757371114
2025-01-16,737.9149169921875,747.929706597395,732.2334984141427,732.2334984141427,11816079,3373,65.24154437816689
2025-01-17,735.79638671875,739.5038113032925,731.2705298930534,737.9149066564445,5766573,13799,77.27172208389845
2025-01-20,750.38525390625,755.9222641211501,739.4075057965499,740.5149313492541,9198929,11408,61.43305990926582
2025-01-21,730.9334716796875,755.8259785163474,728.044596835733,755.7296474236301,13751780,6494,76.82449329308753
2025-01-22,725.5409545898438,734.7371947482791,710.6632368600655,733.7742364327505,9908339,7427,53.874807306403795
2025-01-23,718.2706298828125,727.6594734437961,715.5742995843119,722.2187354602709,10986405,3922,54.8489743062636
2025-01-24,716.58544921875,725.7816893156935,711.6261904172143,722.1224594960153,10579213,12212,48.47672258130289
2025-01-27,721.4483642578125,727.3705224901476,708.6410307266503,712.5891362148737,11433353,7367,50.15610960277134
2025-01-28,724.5298461914062,731.6075661648166,717.7891381122306,728.9594308479976,14140860,17974,68.32365969225961
2025-01-29,730.355712890625,732.6186413192878,722.0261003310969,725.1075785552505,9251973,9184,46.07935441077849
2025-01-30,734.3519897460938,736.6631132188579,726.7927904600431,730.4520203133268,11085824,15077,57.93673642836059
2025-01-31,744.2705078125,748.7482287285419,731.3668428360176,736.5668412651819,10083763,6868,73.91956972687942
2025-02-01,737.6260375976562,749.9037555863902,724.2890890176571,746.1000586507049,9363077,7248,77.53516974883118
2025-02-03,732.7631225585938,734.5445718854385,725.2520596511663,734.5445718854385,7862190,4390,46.655772824725574
2025-02-04,750.3370971679688,752.3111498703669,737.2890243394788,738.5889944967314,12020807,5896,60.22297965343212
2025-02-05,737.6741943359375,753.0333909836241,736.6630998752845,751.107474382643,13419162,8131,74.19334233346373
2025-02-06,724.3853759765625,742.2963767183029,722.2668559769037,740.5149273858113,32745391,16859,73.28356583274717
2025-02-07,709.8928833007812,731.75204885935,704.6447487163948,731.6557177630287,37240692,10548,74.09323880396661
2025-02-10,709.5076904296875,716.3447298819926,706.233667350861,712.5891688607044,12667049,12692,66.08614727009902
2025-02-11,704.0187377929688,712.7335567858637,699.6372896053772,710.1335578124041,13017060,11657,62.79513439916137
2025-02-12,705.992919921875,711.3373268740813,690.5855867123075,705.992919921875,12697743,4576,52.08408897193022
2025-02-13,700.6965942382812,710.1817094926294,699.2521568630419,707.1965624268578,12370571,16580,74.95182932350968
2025-02-14,695.400390625,705.7521928080495,689.6707767316124,703.8744122850989,10417539,8498,76.91433715842535
2025-02-17,700.7447509765625,701.7558454140641,685.1929512700127,692.4151383583221,9093600,3494,68.85817794598391
2025-02-18,698.9151000976562,701.2743596122846,690.7780909672726,700.7447443190354,8562003,7385,61.4237404270571
2025-02-19,700.3595581054688,707.6298814976512,695.3040270429543,695.3040270429543,6766606,3717,75.24767986998833
2025-02-20,702.6707153320312,704.4040285962709,696.5558945833883,698.0485270359545,7423268,6540,46.94050864218006
2025-02-21,695.255859375,704.5965661934869,693.3299428670359,700.359526366243,6571602,13815,51.60891774362061
2025-02-24,689.8633422851562,693.089229046088,684.1818648659195,684.1818648659195,6912148,16426,53.05333352812047
2025-02-25,684.5670776367188,692.318880181649,683.7003916586949,692.318880181649,8599635,7596,54.72188093891491
2025-02-27,677.8263549804688,691.1151674539011,675.1300247842662,689.4781266274379,12033139,15222,68.39085900574409
2025-02-28,663.28564453125,675.3707590632506,657.3152915031974,674.9374748612561,15780609,4228,58.50738614978228
2025-03-03,669.544921875,671.5671696530677,654.8116710316503,664.5857216898627,10598479,12065,56.08154137291585
2025-03-04,689.5262451171875,691.8373684334783,666.4633832092842,667.3300691464701,14386214,14835,53.87308239197378
2025-03-05,703.2965698242188,704.2113919626877,690.4411000485206,690.970715357852,10409805,13257,66.71440445408544
2025-03-06,704.93359375,709.4595093992308,700.0706662141035,708.7372906926826,10928847,17451,56.7349383807754
2025-03-07,705.6077270507812,707.6299160648454,701.0336749136387,704.9336444546556,7246729,11209,65.5094767725501
2025-03-10,701.9003295898438,711.1447057760574,699.6854784765769,705.6076955415114,7400109,16604,49.962628432056626
2025-03-11,702.8150634765625,706.8594999287487,695.9299471730827,698.0484671027334,5538789,14965,57.96113980326215
2025-03-12,696.2670288085938,709.7003096539208,692.4151953776362,703.5373526546633,5547762,3384,50.54619317117307
2025-03-13,700.88916015625,704.3558452266985,697.663273429962,699.0114385308547,5908337,11190,70.20835820174192
2025-03-17,696.3633422851562,704.1632812757161,695.5447924372056,701.9003527020252,5149563,15355,46.86004205994396
2025-03-18,696.3633422851562,696.3633422851562,696.3633422851562,696.3633422851562,0,15752,54.22522214163038
2025-03-19,717.5001831054688,721.5446195922909,711.7224334883822,712.2039126231394,7604850,7933,71.70448018816734
2025-03-20,721.7853393554688,724.8186813309343,716.6335362646441,720.292765833536,6963197,4043,75.19578039820874
2025-03-21,725.3001708984375,727.611235450561,719.3298179504133,722.1705565633118,9577327,9336,49.657145603618055
2025-03-24,751.8778076171875,753.9481914133478,727.1297682523594,729.9223707530908,12095064,10654,73.12589466741234
2025-03-25,744.2222900390625,756.8852150473521,740.7075275492936,754.8630261504609,15190143,11735,49.184229421396466
2025-03-26,735.7001342773438,747.3037699282959,733.2446023903115,743.4038006048552,7711852,6930,45.80441048685713
2025-03-27,743.6926879882812,747.063042059369,732.3297917320479,735.5075423870684,15648616,11036,50.36830344404891
2025-03-28,742.92236328125,749.7593440220716,738.5890507280865,743.5001147786132,7628185,6240,52.16006871824184
2025-04-01,743.1149291992188,753.7556066211873,734.92978367858,738.3964100364205,7011125,13947,70.897595054909
2025-04-02,747.20751953125,748.2186140115384,735.9890316029483,743.6926981564776,5458436,10302,68.33127239539557
2025-04-03,750.3370971679688,755.6333676630561,741.4297331535035,741.4778693122336,7956680,14741,47.12726578274494
2025-04-04,739.0223999023438,753.9001182138272,736.6631401821917,750.2408294522949,8231194,8595,61.10777309477868
2025-04-07,719.2335815429688,725.7816862623683,702.9595626780941,702.9595626780941,14923235,7084,45.835197060089875
2025-04-08,740.1296997070312,745.3296978529378,730.0668328471972,731.8482821294997,12911288,12155,75.35838044461914
2025-04-09,714.7076416015625,739.5038171183404,713.5520799197053,738.5889950046072,11319387,15860,72.82276537480746
2025-04-11,725.9260864257812,731.5594277102952,718.3668873275676,730.8853451496299,9360327,17664,53.84757531935216
2025-04-15,735.2186279296875,742.1519391227857,729.0556715859763,741.4778565892068,7859090,3472,56.83534015498204
2025-04-16,743.1630859375,746.0519609071307,732.3298048013849,735.2186797710156,12536694,12578,57.96037741107326
2025-04-17,767.9111328125,771.329623132695,738.7335071379982,743.4038315336337,27034818,16760,67.5497162795405
2025-04-21,786.447998046875,793.8145932403959,771.7147488855273,773.255458543513,16398507,16250,59.34692401767333
2025-04-22,791.9369506835938,804.5516812424216,783.8480772367818,790.7332527762891,25117557,11589,53.33260698653363
2025-04-23,783.3184204101562,800.2183263784495,780.0924749249118,795.4035350043313,12104382,7906,68.08370232232434
2025-04-24,783.2703247070312,788.6628678148439,781.1036684767707,782.6443782863423,12713521,3738,78.82065723095768
2025-04-25,769.0667114257812,788.6628903815811,757.8482231139246,784.811056973124,13131038,16423,60.752071569533655
2025-04-28,787.073974609375,792.3221093100369,767.8630027721836,769.066700695532,11317611,13324,59.31895389333687
2025-04-29,782.4517211914062,798.2923962986351,779.0332311285836,789.6257719721119,11283059,7337,57.367258509567826
2025-04-30,759.4371337890625,781.4407087956405,755.440833087098,781.4407087956405,25635764,7692,78.1591628377199
2025-05-02,767.1888427734375,773.6406747464794,759.7740525588761,761.0740226752047,14720184,5827,69.16872651792822
2025-05-05,760.737060546875,769.4036852872824,753.0333941109573,753.0333941109573,23986447,15229,57.85623596811373
2025-05-06,745.4259643554688,769.5481157490566,742.5370895801225,764.5407210502615,18869468,13184,68.0478071233396
2025-05-07,747.3518676757812,753.4185516163304,736.2297117419523,736.9519304230361,15586266,3447,58.31948831623049
2025-05-08,740.5149536132812,757.3667243392013,735.7001619773041,750.1445368852355,14491673,15644,60.385919046032626
2025-05-09,750.38525390625,752.7445134918086,727.5149943229668,728.4779526212103,13578216,10517,58.93478438930185
2025-05-12,771.9555053710938,774.1221614356956,763.6258929907904,769.4036424963954,15096824,3589,69.30764974340438
2025-05-13,772.0518188476562,777.7332963407931,767.6703703271746,769.018476685771,13909596,6735,61.473827375605296
2025-05-14,771.0407104492188,777.5888150314639,766.8036704860727,775.9036380329437,9281719,13135,60.49540705156677
2025-05-15,777.82958984375,779.4666307570579,765.0703919911599,774.6518391145711,17058854,6540,72.47464755378004
2025-05-16,778.0751342773438,789.7644580739088,776.9946347468432,789.7644580739088,14733924,9169,52.62502155523935
2025-05-19,780.9237670898438,787.2104729702169,778.0750903727592,778.0750903727592,10666184,9845,54.136619661896425
2025-05-20,771.7393798828125,785.2459236919375,769.9220998339915,784.0180560729261,11324667,13959,52.714642213514
2025-05-21,773.1636352539062,776.9946060925355,765.3052827270537,773.0654298291093,8206040,16546,73.22904633154278
2025-05-22,771.346435546875,774.2442151084329,766.4840678018166,774.0477442991881,7355826,4648,59.08622488006006
2025-05-23,776.5034790039062,780.874699700136,772.2796264031289,773.9495383488706,5534158,6342,58.49488580402418
2025-05-26,780.33447265625,783.4286631605596,775.2265312430146,777.9769427872259,4965466,12693,53.83075005148486
2025-05-27,779.6468505859375,787.1613645883718,776.0614530866071,780.3344684569088,11995043,15659,74.21004303978023
2025-05-28,782.4463500976562,784.7547771957036,778.6154390963333,780.4326591919574,6873519,9481,48.29224452625961
2025-05-29,783.232177734375,786.2282227070898,777.3384131262393,784.8529869834019,14034127,16952,57.55312258865607
2025-05-30,797.91748046875,800.0785394661832,778.5662748283969,783.8706869171444,22037314,13976,59.76825718273406
2025-06-02,799.2435913085938,807.9859725290632,794.8723707211232,798.4577080916993,26891575,4964,58.93905986630878
2025-06-03,795.4617309570312,803.9094959854718,790.8940994751483,801.7484370268255,14247597,15801,77.65635970987162
2025-06-04,792.2201538085938,802.5342413659282,790.9922862422444,802.5342413659282,9607927,16473,69.34590968383684
2025-06-05,791.72900390625,797.3280919793597,788.6347536685006,794.3812098308251,13595507,6806,68.74502305903069
2025-06-06,798.6541748046875,801.9939985959651,788.88033690073,792.3675287830383,17163935,13132,51.11307139058498
2025-06-09,805.5302734375,809.9014942207324,801.2573180380161,802.9272300169949,12793040,16402,53.12015553635975
2025-06-10,802.5833740234375,807.4948444720902,800.1767415127031,806.4634476687678,6560513,12153,46.96282558215982
2025-06-11,800.6187744140625,806.0704945433416,798.6541862626485,802.5342598525855,7197825,10314,53.1941197856473
2025-06-12,791.679931640625,802.0431222706184,787.0140347260071,801.5519752269744,13448521,15381,70.95717615796566
2025-06-13,778.3206787109375,782.2007522600275,772.3287088939938,772.3287088939938,11377117,6479,47.05146858087544
2025-06-16,778.4680786132812,781.3167555010375,772.2305350251097,778.4680786132812,8085001,4911,46.824210626059134
2025-06-17,778.2716064453125,784.7056208342702,776.5525917636725,779.9415184126576,7753156,6091,66.17002770387754
2025-06-18,777.8787231445312,781.4149579289822,774.3915311197982,778.4680756237817,5710169,16402,61.85246636058573
2025-06-19,771.1990356445312,779.2047561439027,767.8592718430074,778.320667516001,11824333,16785,71.11921664223307
2025-06-20,782.053466796875,785.2950253156704,772.181363190149,773.5565989033221,11367669,12076,75.20028742549627
2025-06-23,776.2088012695312,780.874698193188,774.5388893270122,776.0123304607985,5549253,7538,71.59707355966378
2025-06-24,781.3167114257812,792.3675194893278,779.5976968381185,784.8529460243278,11402190,7656,51.08639962351157
2025-06-25,785.8843383789062,789.567941046098,782.0042649119035,785.3440886452789,6528324,3065,58.831895232326154
2025-06-26,782.9375,789.1259408358321,777.3875743106198,787.7998677833231,24704402,7651,70.23336391866297
2025-06-27,791.1396484375,795.1179273319369,788.4383398116579,790.7467068374075,19375990,14023,59.74662595903489
2025-06-30,805.824951171875,806.4634663267615,792.7604514670988,794.6759369772839,19652607,8464,55.980918090002355
2025-07-01,805.7758178710938,810.2944065895595,798.8506566320394,805.4811416394373,11456405,11132,74.79728648261309
2025-07-02,798.5068969726562,809.4594402026391,794.6759260051804,806.4634551919074,6661200,4924,50.40048591378723
2025-07-03,792.8095092773438,800.0785092795976,791.5325389943724,799.0962152227779,7020403,15745,75.60394881703368
2025-07-04,797.4754028320312,799.4399909377498,789.8626239223718,794.4303152499558,4319538,16168,72.82906063441501
2025-07-07,792.56396484375,798.2613185459272,790.8941128494637,796.8369801203829,4461783,4777,71.37042873353647
2025-07-08,798.2612915039062,799.1453201848503,791.0904969053553,793.5953947208753,5935770,4293,78.83286223490045
2025-07-09,796.5913696289062,798.0648106998194,794.675884245825,795.6581782931005,4099112,16575,51.099242989639556
2025-07-10,793.693603515625,801.0608089938022,792.613104027281,796.9351619351286,12178137,10305,69.45972564924716
2025-07-11,794.3321533203125,798.1630643635436,790.3047115103832,793.2515938303184,6202372,3054,47.55576716599581
2025-07-14,794.528564453125,801.0608442463658,793.6936384439774,795.4617558456557,6938635,7705,60.324571946474464
2025-07-15,801.9940185546875,806.4634446553665,796.1493567517351,796.6405037947652,9297645,6132,70.76757843108855
2025-07-16,816.9739990234375,819.4297342255312,800.8643521159136,801.5519699633943,16458920,12148,62.23789055808512
2025-07-17,814.32177734375,827.5827471798666,811.7186740978348,823.5553655077234,23073718,8670,66.14914091521308
2025-07-18,808.7717895507812,817.9071722636787,805.7267019494631,817.2686571434967,15387801,11681,72.73088747278317
2025-07-21,809.6068115234375,812.7010019745913,803.4674733809013,808.4280466091758,8852594,17597,48.34646893667565
2025-07-22,800.5697021484375,813.3886283330482,799.5874080353719,812.848378561757,7851163,4197,54.06625128967688
2025-07-23,806.1196899414062,810.5891161764496,797.1316748019602,798.113968917551,15470390,14014,71.73083775403825
2025-07-24,801.25732421875,807.3966624575928,796.29675091266,805.4811769361788,10118309,9263,59.708063722326294
2025-07-25,792.269287109375,804.6953313423805,791.2378903047143,800.569684169264,6734439,4668,48.48979146272335
2025-07-28,783.0357666015625,794.6268250025805,781.906104403612,792.269295178368,7734158,9028,52.626807992354706
2025-07-29,785.0494384765625,785.8352617474154,779.057408633055,782.1025562450097,7833759,9373,54.08849140382974
2025-07-30,787.4560546875,789.1750692870572,782.1025400865564,784.8038487430033,8743723,6535,69.04041225163891
2025-07-31,782.4463500976562,789.5679822929258,778.5171737140591,781.0220116677076,11359112,15712,57.15186546748022
2025-08-01,779.9415283203125,786.8175871342196,777.9769400877676,781.6114403088707,15468391,11669,76.4150625660447
2025-08-04,781.6113891601562,783.0848302381428,772.62337460265,780.4326243068729,8820724,7807,48.96801054883447
2025-08-05,786.4246215820312,789.8135481709712,782.2007690014489,783.8706809392065,7381537,12128,52.074387269867906
2025-08-06,790.8941040039062,795.8546771264834,784.8529714185823,786.7684568691343,7409396,14318,51.04424820320176
2025-08-07,790.8941040039062,792.3675451267196,779.3521485418682,786.915765008732,7091392,11771,45.8294494182593
2025-08-08,790.0591430664062,793.4971724617818,776.0123492419096,790.7467609363763,15708181,6801,63.80979560911044
2025-08-11,808.8700561523438,810.392599955305,793.6936009259229,793.6936009259229,15236297,13581,62.19637148645166
2025-08-12,806.0704956054688,810.8837605645641,805.481143141057,810.3435108131079,7986728,16567,76.10448347473238
2025-08-13,807.29833984375,810.3434873670307,806.1196349490305,808.0842230461906,4447508,12102,46.69667695894895
2025-08-14,811.9151611328125,813.3394995419872,804.5970582342032,807.4457350525524,7087573,5983,54.65382025192747
2025-08-18,812.9957275390625,823.1624473883827,810.5399923141568,821.1978592084581,6138124,7617,77.12961115541506
2025-08-19,815.697021484375,816.2863739458684,811.1784327798614,812.8483446933888,5076681,17935,72.00012199822281
2025-08-20,814.272705078125,817.1704846600775,812.7501612160911,814.0271315534591,4493888,14669,48.920809200551226
2025-08-21,811.0802612304688,818.4965697939625,809.4594519619582,814.272717098252,4402511,16920,58.75893042474992
2025-08-22,801.7975463867188,811.3749137095616,801.2572966311966,809.4103255407733,5097647,11815,51.25192638840503
2025-08-25,801.9940185546875,805.9722976123364,799.7838568610522,802.9763126407477,5672898,7695,51.77866461388244
2025-08-26,793.5462646484375,801.404617447895,792.4657651203016,800.4223233479629,6997817,4962,48.32019793091766
2025-08-28,787.750732421875,796.6404816628535,786.4737621363677,792.9568789424643,7898436,14831,46.279897356298136
2025-08-29,788.291015625,792.4166628378574,784.3618392231308,786.5228982350536,6861440,9117,54.037407878230105
2025-09-01,791.7781372070312,793.9882989038185,788.4383732823478,788.8803576581267,5619805,16827,54.362850381112025
2025-09-02,789.666259765625,796.1493769160325,788.4383921269514,792.0237296591938,5075460,11693,60.935273266857465
2025-09-03,797.7701416015625,798.8997437933355,788.7821270069304,790.0590972888992,4261589,8486,65.24006201153044
2025-09-04,795.06884765625,802.2886851199853,793.6936119705517,800.2258915459101,4471950,9818,69.5843022060663
2025-09-05,792.318359375,798.1139182710025,789.4206398814698,797.1316242177459,5194842,7738,52.78249337189362
2025-09-08,794.4794311523438,799.4400042107487,792.5148430140074,793.6936078879036,4614227,16842,53.25088687856306
2025-09-09,794.528564453125,797.966593827573,791.3361086054234,797.6228148719179,4567272,12331,55.10563254493951
2025-09-10,803.7130126953125,809.9996587129843,796.0511310104619,797.622777526262,7285853,13630,72.71293707093736
2025-09-11,809.0665283203125,811.0802191569468,804.4988369492515,804.5970423736838,7425055,3074,75.12798424020878
2025-09-12,808.96826171875,811.1784233553801,805.2846589910332,809.5085114612542,5078018,7608,76.65694325344245
2025-09-15,810.1470336914062,813.1430186120108,806.561636356512,808.9682688172991,3852494,5499,51.33016801435158
2025-09-16,816.82666015625,818.2509986153229,807.1019843806856,810.4908511172532,9467531,3616,72.12090611876101
2025-09-17,841.973388671875,842.9556827448961,816.2863746805828,819.5279331306582,17243938,12947,47.47942100825193
2025-09-18,839.222900390625,845.5587090248177,836.0304447176452,843.4468127830675,10400847,13473,56.58332477869799
2025-09-19,847.081298828125,849.1441524246292,834.262372728141,836.9145788068039,15206426,8859,67.66127638976413
2025-09-22,840.1069946289062,852.8277146939828,838.8791270541783,846.7374795324375,6594034,13654,65.5175969127954
2025-09-23,855.1851806640625,858.7705779481222,836.1287119616596,839.4684757773939,14357863,13018,47.57399026304704
2025-09-24,850.8631591796875,864.9099527819579,849.1441445091953,860.4896293435494,12840160,10486,64.07457057032002
2025-09-25,845.902587890625,854.7432347874252,844.7238229801568,851.2069400560208,8678821,14494,71.95372442100184
2025-09-26,841.7769165039062,849.0458566598143,837.8968429308584,846.7374895737396,6959545,15666,63.2513231309304
2025-09-29,855.3325805664062,858.0338893192718,840.8437427101278,842.8574336077328,22641712,10966,47.259116838426074
2025-09-30,857.0025024414062,862.0612811008727,852.2383400675699,854.5467671830805,12831593,5200,63.104903037503334
2025-10-01,848.80029296875,860.9316608640574,847.5233226519999,856.8551164386336,10832384,17498,70.19514998909537
2025-10-03,851.9436645507812,857.5427529354124,848.5056351862063,849.8317681995126,8019442,9639,65.12534811164106
2025-10-06,858.5741577148438,859.8020253564342,847.5233489405293,852.6312903204407,7820352,7383,48.46757682369001
2025-10-07,849.3897094726562,861.4719147583033,847.7197975329713,858.67240059065,9242580,17977,76.8278784792828
2025-10-08,843.0538940429688,852.434790514772,842.0715999631051,851.4524964349083,7156112,13894,55.40754946274619
2025-10-09,846.835693359375,850.4701934075276,842.906517081258,846.3445463246103,7020501,15489,47.54356004289987
2025-10-10,865.0573120117188,868.1023997007326,846.0498854486992,846.8357087276893,13713015,9969,54.073075243241576
2025-10-13,867.3165893554688,872.3753680081057,860.4896333556451,863.4365156616575,11923143,6159,75.4898555172493
2025-10-14,861.4227905273438,868.4953197717444,856.6586283491738,867.3656576175208,7681973,13137,51.96952987013681
2025-10-15,870.4107666015625,871.7860023052981,861.5210171041608,862.552413904726,8269225,10766,56.773737009038896
2025-10-16,871.2457275390625,876.0589324550273,866.8254042739779,872.5718005367993,8493686,5903,62.52169878033557
2025-10-17,873.4067993164062,878.9076221454748,867.3656667834078,871.7859901135612,8511854,9782,54.3837361905441
2025-10-20,891.431884765625,897.4730173879747,875.273135028841,878.7602670499772,13546463,16284,72.32371271729447
2025-10-21,891.775634765625,893.8875909678319,890.3513563479894,891.9230028558147,1783576,14192,70.0622232325401
2025-10-23,895.41015625,901.7459650541837,888.7796712128369,895.8522005767054,13382769,8972,61.15500077570793
2025-10-24,888.4849853515625,897.9149844315482,884.9978533977383,894.8207940870866,5313227,14327,67.95374205066872
2025-10-27,906.411865234375,911.5689091709564,889.9584393414725,890.8916307113675,9150761,13139,54.591064362608584
2025-10-28,913.779052734375,919.2798755091706,901.4512742261386,910.6848024520077,22066289,14856,46.739479531268124
2025-10-29,923.11083984375,925.3701041834124,913.7790463044942,917.3644435934705,12314222,16257,71.47545421135437
2025-10-30,917.8064575195312,928.1697081157838,916.5294871954993,922.8161933430813,13044473,3398,64.86941906631625
2025-10-31,920.4095458984375,929.9378103922294,913.7790609093079,918.3467523280527,12078252,13106,64.82469939713903
2025-11-03,932.8847045898438,936.5192046955284,920.9007047609928,922.1285723673408,11744735,8829,61.525693221268355
2025-11-04,940.644775390625,942.314687296863,924.8298648800413,934.1616585246089,19154518,6206,61.82519999069595
2025-11-06,943.739013671875,954.2004693430785,938.3854990793552,952.4814547462262,23088096,3342,52.31348904310704
2025-11-07,938.92578125,947.7664280534589,927.2856202739019,941.7744580906816,13371323,13229,54.131050573236344
2025-11-10,934.3090209960938,946.1456524515773,932.2952702055394,939.0731232147145,7343249,14135,72.76478074192676
2025-11-11,936.4209594726562,938.041768729716,928.3170330963064,936.7156357136287,8648917,15893,60.754710872273115
2025-11-12,940.2028198242188,944.5248778824666,934.5546287610688,940.7430695871906,7043323,3869,60.80000654697847
2025-11-13,937.1085815429688,946.8824199346525,935.586037662384,937.3541550706268,8894441,14500,57.64796412581037
2025-11-14,950.7133178710938,951.8920827784771,935.1439804142634,936.0771717973782,11032927,13591,64.33837025224871
2025-11-17,956.1159057617188,958.7190090200476,951.3518035204058,953.8075386869531,7415026,5524,70.77374065055714
2025-11-18,955.2318725585938,959.4066223219879,951.6955779628004,958.3260628811324,6594686,16550,52.79676854005752
2025-11-19,965.3494873046875,967.0193991973044,951.6464731790688,955.2318704792619,8291226,15570,70.65216838281157
2025-11-20,964.1707153320312,969.131288306733,962.0096564254319,968.5419358569656,6440857,17302,73.32001267028913
2025-11-21,955.3792114257812,963.2375641743527,953.8566675716402,962.3535354628224,5377241,14604,74.89211423647058
2025-11-24,953.4146118164062,960.3889357698928,950.9097738987026,958.2769795122267,9901946,5090,71.88729090069128
2025-11-25,966.1844482421875,971.4397576251993,954.1513455736803,958.276992765206,9140201,14531,49.78280608284475
2025-11-26,966.4791870117188,981.3118039098479,964.760172340205,969.1313331127609,13943490,14219,67.86270391053782
2025-11-27,955.624755859375,971.0467846498851,951.7447422714566,969.2295646138847,11909168,16388,45.88253488826733
2025-11-28,961.6658935546875,965.5950698307025,955.8212318532206,959.5048346119848,8117842,16357,68.77040782567221
2025-12-01,955.870361328125,973.6499204475664,952.6779055144807,968.0017293926574,8808306,14451,72.78674881190005
2025-12-02,950.1730346679688,963.0902255716678,947.8155648906452,958.7190050026365,13444314,4678,63.152400576741286
2025-12-03,934.2107543945312,955.3300766986022,930.7727251822406,953.2672831530164,14051968,5733,74.94428514677989
2025-12-04,931.31298828125,935.6842089047472,927.7276508811245,934.2107677926339,13622724,6440,67.46617820235649
2025-12-05,954.2987060546875,956.0668234213827,929.9378246743456,932.049720989894,17347847,11819,66.55055055353385
2025-12-08,939.466064453125,955.2809748623741,934.8492703729215,953.6601656790195,15386438,8696,48.73081090725092
2025-12-09,942.3638305664062,946.9315221602762,933.6214489589805,937.8944043562335,9580294,16998,78.01166015130643
2025-12-10,942.7567749023438,946.8824221676225,938.3364513940754,943.1005538600858,6989178,7153,68.02226027010538
2025-12-11,946.1947631835938,949.3872189119578,941.479763637212,945.0651010209991,5979035,5397,45.91846074512712
2025-12-12,946.0965576171875,949.8783658053579,941.0377191742843,948.8960717352387,5681930,16339,71.6431764303212
2025-12-15,950.1239624023438,951.6956089709226,940.3010214625418,940.3010214625418,4416952,13183,50.461292106169324
2025-12-16,944.1319580078125,951.8429423827886,941.0868104547513,948.9451629202439,4764786,13638,63.727093949237826
2025-12-17,958.5716552734375,961.1747585707222,947.2261706250966,948.4540382267455,8013382,13599,64.32481539408583
2025-12-18,960.2415771484375,964.072548087051,956.2632980687841,960.5854160531443,4926879,8150,59.43096642224863
2025-12-19,962.94287109375,964.6127830145067,959.7504153454842,962.5990921488027,5376584,6447,78.52914819684759
2025-12-22,957.0491333007812,965.595103994373,955.3301186192043,963.7287212154426,5959037,17062,46.3974566748457
2025-12-23,954.691650390625,960.2415760284049,953.5128854913131,959.0137084154704,5123287,3935,57.822419656969885
2025-12-24,951.7938842773438,959.9960160658125,950.3695458353262,955.9686342202896,4105643,15729,62.53271573158851
2025-12-26,949.1907348632812,953.8075289200087,947.6681910665071,951.7938380949545,3286321,11955,54.38497795526995
2025-12-29,947.962890625,951.7447588085237,944.4266559161334,949.7801706470483,5267233,14650,49.60397895981304
2025-12-30,956.2141723632812,958.915481049936,942.5111581255383,945.9491873630989,15030644,5652,76.59533910301609
2025-12-31,964.8092651367188,968.1981917309051,956.2632945810017,957.9823092348453,5807630,14977,59.73541543449654
2026-01-01,967.3140869140625,970.1627637032144,962.9919690176538,965.7915430941249,4328348,9624,70.94648702675276
2026-01-02,981.2626953125,991.6258859934536,966.528283930725,967.0685336904954,7357435,11319,64.54273321584189
2026-01-05,987.7457885742188,997.5196265465391,982.2940684850213,982.2940684850213,11259060,10473,70.71504910853366
2026-01-06,1000.8594360351562,1005.869111730934,987.1564219850369,990.1033041483112,9575742,5382,75.04954185517644
2026-01-07,989.3175048828125,1004.5921658085748,986.2232545545625,1004.5921658085748,7896720,15595,65.97747603739026
2026-01-08,980.3294677734375,993.6886429516878,978.2175115714958,988.7771726722618,6854268,3594,54.378985559451436
2026-01-09,982.7852172851562,990.1524228120314,976.400305828531,978.3648939690311,7809460,15636,48.58458474381623
2026-01-12,997.1758422851562,999.2386358361825,978.364886992222,990.1524157511643,7617922,9232,64.81331280698578
2026-01-13,1010.2402954101562,1011.2717521544648,998.0107821164995,1004.6903698484319,11016895,8272,47.918981167606916
2026-01-14,1010.14208984375,1012.1558406646648,1002.4311053230539,1011.762899052176,7370514,15319,68.3096508132248
2026-01-15,1010.14208984375,1010.14208984375,1010.14208984375,1010.14208984375,0,5989,47.56965908947499
2026-01-16,1023.8451538085938,1028.9038723255544,1010.1912422980266,1013.7274769567848,11051580,5039,60.456144629506525
2026-01-19,1020.0142211914062,1025.1221025667041,1015.6921031536436,1016.6743972572739,5460164,12972,54.5272550326086
2026-01-20,1018.0496215820312,1033.3733854452475,1014.758960353515,1021.3402828105476,8905718,8318,64.0937261751119
2026-01-21,1010.4368286132812,1022.1751948968682,1003.9045490044088,1013.7274897970154,7408949,12826,76.62651835595648
2026-01-22,1029.7879638671875,1036.8113904465058,1015.7412306174947,1016.6743620200224,12001641,9780,78.61172393069393
2026-01-23,1011.271728515625,1034.3556387828587,1007.4407577235297,1033.27513930533,10917698,4365,64.9913424499872
2026-01-27,1034.5030517578125,1036.3202718546306,1012.0084929651499,1015.7903012550574,14420630,12561,78.02190251181352
2026-01-28,1044.6697998046875,1046.7325934811859,1025.6624325065334,1040.6424178822,12171257,5013,54.230096429282796
2026-01-29,1047.3218994140625,1055.9661352757114,1041.5264602731938,1044.1786063237967,14800724,8824,60.78188868593868
2026-01-30,1058.078125,1063.3333745088544,1041.6246986507867,1045.1609334664397,9480769,13817,58.44817335664933
2026-02-02,1010.4859008789062,1013.0399614867208,972.4711668650343,1001.841784674364,14434549,3098,56.39793658221383
2026-02-03,1045.3572998046875,1070.5041238871402,1021.8805674931078,1067.7536525315768,16129381,13319,65.53747532380892
2026-02-04,1049.2864990234375,1054.8856472820669,1037.5972952790487,1045.3573226632539,7312276,7247,50.399518845135375
2026-02-05,1054.49267578125,1061.8598812478167,1048.5989114079966,1049.2864692879657,9551567,17398,63.07548658956464
2026-02-06,1047.5184326171875,1054.590902041245,1032.3910797785106,1051.0546673292163,7041557,12383,58.461052190511865
2026-02-09,1125.708984375,1129.638160585733,1081.0146049779123,1100.1693390052355,40852966,15999,69.26453880200448
2026-02-10,1123.8426513671875,1133.5673869003754,1117.9488867905825,1130.6205046120729,17280036,16355,50.0587809373181
2026-02-11,1161.9556884765625,1166.474217252129,1122.5657199431428,1124.43198276359,29491859,3725,62.388594881302474
2026-02-12,1171.2874755859375,1182.3873266556052,1153.9991238982925,1162.0538873261555,33214985,5712,51.710596950744005
2026-02-13,1177.377685546875,1179.735215371205,1163.5273627037404,1167.9476861585035,18141390,9101,70.0805290953672
2026-02-16,1186.70947265625,1190.8351798022472,1164.3132392267757,1172.859149893071,14972739,7051,76.66138094095157
2026-02-17,1191.9156494140625,1203.8013836881914,1182.7802665926308,1184.7448547341048,20107196,17998,76.72181980956542
2026-02-18,1197.3182373046875,1202.4261183830988,1192.5049724948722,1197.220031881822,10417264,3128,76.67356480894539
2026-02-19,1184.3519287109375,1203.212047062667,1177.9670171671169,1201.2474588953376,9630899,3249,58.217415522523126
2026-02-20,1194.5677490234375,1196.4341316671034,1180.5210163030872,1184.8430141192323,9958162,4118,47.77576537061268
2026-02-23,1206.0606689453125,1209.302167328373,1195.5500507835413,1200.3633155560203,9733835,8776,47.45464179543873
2026-02-24,1201.640380859375,1212.8384373028666,1198.1040262888578,1210.1862912839226,15788449,14841,55.15669625792319
2026-02-25,1178.85107421875,1206.3553078239622,1176.2971336514831,1206.3553078239622,19581100,8450,45.33067942211256
2026-02-26,1188.084716796875,1193.880275982552,1167.849482270177,1179.7352169268681,16196052,8184,76.01271342390636
2026-02-27,1180.4227294921875,1190.3439954720204,1177.3776418736493,1185.6289359982593,10700355,3037,66.26722835508329
2026-03-02,1168.831787109375,1176.1007875153553,1158.5176989399156,1164.0185219818375,16270835,13705,52.05739730066624
2026-03-04,1153.704345703125,1161.7591088376892,1137.1035525068773,1151.3468160340765,13855065,4403,64.74162222074199
2026-03-05,1148.79296875,1162.250350176651,1130.227585974388,1160.0893510848653,22100665,10849,61.05588874871417
2026-03-06,1122.7620849609375,1148.5964661130286,1117.8506147730068,1147.8105829193835,20333328,7496,54.305805022461016
2026-03-09,1079.050048828125,1095.2579011773867,1045.4556391950514,1095.2579011773867,24631198,11074,66.54354945151711
2026-03-10,1092.5074462890625,1100.0711827783487,1084.9438297087236,1091.426946764578,17491459,11706,77.37424871356173
2026-03-11,1071.781005859375,1096.1419460785291,1068.735918309216,1093.68621097212,8364878,8834,51.8693158764556
2026-03-12,1065.9854736328125,1078.5588856550278,1051.545798810298,1056.0643275370824,14614140,7046,58.6258843508704
2026-03-13,1028.4619140625,1062.1546493731119,1023.8451797948526,1058.4218838608822,15978675,16049,75.57374283025233
2026-03-16,1047.8131103515625,1054.0016113922836,1017.754933672958,1030.1318158454478,15322269,7138,49.02523875318453
2026-03-17,1045.8485107421875,1054.8856886705516,1028.4619526297915,1054.8856886705516,16427877,13683,61.88778778139406
2026-03-18,1050.8582763671875,1056.3590993465684,1042.5087765154108,1048.5989519731277,10749915,11593,57.88715715506969
2026-03-19,1030.3282470703125,1040.936950803617,1022.5681001383867,1030.917599515117,13431191,3172,52.96043576555505
2026-03-20,1039.26708984375,1065.7890288095168,1035.3379137006734,1039.6600314398456,17748625,9774,62.8696557418332
2026-03-23,1013.6292724609375,1027.086653225109,996.2426554714183,1020.6035363599531,16039603,7072,45.99722898191816
2026-03-24,1012.5487670898438,1040.2494116751225,1001.9399432564919,1036.5166462758839,30416734,3045,65.10682908505288
2026-03-25,1041.821044921875,1046.6343097462316,1024.5326936323975,1024.5326936323975,16205333,7326,74.4346038404031
2026-03-27,1001.4487915039062,1036.6149667218629,995.0638801309044,1032.6857904923231,20445349,3413,72.66324322569281
2026-03-30,962.058837890625,991.5276600442548,958.522543259506,987.2055421466002,21438137,8725,56.32747342347388
2026-04-01,999.7789306640625,1012.745224874495,980.7715636649391,990.1524604010582,17424479,10553,73.54285645663384
2026-04-02,1000.3683471679688,1007.833758433837,960.5854356508436,982.2941115339542,20777629,11589,77.71516169921954
2026-04-06,1014.4642333984375,1017.3619530344956,987.2546747939996,1001.939983603395,23576634,16702,48.50069207613652
2026-04-07,1012.1558227539062,1015.3973212044529,994.0815880797585,1006.8514108515341,15021291,14082,64.61172790207138
2026-04-08,1042.656005859375,1058.7166100346876,1040.6914176944629,1054.9838445577764,28533742,15317,78.82878669527247
2026-04-09,1022.5189819335938,1045.504687551959,1019.9159985301128,1041.329937682068,24772948,5081,62.52821037079684
2026-04-10,1047.8131103515625,1050.5144192344412,1027.6270377357864,1030.4265520507975,17861336,13642,62.880145084354695
2026-04-13,1044.7188720703125,1048.353312047308,1011.7628591320939,1023.5503875880017,17763348,7365,65.42314032308074
2026-04-15,1052.528076171875,1068.7359280214653,1049.2864578383803,1056.9483994035816,16195810,12188,49.86938996090253
2026-04-16,1048.255126953125,1064.9541259228224,1043.1962885775752,1058.9129934902317,20313165,16499,45.04664734780935
2026-04-17,1061.1231689453125,1062.9895516597985,1041.2317140310404,1048.1077725199245,16823879,9756,67.6686955541715
2026-04-20,1088.2344970703125,1101.102525826513,1056.8010858019393,1061.1723665018162,31179584,7325,54.58771544946866
2026-04-21,1092.1636962890625,1095.012373226544,1086.3681369836245,1093.6863001427537,16963734,9921,62.71784868727528
2026-04-22,1083.76513671875,1098.057444036852,1080.6217236295247,1090.3464592751195,12412659,5404,51.89477742709729
2026-04-23,1074.875244140625,1082.3898174645885,1063.038553095583,1075.6119646643676,13669001,15716,49.913619695384675
2026-04-24,1081.60400390625,1086.4172689530212,1070.749726103037,1072.0266364810311,13774745,15583,65.83266907544677
2026-04-27,1092.1636962890625,1095.0615358962568,1083.8633589162316,1091.2796075968854,11624385,7805,55.184595479730525
2026-04-28,1071.9775390625,1090.8375367592364,1069.8655828843748,1082.7827735553876,10727835,13842,70.7824773549185
2026-04-29,1067.655517578125,1085.4350174109393,1065.0524141428152,1074.6297819435,10611104,16814,59.887239722668305
2026-04-30,1049.5321044921875,1058.6183251016832,1044.1786495020647,1055.9661789414106,14269539,17932,58.53420461403262
2026-05-01,1049.5321044921875,1049.5321044921875,1049.5321044921875,1049.5321044921875,0,16539,68.30112299267643
2026-05-04,1049.4830322265625,1069.816471974203,1044.7679726198023,1044.7679726198023,11693211,10785,56.751047999237784
2026-05-05,1041.133544921875,1049.581250235382,1030.8194568287804,1041.8211028311687,12194631,16483,56.307406082272024
2026-05-06,1076.5943603515625,1081.6040364042549,1042.4104768585712,1053.019301365762,14384779,6130,65.90474384024937
2026-05-07,1072.6651611328125,1088.381866790436,1066.8696019397742,1086.4172785832332,16105163,8105,66.7589803617527
2026-05-08,1001.2523193359375,1075.6119913694504,993.0010852378409,1070.7005210892246,48065909,14198,63.413192396120664
2026-05-11,956.3615112304688,989.1701581334676,953.9057759818752,989.1701581334676,46927396,6433,63.9150184256724
2026-05-12,957.3438110351562,964.0234589147167,945.3598709141811,959.6031354409057,25787092,15943,63.7631267899573
2026-05-13,952.9234619140625,963.8269621620207,944.1810805849492,960.6836091187947,17584580,14019,62.17624114655949
2026-05-14,962.5499877929688,969.5242517416415,946.5385464115705,956.2632817330172,16487142,14367,60.85186494090213
2026-05-15,963.2000122070312,972.5,957.0,971.2000122070312,26972493,15323,50.812459607455665
2026-05-18,939.4000244140625,954.9000244140625,933.9000244140625,952.0,16554877,11403,47.136040708831715
2026-05-19,948.7999877929688,956.5999755859375,939.5,942.0,17280869,3676,54.814777250064594
2026-05-20,950.9000244140625,955.0,935.0,941.0999755859375,11928460,17601,68.50388150325814
2026-05-21,950.9000244140625,960.9000244140625,946.5,957.0,11756520,14790,59.212084565835454
2026-05-22,949.2000122070312,958.5999755859375,947.7000122070312,950.9000244140625,7807192,8059,70.46646665833728
2026-05-25,969.5999755859375,972.5,957.5,959.9000244140625,10934747,12095,74.5810041679594
2026-05-26,968.5,978.7999877929688,962.0999755859375,969.9000244140625,16269800,7468,60.544315824680325
2026-05-27,967.7999877929688,975.9000244140625,966.5999755859375,969.7999877929688,8111259,5419,76.00838784981146
2026-05-28,967.7999877929688,967.7999877929688,967.7999877929688,967.7999877929688,0,13711,51.309316965329515
2026-05-29,964.4000244140625,973.7000122070312,960.2999877929688,967.7999877929688,22292535,15231,50.02609395596623
2026-06-01,954.0999755859375,970.25,950.0999755859375,966.25,11118975,14736,67.95425627654838
2026-06-02,956.6500244140625,961.2999877929688,939.9000244140625,950.9500122070312,15911760,15541,72.68143930301369
2026-06-03,970.4500122070312,974.0,937.2000122070312,953.75,27947005,11944,78.19564388259212
2026-06-04,979.25,985.7999877929688,961.0999755859375,969.9000244140625,18875883,5967,67.36679930015325
2026-06-05,977.7000122070312,992.5999755859375,970.5999755859375,980.0,20955539,15116,52.92788956382089
2026-06-08,981.9500122070312,988.6500244140625,965.1500244140625,966.0,12895416,7586,59.97317038379664
2026-06-09,1002.7000122070312,1009.0,983.0,985.0,22142480,10801,61.05002238149979
2026-06-10,1003.25,1012.4000244140625,999.5,1002.7000122070312,19122317,10285,77.64956118188486
2026-06-11,1000.7000122070312,1009.4000244140625,993.0,998.0999755859375,13773978,10007,60.06737992395234
2026-06-12,1017.1500244140625,1018.7000122070312,1004.3499755859375,1018.0,11081119,12865,47.44317658594309
2026-06-15,1020.8499755859375,1034.0,1018.5,1034.0,12463437,4568,70.92257393508145
2026-06-16,1015.2999877929688,1026.550048828125,1007.4000244140625,1023.7999877929688,9693677,11555,65.09240125687722
2026-06-17,1026.5,1028.0999755859375,1013.4500122070312,1017.0,8190062,6958,50.34890445726108
2026-06-18,1042.699951171875,1045.699951171875,1024.449951171875,1027.9000244140625,11048009,13190,62.99870900177155
2026-06-19,1035.0999755859375,1042.0,1029.300048828125,1042.0,9099878,6234,46.01635752657891
2026-06-22,1040.75,1043.0,1033.5999755859375,1038.0,6209440,3772,58.29235225226705
2026-06-23,1024.199951171875,1045.5,1022.3499755859375,1041.0,10411004,16888,52.98663275744247
2026-06-24,1034.5999755859375,1044.5,1020.5,1024.0,11724076,7317,55.35090601014789
2026-06-25,1045.4000244140625,1055.4000244140625,1038.550048828125,1040.0,16002360,4164,76.52907214992908
2026-06-26,1045.4000244140625,1045.4000244140625,1045.4000244140625,1045.4000244140625,0,12231,45.923698293291785
2026-06-29,1036.0999755859375,1046.4000244140625,1030.8499755859375,1044.449951171875,16818246,3276,50.461622890985
2026-06-30,1026.9000244140625,1044.0,1025.050048828125,1040.0,11161643,12736,50.54276234556278
2026-07-01,1047.4000244140625,1049.9000244140625,1025.5,1031.0,6295315,5463,59.12442361907532
2026-07-02,1051.5999755859375,1059.800048828125,1045.0,1050.9000244140625,14682790,15961,46.08826310883147
2026-07-03,1040.0,1057.0,1034.5,1055.0,10441493,8497,77.03374136570392
2026-07-06,1037.699951171875,1048.4000244140625,1036.5,1041.9000244140625,8761017,15722,49.43701698877131
2026-07-07,1038.0999755859375,1049.5999755859375,1035.5,1039.300048828125,11053574,12989,55.88249106456386
2026-07-08,1016.9000244140625,1038.300048828125,1011.7000122070312,1029.5999755859375,14141694,16966,66.33335524998446
2026-07-09,1022.0999755859375,1031.699951171875,1019.2999877929688,1019.7999877929688,7661699,12744,48.190393608331405
2026-07-10,1036.0,1047.800048828125,1023.5,1029.5,8792150,16296,45.420305496687284
2026-07-13,1037.0,1042.9000244140625,1022.0999755859375,1023.5,8381510,17390,71.78748349941377
2026-07-14,1015.4000244140625,1033.699951171875,1011.4000244140625,1033.300048828125,11562326,4233,51.58277985430949
2026-07-15,1030.0999755859375,1036.0,1013.7000122070312,1015.5,14275394,4072,69.46949013656715
2026-07-16,1031.199951171875,1036.0,1027.300048828125,1030.0999755859375,7708316,5447,53.897074353389726
2026-07-17,1044.300048828125,1048.0,1028.300048828125,1030.5999755859375,8452780,11283,64.52845216354821
2026-07-20,1060.0,1065.0,1038.300048828125,1041.5999755859375,16540411,6323,64.461338477471
2026-07-21,1044.4000244140625,1067.0,1042.800048828125,1056.199951171875,10514887,14518,48.599036201654336
2026-07-22,1025.0,1044.4000244140625,1019.2000122070312,1044.4000244140625,11227214,9753,76.89702126050489
2026-07-23,1012.5999755859375,1023.0999755859375,1006.5,1022.0,8910230,5247,72.53695470506875
2026-07-24,1015.0,1017.7999877929688,1000.7999877929688,1006.0,13797053,9209,56.70945019143691
2026-07-27,1020.5999755859375,1023.7000122070312,1015.9000244140625,1020.2999877929688,6093002,5254,65.99215598343659
2026-07-28,1013.2000122070312,1022.0,1008.2999877929688,1018.0,9873370,11496,76.65634313327476
2026-07-29,1013.7000122070312,1020.2000122070312,1012.0,1020.0,4792964,10029,60.068052565068584
2026-07-30,1025.300048828125,1028.300048828125,1007.5999755859375,1013.5,6847458,10333,68.96942556323908
2026-07-31,1027.4000244140625,1034.300048828125,1023.5,1028.0999755859375,10921417,14910,56.177767066677426
2026-08-03,1045.0,1051.5,1031.5999755859375,1035.0,10507450,16623,64.0124082258906
2026-08-04,1042.699951171875,1047.5999755859375,1030.9000244140625,1047.5999755859375,8544184,7665,52.937027544509746
2026-08-05,1055.0,1055.0,1040.300048828125,1043.0,8707119,4066,45.530125485071714
2026-08-06,1085.0,1088.0999755859375,1052.5,1052.5,13822265,7774,59.526376186085834
2026-08-07,1097.199951171875,1124.5,1075.699951171875,1080.0999755859375,29410622,5578,60.580292525584476
2026-08-10,1071.0,1113.300048828125,1068.5999755859375,1108.0,16623448,13643,71.91676581635036
2026-08-11,1066.0,1071.0,1060.4000244140625,1071.0,9456913,7495,55.28175674653245
2026-08-12,1082.0,1085.5,1066.0,1066.0,17673922,15195,62.454603932591745
2026-08-13,1083.0,1086.800048828125,1073.0,1083.0,9502483,10989,64.15196540251861
2026-08-14,1067.699951171875,1082.0,1065.0999755859375,1082.0,6273501,14635,58.06910802823829
