Date,Open,High,Low,Close,Volume,No_of_Trades,Delivery_Pct
2021-08-13,488.9842834472656,504.1859034442431,481.5296663192323,481.5296663192323,2797664,10753,52.270098918454956
2021-08-16,503.0653076171875,528.1576692077784,480.4578087742767,490.64093440242885,5838267,3419,46.66211465535633
2021-08-17,483.6735534667969,510.4224806816126,481.3835649732357,502.23704684156706,2846613,7507,56.74878706645217
2021-08-18,461.65069580078125,491.8589735207268,452.247157232369,486.2071141006528,3623680,9922,53.28133289271691
2021-08-20,454.4397277832031,480.4090980270928,451.17527867453134,455.6578035895599,2441515,13050,57.834785600029136
2021-08-23,433.8299255371094,468.6181554862347,426.95995960081575,460.09162416465773,2657952,3762,75.25841473221094
2021-08-24,438.65350341796875,444.84133516694163,428.9576367375242,437.19181228379483,2849668,17648,65.84532371038631
2021-08-25,460.3351745605469,478.6063105354165,443.62318146983483,445.32848749415604,4691070,4816,73.6415637605916
2021-08-26,459.4581604003906,471.6389175690118,454.24479038458543,462.8687724076046,2658679,15947,54.96346593873569
2021-08-27,462.0892639160156,466.6692112449709,455.26803919196414,458.97097786117735,1346020,14582,56.57387117368846
2021-08-30,499.55731201171875,508.3761696344442,470.6645278666282,470.6645278666282,5769574,16133,55.703860863195786
2021-08-31,487.3277893066406,505.5501860784366,483.7222729154113,496.97494403737727,2502460,10389,49.59875709755529
2021-09-01,485.71990966796875,499.9957221161102,483.33246924517596,487.3277637490721,1701574,9927,66.45664142261424
2021-09-02,481.91949462890625,497.949383952795,480.409092541542,485.76862602831375,1525755,3043,67.6944602440997
2021-09-03,512.27392578125,525.0393352642611,478.460132619395,483.3324353955599,8377452,11816,78.07305749165127
2021-09-06,534.7352905273438,547.5494720772215,513.8330973440327,518.8028824270043,5941536,6852,66.81908517896598
2021-09-07,534.8815307617188,546.5750597900555,526.7934589360277,536.3919330326061,3524987,13616,74.17335211214032
2021-09-08,530.934814453125,537.8048090097378,512.6636788799053,537.8048090097378,3217349,17054,73.60847041186626
2021-09-09,536.4404907226562,556.4169304316744,531.2758621077893,531.5681883546031,4521235,8015,69.69285444163341
2021-09-13,568.549072265625,574.2496432187046,532.05550940477,538.8767338843182,5695633,6096,50.02547317974091
2021-09-14,557.3915405273438,581.5581548647251,552.7141408937156,572.4469707812658,3046264,7183,75.27768978790515
2021-09-15,567.5745239257812,574.2495544873907,552.7140014629684,560.7045893710292,3207889,6821,68.13971753664225
2021-09-16,570.4004516601562,594.4209276927053,567.6719740512633,569.2311465965957,4361456,6259,78.66079805320683
2021-09-17,555.8323364257812,577.1242762240897,545.9415377873302,573.9572793516064,2113066,3184,76.4146154688414
2021-09-20,551.64208984375,565.1871151879324,541.8974844094753,549.5957464930929,1784926,6789,61.27945915455504
2021-09-21,548.4263916015625,558.073574941888,533.1761195142301,555.2476155256525,2457993,13059,76.3066368134641
2021-09-22,560.1200561523438,569.0851074109402,546.7212201473773,551.1550048937472,1786786,13921,66.3637727397998
2021-09-23,560.1686401367188,572.7392053983599,557.4888735440425,565.625655065799,1348917,11841,49.58121423486875
2021-09-24,543.7490844726562,563.9691445135301,540.8744134390427,562.0689342047779,1243064,4232,77.75598281029488
2021-09-27,546.1851196289062,552.3242089890549,534.0043631697424,549.4983091763388,1602071,8881,53.905140697085656
2021-09-28,542.043701171875,549.9855787413844,538.5843779855096,548.6213101299157,1117400,14886,67.97851614939356
2021-09-29,548.864990234375,559.1455387420724,536.9278466385098,538.8767680419163,1092189,11257,58.4502295349656
2021-09-30,541.6539306640625,552.3242867192297,540.7282406239709,550.9600774896242,628272,10779,55.43285916412844
2021-10-01,548.1828002929688,557.2452720051116,535.1737750341588,536.9277922241937,1605653,16414,64.29048461705891
2021-10-04,560.509765625,566.9411819850418,549.6445058224849,549.6932169586574,1332619,15806,71.77621934354877
2021-10-05,570.3030395507812,574.7855343111735,540.8256077756234,560.8994714088263,2312586,7818,70.82676445975562
2021-10-06,566.2103271484375,576.3934524470419,558.3659311109974,572.9828403023848,1145894,10745,53.38639059802323
2021-10-07,636.274169921875,671.4034686887644,569.0850881193592,570.0595488866868,8928123,7794,52.51992183717762
2021-10-08,614.8359375,643.1440064967446,611.0355173074314,640.8052772280323,2400741,10482,72.61575632893268
2021-10-11,635.1533813476562,648.9420220672973,612.3510399210338,616.6386307008081,1912860,11645,60.549065732925754
2021-10-12,634.3739013671875,643.144047469038,618.7825305194533,634.3739013671875,1197495,7339,78.657009941322
2021-10-13,722.4651489257812,729.871026067296,652.8886347998509,652.8886347998509,7037231,4194,65.69359888279077
2021-10-14,735.864013671875,792.2365407846414,700.0038127071767,728.6042696378014,5972558,3696,72.68682947196541
2021-10-18,746.0958251953125,785.3665777441238,735.7177954164445,742.5390200097095,2396092,17720,58.58484664766844
2021-10-19,679.7837524414062,753.5504384490043,656.7865039855714,751.6989988268493,1716466,17644,45.82160790440829
2021-10-20,626.9191284179688,676.2755757094964,613.9101047506956,674.2292324841999,4178371,15364,75.103062963016
2021-10-21,609.1840209960938,636.7125308274252,585.6507755267339,626.7730215771257,2746143,15693,61.68812758460345
2021-10-22,600.3651733398438,649.4293019902984,595.6390630513696,613.6665847960736,2566541,17694,70.06103258005837
2021-10-25,588.57421875,610.889390900435,571.0339274627484,602.2166675289735,1874816,14731,52.537070390032966
2021-10-26,622.9727172851562,637.3460126948407,592.4721090907251,592.4721090907251,3210594,4475,57.08257599117537
2021-10-27,599.342041015625,631.353110663108,596.3699477789921,626.5782294475358,1718860,7319,52.12480416316431
2021-10-28,651.3295288085938,687.3845732216216,602.2166877635474,602.2166877635474,7525179,9146,48.52699184273696
2021-10-29,631.1580810546875,660.7816447242066,620.9262457510379,647.0417753927024,2563167,16659,61.00872298528927
2021-11-01,631.84033203125,652.6937550072955,628.72204594355,637.0049617671866,1838861,12819,62.99906674557824
2021-11-02,632.7659912109375,652.1090705523758,631.8403011863385,636.322796328585,1857969,12056,78.13452242810732
2021-11-03,627.1141357421875,638.7102411998671,619.4159323380543,637.2972613703647,1127716,4604,62.992072703417485
2021-11-04,627.1141357421875,627.1141357421875,627.1141357421875,627.1141357421875,0,8118,62.54385051947612
2021-11-08,649.2830810546875,662.3895879224588,639.8795720204536,651.9141365503859,1739351,3385,76.52544713186549
2021-11-09,667.456787109375,679.7349666441824,644.5082523132198,650.9396683597658,2961288,17148,72.42221899216554
2021-11-10,669.1134033203125,683.0968893182392,659.0277002957775,662.6332164570651,1784031,17498,71.9597857978159
2021-11-11,677.2501831054688,695.1802836861434,669.4544975445425,669.4544975445425,2305663,12987,73.13886118081955
2021-11-12,662.5845947265625,685.1433252625906,653.0836024733011,683.0969814908951,1816218,6099,54.3431725445879
2021-11-15,672.6701049804688,682.1223841996485,666.5310154179423,667.6028982311439,1495935,6629,73.47238623887264
2021-11-16,694.4006958007812,702.4887674803955,674.8140588226124,678.029767352054,2855058,12351,71.22140043103025
2021-11-17,692.744140625,707.4584735150016,689.5283727097517,690.3079888566976,1717766,13642,69.36504429767884
2021-11-18,691.8670654296875,701.5629608475301,672.377852318992,695.4725817504378,2185044,14946,51.93366563634227
2021-11-22,678.5656127929688,705.3145680704719,663.9487038409293,698.1035953399453,2997923,5185,57.11399722300061
2021-11-23,719.833984375,729.8709156454826,670.3314027925788,672.3777460552509,3179965,11476,58.39213067720646
2021-11-24,722.903564453125,749.7500012720773,715.3027837511045,728.9939431368521,2527904,8772,45.27728614526196
2021-11-25,740.5414428710938,755.2070649467221,725.9732430778167,728.7992029823561,2012494,15485,58.18911373575156
2021-11-26,710.6741333007812,748.8730023079206,706.5326755781936,725.9731772536121,2200440,15084,74.65077579683816
2021-11-29,724.5115356445312,728.7017047893013,658.9303419596059,706.4840125652793,2865447,9871,54.98660554248762
2021-11-30,729.1888427734375,751.2603987813334,717.7389309167526,730.8454376607393,1737253,10808,45.69404461521951
2021-12-01,725.6808471679688,746.4368468093006,722.3189460801489,739.274584928762,1408465,12458,73.12744534641476
2021-12-02,739.5669555664062,747.4113522574081,726.9963888239447,729.6761557322991,1741210,15933,65.19982232697956
2021-12-03,746.8265991210938,791.7492072756708,743.9032174326912,747.7035779418029,3977053,16820,72.2680940980039
2021-12-06,732.55078125,752.2348979424114,729.5299770766253,751.6989564892458,1219012,14869,50.26194449370102
2021-12-07,741.1260986328125,758.1304503199661,735.9127575014917,739.7131186746042,2180750,14184,55.9290542839757
2021-12-08,751.6990356445312,758.1304527124722,744.2443872225587,752.2836882956666,1162024,14312,45.9236465532899
2021-12-09,756.181396484375,797.0113178428225,752.8682067814024,762.0281598592542,5381019,5797,71.44620243971099
2021-12-10,769.1417846679688,771.772840337117,755.4506243325126,758.0816800016607,1666681,11623,51.38992984152014
2021-12-13,801.6888427734375,808.3151637455184,775.0860771277182,777.3273248787565,4051746,5716,56.40443508331149
2021-12-14,779.1787719726562,818.4495867739278,774.6962764278952,801.3965240852633,3330102,17835,51.62414376041164
2021-12-15,776.352783203125,789.2643863408545,770.5060195181154,785.1229287306394,1914028,7231,52.79516470915436
2021-12-16,759.592041015625,786.6333227836603,756.2788511706209,786.2922853627138,1694604,7587,70.0993436055515
2021-12-17,736.5460815429688,778.4966614183052,722.3189793986456,758.7150620236691,12307302,4990,62.62690573720683
2021-12-20,681.3916015625,736.010108462478,672.3778406551663,733.7688608888989,3720125,4079,56.7796551507248
2021-12-21,691.1849365234375,710.1382083182494,686.2152109315823,695.7649135358217,1682321,14672,50.15108288576312
2021-12-22,678.322021484375,704.5350362502019,676.2756779497097,696.5444471803086,1580443,11597,50.10261694843638
2021-12-23,680.6607666015625,692.8415247726714,674.2293500777603,684.9484172683361,1653715,4344,64.61907874413988
2021-12-24,694.546875,699.4678897181966,662.7794794639927,685.7767285601544,2108002,3824,59.07659280199982
2021-12-27,686.5562133789062,697.7137992992847,676.6654738372229,693.8159568450988,1256299,4165,53.42449232034482
2021-12-28,710.2356567382812,713.3052317309465,687.4820232051677,690.4054053024257,1299478,13352,72.52275180561189
2021-12-29,691.2824096679688,715.8387704941435,688.2128348265179,711.3562752897105,1025937,15181,54.59405726601338
2021-12-30,704.6812744140625,709.1150586749641,691.6234773284133,691.6721884678244,939497,11628,64.43372844326052
2021-12-31,724.5601806640625,729.5786766376195,703.5605662401169,706.4839480943002,1533044,8880,78.78672489176128
2022-01-03,721.6368408203125,730.845506092348,717.7389981211534,724.5602228446819,801634,3478,76.43725965889863
2022-01-04,734.8895874023438,758.861297702961,724.9987871473554,725.9732478827685,2515125,3257,56.779545233458414
2022-01-05,719.5904541015625,735.7177654082875,717.203013696026,733.7688441754179,859528,11155,62.517926863911484
2022-01-06,713.5974731445312,716.2285286143035,699.6626987007754,713.3051468648574,1238144,13472,62.50994399356929
2022-01-07,715.4004516601562,725.3886753006432,708.5792257593359,716.3261418798861,802851,14860,57.70622500408439
2022-01-10,720.6136474609375,728.7016589245919,715.1566916358197,719.1519564924569,893975,9618,72.67929717777534
2022-01-11,736.7896728515625,749.3602390130661,721.100880194628,721.100880194628,1570079,17929,47.62069033549571
2022-01-12,740.0054321289062,756.2788771989274,722.0753326030119,743.5134666344103,2075189,11886,56.35747663999815
2022-01-13,732.55078125,740.0054288869844,726.9476326072497,739.6156208430328,805465,5682,64.87117094901254
2022-01-14,736.9359130859375,746.4369050232438,726.1194229786258,729.8223617871241,605337,13036,47.4543259963563
2022-01-17,750.5782470703125,774.501241946319,742.5389474424902,743.5134080034384,1816236,12475,49.99738168879967
2022-01-18,751.0167846679688,769.6289580487759,744.4878868539525,754.2324927028262,1800340,15235,61.966675290526794
2022-01-19,720.467529296875,751.2605245790448,718.2262814746917,751.2605245790448,1244871,15968,55.068706730267934
2022-01-20,717.3492431640625,725.7782922402941,701.6116796154772,720.4187585765648,1261565,10698,78.68789293232074
2022-01-21,684.2175903320312,706.2890890507795,675.4474442110125,701.6604008202418,2285011,6343,75.51677312606907
2022-01-24,634.5200805664062,685.9228802207513,591.3027147446631,685.9228802207513,5574120,14733,67.04913505431153
2022-01-25,611.2303466796875,630.2810374987866,601.0472225918267,615.2256109264325,3610984,7194,55.011791507039234
2022-01-27,587.5023803710938,605.919651932536,584.6764205479011,599.2933310615987,3135738,15097,49.54812996220115
2022-01-28,609.4764404296875,639.2462021241932,595.6390869640444,595.8827021325368,3524513,17286,61.78318213016996
2022-01-31,625.9447021484375,633.2531561759027,619.2696712605597,626.5781252880249,1175644,7210,70.87492460731895
2022-02-01,646.9445190429688,651.9629562454616,626.5782654726736,636.9075256852543,1886495,5720,65.7414662288458
2022-02-02,658.394287109375,662.5357444010275,623.6547450959137,623.6547450959137,2360278,5687,57.2456006516302
2022-02-03,668.9185180664062,681.6352175201527,653.1809549435538,663.1204653644944,1969604,3050,45.40781279645638
2022-02-04,664.6307983398438,671.8905412464059,650.7447356672385,670.4288504387632,895020,3832,49.84473846406368
2022-02-07,642.9978637695312,666.238786957519,638.2717532042881,663.559020054753,846598,10131,52.72553538804384
2022-02-08,609.427734375,654.5452520608925,606.1632554041537,651.1833508123805,1824482,16401,63.468300411421566
2022-02-09,631.4991455078125,633.3993554694913,611.6688971694238,619.2696775397873,995602,11714,46.967090018224525
2022-02-10,626.626953125,638.9539050043505,620.9263817124214,635.0560621304198,447740,3242,53.92088814710794
2022-02-11,616.3534545898438,622.3535951413583,612.2070324576604,616.5973617740899,658919,14937,52.772490920752375
2022-02-14,588.8895263671875,606.74358124257,554.6937484589122,554.6937484589122,1723385,12786,45.56462440219874
2022-02-15,636.451416015625,643.6223233358255,581.0844822981137,605.8654773317096,1867264,15843,72.26150830723927
2022-02-16,635.3782348632812,651.3785704700708,626.7439440895752,643.9149865792946,1181020,16651,78.30408282196353
2022-02-17,641.1345825195312,647.4761706372411,634.1588117709845,636.6954231990024,886645,5571,57.289734386467
2022-02-18,640.5978393554688,646.8418874272221,628.3537099569883,631.2318267954943,622948,8639,50.397089409282394
2022-02-21,640.2077026367188,648.7932251349874,616.5974711057324,630.2562758454164,1012168,16205,53.847057503930415
2022-02-22,618.7926025390625,635.9148770695157,600.0117470422127,600.0117470422127,1054831,11334,69.70776823544877
2022-02-23,622.01220703125,636.2564250146289,618.5975058057888,627.0367197963511,484541,10098,59.05610117913969
2022-02-24,581.3772583007812,603.914261023969,567.8159934021808,590.2554570589681,2836671,4497,67.43007339521921
2022-02-25,634.1099853515625,640.0125280067268,595.0848312048108,604.8898892746503,1181586,15893,72.93236054657808
2022-02-28,620.597412109375,625.3292471843786,600.0116696997139,622.0608552062035,1566616,17965,45.5427215894126
2022-03-02,606.6460571289062,626.6464502059214,602.938679102212,605.8655658939703,931155,7494,78.48764661095495
2022-03-03,589.5237426757812,620.499959192051,587.8163921591364,614.6461859921261,1293754,7993,51.03657514747409
2022-03-04,575.4259033203125,595.133618667693,567.4257345696735,585.2797907678334,1918007,7281,47.58417295668125
2022-03-07,558.4987182617188,569.6208508489865,539.5227261992483,546.8399421965256,2575682,15624,65.17932518384512
2022-03-08,555.6206665039062,575.2307838555671,549.2303090269585,563.7183745802953,1159673,11856,54.73176921524551
2022-03-09,559.1817016601562,564.2549240643799,552.4010692132509,561.9622200758427,1195925,13074,65.99839141920455
2022-03-10,587.6700439453125,598.5483299965894,577.5723086519656,578.694305705743,1709998,15133,76.59212104267735
2022-03-11,601.6703491210938,604.889912552567,581.1821424056036,588.3042214019321,828712,8812,74.34157084941447
2022-03-14,598.0117797851562,608.743698288512,594.1092639657542,604.8899520073193,640797,17376,45.80031557651518
2022-03-15,616.4510498046875,628.9391464139051,597.5726558432337,600.9873567337665,1877698,8477,61.84743087911019
2022-03-16,628.7928466796875,638.8418127698455,619.6219108997389,627.3294032816743,926758,15850,63.7714404444707
2022-03-17,667.81787109375,681.6718110814853,635.1830779014059,644.8905957530587,1850118,17938,51.35793641318721
2022-03-21,658.1591796875,689.3793020002928,655.7201076318131,677.9156633385642,1255407,7617,61.78675128298438
2022-03-22,651.9152221679688,662.3056338941052,636.1100225808152,659.769022653798,1176575,4051,76.48960960049217
2022-03-23,672.5497436523438,677.2328099078118,654.2567021783626,658.647032132118,1372047,4757,59.93973034615396
2022-03-24,658.7446899414062,670.1107316699619,654.7445754510608,667.330212935132,527577,5422,61.352531760098756
2022-03-25,646.207763671875,667.7204280748189,643.9150596271156,663.4276371915737,601930,3024,60.641787085642804
2022-03-28,642.7442016601562,656.1590968280117,638.0611956201808,653.4761177944406,891747,4946,53.485004386284686
2022-03-29,646.9395141601562,662.2569001403779,643.7687201646315,647.8176040087517,930464,17585,61.66222053857463
2022-03-30,661.232421875,682.9401627628182,645.8662682128366,655.9152329839583,943762,9735,66.11215467967739
2022-03-31,662.89111328125,672.1108189253667,655.6226655703784,668.3058421364722,696997,14518,59.86986792822158
2022-04-01,640.7442016601562,662.8422173598465,638.1099920430007,658.4030587699847,1720968,9740,58.55154431854336
2022-04-04,646.8418579101562,652.110276952015,642.9881124580237,647.5248099411606,666813,13223,54.33162881307632
2022-04-05,660.7447509765625,666.6472946128509,646.1590852802444,654.8909768815321,1419194,13333,78.98463928142691
2022-04-06,651.6712646484375,659.9153398645691,649.7687765912293,655.6225493533125,597461,14380,60.01556317674727
2022-04-07,633.6709594726562,651.0859112141567,630.2562583823494,651.0371416795416,841032,13264,70.56812244534672
2022-04-08,638.9880981445312,648.0614341271832,628.9879028870173,636.1099812584471,654966,9763,48.573494667967914
2022-04-11,632.0610961914062,645.1345459703983,629.2805779219764,641.7686146905867,840097,17128,67.30108306554101
2022-04-12,615.2315673828125,632.9880254703885,613.4266777167469,629.2806475185714,560583,7706,75.40762648969528
2022-04-13,605.76806640625,623.3293883044128,603.9631170381157,619.2317346186412,563403,8167,49.451435950102635
2022-04-18,607.3777465820312,614.5974241041517,596.0117058727085,598.5483171385016,578215,9945,68.37761389665309
2022-04-19,617.8656616210938,637.8660505479496,610.0606317959792,610.6948142883306,1199844,12280,54.3390734352966
2022-04-20,645.4273071289062,647.8176099184092,622.6463954184617,626.3537734452088,1498343,8338,73.57077775569189
2022-04-21,648.50048828125,652.5493121538932,636.4514366309003,650.4517459204006,689551,11365,75.6808158795051
2022-04-22,654.8909301757812,666.6960166064388,632.305096250839,640.6955409172582,1153895,12061,65.90840424692426
2022-04-25,650.5005493164062,663.2324941651481,638.9881405556218,647.9151089908727,1015207,3292,58.43097278669167
2022-04-26,658.1591796875,671.2326297250451,653.0371283705574,659.5250838577477,977933,6475,78.467012637037
2022-04-27,640.9393310546875,652.6956457996952,635.1343279754882,648.7931307276492,1121708,12198,62.86612485864965
2022-04-28,636.3539428710938,648.2078576918967,633.1831489817399,645.6711868518166,484866,5368,58.375824315594535
2022-04-29,620.0609130859375,642.4516074416123,615.5730441271255,640.0125352797231,473280,8854,68.33333407508633
2022-05-02,618.4024047851562,624.207409122228,606.3534107084084,611.7193700952085,407152,7353,60.278048127326464
2022-05-04,596.1580200195312,622.8415058311982,591.328645115074,619.4268047236756,569404,6067,72.95694232462078
2022-05-05,598.8897705078125,620.1096988724123,596.3531592120285,606.8411697830376,581135,8373,48.21196226063251
2022-05-06,580.5966796875,603.9630015432289,576.1088109908003,597.5726447618378,1737332,11451,62.17281762283527
2022-05-09,586.011474609375,593.9628137645582,562.0109699064333,572.1575334544885,992665,10370,57.61707070853956
2022-05-10,557.913330078125,599.5239240532,554.6449972729766,590.2066805116201,1106500,12311,52.08640082760806
2022-05-11,549.1327514648438,574.9381500782229,530.0104471404185,562.8403863691037,1327842,7258,75.1881539131789
2022-05-12,555.0840454101562,563.8647050489744,538.888570792185,549.1326737041395,1497236,14424,66.46721848429445
2022-05-13,555.3280639648438,573.6698780894624,547.3766634341612,563.8648181030798,914750,3972,57.76351001930078
2022-05-16,540.8885498046875,563.913362228884,537.6689276071313,558.2547279430371,562176,7090,53.41486887176133
2022-05-17,572.98681640625,578.2552360586278,544.6448099902696,546.0594837439321,1061209,13852,57.294100449491225
2022-05-18,548.49853515625,572.1087645374474,546.2546007771521,571.7184891899271,794398,12689,51.85416448071082
2022-05-19,524.1566162109375,541.0349839392819,513.6686057423148,536.5958844411645,1686255,11913,64.71069669664561
2022-05-20,541.7666015625,559.035241346071,535.6201527033036,536.5957813967522,1149255,14786,49.04339396560624
2022-05-23,525.912841796875,556.8890649768741,523.7664459189625,541.4741374771494,1047932,4769,51.41135196041846
2022-05-24,537.1325073242188,540.9374840540316,527.5225859712707,531.7177785530737,461334,11102,47.90956852812562
2022-05-25,520.3029174804688,540.8398953771599,517.132123329864,535.132489725138,527089,11443,52.38812510331595
2022-05-26,521.4735717773438,530.8395840463318,506.4000955386082,523.9126436752733,580401,12401,62.898341789664315
2022-05-27,524.839599609375,531.1324181750358,518.2541042715668,528.0103936609123,711093,10032,73.66060479660945
2022-05-30,535.9617309570312,540.4008902438953,528.3518371830226,531.4738616806751,469648,6427,54.08603099778311
2022-05-31,543.8154907226562,563.9134192147073,528.4981073915496,534.6445566257087,1369582,10625,66.77012437720657
2022-06-01,557.962158203125,560.937814259796,540.4983781233958,543.3277255824554,640133,14144,56.92950048117154
2022-06-02,559.2305297851562,561.8647398772857,546.6936619653115,553.57189374689,338945,10741,50.9502813171718
2022-06-03,559.035400390625,574.6454639268379,555.6206989920785,563.9135452456916,744038,14009,55.194719128168714
2022-06-06,564.157470703125,568.401433044989,554.4499502185872,558.0597894374189,623473,14401,72.40729572818884
2022-06-07,572.5477294921875,575.6209839884763,554.205920217001,559.7670162091326,542790,15859,69.43129020179686
2022-06-08,580.6455078125,585.8650981064591,564.8890787737548,575.0356421770093,1617768,5412,73.6033384150137
2022-06-09,579.5235595703125,584.7919793854709,573.3771094844021,573.3771094844021,820716,10632,51.81207061169378
2022-06-10,586.8894653320312,594.1579114622413,571.2794052607736,574.5477973167852,1013739,11887,76.94513257785809
2022-06-13,586.6455688476562,588.7919640561491,561.4743584329972,571.7184605416792,688622,13296,45.65748839055018
2022-06-14,583.3284912109375,591.2310607785182,572.0111612496191,578.5478862073619,624706,11131,58.1661772898429
2022-06-15,584.987060546875,591.1335702121984,580.499191457195,585.1334286999205,382991,12231,77.86178246417671
2022-06-16,555.6206665039062,593.3775173839414,551.2303363910571,593.3775173839414,614077,7679,51.17751260784832
2022-06-17,552.9863891601562,570.4989379419543,537.8153733056902,555.1327844189346,711925,8259,56.670350032410695
2022-06-20,534.059326171875,558.3524519861775,527.1323247021257,551.2303723590366,835391,9780,49.17211419745978
2022-06-21,548.5960693359375,555.7669768361023,537.4739366025037,537.4739366025037,488006,3884,51.94534410631579
2022-06-22,526.6931762695312,548.3033776971187,523.4248436557014,548.3033776971187,714472,12967,75.11944827499865
2022-06-23,542.2545166015625,559.7670668104364,529.5225716973671,530.6445687222388,1214419,16071,77.57970162119483
2022-06-24,565.91357421875,570.1575959824471,548.3034831550647,550.5961874239239,786721,16735,55.99179100336838
2022-06-27,567.5720825195312,577.7674158941754,564.547656908753,577.7674158941754,452498,7198,76.72259048345653
2022-06-28,554.4010620117188,568.59644905031,551.4254061005096,568.59644905031,451025,15491,48.21532291830178
2022-06-29,546.4096069335938,554.7625401916084,544.1626277572357,551.147863078034,413427,12573,57.64030767626514
2022-06-30,541.0364379882812,551.8806496303753,539.2779349088369,547.0935571538924,714487,14983,68.06525023167998
2022-07-01,554.6161499023438,556.863129552035,534.393213798181,538.3986966681321,352045,16188,71.88932584105424
2022-07-04,554.9091796875,560.4778224656909,551.8317545755228,555.593058559991,259032,11589,49.990052283273684
2022-07-05,547.1912231445312,562.6271246279415,544.3092601730701,557.2538843878459,279933,5319,71.43210682971537
2022-07-06,555.4463500976562,561.4546320203469,543.6252483127995,545.1395128115861,546867,16511,69.10444148077032
2022-07-07,553.78564453125,565.6556443389716,550.2198027576596,563.7017388317557,587293,4380,64.52604379326881
2022-07-08,554.3717651367188,563.1155028377884,549.7800759882032,555.8860297419593,287332,12434,64.22875361677458
2022-07-11,563.4574584960938,565.4601995654898,549.0474064582656,553.0528885970577,305882,16519,54.08350940401067
2022-07-12,557.1072387695312,560.868482553857,550.0243321828077,560.868482553857,503229,15708,46.66234299828207
2022-07-13,567.3164672851562,570.8823090043106,557.9376852166184,559.9893217449531,1022214,16151,70.30747338829407
2022-07-14,561.6989135742188,573.1292710069761,554.1763665712276,569.3679676912529,340303,14640,62.14514789145983
2022-07-15,557.0584106445312,562.8223954785427,553.6879120903235,559.3053898045173,382733,17053,57.7040610680322
2022-07-18,556.960693359375,565.0205528875082,555.4952643542598,561.7477852941346,380407,10017,66.36408409017767
2022-07-19,556.7653198242188,564.336702599775,553.7855666420419,558.572658312808,277087,15464,70.16355243574303
2022-07-20,559.5007934570312,573.2758019429834,556.8630093816373,565.1671068899599,481299,11331,49.73032091230609
2022-07-21,565.460205078125,570.5403709921029,558.865774420254,563.0666590617983,491512,17508,73.81462787140838
2022-07-22,561.9432373046875,570.0519332556387,559.793929315306,569.4657854532911,625301,4993,75.51749514522413
2022-07-25,556.7653198242188,563.6528238427433,549.4381752027127,563.6039881376244,410441,8458,49.23833060000778
2022-07-26,540.1082763671875,552.8575568055124,537.0309111391296,552.8575568055124,692010,12285,52.60259909979122
2022-07-27,537.3240356445312,544.1138694751872,533.3185530483858,542.4042020890455,416401,5453,66.12965145590938
2022-07-28,550.6593627929688,553.345982472006,537.8124121127356,544.5534089769749,439012,9501,69.18652956998642
2022-07-29,555.2510986328125,562.5294089002095,535.0282234264225,537.3240386492646,1036849,4306,56.346889799312976
2022-08-01,582.4591674804688,590.0793860367085,552.8575148417357,558.2307542841229,1906169,4846,70.15727119141505
2022-08-02,573.3735961914062,587.5882468616365,571.4196906799392,582.4592448940355,677706,11976,75.6308432316846
2022-08-03,571.5173950195312,576.646397282527,565.655678147536,576.646397282527,283997,4087,51.823714465275934
2022-08-04,562.7247924804688,593.0103281868829,560.7708869510227,575.3275069967818,1081124,11812,75.73868504708653
2022-08-05,544.7976684570312,568.2445320283315,541.7202437619151,562.7247257112049,898065,6082,53.183666145070305
2022-08-08,548.5590209960938,558.3773851363139,545.1396860477654,550.5129266808527,499586,16316,66.20149714072483
2022-08-10,554.322998046875,560.4777882668145,549.2916676796165,553.8345216861105,689194,7332,45.49920004630828
2022-08-11,549.0962524414062,562.6270830970243,546.2142300542197,561.1616540488068,389471,9153,64.27388697898088
2022-08-12,556.7164306640625,559.2565432714251,544.699925277233,549.0962120988869,397496,5078,51.818877651821346
2022-08-16,557.2048950195312,561.3569435953204,545.4814637467146,561.2592721860956,954535,12811,59.525371554336374
2022-08-17,526.6751708984375,562.7247489814454,516.1240937807274,561.4547224111723,4916238,11711,57.16238091195829
2022-08-18,506.15911865234375,522.1811651577714,495.5103710800812,509.5784527553413,59249131,9819,71.87986616827303
2022-08-19,508.84576416015625,517.2964284383413,507.08726131495257,512.9001415111032,7051059,15852,66.59905231476662
2022-08-22,511.4346923828125,520.0318634427351,504.15638349770984,509.13887759599095,5928548,5110,69.5500498805706
2022-08-23,520.4227905273438,525.3075547342299,506.25697432737394,511.4348124609794,10059261,6791,66.55274594332643
2022-08-24,515.4401245117188,524.965411559748,512.1673574286475,522.6695969944233,2350280,11477,49.73549755158632
2022-08-25,511.82550048828125,520.4226716021104,509.8226999183557,517.7360519022603,1721705,5033,54.13334209251542
2022-08-26,518.5664672851562,523.3047235297762,509.33425259280557,514.5609851742857,3274520,8878,66.90722589481612
2022-08-29,507.1360778808594,513.2420317160097,504.10754863000705,504.7425916802448,2278442,8736,71.38948668103345
2022-08-30,509.9692077636719,512.8023938804051,508.0153027530831,511.3858008220385,1590405,4853,75.36529558329997
2022-09-01,514.8052368164062,516.2218301560684,506.0614982320712,506.84304846581085,2096736,17713,50.083774666090555
2022-09-02,511.9232482910156,516.3683714411321,508.2108397138348,513.8771538188439,1200849,17657,63.823992347013686
2022-09-05,510.65313720703125,516.3194503753365,508.6015009648909,511.0438824709237,1129613,9081,77.96868027984357
2022-09-06,507.8199768066406,513.3886188511747,505.0845213055324,511.4835492532475,1034390,12691,69.02325377722616
2022-09-07,514.75634765625,521.0576442095908,505.27989553145636,505.27989553145636,1508878,10603,57.615382677823796
2022-09-08,513.1931762695312,520.0806800049415,511.92314984636636,517.7848653026225,905092,13549,60.25444359582149
2022-09-09,514.8540649414062,520.6669453422431,512.2651164750419,516.8079703112029,1164759,4875,66.075854554063
2022-09-12,513.6328735351562,518.7618751253789,512.6070851428036,516.6125672952127,1272764,10735,65.25081310058715
2022-09-13,531.5598754882812,535.7608192894828,514.4143696168554,517.4917940984885,4624251,16877,48.5274316613494
2022-09-14,516.8079833984375,526.3821080271964,515.8310306887996,521.839313704457,2033856,5102,51.97567941646084
2022-09-15,514.0725708007812,521.1066428251074,511.923262733839,520.5204353731416,977265,13440,69.6030811866753
2022-09-16,503.5702819824219,513.5352114647707,496.3896736625733,512.9001683573249,1525714,17343,74.1703597772065
2022-09-19,503.130615234375,507.8688117400535,501.22554563934943,504.5960442107858,2096604,10908,64.40746728271054
2022-09-20,502.73980712890625,512.4116621631591,501.3232734968073,505.67066506310925,736927,15537,57.93206913296583
2022-09-21,486.4247131347656,505.13335021413576,474.9943851437244,502.6421329096626,2126465,14400,77.62868088289096
2022-09-22,468.1068420410156,488.1343707566144,457.84883952814795,487.49935751628243,5021056,8154,72.08583752870399
2022-09-23,464.05255126953125,482.5169520835147,458.63047549091675,470.940056157418,2880334,4040,62.30931994880142
2022-09-26,457.3603820800781,464.05251376778574,451.7429042818365,463.9548125388835,1773741,4571,64.11997904290077
2022-09-27,453.8921813964844,469.523422909481,450.0332067222725,464.05248241708676,1161414,13464,75.00507937485415
2022-09-28,451.54754638671875,462.8801737680216,447.54203438473337,450.3751912300591,1110128,6190,52.550001799183
2022-09-29,458.04425048828125,461.4635847227678,452.8175479098632,454.67375196002456,766933,13166,60.360156272138546
2022-09-30,453.06182861328125,458.14199473582346,444.7577304068923,458.0442934999609,1474819,9791,72.74181612199885
2022-10-03,449.0074768066406,456.1392197485716,442.5595828812856,453.06182463840224,1075149,13027,59.88603446184196
2022-10-04,457.8489074707031,462.0498222498096,449.398272014153,454.3318715529633,1823809,5975,75.76067453075926
2022-10-06,463.2220764160156,472.9916025655223,459.50966840489417,460.14468164176657,991262,15107,75.32415482247204
2022-10-07,460.63323974609375,466.73919467379915,457.31160622826866,462.5871453229595,712017,11267,71.41865304991391
2022-10-10,454.5760803222656,458.48389113032886,453.30605373533723,455.25995913936885,458055,6487,69.73683003266298
2022-10-11,450.4240417480469,460.14473328344263,448.42130058832305,456.2369223850694,561126,7573,47.36318954781218
2022-10-12,452.2802429199219,454.82029596795553,444.7576955613422,450.8636496464787,458927,6830,55.841932210158774
2022-10-13,449.8866882324219,455.01568956406186,445.78347524141856,452.28023411287853,350358,11337,54.14601140522111
2022-10-14,449.300537109375,459.1189295529812,447.5420341893832,459.07006402984075,480156,16446,70.41577631289728
2022-10-17,449.4470520019531,455.30876786667625,443.6830373644878,448.81203874612055,520984,13419,73.95444326983443
2022-10-18,453.7945556640625,456.7254139353051,449.0074931172127,451.40100948352153,686749,14903,62.7905619563494
2022-10-19,474.359375,477.72987376513953,454.28300879507134,454.28300879507134,2722881,7382,57.04880999426373
2022-10-20,473.04052734375,485.5943461671315,467.9603611839106,467.9603611839106,1226234,17200,62.61547654956729
2022-10-21,466.397216796875,478.9999007661621,462.1963320785228,475.5805662884515,925647,7946,72.60440734642032
2022-10-24,466.397216796875,466.397216796875,466.397216796875,466.397216796875,0,5932,45.5745192455127
2022-10-25,471.0377502441406,482.1261696321643,469.3769485007144,472.4543436206267,714531,15485,48.080330423220516
2022-10-27,467.7160949707031,476.36213214084034,466.00642778282065,472.8450965343505,474318,3835,62.195470956577324
2022-10-28,453.5014343261719,471.2331190496008,450.7171132968863,470.06076393803977,838347,7161,77.32882357249565
2022-10-31,454.67376708984375,464.78523319685667,450.1309431328465,461.1216606808541,1420328,14030,71.61260471896652
2022-11-01,463.7593994140625,474.7012503687323,456.4322550994158,456.9695670901326,1789945,6897,72.67033769975615
2022-11-02,459.9493103027344,466.78797906993697,456.67654267267125,464.24792595064554,780153,5482,71.62120860762238
2022-11-03,455.406494140625,459.7539455717562,454.28300450094184,459.1189322809988,486106,5173,68.44551695485055
2022-11-04,450.2774963378906,460.9751403967854,449.4959460986,457.70234286807363,782112,16631,69.55419178172129
2022-11-07,448.9097595214844,455.8949652682763,447.4443304914904,452.96410720828834,697925,12463,75.9929458791852
2022-11-09,448.76318359375,453.9898859761565,443.1945418378726,452.32905462742747,1012733,15605,50.03416386848751
2022-11-10,445.001953125,448.3724518526268,440.6056659920417,447.93281121363884,825030,14095,70.50792719415378
2022-11-11,447.5909118652344,453.8922692454536,446.0277814485519,449.39828047782873,637913,3901,60.978967434472665
2022-11-14,444.7576904296875,452.76871402264624,443.5364996267504,448.86090345324754,597332,4221,70.07701723453809
2022-11-15,438.2120666503906,447.0046398466558,435.03697077396157,447.0046398466558,1041576,3200,54.69991088578291
2022-11-16,436.3070373535156,440.31254897847873,432.98540447460493,435.03698108430774,827672,16310,61.85911138515519
2022-11-17,434.8904724121094,439.43329633681503,428.0518037641824,435.72088813934636,1107407,10760,51.36022817458754
2022-11-18,435.3789367675781,446.369653935125,431.813065604953,435.72087615341417,845530,9378,75.84086675030873
2022-11-21,427.70989990234375,436.50247460872185,424.9744441416077,432.79006610283267,648285,6024,72.00307371885951
2022-11-22,426.0002136230469,429.8103530108148,422.38550651552885,428.833400309178,437919,15310,58.652506893592985
2022-11-23,419.50347900390625,431.76425314845903,416.47491970292117,427.90527809836397,679720,7466,60.46293380796561
2022-11-24,435.72088623046875,445.49041282756446,417.5495607970249,420.9688951060084,1627143,4545,72.51760580733497
2022-11-25,432.3503723144531,436.20934710930845,428.29602488311366,435.72087079675606,730082,13925,64.312990514251
2022-11-28,440.50799560546875,443.53655513864516,429.56614253023537,431.6177194845569,888688,16261,74.80622925812622
2022-11-29,440.166015625,443.4876785700966,436.7955467860938,440.8010587148876,864644,12678,57.89028271235924
2022-11-30,443.9761657714844,450.7171334284776,440.11719068660886,442.41303549099445,1169346,3011,74.05430108603534
2022-12-01,452.52447509765625,454.57605179174215,443.7319013313616,448.1281882145089,1278107,15452,54.39142768167319
2022-12-02,451.4010009765625,457.11618046062557,447.9328306799783,452.4756549519453,1217995,15282,58.75357889295634
2022-12-05,449.2516784667969,453.11062351484907,446.4673574737538,453.11062351484907,727687,16242,78.95536789953886
2022-12-06,449.2516784667969,452.8663853543054,446.4185217673365,446.95583379484106,420514,16098,71.82281222399489
2022-12-07,449.4959716796875,451.1567734862549,445.5392951057467,450.3752232024858,384704,4933,77.5238958583955
2022-12-08,438.5540771484375,451.1079257666191,436.1605608342082,449.49595971535615,927236,15497,66.64247698580434
2022-12-09,428.0517883300781,446.22311318793317,426.9282987698452,440.1171592581585,614169,9720,45.584213068498045
2022-12-12,427.2702941894531,429.85921303236984,420.1385211756041,429.85921303236984,489233,7470,60.08943367516621
2022-12-13,439.5309753417969,441.5825817952842,428.2960202739965,428.78449658129216,933723,17534,71.91031397939517
2022-12-14,468.15576171875,472.1612440738581,441.5826354475417,441.5826354475417,2354167,8746,78.8699148144881
2022-12-15,453.11065673828125,472.4054728359817,450.863677422216,471.86816076907985,1195554,10311,58.33773733481833
2022-12-16,442.07110595703125,450.76597920527365,440.8010793462725,450.76597920527365,731978,6113,60.51437983103741
2022-12-19,447.6885681152344,455.2599514276033,438.7005914832464,442.5595665165328,927631,8107,68.68590440286866
2022-12-20,442.8526306152344,449.8378660134248,440.84988957995347,447.00467943676307,400423,11040,74.25408159160152
2022-12-21,425.8536376953125,446.12540439847095,422.190065399561,443.78072409203554,1000645,5864,48.61934702029652
2022-12-22,413.3975524902344,428.78455838799175,411.5901839298736,427.9053068709663,940087,11377,63.4202128473634
2022-12-23,391.318359375,412.2251692601728,390.146034121455,411.2970523470003,1400061,14405,53.6148783282889
2022-12-26,401.2344970703125,408.21970310840135,388.8760212172732,393.711949143613,1217228,3033,69.75867106894336
2022-12-27,414.3744812011719,415.6933733072961,401.5275591757901,405.14229608676305,685653,7229,63.77488549696896
2022-12-28,409.2454833984375,419.79659053286235,408.3662319241264,412.76251910991243,634721,16684,65.15007457541923
2022-12-29,406.75421142578125,414.0813557538034,401.42980795506116,406.1191982135313,672200,13647,53.01670717745063
2022-12-30,409.8316345214844,418.52650709795023,407.0473135207692,411.39476471611647,624097,14060,53.21331644784843
2023-01-02,409.5386047363281,414.91184486146767,408.21971256094747,412.9579393614169,280976,15434,71.0188277510334
2023-01-03,405.875,415.3514230413474,404.99571874275074,409.6362439403749,556703,4848,45.171284558271694
2023-01-04,400.84368896484375,408.0731629419657,399.62249806522595,407.38928411248736,641742,12226,62.688110974003266
2023-01-05,405.4353332519531,408.952368611683,397.96165174641925,403.67683047920195,618502,13111,51.619509799030965
2023-01-06,407.87774658203125,419.35694064751357,401.3321516572983,406.70539143263045,1544225,14117,69.82773606927498
2023-01-09,412.76251220703125,415.5468333409779,406.9007960573456,410.3201304779956,888013,14954,78.00641066271268
2023-01-10,437.1374816894531,448.2258705809878,422.04355109608883,435.72088840012873,9739902,9634,55.324223122410466
2023-01-11,417.35418701171875,443.24343242318815,415.497953111966,443.24343242318815,3476828,16066,65.49867874930376
2023-01-12,418.57537841796875,425.7071208986107,415.69335614999164,419.84540494819953,1427849,11042,54.46871836469708
2023-01-13,415.8399353027344,419.9919845224659,407.5847023896898,419.9919845224659,1278612,5044,66.89644368406117
2023-01-16,410.8574523925781,421.0177844805815,409.4408888442803,418.6242384029934,578596,14181,73.1326985133673
2023-01-17,408.7081298828125,413.055551103739,406.50998651285926,413.055551103739,638196,16196,45.46836419297818
2023-01-18,410.5643615722656,411.2970760783434,406.65655087318396,408.70815745304776,659637,12057,68.00260124837291
2023-01-19,404.5072326660156,410.2224116293722,401.52753901024425,407.38925490820407,899465,12832,53.85403430650992
2023-01-20,398.5478820800781,406.4123397088476,397.7174662884998,406.4123397088476,641090,9760,60.63287442465215
2023-01-23,408.1219787597656,409.34316959986063,399.62247858701227,400.4528943211228,481372,4481,53.831821472369626
2023-01-24,422.6297607421875,425.9513940910604,406.8031144488912,410.2224490344846,1309441,12205,55.09542522642758
2023-01-25,444.51348876953125,450.37520510495364,426.53756463708214,430.83615065354564,5392461,11981,50.58828786220166
2023-01-27,441.1918640136719,454.13648783823663,434.7439699570801,445.24621192795337,2139821,14171,74.80818317817264
2023-01-30,431.4711608886719,444.41578437057524,428.34493008724127,442.55958017375224,1194183,11447,76.30241900637064
2023-01-31,439.62872314453125,444.51348673502605,433.22969476667544,434.255483194987,1012769,4073,58.40252725238833
2023-02-01,446.0277404785156,458.7769910225677,430.8361380139209,442.65727157306725,2373206,10488,76.01335472760591
2023-02-02,440.7033996582031,449.8379140028975,436.99096125083776,444.5135094909937,1345041,8881,69.93846887727827
2023-02-03,434.5485534667969,443.53653032416827,432.3015741595693,443.53653032416827,724849,3311,57.2829819227352
2023-02-06,461.8646240234375,468.2331435292133,432.07955416109513,432.07955416109513,3185014,12607,50.64437851414998
2023-02-07,448.73565673828125,465.39178373511703,440.8974793280056,464.11809186605683,1520621,13295,46.637674447418235
2023-02-08,459.4151611328125,463.92211906151124,449.2255366202807,449.71542270165503,1125693,4961,57.140944320260274
2023-02-09,455.4960632324219,460.8358333710812,446.9230569824559,455.59404642676174,583335,16206,58.825745575653954
2023-02-10,453.4385681152344,463.6282230483835,450.793201080889,454.61430673068236,632416,14844,50.072574408558665
2023-02-13,443.5428771972656,457.3086643460185,440.8974803550259,454.1244047656767,477173,13774,48.564880894164475
2023-02-14,440.9954833984375,445.79636130940685,435.6067361738183,445.50244160271956,505324,8570,77.2906343106651
2023-02-15,451.9689025878906,455.3001519784402,438.15413852821257,439.86873987323537,1247283,4761,63.37453242917347
2023-02-16,454.5652770996094,461.47265843454005,452.65470954725583,454.2713275298703,870826,16588,45.70574326230429
2023-02-17,453.340576171875,460.98278682004735,450.7931626557267,453.29156962524814,489871,8547,70.67931518353836
2023-02-20,462.50146484375,468.13515511304814,451.77297696672997,453.6345382060952,1169223,5653,50.93391492431821
2023-02-21,456.37786865234375,468.1351347909213,453.92843820680673,464.6079788695672,630296,17834,66.10534602851443
2023-02-22,447.9518737792969,459.2192543806106,446.1392891807696,453.9284604389038,420361,4076,54.23207807625781
2023-02-23,454.51629638671875,462.3544736208946,448.1477773839509,448.7356466565687,772032,5811,76.52225583225099
2023-02-24,451.5769958496094,458.58236101965673,449.2255485764831,454.61429561502325,565478,14228,58.48465253514371
2023-02-27,445.1104736328125,451.4789925770212,429.1401996251369,451.1850728935515,646184,9823,57.934330917979814
2023-02-28,439.03594970703125,452.65477795550754,436.09663296706043,446.8741276802868,381050,3724,78.6440519137486
2023-03-01,450.6462097167969,453.6345027967092,440.89746492120764,442.2201632960259,448273,7980,74.20254369234439
2023-03-02,444.0327453613281,457.11267949694894,442.17115437698294,451.8709224734414,743257,12152,70.3330372076289
2023-03-03,446.6291198730469,455.3001089790264,444.8165354994375,448.4906808917787,525246,7579,53.918404652284366
2023-03-06,448.6376953125,453.19363017326253,445.0615326755692,446.62917421375505,538671,17717,58.85591274026798
2023-03-08,443.59185791015625,454.3203753238633,442.12219962884154,447.4129634615196,645986,5122,59.43730038822795
2023-03-09,437.46832275390625,450.6462718720015,436.0476409886595,444.8166148494366,704236,10157,50.16518434979193
2023-03-10,427.4745788574219,445.0125243353618,425.2700915107809,436.8803975164779,1205611,11961,51.88153991038393
2023-03-13,397.9834899902344,416.3052126683934,395.14212661583537,405.87064444603385,13269484,15653,54.778569077886644
2023-03-14,422.6736755371094,427.5725360090283,401.80454188684337,407.0953052164615,12142642,5211,69.72305944781762
2023-03-15,414.4925842285156,432.96129470722406,409.5447469728048,430.11996153363947,5340688,4452,63.21050860962849
2023-03-16,405.2827453613281,415.42339313126143,398.5713001290349,414.49259762522126,3489547,11844,75.53883057100433
2023-03-17,410.03466796875,414.9825056460169,403.176262530802,410.52455407146056,3624778,17069,71.37479955989107
2023-03-20,396.12188720703125,409.93668116199757,393.1335939668943,409.5447782633316,1790040,16018,51.79575413721593
2023-03-21,400.9718017578125,402.68640323142563,396.8077696076092,397.64058201770524,2179679,9349,69.41357876290851
2023-03-22,405.33172607421875,407.29127025654464,401.7065573768073,401.7065573768073,1256764,5944,78.50131142692513
2023-03-23,405.1847839355469,415.81531835343975,402.6863767697133,405.96861964071365,1654842,12720,64.24084916756694
2023-03-24,402.4414978027344,410.32865335890256,398.52240835365114,405.7237411963975,1176131,5712,75.07937380162225
2023-03-27,406.2135314941406,407.1933036251442,396.8077130564517,403.5681347803219,1343413,6563,61.670617660546846
2023-03-28,396.0239562988281,405.52772920498984,392.9866563369569,404.64594015806625,1970141,7556,72.87616454905967
2023-03-29,406.3605041503906,407.58521935277275,396.80772557181,397.6895145374704,1781834,8759,64.40462108957024
2023-03-31,405.1358337402344,415.9133287127678,403.6661753348889,409.5448089562708,1387772,3366,54.60697425154134
2023-04-03,411.455322265625,413.6108030340507,406.4094718230269,407.29129066948633,1074114,11250,57.87045623865524
2023-04-05,413.2189025878906,415.8152927948139,410.6225123809674,412.4840734783686,928669,13511,59.63739670568424
2023-04-06,414.737548828125,418.06879813620134,408.7609624936589,413.16993727170535,755991,8368,56.054389837313465
2023-04-10,410.27960205078125,418.36272256879664,409.44678971432484,417.3829503847948,589290,9414,70.92186549133983
2023-04-11,414.1007080078125,417.04002456279557,411.5043176976323,412.4840898826266,1076902,4422,78.26296852803418
2023-04-12,423.3105163574219,432.0794884574259,414.100664760379,414.4925676133928,2123272,17027,45.94854076001837
2023-04-13,435.36175537109375,436.88039022443377,422.2817913526227,425.4660508001773,2568253,7348,64.75437658775843
2023-04-17,449.9113464355469,452.8996392884832,428.7482637467177,434.92081582666884,3113424,4514,52.204520093541014
2023-04-18,458.6313781738281,461.374728405862,449.1275757623624,451.8219493439323,3283950,13124,48.040642604453566
2023-04-19,455.34912109375,459.415169664613,447.8048633403711,459.415169664613,1081397,3215,45.804586065404926
2023-04-20,467.9881591796875,470.14366985925955,451.67495894198913,451.67495894198913,3508797,15038,54.019521345153414
2023-04-21,456.9167785644531,467.9392159860774,452.99768970343115,467.2043868246358,1073677,15565,51.66335590049356
2023-04-24,448.53973388671875,458.5334230151075,444.17976521915574,457.3087076758577,973271,13372,57.04101757784667
2023-04-25,450.352294921875,457.55362671859314,448.5397103349047,450.695221178914,704092,5502,77.46865621900258
2023-04-26,455.54510498046875,456.52487719903064,446.97209806805205,450.3522942819255,847880,17297,58.99121322848617
2023-04-27,461.1788024902344,463.8241695817905,452.8997151530696,455.5940887964897,703216,16252,57.71308310175335
2023-04-28,470.2906494140625,480.08837127685547,464.7549425416393,465.3428118334617,2607948,17552,71.35451825064338
2023-05-02,477.2959899902344,484.0074351007343,473.2299416065884,473.71982767450413,2112246,14186,52.54615791988789
2023-05-03,479.5984802246094,488.61239620528363,472.7890516402689,476.0712944104206,1185103,8315,53.4964694570037
2023-05-04,487.68157958984375,497.08739805420265,478.56971070578294,492.82538329219767,3966042,12889,62.37154360843843
2023-05-05,490.1800537109375,501.2514982792923,482.63582518764747,487.43670332070053,2906461,7051,55.220760155139864
2023-05-08,509.4815979003906,516.7319368676569,492.6295023174204,494.54007026965803,5157621,4721,52.34415632047824
2023-05-09,511.147216796875,516.682894367429,505.75846918981694,510.4123875777307,4720804,9534,47.090902893733464
2023-05-10,528.4890747070312,533.9757743396627,509.0895400190291,513.3026077303987,5824799,14979,52.72936463921779
2023-05-11,536.1802978515625,542.9897261114767,527.2643953936184,534.2207535926258,6443101,3880,75.98982978145769
2023-05-12,523.198486328125,562.389384180419,519.2793965428956,558.4702943951896,9554296,9336,47.23293558423639
2023-05-15,535.5433959960938,540.8341891580743,513.6455138878994,525.1578358491447,4609617,9443,61.850659373313235
2023-05-16,531.9182739257812,543.283605872326,530.0566830963542,537.4049735274497,3025986,6247,60.76206399499223
2023-05-17,522.0715942382812,533.338974568248,517.3197229758629,533.338974568248,2825295,6970,59.94378449109776
2023-05-18,511.00018310546875,526.7745515340794,509.48154814322874,524.178131262745,2651993,13354,78.82466411704638
2023-05-19,524.9619140625,533.7308868996203,507.5219814850909,512.5187956065206,4011432,14637,66.36505835525233
2023-05-22,518.1525268554688,531.3304754855858,516.878834899519,524.178150070897,2036828,12510,55.266727299439545
2023-05-23,519.13232421875,533.6819786134997,517.8096555467522,521.9736877815179,2501404,7209,69.93355981397255
2023-05-24,521.140869140625,528.5381374614211,516.7318941387604,519.2303013463735,2403036,8825,60.22817121211351
2023-05-25,517.6626586914062,530.6446413631278,515.1152746911391,522.4145901157274,2665334,13983,77.08632489386792
2023-05-26,528.2442016601562,536.7191952474157,519.3282388254851,522.1206254552511,3362864,8737,77.6769649477026
2023-05-29,525.6477661132812,541.422074037282,524.1781078669254,529.5178781221277,3976323,5742,56.50348583287473
2023-05-30,522.3164672851562,533.6818591924598,521.2387419269525,533.6818591924598,4055275,16160,74.04653201458027
2023-05-31,530.5955200195312,561.8502710566339,492.8253209966916,501.54528590504844,81135054,6342,62.35209966890761
2023-06-01,519.4752807617188,535.9354432940012,514.8703390329025,528.09726496429,5829695,13837,52.45376981818255
2023-06-02,520.9939575195312,526.1867391181471,517.4177644503723,525.1579900902092,2220700,14179,76.16369716715971
2023-06-05,518.3484497070312,527.7542983309651,514.4293610638623,523.835209687796,1934956,5405,53.659634423625064
2023-06-06,517.36865234375,524.0801271985702,513.351610600402,520.9448444766541,1404825,13236,72.21103219134461
2023-06-07,522.1695556640625,523.8351802037691,517.6625680977654,519.1812627019514,1519065,5314,52.66224726069554
2023-06-08,519.8670654296875,532.9960358204835,517.8585445342229,523.1983145737834,2628912,14144,64.09284019404349
2023-06-09,524.52099609375,529.0769605072252,518.3974201619534,522.6104882434664,3872644,14411,63.45856921547285
2023-06-12,518.1525268554688,526.5786040266591,516.4869618826009,524.8640026011936,1088532,5911,53.62586362936321
2023-06-13,518.936279296875,523.3942300705797,517.4175848108594,521.2387196457714,1020347,14942,63.81604536198638
2023-06-14,499.5368347167969,521.0428153855797,497.72425026628434,521.0428153855797,2256756,3076,53.706666542617604
2023-06-15,503.9948425292969,508.4038174199284,501.9372850333393,501.9372850333393,1019204,13695,63.076349671949785
2023-06-16,509.4815979003906,512.3229615012112,503.70091738860623,507.1301204513973,1214715,9733,77.63598557771238
2023-06-19,511.8819885253906,519.2792565405281,509.5794880170046,511.19613603777464,1182382,13138,73.44687590399943
2023-06-20,505.366455078125,514.1844042897267,504.19071655646906,512.0288936334483,816671,11741,61.4427918837613
2023-06-21,502.4761657714844,514.18445591589,497.7242943616771,507.5220166916314,1682425,3337,53.82541267202726
2023-06-22,503.6029052734375,510.46131059817304,501.98625724095893,505.5624496519334,725732,4861,61.85840786260965
2023-06-23,496.6465148925781,506.44426664869434,495.07887341558853,505.5624477614492,668179,16438,57.18213424840634
2023-06-26,505.9053649902344,507.5220130834038,498.16520028493,498.2141769361213,1286593,12966,63.340854332403794
2023-06-27,509.33447265625,511.83293920644417,506.10123687431246,509.383509098834,802623,12738,74.73464453718502
2023-06-28,504.4847106933594,519.132256691062,502.81908605600324,513.1066937684095,1842935,10118,45.836758898182524
2023-06-30,506.92181396484375,508.93638122248336,499.30597840385707,507.9536888934025,1292014,11304,45.86035874734604
2023-07-03,505.9390869140625,510.999976053021,505.15294510050535,507.11832962378617,788224,5790,69.89934926179654
2023-07-04,501.07476806640625,507.9044611528813,499.6990049258448,507.4131150320103,776522,9102,57.0357668302526
2023-07-05,506.87261962890625,508.29753530022424,500.2394473461097,502.1557091124497,866807,15521,66.69005729652065
2023-07-06,514.8815307617188,517.8787296300485,506.87256626454877,506.87256626454877,1385717,12096,51.45556678167609
2023-07-07,526.03515625,530.6538218806422,514.9798682941533,518.8615147277391,3616985,17280,53.38614562423642
2023-07-10,525.0524291992188,534.4371276908535,522.7922491404187,527.9022605638613,2035474,7756,74.387473281772
2023-07-11,530.8012084960938,539.3014599215213,528.8358241232173,530.6537806766196,2123513,4346,61.52707190163291
2023-07-12,533.4544677734375,539.8911500404413,531.5382658551192,532.6683259635153,1847684,5814,74.7440017123816
2023-07-13,533.0122680664062,541.2668464785335,523.7749374851041,536.2551402989837,1612941,14962,55.767005018353366
2023-07-14,537.7783813476562,542.4461699477501,533.8476120002088,538.5154006003027,1312952,16865,63.75847633212487
2023-07-17,534.9776000976562,541.9055673663197,529.9167118207961,539.6945101542718,1182995,7724,48.81495029831217
2023-07-18,533.9458618164062,539.4980975587509,527.804034658406,537.5327128681909,862210,14562,68.9759403388505
2023-07-19,544.3623046875,547.5560540353621,534.4862610075568,534.4862610075568,2227259,5204,47.471911931290286
2023-07-20,553.6488647460938,555.2211484315569,545.3942254504674,546.2786725102766,1854360,6352,56.49876414903858
2023-07-21,562.1981201171875,570.9441037006659,550.8480384851563,555.2210302768955,2413588,16967,74.10026723684055
2023-07-24,570.7476806640625,573.1061661954906,556.2038464969992,563.9671397240694,2398697,17798,51.648457418484426
2023-07-25,584.4070434570312,587.64991561097,575.8084869995129,576.8403017786611,2169996,9962,46.491482697193135
2023-07-26,586.9620971679688,593.4479023172656,580.7711476908775,586.4707510193301,2446274,16521,75.29136213785041
2023-07-27,581.3115844726562,594.5288071395297,576.1524501958256,587.2568605482967,1311424,7189,46.2553410007472
2023-07-28,555.3193359375,594.7744515962352,551.5359949746171,586.5689957515959,3698927,15377,53.498992285602
2023-07-31,560.2327880859375,565.3427994200581,546.1803019011838,546.1803019011838,1651725,14648,78.52882026793674
2023-08-01,557.235595703125,565.0480106284377,555.3193339321961,565.0480106284377,1037389,17367,48.49321591191871
2023-08-02,545.0010986328125,558.9062179815785,537.5326615137116,556.203814290239,1355336,12244,55.45958803361706
2023-08-03,553.6979370117188,557.6778284613714,539.5471452143177,539.5471452143177,1425261,10819,77.08890081050852
2023-08-04,548.0966186523438,556.6951760942228,539.5963064468613,555.221137675615,638424,17733,78.96818965339052
2023-08-07,546.9172973632812,550.3075972348568,543.7235479150432,548.0965399245382,569876,8812,54.00190093903893
2023-08-08,546.8682861328125,552.2239713710193,542.937516780555,548.14577417654,981629,16195,46.693463473541165
2023-08-09,544.90283203125,550.6515574849759,543.7727119949511,546.8682164569714,540961,3961,70.83963598317857
2023-08-10,550.6515502929688,552.7152399002862,544.9028249143264,545.3941710143393,724768,4634,51.47935657269628
2023-08-11,546.032958984375,550.3076461729592,544.5097380521274,550.3076461729592,1169346,3974,45.6484219413714
2023-08-14,540.1859741210938,545.3451087420834,525.8878130243924,545.3451087420834,1954468,17997,78.55387645908584
2023-08-16,544.90283203125,550.3076392019838,538.564455262544,540.4807170733769,1074965,13653,67.27246086891256
2023-08-17,557.0881958007812,561.7068008562279,545.492380614822,545.492380614822,1689856,7601,58.09852203954935
2023-08-18,557.0391235351562,566.5221285156995,555.2211667152995,559.1519360371777,1444993,11630,70.469071302581
2023-08-21,580.6728515625,584.6036204071166,560.1836829726723,560.1836829726723,2154652,9164,66.04004768516037
2023-08-22,600.7688598632812,605.6823209236787,582.8839095864529,586.5690053817509,3295859,7260,77.11581343735784
2023-08-23,576.643798828125,615.1162243086515,570.9933184050893,608.6304194879891,3431091,7092,54.11093643621952
2023-08-24,578.8056640625,589.3696044507375,576.93852502563,580.7710483207767,1217431,14778,68.73492190230846
2023-08-25,575.8085327148438,579.7884243096892,563.2792065962869,579.7884243096892,1151562,13973,51.90990177875188
2023-08-28,580.1323852539062,584.1123371201242,575.2189236697153,579.1988755359332,582820,13602,78.7417346650684
2023-08-29,569.9124145507812,583.4244337509392,568.094397798402,580.132378540361,1190928,12255,48.554570210921334
2023-08-30,569.3719482421875,574.2854097907781,563.6722848627995,570.8951093264949,1245028,16240,65.19320302290157
2023-08-31,585.29150390625,595.2658546408138,568.0452662132786,571.8777901356178,3932793,11629,55.941556358402295
2023-09-01,581.99951171875,588.583562091062,577.577396391212,587.4043193412964,831685,9072,46.131896186646586
2023-09-04,573.1553344726562,587.4534967016353,572.0743968389319,585.6846624015485,1018935,3929,77.47005142946696
2023-09-05,568.8805541992188,583.3752645474027,567.9961072034133,579.6409861018009,876543,7819,78.55111865242229
2023-09-06,565.0972290039062,576.840414688813,563.1318442860568,573.843214989849,765700,6807,73.87337153008309
2023-09-07,573.54833984375,583.3752620720073,565.539374236211,568.6840013450079,1182455,10188,61.342392181103996
2023-09-08,581.655517578125,582.7364549702042,571.0915767839771,578.3143402191656,745266,15029,54.99071504219762
2023-09-11,594.8236083984375,597.476889475746,577.2825756841218,584.2596666848449,1645727,10015,47.174998327316544
2023-09-12,573.54833984375,599.4422559236988,569.0279196314876,596.9855253666344,1654348,7971,65.02681905108156
2023-09-13,561.7068481445312,576.3489861927708,556.2529183272085,573.8922556463394,1863052,3402,72.39968583787295
2023-09-14,576.8402709960938,584.112216632185,571.9759330353819,576.8402709960938,934075,3992,51.6883453141606
2023-09-15,588.8782958984375,591.3350263777802,572.4673243006741,579.4935974631028,1521844,7438,50.145959343909645
2023-09-18,588.534423828125,589.6153613323905,576.8403618368554,587.6499767946159,1034472,11146,53.91381758819675
2023-09-20,592.7599487304688,602.2920750934757,575.7102030244599,582.736476266057,1783825,11962,59.4646144355561
2023-09-21,580.721923828125,607.3037338394206,575.1696893249793,587.6498913203454,1867914,6994,66.15962309118007
2023-09-22,570.0105590820312,586.2741018683436,569.0278669501844,586.2741018683436,606387,13035,66.74979280133593
2023-09-25,559.544921875,575.6119141820443,557.6777828396246,572.5655925756608,1152480,9950,49.257966344396195
2023-09-26,567.3081665039062,574.7766628351784,561.510318803054,561.7068092501444,878926,16468,59.293690281246015
2023-09-27,580.1815185546875,582.7364943698585,567.3082143106859,569.863250104631,623755,10523,63.94910772187207
2023-09-28,569.8140869140625,585.4389179477366,567.013437945185,583.7192064808318,549407,11225,66.46729082328856
2023-09-29,573.3026733398438,576.9385866228322,569.9614957525433,572.9095724547117,409420,10206,46.187599047440216
2023-10-03,575.0714721679688,576.7911834723116,566.6202834850793,573.2043330460314,483018,4171,54.90846846027628
2023-10-04,563.0826416015625,574.8749482319618,562.2473772067518,570.944179355162,699871,16604,71.60672606247772
2023-10-05,562.6404418945312,569.8632659982818,560.6259347557565,567.0134344506074,652691,8664,78.61161704188984
2023-10-06,559.2501220703125,567.8978616459233,558.1691846127479,563.8687875302924,807264,8220,65.04465690119697
2023-10-09,545.4923706054688,556.2037386811172,540.7754604357285,555.6141474019372,1172173,11809,47.72586134751063
2023-10-10,544.6571655273438,553.2557224932693,541.9547619094814,548.3422613698833,1008953,13711,78.2481444799376
2023-10-11,549.9637451171875,558.7587928262512,546.4751396250166,549.1775433292881,996464,12934,70.43429169171276
2023-10-12,550.897216796875,556.1546559918042,547.654344571078,553.9927211816826,475700,15769,51.62691464969879
2023-10-13,550.4058837890625,551.9782273150672,547.5069897475266,549.2758237328559,357793,16295,52.97475812203394
2023-10-16,549.9637451171875,553.8453315457574,548.0474832220399,550.3567860323618,277010,5271,70.91725453119571
2023-10-17,549.7671508789062,553.8944700215176,545.3941586918392,551.7816578476895,594822,17510,56.3469541697774
2023-10-18,548.9318237304688,553.6487941428898,541.954733295149,553.206570669379,578227,8459,52.36496760518567
2023-10-19,539.8912353515625,548.5389165847251,539.1542160422796,545.4925341190848,500130,4195,49.94869746264096
2023-10-20,531.1451416015625,541.5125324622306,526.6247814092286,539.8911262965942,1321108,17463,61.665334178337545
2023-10-23,500.1412353515625,536.4517261821679,494.1959292131168,535.0759330331804,1531268,5868,66.42483693733337
2023-10-25,503.87542724609375,508.0518691101521,479.65207043243277,502.40138894113204,1626925,9907,66.85816826125549
2023-10-26,536.6973266601562,543.4778663177071,509.91896632376387,510.99990366693703,8247071,3449,50.79117545151702
2023-10-27,541.6599731445312,553.6488304342176,535.5672692780898,536.6973893423882,1816563,5010,48.484021252137865
2023-10-30,537.0903930664062,545.5907043212711,532.9630739601206,544.8045625816858,989644,5367,55.90077681999369
2023-10-31,532.1279296875,547.4087843706734,530.8013189512607,540.5299376341775,1400438,10994,59.11402343368452
2023-11-01,533.1596069335938,541.4633674869973,531.2925278605546,533.5035851688046,561655,6075,64.29190969104789
2023-11-02,532.0786743164062,539.3014375962199,530.408085672864,535.0758733652143,591842,14836,66.97226095725517
2023-11-03,538.9575805664062,540.3824963353903,530.9486146770917,534.0932418965245,784444,6602,59.49520799767663
2023-11-06,546.5242919921875,550.3076329773983,537.6800621764793,542.1021770843334,580483,11681,73.4785553142068
2023-11-07,554.1892700195312,555.2210848185726,545.4432855768985,549.7180325711713,1020888,9024,59.87820034083413
2023-11-08,552.8626098632812,557.9234987043318,548.6861679971546,557.8743760898965,498569,14024,67.52522023268041
2023-11-09,555.515869140625,556.8425395512623,545.5907022609541,553.108261339486,721273,15721,54.95884754015249
2023-11-10,555.466796875,558.6114240852619,551.585150473838,555.2211238113666,736785,10892,64.47060435587933
2023-11-13,550.258544921875,562.8369938984465,548.3422830123669,560.1345901739232,738903,3484,75.31037268144655
2023-11-15,578.0687255859375,582.687391232783,554.484111197391,559.1027768442366,2325445,7171,70.21739645452492
2023-11-16,569.17529296875,593.447800544671,565.6375653179832,582.4416367068982,1868117,15491,49.686447421249106
2023-11-17,575.6611328125,580.3780438196117,567.1608804716828,570.354630421541,1018975,12220,46.5743161088022
2023-11-20,569.2245483398438,581.753875903647,565.6376972418306,576.2508226906657,487724,14878,55.72130425932515
2023-11-21,575.3662719726562,588.0430250990019,559.0536057596452,570.8950345448825,1656263,14425,61.294872804295935
2023-11-22,568.1434936523438,578.4125786935534,564.3109702546659,576.7911726243584,860263,15167,70.98903209975089
2023-11-23,565.7850952148438,572.8113691946941,562.0999990671136,569.6176191999946,479014,17188,72.04979744293408
2023-11-24,558.3165893554688,567.701287734133,557.1373467367509,565.9324537954418,986656,3633,56.11502006648559
2023-11-28,548.5880126953125,563.4758260147859,545.8856086918873,562.493133649904,1375997,6158,51.588848508021975
2023-11-29,545.1976318359375,554.9263088085819,541.709086449568,553.2557200382889,1285471,8077,71.25753763766204
2023-11-30,548.34228515625,552.862645594343,541.9547854187667,545.9837997232073,3660273,12632,76.98143444740009
2023-12-01,552.42041015625,556.2037509014398,546.3768295074215,553.7470205529352,2072845,14762,70.08224390238166
2023-12-04,552.6170043945312,561.9034588518291,549.3250091007345,555.2211630445706,1681465,6802,55.62758593584531
2023-12-05,568.733154296875,569.9123970229218,552.8135274421834,553.0592005109942,1670248,10167,53.85985456257585
2023-12-06,562.44384765625,575.3662738704683,559.2500980574814,572.9095434098771,836932,7342,67.76181471673934
2023-12-07,567.2591552734375,574.4327973850804,563.1318354350683,565.4411984295131,837733,17208,59.87925116053255
2023-12-08,561.9033813476562,573.2043415145839,560.4293430650135,569.9614692885241,706183,8299,51.192546798083484
2023-12-11,560.134521484375,563.0825979132401,556.4494259482935,561.9033553459403,378595,6546,74.21751616064094
2023-12-12,548.0966186523438,561.8051879411519,544.4606452240224,560.1345990709743,878426,17816,68.37569763029782
2023-12-13,546.3278198242188,552.8626879147619,543.0357644894815,552.8626879147619,807360,12879,51.301517240437626
2023-12-14,548.4405517578125,552.518748817519,545.7381479174422,549.9145902161963,552515,13068,71.710905696468
2023-12-15,543.2322387695312,552.9117929732166,539.0066742850203,550.3076346392185,1254239,7782,46.39167846577808
2023-12-18,552.9609985351562,560.920782595837,543.3797481019607,546.8682939562398,1685214,10888,61.629365345937345
2023-12-19,550.6515502929688,557.9726191789156,549.4231850429364,554.9262973503443,1918653,6296,46.092165964228045
2023-12-20,528.6884155273438,557.6778360813523,525.0033196942071,554.2384133037581,2182459,5994,70.39254017991999
2023-12-21,561.5103759765625,563.8196787739304,522.3991764202049,528.6884308154677,3442828,12451,56.83235192031343
2023-12-22,567.013427734375,570.8459514973998,561.7560481931658,565.0480432361622,1187816,12892,74.91069093726128
2023-12-26,568.8314208984375,579.5919137122721,566.0307718003121,569.9124184290735,962004,10031,53.60683831557146
2023-12-27,603.8644409179688,614.8706070850532,570.9442476376564,571.9269399743821,10419288,16057,75.13649797800853
2023-12-28,620.8649291992188,625.8275128872796,597.4768664870904,607.3037886332597,7406636,8635,62.067722702793134
2023-12-29,633.3451538085938,640.3714273729996,622.1424381903685,627.9894690614705,4121670,4704,76.96841439020862
2024-01-01,634.4752197265625,646.5131987364819,628.5298841508926,634.8191379924808,2080698,5439,77.86218525241131
2024-01-02,630.5936279296875,640.4205504158015,619.0961166251792,634.8191926029615,1783141,12689,51.22922572526031
2024-01-03,627.0068359375,632.7064395173459,619.1944198338066,632.3625211896408,1062492,6883,49.41046143775345
2024-01-04,637.27587890625,658.3546381688338,627.3015292849832,629.1686684190079,3434482,8020,62.75855665134393
2024-01-05,635.900146484375,651.3775497991567,633.0012522592308,639.585242511704,1446002,6112,54.604394480459064
2024-01-08,627.055908203125,638.0129509126579,624.5009323141995,636.7845855855253,801005,8267,57.28187333280435
2024-01-09,626.5155029296875,635.3106115587789,621.2090001661176,630.0040488164271,956631,6901,62.82285290593761
2024-01-10,604.0609741210938,631.8711544600494,600.4741232030206,628.9230775341083,2299073,8233,65.13330604920284
2024-01-11,596.1994018554688,613.6913119620755,594.5779356466049,606.8124661914838,2528881,14942,70.53078323566793
2024-01-12,594.8727416992188,600.8180779162018,592.2195205530336,596.7890036216229,1518070,11935,77.61554228566926
2024-01-15,594.8727416992188,594.8727416992188,594.8727416992188,594.8727416992188,0,8717,54.504013913918484
2024-01-16,579.444580078125,589.4188716483543,574.8750365651964,587.6009147550029,1419145,15990,78.50711617823089
2024-01-17,567.1116943359375,578.5600834608997,565.0480645265687,577.3317181032332,1370375,5580,61.43385001095544
2024-01-18,566.96435546875,571.1899205194171,552.3713382862761,567.0134780898128,1231476,11943,77.67595719621396
2024-01-19,574.8258056640625,577.4790865595593,564.0653142415745,571.5337508567488,1622887,15655,76.87850544349071
2024-01-23,569.9124145507812,581.2624986831582,561.3629794974711,579.8867054639944,1948854,12365,51.79616802933323
2024-01-24,575.5628051757812,588.6325987960329,568.487409688656,588.6325987960329,2193213,10647,63.86671269701698
2024-01-25,575.26806640625,580.3288955000166,568.4874658984064,575.1206385774284,1029950,12056,68.27964849192827
2024-01-29,586.9620971679688,588.6326860690957,576.8403785017682,579.7884553936001,1113808,4845,49.41821032853644
2024-01-30,586.5690307617188,597.8699916896086,581.4098964250734,587.0111942932681,1891243,9678,78.93307660206159
2024-01-31,607.5003051757812,609.3673842921139,582.8838785688828,586.5689741680823,2892565,8099,53.114942425033995
2024-02-01,618.3590698242188,621.74936992628,609.2691669304976,611.3819791621687,1660958,4964,55.65061333836436
2024-02-02,619.4400024414062,629.9056983318767,608.5321430452647,618.5064928371924,1737527,12539,75.94449335163648
2024-02-05,629.9607543945312,636.5608243623092,616.8099167224972,620.9472183779383,1141079,9492,59.09192039156441
2024-02-06,621.8829956054688,637.2503291918308,615.6769836353653,625.6262996410308,1086519,7958,77.80995416999531
2024-02-07,618.0413208007812,627.0055552788403,612.5740600823159,625.5279302467615,567480,12921,55.57073461674701
2024-02-08,598.4873046875,620.5531931014008,594.2514588211349,620.1098936227177,761555,15107,51.11065710242006
2024-02-09,610.1112670898438,612.5739751351321,581.8886689656646,597.9455133960028,794470,17603,72.48389383224344
2024-02-12,585.0902099609375,618.5337984147491,576.2737028244084,617.6471994374429,613057,9114,47.150812822473355
2024-02-13,574.697509765625,590.2125687303542,572.5795570316703,585.0901245392811,544785,16956,63.323028572646066
2024-02-14,597.2559814453125,604.3485930958294,571.3483031712813,571.3483031712813,1259798,3405,77.55748541266416
2024-02-15,604.0530395507812,608.2888853509556,599.2753498825117,606.9590470603954,566335,14271,54.535153321410704
2024-02-16,604.7426147460938,616.7605819688449,602.329148824417,606.8112654648405,724514,15385,55.32267543970578
2024-02-19,605.629150390625,614.0023577434753,602.9201715411735,608.7814287131102,743984,16800,67.75729908833564
2024-02-20,630.3054809570312,646.7071407939978,609.3724623098531,610.6038163479224,5326806,3621,66.84929280430757
2024-02-21,603.16650390625,632.4234904913046,599.4231993208082,632.4234904913046,1516659,6581,70.62273131637619
2024-02-22,603.8068237304688,607.7471569498539,596.6649697703332,605.8262324804609,1034652,4357,67.89418755876297
2024-02-23,639.5653076171875,642.2742865866866,608.0918853829744,633.211508554693,4777513,11647,57.65597583702379
2024-02-26,654.1937255859375,659.8579539557703,633.457736361317,640.3040765897954,2873080,11842,58.9251926719957
2024-02-27,677.8357543945312,684.4358241372141,655.0803555668305,656.0654388082843,4604527,3232,78.41181263741782
2024-02-28,650.9429931640625,681.1850606661569,645.2295223952752,678.7223525654116,2014512,11317,67.76234646951286
2024-02-29,679.067138671875,708.1270955882337,643.3086274404167,644.2444685863944,8128571,13030,66.26943348907083
2024-03-01,661.3355712890625,685.6178958157528,658.2325953354097,683.0074013292157,1345119,13987,78.40473671470363
2024-03-04,662.9117431640625,683.8447609019425,660.9908189231746,683.8447609019425,1516854,14863,73.39048136925275
2024-03-05,670.0536499023438,676.7522040896425,661.2371426421726,666.9013714245822,1165243,13571,69.76388168032723
2024-03-06,671.1371459960938,676.4566191187976,653.257922687265,670.8416330725446,1282712,4718,47.869279856253954
2024-03-07,674.1416625976562,684.8790935072719,668.3789499384163,670.3491163346977,2177919,7045,73.78392507696678
2024-03-11,690.88818359375,704.5316240684718,672.368628635446,679.7075116191761,2312254,3480,58.813597434156556
2024-03-12,676.7029418945312,697.4389320149492,669.3640597516355,692.956815310134,1391629,14499,59.03220033923776
2024-03-13,632.9159545898438,677.7864822249294,594.6454964049943,673.7969072987597,6954030,16604,66.00318236690175
2024-03-14,629.3697509765625,638.3339850500652,612.7710611238119,619.9129151232147,2642690,9589,46.79350267112123
2024-03-15,632.0293579101562,637.4966177771885,617.0561413500208,629.4681656366349,1970945,11216,68.8984428179765
2024-03-18,653.1594848632812,659.1192269385929,635.3787429196963,635.3787429196963,2360158,15677,58.3761543850528
2024-03-19,644.0474853515625,654.4894049874065,638.3340139185925,654.0953475955948,1064611,7477,66.38117924162123
2024-03-20,628.3353271484375,643.8011462029533,621.6860152089711,640.205628414216,1353887,12899,48.742708882036396
2024-03-21,668.7730712890625,677.4417922376134,634.9846662585164,635.230937081627,3073721,16749,62.86247584930011
2024-03-22,681.1358642578125,688.2777182294493,663.9953906759986,666.7043697686885,2338126,13335,78.71558989723334
2024-03-26,689.1641845703125,694.188144978989,674.8804781309289,679.6089256037319,2601520,14749,74.64567312731265
2024-03-27,671.2850341796875,705.319650543396,667.8864847324337,692.5135675028037,1814402,5167,78.94048256381703
2024-03-28,695.4194946289062,701.2807516733159,661.9266659462307,675.3730155043044,1914651,13997,68.90451449726197
2024-04-01,673.9940185546875,703.3494894215693,672.7134222655575,699.3599140065159,1313357,7038,70.06849859581651
2024-04-02,668.0834350585938,687.2433152315807,664.9311568087812,679.3133474098736,1237754,4953,57.00417936532613
2024-04-03,660.4983520507812,678.722393084248,652.8639564827073,673.8954608687418,1790061,13863,48.775764516329026
2024-04-04,653.2579956054688,670.4969528583116,652.1251257932545,670.3984084563257,1361499,10711,60.796215938300115
2024-04-05,652.7161254882812,668.7730302700166,649.3668785742299,655.0803492950191,1073942,7111,53.119400315786756
2024-04-08,636.1666870117188,657.0504618418271,632.915924637742,657.0504618418271,1321109,5943,63.53309143714568
2024-04-09,634.3935546875,653.4548897730268,633.4084715280474,639.7130277984261,1378613,11917,47.460519039957966
2024-04-10,641.9786987304688,663.1579863845564,635.3786296226264,640.304045356135,2534713,9784,55.80899029679215
2024-04-12,669.856689453125,695.567341277836,650.2535064030658,655.0804389504825,9623414,3599,50.42161817565875
2024-04-15,656.0161743164062,668.8714981543728,642.2742515414596,652.1743257557691,1527913,3346,53.20203681009836
2024-04-16,667.2954711914062,677.6388461470985,648.2833148397427,650.1549972149445,1533800,17663,51.630208657936045
2024-04-18,667.3939208984375,680.6925451525022,663.5520720640452,677.7372953182656,1354164,3918,55.9896899192505
2024-04-19,671.0879516601562,677.441750530174,650.2041751211663,659.9565231658177,1542489,11020,68.36760277765399
2024-04-22,651.3370361328125,670.7924296992529,647.0518880572779,660.9908396496995,1125028,13471,59.12051665362042
2024-04-23,655.1788330078125,663.7490691440187,644.490703999395,656.0654319657579,1516622,6323,69.24071060448644
2024-04-24,656.8534545898438,670.8416478174394,655.1295590190941,658.4788658921473,1410198,10362,45.65889071959922
2024-04-25,657.444580078125,663.6505924807796,649.2683410658095,656.5579811100131,1254468,3822,66.74825502013036
2024-04-26,638.0383911132812,661.2370881010472,636.8562792660365,657.4445418877058,1311938,16389,47.699818180893956
2024-04-29,627.3502807617188,644.4415122333928,623.7547627617062,640.3041503141128,1663062,13872,65.33963609812565
2024-04-30,616.0217895507812,632.4234497987162,614.6919512062289,629.3204134951468,2251053,13874,50.14627208070166
2024-05-02,599.1768798828125,637.3488553788404,595.6306042737104,637.3488553788404,3894011,6840,60.33044774744547
2024-05-03,601.1470947265625,611.6382561117008,597.9455739435042,605.2844566865346,2226760,17217,76.69935067479267
2024-05-06,597.6007690429688,609.7665229551136,596.5171414087722,605.8261900119464,796509,4732,62.84165340689872
2024-05-07,605.1366577148438,607.353095134532,591.2470072680156,598.9306449646591,1836754,3106,75.10257706291752
2024-05-08,605.3336791992188,608.9292572427198,596.9604712688797,604.7426532775503,897463,10951,51.070219644978664
2024-05-09,596.4678955078125,613.7068520253794,591.7395080307931,606.318727803565,1644309,7215,50.829451192127536
2024-05-10,581.3961791992188,600.3097906984856,579.2289839011764,599.3739495328862,1625619,16411,77.0459542628942
2024-05-13,562.1378173828125,582.6767804370915,556.5720726068583,582.1349966391426,3818228,10775,64.86098831150866
2024-05-14,571.0527954101562,574.0572874206198,559.4288246095932,563.2706133669243,1646972,15494,47.229319132359265
2024-05-15,595.5320434570312,598.9305925614746,572.7274031867931,577.2095197739482,3613180,16042,52.84866631521379
2024-05-16,596.024658203125,603.8068405784416,592.8723795147165,601.49185867263,1031717,14928,63.44936522867619
2024-05-17,603.6097412109375,604.8410952321756,589.2275502927592,596.0245884151689,1271390,6247,76.00366236906126
2024-05-21,627.7935791015625,633.4085659726077,599.5216761848409,603.8560667825949,3302217,14148,65.69864396041717
2024-05-22,623.6561889648438,638.2354693385312,621.6367803031958,630.1577745672286,1223389,16993,74.88725447181449
2024-05-23,618.3367309570312,632.1771377643281,617.056134833794,624.3457143716792,935640,8493,47.70318175083161
2024-05-24,620.9965209960938,629.8622704766075,616.5636462558368,618.287541988159,1399970,10035,75.47680406514107
2024-05-27,626.8085327148438,631.0443791566315,618.6815949589059,624.2965821606791,956197,12741,72.17976522780515
2024-05-28,611.6382446289062,634.1473739696324,607.7963957114769,628.4831449982532,783966,7185,76.31463566678363
2024-05-29,621.2920532226562,623.8532457687976,601.4426005535637,614.1009571126009,1091008,7938,67.39160869427886
2024-05-30,628.5323486328125,635.2802048949363,609.2739833348814,614.6919411495004,1758146,17161,64.15467582872147
2024-05-31,641.3876953125,647.1997106759126,607.4023223774635,630.4532950267642,6813576,17136,60.75562799136954
2024-06-03,648.7265625,665.9162772437337,646.0175835615084,664.9311939933731,1400844,7183,78.39861617677573
2024-06-04,624.0501708984375,650.1056320477092,595.9753013315781,649.1697910372064,2563435,17146,60.142680813906296
2024-06-05,651.5340576171875,655.1295752504377,604.939573793603,625.527836884243,1555292,9243,74.3167888310651
2024-06-06,647.19970703125,662.9117971797059,642.2742906915905,654.8833444961765,698455,9185,55.20990775830953
2024-06-07,654.5385131835938,656.0161379134274,640.4025338600292,645.2294653607008,843536,3636,66.50311259044692
2024-06-10,650.3519897460938,662.0744446359467,648.5788518772189,660.0057938097113,865101,10183,56.13452672688113
2024-06-11,641.584716796875,656.0654527795643,639.1220086407956,653.8490154390928,506267,8923,55.561337077047504
2024-06-12,652.4698486328125,658.3803479701661,644.7369693829916,644.7369693829916,1327291,10237,64.06215730012525
2024-06-13,642.1757202148438,654.6862279385128,641.2891213428296,650.5489268683216,996441,10753,50.86661380221777
2024-06-14,640.1318969726562,646.6487781108661,632.0846169846409,643.7852918168734,1704350,8747,67.44682797379856
2024-06-18,633.2200317382812,653.6592374707327,629.6160554859368,645.7600321840773,1549934,12581,66.5851197921801
2024-06-19,634.7998657226562,655.9302022656988,632.9237804883837,644.7725876114112,2423762,7768,61.5764827923163
2024-06-20,629.6654663085938,635.9847949085572,625.123386727894,634.7999622290482,968158,17909,48.295563940180244
2024-06-21,621.1243896484375,635.0467754846167,618.6065299516657,631.8377232542209,1369141,16748,60.896705764905064
2024-06-24,629.5172729492188,632.8251012895367,617.2241227918701,621.1243674162868,616902,16626,63.49251600408293
2024-06-25,625.913330078125,631.0477655235887,621.0750425243347,629.5173064863387,441400,5376,63.241523241834855
2024-06-26,632.03515625,639.835645791263,621.1243907013893,625.9133201976374,926986,5587,50.78833804530923
2024-06-27,639.1937866210938,643.6865077911651,632.1832661131027,641.8104224498505,1142754,11465,65.45827056437341
2024-06-28,632.9237670898438,640.8229716713082,628.1842563941947,640.8229716713082,717115,14031,70.55289804320591
2024-07-01,661.1635131835938,663.5332990724588,633.7631425745748,636.6266288347736,2073935,12859,58.25068660189915
2024-07-02,662.4964599609375,675.6782341696538,658.5962154474114,664.0269188731397,1591881,5787,64.59183894059912
2024-07-03,662.348388671875,675.2833742196117,653.1655740603129,664.5206823017243,942172,9342,56.6485632631434
2024-07-04,658.49755859375,670.3463671315329,651.6844695780621,662.5952353867059,769961,15945,69.56873000097991
2024-07-05,648.6235961914062,658.4976039868841,644.6739930732151,658.4976039868841,1169183,12803,74.1936273428135
2024-07-08,666.5447998046875,673.3085304480869,647.7348293886295,648.1791717364102,1506819,17634,55.24216918676143
2024-07-09,671.58056640625,681.3064385603977,668.0258879584176,668.3715143405669,1670930,11478,72.44933322268027
2024-07-10,681.2571411132812,684.1699853003298,654.3011134196624,671.5806260778998,1838313,5566,69.24859813394397
2024-07-11,710.8297729492188,734.922313358165,683.2812698974687,684.169954615069,11050793,16369,55.90132137001647
2024-07-12,715.2730712890625,728.9485464971771,706.5345391774566,710.9284842234574,2612054,8064,75.52635260095235
2024-07-15,716.309814453125,754.8677978285468,703.0786216208265,722.3822922982017,3439391,9390,64.21089116043247
2024-07-16,705.1522216796875,721.8886150390749,699.5733837157884,718.432712649512,792233,11917,77.72595140162235
2024-07-18,702.5355224609375,712.8045127425115,692.9083666717679,701.0544215702961,1328438,15634,63.00413625075876
2024-07-19,684.762451171875,702.0419650803218,673.4073420320386,702.0419650803218,1129597,4801,51.92773165568149
2024-07-22,699.0796508789062,701.0544521525754,669.4576317738679,678.294879526768,1191022,14354,52.43816865194282
2024-07-23,689.2550048828125,701.5481549073255,673.1110285209628,699.0796533066664,1200719,15774,67.17409336162991
2024-07-24,678.7886352539062,696.1175057916587,677.3568921603941,694.1427043567887,487844,4638,75.93232332186562
2024-07-25,689.10693359375,708.9536624328321,680.0721935941687,690.1930501957515,3355349,14240,67.38388525967545
2024-07-26,681.5532836914062,706.2876573773569,679.3316322777074,695.9693087582807,1069519,8650,71.54138562635904
2024-07-29,676.4188232421875,687.5270808833428,671.4818198461185,687.0827385244656,1145859,10315,52.18534296091438
2024-07-30,670.445068359375,694.142684914051,667.6310004999693,684.3180359975272,1868439,13739,74.09674814410185
2024-07-31,670.6919555664062,674.8390507457019,658.250730294678,674.0985001874761,1659742,15727,65.17655240128398
2024-08-01,664.0762939453125,674.4933587314018,659.8304832109529,670.4450401799282,792866,15333,69.48462493073387
2024-08-02,680.5166015625,684.2687123185185,655.0416745424016,656.5227756513161,1217493,5227,48.965231338201576
2024-08-05,650.0552368164062,668.223434084532,639.4406791268477,662.5458799715122,3095537,13745,61.378077120785164
2024-08-06,643.1433715820312,666.2979282409192,640.4280198692143,647.2904662512002,721444,3983,58.16922384785012
2024-08-07,647.3892822265625,661.0153996052805,641.8598022394119,661.0153996052805,528032,13940,62.366301252025615
2024-08-08,647.0436401367188,659.4355063605884,640.5268198902828,649.1172176814238,1150238,10213,64.29802233374579
2024-08-09,670.24755859375,680.3190574186355,653.9060896596391,655.0416245295714,2076432,9379,70.54146821649093
2024-08-12,657.2633056640625,668.8158457396131,651.7831835194244,661.6571906035917,1234517,7353,64.5410198262444
2024-08-13,651.1907958984375,666.6929997569847,648.8210099873396,656.6215000340576,721791,5374,55.065787213441304
2024-08-14,644.1307983398438,659.3367926550476,635.6391767453192,657.0657831835961,1816896,5218,45.2104148100852
2024-08-16,678.0479736328125,682.5899920824422,648.1297488491971,648.425956962669,1924721,10348,69.84738702286032
2024-08-19,681.7014770507812,686.8359125506462,670.4450848047397,685.1573795497748,553062,10378,45.92675845158197
2024-08-20,690.7854614257812,693.3527392412527,673.0122499626875,685.9965924435752,666703,13096,72.36410284260865
2024-08-21,673.3578491210938,692.9083688868295,671.6298980764882,691.180417842224,980338,6397,52.08527528699659
2024-08-22,681.2571411132812,686.6878450915843,675.6783029200159,676.2707795137071,783372,15027,75.74422452821382
2024-08-23,686.5889892578125,691.4272763476406,676.6656251920939,681.1582859091341,740655,17569,65.47601620407607
2024-08-26,706.6827392578125,710.4348501099563,681.4546617762156,686.8853659813648,1494572,15555,61.413403845514736
2024-08-27,698.5365600585938,727.6155195127112,687.5270193640221,710.2372329538495,2966671,8049,46.00693108221829
2024-08-28,691.2791748046875,708.9043126649423,688.2182568791183,696.117462123068,1089403,5713,47.614303931059965
2024-08-29,680.4671020507812,713.199393590222,677.3567662625053,691.3285079237952,1577836,6502,59.46624627989812
2024-08-30,674.740234375,689.8968710581298,669.4576648136845,683.2319164305599,2415730,9011,51.87458668598554
2024-09-02,706.0408325195312,720.7037685350455,673.9009529695966,676.3694546288259,5417373,6946,77.45198401317504
2024-09-03,701.8444213867188,727.2206320041128,698.0923106950546,712.9033215301689,2659537,10357,53.8759542551106
2024-09-04,713.2982788085938,723.3697175806666,692.6615803897362,694.4882475501608,2386638,6525,73.88991596186686
2024-09-05,724.60400390625,742.9203357188709,712.6071211583281,740.5505498528785,5450342,8957,53.22441076262177
2024-09-06,709.8423461914062,728.5535401589123,706.9788602209219,728.5535401589123,2095248,16061,72.98974315336548
2024-09-09,691.32861328125,705.8927733759841,676.9618851104696,705.8927733759841,1527955,12303,52.76540267496947
2024-09-10,704.4116821289062,716.6554146256162,695.0313754969841,698.2897857474733,2571346,5723,54.36448129228174
2024-09-11,716.2604370117188,729.0472268841618,706.5838626801437,710.8790915557677,2358392,6585,52.47217444684404
2024-09-12,716.9022216796875,728.5041791844899,709.8423432726267,709.9410592300366,1373502,5307,66.87290355130308
2024-09-13,715.1249389648438,736.6009036489795,712.6070792964863,722.6291599893904,1394286,16157,74.8688632035956
2024-09-16,724.406494140625,728.2079624483013,715.8654546101945,720.8024577454372,684524,10678,78.09344110195741
2024-09-17,736.0084838867188,749.0915427706581,726.6775354973953,728.7016948186607,3270902,14510,78.44408646200795
2024-09-18,708.5093383789062,741.2416946807903,702.2393682337561,732.6512968025165,2317400,7274,66.42443420460619
2024-09-19,719.3213500976562,729.4915644081952,689.2056312534853,714.1868548316494,1576534,10109,65.20988711315024
2024-09-20,738.9212646484375,749.8814482059777,715.9148411728527,722.7772878580693,5302786,5511,62.851659190199086
2024-09-23,740.7479858398438,758.9655400369867,734.3792395411803,753.7322683355688,1628786,17160,52.491745961396326
2024-09-24,726.628173828125,744.4507437866839,724.8014464373074,739.5630984393612,943870,17675,66.74120828084467
2024-09-25,720.851806640625,727.1711946805702,705.0533968069127,725.7394517361599,2492409,13874,78.52762267219123
2024-09-26,734.724853515625,745.9318878758445,720.8025274346516,733.5893788444292,4039878,7605,46.140430459153436
2024-09-27,726.183837890625,734.5767436212903,721.6417586296311,734.5767436212903,1177716,5564,51.810024640023315
2024-09-30,734.03369140625,736.8971172255312,719.4695313407781,724.7521008851821,864479,6465,58.723782139712995
2024-10-01,721.8391723632812,736.3046147745101,718.9757468790224,732.6512206238302,1344430,3485,46.30139891331409
2024-10-03,697.697265625,713.5450940533052,694.1426474401599,707.2257058734205,1381904,13630,63.85420381795918
2024-10-04,688.020751953125,702.0418530547054,677.8998954217457,702.0418530547054,1983326,12154,64.03568249828565
2024-10-07,666.9398193359375,685.7497907437108,655.9302773507242,685.2560903904035,3099047,11705,70.32566572796591
2024-10-08,664.9650268554688,672.3705322545582,657.7570136535865,660.1760972043633,1549976,9262,76.47592143650984
2024-10-09,664.619384765625,685.2560834307362,662.1508830241598,673.4072750717033,1574020,4739,49.27748034819786
2024-10-10,662.348388671875,673.4072887515244,656.6214765685685,666.4954837350132,2571951,5066,77.69746274341234
2024-10-11,656.7201538085938,668.4702457502516,653.1655355447435,666.4954444334118,761195,16339,77.67178970099023
2024-10-14,651.7831420898438,659.8304814583862,648.3272398300543,658.2506645318006,1692063,16420,75.82361595767574
2024-10-15,648.5247802734375,661.5091238365017,646.9449632292873,657.559520959969,1137736,17957,55.43168647680238
2024-10-16,654.2022705078125,658.151872998559,644.6738906585771,650.6970103505051,1224255,8516,67.57025381188677
2024-10-17,640.4280395507812,657.0164187372494,635.0961121832621,655.1896913691611,2594238,14271,55.2123402194423
2024-10-18,629.2704467773438,645.4638421764803,626.9994372468461,640.4280625050408,1557380,7961,76.10397318729427
2024-10-21,625.5676879882812,630.9490337408671,618.9520913872196,629.2704405337089,2147746,3990,48.65293526707303
2024-10-22,627.344970703125,641.5142060058361,624.0865606537795,630.9490071351623,3989483,7693,46.21678119346453
2024-10-23,635.9848022460938,646.4512864097284,621.1244329352425,622.2106099255354,1610895,10481,58.9287043486478
2024-10-24,720.2593994140625,735.5147511543513,655.3871661673211,655.6340163240695,27594688,8811,76.7137451019332
2024-10-25,690.4398803710938,723.0734586593218,686.2434277553238,718.3339477582706,2648854,7444,60.35720131017643
2024-10-28,682.1456909179688,700.8569446296094,675.431378787706,690.4398801922733,4605722,3108,61.60514061327191
2024-10-29,677.5543212890625,694.4388478790938,662.1014773931225,683.0837406855467,1177278,13648,66.321553493017
2024-10-30,676.6163330078125,683.923122330266,670.4450786024147,673.4072807170056,2147148,16790,70.44085582527313
2024-10-31,677.0606079101562,682.2938190712207,661.3609141608127,674.3946142194554,984886,9651,45.996181996937615
2024-11-01,688.4157104492188,710.9284320784737,677.8011539980471,677.8011539980471,321861,14751,70.76500605394548
2024-11-04,680.2203369140625,692.0197265557642,671.876789306725,692.0197265557642,696834,10281,58.30535817393409
2024-11-05,680.2203369140625,688.9588086246243,666.7422938355824,679.1341600313506,1178166,8302,75.46051171991004
2024-11-06,700.4126586914062,707.5219557466035,681.3064793550845,683.2812807445197,1939077,10457,46.53811016429952
2024-11-07,695.77197265625,711.8172350757974,694.4389454647763,700.7583344626312,955455,12671,49.18300012921343
2024-11-08,695.1300659179688,700.9557539291404,689.4525121125308,698.8821763796361,1522921,7337,50.441704998700864
2024-11-11,690.3905639648438,705.5964981990853,681.3064657022495,692.1678731264883,730090,11017,65.62660401407555
2024-11-12,675.4314575195312,698.8822248645398,670.5438118512348,690.390602690284,892443,17065,72.30386738145683
2024-11-13,657.5594482421875,671.9754730408384,653.8073379776489,671.432414758602,980137,16743,72.41924061723742
2024-11-14,660.2254638671875,674.3452810049813,652.2274825013914,670.1488282733832,756869,15164,51.13363893345915
2024-11-18,659.3367919921875,670.445049438705,650.3514700752437,670.445049438705,943201,12518,65.43922935208097
2024-11-19,671.8274536132812,687.8232965790907,659.5343029689863,659.5343029689863,1167001,6996,69.83778916371995
2024-11-21,675.2833862304688,686.0953760571064,665.5080948553585,671.8274836607451,1491622,8461,50.28869570571999
2024-11-22,677.0606079101562,682.2938190712207,666.4954093676903,675.2832988717391,760433,10608,62.55652415793815
2024-11-25,664.0269165039062,692.1678341550012,658.5962130975546,685.2560298196445,2637722,13423,69.96568314208774
2024-11-26,667.334716796875,681.7014447170462,663.8294564816707,664.0269486683345,1043903,3609,68.77094157436505
2024-11-27,665.310546875,675.1845533892214,659.8798432921783,675.1845533892214,673597,10799,75.37700243728048
2024-11-28,656.3252563476562,670.4450742830068,654.8441552999029,667.1866640311806,718669,13139,51.8763379853378
2024-11-29,663.1382446289062,665.9523726079778,649.8577542556299,657.6088251604446,1776675,11436,70.71304335147416
2024-12-02,667.5321655273438,676.3694129763968,659.5836027273475,662.5458045360033,1089452,13435,69.645178939119
2024-12-03,664.2244262695312,672.1236314333939,661.5584324734971,672.1236314333939,671497,8076,74.60935222367114
2024-12-04,680.4671020507812,688.6625144290081,662.7432504138611,664.5205593216706,1860493,4256,47.2082937602661
2024-12-05,666.4954223632812,683.9724254918153,658.8924254919809,683.9724254918153,1369054,17360,76.0678295813321
2024-12-06,660.5709838867188,669.8525733871021,658.6948986899982,669.8525733871021,659081,4159,45.14597889859545
2024-12-09,651.3389282226562,667.4335483790719,650.3021092232179,660.5711011198861,1236327,10159,48.010784328685915
2024-12-10,637.41650390625,652.1781562872546,629.9616407437827,652.1781562872546,1789953,11803,71.59088920114677
2024-12-11,633.664306640625,640.8723186442347,632.1832058070279,638.3544592803491,857593,16974,74.40399158850468
2024-12-12,627.3943481445312,637.2189356322403,624.0371620901187,635.6884767974325,1489548,3363,58.323699749509714
2024-12-13,623.8397216796875,631.4427187752472,618.2115258938237,626.9994158284314,896237,6310,51.785830922506335
2024-12-16,623.691650390625,626.0613758126348,610.4110994732733,623.9385005553856,2255182,3612,50.40869416731405
2024-12-17,613.57080078125,632.0351451074617,609.5224218723354,624.4322081572118,3150407,7077,67.81846392255204
2024-12-18,603.4498901367188,614.9530707638289,593.8720924326774,610.0160678510395,3565082,14153,62.182047374720426
2024-12-19,601.9193725585938,609.6705033111648,590.46554987812,594.908852510982,1964594,13469,53.2270420770878
2024-12-20,581.0359497070312,606.708367718755,579.1598642843277,601.9194381991823,1590527,17542,59.89261880412214
2024-12-23,576.7901611328125,586.466676243594,573.5316905075144,583.1094896516569,1077200,8401,62.59525271417424
2024-12-24,587.4540405273438,589.8731842214883,573.7291471112087,576.7901253471593,1606488,13688,54.616960145479375
2024-12-26,586.0716552734375,591.6998511422896,579.8510431094027,587.5033982973088,1481714,4161,73.38278123351249
2024-12-27,592.785888671875,594.3164077181498,581.8751247840688,584.5411182889537,876891,13540,56.790845519771054
2024-12-30,591.6997680664062,593.427718995261,586.1703492005294,592.934018729874,1822923,3754,53.02408073808778
2024-12-31,587.305908203125,591.0580187070127,577.3331855130347,589.4782017367929,1548728,16673,58.561617437961345
2025-01-01,584.1956787109375,593.970909990749,580.9866262686752,589.2807564212886,453009,14984,61.6225676230589
2025-01-02,589.9225463867188,591.4530053824742,579.6041972612894,586.2691518294558,1969381,8868,60.89744797762144
2025-01-03,583.6525268554688,599.6484301717404,580.1472664405644,590.465615759152,1521275,6621,51.36530951725406
2025-01-06,574.2228393554688,587.6515244347005,571.0137872239611,582.5663869506193,1661234,5903,46.2687593043278
2025-01-07,577.0863647460938,580.3941330624575,567.8047738412513,570.8163339938769,787355,4074,64.72386495129788
2025-01-08,565.9287109375,579.9497520607035,564.4476099512895,578.0737269711956,1581135,7503,49.33596438446681
2025-01-09,558.6219482421875,567.7060467714738,552.9443941946531,565.9287375576508,1288063,13845,45.32869024137446
2025-01-10,562.3740234375,566.5211181859479,551.5126163785973,556.8446039503377,1772445,6270,52.939597322153176
2025-01-13,554.8204345703125,564.4969486294613,549.2415969398784,549.9821474076625,2884183,10716,46.598528065547974
2025-01-14,562.7196655273438,570.2238865073863,553.9811334445511,554.7710419267418,1130150,16143,50.75057116855182
2025-01-15,563.7564086914062,567.755369238902,554.3267446120602,563.8057666702836,930485,8404,73.18719373116089
2025-01-16,575.3584594726562,577.9750354386865,565.8300176253342,566.7680604406199,1564624,11415,58.21729944706199
2025-01-17,567.5084838867188,581.5295841890853,565.2374746038207,577.4318476717866,1546189,11988,75.56700557277088
2025-01-20,559.1649780273438,572.6430210541649,551.611399187713,571.260636032795,1942954,13517,53.58568994121008
2025-01-21,549.3897705078125,566.6198644133343,547.4643271003711,561.732279188648,2016643,12593,70.14828343961356
2025-01-22,524.6553344726562,550.0315443530886,521.9894008126842,548.1061009472099,3786430,6023,47.96959498864063
2025-01-23,535.7634887695312,541.8360259688516,524.0628169165703,527.963060956272,1738327,9398,66.1640009995748
2025-01-24,518.4346923828125,540.0587904387055,503.5743248497894,503.5743248497894,7353964,14846,64.1910029901554
2025-01-27,505.8453369140625,515.5712693988132,500.661483542838,514.48509253277,3114482,3744,64.86079488677578
2025-01-28,490.93560791015625,513.0039880020106,488.812672437862,509.3505935982761,1749811,11079,76.98733435938675
2025-01-29,495.9219970703125,505.4997958265442,487.1341369467523,491.2812017692358,3576782,5223,73.02339296344232
2025-01-30,497.45245361328125,510.8811391041863,490.63939490567896,509.30126184670354,2746724,13648,77.01975230619625
2025-01-31,497.9461364746094,500.90833842896893,493.7496837059333,497.50182426130135,2151141,14309,70.89414655002315
2025-02-01,497.10687255859375,507.5239374312377,492.5648235121658,503.6730808975771,867040,15365,76.84461614286951
2025-02-03,479.3830261230469,495.6751372065284,471.58256684302575,493.7003358630761,6332539,17852,57.14353896292777
2025-02-04,496.0700988769531,518.2372262092983,493.2560008937788,493.70034325594014,6030302,15365,63.05187031566301
2025-02-05,510.135986328125,512.8104977656626,491.3154353762136,505.13369408790925,2580847,4538,73.62156405701074
2025-02-06,528.213623046875,529.9470948524672,506.66904489165785,514.0486940986328,4612104,11764,78.06541279620697
2025-02-07,524.5980834960938,530.789054366557,515.0887764225422,530.789054366557,1676568,4847,76.947710271917
2025-02-10,523.6571655273438,529.451890756254,517.119463248394,524.4991134807044,1160970,16965,60.12650315702692
2025-02-11,506.1242370605469,525.836251038542,501.56767668478875,520.1405581261814,2500361,16476,54.74387600269007
2025-02-12,506.5204772949219,508.8482883812441,490.3248914995222,505.1832215449623,1449261,3193,52.21307490189922
2025-02-13,511.5722961425781,516.5745883096376,504.6879247243727,510.1359788676191,1005358,3947,63.01617876006124
2025-02-14,484.6291809082031,517.6146603325457,480.41932087987436,511.5227815079473,2492187,10993,75.47447666180146
2025-02-17,482.6976013183594,488.7895407952356,470.56329849817934,479.3297192345467,2915888,6629,62.54461852669748
2025-02-18,501.7657775878906,503.2020948716852,485.0253989815331,487.65036449355694,3212526,4310,60.849306843525724
2025-02-19,504.5393371582031,508.9472900099923,494.03944516005953,500.2304156507871,1595962,3154,61.61357953864529
2025-02-20,513.05810546875,515.2868547883721,497.2587370890232,497.2587370890232,1562900,11935,63.96188653427693
2025-02-21,502.6573181152344,519.6948820122834,500.57714586057665,515.7821763373476,1331623,7622,74.12997516508418
2025-02-24,500.180908203125,508.69965955496235,493.04889798879526,500.08184662777484,1407219,14422,49.48088634726038
2025-02-25,504.0935974121094,507.16432495674076,497.3082874092987,498.34838863519855,650257,12211,52.463915973113664
2025-02-27,498.2988586425781,503.4992742500827,487.20465681751193,502.2115643818693,1456475,13465,46.75899909779781
2025-02-28,489.23529052734375,492.9498731597583,472.19775632427945,490.32490747872214,3533392,8050,60.214201689902325
2025-03-03,481.3603515625,499.1903466452733,471.60337598522386,499.1903466452733,1083796,5608,48.69515232953084
2025-03-04,469.7213439941406,480.32026776154095,459.6671833306752,468.43360394283826,1539353,5232,47.875071602377574
2025-03-05,504.2421875,507.06527628594756,465.56101327594115,465.56101327594115,2597910,11223,67.65705129614349
2025-03-06,516.9708251953125,527.4211713152514,510.13596957481224,513.1076354169957,1212006,9716,64.88256830641413
2025-03-07,512.71142578125,524.6971818102827,508.1053796717409,515.584060484239,1035927,17528,56.349587723607485
2025-03-10,507.3624572753906,517.9614115058754,503.10305117548137,513.1076661560544,1761286,12219,73.61868017547509
2025-03-11,502.8058776855469,504.44028788909685,490.32487482592626,499.7351502013733,1285121,11008,54.992523986370976
2025-03-12,500.0323181152344,508.2539152562954,486.3626666632812,507.1643285775967,1587133,13819,67.21563286145869
2025-03-13,481.21173095703125,501.9638756483415,479.8745055457874,500.77519725018317,1388137,3291,73.28854344779883
2025-03-17,481.3603515625,486.90743696032865,476.45709082299805,480.5183735266105,682758,5106,78.69089445233482
2025-03-18,481.3603515625,481.3603515625,481.3603515625,481.3603515625,0,6758,53.82701953442944
2025-03-19,503.152587890625,509.4921056760669,486.3626630913528,490.324884379266,940318,17631,75.25312268342769
2025-03-20,503.6973876953125,512.7609931913039,499.8837436108448,504.341242616998,753432,6021,58.73484714524211
2025-03-21,504.5393371582031,513.1076342715004,498.39788233966215,513.1076342715004,1818450,3491,62.02710246561182
2025-03-24,497.20928955078125,515.584079923161,496.21873416187987,507.31296660931577,1600763,7168,53.158614455859826
2025-03-25,489.03717041015625,505.87661074115294,486.4617205489575,500.2799490359012,1499538,7422,61.31192210633834
2025-03-26,492.2564697265625,499.0912952687404,489.9286587195461,492.3059853999537,2852798,17093,69.92145098758375
2025-03-27,462.93603515625,475.6151311689563,457.6365581448499,465.5610007101287,8410256,9118,52.64102090347922
2025-03-28,456.8441162109375,468.879357053724,453.6743271608688,463.5303644824132,2707951,16541,76.0482908760718
2025-04-01,456.64599609375,460.6082173179908,450.9998187574673,455.6554407876898,1240444,5519,49.32388744526795
2025-04-02,461.2521057128906,464.07519458601837,448.5234630599119,458.4290168397629,1378880,7529,55.031165735021034
2025-04-03,445.89849853515625,457.6365858412401,439.3608269772683,454.21915768639946,4325036,14027,59.89361470817282
2025-04-04,417.86578369140625,447.48338284075135,410.2384953453798,445.7499109647772,4180157,11339,71.57883031426043
2025-04-07,402.7597961425781,409.0993440972467,376.41101878197037,376.41101878197037,3475481,5438,52.734937933273116
2025-04-08,407.1677551269531,420.7878908750544,401.57112357451234,411.08046076087476,1686256,12325,67.34979932005496
2025-04-09,403.6017761230469,409.09934604228704,398.500392055505,406.127680090406,1164353,9456,62.0157985699605
2025-04-11,426.037841796875,427.1769743492699,412.0710059809769,424.6510704187703,2314455,15478,72.57425928409808
2025-04-15,458.1813659667969,461.5987940228694,445.7499083911829,448.32535835220204,6752078,12795,56.1060755409481
2025-04-16,442.5801086425781,460.6082277114097,441.19333722867174,460.6082277114097,1718495,11555,63.39294044618673
2025-04-17,447.433837890625,448.22627003319843,431.7335304524322,440.7971053365156,2582488,17557,47.27087069136836
2025-04-21,451.2969970703125,454.6153633443031,445.05648059325216,447.4338374774743,1083089,15813,67.703190795653
2025-04-22,447.3348083496094,454.763973578303,445.9480368861234,452.08946200423304,1199046,3958,67.16059631168557
2025-04-23,473.9311828613281,475.317954198837,448.7215390503162,448.7215390503162,5766536,16954,72.24698471063752
2025-04-24,464.7190246582031,483.3909985795324,461.6978430088208,480.4193326046582,3981952,10437,73.14892718450406
2025-04-25,449.36541748046875,466.55155842809546,446.740451913102,464.71902502958864,2181275,13520,57.0219366196881
2025-04-28,458.8747253417969,461.1034746823668,447.83004021106404,448.7215339014225,1037631,13087,54.2994264479597
2025-04-29,487.20465087890625,494.5842700372322,462.98556068171183,470.5137873247783,9531228,17167,54.36545023746568
2025-04-30,476.605712890625,490.3744265646286,473.18831498265547,487.353244761001,3063465,4672,53.14303621523331
2025-05-02,493.6432800292969,494.039496135716,464.0256801915423,465.5610289399228,4404049,17675,54.51762096417905
2025-05-05,503.79644775390625,505.23273484727684,487.84850086749486,492.3059998601928,1741588,17286,55.4854333774491
2025-05-06,497.7044982910156,508.89776054309567,494.78234820686384,504.5393234816374,3030894,4640,71.84214111910299
2025-05-07,506.3223571777344,507.95676744668185,485.3721177336715,486.3626730759851,2188022,4111,69.19256381412917
2025-05-08,503.3011779785156,510.9284360146535,499.2398950089616,508.1548931341216,2833517,14434,69.66335577232951
2025-05-09,495.7729187011719,498.89316179398094,486.9569827361715,493.09840734770796,1291054,3844,50.853196894761986
2025-05-12,514.8906860351562,517.9118679204971,503.7964836667627,508.1054057127331,932430,15623,49.803844616391316
2025-05-13,503.3507080078125,516.9212985143728,501.7162976841293,514.890672086365,1005905,5428,45.116182248177445
2025-05-14,523.2113037109375,527.5201949355311,507.65957393949105,512.1170726374963,2757417,16953,67.38279780987692
2025-05-15,528.7088623046875,530.442333984375,515.8811597832612,523.0131696428572,850032,11095,69.33783456102132
2025-05-16,537.7229614257812,540.1993498646192,523.5085159703325,528.7089316918922,801815,13582,45.056764501219426
2025-05-19,531.0366821289062,543.3691079374697,529.0060558174741,539.6545254926433,854863,15991,46.9265508296643
2025-05-20,519.4967041015625,535.7417736495157,516.723161540565,532.9187154186009,780051,17400,67.70416723513652
2025-05-21,520.091064453125,531.4329350848872,516.7232126029231,519.2986322800598,1119968,8503,65.69236191975754
2025-05-22,523.0626831054688,525.7867100191935,517.4660822670326,523.0131674351398,1043387,16435,70.66496792165916
2025-05-23,532.225341796875,534.3055441676933,520.8339560352538,524.9447846457522,702464,10090,50.878529125449944
2025-05-26,539.8526611328125,554.2157135849699,532.2253729113062,532.2253729113062,3863285,4665,69.58944830539343
2025-05-27,539.8031616210938,544.6073309878789,536.2371260095929,543.71586742903,1379965,16538,61.53169493061067
2025-05-28,534.107421875,544.7063755184472,526.975411729775,526.975411729775,2691428,12001,76.25252686266674
2025-05-29,537.52490234375,541.8337940729147,531.3834468822616,539.4564369721119,1497046,7369,47.522647824269114
2025-05-30,538.8126220703125,544.557831300156,530.9376945464003,537.8715823483122,4203570,3908,77.69772808732998
2025-06-02,536.2866821289062,542.8243231512628,529.5508574892667,534.8503648025508,768745,15991,74.26350932226235
2025-06-03,528.7088623046875,538.3172602781227,525.7371965680803,534.9988639303616,1313357,12249,61.19563224767379
2025-06-04,532.9683227539062,535.6923501134928,524.1028398009657,527.0249903329902,1009153,7443,61.55180599692428
2025-06-05,523.1122436523438,536.7819555226819,522.0226569768585,531.3339012278569,1110583,17814,54.961390970579544
2025-06-06,505.331787109375,522.0226501868353,503.4497380596946,519.645293251082,4829182,13848,50.82228453762645
2025-06-09,516.4259643554688,518.6051980349813,503.1030141496443,507.1642967909098,1589318,12112,49.81874339746355
2025-06-10,511.7208557128906,514.4448828513247,501.61720955521776,513.1076573486639,1552476,11046,68.33939941389943
2025-06-11,514.0982055664062,529.6004203416278,512.4142494487265,514.0982055664062,2003002,17553,75.32763316896067
2025-06-12,506.0251770019531,521.0320836310069,502.60774915255786,515.088751878562,1437544,12232,47.63659147234184
2025-06-13,497.11016845703125,499.2398562423542,463.53035083898055,463.53035083898055,1922178,14833,53.01888542456601
2025-06-16,495.47576904296875,499.73514470590806,490.3743851067934,494.63379099908116,1359974,10058,47.82196185549449
2025-06-17,475.4170227050781,499.1903496239658,473.5844893758775,496.5158382538516,3954206,10521,45.68458873016544
2025-06-18,474.07977294921875,479.32970395105997,469.42415094430385,475.46654432429483,2530901,14997,46.580806279676345
2025-06-19,473.53497314453125,480.3698292454475,470.31566825588385,475.169413656094,2082504,7717,61.41137481140976
2025-06-20,482.3509216308594,487.20463661741934,470.31565039757965,473.5845010672337,5401406,16970,48.45513186406464
2025-06-23,472.8415832519531,481.50894221404224,470.81092672893993,475.36748720059376,4620465,4250,70.29424785750811
2025-06-24,477.20001220703125,484.28247650320674,475.46654044499223,478.93348396907027,2061260,9527,48.20915060934208
2025-06-25,476.2590026855469,481.85566462587343,473.1883052679257,479.8745539154854,1027515,3550,70.99810587544981
2025-06-26,476.2590026855469,479.3297303325184,470.5633093931812,478.2401133959349,3502901,12098,57.647034986934756
2025-06-27,474.7236022949219,481.2117270733588,473.68353137693794,480.32023339660867,1200021,14706,64.94902454010278
2025-06-30,476.8038330078125,478.14108880209574,472.04914909806666,476.95241026732157,1060345,5198,73.00430865310685
2025-07-01,471.4052734375,484.38155424956483,469.67180161758847,481.4098882725736,2676817,13665,54.6579377397601
2025-07-02,470.8109436035156,476.80382158113474,466.7001449657431,473.43593945245425,1339966,7127,52.9810846470895
2025-07-03,474.82269287109375,478.0915132953096,470.51377123601,474.07977639019475,1330215,8201,57.75518944609389
2025-07-04,475.4687194824219,477.65525167361835,471.0956854306184,477.05892195505663,666146,13895,60.88970371899737
2025-07-07,465.4305725097656,477.55583156199305,463.2440707717262,475.4686928293194,1635790,14072,75.6100815234845
2025-07-08,458.4734802246094,468.6606757517233,457.18145780218657,466.7226421180891,2014126,16591,74.6977400891935
2025-07-09,452.80841064453125,460.2624559350012,444.55924899139177,460.2624559350012,6392096,7044,63.67224410674079
2025-07-10,451.8642272949219,458.42379333064883,449.23047064596915,454.89555729741255,1817646,5668,45.92554027474496
2025-07-11,444.4101867675781,453.0071798471866,443.41631403396815,452.2120937925341,3034052,12555,62.43626291454117
2025-07-14,449.47894287109375,467.1201838571898,442.77030193271924,467.1201838571898,3282577,5352,66.03737880040075
2025-07-15,452.5599670410156,457.08207596387103,447.73967809199826,451.7151691294411,4731952,10392,47.10187628371489
2025-07-16,452.26177978515625,459.1692074845293,450.5225024840785,455.1937165106373,3173710,17084,69.90256065149268
2025-07-17,483.02215576171875,490.973137749566,452.5102502511193,452.5102502511193,34339361,6928,51.35834159930701
2025-07-18,476.8104248046875,486.00374722145324,470.499327133547,483.02212914034004,6706634,3069,70.1169791905914
2025-07-21,484.9105224609375,493.40815291366,481.084106198408,482.1276908139652,8698089,9948,52.817210429929
2025-07-22,470.0521240234375,486.0037693515123,468.1637415549421,485.5068329820322,2402025,9685,77.1185812481148
2025-07-23,486.0037841796875,488.98540248753835,465.23184936777795,471.4932356820288,4471528,11359,47.66040029377887
2025-07-24,487.792724609375,489.83018190781036,481.6307318708945,486.9976385562126,2158605,8589,75.34105272683644
2025-07-25,466.57354736328125,486.94793754804306,464.1385471357942,486.00374635846543,4112162,13927,51.486404345809376
2025-07-28,462.6974182128906,476.7607410261384,461.1569276772383,466.17597262424914,1532707,4943,67.45351975021171
2025-07-29,467.61712646484375,469.05825407715173,460.361867559474,462.1508263680177,1649095,15294,68.39687639327946
2025-07-30,458.4734802246094,468.85946243082935,451.71515776324736,468.11405788006493,2852842,10038,74.13024614810779
2025-07-31,446.79547119140625,454.00104844442905,442.273362426917,445.2549806005816,8040816,17763,45.26272616540065
2025-08-01,434.8690185546875,450.87037622418677,432.63280482129574,447.24274667835806,1490890,11040,62.80197610714505
2025-08-04,440.2856140136719,443.4660188430714,429.75055713819773,436.3101231422166,1461100,17370,70.28551322409614
2025-08-05,444.3605041503906,452.46056084291035,430.34689257546444,430.34689257546444,5080108,13913,60.97470660851994
2025-08-06,443.2672424316406,447.1433400549475,434.17331291872364,444.2611151725187,1458579,16412,54.47336732274985
2025-08-07,446.09979248046875,450.1746768451248,428.70701925500117,437.304012526043,1665549,16646,68.22941246182373
2025-08-08,442.27337646484375,446.5470171838413,437.99973574584624,440.3850242943702,2163302,14372,54.571094548000715
2025-08-11,443.2175598144531,447.0439455927593,437.7512597533427,442.7206234452613,2797929,10968,49.62039533472185
2025-08-12,437.5524597167969,447.7893364774248,436.5585870087519,443.71448263891085,921533,3037,45.19580859753003
2025-08-13,446.0003967285156,447.78935554694584,439.34143716880124,439.8383735439862,1320587,17501,54.97305331878956
2025-08-14,449.0813903808594,450.22433793200844,441.27948353600823,447.093644959526,1321467,15452,46.178683707132556
2025-08-18,442.2236633300781,455.19368973730127,440.5340676333161,452.16239018023754,2572430,11030,64.32772116431599
2025-08-19,452.4605407714844,463.7906833375358,441.42854787930764,443.0684317467936,5221932,3047,76.16560485342835
2025-08-20,447.590576171875,454.9452280801831,441.1800851294986,453.70288720612473,5362350,5736,67.09706976933722
2025-08-21,439.937744140625,453.20595073822346,438.8444781056214,448.2365872432868,5051564,3598,76.38707825326127
2025-08-22,446.8948669433594,449.1807924205334,440.68316238134616,441.7764284503782,894867,8373,77.47662291309572
2025-08-25,448.3856506347656,452.2120664942963,443.9629354355362,446.89484162434485,1166650,11465,72.55477393327224
2025-08-26,450.9200744628906,460.3618654969246,439.09296458736634,447.04394651076336,58650435,5381,70.62560230343017
2025-08-28,447.590576171875,456.2869622902837,443.913235052427,450.2243327587612,3245285,11321,67.6875709976912
2025-08-29,440.3352966308594,450.9200653673467,439.3911357448541,447.5905856879656,3898250,8631,56.434560859387226
2025-09-01,448.0378112792969,449.528620363408,438.5960204132597,441.22980739299345,3064165,14014,60.43715219053399
2025-09-02,442.2236633300781,450.4727944834755,440.1862061274431,448.2365809421897,4087210,11797,69.09749450427634
2025-09-03,447.24273681640625,449.23048231336804,439.34143633374737,442.2236915688134,3590314,3215,70.40029326094898
2025-09-04,435.2665710449219,453.10656821928876,433.92483680314,453.10656821928876,3549467,15836,60.56593411686332
2025-09-05,438.39727783203125,446.1991850166312,435.61441592262673,438.8445023729537,4301884,7170,53.12075167131448
2025-09-08,451.5660705566406,456.53543409235675,439.78867291087585,439.78867291087585,3317333,13417,65.29777417546072
2025-09-09,442.7702941894531,453.20595768886784,440.88194209853384,452.11269163709727,1694278,10606,66.14811910628688
2025-09-10,447.2923889160156,454.64707103573943,443.615078186741,448.7831979407293,4099347,15252,56.98184746347038
2025-09-11,437.25433349609375,448.6341584154037,435.11748279468077,447.3918174636937,4599233,4105,76.68697167279834
2025-09-12,425.6756591796875,439.9874501191321,423.4394456367227,439.2917271068637,3256814,9659,45.95156321314401
2025-09-15,431.34075927734375,434.421770766871,427.56405508410927,428.35914112565706,1452381,7373,74.28325877515041
2025-09-16,429.8996276855469,436.35980028713186,428.50821196055387,431.9867664383304,1368600,7982,76.27372301807617
2025-09-17,431.9371032714844,434.22299846454166,430.0487511123602,431.7383165892232,1508205,6905,55.214626332547795
2025-09-18,437.90032958984375,438.4966592921717,431.19168868247846,433.32850897944746,1638234,12780,53.80345862334105
2025-09-19,433.52728271484375,438.496646201577,432.8812411970983,437.30398683252594,2335111,9412,49.248657198412474
2025-09-22,418.0228576660156,434.57083181658453,416.780516808907,433.5769591308977,2723801,4558,54.43369144075183
2025-09-23,418.7682800292969,431.73830699809264,418.07255698742756,420.9051003284832,4907137,4147,57.7832639905561
2025-09-24,414.24615478515625,423.6382645118484,412.95413232767856,420.2591031894847,2547455,4477,60.84006110924056
2025-09-25,407.13995361328125,417.32714899156474,405.59946302977613,413.4510514503355,2409924,5820,51.61335576728442
2025-09-26,404.6055908203125,411.264519853237,403.26385658072843,404.5061974820862,2512505,10322,71.4300347654078
2025-09-29,402.8663330078125,409.1277193207046,399.8350028638013,407.5872286608853,2086802,8259,69.96459410483217
2025-09-30,409.22711181640625,411.36393219935997,400.828874802935,403.1644818715267,2437936,12042,70.97841017326121
2025-10-01,411.21484375,413.9976752733536,408.779843419124,412.30810982367063,1311404,14760,63.85762537417463
2025-10-03,417.1283874511719,418.8179528554929,407.7362782334853,411.2148327095784,1842319,14769,46.90540381467789
2025-10-06,411.7117614746094,419.4142748154138,410.81728212050444,419.4142748154138,2305014,16020,78.64782680917162
2025-10-07,411.51300048828125,418.4204282411246,409.77372317373977,412.9044466043859,1808280,13093,62.77489135314287
2025-10-08,402.76690673828125,415.48846501011786,401.87242738536247,412.7553151186181,1583659,8554,69.73097125014831
2025-10-09,426.8186340332031,428.55791122106365,402.9656897425447,404.8043299338133,4699597,8424,67.52693126876876
2025-10-10,430.1481018066406,445.7519156690986,427.36527031819935,432.3843154303986,8389715,9435,71.99432713276639
2025-10-13,433.0800476074219,434.6205382262855,421.99837259305144,431.34077030779366,2600084,9508,78.22107002800053
2025-10-14,450.0255432128906,454.0010339844907,431.7382917296479,432.8315577579554,7646062,9247,62.132762554154006
2025-10-15,449.47894287109375,455.19371107785724,442.86969527199807,450.02556074124436,2676450,3773,51.474180208786045
2025-10-16,465.6790466308594,471.0956650383243,449.4789335729581,449.4789335729581,7002787,16950,66.41557562447935
2025-10-17,459.36798095703125,468.2631235569949,457.2808421896326,463.7410148364547,2356950,6107,57.06684355226483
2025-10-20,458.3741149902344,462.498680751655,455.7900398273456,459.2188825458617,2459282,10317,50.83068589618688
2025-10-21,459.1195068359375,462.49866795672887,457.1814429347399,462.1508064449001,148421,11338,53.223264931363914
2025-10-23,475.120849609375,479.49391391497795,464.33735468150957,469.2073250248341,4520849,8758,47.8870500891105
2025-10-24,475.76690673828125,478.40066351048796,468.90916036647343,474.67364062606623,2880354,6995,61.20518868712882
2025-10-27,480.88531494140625,484.0160078996912,473.33187630847624,475.76687657080225,2411589,6792,67.09082869311015
2025-10-28,481.38226318359375,500.31552657130857,473.18281315526883,493.0105559345013,8308585,13327,61.427894653389615
2025-10-29,480.1896057128906,483.8669469635828,476.0650399299286,482.0282763382367,1573506,5762,78.11753412677962
2025-10-30,479.9908447265625,483.6184741071148,475.17055594363666,481.1337922943271,845278,15941,77.80728595238133
2025-10-31,469.85333251953125,484.21480558229496,468.71038494757926,479.99084648508074,1152617,9862,53.928438087819984
2025-11-03,478.3012390136719,480.5871341016579,469.9527143624599,470.10178920200894,825005,8973,52.59172383844309
2025-11-04,480.83563232421875,483.86696246054737,475.3693321081987,477.55586432684265,1658014,13912,76.24725585789817
2025-11-06,479.9411315917969,483.7675476392419,478.45032250816286,481.0343976525795,1428893,9555,53.84225939977497
2025-11-07,488.0909118652344,490.3768070499158,473.1828206679492,477.0589183131255,1644050,16815,55.65598904685541
2025-11-10,482.7239990234375,490.82405573920835,481.6307329499483,489.9792578492127,1363815,4551,53.00341386463342
2025-11-11,486.7988586425781,489.38293384714945,477.85400393254685,485.00989983280755,1089218,8711,61.026681016802286
2025-11-12,494.70013427734375,496.93634784263566,485.60620517794104,488.4884299293108,1449667,8601,70.36744853517976
2025-11-13,486.15283203125,497.7314430842867,482.62459602846405,496.3897391847351,1626959,6610,59.0549836598489
2025-11-14,482.6246032714844,486.4510193442756,474.8226962826687,484.1154123649935,956167,14710,60.29534291090548
2025-11-17,483.02215576171875,484.9602197534922,477.0589192708333,483.02215576171875,1700170,4168,53.23117531064365
2025-11-18,485.5565185546875,488.3393804454438,473.3815774004253,484.71175098396515,2096390,3478,67.42250819477394
2025-11-19,503.8437805175781,505.2848777431503,486.7988393425473,488.0411802252412,5842354,17590,72.8473884953288
2025-11-20,504.53948974609375,512.341396811179,499.17258302311285,506.8254152435076,2647276,15270,73.33568750506626
2025-11-21,500.0670471191406,514.6272762297378,497.68175868531864,504.53947430652744,3119184,13713,70.04863435793706
2025-11-24,502.7008056640625,509.2604019608386,496.63820638452864,499.91797420232854,1898547,12000,63.82469888190592
2025-11-25,498.2283630371094,503.19772644394504,494.0541159737197,502.70079010326145,1347508,12497,56.22370250487164
2025-11-26,504.0922546386719,507.3223409717671,496.24063590298505,498.87442286982565,816531,17205,50.62497120645182
2025-11-27,506.3781433105469,517.4101060740394,504.6885475794345,508.7634317369618,2107475,10223,58.263185651238395
2025-11-28,508.6143798828125,510.55244387781613,502.60146187671694,509.8567208204842,1107443,16175,49.58396652997956
2025-12-01,505.63275146484375,511.9935612022877,502.0051220659066,511.0990514806799,1237953,6880,58.57165910997277
2025-12-02,503.2971496582031,507.7198954850936,499.17258385177763,503.89347936854404,696651,8289,69.94602282402141
2025-12-03,488.6375427246094,505.4836983573088,486.60011567242356,505.4836983573088,1154576,11311,70.01420664093594
2025-12-04,496.5885009765625,501.70693944415797,488.63751917661966,489.9792534214777,1353456,16494,65.68670325986255
2025-12-05,489.8301696777344,496.83696012937236,485.2583491597279,496.5884919526393,1038693,13026,60.3615935149754
2025-12-08,483.3699951171875,495.9424787426419,479.49389764202994,489.87984918888884,891694,10260,50.03340807313556
2025-12-09,476.214111328125,484.1650931483357,473.08341830253477,482.0282728502718,1515002,17935,55.438771204862945
2025-12-10,468.6606750488281,481.97859393364956,466.1759932166732,476.21411388469687,1111844,17049,74.32797040885089
2025-12-11,480.1896057128906,489.87986487639125,466.1263125827485,470.49934654939,3559650,3624,70.53171944518282
2025-12-12,489.4822998046875,490.72464066713593,481.084063442301,482.67426581235253,2896193,3476,54.45989404470461
2025-12-15,483.9166259765625,492.9608738820484,480.13992173631453,486.997637504443,1169034,14701,71.28425522980869
2025-12-16,481.9786071777344,484.66204543184546,480.18961801107065,481.53135230342104,394684,9907,77.91000752055282
2025-12-17,486.8982238769531,490.4761716205457,477.8539763483291,480.98469958058973,804592,16160,67.08425939894701
2025-12-18,483.4693908691406,488.14057439771443,479.64297487777463,485.00988143408335,1365960,5799,60.44634363002767
2025-12-19,493.7559509277344,496.9363557366844,479.493901782562,483.2209244505871,4151451,8755,64.74536859354086
2025-12-22,490.426513671875,499.2222631202944,488.58784304430554,495.94249522399446,778559,13343,66.69047419743487
2025-12-23,485.30804443359375,490.37680144889384,480.5374674371871,490.2277266047416,1028261,9119,73.29132971895345
2025-12-24,481.0343933105469,486.5503747379677,480.04052059709534,485.55650202451613,868011,16611,69.73116119911236
2025-12-26,479.14605712890625,484.81111358530876,477.85400436016977,480.040536534592,748098,9260,59.56873885659992
2025-12-29,474.474853515625,482.17736746987407,470.1018194012661,480.28901527624066,2412933,17707,56.982615235843696
2025-12-30,475.8662414550781,479.642975951743,473.08340999908347,475.07115541924765,1914434,11375,74.7822727051272
2025-12-31,476.46258544921875,478.45033092904913,469.9030192996608,477.0589151592857,589617,14072,52.42695142283601
2026-01-01,471.3938293457031,478.996980085625,469.9527320683175,478.996980085625,532720,7429,77.6521106803144
2026-01-02,483.3699951171875,490.327104037425,471.29444784317866,472.08953387325636,1198062,11851,58.20765947716963
2026-01-05,478.4503173828125,486.5006924143151,475.6177740881335,484.5129469907632,665079,5950,71.17349500177396
2026-01-06,473.53070068359375,478.54974611707144,466.22572964559515,478.45035277242437,1057436,7507,72.4869673486085
2026-01-07,470.8968811035156,475.8165631840772,467.71650660800117,471.09566777911766,591731,15768,61.17840005212644
2026-01-08,460.0140075683594,470.69813961145996,457.28085751082205,469.6545550275012,1597648,3587,63.55069153605306
2026-01-09,456.8335876464844,466.07662209965554,452.5599471017607,455.29309706958327,1148591,13448,56.57170730100912
2026-01-12,454.05078125,456.58514468243277,444.1617350517038,455.1937288699091,1289974,3243,59.08164111809073
2026-01-13,454.24951171875,460.1133849947528,451.3176054113368,455.1440214256577,1165172,16188,57.45338484508294
2026-01-14,458.8213195800781,461.50478796541546,451.76481744098766,452.4605404536565,780253,3934,78.47348595496015
2026-01-15,458.8213195800781,458.8213195800781,458.8213195800781,458.8213195800781,0,13666,54.706264732838875
2026-01-16,457.2808532714844,461.2563442274102,454.5477032392854,458.82134388467006,642454,10766,46.691180675244404
2026-01-19,444.9071350097656,455.9888102191891,442.42245310942,455.9888102191891,1331585,3994,72.05162031479689
2026-01-20,443.2175598144531,446.34825287424405,437.00585519955496,443.118166474497,2411410,5711,55.82403221942957
2026-01-21,441.72674560546875,444.90712013321377,435.0181046988553,440.3352995233299,848022,11461,49.230204383814964
2026-01-22,466.2257080078125,469.20732622530363,443.36663500704725,447.2427326236679,2758332,15728,50.94568665461521
2026-01-23,453.30535888671875,468.0146631801463,444.7580473300131,467.1698652922844,2686728,15509,61.45412399635808
2026-01-27,484.81109619140625,487.79271432377794,458.3741063488475,467.1201740715693,8264444,12355,58.75462229491333
2026-01-28,491.0725402832031,493.8553718988074,476.5619918176327,486.5007194884906,2665166,9385,47.840416791922465
2026-01-29,491.0228271484375,495.4455730825133,481.5810358860827,491.07253898501426,1783815,7565,63.79236729720498
2026-01-30,494.3132629394531,495.95847497536107,487.3335496957291,488.57992706067984,1859620,8781,53.40680994941268
2026-02-02,498.0523986816406,500.29587795498134,481.8494928186243,488.779363190153,1188339,9263,45.31758387576381
2026-02-03,528.6634521484375,547.8576641807896,521.7335816066612,547.8576641807896,15751143,3985,62.88903669327479
2026-02-04,531.3057250976562,536.4408242455454,524.3260117710414,528.4640090151283,2098444,16733,78.82806945488171
2026-02-05,522.7306518554688,529.5607752760337,520.8361339718175,528.463987569668,2352832,9314,50.772945552129364
2026-02-06,512.0118408203125,521.3846233013252,504.63329262752177,520.4872072214278,959773,17978,71.39915539868456
2026-02-09,529.062255859375,535.4437325081816,519.3405121127181,519.3405121127181,3699776,10397,50.095581564064695
2026-02-10,529.560791015625,535.543402373474,524.6750282550103,530.3585212166207,1224152,13483,49.161138203148575
2026-02-11,536.4407958984375,540.8280683866387,528.5636669313432,529.5607687824555,2187798,5307,61.85652783349282
2026-02-12,531.255859375,536.5903908463695,524.6750114356346,531.9538428493612,1565000,5317,64.08756125695602
2026-02-13,526.4199829101562,530.3086439723876,518.5926961436587,524.525464875393,1082968,4609,66.8929107999312
2026-02-16,523.5781860351562,527.2176323321521,519.5897784146766,526.070940797956,851902,11932,62.829114070973816
2026-02-17,528.2147216796875,531.2558702463499,518.8419396510772,520.4871820987199,1835116,10256,75.874484801667
2026-02-18,530.2587890625,531.4553235385563,522.5810921042662,528.4640177775512,528154,12151,47.516317248686235
2026-02-19,526.5196533203125,544.018779732853,523.8274659818591,530.4582180508025,2559118,12523,62.862903264218524
2026-02-20,530.5579223632812,534.1973688179964,522.6808534864352,524.4756248217752,1982341,12040,50.909757730562156
2026-02-23,534.4964599609375,541.0274652176362,531.9040193708537,533.9480660889894,1142219,6445,48.676791341297964
2026-02-24,527.9155883789062,535.2442626570429,523.5781588022751,531.4552877863174,821398,3603,46.03181480819985
2026-02-25,540.4292602539062,541.725480625296,527.5167777496166,528.6634693425424,1312350,16185,73.42739204655676
2026-02-26,543.7694702148438,545.3150267708353,534.4465922493238,542.9219579846209,917562,11026,69.45586115286066
2026-02-27,532.9509887695312,544.2680714842842,529.4611319674857,544.2680714842842,1517077,14947,68.95074929907472
2026-03-02,515.7509765625,527.4669243142822,500.5451720335911,500.5451720335911,1557182,10037,48.74336638590959
2026-03-04,499.9468994140625,507.3254475777351,495.0112631397841,500.7445992120305,1180839,8169,57.026554585386684
2026-03-05,509.46923828125,513.5074888862741,500.0466129640126,501.5422658442639,837518,11088,76.43269361388064
2026-03-06,513.4576416015625,519.4900959956932,508.52197496699335,509.46923395476256,589454,6124,78.36081357825839
2026-03-09,499.2489318847656,503.53645786922584,491.5712351079769,499.54805028214287,809014,15664,73.49969674611619
2026-03-10,510.26690673828125,516.3492040971779,498.55095919714825,507.5248764626969,1840641,5924,77.80287288898313
2026-03-11,514.853515625,535.3440073180022,513.5074524715368,518.4929617188333,3244130,5240,75.07267001494823
2026-03-12,508.8210754394531,513.5573093531367,501.24312552086684,506.52775329500747,748268,4348,70.45478058873864
2026-03-13,484.641357421875,510.01761248244003,482.5973107360723,507.8738495226419,1136203,17351,71.93038023640278
2026-03-16,487.7822570800781,491.621075015792,473.0251308409033,482.5973150770182,742736,13997,76.9308780502651
2026-03-17,500.6448669433594,503.93529102111756,485.68833853694036,491.57123362430485,2097610,12075,46.77112933191916
2026-03-18,510.3167419433594,527.1179455291266,500.2460370632177,505.23154657977705,2686996,8755,74.75058373786712
2026-03-19,497.2547302246094,505.530663831659,492.1196310909007,503.53646002956174,965035,3784,63.218432693798974
2026-03-20,504.7828369140625,512.4605337163107,498.1521153643764,498.25183164021115,1298483,7874,61.58810628617374
2026-03-23,483.5445861816406,497.35442337052785,478.6089195273605,497.35442337052785,3152852,17759,69.8048150547032
2026-03-24,493.2663269042969,497.4042937437588,478.2599249057073,490.87325797768887,1604537,9944,70.621092032735
2026-03-25,509.9677734375,517.4958805298154,494.26341868153736,498.55094463373354,1883357,11624,76.34503300810604
2026-03-27,487.33355712890625,507.37531154883254,484.4419676839429,504.5335650275735,8344260,16940,65.88057231506566
2026-03-30,480.10455322265625,487.4831010181329,473.12484009169344,482.6471508344246,3529118,8112,48.41876528650755
2026-04-01,495.8089294433594,506.3283425218357,490.57414436628017,490.57414436628017,1772619,6893,48.10091171607235
2026-04-02,495.1109313964844,497.60368612193065,476.91382190072665,491.57123185800464,1880786,4280,46.776242509298264
2026-04-06,507.9237060546875,510.96488513279803,487.83210868619307,498.0524032473244,967766,14895,68.88238273282815
2026-04-07,513.6570434570312,515.5016575401252,497.4042650101815,508.42222830432763,1373705,3525,57.22664751049821
2026-04-08,532.1533203125,541.8750642779736,524.1266618254815,528.4640309436913,2802376,8120,57.2372148809836
2026-04-09,521.5341186523438,535.24426930492,518.0941050442256,530.7074679879029,1847081,5095,66.30372459037622
2026-04-10,552.6437377929688,558.2274841878481,524.6251982535846,527.2674818200857,4735536,9256,51.34078156858514
2026-04-13,567.6500854492188,569.6941321219753,539.2326820025388,548.1567559583254,5054129,4812,60.78183328405077
2026-04-15,584.0026245117188,589.4866852388321,571.4391034219129,579.7150982967211,4121646,5001,75.5390104566631
2026-04-16,579.1666259765625,591.9295792411161,576.0257914430489,584.3017252086502,2161265,8143,64.992561760205
2026-04-17,592.1289672851562,595.2200198379213,571.6883773577612,576.3249257577722,2982180,3978,56.47957745675396
2026-04-20,574.8790893554688,593.8738684145695,572.6356100762457,593.2756316167515,1308363,16116,53.53743005545487
2026-04-21,579.6152954101562,583.9527249889063,573.5828413666542,574.1312352145603,1887348,4216,53.175780901086455
2026-04-22,586.74462890625,594.2727361268063,578.4187914740749,581.8089622986433,1612696,7135,70.31483227399696
2026-04-23,572.8848876953125,586.1962346501391,569.095912625657,586.1962346501391,1544192,9041,47.87819518807723
2026-04-24,563.2130126953125,576.2750847687539,558.8756435516466,573.2339359897708,1501889,8579,47.328093319669634
2026-04-27,586.9440307617188,590.483730172135,564.21005980153,564.5092390443752,3960338,16808,57.143125406521264
2026-04-28,597.0646362304688,602.249578548568,584.3017434262597,586.9440879403534,3382848,4595,49.715550229178724
2026-04-29,597.9620361328125,609.6281408179663,594.6217081716766,603.246664159581,3216609,17697,58.58973540106669
2026-04-30,605.4901123046875,611.3231339177117,584.4512871302858,597.0645893072214,2865734,12872,58.238666170551696
2026-05-01,605.4901123046875,605.4901123046875,605.4901123046875,605.4901123046875,0,8383,51.52186514514742
2026-05-04,573.7822875976562,612.2205528048753,568.348070193451,612.2205528048753,9158079,17907,76.78296336036465
2026-05-05,576.17529296875,579.3161882120021,567.6999270482646,573.7822849885152,3817731,15178,73.0599909262408
2026-05-06,580.9115600585938,586.9440754215442,572.6854691363217,580.3133232439192,2439303,15246,77.47366614609606
2026-05-07,576.9730224609375,586.644861930792,571.3393725419546,582.3074931317652,3178170,10582,70.52490706926716
2026-05-08,577.62109375,580.2135950938857,573.0344495498242,576.9730140577293,1244286,10054,53.32953574550329
2026-05-11,591.829833984375,603.8448999799857,566.8524429950344,573.0344870867754,6486335,8968,60.048246071914036
2026-05-12,582.4072265625,602.8478166045631,580.911573632593,591.9295989028604,4022177,8939,73.81509172986722
2026-05-13,589.6361694335938,595.8182132302019,576.3248837457494,582.3074949957053,3189067,9933,71.22425530719656
2026-05-14,585.8472290039062,596.1672705331953,578.717986692548,596.1672705331953,1254626,4847,63.82064989882879
2026-05-15,571.8877563476562,588.6390553278194,569.5944342544777,587.3428350889156,1639648,17874,61.7301548949548
2026-05-18,565.9051513671875,572.3863134903528,553.9399289859592,569.3451649734443,1311612,12533,63.2561049673682
2026-05-19,578.06982421875,582.0083888796909,564.8582240964587,570.2924416014325,1097146,5917,57.26220660905864
2026-05-20,586.8941650390625,588.6390933968931,568.3979366177114,570.9904381214512,1366708,11335,45.38100698104574
2026-05-21,582.6066284179688,594.3225757514072,579.3162043172529,587.5422949981777,763533,8854,78.14101999498398
2026-05-22,592.0292358398438,598.2112796110041,582.606610988297,582.606610988297,2484984,10626,75.10286431445151
2026-05-25,592.9266967773438,601.8008675854487,590.9823358101853,597.2640659009277,711240,8814,62.581356758648006
2026-05-26,606.2379760742188,607.833314825842,588.3898271063563,588.8883780735226,1904541,13972,62.18222904657978
2026-05-27,616.906982421875,619.9979740924267,599.5075413980039,610.2263872525212,1907699,7174,55.70429225235239
2026-05-28,616.906982421875,616.906982421875,616.906982421875,616.906982421875,0,16632,60.76712155532354
2026-05-29,605.6895751953125,618.2031921551866,603.2466633127224,618.2031921551866,1914358,7410,68.27583710830802
2026-06-01,598.4605712890625,609.7776534868784,593.2756292483473,607.0356232676634,1573058,13058,72.88243892854722
2026-06-02,609.5782470703125,612.4698670414936,589.0878143617022,592.2785527434223,1611420,5653,56.90083577576298
2026-06-03,601.701171875,613.3672766285239,597.8124500044014,613.217686995704,1008198,6380,67.87344241527744
2026-06-04,599.4078369140625,610.5753296077876,595.7185476792597,595.7185476792597,1684599,8080,61.0510576787144
2026-06-05,600.554443359375,607.6339031422594,597.2640193642474,603.2964734983594,1525449,7969,69.20599301050575
2026-06-08,586.545166015625,594.7214133956561,583.7034500730934,591.5805182101064,803733,5142,69.68496918436615
2026-06-09,600.1057739257812,605.5898345563038,586.7944874659127,591.6803112800508,1820577,10003,56.187631841031575
2026-06-10,587.5422973632812,598.4107324681673,584.850110048851,596.815332905634,1348178,17125,78.18422351488638
2026-06-11,583.404296875,593.8240238932295,580.4129911774186,582.955649706979,2093237,13155,45.32303619744659
2026-06-12,591.331298828125,595.8681005255354,582.8060893337345,592.2287149257548,757210,17366,77.45105577320791
2026-06-15,594.6217041015625,600.853591085348,592.5278144183192,600.853591085348,1187869,17733,72.07988668679084
2026-06-16,596.9151000976562,607.7834747172828,589.885482741418,597.5133369177191,1855149,9305,74.08164570321571
2026-06-17,599.5075073242188,607.6837549387975,594.4721549852908,603.1469535415113,1420889,15073,69.79021195099341
2026-06-18,603.2965087890625,605.4901452002237,598.0617236720577,605.4901452002237,1024033,6613,73.93424955128204
2026-06-19,612.0211181640625,616.9567846126172,596.5660391151807,603.0472012969699,1977764,11447,46.179430218033986
2026-06-22,619.2002563476562,624.5347269664425,612.5196617001101,618.2031544855828,3272804,17957,52.376363626592735
2026-06-23,614.1649169921875,622.0918891335194,610.4756278535136,620.1973712125529,626501,13876,65.58496475004085
2026-06-24,619.2999877929688,621.0449161800859,610.2762274483887,611.2234864587639,1335527,14193,50.83207809758504
2026-06-25,619.25,632.2000122070312,617.25,624.0,3276539,6744,62.999462564074264
2026-06-26,619.25,619.25,619.25,619.25,0,13152,53.391269451217
2026-06-29,620.75,629.9500122070312,609.4000244140625,619.25,3941395,9692,63.499225393496815
2026-06-30,619.9000244140625,623.7000122070312,608.2999877929688,618.5499877929688,1987929,16785,48.25185115721014
2026-07-01,619.4000244140625,628.0,615.4000244140625,623.0,967427,5049,53.02804189644568
2026-07-02,662.2999877929688,672.5999755859375,616.8499755859375,623.0,7802225,16513,68.39429930543166
2026-07-03,660.0999755859375,667.5,658.0,665.25,1237326,6837,65.21857558245249
2026-07-06,667.5,671.0,657.5999755859375,660.0499877929688,2243065,12412,66.43205320678283
2026-07-07,671.2000122070312,674.0,660.0,665.5499877929688,2096483,5878,61.58207630455489
2026-07-08,662.0499877929688,680.7999877929688,657.9000244140625,668.0,3230617,14333,72.3522702567132
2026-07-09,670.75,675.4000244140625,659.7999877929688,664.2999877929688,1358978,17601,75.11366898563598
2026-07-10,668.5499877929688,682.2000122070312,661.4500122070312,676.3499755859375,1238095,10859,65.82461321837734
2026-07-13,670.8499755859375,673.5999755859375,658.7000122070312,667.8499755859375,1526140,5842,52.855766496800406
2026-07-14,666.7999877929688,674.0,660.0999755859375,674.0,873477,11257,72.49041529930608
2026-07-15,669.2000122070312,676.0,663.2999877929688,675.0499877929688,2257584,14976,46.88820780378621
2026-07-16,683.4000244140625,690.8499755859375,665.8499755859375,669.25,2769737,8255,62.869282970883305
2026-07-17,704.8499755859375,708.4500122070312,680.3499755859375,684.5999755859375,4862624,5162,55.7554800044755
2026-07-20,714.5499877929688,718.6500244140625,701.1500244140625,705.0,2929307,9265,72.28609846589876
2026-07-21,732.75,734.2000122070312,715.0499877929688,723.0,3282955,9233,69.80500112028564
2026-07-22,726.5,739.4000244140625,719.3499755859375,732.75,2080575,4680,67.85425139713183
2026-07-23,719.75,731.0999755859375,704.1500244140625,725.0,4580235,11270,45.59025343202659
2026-07-24,717.9500122070312,741.6500244140625,705.0,710.9500122070312,8733705,9249,78.08444844763946
2026-07-27,720.9000244140625,728.7999877929688,714.5,728.7999877929688,2803460,14069,57.980839682046096
2026-07-28,713.0,723.75,707.0,722.0,1889106,10904,52.46694888059869
2026-07-29,720.5,724.75,711.0999755859375,718.0,1817710,7699,70.27652821745554
2026-07-30,763.75,768.0,715.0499877929688,715.0499877929688,7777881,3049,71.30854227080168
2026-07-31,769.4000244140625,773.2000122070312,761.9500122070312,769.9500122070312,2880222,5701,51.58469216769613
2026-08-03,785.0,785.0,768.0499877929688,775.0,2517947,14259,62.97971870808223
2026-08-04,787.0,794.4500122070312,774.5,785.0,2041296,10872,65.76739472579307
2026-08-05,814.5999755859375,822.9000244140625,785.0499877929688,790.0,3622373,8035,71.89776788643954
2026-08-06,792.0,824.5999755859375,786.25,821.9000244140625,2671715,15133,57.98421157482545
2026-08-07,818.0499877929688,821.0,787.0,790.0,3753214,9165,78.70606405797031
2026-08-10,812.5,836.9000244140625,807.5999755859375,822.0999755859375,2407579,5296,74.70122835604234
2026-08-11,800.0,821.0,798.0,808.4500122070312,1377316,13881,67.6834555990927
2026-08-12,804.5,807.7000122070312,797.4000244140625,801.0499877929688,1894549,5039,72.27147031553628
2026-08-13,799.9000244140625,811.5,792.0999755859375,801.5,1739126,17050,51.61944576190962
