Date,Open,High,Low,Close,Volume,No_of_Trades,Delivery_Pct
2021-08-10,5.92248010635376,6.197944164276123,5.830657958984375,6.152032852172852,28290697,10132,63.37335878386966
2021-08-11,5.738836765289307,5.968389987945557,5.64701509475708,5.92248010635376,45478919,7716,75.53645468627718
2021-08-12,6.01430082321167,6.01430082321167,5.738836765289307,5.784748077392578,30394388,11815,70.19979083544612
2021-08-13,5.968389987945557,6.106122016906738,5.784748077392578,6.106122016906738,32698832,11644,75.80081875935653
2021-08-16,6.106122016906738,6.24385404586792,6.060212135314941,6.197944164276123,45779820,7018,45.78799042437127
2021-08-17,5.830657958984375,6.01430082321167,5.830657958984375,5.968389987945557,31193389,5381,52.11820241261574
2021-08-18,5.555193901062012,5.876568794250488,5.555193901062012,5.830657958984375,64352564,3268,54.71302382626064
2021-08-20,5.32564115524292,5.555193901062012,5.279729843139648,5.279729843139648,39830596,16347,72.4406494788007
2021-08-23,5.41746187210083,5.555193901062012,5.233819007873535,5.371551036834717,41314631,16147,50.66556972242527
2021-08-24,5.509283065795898,5.64701509475708,5.279729843139648,5.41746187210083,45216387,9239,68.84426442862612
2021-08-25,5.601105213165283,5.738836765289307,5.463373184204102,5.601105213165283,31701691,3366,49.505965149715614
2021-08-26,5.509283065795898,5.64701509475708,5.463373184204102,5.601105213165283,17221844,15656,47.57039748456044
2021-08-27,5.509283065795898,5.601105213165283,5.371551036834717,5.509283065795898,18838699,8256,46.639455508634995
2021-08-30,5.692925930023193,5.784748077392578,5.509283065795898,5.509283065795898,50848447,14887,71.81267634927485
2021-08-31,5.555193901062012,5.738836765289307,5.463373184204102,5.692925930023193,27335343,4988,46.54320439581844
2021-09-01,5.555193901062012,5.692925930023193,5.463373184204102,5.601105213165283,19130415,3434,76.49840701631615
2021-09-02,5.738836765289307,5.830657958984375,5.509283065795898,5.509283065795898,73599747,12540,75.3077420699814
2021-09-03,5.64701509475708,5.784748077392578,5.555193901062012,5.784748077392578,25627233,8212,55.64451331067326
2021-09-06,5.601105213165283,5.738836765289307,5.555193901062012,5.601105213165283,14543562,11633,46.30573079188701
2021-09-07,5.555193901062012,5.64701509475708,5.463373184204102,5.64701509475708,23805696,7591,73.88923374459083
2021-09-08,5.601105213165283,5.692925930023193,5.555193901062012,5.601105213165283,20166485,5814,67.49651508021354
2021-09-09,5.738836765289307,5.876568794250488,5.555193901062012,5.555193901062012,40506821,13997,46.5649173329546
2021-09-13,5.738836765289307,5.92248010635376,5.601105213165283,5.738836765289307,25326780,11427,66.99419982602902
2021-09-14,5.968389987945557,6.01430082321167,5.738836765289307,5.784748077392578,45673980,4800,48.03482548768554
2021-09-15,6.01430082321167,6.197944164276123,5.968389987945557,6.01430082321167,34450387,7582,63.72454742980061
2021-09-16,5.968389987945557,6.106122016906738,5.876568794250488,6.060212135314941,22599319,10994,49.40891590445606
2021-09-17,5.92248010635376,6.106122016906738,5.784748077392578,6.01430082321167,53231090,5496,72.52243126717927
2021-09-20,5.968389987945557,6.197944164276123,5.784748077392578,5.876568794250488,61052864,13140,73.34135989514024
2021-09-21,5.876568794250488,6.060212135314941,5.738836765289307,5.968389987945557,24699143,8913,47.7355012176872
2021-09-22,5.876568794250488,6.01430082321167,5.876568794250488,5.92248010635376,14851461,15007,51.282578765248346
2021-09-23,5.830657958984375,6.01430082321167,5.830657958984375,5.968389987945557,16661984,10394,53.584078860285
2021-09-24,5.784748077392578,5.92248010635376,5.784748077392578,5.876568794250488,17168845,10027,65.32516180498659
2021-09-27,5.784748077392578,5.876568794250488,5.738836765289307,5.830657958984375,14656009,12209,56.66001528181494
2021-09-28,5.692925930023193,5.830657958984375,5.601105213165283,5.784748077392578,26870695,5558,62.879991943246665
2021-09-29,5.92248010635376,5.968389987945557,5.601105213165283,5.692925930023193,51139379,6970,56.43913079900551
2021-09-30,5.92248010635376,6.152032852172852,5.876568794250488,6.01430082321167,30088487,14715,48.543338806039856
2021-10-01,5.968389987945557,6.106122016906738,5.784748077392578,5.876568794250488,25044585,3910,76.25942637436533
2021-10-04,6.24385404586792,6.24385404586792,5.968389987945557,6.01430082321167,46183835,11839,64.55575295735935
2021-10-05,6.5193190574646,6.5193190574646,6.381587028503418,6.5193190574646,34489298,12812,66.87788873496966
2021-10-06,6.289764881134033,6.840693950653076,6.24385404586792,6.840693950653076,170326307,14778,63.47974527106165
2021-10-07,6.5193190574646,6.5652289390563965,6.289764881134033,6.335676193237305,61190375,5197,58.97099176285226
2021-10-08,6.702960968017578,6.748871803283691,6.5652289390563965,6.61113977432251,45120400,8420,63.49734249807797
2021-10-11,7.024335861206055,7.024335861206055,6.840693950653076,6.840693950653076,94647301,12615,71.66316810100916
2021-10-12,6.748871803283691,7.299800872802734,6.702960968017578,7.253890037536621,117932308,16821,51.2201284324788
2021-10-13,6.5193190574646,6.886603832244873,6.427496910095215,6.794783115386963,52144878,15302,65.58541494421353
2021-10-14,6.473408222198486,6.657051086425781,6.427496910095215,6.5652289390563965,47691101,14571,49.66472216213645
2021-10-18,6.794783115386963,6.794783115386963,6.5193190574646,6.5652289390563965,72025554,3010,66.5153312024684
2021-10-19,6.5652289390563965,6.978425979614258,6.5193190574646,6.978425979614258,43689582,7762,57.205023755566636
2021-10-20,6.427496910095215,6.61113977432251,6.289764881134033,6.5652289390563965,28752262,9448,45.69682968199335
2021-10-21,6.5193190574646,6.657051086425781,6.427496910095215,6.5193190574646,22421373,10457,63.78227510982271
2021-10-22,6.473408222198486,6.657051086425781,6.427496910095215,6.61113977432251,18048809,8373,60.43350581208176
2021-10-25,6.335676193237305,6.5652289390563965,6.152032852172852,6.5193190574646,22141652,17339,68.76818254871559
2021-10-26,6.473408222198486,6.5652289390563965,6.335676193237305,6.381587028503418,18074253,13885,48.13675342127379
2021-10-27,6.381587028503418,6.5193190574646,6.381587028503418,6.5193190574646,11519622,6269,61.523356926873404
2021-10-28,6.197944164276123,6.427496910095215,6.152032852172852,6.427496910095215,24709500,15861,56.46506867449886
2021-10-29,6.197944164276123,6.289764881134033,6.01430082321167,6.24385404586792,18822393,5297,65.67673777674744
2021-11-01,6.473408222198486,6.473408222198486,6.289764881134033,6.335676193237305,16995985,12760,64.04140827212481
2021-11-02,6.427496910095215,6.5652289390563965,6.335676193237305,6.427496910095215,20200347,15629,73.57378383509071
2021-11-03,6.381587028503418,6.5652289390563965,6.381587028503418,6.473408222198486,12999378,5309,59.757862700658976
2021-11-04,6.5193190574646,6.5652289390563965,6.427496910095215,6.473408222198486,8519925,16472,51.799736497285146
2021-11-08,6.61113977432251,6.794783115386963,6.5193190574646,6.5652289390563965,29186638,13834,49.445257754547264
2021-11-09,6.5193190574646,6.657051086425781,6.473408222198486,6.657051086425781,17805129,12552,70.20983244527878
2021-11-10,6.427496910095215,6.5193190574646,6.381587028503418,6.5193190574646,19669185,6004,57.101504060565574
2021-11-11,6.5193190574646,6.5193190574646,6.427496910095215,6.473408222198486,15289038,4881,56.82623974674578
2021-11-12,6.5193190574646,6.702960968017578,6.473408222198486,6.5193190574646,31403531,7460,64.08299562035235
2021-11-15,6.381587028503418,6.61113977432251,6.335676193237305,6.61113977432251,23019382,6768,49.350800973383436
2021-11-16,6.427496910095215,6.657051086425781,6.335676193237305,6.427496910095215,65609846,9444,47.809239494893895
2021-11-17,6.381587028503418,6.473408222198486,6.381587028503418,6.381587028503418,22433923,16239,50.75183698805131
2021-11-18,6.335676193237305,6.5652289390563965,6.24385404586792,6.427496910095215,28035931,12152,50.36717093485093
2021-11-22,6.289764881134033,6.473408222198486,6.24385404586792,6.427496910095215,26141156,17188,64.48625789289082
2021-11-23,6.335676193237305,6.381587028503418,6.197944164276123,6.289764881134033,20164854,17226,46.964834314853206
2021-11-24,6.381587028503418,6.5193190574646,6.289764881134033,6.381587028503418,30740486,3987,52.13910273909137
2021-11-25,6.473408222198486,6.5193190574646,6.381587028503418,6.427496910095215,22382639,4302,65.71259315415959
2021-11-26,6.289764881134033,6.473408222198486,6.24385404586792,6.473408222198486,29987394,14490,59.32033445054794
2021-11-29,6.060212135314941,6.335676193237305,6.01430082321167,6.289764881134033,26310252,15765,53.728268660261534
2021-11-30,6.289764881134033,6.335676193237305,6.060212135314941,6.106122016906738,119850221,10272,52.05831767469629
2021-12-01,6.5652289390563965,6.5652289390563965,6.335676193237305,6.427496910095215,46093547,9246,49.28354777837079
2021-12-02,6.473408222198486,6.794783115386963,6.427496910095215,6.794783115386963,60070531,10567,56.1529560211949
2021-12-03,6.427496910095215,6.5193190574646,6.381587028503418,6.473408222198486,18691564,8432,76.82550654090377
2021-12-06,6.427496910095215,6.61113977432251,6.381587028503418,6.427496910095215,46211263,8891,71.76025343229982
2021-12-07,6.427496910095215,6.5652289390563965,6.427496910095215,6.473408222198486,30752823,3748,75.59468933089485
2021-12-08,6.5652289390563965,6.748871803283691,6.473408222198486,6.473408222198486,54215976,7257,45.32638982656723
2021-12-09,6.886603832244873,6.886603832244873,6.5193190574646,6.61113977432251,111953674,14885,55.00892213162933
2021-12-10,7.207979202270508,7.207979202270508,7.024335861206055,7.070247173309326,129679444,7238,45.802867276522335
2021-12-13,6.886603832244873,7.3457112312316895,6.886603832244873,7.253890037536621,83981488,16940,48.63067961445991
2021-12-14,6.702960968017578,6.9325151443481445,6.61113977432251,6.840693950653076,55297886,11251,46.0732788659529
2021-12-15,6.702960968017578,6.840693950653076,6.61113977432251,6.657051086425781,39333011,16503,51.5688575341036
2021-12-16,6.473408222198486,6.748871803283691,6.381587028503418,6.702960968017578,93592977,14279,51.048520035426975
2021-12-17,6.24385404586792,6.5193190574646,6.152032852172852,6.5193190574646,51963964,14877,65.38483638138443
2021-12-20,6.5193190574646,6.5193190574646,6.060212135314941,6.24385404586792,54635386,12432,61.86313765525895
2021-12-21,6.840693950653076,6.840693950653076,6.702960968017578,6.702960968017578,40594997,7585,59.5808205103996
2021-12-22,7.162067890167236,7.162067890167236,7.162067890167236,7.162067890167236,8453530,11641,73.26138116536212
2021-12-23,7.1161580085754395,7.483442783355713,7.070247173309326,7.483442783355713,155534785,3832,66.44104489413583
2021-12-24,7.437532901763916,7.437532901763916,6.840693950653076,7.207979202270508,83524748,11617,52.232101482836086
2021-12-27,7.804818153381348,7.804818153381348,7.6211748123168945,7.712996959686279,30261163,3255,60.82713119942725
2021-12-28,8.172103881835938,8.172103881835938,8.172103881835938,8.172103881835938,5379693,7428,54.61988054506835
2021-12-29,8.539388656616211,8.539388656616211,8.080282211303711,8.539388656616211,258718538,13999,69.62503516392192
2021-12-30,8.95258617401123,8.95258617401123,8.768942832946777,8.860763549804688,71452553,16735,74.23459867211184
2021-12-31,9.365781784057617,9.365781784057617,9.090317726135254,9.228050231933594,49348999,15615,59.51599340805205
2022-01-03,9.824889183044434,9.824889183044434,9.64124584197998,9.824889183044434,41196415,5392,65.8379134529973
2022-01-04,9.365781784057617,10.283995628356934,9.365781784057617,10.00853157043457,311094536,6266,68.9226635534694
2022-01-05,8.906675338745117,9.136228561401367,8.906675338745117,9.090317726135254,54050718,10702,47.909627528845945
2022-01-06,9.319870948791504,9.319870948791504,8.539388656616211,8.631211280822754,130312980,9666,47.17442748993056
2022-01-07,9.77897834777832,9.77897834777832,9.595335006713867,9.77897834777832,121793168,13326,58.99672834409613
2022-01-10,10.23808479309082,10.23808479309082,10.23808479309082,10.23808479309082,9609523,14065,67.49289714416676
2022-01-11,10.74310302734375,10.74310302734375,9.916709899902344,10.74310302734375,277445048,3465,74.37035505976024
2022-01-12,11.24812126159668,11.24812126159668,10.421728134155273,11.018567085266113,391626949,8382,71.49870762900285
2022-01-13,10.697192192077637,11.24812126159668,10.697192192077637,11.24812126159668,266515426,6876,63.520630326011755
2022-01-14,11.202210426330566,11.202210426330566,10.329907417297363,10.559459686279297,150334604,9973,50.793913297742165
2022-01-17,11.753137588500977,11.753137588500977,11.385852813720703,11.4317626953125,53628859,11895,68.86544398133393
2022-01-18,11.202210426330566,12.028602600097656,11.202210426330566,11.753137588500977,185528899,4497,75.66417418629075
2022-01-19,10.65128231048584,10.97265625,10.65128231048584,10.880834579467773,121663524,9685,61.67812866612576
2022-01-20,11.156298637390137,11.156298637390137,10.467638969421387,10.513548851013184,119197879,9848,58.819871286040566
2022-01-21,10.697192192077637,11.569496154785156,10.605371475219727,11.294031143188477,136301845,5946,53.04414594125264
2022-01-24,10.192174911499023,11.11038875579834,10.192174911499023,10.789013862609863,83699335,8049,55.21833833554163
2022-01-25,10.100353240966797,10.23808479309082,9.687156677246094,9.77897834777832,159617016,16396,49.16765466322036
2022-01-27,10.605371475219727,10.605371475219727,9.824889183044434,9.962620735168457,100137790,4913,52.12998724393424
2022-01-28,10.467638969421387,11.064477920532227,10.421728134155273,10.97265625,93823259,14153,61.944584422341364
2022-01-31,10.97265625,10.97265625,10.97265625,10.97265625,17497600,10950,56.014038582946256
2022-02-01,11.294031143188477,11.477673530578613,10.605371475219727,11.477673530578613,251679689,8416,72.85760665861383
2022-02-02,10.926746368408203,11.477673530578613,10.83492374420166,11.477673530578613,73232788,8721,57.30885341385842
2022-02-03,10.83492374420166,11.156298637390137,10.559459686279297,10.789013862609863,57559872,8353,50.931547866296015
2022-02-04,10.65128231048584,10.97265625,10.605371475219727,10.880834579467773,39381064,16580,55.31187936871895
2022-02-07,10.192174911499023,10.83492374420166,10.14626407623291,10.697192192077637,90308091,14988,47.14176023439691
2022-02-08,9.687156677246094,10.23808479309082,9.687156677246094,10.192174911499023,131369050,12021,47.69101275110578
2022-02-09,9.733068466186523,9.962620735168457,9.319870948791504,9.733068466186523,84351614,6066,56.21303285886744
2022-02-10,9.687156677246094,10.100353240966797,9.457603454589844,9.77897834777832,88127485,6308,77.66070488515328
2022-02-11,9.503514289855957,9.824889183044434,9.457603454589844,9.595335006713867,39577212,10860,72.10202613202321
2022-02-14,9.04440689086914,9.228050231933594,9.04440689086914,9.090317726135254,71226376,15347,67.85522678618807
2022-02-15,8.906675338745117,8.998496055603027,8.631211280822754,8.81485366821289,132689141,9188,75.19789076757183
2022-02-16,9.319870948791504,9.319870948791504,8.998496055603027,8.998496055603027,64171205,3494,64.4036357230429
2022-02-17,9.77897834777832,9.77897834777832,9.54942512512207,9.595335006713867,43878698,9344,68.62381616466664
2022-02-18,9.319870948791504,10.00853157043457,9.319870948791504,10.00853157043457,52984568,4305,49.58060594356326
2022-02-21,8.860763549804688,9.136228561401367,8.860763549804688,8.95258617401123,105586087,13466,52.37545912793625
2022-02-22,8.4475679397583,8.539388656616211,8.4475679397583,8.4475679397583,58402373,8542,63.20382354519812
2022-02-23,8.723031997680664,8.860763549804688,8.35574722290039,8.35574722290039,70749228,3238,59.06151974908406
2022-02-24,8.309836387634277,8.35574722290039,8.309836387634277,8.309836387634277,26215305,10925,54.25175835321214
2022-02-25,8.263924598693848,8.539388656616211,8.126193046569824,8.126193046569824,59690001,13553,71.68055328778173
2022-02-28,8.631211280822754,8.677122116088867,7.942550182342529,8.4475679397583,78301723,7271,63.96732774662593
2022-03-02,8.95258617401123,9.04440689086914,8.401657104492188,8.539388656616211,63563238,3183,51.64932925736706
2022-03-03,9.090317726135254,9.319870948791504,8.95258617401123,9.18213939666748,62947717,8706,46.02196429212963
2022-03-04,9.319870948791504,9.503514289855957,9.04440689086914,9.136228561401367,61600842,9774,58.66868171732219
2022-03-07,8.860763549804688,9.04440689086914,8.860763549804688,8.998496055603027,49875138,11806,47.63805104276682
2022-03-08,8.906675338745117,9.136228561401367,8.631211280822754,8.768942832946777,44602536,15212,62.584207384418605
2022-03-09,9.136228561401367,9.273961067199707,8.95258617401123,8.998496055603027,42459616,6302,75.3133694941539
2022-03-10,9.228050231933594,9.365781784057617,9.090317726135254,9.273961067199707,23126624,17048,55.12659225912253
2022-03-11,9.136228561401367,9.457603454589844,9.090317726135254,9.273961067199707,26920364,6056,52.85071418416831
2022-03-14,8.95258617401123,9.228050231933594,8.95258617401123,9.18213939666748,19289369,9760,71.29142504540303
2022-03-15,8.998496055603027,9.365781784057617,8.860763549804688,9.04440689086914,44760228,5227,78.1554543753065
2022-03-16,9.18213939666748,9.319870948791504,9.090317726135254,9.273961067199707,21444706,8492,76.95055059795155
2022-03-17,8.95258617401123,9.319870948791504,8.768942832946777,9.273961067199707,45310735,11843,69.79412902008988
2022-03-21,8.81485366821289,9.04440689086914,8.723031997680664,9.04440689086914,24043806,13464,58.92582951013123
2022-03-22,8.723031997680664,8.906675338745117,8.677122116088867,8.860763549804688,16878531,6811,50.071122016266386
2022-03-23,8.677122116088867,8.860763549804688,8.631211280822754,8.81485366821289,14010024,16453,67.74253803592035
2022-03-24,8.539388656616211,8.768942832946777,8.493478775024414,8.631211280822754,30744338,6978,53.6983516772617
2022-03-25,8.58530044555664,8.906675338745117,8.539388656616211,8.58530044555664,29769190,13435,54.25454677600834
2022-03-28,8.35574722290039,8.631211280822754,8.309836387634277,8.58530044555664,24602601,5727,72.5489745799427
2022-03-29,8.493478775024414,8.768942832946777,8.21801471710205,8.35574722290039,62030889,6960,78.04065728042275
2022-03-30,8.58530044555664,8.860763549804688,8.539388656616211,8.58530044555664,34509238,12179,76.81240834817656
2022-03-31,8.401657104492188,8.677122116088867,8.35574722290039,8.631211280822754,21918093,6706,50.4858742702755
2022-04-01,8.677122116088867,8.81485366821289,8.401657104492188,8.4475679397583,24948590,6593,47.65095981947981
2022-04-04,9.090317726135254,9.090317726135254,8.860763549804688,8.906675338745117,31758971,6521,72.71033849309507
2022-04-05,9.503514289855957,9.503514289855957,9.503514289855957,9.503514289855957,7341853,15910,72.85008984351254
2022-04-06,9.962620735168457,9.962620735168457,9.962620735168457,9.962620735168457,6026940,12509,69.6095904508686
2022-04-07,10.789013862609863,10.926746368408203,9.962620735168457,10.37581729888916,248907585,16138,59.775366814878105
2022-04-08,10.97265625,11.33994197845459,10.789013862609863,11.294031143188477,90252489,9897,47.58821907476126
2022-04-11,10.192174911499023,11.202210426330566,10.054442405700684,11.064477920532227,99573766,7052,47.77909002958681
2022-04-12,10.421728134155273,10.65128231048584,9.77897834777832,10.100353240966797,97085566,9114,47.4964487624279
2022-04-13,10.283995628356934,10.74310302734375,10.192174911499023,10.65128231048584,41222835,16068,52.538636667229596
2022-04-18,10.100353240966797,10.559459686279297,9.916709899902344,10.192174911499023,55239341,14490,69.72409991848913
2022-04-19,9.77897834777832,10.697192192077637,9.54942512512207,10.23808479309082,69019057,3900,76.56686865297348
2022-04-20,9.870800018310547,10.192174911499023,9.687156677246094,9.733068466186523,28715807,16849,75.63546283254229
2022-04-21,10.192174911499023,10.329907417297363,10.00853157043457,10.100353240966797,45235675,13768,61.64552980498141
2022-04-22,10.100353240966797,10.513548851013184,10.054442405700684,10.100353240966797,77790594,10039,47.58075003445425
2022-04-25,9.77897834777832,10.14626407623291,9.687156677246094,10.00853157043457,52529473,7070,60.70539619010579
2022-04-26,9.824889183044434,10.00853157043457,9.733068466186523,9.962620735168457,28614498,4085,78.30808413241044
2022-04-27,9.457603454589844,9.77897834777832,9.228050231933594,9.687156677246094,43741270,13864,52.88700627792637
2022-04-28,9.228050231933594,9.595335006713867,9.04440689086914,9.595335006713867,35656817,16941,68.33282298241708
2022-04-29,9.18213939666748,9.64124584197998,9.136228561401367,9.273961067199707,49137493,11965,57.44746436538833
2022-05-02,9.18213939666748,9.319870948791504,8.906675338745117,8.95258617401123,20799448,6338,76.19991286797352
2022-05-04,8.998496055603027,9.503514289855957,8.81485366821289,9.273961067199707,42537011,16581,45.88036861356877
2022-05-05,8.95258617401123,9.18213939666748,8.860763549804688,9.04440689086914,21717500,12992,45.972824202436925
2022-05-06,8.95258617401123,9.136228561401367,8.58530044555664,8.81485366821289,33139769,14663,52.99036197045953
2022-05-09,8.906675338745117,9.136228561401367,8.768942832946777,9.04440689086914,26148614,17807,55.119210754829936
2022-05-10,8.723031997680664,9.090317726135254,8.723031997680664,8.81485366821289,29450568,5777,77.87723620011022
2022-05-11,8.4475679397583,8.906675338745117,8.309836387634277,8.81485366821289,39505746,13183,50.42248755258802
2022-05-12,7.896639823913574,8.35574722290039,7.850728988647461,8.35574722290039,38404832,14727,75.48362300740084
2022-05-13,8.080282211303711,8.4475679397583,7.988461017608643,8.034372329711914,39423244,14447,61.794947240562905
2022-05-16,8.21801471710205,8.35574722290039,8.080282211303711,8.263924598693848,25010491,6860,69.91534563566503
2022-05-17,8.723031997680664,8.906675338745117,8.263924598693848,8.309836387634277,59054733,15480,57.108842451645586
2022-05-18,8.58530044555664,8.860763549804688,8.493478775024414,8.81485366821289,39928263,4988,74.51806037911246
2022-05-19,8.172103881835938,8.401657104492188,8.126193046569824,8.309836387634277,29699715,9940,70.81044372725844
2022-05-20,8.401657104492188,8.493478775024414,8.263924598693848,8.401657104492188,22691301,12961,52.22235052901827
2022-05-23,8.309836387634277,8.539388656616211,8.263924598693848,8.493478775024414,22144567,5095,74.87590679040935
2022-05-24,8.309836387634277,8.539388656616211,8.21801471710205,8.309836387634277,24582631,14604,49.62985777920933
2022-05-25,7.988461017608643,8.4475679397583,7.942550182342529,8.401657104492188,39090739,4482,47.08581440339299
2022-05-26,7.207979202270508,7.529354095458984,7.207979202270508,7.391622066497803,98937792,15153,56.785159982077374
2022-05-27,7.070247173309326,7.299800872802734,6.9325151443481445,7.207979202270508,50417647,13386,65.90234533373466
2022-05-30,7.299800872802734,7.758907794952393,7.1161580085754395,7.162067890167236,62629275,4183,66.48480008407455
2022-05-31,7.850728988647461,7.988461017608643,6.794783115386963,7.391622066497803,149684317,5378,74.88675226092082
2022-06-01,8.631211280822754,8.631211280822754,8.034372329711914,8.172103881835938,86673026,17518,59.83652279099324
2022-06-02,8.998496055603027,9.41169261932373,8.539388656616211,8.58530044555664,145174477,9609,55.72063393900546
2022-06-03,8.35574722290039,9.136228561401367,8.263924598693848,9.090317726135254,64909514,5708,55.617517890161054
2022-06-06,7.575264930725098,8.401657104492188,7.529354095458984,8.263924598693848,117612609,4985,50.96233439023696
2022-06-07,7.437532901763916,7.6211748123168945,7.299800872802734,7.299800872802734,53824542,14633,76.3375902371369
2022-06-08,7.483442783355713,7.667086124420166,7.299800872802734,7.391622066497803,52179602,10860,59.902809443138715
2022-06-09,8.172103881835938,8.21801471710205,7.437532901763916,7.437532901763916,81416975,10402,56.60979540930686
2022-06-10,7.896639823913574,8.126193046569824,7.667086124420166,7.942550182342529,49864199,9012,58.35252473014937
2022-06-13,7.483442783355713,7.667086124420166,7.3457112312316895,7.667086124420166,32245100,7647,72.09437029133545
2022-06-14,7.6211748123168945,7.804818153381348,7.391622066497803,7.437532901763916,23850553,16843,55.46719601777838
2022-06-15,7.437532901763916,7.758907794952393,7.391622066497803,7.712996959686279,37014534,16582,52.12880774637719
2022-06-16,7.1161580085754395,7.667086124420166,7.070247173309326,7.667086124420166,46198820,6119,66.6982743931915
2022-06-17,7.070247173309326,7.3457112312316895,6.9325151443481445,7.024335861206055,50798637,5500,71.9469616697437
2022-06-20,6.5193190574646,7.253890037536621,6.427496910095215,7.162067890167236,65620328,7355,67.27509872655875
2022-06-21,6.840693950653076,6.978425979614258,6.61113977432251,6.657051086425781,50213509,3795,66.81169386694745
2022-06-22,6.5652289390563965,6.794783115386963,6.473408222198486,6.794783115386963,56647243,4298,71.46150182398772
2022-06-23,6.61113977432251,6.794783115386963,6.5193190574646,6.61113977432251,40258884,6027,55.66964187258487
2022-06-24,6.61113977432251,6.794783115386963,6.5193190574646,6.748871803283691,46409469,13903,77.78497790367922
2022-06-27,6.5652289390563965,6.794783115386963,6.5652289390563965,6.794783115386963,36532515,7686,59.384563627251524
2022-06-28,6.473408222198486,6.702960968017578,6.427496910095215,6.5652289390563965,40481723,10308,72.0391586612044
2022-06-29,6.381587028503418,6.5652289390563965,6.335676193237305,6.381587028503418,30345339,16281,51.3970344772483
2022-06-30,6.289764881134033,6.5193190574646,6.24385404586792,6.427496910095215,37691160,17399,60.2128261127673
2022-07-01,6.197944164276123,6.381587028503418,6.152032852172852,6.197944164276123,39373009,9015,56.95756531601845
2022-07-04,6.106122016906738,6.335676193237305,6.060212135314941,6.24385404586792,33633859,12405,57.18810072082722
2022-07-05,6.106122016906738,6.335676193237305,6.060212135314941,6.152032852172852,50660397,12603,49.803405547835034
2022-07-06,6.060212135314941,6.197944164276123,6.01430082321167,6.152032852172852,46884344,8340,77.8884960951174
2022-07-07,6.060212135314941,6.197944164276123,6.01430082321167,6.152032852172852,37764403,10858,50.32757620809602
2022-07-08,6.106122016906738,6.289764881134033,6.01430082321167,6.152032852172852,54532270,7011,65.11943200470219
2022-07-11,6.152032852172852,6.24385404586792,6.106122016906738,6.106122016906738,41340050,15068,57.339022113211584
2022-07-12,6.197944164276123,6.335676193237305,6.106122016906738,6.152032852172852,52055033,9201,52.9523003908909
2022-07-13,5.92248010635376,6.335676193237305,5.876568794250488,6.289764881134033,73731668,3688,66.33728539498554
2022-07-14,5.830657958984375,6.01430082321167,5.64701509475708,5.968389987945557,72045083,12517,47.971174450258445
2022-07-15,5.830657958984375,5.968389987945557,5.692925930023193,5.830657958984375,49928728,6772,60.07455175804938
2022-07-18,5.830657958984375,5.92248010635376,5.738836765289307,5.876568794250488,40962354,10238,50.917692337796154
2022-07-19,6.01430082321167,6.152032852172852,5.784748077392578,5.830657958984375,82168748,8519,51.54612133588222
2022-07-20,6.060212135314941,6.289764881134033,6.01430082321167,6.106122016906738,56812841,13795,55.30559590957254
2022-07-21,6.106122016906738,6.24385404586792,6.01430082321167,6.106122016906738,43227989,12307,52.40987707870619
2022-07-22,6.106122016906738,6.197944164276123,6.060212135314941,6.152032852172852,36914884,9700,51.15780088316047
2022-07-25,5.876568794250488,6.152032852172852,5.876568794250488,6.106122016906738,43724745,14455,73.85213592637658
2022-07-26,5.738836765289307,5.92248010635376,5.738836765289307,5.92248010635376,40634333,10501,63.12997444741846
2022-07-27,5.692925930023193,5.830657958984375,5.692925930023193,5.738836765289307,44310527,7193,59.97785021500022
2022-07-28,5.601105213165283,5.830657958984375,5.41746187210083,5.738836765289307,57614649,15357,70.78795052318313
2022-07-29,6.060212135314941,6.152032852172852,5.601105213165283,5.64701509475708,71868552,5921,55.30063985946537
2022-08-01,6.335676193237305,6.427496910095215,6.01430082321167,6.197944164276123,99634263,13201,55.55707129700931
2022-08-02,6.657051086425781,6.748871803283691,6.197944164276123,6.335676193237305,95675560,6301,55.11757885703808
2022-08-03,6.5193190574646,6.702960968017578,6.427496910095215,6.61113977432251,42038506,6527,57.324215643522784
2022-08-04,6.5193190574646,6.748871803283691,6.381587028503418,6.5193190574646,67897639,13739,49.067511237009526
2022-08-05,6.840693950653076,7.024335861206055,6.61113977432251,6.657051086425781,115823650,7765,75.74696117932703
2022-08-08,7.070247173309326,7.1161580085754395,6.886603832244873,6.9325151443481445,69641948,17712,55.756792821362
2022-08-10,6.794783115386963,7.299800872802734,6.748871803283691,7.207979202270508,90622412,6521,71.42983864774241
2022-08-11,7.070247173309326,7.253890037536621,6.978425979614258,7.070247173309326,77544546,17452,46.430179684870055
2022-08-12,6.9325151443481445,7.207979202270508,6.840693950653076,7.162067890167236,76959789,10697,61.39370272598062
2022-08-16,7.070247173309326,7.070247173309326,6.9325151443481445,7.024335861206055,61175661,13111,72.29111751650682
2022-08-17,6.978425979614258,7.162067890167236,6.9325151443481445,7.1161580085754395,44718315,16784,66.6093244093228
2022-08-18,7.070247173309326,7.1161580085754395,6.840693950653076,6.978425979614258,48550637,6454,72.5855582067526
2022-08-19,7.070247173309326,7.162067890167236,6.978425979614258,7.070247173309326,57307951,11396,52.68085555834852
2022-08-22,7.896639823913574,7.988461017608643,6.978425979614258,7.1161580085754395,258309526,6017,69.52738127240835
2022-08-23,8.21801471710205,8.539388656616211,7.896639823913574,7.988461017608643,248551972,15334,45.512575955048966
2022-08-24,8.034372329711914,8.4475679397583,7.942550182342529,8.263924598693848,144435647,14390,58.91821135814108
2022-08-25,7.758907794952393,8.172103881835938,7.712996959686279,8.034372329711914,87133712,17840,63.73105753484059
2022-08-26,7.529354095458984,7.942550182342529,7.437532901763916,7.850728988647461,82707898,14527,52.67310990752668
2022-08-29,7.391622066497803,7.712996959686279,7.070247173309326,7.253890037536621,104688056,14612,53.255681424676816
2022-08-30,7.529354095458984,7.667086124420166,7.437532901763916,7.483442783355713,58381713,12728,76.63353373291005
2022-09-01,8.080282211303711,8.21801471710205,7.437532901763916,7.483442783355713,179147855,9807,47.701676583689085
2022-09-02,8.080282211303711,8.4475679397583,8.034372329711914,8.21801471710205,170200575,9692,47.38920700853339
2022-09-05,9.687156677246094,9.687156677246094,8.309836387634277,8.401657104492188,474988809,9341,63.2573660282045
2022-09-06,9.824889183044434,10.74310302734375,8.95258617401123,10.467638969421387,725574701,8835,54.43478335451953
2022-09-07,9.595335006713867,10.23808479309082,9.54942512512207,9.733068466186523,156209950,11498,60.471466917559546
2022-09-08,9.319870948791504,9.916709899902344,9.18213939666748,9.77897834777832,128156248,7608,64.4512927269894
2022-09-09,8.81485366821289,9.457603454589844,8.768942832946777,9.41169261932373,123079646,14267,72.20827240162477
2022-09-12,9.04440689086914,9.18213939666748,8.81485366821289,8.906675338745117,77543358,3021,54.689909943769294
2022-09-13,8.768942832946777,9.136228561401367,8.723031997680664,9.090317726135254,81187706,9792,60.397761773250494
2022-09-14,8.401657104492188,8.677122116088867,8.35574722290039,8.493478775024414,106893780,11871,64.51586463964492
2022-09-15,8.401657104492188,8.631211280822754,8.263924598693848,8.493478775024414,75829786,3739,55.058206791009034
2022-09-16,8.309836387634277,8.493478775024414,8.126193046569824,8.4475679397583,86488172,5507,77.64351303188869
2022-09-19,8.126193046569824,8.4475679397583,7.988461017608643,8.401657104492188,65411328,9720,57.10304320179432
2022-09-20,7.942550182342529,8.172103881835938,7.896639823913574,8.080282211303711,62987214,12857,45.49531146445327
2022-09-21,7.850728988647461,8.080282211303711,7.575264930725098,7.6211748123168945,59601138,17906,48.48577974789141
2022-09-22,8.81485366821289,9.04440689086914,7.804818153381348,7.804818153381348,354117790,7190,56.65526716679049
2022-09-23,8.35574722290039,9.090317726135254,8.263924598693848,8.95258617401123,152366222,10993,59.60172784946611
2022-09-26,7.850728988647461,8.21801471710205,7.483442783355713,8.21801471710205,174216484,15178,49.65630291648365
2022-09-27,7.667086124420166,8.309836387634277,7.575264930725098,7.988461017608643,227777132,15966,77.12093060477096
2022-09-28,7.437532901763916,7.667086124420166,7.299800872802734,7.529354095458984,133905406,10786,53.74045045700149
2022-09-29,7.758907794952393,7.896639823913574,7.575264930725098,7.667086124420166,168618876,15688,52.81155639035816
2022-09-30,7.988461017608643,8.126193046569824,7.758907794952393,7.804818153381348,117467047,14320,73.26582248583433
2022-10-03,7.900000095367432,8.25,7.5,7.599999904632568,207028703,13130,77.24911940529527
2022-10-04,7.900000095367432,8.25,7.800000190734863,8.199999809265137,100371486,6369,73.81556354471482
2022-10-06,7.650000095367432,8.0,7.550000190734863,8.0,129179117,14843,66.5745147603793
2022-10-07,7.650000095367432,7.849999904632568,7.599999904632568,7.75,106914627,3680,67.4001907698948
2022-10-10,7.650000095367432,7.949999809265137,7.5,7.599999904632568,87610748,13133,72.76442829816517
2022-10-11,7.099999904632568,7.650000095367432,7.050000190734863,7.599999904632568,144401518,6358,47.52196597772848
2022-10-12,6.949999809265137,7.400000095367432,6.900000095367432,7.25,151580915,13100,69.97652000140377
2022-10-13,6.800000190734863,6.949999809265137,6.599999904632568,6.949999809265137,164628722,16531,56.24937186802977
2022-10-14,6.699999809265137,7.0,6.650000095367432,7.0,96966089,11212,69.20541022299105
2022-10-17,7.449999809265137,7.599999904632568,6.75,6.800000190734863,249793767,11278,52.04237163371416
2022-10-18,7.75,7.900000095367432,7.550000190734863,7.650000095367432,198163274,16041,54.13726969055772
2022-10-19,9.25,9.300000190734863,7.800000190734863,7.849999904632568,612128665,12249,58.97885843333653
2022-10-20,8.899999618530273,9.600000381469727,8.100000381469727,9.300000190734863,597335268,8048,62.66507669888951
2022-10-21,8.649999618530273,9.149999618530273,8.550000190734863,8.949999809265137,93358438,7278,56.44188670844176
2022-10-24,8.800000190734863,9.0,8.550000190734863,8.850000381469727,39087707,10170,63.287573026262024
2022-10-25,8.399999618530273,8.800000190734863,8.350000381469727,8.800000190734863,56177096,8228,62.582240221216125
2022-10-27,8.149999618530273,8.600000381469727,8.0,8.5,84184771,16818,52.54847974766325
2022-10-28,8.100000381469727,8.25,8.0,8.199999809265137,36746894,16833,69.21874563194908
2022-10-31,7.949999809265137,8.050000190734863,7.699999809265137,8.050000190734863,55869752,9131,53.572822055134864
2022-11-01,8.199999809265137,8.600000381469727,7.949999809265137,8.050000190734863,133421528,16539,47.458628839536814
2022-11-02,8.0,8.25,7.949999809265137,8.199999809265137,53878867,15551,46.79179787066871
2022-11-03,8.050000190734863,8.199999809265137,7.949999809265137,8.0,30598842,4234,51.44208417981336
2022-11-04,8.149999618530273,8.25,8.050000190734863,8.100000381469727,50647381,12875,49.34982013417967
2022-11-07,8.149999618530273,8.449999809265137,8.050000190734863,8.199999809265137,101774826,4249,51.05867009743848
2022-11-09,8.25,8.350000381469727,8.149999618530273,8.300000190734863,64888811,11549,47.66992615878796
2022-11-10,8.300000190734863,8.399999618530273,8.149999618530273,8.25,53029082,10506,60.76804746966502
2022-11-11,8.199999809265137,8.550000190734863,8.199999809265137,8.5,68794518,13430,48.12694362204425
2022-11-14,8.25,8.350000381469727,8.199999809265137,8.300000190734863,44831594,3563,65.37485558900477
2022-11-15,8.199999809265137,8.300000190734863,8.100000381469727,8.25,38977758,6022,62.97370157039268
2022-11-16,8.100000381469727,8.25,8.0,8.199999809265137,58373865,6786,57.58331070137025
2022-11-17,8.0,8.149999618530273,7.900000095367432,8.149999618530273,39721127,16129,62.020236791411854
2022-11-18,8.100000381469727,8.149999618530273,8.0,8.050000190734863,34159447,14156,46.295307123619665
2022-11-21,8.050000190734863,8.149999618530273,8.0,8.100000381469727,42965379,16038,70.28322333873535
2022-11-22,8.0,8.100000381469727,7.949999809265137,8.100000381469727,27053295,8702,72.80931549454337
2022-11-23,7.900000095367432,8.100000381469727,7.800000190734863,8.050000190734863,104163765,3639,46.22327601638272
2022-11-24,7.900000095367432,8.0,7.849999904632568,7.949999809265137,21746462,11828,47.99783310877398
2022-11-25,8.449999809265137,8.600000381469727,7.849999904632568,7.900000095367432,228974026,12176,66.30473157851158
2022-11-28,8.800000190734863,9.0,8.5,8.600000381469727,202678872,17360,59.91642581470962
2022-11-29,8.75,9.199999809265137,8.699999809265137,8.899999618530273,146846252,17141,69.37994615675888
2022-11-30,9.25,9.350000381469727,8.75,8.800000190734863,226695872,13080,56.30257457093097
2022-12-01,9.050000190734863,9.5,9.0,9.399999618530273,107156713,14509,54.9407770825206
2022-12-02,9.449999809265137,9.5,8.850000381469727,9.100000381469727,179074652,15184,54.48621391666118
2022-12-05,10.0,10.399999618530273,9.5,9.550000190734863,439811540,17776,71.65440210777109
2022-12-06,10.199999809265137,10.5,9.949999809265137,10.050000190734863,241805841,16346,59.6483347623981
2022-12-07,9.850000381469727,10.399999618530273,9.800000190734863,10.25,193786549,10922,76.58333140478658
2022-12-08,9.800000190734863,10.0,9.699999809265137,9.899999618530273,96070967,3617,72.49652038521091
2022-12-09,9.300000190734863,9.899999618530273,9.25,9.850000381469727,137661963,15737,65.79903427890747
2022-12-12,10.25,10.350000381469727,9.25,9.300000190734863,278382339,17254,54.26235022863108
2022-12-13,10.100000381469727,10.449999809265137,10.050000190734863,10.350000381469727,143072413,13863,77.78895531303857
2022-12-14,10.899999618530273,11.0,10.100000381469727,10.199999809265137,336400273,9948,60.991525930221094
2022-12-15,10.949999809265137,11.25,10.649999618530273,10.800000190734863,476242220,15429,50.6128039889122
2022-12-16,10.75,11.199999809265137,10.399999618530273,11.0,254892146,17616,76.54227667401106
2022-12-19,11.649999618530273,11.899999618530273,10.850000381469727,10.850000381469727,638219867,7222,49.80647227044981
2022-12-20,11.5,12.149999618530273,11.199999809265137,11.75,425797132,11144,73.70393076083678
2022-12-21,10.199999809265137,11.800000190734863,9.899999618530273,11.649999618530273,395402337,3257,65.54985625672906
2022-12-22,9.949999809265137,10.649999618530273,9.550000190734863,10.399999618530273,377648968,6880,76.10607866954558
2022-12-23,9.0,9.800000190734863,8.899999618530273,9.75,263244568,5431,58.80431072631386
2022-12-26,9.800000190734863,10.0,9.0,9.0,270444702,9337,55.894455323607076
2022-12-27,10.199999809265137,10.399999618530273,9.899999618530273,10.149999618530273,137402727,9428,51.99849007177444
2022-12-28,10.050000190734863,10.350000381469727,9.899999618530273,10.199999809265137,119193235,8636,46.19960959073626
2022-12-29,10.149999618530273,10.25,9.800000190734863,10.0,90408089,6142,46.498220116056864
2022-12-30,10.600000381469727,11.0,10.149999618530273,10.25,251001496,17086,74.17587719457896
2023-01-02,10.699999809265137,10.800000190734863,10.399999618530273,10.699999809265137,115707231,3118,70.61421179298063
2023-01-03,10.75,11.0,10.600000381469727,10.75,126373567,15642,51.873938429404014
2023-01-04,10.399999618530273,10.800000190734863,10.300000190734863,10.75,113590256,9589,54.70450556996069
2023-01-05,10.25,10.600000381469727,10.050000190734863,10.550000190734863,142768735,16337,56.017574029291
2023-01-06,10.199999809265137,10.399999618530273,10.050000190734863,10.350000381469727,114171473,3759,74.67352924880012
2023-01-09,10.199999809265137,10.550000190734863,10.199999809265137,10.350000381469727,88848012,12273,48.59142446932418
2023-01-10,10.050000190734863,10.25,9.949999809265137,10.25,70863324,8928,68.05498452330991
2023-01-11,10.100000381469727,10.300000190734863,10.050000190734863,10.149999618530273,58400770,16761,49.40679860123798
2023-01-12,10.0,10.199999809265137,9.899999618530273,10.149999618530273,75308002,14734,49.188712409967145
2023-01-13,10.050000190734863,10.100000381469727,9.850000381469727,10.0,64749356,5912,77.00571189275438
2023-01-16,10.0,10.149999618530273,9.949999809265137,10.100000381469727,46621802,9468,67.92055386963827
2023-01-17,10.0,10.050000190734863,9.899999618530273,10.0,46626799,10081,74.59390435165754
2023-01-18,9.800000190734863,10.0,9.75,9.949999809265137,39381363,16710,55.280395251447246
2023-01-19,9.649999618530273,9.800000190734863,9.600000381469727,9.800000190734863,51419762,10635,77.74443143100814
2023-01-20,10.0,10.25,9.600000381469727,9.649999618530273,112834934,7188,50.311688076598074
2023-01-23,9.75,10.100000381469727,9.699999809265137,10.050000190734863,54689324,9262,74.41077620513342
2023-01-24,9.649999618530273,9.850000381469727,9.600000381469727,9.75,36745668,6012,70.1409865049462
2023-01-25,9.5,9.75,9.399999618530273,9.649999618530273,47479501,5149,66.6021775959516
2023-01-27,9.100000381469727,9.699999809265137,8.949999809265137,9.5,96786728,14674,73.94828100170089
2023-01-30,8.949999809265137,9.350000381469727,8.800000190734863,9.0,94496123,8758,61.240801909750274
2023-01-31,9.800000190734863,9.949999809265137,8.899999618530273,9.0,122433631,7177,76.31409810495724
2023-02-01,9.199999809265137,10.199999809265137,8.899999618530273,10.100000381469727,144996475,17845,65.43206258325851
2023-02-02,9.199999809265137,9.600000381469727,9.050000190734863,9.149999618530273,86094874,12129,72.76878077075585
2023-02-03,9.050000190734863,9.300000190734863,8.699999809265137,9.199999809265137,103617993,16100,54.88077353515227
2023-02-06,9.050000190734863,9.25,9.0,9.050000190734863,45864843,6244,56.946931800628185
2023-02-07,8.949999809265137,9.149999618530273,8.899999618530273,9.050000190734863,35950091,10169,55.960878644894024
2023-02-08,9.0,9.25,8.949999809265137,9.050000190734863,47849321,6416,73.67394704943446
2023-02-09,9.199999809265137,9.350000381469727,8.949999809265137,9.0,72874809,15726,46.45723919387502
2023-02-10,9.149999618530273,9.649999618530273,9.050000190734863,9.300000190734863,71596394,16320,76.97293405062538
2023-02-13,9.050000190734863,9.25,8.949999809265137,9.199999809265137,45209836,14302,66.13390920266946
2023-02-14,8.800000190734863,9.149999618530273,8.75,9.050000190734863,38860144,14281,59.15588716165416
2023-02-15,9.0,9.050000190734863,8.800000190734863,8.850000381469727,40241204,4858,76.83597666782856
2023-02-16,8.899999618530273,9.050000190734863,8.850000381469727,9.050000190734863,35573041,8716,48.88978458091495
2023-02-17,8.899999618530273,9.149999618530273,8.850000381469727,8.899999618530273,61270881,12220,54.80167804827871
2023-02-20,8.550000190734863,9.100000381469727,8.449999809265137,8.899999618530273,118491096,16776,50.22328217041786
2023-02-21,8.399999618530273,8.649999618530273,8.350000381469727,8.600000381469727,39042076,17430,53.56194594435122
2023-02-22,8.300000190734863,8.5,8.199999809265137,8.399999618530273,41332864,6675,47.362774345536536
2023-02-23,8.149999618530273,8.350000381469727,8.050000190734863,8.300000190734863,57513590,14759,46.8384591066095
2023-02-24,8.399999618530273,8.550000190734863,8.149999618530273,8.199999809265137,57101906,11120,49.80400911715757
2023-02-27,8.100000381469727,8.399999618530273,8.050000190734863,8.399999618530273,47631704,3277,69.29854080599557
2023-02-28,8.199999809265137,8.300000190734863,8.050000190734863,8.149999618530273,33919586,15458,56.43816416123296
2023-03-01,8.399999618530273,8.600000381469727,8.199999809265137,8.25,55018196,5870,50.2405898328187
2023-03-02,8.25,8.449999809265137,8.199999809265137,8.399999618530273,45131745,6101,54.66602809414658
2023-03-03,8.5,8.75,8.300000190734863,8.300000190734863,96295154,6915,73.50333749570207
2023-03-06,8.600000381469727,8.899999618530273,8.5,8.550000190734863,75423846,13684,52.75956957661617
2023-03-08,8.600000381469727,8.699999809265137,8.449999809265137,8.550000190734863,39328106,17866,70.92925107714493
2023-03-09,8.699999809265137,8.949999809265137,8.649999618530273,8.699999809265137,74757405,13694,55.22126961753399
2023-03-10,8.399999618530273,8.649999618530273,8.350000381469727,8.600000381469727,51783687,3831,49.738497963557
2023-03-13,8.100000381469727,8.5,8.0,8.399999618530273,50754201,6995,73.34820707116867
2023-03-14,7.949999809265137,8.199999809265137,7.699999809265137,8.149999618530273,52110143,11978,68.93393054935898
2023-03-15,7.949999809265137,8.149999618530273,7.75,7.800000190734863,59556915,9102,70.8351373443004
2023-03-16,7.900000095367432,8.0,7.699999809265137,8.0,56722948,14292,59.96445811223712
2023-03-17,8.0,8.149999618530273,7.900000095367432,7.949999809265137,40883551,13682,71.59517468648804
2023-03-20,7.75,8.0,7.699999809265137,8.0,42986085,14220,67.35689972644066
2023-03-21,7.800000190734863,7.900000095367432,7.75,7.849999904632568,27594112,5244,45.19524466676244
2023-03-22,7.800000190734863,7.949999809265137,7.800000190734863,7.849999904632568,22956081,14104,46.45355998160683
2023-03-23,7.75,7.900000095367432,7.699999809265137,7.800000190734863,23864906,16987,73.83174305870162
2023-03-24,7.550000190734863,7.800000190734863,7.5,7.75,36581412,12388,69.32811022021096
2023-03-27,7.199999809265137,7.599999904632568,7.150000095367432,7.599999904632568,46753705,3003,75.38362311777112
2023-03-28,7.050000190734863,7.349999904632568,6.949999809265137,7.25,55049453,10912,67.14505310595162
2023-03-29,7.949999809265137,8.100000381469727,7.050000190734863,7.099999904632568,131787323,5691,45.77096254805374
2023-03-31,7.900000095367432,8.25,7.849999904632568,8.050000190734863,61243637,7474,67.68284768834566
2023-04-03,8.100000381469727,8.199999809265137,7.900000095367432,7.900000095367432,38896680,14458,63.6145873917814
2023-04-05,8.100000381469727,8.300000190734863,8.0,8.149999618530273,34055807,16345,60.57295133199922
2023-04-06,8.149999618530273,8.300000190734863,8.050000190734863,8.149999618530273,32437850,4966,59.08111671788136
2023-04-10,8.050000190734863,8.199999809265137,8.0,8.199999809265137,22032132,3595,47.42642808589743
2023-04-11,8.149999618530273,8.350000381469727,8.0,8.100000381469727,44136206,9883,63.65831608408427
2023-04-12,8.100000381469727,8.25,8.050000190734863,8.149999618530273,37352480,13620,49.723179119486055
2023-04-13,8.050000190734863,8.25,8.0,8.149999618530273,49318062,15170,66.96578409794067
2023-04-17,8.149999618530273,8.199999809265137,7.949999809265137,8.0,45874702,5910,49.99290551953098
2023-04-18,8.050000190734863,8.199999809265137,8.0,8.149999618530273,39250925,4031,55.2995225797585
2023-04-19,8.0,8.149999618530273,7.949999809265137,8.0,36980183,4566,47.75315989880996
2023-04-20,7.949999809265137,8.100000381469727,7.949999809265137,8.050000190734863,18933562,14152,69.6030130107185
2023-04-21,7.949999809265137,8.050000190734863,7.949999809265137,8.0,12324483,3910,67.6911592289564
2023-04-24,7.949999809265137,8.100000381469727,7.900000095367432,8.0,31696681,10167,68.1398161612641
2023-04-25,8.149999618530273,8.300000190734863,7.900000095367432,7.949999809265137,82252903,7893,72.70259910273377
2023-04-26,8.199999809265137,8.75,8.100000381469727,8.25,140422847,11008,74.91314585955537
2023-04-27,8.199999809265137,8.25,8.100000381469727,8.199999809265137,45358977,14719,62.95472815080491
2023-04-28,8.300000190734863,8.449999809265137,8.149999618530273,8.25,57266827,14478,60.518264827296235
2023-05-02,8.100000381469727,8.399999618530273,7.900000095367432,8.350000381469727,91311768,13121,77.11066647476784
2023-05-03,8.100000381469727,8.300000190734863,8.0,8.100000381469727,58132884,8799,71.48530646233748
2023-05-04,8.600000381469727,8.699999809265137,8.199999809265137,8.199999809265137,197115631,16639,76.29815507298844
2023-05-05,8.649999618530273,8.899999618530273,8.5,8.649999618530273,122285005,5705,74.83003105218295
2023-05-08,8.550000190734863,8.800000190734863,8.449999809265137,8.699999809265137,70124868,12946,51.96705238531619
2023-05-09,8.399999618530273,8.800000190734863,8.300000190734863,8.600000381469727,83194488,6285,65.63698813474623
2023-05-10,8.350000381469727,8.449999809265137,8.199999809265137,8.399999618530273,45546501,12353,49.344149191223785
2023-05-11,8.350000381469727,8.5,8.300000190734863,8.399999618530273,35885308,4212,56.57642814258987
2023-05-12,8.25,8.399999618530273,8.199999809265137,8.399999618530273,32986632,17900,46.9224604961073
2023-05-15,8.25,8.350000381469727,8.199999809265137,8.25,51475490,10549,71.42706931166919
2023-05-16,8.199999809265137,8.350000381469727,8.199999809265137,8.25,25372907,4996,47.963118467970126
2023-05-17,8.649999618530273,8.800000190734863,8.199999809265137,8.25,137647805,16151,69.61878416008182
2023-05-18,8.5,9.0,8.399999618530273,8.850000381469727,133866221,9127,77.36864369878472
2023-05-19,8.5,8.649999618530273,8.350000381469727,8.600000381469727,58371953,15907,58.767320399704644
2023-05-22,9.25,9.600000381469727,8.5,8.600000381469727,317257961,10353,78.98969286704457
2023-05-23,9.449999809265137,9.649999618530273,9.149999618530273,9.449999809265137,161014013,13560,74.53488943190115
2023-05-24,10.050000190734863,10.199999809265137,9.550000190734863,9.550000190734863,277827881,13005,64.34049996914675
2023-05-25,9.800000190734863,10.300000190734863,9.699999809265137,10.199999809265137,165323748,3089,58.282624867804984
2023-05-26,10.0,10.149999618530273,9.449999809265137,9.800000190734863,149372185,9301,58.07749629271479
2023-05-29,10.350000381469727,10.449999809265137,10.100000381469727,10.149999618530273,179747106,11023,57.49657719148778
2023-05-30,10.649999618530273,10.75,10.199999809265137,10.350000381469727,294083000,16787,60.23196728592221
2023-05-31,11.75,11.850000381469727,10.649999618530273,10.899999618530273,751320632,3640,58.06244017330517
2023-06-01,11.149999618530273,12.0,11.050000190734863,11.850000381469727,316019955,10013,67.6795877387835
2023-06-02,11.0,11.399999618530273,10.850000381469727,11.25,258642228,13403,67.50675707362176
2023-06-05,11.399999618530273,11.5,11.0,11.100000381469727,272291792,5202,74.06973823942661
2023-06-06,12.199999809265137,12.399999618530273,11.350000381469727,11.550000190734863,533178450,12985,45.63686183811407
2023-06-07,14.449999809265137,14.600000381469727,12.5,12.550000190734863,346243409,15558,66.50761407421203
2023-06-08,13.350000381469727,14.199999809265137,13.199999809265137,14.199999809265137,522427881,6289,72.50972114299896
2023-06-09,14.0,14.199999809265137,13.300000190734863,13.5,293778902,5575,52.09353901528039
2023-06-12,15.300000190734863,15.399999618530273,14.100000381469727,14.149999618530273,461323199,7258,61.54876605063758
2023-06-13,15.100000381469727,15.75,14.75,15.399999618530273,390548184,6646,45.089908779820114
2023-06-14,14.399999618530273,15.350000381469727,14.149999618530273,15.25,222177502,11426,73.88041669125187
2023-06-15,14.449999809265137,14.600000381469727,14.0,14.399999618530273,178864927,10595,54.21416352661541
2023-06-16,14.75,15.149999618530273,14.550000190734863,14.550000190734863,282491085,14458,70.78548880889696
2023-06-19,14.550000190734863,15.050000190734863,14.25,14.949999809265137,163607569,10906,66.56258295563295
2023-06-20,14.25,14.699999809265137,13.649999618530273,14.649999618530273,196840707,11944,54.888663945560495
2023-06-21,14.0,14.550000190734863,13.850000381469727,14.300000190734863,134315767,17206,48.79518706941591
2023-06-22,13.600000381469727,14.100000381469727,13.300000190734863,14.050000190734863,150787608,17888,57.19915611665769
2023-06-23,13.850000381469727,14.149999618530273,13.25,13.600000381469727,133077725,9098,45.17874839534747
2023-06-26,14.0,14.25,13.649999618530273,13.949999809265137,93075149,7800,62.727336527587326
2023-06-27,14.100000381469727,14.399999618530273,14.0,14.050000190734863,81222094,17108,56.37435015705676
2023-06-28,14.75,15.0,14.199999809265137,14.199999809265137,204357357,6434,71.95983066637963
2023-06-30,15.300000190734863,15.649999618530273,14.949999809265137,15.050000190734863,260744421,14490,74.44656297192113
2023-07-03,16.799999237060547,16.799999237060547,15.75,15.75,389920926,4689,65.63123437859939
2023-07-04,18.299999237060547,18.450000762939453,17.149999618530273,17.450000762939453,701973517,8123,51.933136139512584
2023-07-05,17.399999618530273,18.149999618530273,17.399999618530273,17.950000762939453,264737406,15024,63.747200019478555
2023-07-06,17.649999618530273,17.950000762939453,16.649999618530273,16.799999237060547,415023310,9807,74.21790835995967
2023-07-07,17.850000381469727,18.299999237060547,17.450000762939453,17.549999237060547,267551084,4117,50.194432916526964
2023-07-10,17.350000381469727,18.100000381469727,17.200000762939453,18.049999237060547,142507601,17270,65.9405860424285
2023-07-11,17.950000762939453,18.200000762939453,17.049999237060547,17.5,369539889,14083,70.3369970447279
2023-07-12,18.0,18.549999237060547,17.600000381469727,18.0,201949606,5907,53.55503215618416
2023-07-13,17.549999237060547,18.350000381469727,17.450000762939453,18.149999618530273,149133001,12252,53.298169063058914
2023-07-14,17.700000762939453,17.899999618530273,17.299999237060547,17.649999618530273,81517693,10520,48.93619605307812
2023-07-17,18.200000762939453,18.450000762939453,18.100000381469727,18.25,129569292,3012,50.6660935484696
2023-07-18,17.899999618530273,18.299999237060547,17.799999237060547,18.299999237060547,89012544,12119,68.99552879798728
2023-07-19,17.850000381469727,18.100000381469727,17.799999237060547,18.0,48709437,3104,65.75178235669301
2023-07-20,18.700000762939453,18.700000762939453,17.850000381469727,17.950000762939453,242575898,12500,58.949068813446885
2023-07-21,19.600000381469727,19.600000381469727,19.100000381469727,19.25,86292023,15872,77.7838981321103
2023-07-24,20.0,20.549999237060547,19.200000762939453,20.549999237060547,517944819,12168,54.24632588772938
2023-07-25,19.0,20.799999237060547,19.0,20.25,276540698,9891,58.879681326620634
2023-07-26,18.049999237060547,18.049999237060547,18.049999237060547,18.049999237060547,41086178,3869,46.888121230390205
2023-07-27,17.850000381469727,18.399999618530273,17.450000762939453,17.649999618530273,250669150,13502,54.66547010468885
2023-07-28,18.049999237060547,18.25,17.700000762939453,17.799999237060547,97658422,7068,45.96467263596175
2023-07-31,18.950000762939453,18.950000762939453,18.049999237060547,18.200000762939453,123353716,12520,50.51299684207224
2023-08-01,19.299999237060547,19.850000381469727,19.100000381469727,19.549999237060547,167771796,14513,62.6891146503371
2023-08-02,18.5,19.350000381469727,18.350000381469727,19.350000381469727,229699866,17068,47.52211186347634
2023-08-03,17.950000762939453,18.450000762939453,17.700000762939453,18.450000762939453,122802683,12887,71.41503359744061
2023-08-04,18.399999618530273,18.799999237060547,18.0,18.0,241151653,5516,68.13144257731066
2023-08-07,18.649999618530273,19.0,18.25,18.600000381469727,119709706,7500,55.27775197979653
2023-08-08,18.600000381469727,18.950000762939453,18.350000381469727,18.649999618530273,107177129,16116,71.65031689341222
2023-08-09,19.5,19.5,18.899999618530273,18.950000762939453,204669757,4080,55.118625291655725
2023-08-10,20.450000762939453,20.450000762939453,19.899999618530273,19.950000762939453,198521194,15432,70.68502199657144
2023-08-11,20.200000762939453,21.25,19.799999237060547,20.75,193133275,6110,52.27977336352868
2023-08-14,20.049999237060547,20.200000762939453,19.299999237060547,19.549999237060547,110526997,13139,64.37353008342976
2023-08-16,20.25,20.5,20.049999237060547,20.049999237060547,66006572,12274,76.15034091923445
2023-08-17,19.700000762939453,20.0,19.399999618530273,19.850000381469727,130822363,11865,56.74602066097206
2023-08-18,19.799999237060547,20.049999237060547,19.5,19.799999237060547,70016385,11717,74.966350752081
2023-08-21,19.899999618530273,20.149999618530273,19.799999237060547,20.100000381469727,71793107,11067,48.80253788099441
2023-08-22,20.850000381469727,20.850000381469727,19.950000762939453,19.950000762939453,189624524,15506,56.468337023641446
2023-08-23,21.850000381469727,21.850000381469727,21.0,21.0,204874807,17574,60.15247362245527
2023-08-24,21.5,22.850000381469727,21.25,22.75,269657749,13295,69.75253560830498
2023-08-25,22.399999618530273,22.549999237060547,21.549999237060547,21.649999618530273,166449370,3509,54.70196119044813
2023-08-28,23.5,23.5,23.25,23.399999618530273,192627964,7855,64.92086751279567
2023-08-29,24.649999618530273,24.649999618530273,23.950000762939453,24.0,203593052,8803,76.46708966805282
2023-08-30,25.850000381469727,25.850000381469727,25.350000381469727,25.850000381469727,88452282,7154,78.12490352633255
2023-08-31,24.549999237060547,27.049999237060547,24.549999237060547,26.5,413958502,16251,55.159864588774965
2023-09-01,25.0,25.75,23.950000762939453,24.549999237060547,209113483,3478,72.52582063717685
2023-09-04,24.100000381469727,25.700000762939453,23.850000381469727,25.450000762939453,189499859,6211,70.2268322467623
2023-09-05,23.600000381469727,24.899999618530273,23.5,24.600000381469727,131411045,15120,58.721589183938015
2023-09-06,23.799999237060547,24.399999618530273,23.399999618530273,23.799999237060547,107987698,6537,75.78126782169745
2023-09-07,24.100000381469727,24.950000762939453,23.549999237060547,24.100000381469727,170673034,5370,57.81616817822852
2023-09-08,24.049999237060547,24.299999237060547,23.649999618530273,24.200000762939453,87741294,5662,72.78152572409708
2023-09-11,24.0,24.399999618530273,23.75,24.299999237060547,93344063,16205,70.21656526219249
2023-09-12,22.799999237060547,24.200000762939453,22.799999237060547,24.149999618530273,146034046,11033,52.49745428473975
2023-09-13,22.149999618530273,22.5,21.700000762939453,22.200000762939453,236321372,5240,67.579486575697
2023-09-14,23.25,23.25,21.75,22.350000381469727,178268509,14751,55.64863977491474
2023-09-15,24.200000762939453,24.399999618530273,23.149999618530273,23.600000381469727,225766744,12910,48.03905023746804
2023-09-18,24.75,25.100000381469727,24.5,24.700000762939453,142270040,5108,55.977455517657795
2023-09-20,25.850000381469727,25.950000762939453,24.5,24.950000762939453,166418138,3731,46.73470340017233
2023-09-21,25.5,26.25,25.149999618530273,25.850000381469727,166438893,12413,49.886507536895024
2023-09-22,25.049999237060547,25.850000381469727,24.5,25.649999618530273,95275738,10946,52.19197880709581
2023-09-25,25.5,26.049999237060547,25.100000381469727,25.75,71458712,6186,72.93574677572565
2023-09-26,26.0,26.100000381469727,24.950000762939453,25.600000381469727,110565689,12784,71.09661130821334
2023-09-27,25.649999618530273,25.899999618530273,25.049999237060547,25.100000381469727,94771055,17058,76.91970617903418
2023-09-28,25.649999618530273,26.399999618530273,25.450000762939453,25.700000762939453,75375280,4727,69.41307479992548
2023-09-29,25.799999237060547,26.200000762939453,25.549999237060547,25.850000381469727,76660245,14011,56.261077752590374
2023-10-03,26.950000762939453,27.049999237060547,25.75,25.950000762939453,215807142,12276,47.78496998390226
2023-10-04,28.100000381469727,28.25,27.100000381469727,27.350000381469727,346015638,5249,55.04499090284007
2023-10-05,29.5,29.5,28.549999237060547,28.600000381469727,285672016,8950,74.64802858494573
2023-10-06,29.100000381469727,29.799999237060547,28.399999618530273,28.850000381469727,273969163,17848,53.38828574178756
2023-10-09,27.649999618530273,28.350000381469727,27.649999618530273,28.200000762939453,151080200,15605,59.86560081166342
2023-10-10,26.350000381469727,27.399999618530273,26.299999237060547,26.5,80186599,11493,67.84727797635243
2023-10-11,27.649999618530273,27.649999618530273,26.450000762939453,26.5,45365872,17792,57.078283936528095
2023-10-12,27.149999618530273,28.600000381469727,27.049999237060547,28.25,70399620,16053,48.42066144812599
2023-10-13,26.799999237060547,27.450000762939453,26.600000381469727,27.200000762939453,39585232,17805,49.8582228772314
2023-10-16,28.100000381469727,28.100000381469727,27.049999237060547,27.600000381469727,73809145,6643,65.94729789165007
2023-10-17,29.5,29.5,28.649999618530273,28.899999618530273,111721555,9252,46.27933818028613
2023-10-18,30.950000762939453,30.950000762939453,29.799999237060547,30.25,131127521,17124,63.45037045631436
2023-10-19,31.600000381469727,32.099998474121094,30.0,31.0,135200931,12633,63.43639056257528
2023-10-20,32.5,33.150001525878906,31.0,31.450000762939453,373269936,13486,64.450047953936
2023-10-23,31.799999237060547,34.099998474121094,31.399999618530273,33.25,130338329,4177,59.11924432098577
2023-10-25,31.899999618530273,33.099998474121094,30.299999237060547,32.099998474121094,98053560,10636,58.49487818432631
2023-10-26,31.399999618530273,31.950000762939453,30.299999237060547,31.25,99436973,16725,72.76985568391095
2023-10-27,32.099998474121094,32.900001525878906,31.950000762939453,32.0,80529369,17767,73.85908712654425
2023-10-30,31.549999237060547,32.79999923706055,31.25,32.70000076293945,42405596,17606,70.5460228984155
2023-10-31,30.600000381469727,32.0,30.0,32.0,49276497,17510,70.27404872283233
2023-11-01,31.299999237060547,31.600000381469727,30.600000381469727,30.700000762939453,39955174,6232,56.04393332465188
2023-11-02,32.650001525878906,32.849998474121094,31.350000381469727,31.899999618530273,52429624,15035,77.5959985092775
2023-11-03,34.25,34.25,33.0,33.20000076293945,76623253,15032,69.1379334504447
2023-11-06,35.95000076293945,35.95000076293945,35.95000076293945,35.95000076293945,15536896,15600,50.599020206114304
2023-11-07,37.349998474121094,37.400001525878906,35.0,37.0,145813507,5006,67.76131536332923
2023-11-08,37.400001525878906,39.20000076293945,36.79999923706055,37.79999923706055,113882054,15678,73.0569351097844
2023-11-09,37.29999923706055,38.45000076293945,37.0,38.0,49396345,9178,76.13024961229783
2023-11-10,37.900001525878906,38.25,37.099998474121094,37.5,45379797,5782,75.69286616600104
2023-11-13,38.650001525878906,39.25,37.79999923706055,38.599998474121094,45335763,8813,58.846058477547935
2023-11-15,40.5,40.54999923706055,39.54999923706055,39.95000076293945,143082003,14792,72.08072042553815
2023-11-16,42.099998474121094,42.5,40.5,40.5,115717878,6050,50.321433242368364
2023-11-17,42.29999923706055,44.0,40.29999923706055,42.900001525878906,161956692,8219,64.25891298865977
2023-11-20,41.349998474121094,43.0,40.20000076293945,42.5,130271353,16440,63.13198529327475
2023-11-21,39.29999923706055,41.5,39.29999923706055,41.5,111694707,15291,46.00914950807967
2023-11-22,37.349998474121094,38.5,37.349998474121094,37.75,42657149,4069,74.70380938373212
2023-11-23,39.20000076293945,39.20000076293945,35.5,35.5,102656993,10976,59.154403086955966
2023-11-24,40.599998474121094,41.150001525878906,39.45000076293945,40.0,117045798,7054,77.52193678908014
2023-11-28,38.95000076293945,41.70000076293945,38.70000076293945,41.349998474121094,116147704,13370,62.613509741233095
2023-11-29,39.599998474121094,40.29999923706055,37.599998474121094,39.45000076293945,98361673,5490,57.29526473009375
2023-11-30,40.75,41.0,38.099998474121094,40.349998474121094,811525884,11760,67.90957091372924
2023-12-01,39.400001525878906,40.400001525878906,39.0,40.0,63576805,17287,47.33624146235259
2023-12-04,40.099998474121094,41.0,39.70000076293945,41.0,40525430,15747,48.98199564076081
2023-12-05,39.650001525878906,40.5,38.849998474121094,40.5,52174216,12566,78.68522013514476
2023-12-06,38.95000076293945,39.5,38.400001525878906,39.5,49075379,8787,62.20664600258489
2023-12-07,39.04999923706055,40.0,38.0,38.95000076293945,51193825,17838,67.73129901348497
2023-12-08,38.75,39.599998474121094,38.0,39.599998474121094,35448583,10456,53.64848586497211
2023-12-11,39.20000076293945,39.5,38.0,38.849998474121094,59585051,10111,78.29428549364673
2023-12-12,38.5,39.5,38.400001525878906,39.5,33308747,8618,45.58632950021758
2023-12-13,38.20000076293945,38.75,37.5,38.599998474121094,38010747,10889,67.29227178085803
2023-12-14,37.349998474121094,38.599998474121094,37.099998474121094,38.20000076293945,58576341,10685,78.58542879799022
2023-12-15,38.54999923706055,39.20000076293945,36.0,37.29999923706055,135917707,3353,52.81077003416619
2023-12-18,37.849998474121094,38.75,37.5,38.75,34128022,7191,54.164360666619345
2023-12-19,37.5,37.900001525878906,36.79999923706055,37.849998474121094,46279926,5027,74.96959224231955
2023-12-20,35.650001525878906,38.150001525878906,35.650001525878906,37.900001525878906,60110787,6702,72.69471590594014
2023-12-21,37.099998474121094,37.25,33.900001525878906,34.29999923706055,68214659,4755,72.6701714881514
2023-12-22,37.25,38.0,36.5,37.5,27363287,17133,56.35806642583066
2023-12-26,36.900001525878906,37.650001525878906,36.54999923706055,37.25,24483621,7276,76.78565923406944
2023-12-27,37.04999923706055,37.29999923706055,36.20000076293945,37.29999923706055,29736305,8017,51.51077632858615
2023-12-28,38.150001525878906,38.5,37.099998474121094,37.20000076293945,49428774,3796,77.18643421001293
2023-12-29,38.20000076293945,38.70000076293945,38.0,38.54999923706055,28153967,8947,45.52011577093116
2024-01-01,38.5,38.599998474121094,38.0,38.5,35078873,6302,65.05723672011652
2024-01-02,38.25,38.79999923706055,37.099998474121094,38.70000076293945,30864924,13378,76.36094557028335
2024-01-03,37.79999923706055,38.25,37.70000076293945,38.25,21788140,5012,54.85151917819202
2024-01-04,38.70000076293945,39.29999923706055,37.75,37.79999923706055,38232279,8948,77.13938766512477
2024-01-05,40.599998474121094,40.599998474121094,38.70000076293945,38.900001525878906,75799676,15721,71.45971981621187
2024-01-08,42.599998474121094,42.599998474121094,40.0,41.5,92602484,12318,78.19973261718452
2024-01-09,43.54999923706055,44.0,41.5,43.25,103582158,5357,45.051838932088906
2024-01-10,43.54999923706055,44.20000076293945,42.29999923706055,44.099998474121094,54417493,16678,75.42305742741104
2024-01-11,43.599998474121094,44.0,42.70000076293945,43.900001525878906,48037394,16760,53.24812453481053
2024-01-12,44.900001525878906,45.400001525878906,43.150001525878906,43.79999923706055,88210161,14323,48.14189053820883
2024-01-15,43.849998474121094,45.70000076293945,43.70000076293945,45.20000076293945,73414515,15039,75.12674369710214
2024-01-16,42.04999923706055,44.20000076293945,41.650001525878906,44.0,73662300,6109,56.40014750391385
2024-01-17,40.900001525878906,42.650001525878906,40.349998474121094,41.5,62350656,7451,66.83112013077479
2024-01-18,42.900001525878906,42.900001525878906,40.099998474121094,40.900001525878906,77361249,5451,65.31255408947683
2024-01-19,41.849998474121094,44.45000076293945,41.45000076293945,43.5,118653572,11690,60.96372997726513
2024-01-23,41.150001525878906,43.0,40.20000076293945,42.5,61821069,12932,52.99901498062532
2024-01-24,41.20000076293945,41.599998474121094,40.349998474121094,41.599998474121094,33524849,5139,71.55108014952289
2024-01-25,42.54999923706055,43.0,40.900001525878906,41.650001525878906,53839790,17787,59.84500035999939
2024-01-29,43.25,43.849998474121094,42.54999923706055,43.0,64987571,17755,45.62821278379778
2024-01-30,43.79999923706055,44.849998474121094,42.75,43.5,88270852,5111,60.333738108746395
2024-01-31,45.95000076293945,45.95000076293945,44.20000076293945,44.400001525878906,145374835,16306,63.747645057148006
2024-02-01,48.20000076293945,48.20000076293945,47.0,47.29999923706055,195541083,5549,77.98830363859176
2024-02-02,48.599998474121094,50.599998474121094,48.0,49.900001525878906,219513812,16487,47.47194150531649
2024-02-05,48.25,50.0,47.5,49.599998474121094,112297989,3433,64.15208603390691
2024-02-06,48.0,48.79999923706055,47.20000076293945,48.79999923706055,53168885,12328,63.823862969947584
2024-02-07,49.25,49.95000076293945,48.20000076293945,48.20000076293945,64866228,10797,48.04812289371736
2024-02-08,49.349998474121094,49.75,48.5,49.5,53850076,7368,56.40686015299931
2024-02-09,47.349998474121094,49.400001525878906,46.900001525878906,49.349998474121094,90732188,16323,56.665289158170964
2024-02-12,45.0,48.20000076293945,45.0,47.95000076293945,65398403,4471,67.92458046553737
2024-02-13,43.900001525878906,44.650001525878906,42.75,43.650001525878906,135410453,3204,76.46163646110936
2024-02-14,46.04999923706055,46.04999923706055,42.04999923706055,42.45000076293945,59861806,7071,71.94695048340864
2024-02-15,47.04999923706055,47.75,46.5,46.95000076293945,44781950,8074,72.54681949572769
2024-02-16,46.849998474121094,47.70000076293945,46.0,47.70000076293945,23858185,12269,45.43084851618754
2024-02-19,46.150001525878906,47.599998474121094,46.04999923706055,47.5,19476010,9091,59.24927030343588
2024-02-20,45.79999923706055,46.849998474121094,45.599998474121094,46.650001525878906,20108565,3331,60.1869511159731
2024-02-21,44.75,46.0,43.75,45.95000076293945,30440623,5627,71.6265583038878
2024-02-22,44.79999923706055,45.29999923706055,43.79999923706055,44.849998474121094,23276564,3191,59.89816492219652
2024-02-23,44.900001525878906,45.599998474121094,44.79999923706055,45.150001525878906,25286705,14837,70.30983311613505
2024-02-26,43.75,45.75,43.349998474121094,45.75,30050547,17815,52.61263819620349
2024-02-27,44.54999923706055,45.0,43.5,44.20000076293945,22624252,9032,57.1698113337757
2024-02-28,43.20000076293945,44.650001525878906,42.349998474121094,44.599998474121094,36887600,11576,67.73007997082003
2024-02-29,45.25,45.349998474121094,41.04999923706055,43.0,117200579,8326,53.061641275404085
2024-03-01,44.29999923706055,46.0,44.099998474121094,45.599998474121094,22093410,10095,64.41245420160081
2024-03-04,42.79999923706055,43.79999923706055,41.75,42.79999923706055,55074786,11462,67.2071961179411
2024-03-05,40.70000076293945,41.650001525878906,40.70000076293945,41.650001525878906,53278004,11137,47.78828836040363
2024-03-06,38.70000076293945,39.0,38.70000076293945,39.0,29049668,17752,52.585612191608995
2024-03-07,40.599998474121094,40.599998474121094,37.20000076293945,37.20000076293945,58288425,17836,64.22497007482245
2024-03-11,39.349998474121094,42.0,39.0,41.5,39527748,8879,56.854606599764864
2024-03-12,39.29999923706055,40.0,37.400001525878906,39.349998474121094,47404379,15859,52.89855735337021
2024-03-13,37.349998474121094,39.29999923706055,37.349998474121094,38.5,38160910,8170,50.43489123794749
2024-03-14,39.04999923706055,39.20000076293945,35.5,35.5,67013191,11043,46.01523186826901
2024-03-15,39.400001525878906,40.0,37.5,39.0,144957453,7563,73.225083901601
2024-03-18,38.54999923706055,38.900001525878906,37.70000076293945,38.849998474121094,22647157,14761,50.88391950151871
2024-03-19,37.150001525878906,38.400001525878906,36.79999923706055,38.400001525878906,20548501,15012,75.05032573119763
2024-03-20,36.29999923706055,37.70000076293945,35.599998474121094,37.150001525878906,26893468,11836,71.05245843832473
2024-03-21,37.29999923706055,38.099998474121094,36.5,37.0,54916534,13065,48.48334664094811
2024-03-22,37.349998474121094,37.95000076293945,36.349998474121094,37.0,17891396,8667,47.60157094888106
2024-03-26,37.099998474121094,37.650001525878906,36.79999923706055,37.5,25064700,6672,52.82528826561665
2024-03-27,38.5,38.95000076293945,37.099998474121094,37.400001525878906,92336818,11136,60.97287449178313
2024-03-28,40.400001525878906,40.400001525878906,38.599998474121094,39.0,44688873,11140,64.09256161047307
2024-04-01,41.349998474121094,41.75,38.400001525878906,39.95000076293945,32553386,3257,73.57176775182663
2024-04-02,42.5,43.0,40.400001525878906,41.79999923706055,31126883,8281,54.01619236135721
2024-04-03,43.5,43.54999923706055,41.599998474121094,42.5,28078702,12604,76.44308888937897
2024-04-04,42.95000076293945,44.599998474121094,42.70000076293945,44.5,30712841,16547,69.69163583969035
2024-04-05,42.650001525878906,43.0,42.0,43.0,15830518,4381,69.13624470191931
2024-04-08,41.5,43.150001525878906,41.400001525878906,43.150001525878906,20072402,17250,77.44998691087517
2024-04-09,40.900001525878906,42.5,40.79999923706055,41.5,20548936,17279,77.869294182787
2024-04-10,42.150001525878906,42.650001525878906,41.099998474121094,41.150001525878906,28693252,8036,68.56142114956604
2024-04-12,42.150001525878906,42.75,41.79999923706055,42.150001525878906,37205677,7661,49.290795422051126
2024-04-15,40.75,41.20000076293945,40.04999923706055,40.04999923706055,37643079,3704,70.3048670808139
2024-04-16,40.5,41.25,39.54999923706055,39.849998474121094,20994202,6011,66.44479152010821
2024-04-18,41.150001525878906,41.70000076293945,40.70000076293945,41.0,23917024,13785,66.22135108916315
2024-04-19,39.349998474121094,40.70000076293945,39.099998474121094,40.45000076293945,54049625,5704,66.58900517067201
2024-04-22,40.849998474121094,41.29999923706055,38.599998474121094,38.849998474121094,62114928,8537,71.46252780394016
2024-04-23,41.849998474121094,42.099998474121094,40.54999923706055,41.0,69215858,13374,66.20151474746446
2024-04-24,41.79999923706055,42.5,41.45000076293945,41.900001525878906,34252835,10125,71.10871008367587
2024-04-25,42.150001525878906,42.29999923706055,41.25,42.20000076293945,22866483,15623,49.079770469684014
2024-04-26,41.650001525878906,42.150001525878906,41.25,42.04999923706055,18201395,3029,77.29414424371555
2024-04-29,41.599998474121094,42.0,41.400001525878906,41.849998474121094,17815539,16679,74.69406217168648
2024-04-30,41.599998474121094,42.099998474121094,41.0,41.95000076293945,30499261,4050,66.59602054109497
2024-05-02,41.70000076293945,42.04999923706055,41.04999923706055,41.599998474121094,31530269,14030,47.862795240829534
2024-05-03,41.349998474121094,42.29999923706055,41.04999923706055,42.0,23725164,12008,45.271151461357235
2024-05-06,40.79999923706055,42.0,40.400001525878906,42.0,17232143,3169,57.69246451604594
2024-05-07,39.75,40.79999923706055,39.0,40.75,27831110,12304,51.95353436858606
2024-05-08,39.95000076293945,40.20000076293945,39.04999923706055,39.75,24940794,4740,63.20226450156392
2024-05-09,39.599998474121094,40.400001525878906,39.45000076293945,40.0,21071854,13020,58.526117732934935
2024-05-10,39.900001525878906,40.099998474121094,39.0,39.849998474121094,14667345,5422,76.87039744965863
2024-05-13,39.0,39.900001525878906,37.900001525878906,39.900001525878906,23030136,11970,56.90944267251575
2024-05-14,40.20000076293945,40.75,39.04999923706055,39.04999923706055,15680138,4731,65.85516033456929
2024-05-15,42.20000076293945,42.20000076293945,40.04999923706055,40.400001525878906,42747507,7705,54.006999727085315
2024-05-16,42.79999923706055,43.0,41.75,42.5,36344580,3261,54.211705179756635
2024-05-17,42.599998474121094,42.95000076293945,42.099998474121094,42.79999923706055,24116415,10631,56.60050139794801
2024-05-21,44.04999923706055,44.20000076293945,41.900001525878906,42.5,45615167,8202,77.00738988502741
2024-05-22,46.0,46.25,42.95000076293945,44.5,80221850,15948,67.42219058728512
2024-05-23,48.29999923706055,48.29999923706055,45.70000076293945,46.400001525878906,90528423,3034,71.31418087431106
2024-05-24,45.95000076293945,49.0,45.900001525878906,49.0,53070069,5743,62.523233158040675
2024-05-27,45.20000076293945,46.70000076293945,45.0,45.25,38521150,9104,58.1935439188923
2024-05-28,43.95000076293945,45.849998474121094,43.400001525878906,45.5,26264263,6975,48.96697181153766
2024-05-29,46.099998474121094,46.099998474121094,43.54999923706055,43.900001525878906,30979346,10408,58.66272398388612
2024-05-30,45.400001525878906,46.900001525878906,44.5,46.29999923706055,31288700,11134,68.84632367088793
2024-05-31,47.650001525878906,47.650001525878906,44.29999923706055,45.70000076293945,115665511,17858,58.147306348235475
2024-06-03,50.0,50.0,50.0,50.0,62876628,10691,53.41111749011263
2024-06-04,47.5,52.099998474121094,47.5,52.099998474121094,123854100,13726,68.65083781021355
2024-06-05,48.45000076293945,49.79999923706055,45.150001525878906,45.150001525878906,81272335,8384,46.9065354945426
2024-06-06,49.79999923706055,50.5,48.5,49.45000076293945,49163158,16830,45.59043972268429
2024-06-07,49.900001525878906,50.45000076293945,49.0,50.0,30336425,12443,77.53817923179014
2024-06-10,47.400001525878906,48.630001068115234,47.400001525878906,47.400001525878906,90220734,16032,78.9305144136439
2024-06-11,48.2599983215332,49.290000915527344,47.02000045776367,47.400001525878906,47583387,9130,73.39724429227276
2024-06-12,50.279998779296875,50.5,48.400001525878906,48.5099983215332,87422931,4648,48.90297011356406
2024-06-13,49.869998931884766,50.5,49.290000915527344,50.5,48465602,15254,50.2534165450961
2024-06-14,49.47999954223633,51.189998626708984,49.099998474121094,50.0,85029862,16734,51.93335509418382
2024-06-18,49.959999084472656,50.290000915527344,48.849998474121094,49.599998474121094,49874657,5370,68.67222485826458
2024-06-19,48.900001525878906,50.279998779296875,48.75,50.189998626708984,26139387,17760,62.88292379024236
2024-06-20,50.529998779296875,51.34000015258789,49.54999923706055,51.34000015258789,99070183,11079,71.96578511419345
2024-06-21,53.04999923706055,53.04999923706055,51.0,51.20000076293945,143678671,15442,63.39965125373632
2024-06-24,54.70000076293945,55.70000076293945,54.150001525878906,55.45000076293945,149419809,11337,58.854100221228194
2024-06-25,53.599998474121094,55.5,53.31999969482422,55.150001525878906,63723030,4976,48.64958186258363
2024-06-26,52.7599983215332,54.369998931884766,52.29999923706055,53.599998474121094,52438770,15536,56.50791618609241
2024-06-27,53.279998779296875,54.0,51.5,53.04999923706055,52502181,12759,75.7828198958037
2024-06-28,52.86000061035156,54.0,52.709999084472656,53.900001525878906,38744898,7134,75.74580821739822
2024-07-01,52.93000030517578,53.279998779296875,52.59000015258789,53.20000076293945,25423991,7124,60.778481904666606
2024-07-02,53.029998779296875,53.380001068115234,52.43000030517578,53.0,24502330,15253,54.916995543695876
2024-07-03,53.529998779296875,53.95000076293945,53.0,53.099998474121094,29907631,8599,55.28014385328899
2024-07-04,54.029998779296875,55.66999816894531,53.369998931884766,53.599998474121094,63199465,15687,77.78290169147321
2024-07-05,55.4900016784668,56.4900016784668,53.79999923706055,54.369998931884766,96909661,12413,73.97805285239986
2024-07-08,55.20000076293945,56.0,54.5,55.95000076293945,54588551,10116,59.60478315019458
2024-07-09,55.369998931884766,55.84000015258789,53.86000061035156,55.29999923706055,33858415,4157,66.69756371134321
2024-07-10,54.88999938964844,56.0,53.900001525878906,55.66999816894531,37727227,8302,60.16771100501981
2024-07-11,54.720001220703125,55.0,54.20000076293945,55.0,26061094,11027,66.07357841268696
2024-07-12,54.630001068115234,55.43000030517578,53.650001525878906,55.0,37499020,11944,78.82762937985149
2024-07-15,54.619998931884766,55.0,54.02000045776367,55.0,27141448,12460,53.334307441342126
2024-07-16,55.880001068115234,56.0,54.43000030517578,54.900001525878906,76577863,7361,73.52379593892196
2024-07-18,55.38999938964844,55.720001220703125,53.81999969482422,55.5,68196637,12922,70.70537984642047
2024-07-19,54.54999923706055,55.869998931884766,53.81999969482422,55.380001068115234,52178598,7276,65.64472322980997
2024-07-22,55.08000183105469,55.439998626708984,53.5,54.65999984741211,47805246,9243,67.96997243353415
2024-07-23,57.83000183105469,57.83000183105469,54.0,57.20000076293945,281887693,3270,50.47148300740151
2024-07-24,60.720001220703125,60.720001220703125,59.630001068115234,59.70000076293945,90757700,16705,59.3371408466031
2024-07-25,61.470001220703125,63.75,60.79999923706055,62.290000915527344,170325709,5731,62.03996810525236
2024-07-26,61.88999938964844,63.0,61.0,62.68000030517578,67858407,16862,63.66286270903956
2024-07-29,64.9800033569336,64.9800033569336,62.380001068115234,62.95000076293945,97886927,16494,69.37513530844858
2024-07-30,68.22000122070312,68.22000122070312,65.62999725341797,65.80999755859375,114489676,14122,52.77811946953957
2024-07-31,69.37999725341797,70.88999938964844,68.27999877929688,70.11000061035156,131539602,3565,47.772217791110194
2024-08-01,67.9800033569336,70.98999786376953,66.22000122070312,69.93000030517578,134824650,4621,68.91315087810098
2024-08-02,71.3499984741211,71.37000274658203,67.05000305175781,67.80000305175781,131096033,14452,70.58527738894688
2024-08-05,67.8499984741211,71.63999938964844,67.77999877929688,69.9000015258789,209904382,5155,75.24825128983129
2024-08-06,66.2699966430664,70.8499984741211,65.5999984741211,68.75,96665562,11846,53.1222469741137
2024-08-07,69.58000183105469,69.58000183105469,68.11000061035156,69.0,65576822,4692,63.60444801030809
2024-08-08,72.91999816894531,73.05000305175781,70.58000183105469,71.0,212956025,3288,56.26412304731564
2024-08-09,76.54000091552734,76.55999755859375,73.0,74.5999984741211,142611445,4475,75.02528845512755
2024-08-12,80.36000061035156,80.36000061035156,74.6500015258789,77.1500015258789,131256497,17624,58.819206844401464
2024-08-13,80.79000091552734,84.29000091552734,78.3499984741211,81.97000122070312,193725637,8259,52.869125917505414
2024-08-14,76.7699966430664,82.41000366210938,76.75,82.19000244140625,141960840,17202,63.08404731398963
2024-08-16,79.94999694824219,80.5,74.12000274658203,77.94999694824219,155613726,4540,58.6919105760164
2024-08-19,80.70999908447266,82.44999694824219,79.20999908447266,80.63999938964844,96552950,5064,62.78062108754203
2024-08-20,79.43000030517578,81.58000183105469,78.5,81.30999755859375,54449596,15890,52.578794613426375
2024-08-21,78.8499984741211,80.1500015258789,78.61000061035156,79.4000015258789,38869576,11707,76.72833561017956
2024-08-22,77.56999969482422,79.58999633789062,77.30000305175781,79.2300033569336,41519353,12628,73.60495628318053
2024-08-23,78.83999633789062,80.5,77.69999694824219,77.69999694824219,67410388,15982,66.67886586988034
2024-08-26,76.4000015258789,79.79000091552734,75.66000366210938,79.33999633789062,57918809,6210,75.23705396030267
2024-08-27,77.5,78.30000305175781,76.5999984741211,77.23999786376953,32622346,16886,49.40598973900663
2024-08-28,78.95999908447266,79.7300033569336,77.66000366210938,77.94999694824219,47724768,4183,68.08334847348843
2024-08-29,77.0,78.69000244140625,76.19999694824219,78.66999816894531,41938870,8847,78.10034847592055
2024-08-30,75.83999633789062,77.58000183105469,75.12000274658203,77.30000305175781,63934257,4057,50.99196484964102
2024-09-02,73.80999755859375,76.0999984741211,72.5,75.83999633789062,71966033,13755,62.32212381366385
2024-09-03,74.47000122070312,76.37000274658203,73.54000091552734,73.80999755859375,49347993,11688,54.91038104436581
2024-09-04,74.16000366210938,74.9000015258789,73.30000305175781,74.4000015258789,28321394,8580,67.83349812786338
2024-09-05,76.0,77.08999633789062,74.66000366210938,75.69999694824219,56483144,6881,61.273633125415074
2024-09-06,74.72000122070312,77.3499984741211,74.51000213623047,76.75,43635971,16198,64.17111096055571
2024-09-09,74.33999633789062,77.27999877929688,72.81999969482422,75.27999877929688,87247821,13993,70.5585351098522
2024-09-10,78.05000305175781,78.05000305175781,75.33999633789062,75.83000183105469,144759489,7228,46.44215281293017
2024-09-11,81.94999694824219,81.94999694824219,79.0999984741211,79.33999633789062,121404214,3221,61.053216321877024
2024-09-12,81.69999694824219,86.04000091552734,80.41000366210938,86.0,186025037,11333,59.050656249527506
2024-09-13,83.11000061035156,84.5,80.80000305175781,82.13999938964844,82750388,17848,72.64452982583092
2024-09-16,84.69999694824219,85.8499984741211,83.66000366210938,83.87999725341797,67945786,12665,62.03419996645065
2024-09-17,82.0,85.4000015258789,80.56999969482422,85.18000030517578,61029140,5297,75.19696478985836
2024-09-18,80.81999969482422,82.9800033569336,80.5199966430664,82.19999694824219,37668180,12051,72.40634734313824
2024-09-19,80.97000122070312,83.0,78.0,81.88999938964844,60446356,8109,57.73286567581577
2024-09-20,83.44999694824219,84.0,81.30999755859375,82.23999786376953,74313107,7779,50.70752735563175
2024-09-23,82.88999938964844,84.98999786376953,82.69999694824219,84.19000244140625,35307207,15371,57.22524471888213
2024-09-24,83.79000091552734,84.19999694824219,82.31999969482422,83.0,34414038,14953,63.54571304851763
2024-09-25,82.95999908447266,83.69999694824219,82.5,83.69999694824219,27040040,12164,63.639249014012165
2024-09-26,81.83999633789062,83.36000061035156,81.5,82.94999694824219,24929699,5054,61.86654411013907
2024-09-27,81.08999633789062,82.7699966430664,80.5,81.75,42523359,10289,61.36463083728132
2024-09-30,80.05000305175781,81.58000183105469,79.37000274658203,80.80000305175781,42376466,4061,70.01743701194394
2024-10-01,79.73999786376953,81.52999877929688,79.5,80.30000305175781,27494973,17047,61.60008426041598
2024-10-03,75.75,78.5999984741211,75.75,76.73999786376953,79766127,13041,45.19590142599399
2024-10-04,74.66999816894531,76.6500015258789,72.22000122070312,74.8499984741211,77974009,15924,71.19255654085717
2024-10-07,70.93000030517578,76.48999786376953,70.93000030517578,75.63999938964844,76807728,8363,61.83234453667558
2024-10-08,73.63999938964844,74.19999694824219,66.0999984741211,68.0999984741211,135896990,4789,63.933095330748806
2024-10-09,76.69000244140625,80.5999984741211,74.55000305175781,74.58999633789062,136134618,3863,66.6364219570658
2024-10-10,75.44000244140625,77.88999938964844,74.66999816894531,77.5,71016473,14544,50.23338943863428
2024-10-11,74.38999938964844,76.06999969482422,74.25,75.75,32799505,7366,51.93742156938519
2024-10-14,74.01000213623047,75.0,73.75,74.6500015258789,24979009,12183,69.31208688515763
2024-10-15,73.70999908447266,74.23999786376953,72.1500015258789,74.0999984741211,42418804,7268,63.01209462005889
2024-10-16,75.05000305175781,75.6500015258789,73.5199966430664,73.70999908447266,47156496,8045,77.81198398527962
2024-10-17,73.01000213623047,75.44999694824219,72.4000015258789,75.38999938964844,32194681,6522,62.471187127586404
2024-10-18,72.19000244140625,73.3499984741211,71.0999984741211,72.9000015258789,36018706,8810,45.841963833237216
2024-10-21,70.62999725341797,72.7699966430664,70.30000305175781,72.48999786376953,27026007,5029,48.515547827633426
2024-10-22,68.55999755859375,71.30000305175781,67.5,70.58999633789062,67732028,9388,60.562929938979124
2024-10-23,68.8499984741211,69.94000244140625,66.0999984741211,67.30000305175781,55215451,13034,73.57835290396943
2024-10-24,69.1500015258789,71.13999938964844,68.4000015258789,69.08000183105469,35058205,3790,49.31650472770085
2024-10-25,67.47000122070312,70.30000305175781,66.0,69.87999725341797,49452859,15005,72.06997996870902
2024-10-28,70.83999633789062,72.5999984741211,66.13999938964844,68.0,81820533,14648,66.26596148023887
2024-10-29,68.87000274658203,73.5,66.81999969482422,72.75,129971042,9944,62.48833000655392
2024-10-30,68.12999725341797,69.62999725341797,67.55999755859375,68.98999786376953,52761387,15600,67.87739889455182
2024-10-31,66.94999694824219,68.44000244140625,66.69999694824219,67.95999908447266,41454018,8654,75.88003237981798
2024-11-01,68.13999938964844,68.4000015258789,67.19999694824219,67.30000305175781,14965199,16250,70.29119720227979
2024-11-04,66.31999969482422,68.23999786376953,65.19999694824219,68.19000244140625,55381082,7110,69.54894489054308
2024-11-05,67.37000274658203,68.25,65.52999877929688,66.30000305175781,45626050,11746,68.68933576687073
2024-11-06,69.31999969482422,69.8499984741211,67.41999816894531,68.0,50008246,5201,68.29909357932124
2024-11-07,66.80000305175781,69.44999694824219,66.44000244140625,69.44999694824219,49354800,5876,75.64412247285976
2024-11-08,62.5,66.58999633789062,61.84000015258789,66.58999633789062,86095752,6541,46.93326655981464
2024-11-11,62.15999984741211,63.13999938964844,58.560001373291016,61.5,128104971,4521,64.01490977958076
2024-11-12,59.38999938964844,62.869998931884766,59.099998474121094,62.15999984741211,67563924,13354,47.00369604056554
2024-11-13,54.029998779296875,59.279998779296875,53.45000076293945,58.0,194511406,7642,62.40070575547403
2024-11-14,56.72999954223633,56.72999954223633,53.650001525878906,54.029998779296875,56957801,5331,47.36525964869894
2024-11-18,59.2599983215332,59.560001373291016,56.79999923706055,59.45000076293945,119110598,15222,58.73537272814713
2024-11-19,62.220001220703125,62.220001220703125,59.41999816894531,60.5,74476083,7418,66.56778596516627
2024-11-21,65.33000183105469,65.33000183105469,63.5,63.900001525878906,131579845,12806,69.20473152742484
2024-11-22,65.22000122070312,68.33000183105469,64.5999984741211,66.80000305175781,130345329,3625,71.81171747491435
2024-11-25,64.2300033569336,67.5,63.709999084472656,67.0,123922270,13821,72.50238675906299
2024-11-26,63.56999969482422,64.8499984741211,63.29999923706055,64.63999938964844,35463228,3948,74.89188815022462
2024-11-27,63.59000015258789,64.29000091552734,62.709999084472656,63.880001068115234,37152591,17366,74.49600765211066
2024-11-28,63.72999954223633,65.5,62.900001525878906,63.689998626708984,42559541,7715,65.3237043644548
2024-11-29,62.97999954223633,64.22000122070312,62.40999984741211,63.900001525878906,54815057,5904,67.17304548297423
2024-12-02,66.12000274658203,66.12000274658203,62.279998779296875,63.11000061035156,61128869,13796,77.07514182449104
2024-12-03,65.4000015258789,67.30000305175781,65.0,66.79000091552734,91100475,13958,56.09737403732812
2024-12-04,67.72000122070312,68.44999694824219,65.33999633789062,65.9000015258789,97607170,9583,72.95892888437166
2024-12-05,68.26000213623047,68.80000305175781,66.87999725341797,68.19999694824219,56295912,10102,46.533028851543605
2024-12-06,67.38999938964844,68.38999938964844,67.27999877929688,68.0,38528682,6140,76.38712758491141
2024-12-09,67.36000061035156,67.80000305175781,66.4000015258789,67.37999725341797,34635931,6232,45.8968064431959
2024-12-10,66.55000305175781,67.36000061035156,65.86000061035156,67.30000305175781,29542425,6287,62.53776064552922
2024-12-11,66.12000274658203,67.19999694824219,65.8499984741211,66.41999816894531,32530712,10035,54.22140036821253
2024-12-12,65.69999694824219,66.43000030517578,64.86000061035156,65.61000061035156,33619161,3874,45.2666746147408
2024-12-13,66.19999694824219,67.68000030517578,65.26000213623047,65.5,47952699,16389,52.60121716111468
2024-12-16,66.36000061035156,68.62000274658203,66.16000366210938,67.5,56788124,10793,50.39905801815844
2024-12-17,69.55999755859375,69.66999816894531,66.20999908447266,66.36000061035156,188345914,14573,67.78346571247275
2024-12-18,67.94999694824219,70.18000030517578,67.37000274658203,69.80000305175781,68899550,15974,55.836029906629896
2024-12-19,67.05000305175781,68.58000183105469,66.19999694824219,66.5,56237783,12098,54.68962019677196
2024-12-20,64.12999725341797,67.79000091552734,63.95000076293945,67.55000305175781,55042543,17988,65.3966488019216
2024-12-23,63.86000061035156,65.16000366210938,63.279998779296875,65.16000366210938,30077026,15131,74.77291618802671
2024-12-24,64.87000274658203,65.37999725341797,63.77000045776367,63.97999954223633,24810689,16094,52.286104880794745
2024-12-26,64.33999633789062,65.1500015258789,63.869998931884766,64.98999786376953,19522002,3542,68.75419359740762
2024-12-27,63.25,64.7300033569336,63.0,64.5,20617504,11761,56.92956246873457
2024-12-30,61.41999816894531,63.88999938964844,61.11000061035156,63.189998626708984,50198161,15747,65.41169019890071
2024-12-31,62.220001220703125,62.41999816894531,61.060001373291016,61.4900016784668,34983814,5551,76.96135828846768
2025-01-01,65.33000183105469,65.33000183105469,62.06999969482422,62.63999938964844,62229972,9406,77.55273099917063
2025-01-02,62.91999816894531,65.0999984741211,62.54999923706055,65.0,67889756,5527,46.65020817002843
2025-01-03,61.95000076293945,63.25,61.79999923706055,63.0,42686992,9564,61.48096755122887
2025-01-06,58.849998474121094,62.119998931884766,58.849998474121094,62.04999923706055,62445389,13276,63.952486945180326
2025-01-07,60.880001068115234,61.790000915527344,58.060001373291016,58.060001373291016,59115926,8417,73.45408434996473
2025-01-08,60.029998779296875,61.0,59.0,60.79999923706055,37159538,7598,69.25452800267615
2025-01-09,57.880001068115234,60.349998474121094,57.650001525878906,60.34000015258789,35053006,6083,69.64821736107086
2025-01-10,55.56999969482422,58.150001525878906,55.5,58.0,64397011,7516,73.24095681413442
2025-01-13,54.45000076293945,57.0,53.97999954223633,54.5,92083914,10885,78.4356300642176
2025-01-14,57.16999816894531,57.16999816894531,55.11000061035156,55.20000076293945,41045252,16065,73.43391029784975
2025-01-15,57.2599983215332,59.79999923706055,56.810001373291016,57.16999816894531,65243228,11260,74.23288877558262
2025-01-16,56.869998931884766,59.189998626708984,56.70000076293945,58.7599983215332,39797323,15837,59.37148859573604
2025-01-17,56.84000015258789,57.38999938964844,55.939998626708984,57.0,41806502,5671,60.77036499833413
2025-01-20,58.09000015258789,58.790000915527344,56.2599983215332,57.52000045776367,49547406,4339,72.47995954959792
2025-01-21,57.43000030517578,58.470001220703125,56.349998474121094,58.349998474121094,33972001,3230,74.37691582973935
2025-01-22,55.119998931884766,57.84000015258789,54.54999923706055,57.43000030517578,48986568,10813,56.952516279809586
2025-01-23,54.310001373291016,56.63999938964844,54.189998626708984,55.119998931884766,49582278,16383,72.2218586384575
2025-01-24,52.540000915527344,54.9900016784668,52.150001525878906,54.900001525878906,64210167,4955,60.83466189304852
2025-01-27,50.22999954223633,52.47999954223633,49.90999984741211,52.400001525878906,66288203,9198,72.261216713307
2025-01-28,50.2599983215332,51.59000015258789,47.810001373291016,50.59000015258789,86563217,15386,58.67760045631833
2025-01-29,52.77000045776367,52.77000045776367,52.77000045776367,52.77000045776367,13990368,8341,70.89304743258336
2025-01-30,55.400001525878906,55.400001525878906,55.400001525878906,55.400001525878906,10961611,10255,59.20782358020335
2025-01-31,58.16999816894531,58.16999816894531,56.54999923706055,57.0,111500110,8756,75.74356574678716
2025-02-01,58.15999984741211,61.06999969482422,56.5099983215332,60.5,168912946,6711,64.99597030128542
2025-02-03,56.369998931884766,59.099998474121094,55.40999984741211,57.779998779296875,93425367,17204,61.75444088173258
2025-02-04,56.91999816894531,57.97999954223633,55.959999084472656,57.189998626708984,42367489,7035,71.25406728210812
2025-02-05,55.900001525878906,57.77000045776367,55.77000045776367,57.2400016784668,37787329,6267,70.44857329979882
2025-02-06,54.91999816894531,56.380001068115234,54.54999923706055,55.90999984741211,31769107,16907,75.18320394949265
2025-02-07,53.61000061035156,55.08000183105469,52.91999816894531,54.970001220703125,38821987,4535,76.21243196044573
2025-02-10,52.720001220703125,54.38999938964844,52.310001373291016,53.38999938964844,31170558,11622,72.31952948402709
2025-02-11,51.9900016784668,53.04999923706055,50.31999969482422,52.849998474121094,49471491,16323,47.09850516080241
2025-02-12,52.400001525878906,52.9900016784668,49.04999923706055,51.9900016784668,69163693,5316,53.064588972069735
2025-02-13,53.349998474121094,53.95000076293945,52.290000915527344,52.810001373291016,41607228,3832,77.53478992360007
2025-02-14,51.13999938964844,53.880001068115234,50.45000076293945,53.54999923706055,45983899,14755,60.599199594413
2025-02-17,51.41999816894531,51.689998626708984,49.5,51.0,46742293,15295,78.55030705508005
2025-02-18,50.63999938964844,51.349998474121094,49.4900016784668,51.0,38970008,8129,54.84417308580694
2025-02-19,54.15999984741211,55.279998779296875,49.84000015258789,50.29999923706055,71927816,5853,78.38815718008061
2025-02-20,54.880001068115234,55.349998474121094,53.25,54.0,38873355,16862,47.52061202921226
2025-02-21,55.16999816894531,56.29999923706055,54.29999923706055,54.900001525878906,56799902,15613,49.950528020537256
2025-02-24,54.290000915527344,54.70000076293945,53.45000076293945,54.599998474121094,43162800,3310,60.802129923448774
2025-02-25,54.58000183105469,55.08000183105469,54.27000045776367,54.290000915527344,21791959,4392,47.69066583782057
2025-02-27,52.130001068115234,54.939998626708984,51.75,54.63999938964844,39073334,11586,47.17447161766847
2025-02-28,49.709999084472656,51.900001525878906,49.5099983215332,51.209999084472656,93211241,8269,70.63670519375847
2025-03-03,49.779998779296875,51.189998626708984,46.599998474121094,50.04999923706055,108578059,4302,72.0127522928441
2025-03-04,50.11000061035156,51.4900016784668,48.52000045776367,48.849998474121094,67731679,12182,70.35181980715632
2025-03-05,51.4900016784668,52.04999923706055,50.5099983215332,50.599998474121094,72632328,9357,71.60960024595236
2025-03-06,52.099998474121094,52.88999938964844,51.720001220703125,52.689998626708984,56090540,10078,45.652454477334786
2025-03-07,54.91999816894531,56.939998626708984,51.599998474121094,51.9900016784668,106855231,11894,55.876376481911194
2025-03-10,53.2400016784668,56.790000915527344,52.7599983215332,55.11000061035156,81450055,14732,53.03287306389659
2025-03-11,53.7599983215332,54.150001525878906,51.630001068115234,52.02000045776367,58522186,5760,49.366597918787804
2025-03-12,53.849998474121094,54.45000076293945,52.77000045776367,54.060001373291016,48314005,16114,52.67362215550058
2025-03-13,54.58000183105469,55.0,53.619998931884766,54.349998474121094,43837645,6000,51.400102959946494
2025-03-17,54.5,56.5,54.25,54.7400016784668,54133917,10588,65.40239419945277
2025-03-18,54.5,54.5,54.5,54.5,0,10786,51.49949587906155
2025-03-19,57.7599983215332,58.0,55.34000015258789,55.38999938964844,79465967,5796,52.64443296329526
2025-03-20,58.38999938964844,59.400001525878906,56.68000030517578,58.900001525878906,51729766,17873,57.40282584836485
2025-03-21,56.5,58.650001525878906,55.939998626708984,58.380001068115234,104724888,13120,53.56982803765588
2025-03-24,57.90999984741211,58.36000061035156,57.04999923706055,57.689998626708984,58367956,3797,48.76398457643431
2025-03-25,57.650001525878906,59.47999954223633,57.04999923706055,58.459999084472656,66615843,9064,63.45521435363433
2025-03-26,57.43000030517578,58.630001068115234,56.29999923706055,57.900001525878906,52250161,4371,69.97401031093017
2025-03-27,57.0099983215332,57.939998626708984,56.439998626708984,57.11000061035156,49678644,11879,69.74119022213425
2025-03-28,56.65999984741211,58.400001525878906,56.400001525878906,57.36000061035156,43376048,11394,53.65625764018748
2025-04-01,55.75,56.97999954223633,55.11000061035156,55.5,40810312,6405,47.75784320818404
2025-04-02,57.43000030517578,57.7400016784668,54.36000061035156,55.84000015258789,49530064,17934,71.80919006639009
2025-04-03,57.4900016784668,57.81999969482422,56.20000076293945,56.209999084472656,42914792,15381,51.875769385994616
2025-04-04,55.36000061035156,57.5,54.65999984741211,57.4900016784668,51863551,5192,46.032721419281884
2025-04-07,52.119998931884766,53.099998474121094,46.150001525878906,46.900001525878906,81905901,4104,49.1754033784339
2025-04-08,53.08000183105469,54.34000015258789,52.72999954223633,54.34000015258789,40949448,5966,45.53376107534037
2025-04-09,51.209999084472656,53.7599983215332,51.0099983215332,53.06999969482422,50850121,9318,47.03618655134745
2025-04-11,53.0,53.959999084472656,52.15999984741211,53.959999084472656,49591603,12885,58.12420006402283
2025-04-15,54.369998931884766,55.65999984741211,53.90999984741211,54.880001068115234,58941572,3412,60.85995273797248
2025-04-16,54.34000015258789,54.88999938964844,53.849998474121094,54.5099983215332,34690956,7705,51.98324320718907
2025-04-17,55.06999969482422,55.720001220703125,54.0099983215332,54.33000183105469,54279879,14388,65.19921515328298
2025-04-21,60.290000915527344,61.099998474121094,55.5,55.54999923706055,169658526,6846,62.866848239408256
2025-04-22,59.27000045776367,61.58000183105469,59.02000045776367,60.95000076293945,89155646,6016,61.317494418671316
2025-04-23,59.9900016784668,60.16999816894531,58.130001068115234,59.68000030517578,97968387,16124,77.24699842619805
2025-04-24,60.11000061035156,61.4900016784668,59.720001220703125,60.0,97850644,15818,54.75890014798105
2025-04-25,58.29999923706055,60.45000076293945,56.720001220703125,60.310001373291016,104362729,9507,48.88680654303061
2025-04-28,57.779998779296875,58.4900016784668,57.0,57.5,50641247,9026,68.81904729506941
2025-04-29,57.70000076293945,59.5,57.349998474121094,58.0,51629064,9135,55.102346954684826
2025-04-30,56.400001525878906,57.900001525878906,56.0,57.70000076293945,55507075,12051,45.20054022755842
2025-05-02,56.130001068115234,56.9900016784668,55.86000061035156,56.15999984741211,35493371,15385,56.24647533996851
2025-05-05,56.91999816894531,57.25,56.349998474121094,56.5,30173749,13302,57.16882026654391
2025-05-06,53.7400016784668,57.4900016784668,53.41999816894531,57.0,59698908,11868,70.79445421538018
2025-05-07,54.70000076293945,55.18000030517578,52.400001525878906,52.400001525878906,100831859,14928,46.143091653939514
2025-05-08,53.150001525878906,55.97999954223633,52.79999923706055,55.5,65062799,10194,59.6663623226091
2025-05-09,52.66999816894531,53.0,51.099998474121094,51.25,68598385,4414,78.5342285498905
2025-05-12,56.95000076293945,57.400001525878906,55.2400016784668,56.2400016784668,89597903,12862,67.01302446348443
2025-05-13,57.599998474121094,58.16999816894531,56.709999084472656,57.20000076293945,55623455,6325,65.0877798227816
2025-05-14,59.91999816894531,60.400001525878906,57.400001525878906,57.900001525878906,97734016,17548,75.32921959855749
2025-05-15,61.220001220703125,61.77000045776367,60.099998474121094,60.400001525878906,79989466,16742,59.08934454060429
2025-05-16,61.08000183105469,62.130001068115234,60.349998474121094,61.599998474121094,77800547,5595,70.2760114327235
2025-05-19,61.529998779296875,62.599998474121094,61.119998931884766,61.209999084472656,53353255,10418,70.5078509525129
2025-05-20,60.349998474121094,62.189998626708984,60.099998474121094,61.95000076293945,64416562,13952,75.91276485202052
2025-05-21,61.279998779296875,61.650001525878906,59.349998474121094,60.20000076293945,57916922,3062,62.990928511310074
2025-05-22,61.0099983215332,61.720001220703125,60.349998474121094,61.0,43220436,12979,65.78322439613822
2025-05-23,62.209999084472656,62.900001525878906,60.65999984741211,61.45000076293945,90698519,14728,46.076632391249355
2025-05-26,64.37000274658203,65.94999694824219,62.7400016784668,62.83000183105469,127004476,11213,71.90649430931427
2025-05-27,65.38999938964844,66.0,63.61000061035156,64.9000015258789,125848116,14398,50.23271194100654
2025-05-28,66.31999969482422,68.5,65.51000213623047,65.70999908447266,162393521,16007,67.36087206150182
2025-05-29,65.41999816894531,67.61000061035156,64.75,67.19000244140625,106020315,11079,54.05940673373027
2025-05-30,71.4800033569336,74.30000305175781,70.55000305175781,71.5,547640042,10220,66.55047024147761
2025-06-02,71.19000244140625,73.5,70.70999908447266,72.19999694824219,173588228,14917,63.78788101982897
2025-06-03,68.1500015258789,72.4000015258789,67.9000015258789,71.69999694824219,166631797,11570,77.0667891726086
2025-06-04,66.72000122070312,68.58000183105469,66.5,68.3499984741211,125734824,7692,68.93568619176575
2025-06-05,66.7699966430664,68.5999984741211,66.5,67.0,116558636,14322,57.886169345051215
2025-06-06,66.70999908447266,67.5,66.0999984741211,67.4000015258789,75950376,9012,67.1243352414433
2025-06-09,67.12999725341797,68.30000305175781,67.0,67.75,110914040,13314,73.64289470110221
2025-06-10,68.29000091552734,69.5,66.80000305175781,67.83000183105469,158113094,11934,77.42946971064812
2025-06-11,67.58999633789062,69.4000015258789,67.12000274658203,68.5999984741211,99916334,7600,63.67789282454454
2025-06-12,65.68000030517578,67.88999938964844,65.5,67.75,91116082,15193,75.71770620472644
2025-06-13,64.7300033569336,65.4800033569336,63.31999969482422,64.19000244140625,90307455,12332,65.77664655047938
2025-06-16,65.41000366210938,65.80000305175781,63.15999984741211,64.5,82798745,17116,57.54717367362838
2025-06-17,64.5199966430664,65.87000274658203,64.11000061035156,65.41000366210938,62347373,4804,62.94198347474714
2025-06-18,64.06999969482422,65.23999786376953,63.810001373291016,64.5199966430664,49246678,17931,50.76389104965117
2025-06-19,62.529998779296875,64.4000015258789,61.7599983215332,64.0,90679408,14576,71.31871150147879
2025-06-20,63.22999954223633,64.4800033569336,62.41999816894531,62.560001373291016,155351419,4051,61.69980629869433
2025-06-23,62.790000915527344,63.20000076293945,62.04999923706055,62.599998474121094,48152988,16615,61.33193742146316
2025-06-24,64.38999938964844,64.66999816894531,63.2599983215332,63.70000076293945,84498836,17271,65.6697172913278
2025-06-25,64.31999969482422,64.9000015258789,63.90999984741211,64.9000015258789,51596980,4513,63.605125188599885
2025-06-26,64.52999877929688,65.56999969482422,64.08000183105469,64.54000091552734,63684828,13240,56.47054639101688
2025-06-27,67.31999969482422,67.69999694824219,64.44999694824219,64.80000305175781,157324744,14934,55.78318109180715
2025-06-30,67.72000122070312,68.16999816894531,66.5,67.6500015258789,100164317,5331,65.34664744213295
2025-07-01,67.19999694824219,68.12000274658203,67.01000213623047,67.72000122070312,49316098,8885,76.0106300623102
2025-07-02,64.79000091552734,67.5199966430664,64.4000015258789,67.37999725341797,72931988,7189,66.449883770392
2025-07-03,65.2699966430664,66.20999908447266,64.91999816894531,65.4000015258789,48302742,3778,57.927767367635695
2025-07-04,65.52999877929688,65.69999694824219,64.91999816894531,65.5,32254269,6528,69.30855543974221
2025-07-07,65.87999725341797,66.58999633789062,65.12999725341797,65.80000305175781,41996456,4318,47.18214368949987
2025-07-08,66.26000213623047,66.5,65.30000305175781,65.79000091552734,40707600,16123,77.26808411496762
2025-07-09,65.94000244140625,66.8499984741211,65.72000122070312,66.47000122070312,39940889,17818,48.66005275545295
2025-07-10,65.97000122070312,66.54000091552734,65.51000213623047,66.0,31012486,14697,59.33376638254622
2025-07-11,65.91999816894531,66.26000213623047,65.25,65.97000122070312,32762054,4348,65.94860154687898
2025-07-14,65.44000244140625,66.44000244140625,65.26000213623047,66.22000122070312,37954638,15986,66.27507127002123
2025-07-15,67.16999816894531,67.4000015258789,65.47000122070312,65.47000122070312,68141681,16051,60.148532953056915
2025-07-16,67.02999877929688,68.30000305175781,66.8499984741211,67.30000305175781,52713937,6991,61.75937738693693
2025-07-17,66.26000213623047,67.13999938964844,66.05000305175781,67.0999984741211,31477927,14172,71.02181126226773
2025-07-18,65.05999755859375,66.58999633789062,64.7699966430664,66.26000213623047,37155281,8355,53.75774080621527
2025-07-21,66.41999816894531,66.5,65.0,65.23999786376953,35813725,7709,63.57430138293546
2025-07-22,66.58000183105469,66.77999877929688,65.69999694824219,66.68000030517578,35735857,11708,73.96940608555099
2025-07-23,65.9800033569336,66.44000244140625,65.5199966430664,66.0999984741211,32844030,16335,46.73430727668636
2025-07-24,65.31999969482422,66.23999786376953,65.05000305175781,65.9800033569336,25857103,6931,61.68029587387413
2025-07-25,63.619998931884766,65.31999969482422,62.83000183105469,65.30000305175781,55135489,13571,47.742691841297535
2025-07-28,60.849998474121094,63.54999923706055,60.650001525878906,63.5,63833967,12517,65.20459852097918
2025-07-29,61.790000915527344,62.61000061035156,59.95000076293945,60.689998626708984,53322991,8890,77.5121289535692
2025-07-30,61.209999084472656,62.04999923706055,61.0099983215332,61.97999954223633,26142390,6645,65.46610160955001
2025-07-31,61.599998474121094,62.02000045776367,59.779998779296875,60.04999923706055,52270070,9590,70.10585201551008
2025-08-01,65.94999694824219,66.80000305175781,62.29999923706055,62.29999923706055,282885799,8949,54.906353353942016
2025-08-04,65.0,66.80999755859375,64.6500015258789,66.5999984741211,72002898,7902,57.0378988342062
2025-08-05,65.44000244140625,66.0999984741211,64.87000274658203,65.0,49369073,15801,51.63111003047501
2025-08-06,65.26000213623047,65.8499984741211,64.56999969482422,65.77999877929688,47280146,13361,71.92604336030946
2025-08-07,64.20999908447266,65.26000213623047,62.209999084472656,64.80999755859375,75542321,11177,64.29146320089974
2025-08-08,63.189998626708984,64.5199966430664,62.959999084472656,64.5,44361456,10753,76.79979934898094
2025-08-11,63.31999969482422,64.77999877929688,62.88999938964844,63.20000076293945,56446107,5944,56.056969598813325
2025-08-12,63.130001068115234,64.94999694824219,62.56999969482422,64.19999694824219,98199194,15893,45.1221809348361
2025-08-13,60.380001068115234,63.79999923706055,60.099998474121094,63.150001525878906,173116275,5847,56.52512105688869
2025-08-14,60.060001373291016,60.9900016784668,60.0,60.68000030517578,61474611,8682,78.78851289013399
2025-08-18,58.06999969482422,61.63999938964844,56.619998931884766,61.5,175241892,8714,48.695651923253166
2025-08-19,59.59000015258789,59.75,57.720001220703125,58.25,100339049,13505,68.75879606137963
2025-08-20,59.849998474121094,60.349998474121094,59.20000076293945,59.650001525878906,59028795,3151,76.16070152312076
2025-08-21,58.15999984741211,60.2400016784668,58.0099983215332,60.15999984741211,53042863,5378,50.44981513043349
2025-08-22,58.5099983215332,59.290000915527344,58.060001373291016,58.38999938964844,67410588,4859,48.61221659238033
2025-08-25,57.43000030517578,59.040000915527344,57.36000061035156,59.040000915527344,55015151,5696,54.317554077084885
2025-08-26,56.970001220703125,57.45000076293945,56.61000061035156,57.040000915527344,54251386,14149,69.23145378206064
2025-08-28,56.31999969482422,57.310001373291016,55.88999938964844,57.310001373291016,57742437,8956,62.542276961093386
2025-08-29,56.43000030517578,57.150001525878906,55.529998779296875,56.349998474121094,66053084,12867,53.703937797591855
2025-09-01,57.86000061035156,57.97999954223633,56.56999969482422,56.900001525878906,62787374,17118,47.212526979102556
2025-09-02,58.25,59.099998474121094,57.900001525878906,58.45000076293945,72989341,3407,60.979284312732496
2025-09-03,57.9900016784668,58.720001220703125,57.900001525878906,58.25,44161578,4346,77.0365591848354
2025-09-04,57.41999816894531,58.900001525878906,57.27000045776367,58.7400016784668,45523685,14570,63.20462015721361
2025-09-05,57.869998931884766,58.150001525878906,57.29999923706055,57.63999938964844,36924536,14856,52.68993272334088
2025-09-08,57.45000076293945,58.25,57.349998474121094,58.099998474121094,31288449,12807,76.29521291278638
2025-09-09,57.060001373291016,57.75,57.0,57.72999954223633,28437335,10797,48.553389331493534
2025-09-10,57.56999969482422,58.029998779296875,57.209999084472656,57.29999923706055,37061910,10531,67.20897850665754
2025-09-11,56.939998626708984,58.040000915527344,56.880001068115234,57.56999969482422,35651527,10761,52.19753259654282
2025-09-12,57.11000061035156,57.41999816894531,56.72999954223633,57.2599983215332,30872715,5307,49.79772679808187
2025-09-15,58.06999969482422,58.45000076293945,57.20000076293945,57.38999938964844,47861584,7715,61.614268833345406
2025-09-16,58.97999954223633,59.650001525878906,58.290000915527344,58.29999923706055,83962341,11168,53.120881288245286
2025-09-17,59.290000915527344,60.08000183105469,58.75,60.0,63663995,9543,63.92698554262731
2025-09-18,59.08000183105469,59.65999984741211,58.75,59.40999984741211,34615017,9793,51.7409731430752
2025-09-19,60.400001525878906,60.61000061035156,59.060001373291016,59.25,84643232,17234,64.32025743581318
2025-09-22,59.93000030517578,60.970001220703125,59.66999816894531,60.400001525878906,62077740,4401,64.0735450235337
2025-09-23,58.75,60.130001068115234,58.630001068115234,60.0,43152416,8000,50.94814221609374
2025-09-24,57.5,58.880001068115234,57.36000061035156,58.779998779296875,36883372,4859,49.27187243745855
2025-09-25,56.63999938964844,58.20000076293945,56.45000076293945,57.5,38206699,13618,49.96878761255054
2025-09-26,55.279998779296875,57.22999954223633,55.150001525878906,56.959999084472656,54393034,9493,73.0591747335785
2025-09-29,55.279998779296875,56.36000061035156,55.150001525878906,55.70000076293945,49687799,16906,51.55907878028245
2025-09-30,55.04999923706055,55.459999084472656,54.40999984741211,55.380001068115234,57639009,3199,63.909827108531196
2025-10-01,55.18000030517578,55.36000061035156,54.599998474121094,55.04999923706055,46144026,11480,71.43807529069424
2025-10-03,54.459999084472656,55.47999954223633,53.849998474121094,55.439998626708984,69042422,17019,56.62223283009334
2025-10-06,54.11000061035156,55.16999816894531,53.91999816894531,55.0,45009790,3001,48.633708580650065
2025-10-07,54.0099983215332,54.79999923706055,53.95000076293945,54.349998474121094,50646458,16202,63.014972242577024
2025-10-08,52.77000045776367,54.13999938964844,52.65999984741211,54.130001068115234,60453406,13822,77.98350279130341
2025-10-09,53.16999816894531,53.529998779296875,52.54999923706055,52.79999923706055,63749358,12144,75.29336625506261
2025-10-10,54.310001373291016,54.75,53.22999954223633,53.29999923706055,58987213,7600,68.37394136172148
2025-10-13,54.349998474121094,54.47999954223633,53.720001220703125,54.290000915527344,44487704,4537,69.61264931654915
2025-10-14,53.95000076293945,54.70000076293945,53.619998931884766,54.650001525878906,40526897,15922,70.09264546468658
2025-10-15,53.72999954223633,54.599998474121094,53.58000183105469,54.209999084472656,56703266,13051,51.836286326543345
2025-10-16,53.61000061035156,54.20000076293945,53.40999984741211,53.93000030517578,48868416,7010,52.012390224511215
2025-10-17,52.91999816894531,53.95000076293945,52.0,53.61000061035156,173663310,15160,65.31526928767283
2025-10-20,53.09000015258789,53.689998626708984,52.91999816894531,53.189998626708984,34409429,15741,76.34093662504674
2025-10-21,54.18000030517578,54.34000015258789,53.400001525878906,53.599998474121094,22821584,13833,63.37091801900034
2025-10-23,54.529998779296875,55.25,54.220001220703125,54.540000915527344,76480331,7967,61.12360899266406
2025-10-24,53.81999969482422,55.18000030517578,53.650001525878906,54.68000030517578,44370005,12672,69.74066857147834
2025-10-27,53.709999084472656,54.15999984741211,53.630001068115234,54.099998474121094,24719719,8020,71.98976063696406
2025-10-28,56.220001220703125,56.470001220703125,53.599998474121094,53.709999084472656,134473878,11297,58.95906030283059
2025-10-29,58.189998626708984,58.779998779296875,55.97999954223633,56.439998626708984,154967971,3379,73.36237989329959
2025-10-30,58.5099983215332,59.33000183105469,57.91999816894531,58.5,83463327,4719,66.31610496653155
2025-10-31,59.29999923706055,60.18000030517578,58.65999984741211,58.779998779296875,108026021,3090,54.922275080961285
2025-11-03,59.2400016784668,59.880001068115234,58.529998779296875,59.470001220703125,75149800,9239,51.38906414677676
2025-11-04,59.9900016784668,61.369998931884766,58.83000183105469,59.59000015258789,317089760,14250,55.49877527199638
2025-11-06,59.61000061035156,61.5,59.459999084472656,61.5,147235071,6516,70.30465222756656
2025-11-07,57.380001068115234,59.5,56.93000030517578,59.5,122840652,12495,54.566146307545935
2025-11-10,57.43000030517578,58.20000076293945,57.0099983215332,57.900001525878906,63054794,12126,71.95382101986428
2025-11-11,57.81999969482422,58.04999923706055,56.86000061035156,57.599998474121094,50483890,14571,72.26268878630091
2025-11-12,58.47999954223633,58.95000076293945,57.66999816894531,58.20000076293945,53042828,13936,69.4758698588824
2025-11-13,57.58000183105469,58.34000015258789,57.40999984741211,58.290000915527344,40221624,17064,61.68474947053249
2025-11-14,57.68000030517578,58.290000915527344,57.029998779296875,57.5,41214942,8706,61.61947082087512
2025-11-17,57.70000076293945,58.15999984741211,57.5,57.79999923706055,36049802,13025,47.443367580220546
2025-11-18,56.900001525878906,57.880001068115234,56.70000076293945,57.880001068115234,29797672,14661,68.280725586167
2025-11-19,56.529998779296875,57.08000183105469,56.29999923706055,56.95000076293945,35976206,11963,58.05037915333005
2025-11-20,56.70000076293945,57.150001525878906,56.52000045776367,56.599998474121094,37658777,13102,53.29657133600026
2025-11-21,55.099998474121094,56.720001220703125,55.0,56.66999816894531,42894379,10539,54.13325552255585
2025-11-24,54.61000061035156,55.540000915527344,54.400001525878906,55.099998474121094,96347031,12553,55.92849664406721
2025-11-25,54.189998626708984,54.95000076293945,54.11000061035156,54.5,36680917,17878,47.26038398668932
2025-11-26,55.58000183105469,55.689998626708984,54.13999938964844,54.20000076293945,43866679,17271,52.524482860086806
2025-11-27,54.93000030517578,55.900001525878906,54.810001373291016,55.70000076293945,28645872,13646,49.34910545936323
2025-11-28,54.0099983215332,55.0,53.75,55.0,52551047,5456,55.208044951058014
2025-12-01,53.720001220703125,54.7400016784668,53.52000045776367,54.29999923706055,33170385,11855,48.65904479340867
2025-12-02,53.41999816894531,54.099998474121094,53.209999084472656,53.75,41115861,13674,69.05841062694172
2025-12-03,52.59000015258789,53.650001525878906,52.220001220703125,53.43000030517578,42825048,13571,57.35486355617291
2025-12-04,50.849998474121094,52.84000015258789,50.599998474121094,52.650001525878906,76794810,4224,71.31987371265727
2025-12-05,51.7400016784668,52.150001525878906,50.75,51.130001068115234,61141969,6202,65.31388598993817
2025-12-08,51.779998779296875,53.0,51.56999969482422,52.0099983215332,97482417,14827,57.14685819301275
2025-12-09,52.54999923706055,52.77000045776367,51.0,51.9900016784668,64804664,16741,74.53496966416904
2025-12-10,51.540000915527344,53.20000076293945,51.349998474121094,52.79999923706055,59123651,14377,63.81714687505889
2025-12-11,52.040000915527344,52.439998626708984,51.31999969482422,51.70000076293945,52982896,14436,53.357823267079986
2025-12-12,53.02000045776367,53.099998474121094,52.5,52.5,42524157,17698,64.46949209962432
2025-12-15,53.13999938964844,53.349998474121094,52.54999923706055,52.9900016784668,30122901,4023,72.75711325648909
2025-12-16,52.66999816894531,53.13999938964844,52.25,53.13999938964844,33821093,12822,68.594166764878
2025-12-17,51.939998626708984,52.650001525878906,51.79999923706055,52.599998474121094,30348315,12696,55.992633299909535
2025-12-18,51.779998779296875,52.0,51.31999969482422,51.90999984741211,30872497,6513,52.05635572856427
2025-12-19,52.59000015258789,52.75,51.540000915527344,51.79999923706055,37121138,12883,45.2720703544564
2025-12-22,53.5099983215332,53.7400016784668,52.79999923706055,52.900001525878906,38903607,8198,72.5505555983225
2025-12-23,53.619998931884766,53.84000015258789,53.31999969482422,53.5099983215332,30259539,4268,68.21754626597823
2025-12-24,53.29999923706055,55.04999923706055,53.15999984741211,53.59000015258789,44076962,12105,48.06947671838642
2025-12-26,53.20000076293945,54.130001068115234,53.099998474121094,53.29999923706055,41885960,14782,45.9192267913254
2025-12-29,52.72999954223633,53.849998474121094,52.61000061035156,53.439998626708984,35515877,17035,69.09843289985773
2025-12-30,52.0,52.79999923706055,51.810001373291016,52.72999954223633,101385408,15526,74.60359699486091
2025-12-31,52.66999816894531,53.15999984741211,51.90999984741211,52.0,38744091,7899,75.31904549759486
2026-01-01,52.470001220703125,52.97999954223633,52.04999923706055,52.709999084472656,26749342,9038,46.417192514017685
2026-01-02,54.279998779296875,54.400001525878906,52.439998626708984,52.59000015258789,59517999,12105,57.37921666654
2026-01-05,53.66999816894531,54.540000915527344,53.29999923706055,54.400001525878906,40693570,8944,66.56121032255324
2026-01-06,53.45000076293945,53.9900016784668,52.869998931884766,53.70000076293945,31119731,7291,71.77223556315498
2026-01-07,52.900001525878906,53.689998626708984,52.66999816894531,53.29999923706055,48744390,14669,60.329461285238324
2026-01-08,50.93000030517578,53.40999984741211,50.650001525878906,52.900001525878906,59316617,11649,78.98021699011662
2026-01-09,49.20000076293945,51.09000015258789,48.869998931884766,50.81999969482422,89917429,4201,47.52940128700985
2026-01-12,49.20000076293945,49.380001068115234,47.900001525878906,49.29999923706055,66498246,16883,77.87357381322037
2026-01-13,48.689998626708984,49.70000076293945,47.79999923706055,49.54999923706055,75354673,4853,73.72771095509012
2026-01-14,49.0099983215332,49.79999923706055,48.15999984741211,48.4900016784668,55863563,12792,50.83493014604703
2026-01-15,49.0099983215332,49.0099983215332,49.0099983215332,49.0099983215332,0,4502,48.391005566089895
2026-01-16,48.45000076293945,49.36000061035156,48.150001525878906,49.02000045776367,105047207,4789,75.08849813023913
2026-01-19,47.97999954223633,48.91999816894531,47.45000076293945,48.689998626708984,52924798,7741,55.79647401008073
2026-01-20,46.34000015258789,48.33000183105469,46.20000076293945,47.97999954223633,60935304,14088,65.01836363081847
2026-01-21,45.529998779296875,46.689998626708984,45.369998931884766,46.29999923706055,78076574,11435,75.1085629898931
2026-01-22,46.9900016784668,47.20000076293945,45.75,46.400001525878906,56239464,5492,69.25567937271728
2026-01-23,45.70000076293945,47.400001525878906,45.54999923706055,47.400001525878906,49252985,13082,51.65519737267316
2026-01-27,45.790000915527344,46.25,44.880001068115234,45.849998474121094,62941841,17075,68.29736763115459
2026-01-28,47.79999923706055,48.0,46.0099983215332,46.0099983215332,59993734,6414,75.86719517564737
2026-01-29,47.439998626708984,48.09000015258789,46.630001068115234,48.029998779296875,55397230,5715,58.751643388870946
2026-01-30,47.66999816894531,47.970001220703125,46.790000915527344,47.43000030517578,60762661,15153,46.35318057096454
2026-02-02,46.9900016784668,47.25,45.40999984741211,46.5,45471127,11851,65.64678022985134
2026-02-03,49.15999984741211,49.689998626708984,48.41999816894531,49.310001373291016,78516505,9562,76.64489219588131
2026-02-04,49.77000045776367,50.0,48.79999923706055,49.2599983215332,55580192,6797,62.80315156018764
2026-02-05,47.849998474121094,50.02000045776367,47.0,50.0,121302173,5944,48.68110629055448
2026-02-06,48.040000915527344,48.20000076293945,47.25,47.849998474121094,57960744,8810,61.122485407296764
2026-02-09,48.189998626708984,48.56999969482422,47.61000061035156,48.2599983215332,51743958,16313,68.71116959768707
2026-02-10,47.689998626708984,48.38999938964844,47.54999923706055,48.20000076293945,40362194,6460,59.654997225297784
2026-02-11,47.380001068115234,47.7400016784668,46.70000076293945,47.709999084472656,57124692,5290,54.663148071380746
2026-02-12,46.810001373291016,47.54999923706055,46.720001220703125,47.29999923706055,38946281,5261,67.25035408654944
2026-02-13,45.66999816894531,46.7400016784668,45.54999923706055,46.599998474121094,52618195,13086,67.40749035966508
2026-02-16,46.209999084472656,46.33000183105469,45.34000015258789,45.66999816894531,39325966,7909,75.76440556060267
2026-02-17,45.939998626708984,46.56999969482422,45.709999084472656,46.189998626708984,39827932,15434,49.62930697058331
2026-02-18,46.09000015258789,46.290000915527344,45.810001373291016,45.95000076293945,22066437,12462,70.15724312087544
2026-02-19,45.25,46.38999938964844,45.0,46.04999923706055,36681650,6102,45.31528922045311
2026-02-20,44.459999084472656,45.349998474121094,44.2599983215332,45.20000076293945,61647383,5649,47.879702337575594
2026-02-23,44.25,44.959999084472656,43.83000183105469,44.560001373291016,49442100,17075,62.544446282463795
2026-02-24,44.130001068115234,44.38999938964844,43.36000061035156,44.25,56568697,16628,53.88001971599841
2026-02-25,43.18000030517578,44.7400016784668,42.599998474121094,44.34000015258789,75839738,15652,59.89417647325495
2026-02-26,43.27000045776367,43.900001525878906,42.869998931884766,43.18000030517578,49800911,11928,65.60209657284102
2026-02-27,42.66999816894531,43.29999923706055,42.45000076293945,43.27000045776367,85724851,17116,76.65543578710277
2026-03-02,40.95000076293945,41.790000915527344,39.130001068115234,39.130001068115234,116013965,16843,45.3769153189549
2026-03-04,39.93000030517578,40.54999923706055,39.70000076293945,40.20000076293945,71113339,7996,49.596421400842246
2026-03-05,40.25,40.63999938964844,39.220001220703125,40.25,89173308,16074,51.87716494349968
2026-03-06,39.9900016784668,40.9900016784668,39.849998474121094,40.25,63058597,6091,78.5837219150659
2026-03-09,39.619998931884766,39.7599983215332,38.189998626708984,39.4900016784668,71721599,15827,49.51391330783763
2026-03-10,41.45000076293945,41.63999938964844,40.0,40.380001068115234,70866917,15574,74.0064074807137
2026-03-11,41.619998931884766,42.060001373291016,41.400001525878906,41.720001220703125,64189593,13587,64.38680217598204
2026-03-12,42.43000030517578,43.540000915527344,40.93000030517578,41.5099983215332,108432510,13525,58.39766089264873
2026-03-13,41.40999984741211,42.83000183105469,40.97999954223633,42.41999816894531,79497665,9118,63.58740646618824
2026-03-16,41.0099983215332,42.22999954223633,40.720001220703125,41.4900016784668,81266796,5918,52.4916431427051
2026-03-17,41.27000045776367,41.599998474121094,40.5099983215332,41.5,70423021,11533,75.22696452837118
2026-03-18,42.060001373291016,42.29999923706055,41.209999084472656,41.34000015258789,58427254,10684,46.34997658491519
2026-03-19,41.09000015258789,41.790000915527344,40.81999969482422,41.20000076293945,55593734,5561,57.43279595604729
2026-03-20,41.95000076293945,42.72999954223633,41.34000015258789,41.400001525878906,71960845,10907,71.11142802446871
2026-03-23,39.939998626708984,41.7599983215332,39.70000076293945,41.7599983215332,68192562,9472,54.659707833557185
2026-03-24,41.040000915527344,41.29999923706055,39.95000076293945,41.29999923706055,65440981,9351,48.962563623784135
2026-03-25,42.27000045776367,42.849998474121094,41.43000030517578,41.5,76079784,5614,49.48784214103394
2026-03-27,40.81999969482422,42.04999923706055,40.599998474121094,41.849998474121094,73603173,14910,67.98982973345929
2026-03-30,39.560001373291016,40.810001373291016,39.099998474121094,40.0,126591848,7775,61.07960928844054
2026-04-01,41.119998931884766,41.59000015258789,40.79999923706055,41.38999938964844,58512083,8958,46.171909477253166
2026-04-02,40.779998779296875,40.97999954223633,39.77000045776367,40.5,64825364,16967,52.58082166888995
2026-04-06,41.59000015258789,41.72999954223633,39.84000015258789,40.900001525878906,66648727,15998,63.23350317013201
2026-04-07,41.54999923706055,41.900001525878906,40.93000030517578,41.290000915527344,39145918,11554,75.71225797814489
2026-04-08,44.22999954223633,44.380001068115234,42.630001068115234,43.400001525878906,98803804,14270,49.77058929264418
2026-04-09,44.22999954223633,44.560001373291016,43.36000061035156,44.22999954223633,80302508,14802,64.97183233782587
2026-04-10,45.31999969482422,45.650001525878906,44.380001068115234,44.47999954223633,67332752,3012,75.16862888950584
2026-04-13,45.86000061035156,46.40999984741211,43.88999938964844,44.5,132245471,14480,68.36407048268865
2026-04-15,49.130001068115234,49.36000061035156,46.72999954223633,47.0,215457241,13548,59.00665868818344
2026-04-16,50.25,50.529998779296875,49.0099983215332,50.029998779296875,161130833,3755,50.42190285572079
2026-04-17,52.93000030517578,53.7400016784668,50.56999969482422,50.790000915527344,337159969,15881,73.02350810386012
2026-04-20,52.5,53.45000076293945,51.869998931884766,53.34000015258789,153681261,7174,53.78806831803355
2026-04-21,53.099998474121094,53.349998474121094,52.2599983215332,52.810001373291016,114713319,17004,73.37421649165157
2026-04-22,54.56999969482422,54.70000076293945,52.900001525878906,53.150001525878906,147736421,12735,70.37015367078428
2026-04-23,53.72999954223633,55.04999923706055,53.52000045776367,54.5099983215332,114711783,3352,48.19848193491302
2026-04-24,53.90999984741211,54.25,52.93000030517578,53.900001525878906,103128445,17250,53.14782333367481
2026-04-27,56.93000030517578,57.47999954223633,54.2599983215332,54.2599983215332,215958603,16155,54.61826029907398
2026-04-28,57.31999969482422,57.869998931884766,56.900001525878906,57.150001525878906,138320111,13305,62.9795260338507
2026-04-29,56.810001373291016,58.060001373291016,56.400001525878906,57.75,127240966,13106,65.82329300149158
2026-04-30,55.58000183105469,56.5,55.0,56.5,102354018,13316,70.11133786620867
2026-05-01,55.58000183105469,55.58000183105469,55.58000183105469,55.58000183105469,0,17371,45.91822231880823
2026-05-04,54.959999084472656,56.349998474121094,54.06999969482422,56.20000076293945,103192022,9842,49.67824389852447
2026-05-05,54.849998474121094,56.0,54.560001373291016,54.95000076293945,71812106,4269,46.521698211328065
2026-05-06,54.31999969482422,55.310001373291016,53.310001373291016,55.290000915527344,90584507,13242,77.13906242483358
2026-05-07,55.650001525878906,55.869998931884766,53.75,54.59000015258789,98244179,12809,67.2720825341547
2026-05-08,54.970001220703125,55.91999816894531,54.56999969482422,55.900001525878906,56797248,17109,58.87699782897052
2026-05-11,53.29999923706055,54.43000030517578,53.02000045776367,54.349998474121094,70005148,3026,54.5207832347357
2026-05-12,51.52000045776367,53.959999084472656,51.310001373291016,53.0,99265010,6942,69.7976492063275
2026-05-13,53.099998474121094,53.7400016784668,51.310001373291016,51.310001373291016,93140759,13313,56.61271531147179
2026-05-14,53.470001220703125,53.90999984741211,52.5099983215332,53.40999984741211,70978290,17765,57.868942992097985
2026-05-15,53.84000015258789,54.5099983215332,52.97999954223633,53.470001220703125,82878733,16200,69.52583978175078
2026-05-18,53.25,53.47999954223633,52.150001525878906,53.47999954223633,77363520,5272,68.07562708157903
2026-05-19,52.90999984741211,53.83000183105469,52.52000045776367,53.56999969482422,54643439,4490,75.88846976022195
2026-05-20,52.56999969482422,52.70000076293945,52.0,52.54999923706055,46459868,8867,67.93527224507062
2026-05-21,52.869998931884766,53.84000015258789,52.65999984741211,53.0,55852452,10850,68.95213814539916
2026-05-22,53.75,53.95000076293945,53.0,53.16999816894531,60760806,8840,76.16252406408472
2026-05-25,53.9900016784668,54.900001525878906,53.099998474121094,54.75,132667695,9013,55.35522018262159
2026-05-26,54.58000183105469,55.4900016784668,53.380001068115234,53.63999938964844,173729945,5997,54.677749379819254
2026-05-27,57.529998779296875,58.099998474121094,54.41999816894531,54.849998474121094,227745007,14313,61.826768576525254
2026-05-28,57.529998779296875,57.529998779296875,57.529998779296875,57.529998779296875,0,14285,66.15094008862374
2026-05-29,56.9900016784668,58.41999816894531,55.599998474121094,58.0,221481859,9932,55.08602857742821
2026-06-01,53.93000030517578,56.900001525878906,53.5,56.810001373291016,153165238,16656,58.75377352660696
2026-06-02,54.52000045776367,54.77000045776367,52.560001373291016,52.849998474121094,103408726,13984,45.14026944994404
2026-06-03,54.400001525878906,55.040000915527344,53.25,54.52000045776367,90350201,4433,47.27466679456857
2026-06-04,55.619998931884766,56.0,54.029998779296875,54.25,119119491,10264,70.40365137195559
2026-06-05,55.310001373291016,56.119998931884766,55.099998474121094,55.79999923706055,72836939,16035,77.62473448735184
2026-06-08,54.43000030517578,55.88999938964844,53.81999969482422,54.20000076293945,76527450,10709,53.808093038796514
2026-06-09,55.22999954223633,55.38999938964844,54.470001220703125,54.599998474121094,64855680,10665,72.05836044986656
2026-06-10,54.08000183105469,55.45000076293945,53.810001373291016,55.220001220703125,55567213,15008,63.49712179891381
2026-06-11,53.290000915527344,54.119998931884766,53.06999969482422,53.790000915527344,41907259,9635,65.02712513194278
2026-06-12,55.08000183105469,55.20000076293945,53.77000045776367,54.0,64636157,7905,56.095391122549735
2026-06-15,55.56999969482422,56.779998779296875,55.209999084472656,56.5,65026559,11310,59.305179211043395
2026-06-16,57.91999816894531,59.2400016784668,53.900001525878906,56.119998931884766,292441954,16855,71.69557802120005
2026-06-17,59.27000045776367,59.5,57.29999923706055,58.380001068115234,164629458,7767,59.42607482276588
2026-06-18,58.439998626708984,59.439998626708984,58.29999923706055,59.220001220703125,82275577,12001,62.23725970958917
2026-06-19,59.20000076293945,60.45000076293945,58.209999084472656,58.439998626708984,139917727,9767,66.88867315723986
2026-06-22,59.310001373291016,59.7400016784668,59.04999923706055,59.470001220703125,70696950,12897,72.61188845528106
2026-06-23,58.290000915527344,59.54999923706055,58.099998474121094,59.310001373291016,68349325,4002,71.30512954199943
2026-06-24,57.90999984741211,58.790000915527344,57.61000061035156,58.25,63851176,17627,46.2790142998703
2026-06-25,57.13999938964844,58.459999084472656,56.869998931884766,58.2400016784668,83934060,5880,47.7760845510365
2026-06-26,57.13999938964844,57.13999938964844,57.13999938964844,57.13999938964844,0,10518,71.18502278396996
2026-06-29,57.209999084472656,58.0,56.93000030517578,58.0,68862375,6987,62.07243312808765
2026-06-30,58.900001525878906,59.099998474121094,57.310001373291016,57.459999084472656,120994413,15931,65.26689960223273
2026-07-01,58.349998474121094,59.310001373291016,58.130001068115234,59.060001373291016,58782670,14695,68.13183118907955
2026-07-02,57.66999816894531,58.68000030517578,57.36000061035156,58.349998474121094,51175497,11742,58.17969470600225
2026-07-03,56.869998931884766,58.119998931884766,56.2400016784668,57.93000030517578,71029555,7561,75.61932608062328
2026-07-06,55.470001220703125,57.099998474121094,55.0099983215332,56.869998931884766,73062543,13512,63.50024382177506
2026-07-07,54.380001068115234,55.560001373291016,54.150001525878906,55.470001220703125,56983348,10981,51.84320639166011
2026-07-08,53.130001068115234,54.779998779296875,52.709999084472656,54.29999923706055,65132513,8054,71.06820571942234
2026-07-09,53.70000076293945,54.290000915527344,53.06999969482422,53.130001068115234,42640345,14904,47.09049465854202
2026-07-10,53.91999816894531,54.45000076293945,53.75,54.02000045776367,41945443,7417,77.54219884041076
2026-07-13,53.16999816894531,53.630001068115234,52.91999816894531,53.599998474121094,40687795,7854,62.274850346277816
2026-07-14,52.470001220703125,52.9900016784668,52.33000183105469,52.95000076293945,40748106,3514,61.19844941417898
2026-07-15,52.41999816894531,53.4900016784668,52.310001373291016,52.470001220703125,45977388,9798,57.838704001907615
2026-07-16,51.970001220703125,52.689998626708984,51.880001068115234,52.599998474121094,45561488,15094,45.764100167890625
2026-07-17,51.9900016784668,52.290000915527344,51.27000045776367,51.959999084472656,111362634,17997,50.67913929599864
2026-07-20,53.09000015258789,53.290000915527344,51.61000061035156,52.06999969482422,51555144,8779,62.34307213874642
2026-07-21,53.16999816894531,53.5,52.849998474121094,53.09000015258789,31019284,14433,49.90716355533019
2026-07-22,53.0099983215332,53.70000076293945,52.33000183105469,53.15999984741211,55827250,16809,78.75113207423294
2026-07-23,52.38999938964844,53.220001220703125,52.150001525878906,52.849998474121094,47311426,9753,56.361830053348775
2026-07-24,52.279998779296875,52.58000183105469,51.790000915527344,52.25,45263052,17352,53.950158974313396
2026-07-27,53.150001525878906,53.20000076293945,52.220001220703125,52.5,45205048,17379,78.77087209044458
2026-07-28,48.02000045776367,53.20000076293945,47.84000015258789,53.150001525878906,224762106,9107,67.16258862354425
2026-07-29,47.45000076293945,48.70000076293945,45.93000030517578,48.0,221723792,17833,51.882383433722595
2026-07-30,47.400001525878906,47.880001068115234,46.220001220703125,47.5,116150327,16370,64.67531793811054
2026-07-31,48.0099983215332,48.18000030517578,47.130001068115234,47.560001373291016,56655652,6076,78.5998483322457
2026-08-03,48.099998474121094,49.29999923706055,48.08000183105469,48.20000076293945,55317614,5299,53.26640476956082
2026-08-04,48.0099983215332,49.150001525878906,47.900001525878906,48.59000015258789,61548498,5401,52.35721954424365
2026-08-05,48.150001525878906,48.84000015258789,47.900001525878906,48.5,39589104,15725,75.69582855329156
2026-08-06,48.099998474121094,48.4900016784668,47.83000183105469,48.29999923706055,29846769,6693,63.902366705530994
2026-08-07,48.150001525878906,48.9900016784668,47.95000076293945,48.09000015258789,52362545,14257,46.008022764625316
2026-08-10,47.5,48.45000076293945,47.0,48.33000183105469,59002411,14506,51.783116172986986
