Date,Open,High,Low,Close,Volume,No_of_Trades,Delivery_Pct
2021-08-10,125.71418762207031,129.2908281421577,122.81420643009668,128.03416667562237,31526384,7437,75.25966819586961
2021-08-11,125.2791976928711,127.2608397753427,122.282544458293,125.9558570442078,32222624,13711,57.488214898541436
2021-08-12,129.19415283203125,129.72581898670327,125.52085521807922,125.90751346689521,31898731,7209,74.05719594174886
2021-08-13,128.13084411621094,130.01582902190532,127.59917792484389,129.87083585610873,23715152,4515,61.45637999289567
2021-08-16,127.69586181640625,129.58084689846615,127.2608527781801,128.1308561045633,17472608,3449,46.65060020390683
2021-08-17,126.72919464111328,128.51750767643466,124.21587149679286,127.69585511968755,21755033,14554,72.20331461489666
2021-08-18,126.10084533691406,127.40584276769864,125.7625230493504,127.30917082835644,18082061,15560,71.63120154218068
2021-08-20,121.99254608154297,125.85918788919929,121.07422160223818,124.69919829691598,27402061,3674,62.51877918541332
2021-08-23,120.78421783447266,123.58753455777881,117.64257143551643,122.86253923494276,30434681,13039,46.413294946786436
2021-08-24,121.70256042480469,122.37921983590972,119.52757426406565,120.83256448550219,22809811,4152,53.9499362075465
2021-08-25,121.84754943847656,123.24920410376073,121.31588325507428,122.18587911198993,18144345,6816,59.02164761195175
2021-08-26,121.46088409423828,122.37920854962286,120.39755909983673,122.23420801060588,16968193,12100,78.1780241418671
2021-08-27,123.0075454711914,123.34587516251005,121.02588854698567,121.4608901858532,12708091,11124,53.542496479829914
2021-08-30,124.84419250488281,125.76253174190717,123.73253887594645,124.11919715990656,17545528,15035,73.84210368361026
2021-08-31,124.74752807617188,126.3425118426166,123.97419680302067,125.9558535810746,24301446,15542,66.62701044384664
2021-09-01,128.9525146484375,129.774182036218,124.40921290146655,125.37587347529312,31166001,17953,52.15050521233827
2021-09-02,129.14584350585938,130.30583310919155,128.17918304473787,129.38750862113974,25276744,16331,48.04822626038849
2021-09-03,129.3874969482422,130.93414469646245,128.80749482386787,129.58082607301137,19000628,9133,70.69809072014833
2021-09-06,127.7925033569336,130.11249719287923,127.59917422478829,129.91915331066662,14304796,4716,76.60731467279618
2021-09-07,125.71418762207031,128.13083861538166,124.94085635419725,127.98583070574273,14561241,8752,51.26044243638979
2021-09-08,128.8074951171875,129.049160211216,125.18251870676008,126.24585102051216,16351745,11428,76.17811068455177
2021-09-09,128.3241729736328,129.82249960055128,127.35751253691994,128.75916722014006,14453584,17862,74.82890512659421
2021-09-13,126.68083953857422,128.32415915399827,126.05250147233795,128.32415915399827,13771980,10757,55.962283112449526
2021-09-14,128.5658416748047,128.85584276393442,126.92252183649374,127.11585097922418,13305823,7772,56.846174027914486
2021-09-15,135.38079833984375,137.55578434217946,128.3725101100953,128.66251119375363,68917060,10559,61.28966094609502
2021-09-16,135.57412719726562,137.26578297334558,133.88247142118567,135.33246208639707,24490647,5944,55.79445661349655
2021-09-17,133.30245971679688,136.78244296432587,131.56248284309913,136.15411962105352,27560843,15346,57.68980567933198
2021-09-20,129.82249450683594,134.7041324707135,128.75916216814562,133.0124767728398,21535092,12405,54.34103924684735
2021-09-21,131.3208465576172,131.75584087146711,126.82586598098125,130.25751401258847,22526116,3825,47.86459849252256
2021-09-22,133.254150390625,134.9941274196099,131.8524809227333,132.38414712606448,21321952,12418,47.40531219563463
2021-09-23,138.86077880859375,140.0691044673879,134.12414812614838,134.55914241330046,42890085,14108,52.45160063645459
2021-09-24,134.46246337890625,140.50409069194004,134.07579038083207,140.16575366238345,29040576,8740,69.03875031850298
2021-09-27,134.12413024902344,135.719114006012,132.1908094526411,135.62245681623315,18192368,6434,50.27138939454743
2021-09-28,135.38079833984375,138.08745053720844,134.4141378943612,135.33246236755605,29196888,6207,45.63053495405952
2021-09-29,146.5457305908203,153.45734693049744,134.26913103632617,135.1391342941619,126746990,14123,69.75402031931829
2021-09-30,153.45733642578125,155.82565142375628,146.25571949313593,147.4157090074434,111302311,14807,65.28296513000973
2021-10-01,158.2906494140625,159.45063900937333,151.37903306486496,153.4573471418774,90310679,9134,52.70614338977916
2021-10-04,162.97894287109375,166.74891238142988,158.53229930756234,160.70728512123316,93787605,17945,52.511266177164636
2021-10-05,173.4188690185547,178.59050803348904,162.73728345043486,163.3656068073594,161189379,12944,75.94540033141644
2021-10-06,170.0839080810547,176.7538742264317,167.0389334766895,176.7538742264317,101232618,5487,71.6475319376793
2021-10-07,171.82388305664062,177.8655104496308,170.9538946120768,172.40388518639443,73313810,14759,58.462955534646824
2021-10-08,170.9539031982422,174.1922067934887,169.16557550007153,174.14387082190373,43365657,5697,73.03919877586407
2021-10-11,185.115478515625,187.24212858250107,171.0989018133975,171.92056910631396,126307288,5995,61.092059379183
2021-10-12,189.27212524414062,192.07543474070658,183.47216235463725,188.4021219606741,104950239,14763,61.15746082049101
2021-10-13,216.7252655029297,224.6518780806331,193.33208604187618,194.92706985169463,305037222,5977,72.71412500547063
2021-10-14,215.17861938476562,229.0985237910289,213.341955702645,227.16520291515522,126938132,17133,59.90166433509702
2021-10-18,248.72171020507812,256.020013957,215.66194208092438,219.91524195945397,273591610,8937,74.43459703078575
2021-10-19,222.09022521972656,258.9199920811095,214.11527698006282,257.1316644546127,245771135,5947,55.49206437574666
2021-10-20,222.6702423095703,228.42186908231244,210.24864952930596,217.498602961351,219286012,4501,70.50983335276219
2021-10-21,218.61026000976562,226.58520890985756,213.19697021247143,226.1985506207895,82393222,16265,49.51781357795865
2021-10-22,214.59860229492188,226.0051976191698,208.7986400707348,220.88189470445786,85764004,4399,74.72384986409463
2021-10-25,206.47866821289062,217.40191897901363,201.06536404997968,217.11193265784146,92057542,8677,59.05337614838322
2021-10-26,217.78858947753906,224.55521222806138,207.1069891856297,207.88032044998852,113036438,17819,48.312094765616585
2021-10-27,216.77362060546875,224.94189901160306,215.2752938563982,223.78190934299226,78577000,8205,68.92192418561103
2021-10-28,210.7319793701172,217.3052734197491,209.37866063198766,217.3052734197491,64733467,5883,50.60343528054899
2021-10-29,207.15533447265625,210.44197405642285,194.68540599292785,203.48202186428506,115032835,11578,57.59608969884261
2021-11-01,215.51695251464844,217.69193860926828,207.25200240507942,212.61697105515535,59687720,13861,48.53736987133052
2021-11-02,220.8819122314453,227.1652051395608,219.67358667219233,220.3985820077441,91597155,12027,71.86546822380271
2021-11-03,221.17190551757812,223.20188353550924,218.65858254291976,222.3318950635484,49974804,11445,56.862813641479164
2021-11-04,223.6368865966797,225.37686349450368,222.91189130589737,224.0718808211357,14860447,11923,73.16072836224167
2021-11-08,226.73020935058594,227.79352698547655,221.12357584366205,225.23188271726013,53880144,9263,76.69625136737622
2021-11-09,233.83514404296875,239.6834423925486,226.82685616745525,227.1651932063,103894620,10914,56.152440551805334
2021-11-10,229.0985107421875,233.35181052682583,228.42185142418597,233.35181052682583,47845906,8971,58.98239980543751
2021-11-11,231.7568359375,233.25516254008127,227.6968651192653,229.5818499902242,50433666,17899,47.2319312122633
2021-11-12,231.85353088378906,234.31850340188524,228.13188199361147,233.93184509514398,42038250,6811,47.37862754833462
2021-11-15,233.59347534179688,235.86513313885771,231.3218322948029,233.7868192181937,32578602,13749,47.53855720996996
2021-11-16,236.3484649658203,239.39343928927957,233.44848380059554,234.0768071530341,47776299,10665,57.78025650397258
2021-11-17,241.5684356689453,244.0817586881373,234.89848459888066,236.34847524455276,58883464,6601,68.09939896906239
2021-11-18,229.1951904296875,243.64676069232027,224.70021064728553,242.05176215660316,82052417,4309,62.27745858219941
2021-11-22,220.06024169921875,230.45184135523408,216.53193701836616,230.45184135523408,62459802,17622,48.209376143688594
2021-11-23,229.05018615722656,230.0651825597094,214.7919448011101,216.48360055522562,61158286,3006,46.93397681647608
2021-11-24,230.59683227539062,238.47510832464855,229.38850682304638,231.99848685009664,67847218,8540,73.39939217438902
2021-11-25,234.70516967773438,236.25181761008352,226.1985544245743,231.4668511395774,51777691,3298,67.7462446991803
2021-11-26,219.770263671875,232.28851380365344,218.22360102042938,230.06519177347596,80108784,3758,48.567520264983
2021-11-29,211.3603057861328,219.1902614902209,206.14034515011954,218.46526613799304,83187881,5567,47.15654525666091
2021-11-30,209.5719757080078,220.64023423437374,205.99533521150562,214.55027082137434,222571262,8387,57.777153109860954
2021-12-01,217.69192504882812,219.72191784404862,207.8319916507591,212.6652937821721,67127202,10966,63.47646414756356
2021-12-02,218.85191345214844,222.7668911078877,213.8252822120943,222.7668911078877,78572738,16889,76.5160653203726
2021-12-03,218.07859802246094,220.6885782228489,216.87027248986766,219.23858758373697,48145736,11422,74.88377601056959
2021-12-06,213.48696899414062,219.04526665223955,212.76197364743206,218.07860618996148,34399066,15681,49.56517074852034
2021-12-07,218.90023803710938,220.15689946927444,215.3235976148447,216.53192307845214,36287629,13076,60.37079917536215
2021-12-08,221.75189208984375,223.10522551349274,219.43191300654158,220.39857341626202,30348053,10902,62.61956956745921
2021-12-09,220.1085662841797,223.20187656011896,219.23857783940727,222.23521617700877,23516676,11727,63.13703132211131
2021-12-10,220.39857482910156,222.23522371931713,217.8852518476901,218.85191226360723,26363105,8795,76.95054114240992
2021-12-13,222.5735626220703,228.61519027196366,221.36523709209163,222.42856945849988,40382575,15759,50.86143308315843
2021-12-14,221.41357421875,222.33189867631256,217.98192674568904,222.33189867631256,24698002,17837,61.55274515212646
2021-12-15,220.2535858154297,224.65187899064475,219.48025451811608,221.36523941464648,20127541,17686,46.53687672163524
2021-12-16,214.50193786621094,222.3802290132086,211.84362175374065,222.13856391207494,40645402,6063,77.34000555623146
2021-12-17,208.60533142089844,215.2752827333323,206.8653396328515,215.2752827333323,38813929,4388,46.56204472259959
2021-12-20,202.12869262695312,204.88366587720822,196.0387292447081,203.48201126742228,47944121,12480,54.29180370010254
2021-12-21,204.83534240722656,209.040321243245,202.8537002949171,205.8986747968147,33006180,11792,67.03898071532296
2021-12-22,210.7319793701172,211.40863873918195,206.18867817774753,207.34866777472539,21655596,7003,74.61122479435471
2021-12-23,210.78030395507812,213.87361429658594,210.200301812891,212.66528879208545,16940883,9668,58.70522491049701
2021-12-24,209.5719757080078,212.13361984399893,207.0103168219497,211.74696158764567,18770416,16299,47.1198917241061
2021-12-27,210.10365295410156,210.49031123084754,206.6720054352269,209.37865762265204,15870056,4764,78.80187278389317
2021-12-28,214.21194458007812,214.79193195390104,211.21529152342617,211.4086206480338,19058757,11153,66.94018727378146
2021-12-29,212.1336212158203,215.80693367519882,211.55363382753976,213.6319477814958,14504319,14330,75.0395003606402
2021-12-30,211.07032775878906,213.63197220419647,209.81366614875063,211.40865008644676,14315067,6682,61.05298420114729
2021-12-31,213.58363342285156,214.5986298926277,211.07032498586193,211.60197645806358,12737974,11292,48.991090789285444
2022-01-03,215.9519500732422,216.4352803238538,208.79866826421775,213.82529992056482,19062825,5363,59.123542780467226
2022-01-04,218.75526428222656,220.64024922261427,213.63196091214786,216.82194336899445,32469988,3294,61.31050371647564
2022-01-05,216.04861450195312,218.99693187805605,215.565284268168,218.8519239578796,17271276,16285,58.717873238847105
2022-01-06,220.83358764648438,222.13858521779775,212.18197914612097,214.06696416574246,27537005,7584,68.22239990502098
2022-01-07,222.13858032226562,225.08689772391273,219.52859998722673,222.62191056023832,34595209,15944,63.83670080292475
2022-01-10,224.0235595703125,225.66687938737348,222.71856206113787,223.25022825932265,22061859,5295,67.659144067863
2022-01-11,225.3285369873047,228.80850545135397,224.07187556275915,225.23186505077555,25489182,12457,65.06302894670043
2022-01-12,229.82351684570312,231.66016575958497,226.68187045349055,227.06852872481278,32665403,6879,69.53185225663965
2022-01-13,237.12181091308594,238.47512964065072,228.6151960182088,231.03184713890866,50250827,13417,50.61266982929589
2022-01-14,236.2517852783203,240.21509864083146,234.41513650061017,235.57512597864113,36940487,5689,67.55656714783055
2022-01-17,239.5867919921875,240.94011068578175,236.83180388371727,237.7017923653039,25339181,12552,73.7648598299659
2022-01-18,231.12850952148438,242.2451042167866,229.87184804069764,241.6651020717874,30408196,7661,56.97628177443397
2022-01-19,240.21511840820312,241.37510798168998,228.18019892690026,231.03184426382515,36751594,7582,60.01188722915962
2022-01-20,240.360107421875,243.74341889031118,236.97679595343882,241.6651048882988,35990609,4223,67.45361617858546
2022-01-21,233.88348388671875,242.43843443855425,230.596844383791,237.60513237538555,35507032,6105,71.89257532420416
2022-01-24,221.89691162109375,235.72015915397145,219.04526621310396,234.41516163248502,43279408,12928,75.54510883162061
2022-01-25,230.8385009765625,232.82015769941682,215.56526407001866,218.70691029525435,39449718,12497,67.3531921539076
2022-01-27,233.01348876953125,234.27015022012696,224.7485395272263,227.64852068241632,35920383,17671,77.06883702545512
2022-01-28,235.91348266601562,241.6651093177649,234.75349309130388,236.54180605021472,34523855,7020,69.27458459817919
2022-01-31,237.8468017578125,241.2301132629021,237.1218064352933,239.68345067483412,24939671,9159,57.83497904529466
2022-02-01,241.52011108398438,247.8517250151889,236.63847302819147,241.1817740380123,74185275,15029,61.23689507628532
2022-02-02,242.2451171875,246.49841731167422,240.94011966641096,243.50176398550508,25162901,17330,51.53272536842522
2022-02-03,244.4200897216797,245.9184015519346,240.98844232805592,242.19676783636942,27724870,10439,78.79893857629719
2022-02-04,245.87010192871094,249.30173487369964,244.5651043650754,245.33843570833835,39309420,12417,49.27571312652716
2022-02-07,243.40512084960938,248.1417662274824,242.19679520475435,246.98176180836646,32770930,13124,62.127496565980465
2022-02-08,227.0202178955078,245.14510175718658,224.84523183210635,244.08176933727412,82053977,4578,60.544872033354764
2022-02-09,230.06520080566406,230.93518936246468,224.8452399647227,228.80853919578743,35604075,12935,69.29649347975513
2022-02-10,233.25514221191406,236.34845233955554,226.29519073720417,230.54849031895293,55153254,10258,58.92306381614063
2022-02-11,224.5552215576172,233.9801607802781,222.52522874809392,231.99850394242307,36050888,13592,58.87847325568206
2022-02-14,213.1486358642578,219.28693581298373,208.79866370376274,218.46526850486288,38301829,15356,53.736924244870885
2022-02-15,222.7185516357422,224.02354908383023,211.50529977651638,215.32360543008923,36314556,5188,68.56715622068201
2022-02-16,223.6368865966797,229.0018399484153,222.4285611120425,225.61852859143113,35144286,16677,66.63201379202599
2022-02-17,220.15692138671875,226.05355613618175,219.43192603637831,225.57022590262144,23381354,14740,75.19978340075308
2022-02-18,218.22360229492188,222.33190931487056,217.16026987208429,219.43192788902442,18717812,8619,49.90398820140105
2022-02-21,217.4985809326172,220.06022498579696,214.84026494344076,216.53192057291668,24657963,9841,68.73259152282262
2022-02-22,215.22694396972656,217.35360876647286,210.05531939599376,210.73197876310942,29360421,6481,46.450140758475115
2022-02-23,213.82530212402344,219.23860688668483,213.0036495395578,218.46527552772338,23583042,14912,54.710294419959254
2022-02-24,197.4887237548828,208.9436407077681,196.47372737929368,205.89866633106791,60097152,11741,62.096972394130944
2022-02-25,212.665283203125,213.92194464479317,202.5636852009899,202.99867942116475,52157687,9734,69.1188176545011
2022-02-28,215.61361694335938,216.87027848199142,206.9620088409612,210.2486484803977,35508015,8957,58.72941947227143
2022-03-02,217.88525390625,219.67358159261957,211.1186309308998,212.66529351100684,28297089,10669,69.86719078316932
2022-03-03,219.04525756835938,222.86356328599774,218.36858347277214,221.3652366815892,22429798,14363,78.44867907065483
2022-03-04,214.0669403076172,218.90024225518167,213.4386169544606,217.49858764040135,22427429,6263,66.78979670844375
2022-03-07,208.9919891357422,212.37530075600188,205.173683257177,209.76532045610088,23498823,11612,45.83847554888277
2022-03-08,219.3835906982422,220.20525799770115,207.44534274477593,207.83200103271648,41105290,12611,46.164425327944805
2022-03-09,221.60691833496094,223.49190334897415,218.75527282657492,221.46192516083246,25437632,13718,74.60065676176947
2022-03-10,224.5068817138672,227.98686511301113,222.23522383524997,227.165197859026,25462569,13825,47.4041434705194
2022-03-11,225.3768768310547,226.4402092204843,222.621903413098,224.1685512749155,18163055,9825,63.06943461444615
2022-03-14,223.83023071289062,226.82686926541916,222.8635702604489,225.32855736418887,12074559,3742,51.696582507334234
2022-03-15,219.81857299804688,225.5218783102625,217.78859497171987,224.21688084685647,16150855,9690,62.49733761546234
2022-03-16,222.76690673828125,223.97523234952172,221.41358795371931,222.33191246824836,12428032,6542,72.2603746483341
2022-03-17,224.0235595703125,226.15020961298364,223.58856531727693,225.8118873050973,16453329,15094,63.094787640641016
2022-03-21,220.35025024414062,225.6185468330967,219.77026281466192,225.18355257347062,12356508,3263,52.737635915572035
2022-03-22,223.68521118164062,224.1685413827678,218.7552519801835,221.46190405650924,14893566,10726,56.38460118227853
2022-03-23,226.48854064941406,229.53351508977593,223.9268816717448,224.60355576966302,29507641,3184,46.4318215810877
2022-03-24,231.51516723632812,232.96515784532392,225.18353862703307,226.19853500334355,31525902,9852,52.94420653873186
2022-03-25,233.30349731445312,236.15514259179642,231.22516856989844,231.99849985275443,24286187,9168,71.82873684016057
2022-03-28,231.61184692382812,235.8651469524518,229.53351813137857,234.46349226688724,14835527,9747,48.528466257517586
2022-03-29,231.12850952148438,236.73512808949604,230.5485073764852,235.47848135877655,20061075,5740,61.82064920991638
2022-03-30,233.6417999267578,236.7351100475169,229.8234945550365,232.91680467579556,22893839,5810,58.506528115474545
2022-03-31,230.69349670410156,234.80180337105125,229.7268363118781,234.80180337105125,13956014,10298,66.50960259510343
2022-04-01,237.2667999267578,238.13680316502038,229.19519417496076,229.72684561215345,25666798,9419,73.33683422825544
2022-04-04,243.55007934570312,245.0967418509021,237.8951249830822,238.91010658017305,39380622,10452,69.87729666372366
2022-04-05,264.4783020019531,266.07328582622495,243.69510256411903,245.38675833231483,94568156,4210,46.155847938413864
2022-04-06,280.1381530761719,286.61478911594423,263.99494319366687,266.7499310464098,227551020,11973,46.83922054598517
2022-04-07,268.53826904296875,288.11314372645046,266.7982919822695,282.6031967008117,151174247,15307,50.899975925620424
2022-04-08,268.8282775878906,273.3715640119837,263.9466246054513,271.53491505330203,64353330,6407,57.78386854886559
2022-04-11,273.4682312011719,278.8332143162819,271.00325889161815,271.63158227443233,47972951,17617,60.521124845317445
2022-04-12,265.97662353515625,273.9032512224306,262.54499065232915,273.9032512224306,44771140,16681,66.0409224531823
2022-04-13,263.9949645996094,270.9549018707369,263.2216185693943,269.31159686928237,31460232,11343,64.15203550326734
2022-04-18,249.30172729492188,258.9683319166725,243.59843646811623,258.9683319166725,89819229,5268,55.78933917295098
2022-04-19,238.2334442138672,253.26501585285735,234.41513871877063,251.81502530408144,53483065,12503,52.19331831436946
2022-04-20,241.32676696777344,246.20840501885797,238.33012852804745,241.66510401341918,41573598,13805,73.44535812485734
2022-04-21,250.22006225585938,251.52505975751052,242.34177077379226,244.56509274879488,40617734,12275,68.26046880819646
2022-04-22,244.66175842285156,250.36504900597222,243.8884271361401,249.39838858509975,30569068,16556,49.86834907144733
2022-04-25,239.10345458984375,243.16342529860225,236.54179569319743,239.73177794653162,24620801,15143,72.38592745374605
2022-04-26,240.553466796875,243.06677519952356,239.78013546141838,242.77677410496878,17965504,14793,60.2060064617651
2022-04-27,239.10345458984375,246.74006580988788,237.3151269591674,239.5384488175559,32027943,12973,45.12898808870238
2022-04-28,239.9734649658203,242.53510934639485,236.25181620529585,242.53510934639485,20911099,14005,52.7859895090616
2022-04-29,234.27015686035156,244.75841348553098,232.82016624165757,242.5350915868534,26234765,14830,57.96152687411691
2022-05-02,240.21511840820312,241.3267720098639,230.45184210204786,231.99850470007544,26535475,7940,45.569240397505446
2022-05-04,236.78347778320312,245.72508707808882,234.75349965818884,241.52012290837263,30780217,11458,75.31577150305989
2022-05-05,239.2484588623047,242.92177148373946,236.7834717906795,240.6501135500703,24304759,4567,47.28490230027803
2022-05-06,237.02513122558594,238.765122925665,232.62682337957335,234.8984812588526,28044381,14900,78.85376460229381
2022-05-09,222.33187866210938,228.615170885169,215.61359223515888,227.16518037215522,60959066,14377,77.32116080911183
2022-05-10,214.7436065673828,226.68186866354984,213.2936159362727,222.28356079916898,30274946,9963,58.88053880538277
2022-05-11,218.94859313964844,222.1385755923589,212.18196995210965,215.3719524048201,35097575,14860,61.574040582373506
2022-05-12,211.74696350097656,219.48024669845523,209.81364270160688,218.27192119884918,29320356,3967,74.79589865693794
2022-05-13,215.3719482421875,221.5585691369087,213.92195758716838,217.49859825286867,33108597,7795,53.068053892630815
2022-05-16,219.04525756835938,220.06023921160525,213.14862309297126,217.4019230505818,22192986,3349,51.24375313932028
2022-05-17,233.11013793945312,234.41513531442598,220.25356706040577,221.3168845973592,34735919,4786,67.86329211786293
2022-05-18,229.7751922607422,235.23683280174137,228.6152026392249,235.23683280174137,25004758,11143,53.36110937247918
2022-05-19,220.83358764648438,224.84523756010825,218.80360945230296,221.84858411860938,23697546,10476,47.93745450934079
2022-05-20,225.4735565185547,228.1318728333501,222.57357508423246,224.74856115997414,18294157,4407,57.52705071073579
2022-05-23,222.13858032226562,228.03520037549157,221.1235838725093,227.1168758733571,16642801,16847,46.86250642724098
2022-05-24,219.43191528320312,223.68521523007524,217.2569293387661,222.525225676389,17636195,7790,64.65033510692604
2022-05-25,213.53530883789062,222.23525375704529,212.6653202460029,221.36526516515758,16194564,15549,53.48329882258223
2022-05-26,214.0669403076172,216.82192831775572,203.19201092559712,215.51693089188652,34963419,11459,51.72596588252369
2022-05-27,217.16026306152344,219.23859186824046,215.27527814385385,218.17525947875103,16159280,12085,68.98844203726878
2022-05-30,225.4735565185547,226.10187992929718,219.43192853038335,220.3019170606527,19674867,17397,66.69609369364706
2022-05-31,227.31021118164062,229.6785412119745,223.5885770983864,225.13522505179264,21535025,4516,61.73142576451828
2022-06-01,224.99021911621094,228.32519470948813,222.86356908209706,225.81188639646913,14805104,6619,78.26153929912189
2022-06-02,226.39186096191406,228.03518067906666,223.58855172383417,224.26521104853617,13296442,11890,76.65283755374708
2022-06-03,223.34689331054688,228.95352670458155,222.52522605234438,228.42186052280744,11433422,11774,57.33683693950273
2022-06-06,224.5068817138672,225.811879176063,219.96358070670013,223.29855619334046,11689465,9602,70.51425514513332
2022-06-07,226.9235382080078,227.64853353774583,222.09023600975416,223.2018896153254,14994271,9803,78.09886525448269
2022-06-08,225.2318878173828,228.51852749065642,223.3952388382125,228.08353323243904,13235033,10485,77.6002175872658
2022-06-09,225.28021240234375,226.8751961852018,223.68521386941836,224.2652160177671,10241164,8938,75.07463917346104
2022-06-10,222.5735626220703,224.6518766336066,221.36523709209163,223.6852162096237,9619461,6297,66.08413528720361
2022-06-13,212.18194580078125,218.80357506634468,211.6019436935544,216.0002512148367,19190225,8323,54.80493550331454
2022-06-14,213.0519561767578,216.91859795673577,207.49365861803952,207.5419945903028,16235651,4077,74.01462181084136
2022-06-15,213.34426879882812,216.60850544001474,212.7109165517306,215.34178607769806,11820899,13269,76.63754368514171
2022-06-16,204.4285430908203,217.58290577710318,203.64902232837917,216.7059393438112,22486470,17269,76.07908967208027
2022-06-17,204.91575622558594,208.47230044176834,201.74896498417425,204.42855757306106,20447908,6407,71.32653961406483
2022-06-20,189.9100341796875,207.44918616678274,185.13549319711646,206.37735802177872,46007687,5304,56.69629845728004
2022-06-21,199.3129425048828,202.43101045034948,187.57145372655728,192.73576165992563,40390379,8277,66.54671606344618
2022-06-22,196.1461639404297,199.36167774957542,193.90504735416923,198.48471132810567,19099052,17352,59.011472321539244
2022-06-23,197.75390625,199.65397779219774,193.56399536969144,196.1461568377068,20176334,15015,65.99165409238877
2022-06-24,202.57717895507812,203.40542255103767,198.48471354683733,199.65398725374587,16789270,7459,58.358035046075216
2022-06-27,202.82078552246094,206.18246799380486,202.33358688813544,204.5259807426002,18526023,4956,52.73990111132342
2022-06-28,203.30796813964844,203.79516673559115,199.65397867007803,200.82326719483754,13321760,3250,51.7248688568068
2022-06-29,201.9925537109375,204.33110117309315,200.48223499373933,200.8232799798597,12179447,10522,73.09211669582494
2022-06-30,197.0231170654297,203.89262051519316,196.2435963072789,201.99254888903437,16161389,6646,67.17018805254548
2022-07-01,201.70022583007812,202.3335780798804,195.46408952944034,197.51031478365505,15807993,3322,54.5357876388494
2022-07-04,206.0363006591797,207.35174292661918,201.89511224376508,202.38231088087267,14714951,6440,77.71752287062938
2022-07-05,207.35174560546875,211.54165691234954,206.5722248024012,209.00821801941063,18209477,6903,73.22610952927045
2022-07-06,208.52101135253906,209.25180928952227,204.72086802747526,207.05941547857267,13022748,12766,67.08279239456351
2022-07-07,209.0569305419922,210.76212570976028,206.86453675486177,210.4210807289579,14827327,3739,56.92142164572731
2022-07-08,214.41612243652344,215.19564322687285,209.25181392709635,212.12628290264502,17940782,6680,63.096547720051575
2022-07-11,215.0981903076172,216.218741184168,212.7109200479294,213.39299514096564,14996210,12923,59.72990989269724
2022-07-12,215.8289794921875,218.45984895481112,213.49043216277124,214.221230061729,14294272,11173,72.09431183176554
2022-07-13,215.0981903076172,217.5341834028337,214.221238740588,216.31618685522542,11090495,14019,50.38682843870396
2022-07-14,215.68284606933594,217.5341949729202,213.5391601370307,217.19314997420182,11027964,4320,49.74311096005408
2022-07-15,219.2393798828125,220.40865360189645,215.9751431684196,216.2187424794005,13191940,12468,75.39836752829902
2022-07-18,221.9676971435547,223.03952520067492,219.7265804886711,221.13945353149265,11035599,7471,63.044927363790705
2022-07-19,222.16258239746094,223.62417833428634,220.70098646063553,220.84714010706898,7716506,13380,62.02196763725788
2022-07-20,221.77281188964844,224.69600353212294,220.99329114469757,224.11135925637942,10163009,14030,50.077531343334655
2022-07-21,224.20880126953125,224.98830713365143,220.70096540850514,220.8958418745352,11218003,15445,52.577114466908675
2022-07-22,224.93960571289062,228.0089510295006,224.30623859471342,224.30623859471342,12459803,6476,65.52469018539362
2022-07-25,226.54734802246094,227.37559158613567,223.62415643507435,225.47550515983735,10169772,16739,60.904661395815026
2022-07-26,220.3599395751953,227.52176555158417,219.33683432267344,227.03456691014608,11541475,7528,67.46444790457105
2022-07-27,212.41859436035156,218.21625485665425,209.98260130576037,215.24434035642867,33675845,13742,50.85658925488512
2022-07-28,212.56475830078125,215.78027226234292,211.34676171444139,214.75715215619297,22716582,14906,53.746208643216406
2022-07-29,216.21875,216.9495479583616,213.24685019716088,214.56227760133822,19006987,10421,72.53105731285716
2022-08-01,224.45240783691406,225.3293593965058,215.9264320759652,216.60850716321676,22010178,17930,48.813669962046625
2022-08-02,226.69351196289062,227.61920123548677,221.38304997794955,224.11136522386445,20231195,4004,73.40163317910823
2022-08-03,226.54734802246094,231.22445753590375,225.13447506218168,226.06014942456318,25614730,13574,59.42849164696285
2022-08-04,221.821533203125,228.7884826244385,219.53170853294475,227.81408535164968,20979139,7606,57.18907388543526
2022-08-05,226.15760803222656,227.27815892426133,221.87025120452907,222.79592561987806,33228441,8839,72.62323244830712
2022-08-08,222.4061737060547,226.88840703138834,221.87025224157227,226.10888625287959,11852419,5190,51.02405939612463
2022-08-10,222.64976501464844,224.50111378743406,221.33432281895438,223.6241622357191,11392194,8250,47.09721857399718
2022-08-11,223.52671813964844,225.42680462860724,222.50361294482045,224.0139167536129,9195356,4965,45.30192491272404
2022-08-12,226.44992065429688,229.66543463388138,222.7472229055682,224.11137314266588,23305682,10617,69.32402275761356
2022-08-16,229.95773315429688,231.41932891587078,225.47550020488848,227.66789384724936,18790189,10528,46.71415518340584
2022-08-17,231.22447204589844,235.60925970213626,230.54239693966366,232.34502294413255,23760210,8234,52.77348343737306
2022-08-18,231.85781860351562,233.6604594316961,229.86030130237228,230.88342137057953,15238636,17716,55.66566121974208
2022-08-19,226.69351196289062,235.7066864338504,226.06015970407196,232.7347867460315,23097652,3904,56.09342751512858
2022-08-22,218.41114807128906,226.69352509184483,217.14444348029056,226.69352509184483,20956719,13410,69.41011617408236
2022-08-23,225.5242462158203,226.15761336513683,215.975149951824,217.0469929010535,19119958,3435,68.5642114802063
2022-08-24,223.72161865234375,226.83968693593314,221.6753784425482,225.03704604310744,14521061,9534,69.0676586074114
2022-08-25,223.42929077148438,227.22943407156072,222.79592364272366,224.69601016088382,13814880,15032,46.97679266362831
2022-08-26,229.08079528808594,230.34749979572837,224.93960705032092,225.08576068793448,19400636,13590,46.03633155867767
2022-08-29,226.69351196289062,227.71663203862397,221.28561917481233,221.33432714231995,14098344,11751,60.71859058230227
2022-08-30,230.88343811035156,231.41935960094676,228.0089690384065,228.0089690384065,13418819,14888,74.07648722970424
2022-09-01,231.1270294189453,234.0989440654085,228.39871408992792,229.03208123616045,14693953,8298,71.7997176136835
2022-09-02,229.17823791503906,233.36814920423015,228.44743995302164,232.34502908378124,12347290,10227,51.224511235160556
2022-09-05,230.39622497558594,232.29629662450736,229.17822842267196,229.42182773325476,10500643,7273,49.54149010687004
2022-09-06,241.0171661376953,241.65051840400534,231.12702511278712,231.56550090239577,61475311,11037,63.04517465445546
2022-09-07,240.6273956298828,244.71986106741343,238.92220045856823,240.6273956298828,30474615,17286,46.98498376188372
2022-09-08,238.6298828125,243.69676045444857,237.3631782701351,243.1608389883053,14951235,17364,49.40995282810909
2022-09-09,236.1451873779297,240.6761287946281,235.0246215821014,240.18893015334342,12290186,3067,58.713230656862095
2022-09-12,236.5836639404297,238.92221147884922,235.51182097891586,237.46061555030636,10322525,13403,51.24873129538652
2022-09-13,234.8784637451172,238.62988429518447,233.9040664799378,237.65548703000508,13871114,16894,73.87897742397267
2022-09-14,235.3169403076172,237.89908712150773,230.5911076088488,231.3706283971569,24228696,5238,58.342320513579764
2022-09-15,239.11708068847656,240.57867657255804,233.75789578017793,236.1451809520087,19214950,17323,60.43900774658624
2022-09-16,230.2500762939453,241.40692198522848,226.69351736198783,240.57867836416546,58044047,7981,55.218900482056675
2022-09-19,226.40122985839844,231.85784608881514,225.96273915709938,231.4193702556397,14016637,3554,49.27302848436811
2022-09-20,229.22695922851562,231.41935309998922,228.1551162774351,228.98335990946302,10376536,9606,76.535571688209
2022-09-21,225.28065490722656,230.5424092976358,224.4524261153031,229.47056631029605,14179308,3513,60.95015217064952
2022-09-22,225.7191162109375,227.5217570642629,221.62665074914477,223.234415126789,19648230,6641,78.03664515378736
2022-09-23,218.752197265625,226.401222137307,217.82652278979597,225.32937914332197,16143866,15093,56.113186448598775
2022-09-26,209.78773498535156,217.82651245444933,207.05941965857875,217.09571450271318,22684799,4824,74.74331166214569
2022-09-27,211.93141174316406,214.22125133453474,208.95949701865837,211.73653525771445,14097631,9884,71.65012720300322
2022-09-28,208.42355346679688,211.29803707831786,207.30300264300212,209.49539632547803,12102060,8551,48.33088498966247
2022-09-29,206.81581115722656,212.41859520506662,205.11061601223176,210.615954390252,18736174,14535,75.12906332758352
2022-09-30,210.95700073242188,211.54164501888286,204.86701803229423,206.76708966110968,13008102,7852,72.74434654860389
2022-10-03,207.69276428222656,212.41859680987855,206.37733693845135,210.9570009602693,10864491,14567,57.06277125885891
2022-10-04,213.44171142578125,214.318662965896,210.6646734352154,211.24931770737288,11173725,15915,75.45930559542754
2022-10-06,216.02386474609375,217.5341834390035,214.61099172425764,215.3417896529441,10571565,15938,56.58671483785365
2022-10-07,216.8033905029297,217.1931434599557,213.14940077535223,215.97514688409657,11098716,16932,67.7519359017223
2022-10-10,214.7084503173828,215.09820328889046,211.5416591024841,214.36740531622152,9516511,13930,59.03504978491841
2022-10-11,211.59034729003906,216.55977898681638,210.95699505352417,214.7571382088564,9006207,6181,45.19072319684365
2022-10-12,212.36988830566406,213.78276141533826,209.54414208631565,212.41861114422997,9504518,4967,57.23479741417097
2022-10-13,210.61595153808594,213.29554387250494,208.03380487216714,212.36986949423905,9559072,11840,71.04871253558798
2022-10-14,210.3723602294922,214.95203919685082,209.98260727692306,214.36739489987505,8739363,3131,50.200022874814636
2022-10-17,212.36988830566406,212.90580979364333,208.37486830134813,209.49541924774974,9420098,4862,55.99293576290165
2022-10-18,215.00074768066406,216.31618991795455,213.0519531768987,213.44172099852506,10267276,17464,55.36374952857148
2022-10-19,212.80836486816406,215.97515610053628,211.98013608210968,215.7315567749692,7712123,5700,74.38439963671388
2022-10-20,215.14691162109375,215.6341102366904,210.56724760810985,212.27244276269803,7889548,6171,63.490479212389275
2022-10-21,213.0032501220703,216.55979422623074,211.98013001036912,215.58539695187199,8153053,8301,49.70616258526948
2022-10-24,213.3929901123047,215.4879381775741,212.7109150353417,215.34178454255405,2893840,15895,55.342972018028256
2022-10-25,215.00074768066406,217.1931414974001,212.07755592501604,213.49044383474362,9040336,5883,48.292797565788184
2022-10-27,220.067626953125,221.09073218085953,215.43923997159783,216.1213150794616,12783887,16694,68.34857702655316
2022-10-28,219.28810119628906,221.87024792751203,216.8521081033912,221.188172835125,13141721,15202,78.29187172096387
2022-10-31,220.21377563476562,223.13696734673155,218.4598576339617,222.26001578039055,22697530,11619,67.69948013344583
2022-11-01,224.69601440429688,225.42681235027598,220.70097968569542,220.70097968569542,16978101,8524,51.254761572274724
2022-11-02,223.18569946289062,225.8652919769508,221.96770286559055,224.1113739032142,9478217,4370,64.1393835122764
2022-11-03,221.57794189453125,223.62418218860427,219.97019228356172,222.35746271456492,9095013,6617,59.532234971528595
2022-11-04,222.45489501953125,223.52672307303598,220.94457630928326,221.87025072262168,8681681,3592,76.5005288687032
2022-11-07,223.2831268310547,224.5011234095966,221.09073298967925,222.5036209152857,9570452,5860,69.07673009691038
2022-11-09,225.4268035888672,228.49614889543784,222.99081053028044,224.20880705957381,16625632,11679,73.68389009549962
2022-11-10,223.3318328857422,227.4242981084938,222.6497578266371,225.28062726496879,8944902,11374,68.11801005226356
2022-11-11,223.86778259277344,226.06017654634795,223.33186109716397,226.06017654634795,7259679,5332,53.071939827266526
2022-11-14,221.87025451660156,224.50112416143827,220.99330292436346,224.16009403917784,7310857,5730,76.8409902036841
2022-11-15,223.62417602539062,224.3549739862579,222.16258010365604,222.6010559065519,6426117,9046,76.88463142926145
2022-11-16,218.84962463378906,224.11136374846072,216.55978518737126,223.62416513161622,10662953,11152,59.404776391635984
2022-11-17,215.73153686523438,219.1419271084308,215.34178392754623,218.94705063958673,10679502,14495,54.88052121798384
2022-11-18,214.80589294433594,217.1444555064127,213.10069758095906,216.65725683116216,7718744,4971,77.12496879746155
2022-11-21,215.73153686523438,216.7059340775762,212.80834522820885,214.8058624871339,6226956,13890,73.62026403960039
2022-11-22,214.85459899902344,216.31619491058143,213.44172592480857,215.39052047355253,7105721,16801,75.81076941676342
2022-11-23,215.14691162109375,216.5597846326996,214.85458947811142,215.82898670930467,5966239,17978,56.321621149357036
2022-11-24,215.0981903076172,216.02386471017508,213.97763943106636,215.34178961713883,6612342,8529,61.86225843189354
2022-11-25,218.3624267578125,219.09322468555868,214.7084371190815,215.53666584965404,8062766,9141,72.59334267659698
2022-11-28,218.84962463378906,220.65225059524053,217.58290525636906,218.3624260169446,7388645,9067,46.869722468572476
2022-11-29,217.72906494140625,219.67785946291022,217.19314347436818,219.23938366919626,6165404,15706,47.94304398722278
2022-11-30,219.04449462890625,219.62912403095677,216.94953171755807,217.82649812281593,8815900,10214,52.57628530721905
2022-12-01,219.0932159423828,221.3343176035398,217.87521944474474,219.48296887437846,7833074,17043,74.5593713975411
2022-12-02,219.48297119140625,220.55481406789144,218.11882104689914,219.67784765946135,7223274,7572,49.41600860537545
2022-12-05,218.45986938476562,220.06763383370057,216.65724331963114,219.482989512611,10750610,15748,66.60073359818902
2022-12-06,222.94210815429688,224.40370412357575,217.77779942255356,218.45987456792574,20071039,12259,57.298986217396255
2022-12-07,220.067626953125,223.72161667538327,219.6291362919562,222.94209589434374,7548312,7471,72.39279888023631
2022-12-08,219.28810119628906,221.48049497989712,219.04450188699926,220.21377559796585,7507975,10456,47.26122021532975
2022-12-09,213.78274536132812,220.70097161072312,211.93139657983346,220.11632732808178,13087278,8245,54.26462385811851
2022-12-12,212.12628173828125,214.12379910629895,210.17748720716588,214.12379910629895,8858525,13863,68.33448428771833
2022-12-13,213.24684143066406,214.65971445178928,212.22372135739343,213.19811859515175,7265105,11498,48.950254452423415
2022-12-14,216.99826049804688,217.4854591138342,213.78274666022622,214.17251447372917,9179593,12214,58.07581028873246
2022-12-15,216.12130737304688,219.04449904661888,215.39050945465388,216.94953609301925,7909066,9641,45.609156483956866
2022-12-16,211.7852325439453,216.80337206241117,210.51851323916995,215.34177629569828,10349382,8191,54.90020363527899
2022-12-19,211.24932861328125,212.4186023498394,209.39796490128546,212.4186023498394,9302368,14632,70.13998780135174
2022-12-20,212.27244567871094,212.90579794043828,209.10565463383028,211.24932559827894,6418826,3603,69.0123023733352
2022-12-21,208.32614135742188,213.7827572024476,207.05942192028505,212.80835992282275,9737819,4862,59.27232417996665
2022-12-22,203.55157470703125,209.78772587868164,201.26175014519697,209.39795806713502,14020296,4064,56.8081579852354
2022-12-23,191.8588104248047,202.57718005452836,190.98185885689426,200.92070772174088,20819266,7146,71.75608313959677
2022-12-26,197.94879150390625,199.4103873502106,189.6177070744688,192.24857662419228,18203352,8618,51.293439327273525
2022-12-27,202.38232421875,202.96696856905874,199.5565778845459,201.50537256141038,11851262,4307,65.3128675189847
2022-12-28,202.91822814941406,204.91574549377702,201.50535510471124,202.04127656804602,8920331,5354,60.63109835424895
2022-12-29,200.57968139648438,203.45415033238262,199.75143778038998,203.45415033238262,15374707,17641,47.90498850066347
2022-12-30,202.38232421875,204.62344107076882,201.70024905547214,202.09000204359566,7372810,6151,47.06755053914251
2023-01-02,206.4260711669922,206.76710129651704,202.86951214910627,203.40543363049977,7746971,12438,58.03561726098866
2023-01-03,205.93887329101562,207.54662287306493,204.6234310016133,206.57222558258107,7238453,8342,61.39395322243391
2023-01-04,202.77207946777344,205.938870620785,200.5796855926116,205.5978256262886,14226706,12044,49.145713311288695
2023-01-05,202.28488159179688,204.37982979982615,199.89759635756306,204.23367615484645,10272550,15984,54.27667191359992
2023-01-06,200.1411895751953,203.4054263160186,198.87448504233578,202.2848754236822,9603038,11182,53.11531870267431
2023-01-09,200.9207000732422,201.84637444149243,199.94630287126904,201.16429937373547,6631221,13090,61.9855445980389
2023-01-10,200.77456665039062,202.47976192549055,199.4591243480644,201.35919610955116,8246247,8246,56.28048227747774
2023-01-11,200.57968139648438,201.99255444618464,199.89759142176086,201.5540786539497,7061239,5129,69.77790385625597
2023-01-12,200.43350219726562,201.50534507056173,198.58215345406845,201.11557726748978,6167789,5842,46.69535437168571
2023-01-13,201.164306640625,201.5053516208841,198.923190021504,200.4335087127457,5801690,17762,69.47762991816205
2023-01-16,201.65150451660156,202.91822389388525,200.87198375610993,201.99254949560475,4396161,4521,64.20163720651621
2023-01-17,202.38232421875,203.1618450631205,200.7258517170399,201.60280337437953,5676087,13985,75.3167729879472
2023-01-18,202.1874237060547,203.01566729258116,201.99254723514306,202.33357734220797,4564618,3797,55.88635639091407
2023-01-19,200.04376220703125,202.18743322421776,199.80016288989364,201.65151175289054,4978935,6657,48.32640882224575
2023-01-20,201.89511108398438,203.16183050681198,199.8488857407604,200.09248505791487,6362978,16262,64.64730145913933
2023-01-23,201.70022583007812,202.67462305631037,201.4079036885841,202.4310237497523,4638356,3104,58.63938565509169
2023-01-24,200.57968139648438,202.82078319415683,200.23863640912262,201.74895513181832,6551672,6400,56.62884614305595
2023-01-25,196.29232788085938,200.96943776985503,195.70769843731145,200.57968480748977,9681030,12968,67.12595560146785
2023-01-27,197.16929626464844,198.63089218990714,191.61521985416726,197.31544990992526,13521282,8503,59.89115235229307
2023-01-30,199.1180877685547,200.53096083427883,196.1948959630058,198.2411213060166,10341362,13959,67.06294084622601
2023-01-31,207.44915771484375,209.1543528130526,199.21550435711677,200.23862438966634,16807189,12446,77.80171488551656
2023-02-01,200.57968139648438,209.88516331078037,191.6152147333057,209.39796468204773,19017445,7788,53.143826174596086
2023-02-02,201.0181427001953,203.4541356682827,198.7770261959307,199.70270055017969,9841415,10632,51.157730416411816
2023-02-03,200.04376220703125,202.8695083385786,196.82824824719032,202.18743322421776,10618799,16746,52.605599561257876
2023-02-06,203.21055603027344,207.40046731434433,201.45663794995045,203.64903183332353,17908243,13847,53.44156438600494
2023-02-07,201.0181427001953,204.62340931934042,199.75142338316564,204.13621072572295,8095192,14820,77.77236272517041
2023-02-08,201.8463592529297,202.23612702526248,198.97189069703154,201.01813061444798,8259877,17308,46.45693577794077
2023-02-09,200.23861694335938,202.3335648960051,198.3385454496378,201.89508914639563,6294658,13694,72.7061971986248
2023-02-10,199.5565643310547,200.87199172772287,197.65649262378568,200.23863944800735,5515771,4239,71.1933456549053
2023-02-13,198.3872833251953,200.96943005501709,197.12056394395142,200.0437556538426,6844360,3345,62.89876177268882
2023-02-14,197.90008544921875,199.26423563836957,196.68208889886196,198.48471487251683,5125639,3893,52.90973484462636
2023-02-15,199.99502563476562,200.38477856816948,197.16927969728422,197.46158696327643,6323738,9847,63.94518376488554
2023-02-16,199.89759826660156,201.11559488013953,199.2642459748109,200.3360889419734,4862186,15273,62.92209066594633
2023-02-17,199.45912170410156,200.77456398899074,198.92320022254958,199.26424522029794,5939096,5667,68.07163608917391
2023-02-20,198.5821533203125,200.09247196144102,197.0231118453176,199.55655052515394,7780404,15715,78.79382965536433
2023-02-21,202.6259002685547,204.37981824980548,199.3616784807896,199.6052777874044,15068225,7489,53.457520738682604
2023-02-22,197.12057495117188,202.2361607291359,196.43849982106786,202.2361607291359,15048335,3775,73.42912505927903
2023-02-23,196.1461639404297,198.48471132810567,195.46408885803433,197.6077597747576,10723010,13446,74.20291521312122
2023-02-24,197.12057495117188,197.75392724309927,196.1461776601311,196.73080711388192,5212611,12958,63.607386257665
2023-02-27,194.6358642578125,197.12058039217516,192.4434702924554,196.77953538364812,12387738,3535,68.46851780144462
2023-02-28,197.36416625976562,197.75391921310654,194.44097450534238,195.8051247101577,6795039,14603,77.64587934272006
2023-03-01,199.3129425048828,200.14117117189386,197.2179796852462,198.09494605211296,6502602,13513,54.412203756849735
2023-03-02,200.33609008789062,201.0181652217488,198.33857265663806,199.26424711459723,6290128,6261,52.70154101568632
2023-03-03,202.4310302734375,203.89262615988832,200.7258350725782,200.8232807455905,9201938,6924,53.36240049998594
2023-03-06,204.91575622558594,207.4491802978415,202.77208512810108,203.1618381028718,11959992,16365,61.85316461941731
2023-03-08,205.84140014648438,206.47475235353295,202.77205503829396,204.08748228403812,7273306,10406,64.17480540035987
2023-03-09,204.3798370361328,207.30302898420624,204.038792028275,206.32863166818174,7481807,13392,59.67151655750575
2023-03-10,203.40541076660156,203.84388652277363,200.7258185289577,202.72333571609823,5967859,13248,62.94296627822884
2023-03-13,197.65647888183594,203.84389220959326,197.02311177803244,201.74894416714815,7250840,14497,73.99716163507065
2023-03-14,198.1923828125,199.9463007309008,196.53591056050195,198.6308734431911,7282943,4441,77.58587789152412
2023-03-15,197.75390625,200.1898992190025,197.36415332220807,199.7514234582063,5658938,8260,68.74957507346141
2023-03-16,198.1923828125,199.31294850364662,193.7588874854785,197.75390704993012,7483698,11858,50.432243833337964
2023-03-17,199.89759826660156,201.11559488013953,198.436002330356,199.21552313664483,6398045,12981,46.49471948261976
2023-03-20,197.4128875732422,199.31295922533687,195.3666474136805,199.26423638951454,6100721,13483,53.85632348369414
2023-03-21,197.12057495117188,198.3872944031494,196.43849982106786,197.80265008127586,4431418,7950,66.78725879911562
2023-03-22,195.8051300048828,198.582168193927,195.366654203487,198.14369239253122,7561000,14245,50.24607016665475
2023-03-23,194.97689819335938,197.02312352394443,194.44097672530532,194.87945251985053,5367782,4443,46.00399280755529
2023-03-24,187.81507873535156,196.09745574832425,187.1817264404322,194.97690480558296,16010459,10248,69.29735577616998
2023-03-27,181.87123107910156,189.03305643242388,179.7275602168942,187.96121356725953,22247890,16775,57.942510250714946
2023-03-28,179.24038696289062,182.69950047891612,177.6813601463446,181.9199796365814,12023683,7606,53.9319440047224
2023-03-29,180.7506866455078,182.89435758358218,178.60701570743345,179.77628941291746,17480941,11526,48.12278899455812
2023-03-31,185.3790740966797,186.6945163121572,183.13795748088785,183.67387893416097,13519886,7123,60.160343270134
2023-04-03,188.98434448242188,191.03058466353357,187.13299564665198,188.39971505076292,14927965,4946,49.343501582308164
2023-04-05,189.6177215576172,189.9587516935966,187.57148126924892,189.66642952838356,7802577,7015,52.704412160415316
2023-04-06,190.25106811523438,190.98186607214308,187.1817226434668,188.54587288244738,8898362,8673,72.32019479367324
2023-04-10,190.68954467773438,192.68706207489126,190.10491523074478,190.4946681954045,7752647,16848,66.26445012136956
2023-04-11,192.4921875,192.83321763042596,190.7869922435021,191.95626601719042,4957133,3021,69.6297230634283
2023-04-12,192.05369567871094,193.51529149097473,190.54337703241404,192.9306472188206,8183550,16312,45.77596773536258
2023-04-13,191.27418518066406,192.15113676773169,189.2766678233186,192.15113676773169,6448150,13595,71.23046752782668
2023-04-17,191.9075469970703,192.54091416867246,189.81259873037183,191.27419469359114,4756452,13773,66.57286593257025
2023-04-18,192.19985961914062,193.12553404292143,191.1280166854225,192.44345893424727,4249222,3701,70.49116000548194
2023-04-19,188.4971466064453,192.68705778991364,188.1073936504529,192.49218131191745,6753761,3397,64.22447472887184
2023-04-20,191.37161254882812,191.761380366842,188.49714365603995,188.59458932757394,6086016,13816,62.25020751810613
2023-04-21,190.68954467773438,191.90754127744924,189.5202709156326,191.90754127744924,4015567,6232,67.92001707855948
2023-04-24,190.83570861816406,191.66393736525234,189.81258852529294,191.4690608875917,5017631,17871,64.1834037950012
2023-04-25,192.589599609375,193.71016530429338,190.34849795578077,190.8356965531919,5957551,13584,48.985030941703755
2023-04-26,193.1255340576172,193.85633200299273,191.12801669996628,192.58961259071734,4910837,5949,68.28706210100951
2023-04-27,193.4178466796875,194.8307196641768,192.5896031018206,193.3691238454386,5215692,9953,57.404779466962566
2023-04-28,195.95127868652344,196.38975444354406,193.90503866293253,194.39223725253788,7951645,3899,57.28713249100415
2023-05-02,196.5846405029297,197.75391420144172,195.26919829952755,196.7795169746614,6881245,6970,53.840304814939124
2023-05-03,198.5821533203125,199.02062908886685,195.31791673684506,196.6333589106296,8641713,4541,70.08688769007496
2023-05-04,198.63087463378906,199.31294969833297,196.92567953836868,198.6795825991612,8211667,5312,56.68862832063607
2023-05-05,195.02560424804688,200.3360811715946,194.29480630826933,198.6795939469345,16337389,3612,61.24946219089441
2023-05-08,197.51031494140625,197.9975135549115,194.39224678859696,196.341041242618,7724617,17408,73.4080853953203
2023-05-09,198.094970703125,199.84888878699596,197.2180042271282,198.53344650706208,7956883,10822,77.91113680457286
2023-05-10,198.92320251464844,199.21552467778352,197.02313075645475,198.28985021795816,5026713,7982,55.83449300766405
2023-05-11,201.0181427001953,201.89509422145832,198.9231798267675,199.26422478954817,8986218,3700,45.30840723718686
2023-05-12,201.7489471435547,202.47974505771768,200.87198072568611,201.5540706734022,7304524,8978,69.61844302800029
2023-05-15,202.82078552246094,204.03878210827472,201.1643131393787,202.33358688813544,6740655,4730,77.0760197899454
2023-05-16,205.93887329101562,209.4954174540327,202.8695129051178,203.50288006480594,18196503,5698,66.95292067237285
2023-05-17,202.4310302734375,206.96197157418612,201.5540786888159,206.96197157418612,9107799,14361,48.38252360093795
2023-05-18,199.36167907714844,204.33109602608226,198.8744804624615,203.6490209391449,8248339,6689,60.79275507149621
2023-05-19,200.57968139648438,201.21303366658793,196.6333695301254,201.01815718871933,9002705,4362,50.38284553782325
2023-05-22,200.9207000732422,201.60277514099914,198.87447486997138,200.72582360647183,5577418,13684,69.55708462929015
2023-05-23,201.602783203125,202.1387046592661,200.23863301305855,201.213030253998,5017652,5005,60.70227091920017
2023-05-24,201.8463592529297,202.67460275953164,200.2873327679593,201.35916068860388,5447203,4545,68.0172386291682
2023-05-25,205.40293884277344,205.79269178711704,201.2617506196051,201.8951028711939,8705559,5082,53.64162209344647
2023-05-26,206.76708984375,208.32613136360854,205.25677115915988,206.81581267901842,8476048,4424,74.83452488467938
2023-05-29,211.4442138671875,212.12628900281192,206.27990520924914,207.54662467147898,12956419,9431,59.544925755053704
2023-05-30,211.3467559814453,212.85707468116226,209.49540716767743,212.4185988955985,11975300,9435,56.13883681582816
2023-05-31,208.08253479003906,213.39299680540768,207.44916765946942,211.3467566422166,11299432,11155,50.51933694209309
2023-06-01,209.78773498535156,211.44420736899573,207.54661829306954,208.47229272497754,6324964,9108,66.5027346156045
2023-06-02,210.12875366210938,211.3467501819874,209.49540141902142,210.85955157403617,4908437,15963,73.84071633109019
2023-06-05,213.44171142578125,213.78274152777192,210.61595060118205,211.4441941753849,8688870,5709,70.12203390084244
2023-06-06,211.2006072998047,214.17252193324185,210.03133355481432,214.17252193324185,8301040,7695,63.47332682757605
2023-06-07,214.83944702148438,216.0196103741481,210.56135299225443,213.02003289638355,11387499,5493,47.185695124719395
2023-06-08,217.00308227539062,222.46135466235606,214.83944696167754,215.3311829423665,31056302,11615,60.298186325344105
2023-06-09,217.54400634765625,220.88782019693926,216.56053433432453,220.88782019693926,11045069,10657,46.5029511164403
2023-06-12,217.2981414794922,219.85517475368422,216.7080672669348,218.2816135070134,6342344,17758,52.28997798441954
2023-06-13,218.1340789794922,219.11755091807728,217.1997836391545,217.8390343965985,6249947,15427,45.221186365650915
2023-06-14,220.4452362060547,221.52706137634485,217.88821808646455,218.8225134572108,10509540,9524,49.68808756673878
2023-06-15,216.95391845703125,220.93696785447963,216.5113440736783,220.69109986665734,7665159,4328,48.94733151127738
2023-06-16,218.57662963867188,220.0026608914644,217.24893657186385,218.23240847125044,7136739,12076,52.14142181097011
2023-06-19,219.46176147460938,220.4452334328314,217.34730276706847,219.31424668351252,7473608,17599,55.83740250170824
2023-06-20,221.2320098876953,222.60887960756278,218.92085983279594,219.41259580276486,11221842,15224,78.34572990350293
2023-06-21,220.59275817871094,222.26465746808188,218.92085888933997,221.52705351630726,6987933,14931,72.47884846454164
2023-06-22,217.44566345214844,221.4287130148105,216.85557425426208,221.13368342245903,6857007,17497,51.552026128699104
2023-06-23,214.6919403076172,218.42913690382304,212.13490710847853,218.33078370132085,10890426,17731,71.52807175205797
2023-06-26,214.98696899414062,215.7245729385305,212.7249805633602,214.69192441506655,5136478,11358,76.63127872948192
2023-06-27,215.626220703125,216.85556061591365,214.9869699511112,215.2819995249079,4694432,8276,69.43624869892369
2023-06-28,214.44607543945312,217.29813827456266,213.95433943294512,216.31466626154668,8345362,3029,66.98467580586737
2023-06-30,218.18325805664062,218.82250882134747,215.23284220736403,216.06878436070446,9940002,16260,50.21357410022503
2023-07-03,218.232421875,220.49441038383767,217.93739229233563,219.21589383479107,5792956,11174,48.259662320647095
2023-07-04,217.00308227539062,219.6092919769967,216.56052289408882,218.4291286246615,4598056,14936,70.41848854198186
2023-07-05,218.0357208251953,220.0518412547694,216.90473412417572,217.2981168880285,5879342,7253,53.103868568422044
2023-07-06,225.80517578125,226.49360317559817,219.85516721738546,221.2811986070906,30885511,10258,48.939153920590094
2023-07-07,224.2316131591797,228.50972230761647,222.36302238548984,226.00186573807048,16592198,10496,77.68213311013668
2023-07-10,221.28118896484375,225.4609447564019,220.9369677793731,225.4609447564019,7143637,15233,74.10993638556704
2023-07-11,221.77291870117188,223.1006118002453,220.98613816122432,222.26465466281527,5156417,4538,62.908298646357174
2023-07-12,222.55970764160156,223.49400300267072,221.47788248251652,222.51053104226293,7366992,17543,49.01369614461248
2023-07-13,218.18325805664062,223.44482398389593,217.24894769909687,223.24813259526238,9389403,9375,64.28322619474076
2023-07-14,217.39649963378906,219.06839911731652,214.93781950901558,219.06839911731652,10191602,5924,61.11634141195447
2023-07-17,219.8059844970703,220.98614785546786,217.59317257260315,218.2815999477858,7071156,12070,70.81175103018151
2023-07-18,217.8390350341797,220.59275947159585,217.10143107808202,220.49440627481314,6695221,14221,51.12892910274777
2023-07-19,215.87210083007812,217.74069160000255,213.90515685896125,217.74069160000255,14481130,3481,62.03378186896609
2023-07-20,214.54441833496094,217.00309842134183,214.15103552377693,216.16715619592773,6910107,9727,63.30996555729793
2023-07-21,213.80679321289062,215.57704570173385,213.1675424561429,214.54439716602607,5715378,17703,56.005532598140135
2023-07-24,213.75762939453125,215.13448409007142,213.21671683321523,214.642748126437,4387406,8003,47.1549097030432
2023-07-25,215.8229217529297,216.8555703272348,213.90515440441527,213.90515440441527,7602866,16925,67.09093391972014
2023-07-26,217.8390350341797,218.72415377886054,216.16713573500982,216.7572098959334,8511027,4160,46.64157873801377
2023-07-27,217.24896240234375,218.87170023322616,216.85557959845275,218.57665562701192,7845672,4695,75.3873094239733
2023-07-28,230.77169799804688,233.27955459067886,216.36383925058763,217.24895804488514,57651036,11662,69.05063834355622
2023-07-31,232.78781127929688,234.95144660251327,231.31260333075053,232.64029648707876,18682254,3446,65.4400496197281
2023-08-01,240.3605499267578,241.34402192319558,232.34525915842656,233.4762459516933,27535144,17421,73.89930264575338
2023-08-02,231.85353088378906,240.65560254380642,229.44402741356868,240.65560254380642,22636262,4830,72.52122986440924
2023-08-03,231.5584716796875,233.67294541315667,228.70640897739761,231.36178028756254,10784942,8559,46.69991322761252
2023-08-04,231.7551727294922,233.42708714870426,230.62418592269992,233.0828659431978,7710303,10467,66.96276375940494
2023-08-07,228.95228576660156,233.08286518630635,228.3621965609615,232.98451198316906,7286281,14875,50.78443563027601
2023-08-08,230.03407287597656,232.7386206182433,226.69027439726477,230.62416202238,9464101,9784,78.3437415737537
2023-08-09,231.01756286621094,233.08286003370316,228.1655001173803,233.08286003370316,10515447,7980,73.95386511673735
2023-08-10,233.23036193847656,237.70516221633724,229.64069540058972,232.09937522286583,25155361,13804,59.81011626935503
2023-08-11,232.2960662841797,234.4105399323501,231.2634177589421,234.11549535276927,6875382,4523,53.05629490349291
2023-08-14,227.3295440673828,232.24690400833066,225.31343849686746,232.09938921273888,10730311,10302,55.829523407509086
2023-08-16,231.06674194335938,231.6076545412709,224.2807911887359,226.1985585753389,6716135,7035,65.50498154099202
2023-08-17,228.65724182128906,231.95187905016806,228.06715261395217,231.06674523916274,6535775,15203,46.984275134518825
2023-08-18,226.29689025878906,229.64068871713044,225.8051543086453,228.65721681684295,6814759,9886,57.5593164279449
2023-08-21,235.39401245117188,236.42664597241262,226.29689709855455,226.83779465478895,14519170,9256,76.76133122078116
2023-08-22,239.4754180908203,240.06550725918353,235.63988351623203,238.00021017650315,22416067,3039,65.95251949332184
2023-08-23,241.5407257080078,244.39278846410724,239.47542853525198,240.60641531625205,23010389,4253,55.634905189814376
2023-08-24,245.62213134765625,248.62172394100804,242.42584735614523,242.91758335483922,28698029,7113,60.99576887699126
2023-08-25,241.5407257080078,247.5398958172563,239.37707533403824,245.52377524510732,15076489,4096,63.824190712023736
2023-08-28,240.9014434814453,242.8192107215699,239.6721035830846,242.08160678255348,7395680,8678,55.71635092933182
2023-08-29,242.8192138671875,244.39277496011022,240.90144660221907,240.95062320010868,7267365,10294,77.62467780416756
2023-08-30,243.26181030273438,246.35974116504724,242.81923588818216,243.90106111349985,8228142,14640,67.8979506212196
2023-08-31,241.04898071289062,245.62211927330065,240.21302355356832,244.54029412671778,11641155,3485,60.17948378605193
2023-09-01,251.12957763671875,251.7196518243849,242.03246176589337,242.6717125541796,28052910,16799,63.454192744850914
2023-09-04,254.8667755126953,257.9647064646147,250.88372571925393,253.68662706172773,18767431,5031,49.16994294077564
2023-09-05,254.17835998535156,258.1614097302008,251.4246202736519,256.4894952619122,14987193,6640,70.83849411639741
2023-09-06,253.24403381347656,257.4729513048945,250.4411326793122,256.6861857293879,9250338,14988,63.32598285641552
2023-09-07,259.341552734375,261.9477472737644,252.06383664421216,253.73575088399133,17703150,13066,55.25927778452372
2023-09-08,264.40643310546875,271.92998733097704,259.34155869307955,260.4725454044781,53019645,6319,50.14746030571259
2023-09-11,267.406005859375,269.47130286940444,264.70145811159813,269.47130286940444,16450404,17914,59.96358005608472
2023-09-12,258.3581237792969,271.43829025363624,255.70273719545446,271.43829025363624,23738913,6897,46.849261138078596
2023-09-13,260.62005615234375,263.17708912100295,256.68616851230837,259.1448482873305,11803636,14669,60.5800949430481
2023-09-14,260.7184143066406,263.570476897296,259.09569162688683,262.43949018190284,7915449,7230,69.7357705214036
2023-09-15,259.5874328613281,263.52132065607793,258.75147570230735,262.6853634970572,7612098,11230,53.302617212160854
2023-09-18,261.1609802246094,262.34115864176715,257.9646961924229,261.0134654257606,8425365,8837,48.1667647469412
2023-09-20,257.6696472167969,262.58700689650675,256.6861752808549,260.9642842048388,9016803,11947,53.76045131477362
2023-09-21,252.40806579589844,257.6696466441305,251.81797663300839,257.62048505271537,7948656,11211,73.46784543145948
2023-09-22,252.85064697265625,254.719237694419,250.04774588342096,252.8998085653938,6831744,15698,73.88151647306947
2023-09-25,252.65394592285156,254.03080069365086,250.78535516153943,253.9324775060947,5384845,9803,50.249651992459796
2023-09-26,255.55519104003906,259.3907256248411,252.75228999273614,252.85064318992224,9193002,17613,66.78710237489886
2023-09-27,255.4568634033203,256.2928206432733,252.3097408575627,255.55521661034743,5650167,9077,61.7149966153541
2023-09-28,253.784912109375,259.88244990232715,253.04730818344595,257.6696381245401,11266992,11610,53.952562956866245
2023-09-29,257.9646911621094,260.37420954466097,255.16181999908744,255.16181999908744,10214222,11269,47.34325553616678
2023-10-03,259.5874328613281,262.0952743252083,256.489472212417,258.21054812262,7137959,5978,63.08412676584847
2023-10-04,252.40806579589844,258.6039569864716,249.31013520720265,258.6039569864716,12531396,6473,59.973482413861596
2023-10-05,253.53904724121094,255.89940384365468,251.76880980255908,254.32584277975252,6675848,14039,47.96255511610623
2023-10-06,254.47337341308594,255.65355178781104,253.78493102563246,255.21097739399343,3828731,10868,45.20752565690064
2023-10-09,245.8679962158203,251.71965152443852,244.98287743208,250.88370934125967,11210941,5875,62.107906688743
2023-10-10,249.70352172851562,250.78534687453237,246.35972310615827,246.35972310615827,5951928,10546,77.83914315375215
2023-10-11,249.75270080566406,252.16220410214896,248.9167586450748,250.9820407535228,6245802,12023,67.81680891545125
2023-10-12,250.93287658691406,253.14568860269492,250.49031718507626,251.17874458866748,5375168,13080,56.73596533104458
2023-10-13,249.90023803710938,251.67047560941205,249.01510424436643,250.24444422879418,4300916,17755,62.61374334154868
2023-10-16,250.58865356445312,252.6047740447918,249.3593136382211,249.90022620708137,6720120,6447,63.34305186031153
2023-10-17,252.65394592285156,255.0142726746765,251.76882714256507,252.60478432907348,6338761,10652,64.60786513672979
2023-10-18,248.86758422851562,253.44073787861333,247.34319967848307,252.75229549650157,6003534,3318,45.536547806742824
2023-10-19,247.83494567871094,248.72006448206957,245.37626566205705,248.37585828369316,4782988,17390,70.39586398945511
2023-10-20,243.3109588623047,248.22831870193568,242.52419329323678,247.34319993343863,7678941,3766,50.81989356075543
2023-10-23,234.31219482421875,244.63865041982964,232.39442750063782,244.24526763787142,9550108,4877,67.18768878555696
2023-10-25,232.78781127929688,237.6559945081816,229.29648279975225,235.885756975199,9555885,16128,68.54983315139447
2023-10-26,230.5258331298828,231.46014354460985,226.9853428980143,231.1159223384902,9272278,15834,62.50613690976058
2023-10-27,234.21385192871094,235.04980913538566,231.60765711875868,232.2469079192098,7031353,13263,73.2688608234234
2023-10-30,235.1481475830078,235.93491313216543,231.11590661391588,234.55805841454867,5661460,7084,49.17177344451952
2023-10-31,235.39401245117188,237.85269227620358,234.31218732552165,236.52499916805016,6266858,15162,65.54788714090867
2023-11-01,232.9844970703125,236.2791340788348,232.39442290903372,235.98408949489996,4027707,17328,63.63351880586377
2023-11-02,240.75393676757812,240.99980475549302,234.0663244949749,234.0663244949749,9816661,15488,75.63207721860073
2023-11-03,240.55723571777344,242.08160517635415,239.8687933739868,241.78657560797754,5030180,14360,68.78446812289698
2023-11-06,245.42543029785156,247.0481530270896,241.54071906225812,242.9175738018182,9389448,3647,47.17773411307437
2023-11-07,245.67129516601562,247.83493044637208,244.78616141046683,245.8188099553116,7066697,14611,47.67343874469501
2023-11-08,250.73617553710938,252.11304529789413,247.34320024481096,248.7200549990044,13131393,8133,78.53899401746202
2023-11-09,243.9010467529297,249.80187852921026,243.1142661814407,249.80187852921026,15388769,6179,68.39034049235254
2023-11-10,247.24484252929688,247.68741691261016,242.77005715660513,243.90104389784986,6974541,7149,54.36418905177397
2023-11-13,252.80145263671875,254.2274989688964,247.09732733437224,248.57253525875655,10251490,10311,73.61315102511574
2023-11-15,254.9159393310547,257.915516748404,253.8341141923907,254.9159393310547,8436750,13076,73.74664528799524
2023-11-16,258.1122131347656,261.1117904358182,255.063444230619,255.1126058205324,13551131,4693,51.88051771619298
2023-11-17,258.3089294433594,260.5709331795241,257.07958937365635,258.55479745729997,6452353,17014,53.36909380192688
2023-11-20,256.5386657714844,260.0299792106409,255.8010618043514,259.48908164001625,4859705,14185,62.42977378676707
2023-11-21,258.3089294433594,261.013477596706,256.4403385400479,259.3907547073351,6931541,7116,50.839856714898815
2023-11-22,257.76800537109375,259.24321330338176,254.96510429711012,259.04650690713714,4537969,12146,62.55361688369321
2023-11-23,256.4403076171875,259.3907234286988,255.50599727160292,257.7680007350039,5466513,3960,72.00544869993587
2023-11-24,253.88327026367188,257.57128996539046,252.8014451485315,257.07955400516136,7153583,9383,75.69730906863768
2023-11-28,266.3241882324219,266.9142773965893,254.22749542630737,255.11261416596767,24745437,16983,49.80912335719175
2023-11-29,268.8812255859375,271.1432290827046,267.01263488038705,270.4547867112576,26392589,10852,50.70328122039266
2023-11-30,263.4721374511719,268.48785055203325,260.71842791232166,268.48785055203325,20403510,15491,77.45158996850884
2023-12-01,271.4382629394531,273.89694285738295,264.1113847787492,265.53743113642156,32159928,13993,52.85202384374436
2023-12-04,276.8965148925781,281.27297706547813,274.29032023359383,280.2895051176967,28890541,14046,45.93667779798945
2023-12-05,276.84735107421875,278.51926537727536,271.9299913748543,278.3225589840281,21565252,11607,48.606301608974
2023-12-06,289.28826904296875,293.6647312401605,275.56885330317726,276.89651642950577,45934967,17310,77.91088868151056
2023-12-07,320.4151611328125,326.66021424848424,287.3213347962945,290.12423595989964,152381610,5589,73.78107294946851
2023-12-08,318.2023620605469,330.39743919554553,312.842457525856,326.46355109088387,74992149,3877,48.73667781769727
2023-12-11,328.1354064941406,329.7581291910987,317.0221855870393,320.02176299616843,40351523,6648,55.70905734636435
2023-12-12,325.33251953125,329.46311385953834,322.185427197815,329.46311385953834,22627713,5158,64.72842365935853
2023-12-13,332.56103515625,334.8722002501873,324.2998767474281,326.61104184136536,33632037,10887,76.01734515707626
2023-12-14,329.85650634765625,336.2490744164604,329.46312354605897,335.26560240587514,16560229,11936,52.48282392736587
2023-12-15,327.6928405761719,332.9052295055511,326.3159559413806,331.82340444100646,17080409,11332,73.00315732760056
2023-12-18,331.47918701171875,334.6754706396826,328.8729925177073,333.3969691937691,15561817,17381,74.36269610888442
2023-12-19,330.3482360839844,332.9052692656184,324.98833173591913,332.9052692656184,11713755,8878,57.7518858569249
2023-12-20,314.8585205078125,341.1663936427633,312.74406194072355,331.1349983431389,40678163,4120,74.79602284825965
2023-12-21,323.1197204589844,325.2342093144508,307.5317129383843,312.7441026438413,26393082,5495,64.62233101148342
2023-12-22,321.2510986328125,326.5126794396724,318.2023296595046,325.5292075136493,15179674,6481,57.98866181982409
2023-12-26,320.02178955078125,325.92262167530646,319.6284067451164,323.11972041352016,11314266,15706,47.72895390278432
2023-12-27,319.4808654785156,324.44738676661893,316.3337432675394,321.6444857370278,10349372,16627,56.153551816760455
2023-12-28,324.3490295410156,325.5292078587671,318.64490436930674,321.201937382314,16182026,5659,77.33570293448429
2023-12-29,326.66021728515625,330.4465904702647,320.66103211029156,324.64411169976285,19909151,15873,51.45359454345123
2024-01-01,324.84075927734375,330.29904637583206,322.72630067732285,328.3812641495452,10096386,5411,73.34010532628847
2024-01-02,324.3982238769531,327.2011248953294,314.317636539643,326.217652959982,15689859,17183,52.05262063866697
2024-01-03,321.3003234863281,324.1523863643005,319.48089423226804,324.1523863643005,9954264,8977,48.012935989099695
2024-01-04,332.2660217285156,335.1672461251972,321.3986381034056,321.3986381034056,26968463,5131,75.93550444614644
2024-01-05,335.11810302734375,343.9201899323823,330.5941255678445,333.7412481518054,37557423,16748,72.74107668090281
2024-01-08,333.34783935546875,338.3143608451609,331.77427818611045,338.3143608451609,14548833,6043,55.60151821285292
2024-01-09,334.5771484375,339.15028671590414,332.462659866905,336.0031646677657,14504090,17665,75.61912469761994
2024-01-10,340.723876953125,342.9858504851013,335.11807470336424,336.54412106907716,23432704,13659,53.13860663478914
2024-01-11,351.39453125,354.049917637555,342.1007389199242,343.67430011206113,33499272,13197,69.49180987447728
2024-01-12,351.8371276855469,355.86936911379047,350.6569492142416,355.67266269751116,20933438,7418,57.819086205045515
2024-01-15,352.96807861328125,354.2466101625689,347.1656000819698,353.7056825794611,12869181,6487,60.418372777342185
2024-01-16,347.608154296875,354.7383255562161,343.2316923462141,353.01724973499586,14129539,7329,64.54217828915048
2024-01-17,343.0350036621094,349.4767629332679,340.77303018563055,346.5755086796614,12084011,8328,50.75431088027519
2024-01-18,339.8387451171875,344.2152076193356,329.7581568940498,342.05155716616895,16863929,15128,58.12445349075546
2024-01-19,342.8874816894531,345.493676295978,339.3961683503777,342.2482309388989,13483525,14676,59.56869888289292
2024-01-23,340.4779968261719,359.70486120232204,335.56063713782845,359.45899321790483,25989141,16306,69.82865572299814
2024-01-24,351.0503234863281,351.98460382806735,338.06848178067736,342.73997352891945,19810051,16628,53.65560358825795
2024-01-25,359.06561279296875,360.63917390616257,352.0829559872336,353.01726633939984,19949672,15509,69.68606197799451
2024-01-29,375.5879211425781,380.8495019297834,360.786680716493,363.34371371723756,34448280,12740,69.91917093911262
2024-01-30,376.9156494140625,386.307795143699,375.6863093964041,379.7185506569605,23860682,15777,77.20425609516558
2024-01-31,383.3081970214844,384.7342433710323,377.3582036592654,378.636705204032,15543971,5008,47.913030699111516
2024-02-01,382.4230651855469,390.14332582258163,379.0792666331571,385.61934895138063,25396799,13620,69.0987012470745
2024-02-02,383.3573913574219,388.27475158526556,381.14457925489216,385.07846743716715,13340756,4774,52.2348240047861
2024-02-05,387.48797607421875,395.84748824840875,383.75079440161926,388.9631841049582,22188678,4516,53.87189400781609
2024-02-06,386.4553527832031,390.0941813483379,380.35781408796055,390.0941813483379,12288416,15201,63.763336844033
2024-02-07,388.6189270019531,395.1098477403361,385.52099642616486,389.1598545711742,13281036,8988,56.30690692974949
2024-02-08,400.6664733886719,404.10862527347695,386.6028362645985,389.94663495005835,21626429,12297,47.54331732258696
2024-02-09,385.6193542480469,406.07555862508616,377.70238711140644,406.07555862508616,38295877,6867,78.70886488828029
2024-02-12,355.7218017578125,379.76767194301874,353.2631219834654,373.62097250715095,44078652,12800,58.018461310331304
2024-02-13,359.01641845703125,360.4424647703996,348.7391547272849,355.72181147990716,21221871,13973,49.185095699565295
2024-02-14,367.52349853515625,368.4086173328323,352.27968252976905,358.2788377213423,15216135,12423,60.973669532675075
2024-02-15,372.5883483886719,376.0305001594284,368.55610745457784,370.4246981274951,16001298,15119,73.0752605218906
2024-02-16,370.0804748535156,376.66974878266245,369.04784133340496,376.66974878266245,9592754,16490,68.63246498176964
2024-02-19,374.2110900878906,379.42347960026734,372.8342353122801,376.7681232501291,12557987,12899,52.47546400000393
2024-02-20,372.68670654296875,376.1780199516261,369.8346138844239,374.7028120302472,7298102,4528,71.11705016160644
2024-02-21,369.24456787109375,377.5057265222669,367.32678549975753,374.40779577972484,10283746,6436,69.88186328047715
2024-02-22,371.654052734375,373.424320294353,363.14702616734985,370.8180955543728,8449170,5698,45.93043461289854
2024-02-23,372.1457824707031,375.44041952879854,371.2606637121715,373.0800928349868,5691333,13189,72.11502680823341
2024-02-26,372.1457824707031,375.0961983412634,371.45737010881504,372.73587164745163,6228934,14164,58.614106389092846
2024-02-27,369.3428955078125,373.2276218911359,367.7693643272504,372.73588589391437,6322898,10889,45.67403910272869
2024-02-28,359.7048645019531,371.99826383558104,358.57387776589576,369.2937159821829,8577264,10039,51.06337700088865
2024-02-29,365.6056823730469,367.8184941695213,357.0494647547402,360.93419080271207,8088079,7697,75.49408496725337
2024-03-01,371.1623229980469,373.4734881770259,368.3594218241014,369.3428938140343,7853708,10385,78.9378797757839
2024-03-04,385.275146484375,387.4879584297224,373.9160571701982,374.75198433900533,25814019,8942,61.44602678067151
2024-03-05,389.6024169921875,393.33962850604274,384.04580633466816,385.5210142975414,18795182,4499,65.49113097959804
2024-03-06,388.4222412109375,391.02843575873817,378.34165417622916,389.60238949001933,15795532,3374,45.289244389563514
2024-03-07,418.221435546875,426.1383725272635,389.45488177910056,389.45488177910056,98883541,5518,46.8969794429387
2024-03-11,406.3214416503906,414.53343866816164,397.9619298385772,407.15739883420855,39122073,10058,68.56692562867481
2024-03-12,389.5532531738281,407.8458378116178,388.4714280045965,407.5507782128186,26812422,8843,66.63416848854361
2024-03-13,365.8023986816406,393.1920680947728,361.6718045442514,392.65117053512546,36185918,10490,48.479289719435585
2024-03-14,378.0957946777344,379.9151937337624,359.5081512303066,365.80239557926706,27089563,10680,51.97531166625211
2024-03-15,374.45697021484375,381.58714233318284,365.8515900720207,378.09582868051115,20859247,10452,74.02181352339441
2024-03-18,386.25860595703125,387.930520266892,372.293292348729,376.52223971530196,34069247,14869,67.44413268399947
2024-03-19,376.9156494140625,386.4061483477485,374.80119058632687,385.66854433715343,14809242,12444,61.274219682077145
2024-03-20,373.6210021972656,381.9313525002204,364.96646070909554,379.6201873260392,18068658,7280,76.16109811490698
2024-03-21,385.66851806640625,387.8321683553763,377.6532276998913,378.73505284437636,16908086,13126,54.6637970250265
2024-03-22,384.24249267578125,388.9631459052629,380.11189859009886,383.4556971287468,11759985,8215,62.0752165335101
2024-03-26,383.6524353027344,387.4879701210932,381.34127008744645,384.045818102251,9140496,6799,45.57443501609741
2024-03-27,381.9804992675781,387.34043339881043,381.09538051546895,385.0784299065513,9084482,11557,69.83268658150145
2024-03-28,387.6846618652344,392.3069621078114,384.5375395617577,384.5375395617577,16040575,9072,50.00860867392386
2024-04-01,400.22393798828125,402.09252876502217,390.9792772797612,392.35616207511237,17765438,4302,67.12624210415922
2024-04-02,402.0433044433594,405.3379413415506,399.87968425120187,400.2730670122141,10630906,8512,72.28406637952664
2024-04-03,405.4363098144531,408.38672565300584,400.61730328078676,402.24002598935436,12195598,11685,49.6234552693511
2024-04-04,407.2557373046875,412.9107009728517,403.9119387035398,408.82929841498697,16383105,15113,67.59194137417106
2024-04-05,407.7474670410156,408.5834241818155,401.30570790961093,407.25573107738995,8530184,4406,53.53685866162171
2024-04-08,409.46856689453125,411.7797320615631,407.89500571613615,410.599553674471,7588327,5901,53.45479398794719
2024-04-09,422.79461669921875,428.94131684317455,409.4685827923963,410.10783360473084,37377906,15269,55.896226485785256
2024-04-10,424.81072998046875,432.137578158264,423.8764196025219,424.85989157375747,18390566,11665,68.03961379305403
2024-04-12,429.72808837890625,436.85826014617675,422.0078274282596,424.3681541485816,25430924,9377,53.51749284342883
2024-04-15,424.46649169921875,434.15369622852637,410.30450188621376,416.9920990161051,32551966,10914,63.71611280196106
2024-04-16,423.2863464355469,428.49876608825826,419.49997320036596,424.2698184439999,14662756,6000,76.85400932991277
2024-04-18,422.6470642089844,435.48136095979606,419.99167797831495,427.71193867330857,20997007,8109,61.691863793742684
2024-04-19,421.02435302734375,424.56485809395815,412.36978175193275,419.20492389460753,17985425,12309,47.564680385244955
2024-04-22,420.8768310546875,427.81029626473986,419.69665271489134,426.8268243193037,12126655,9113,76.69869245873808
2024-04-23,422.5487365722656,425.2532845580238,420.58179258262334,422.9421193675574,9349694,8712,58.79939882401858
2024-04-24,421.22100830078125,425.30244074996745,419.9425068192503,422.94208414840114,6456018,11387,49.381695966032204
2024-04-25,424.3189697265625,425.94169238365544,419.9425076995964,421.22100918380755,7794324,14702,74.44527327795058
2024-04-26,429.67889404296875,433.21939910755117,425.351623414338,425.4007850071476,14337708,12213,47.73850360036518
2024-04-29,440.5954284667969,443.8900654635488,430.02310512747084,432.5801381703163,23566023,11001,60.09069287160436
2024-04-30,441.8247985839844,447.7747922135091,440.6446201718087,444.18512539515183,22517400,14987,65.36897702941542
2024-05-02,450.2826232910156,452.34792031976434,441.82475880049026,442.61152432897495,15880502,9915,68.92790615960502
2024-05-03,447.2338562011719,456.52767786252144,441.08715669318434,453.9706448645624,16825776,12513,63.44713933980039
2024-05-06,438.92352294921875,451.0202460432591,435.0388267221511,451.0202460432591,16739666,7787,72.48806352358449
2024-05-07,429.1871643066406,441.824785200373,425.25327640279755,441.1363428119273,14131347,11722,59.898740111242255
2024-05-08,427.85943603515625,433.9078122016565,422.99126816144144,427.5644064718452,13914786,14347,67.280623189972
2024-05-09,406.6656799316406,424.12230827211613,405.28882510742307,420.7785094095351,28007098,3442,67.24704977486078
2024-05-10,407.99334716796875,411.33714581752497,397.4701852278542,408.1408619588114,19951523,10243,59.73599717893218
2024-05-13,404.9445495605469,408.48505435715487,389.99576486961524,407.9933184135477,25148219,3401,73.20566662860031
2024-05-14,423.2371520996094,424.8598747853895,405.8296868913243,406.272261266165,18401250,9866,49.61602070321786
2024-05-15,424.1714172363281,432.6784731572361,423.2371369419421,426.6300969792078,13804148,4002,54.36979199164037
2024-05-16,426.7776794433594,428.15453421826237,419.79502235462894,427.81031302124086,8324498,16475,49.80126284109865
2024-05-17,429.0888366699219,431.0557807390266,425.2041401413508,426.7777013992715,7388213,8914,58.42588812333976
2024-05-21,434.3995666503906,438.97270515556454,432.7768139435255,436.0714509356596,11541624,16921,67.72490587634925
2024-05-22,440.3004150390625,442.6115501688544,429.28551691813504,434.694612778501,16085201,4911,75.72482083083145
2024-05-23,441.7264404296875,444.62769481941007,438.136773651565,442.9557804230982,8872759,5714,52.76583147402892
2024-05-24,439.8086853027344,445.4636492371271,438.7268601126487,441.726437672575,9759025,8966,54.290786058813396
2024-05-27,438.6776428222656,445.07021037383834,437.6450092999765,441.4805438282838,10073185,16285,67.14917750812958
2024-05-28,429.67889404296875,441.97229356361436,426.9743461484267,439.6119668582869,9560161,14155,50.991543827086076
2024-05-29,425.69586181640625,432.1867830284016,424.95825781534273,427.81032061681816,7241846,11020,69.39515343492636
2024-05-30,418.3197937011719,426.33508397158846,415.5660542742999,425.6958332162513,9059666,3002,56.03558463632803
2024-05-31,429.5313720703125,431.4491543687441,418.3689594895466,418.3689594895466,15285970,14428,62.030821915759006
2024-06-03,449.0041198730469,452.39711020485646,439.9561956768595,452.39711020485646,25033120,7983,51.08382608217178
2024-06-04,392.99542236328125,451.315300723839,365.50736759704665,451.315300723839,58989328,11081,50.55662822868292
2024-06-05,415.81195068359375,417.43470349839004,383.554081004395,410.10782507393003,25587086,7211,64.46981329714323
2024-06-06,424.41729736328125,431.15408605430724,418.713172201742,422.8929278843196,13644903,15824,53.8454630871291
2024-06-07,436.218994140625,438.333482953818,419.94254452552957,422.8929605292218,15039562,12301,64.39037240887704
2024-06-10,440.5954284667969,451.16775180612296,437.79252743931596,439.2185737554745,20554460,8193,55.53939581591609
2024-06-11,440.9888610839844,446.25044255253005,439.36613820461224,440.59547826674043,9802063,4940,75.26118943786514
2024-06-12,442.2181701660156,446.3487644906669,441.1363449844943,443.545863342738,7066407,11634,74.26327621312083
2024-06-13,444.4309997558594,450.43018507942304,442.2181877112552,449.44671305959895,12208021,5121,73.76905805746716
2024-06-14,441.2347106933594,446.10290914161783,440.10372388600973,444.9227307259237,7858446,10030,70.2291432883907
2024-06-18,444.23431396484375,446.74215555708395,440.742970360395,442.31653156147166,6522944,4073,57.881236574476006
2024-06-19,435.0388488769531,445.16859855723504,434.35040646586515,444.52934775447267,8981273,17693,57.691050658691154
2024-06-20,436.31732177734375,439.1202228192519,429.3346649751179,435.67807101663743,8058795,13388,47.76069038950335
2024-06-21,431.44915771484375,437.84172540828393,430.41649415645566,436.3173258734774,16109190,3755,78.33028430076101
2024-06-24,428.4004211425781,432.2359560468416,424.9090774373608,428.7938039509054,7878288,5163,55.33925407520715
2024-06-25,423.63055419921875,430.7115644406715,422.3028610272985,428.7937820797664,7140628,6104,69.87455043100827
2024-06-26,425.0566101074219,428.59708529439405,421.9586492990458,423.2371809060601,9323979,5174,71.90878525470448
2024-06-27,432.1867980957031,435.67811181718093,419.4508232280534,425.05662583684403,18716207,16594,72.48628585929592
2024-06-28,433.3177490234375,437.1041220497464,431.0557455208667,432.18676227874323,11339346,12962,60.993566588582915
2024-07-01,428.2037048339844,434.3504048632193,427.1710712343464,433.71115406281564,8020642,5159,53.681593293099624
2024-07-02,425.5975036621094,429.77725961950733,420.9260117097234,428.7937876295313,7511940,11264,46.7765075729576
2024-07-03,426.6793212890625,428.2528824477629,423.67971376490624,426.2859385026831,9201151,15267,78.01667899208462
2024-07-04,431.026611328125,436.9547710254746,428.06253147945023,428.75416217167947,10686705,10259,62.9493198592162
2024-07-05,434.6823425292969,435.02812773966707,428.8035718224713,431.2242492081479,8708995,15594,76.03183035929733
2024-07-08,428.2601623535156,438.1404288269876,426.7287029588192,435.42335554678283,9154756,10700,77.95646403455588
2024-07-09,433.6943054199219,436.5101572204315,429.4951922025259,432.2616547319382,6076549,4165,48.45604066621175
2024-07-10,432.11346435546875,436.7077822788714,421.73918445970367,434.68233969342765,8745713,13225,55.159634916230445
2024-07-11,435.1269226074219,439.177837828174,430.87842015162084,433.6943020826424,8553094,4964,62.681927966881375
2024-07-12,428.85296630859375,436.8559884081296,427.17333905206675,436.51017304137423,6826289,4350,75.71206846276276
2024-07-15,434.0895080566406,437.30059461993903,425.8394796251148,431.1748174229285,6598992,14228,53.788115940610666
2024-07-16,431.6688537597656,439.91888263123695,430.878444470599,435.1269471661875,10724685,7584,48.43167229751212
2024-07-18,424.80206298828125,435.7197452238341,423.86342562590664,435.6209365300821,12053566,13548,57.035621932188775
2024-07-19,409.19122314453125,424.8020620035912,407.9068005852717,424.8020620035912,16560718,10425,58.552249066184096
2024-07-22,418.9726867675781,419.91132414123655,404.6957198380843,410.03105769085454,9437893,9830,64.44550046911823
2024-07-23,411.4637145996094,423.51762175976586,395.21066398245847,423.51762175976586,17985870,4917,57.261844104298014
2024-07-24,414.9217834472656,419.91130572500884,410.2780463583763,411.463690341295,9455765,6583,47.67333505269593
2024-07-25,418.28106689453125,420.65232470270143,407.7091702198748,411.36488069859723,12474704,7962,77.41502352614816
2024-07-26,439.3754577636719,440.857497719944,424.9996520965245,426.82750740636277,33285673,11159,47.75852698453674
2024-07-29,436.9548034667969,444.6120103110426,435.71977010482175,441.598540968696,13720073,9042,73.02619720885978
2024-07-30,438.7826232910156,443.82156502969053,434.73170816179936,436.95476803308134,11262582,12735,78.98554229584728
2024-07-31,448.1689147949219,449.5521461372154,439.67187918914476,441.0551105314383,21227714,7282,61.31681648206596
2024-08-01,458.8395690917969,460.2722197916166,448.613487259218,449.5027353637573,34019552,13442,77.91964440758659
2024-08-02,454.83807373046875,465.36055150801644,446.93386054137295,454.78865430672863,27534299,4758,54.71015376186455
2024-08-05,429.5939636230469,447.4772515299293,424.9502565862166,440.65987386160936,28371364,17186,46.83998972298051
2024-08-06,431.47125244140625,444.01917287272846,428.3095550834932,432.7556750324568,19245378,16825,64.10775286727748
2024-08-07,425.1478576660156,439.9682574938179,420.9981638055394,438.6838349029473,29078704,11691,71.18966291823092
2024-08-08,412.9457702636719,427.32154665082095,412.0071328402135,427.32154665082095,25148625,15926,68.82298672108857
2024-08-09,412.7481384277344,419.91133173378125,411.0684810399269,419.81252303705475,13056991,8769,45.238803558226365
2024-08-12,413.1433410644531,417.836467690546,406.1283457613308,412.10592513429435,14448957,7619,76.3797395929412
2024-08-13,403.36187744140625,414.97119050922385,401.5340221194415,414.97119050922385,13650935,14007,46.964123150937915
2024-08-14,400.59539794921875,407.95617804478564,398.2735294034602,405.09090692865294,11672941,7943,64.41689161601579
2024-08-16,408.69720458984375,409.3888352834587,401.87982695466883,404.0040781533725,8273268,13505,75.65820604588099
2024-08-19,413.7855529785156,415.86041499410635,410.08045300502545,411.71072111510574,8187151,7701,68.19949595220454
2024-08-20,417.24365234375,418.8245010524893,411.71072709143414,413.14334767733754,7951880,14210,68.93257956387555
2024-08-21,419.4173278808594,422.18379053863555,416.6014457975127,422.18379053863555,10587000,6294,60.63712815623141
2024-08-22,417.8858947753906,420.7017466809216,416.50263330691354,420.7017466809216,4519043,17204,48.72009923457019
2024-08-23,412.9457702636719,418.08349099914716,412.204750240578,417.5400883764177,5647724,9744,60.58047803437054
2024-08-26,417.4412536621094,418.429280297996,412.0071071647328,414.97118707239275,6794262,3218,74.46348338158239
2024-08-27,423.0235900878906,424.30804278144944,415.95920580594526,417.44124573161963,11895337,7929,62.03118312393265
2024-08-28,426.23468017578125,429.0011728182653,423.468217685477,424.8514489306291,18213329,4628,78.77993142107397
2024-08-29,425.7406921386719,427.9143629045156,419.61494478869866,426.2347054807108,9942257,4278,62.511657256013656
2024-08-30,429.4457702636719,432.16284350607106,426.18529443366486,427.22271033807255,12866589,16564,45.86170926159016
2024-09-02,428.0131530761719,431.5206355919487,424.35744244245444,430.63141764520617,9400824,6074,70.05499309178383
2024-09-03,428.7541809082031,429.4457814784758,426.1358861390442,428.3095568506001,9712479,10764,74.32354930130579
2024-09-04,415.86041259765625,424.5550652433177,414.62537928027655,424.5550652433177,14761838,3414,60.4566189894
2024-09-05,415.86041259765625,418.923301255194,414.1313659533247,416.05802998930926,8167304,7163,62.901363259450946
2024-09-06,412.0071105957031,416.2556131045229,409.38884601923604,414.9711905280463,10236248,14584,45.47508370837681
2024-09-09,412.8469543457031,414.13137696907097,406.3753614991831,412.00712563710965,6590372,9317,48.729633260483006
2024-09-10,440.0176696777344,441.7961055669356,415.46520166989774,417.3424462534279,39706164,14446,60.849478374260485
2024-09-11,430.4338073730469,443.6239692830572,427.6179253683196,440.5610806139185,20189436,9648,75.05398518086628
2024-09-12,434.6329040527344,438.09099722229814,430.8784149580798,433.29906208546674,8729441,12679,68.65112509564163
2024-09-13,436.5101623535156,444.21678832266963,435.76914236526125,440.6598863486125,13341086,3964,48.804797911345645
2024-09-16,438.0416259765625,446.4892418632246,435.2257439636149,438.1898239452059,8850620,12093,66.2768505012531
2024-09-17,439.7706604003906,445.5012028112008,434.28709449566264,438.0416137925555,10744634,14196,64.314138981336
2024-09-18,435.3245544433594,441.7467277631143,432.70628981266475,440.1658790693538,7014739,14650,49.34786008015472
2024-09-19,434.3365173339844,445.20481038298124,425.6418648034787,437.3994059509559,12721422,16114,55.1562296791042
2024-09-20,438.83203125,441.1538999115495,434.08951538349163,436.5101625884505,11837310,12872,65.076199594934
2024-09-23,449.00872802734375,454.4922639334951,439.1778506922578,439.6224747504563,26480471,12189,74.37502051939202
2024-09-24,463.1374816894531,468.57162814127605,447.92187765478496,450.0955181442062,40263592,14779,52.14399848559784
2024-09-25,462.49530029296875,465.26176296812486,454.8874827080168,463.1375116119677,15948993,11697,60.74022849380083
2024-09-26,470.35009765625,472.1285638044667,459.9758173242895,464.37254819251694,20074440,6773,54.34967908626573
2024-09-27,479.68695068359375,488.92500612472327,471.78273728407004,476.72287065877237,32121777,17703,58.4216613669493
2024-09-30,476.8216857910156,483.1450505655269,467.6824389244898,479.58814845730757,15756520,17889,61.250154165551265
2024-10-01,475.48785400390625,485.3187318254833,473.65999856067555,480.97139018141604,15141589,11836,74.79185723965314
2024-10-03,466.15093994140625,472.2273276808138,458.9383577894406,463.43386677903607,14971905,14436,58.78597514441134
2024-10-04,461.0626525878906,468.76927892354337,455.0851031259071,465.85458810359194,13337665,8847,78.61501470269434
2024-10-07,436.0161437988281,463.28568506997965,433.44729865876576,462.2976584308233,19893771,8205,61.03896827012369
2024-10-08,451.42938232421875,455.4309084541276,434.3365328868739,436.31258623926897,20651560,13460,77.30244004657402
2024-10-09,455.33209228515625,464.7677348271538,447.18087234026865,454.4428743216047,16274750,14590,67.03757849118455
2024-10-10,460.0745849609375,472.177910934618,450.7377515868344,454.4922406443289,20626505,4132,70.89745443382262
2024-10-11,455.62847900390625,461.75425623275606,453.8500431127848,460.0745988838901,8006885,13245,46.13888027601552
2024-10-14,456.76470947265625,459.2347761043539,452.8620222858823,458.2467494516748,8552461,10589,51.939841518289114
2024-10-15,457.95037841796875,468.7198634873292,455.52970092640754,457.95037841796875,11987910,4931,51.13220331708653
2024-10-16,454.9368591308594,463.8784877822984,451.8245512252734,457.70332154451484,8574770,14225,75.62120370260587
2024-10-17,444.80963134765625,457.0611563682108,443.6239872495908,455.4803076215175,10204584,15155,77.87729711348013
2024-10-18,448.1194763183594,451.03416700500327,437.7451964639179,444.51318506606106,11045862,8751,55.2488295744223
2024-10-21,448.3664855957031,459.97579883383617,444.26618099309655,450.09553224819103,13387706,4166,76.38023851428605
2024-10-22,430.6314392089844,448.66292631580666,428.8035838005962,448.36650021726217,12887529,3931,56.58584419419752
2024-10-23,432.4592590332031,437.84398596359813,425.2466466926426,431.2736150409474,11696327,7797,75.99859150345146
2024-10-24,432.75567626953125,435.9667629085175,426.8769055926688,431.86645830763274,7751620,5831,78.98090646944033
2024-10-25,417.0460510253906,433.8425039154978,409.5370425264361,432.75566858040776,16754459,7126,62.07796966295931
2024-10-28,420.60296630859375,424.3574556011189,410.03106885789134,418.4292955694385,8791214,4131,70.41158062644722
2024-10-29,420.3065185546875,423.4187963804884,410.27805438169366,422.87539379979506,9520732,16247,61.072419679839285
2024-10-30,421.88739013671875,428.1119461270437,416.79905879196974,420.94875273479266,9699786,13060,60.12936801163636
2024-10-31,434.7811279296875,439.4742546538215,415.7616143634603,425.34548520835386,29693039,10436,45.867254581064095
2024-11-01,440.1164855957031,443.08056556114144,436.8065902705276,438.68383488486904,4387971,13710,71.89152635255421
2024-11-04,423.912841796875,441.45031564834926,420.9487617093019,440.90691302650026,13264369,8219,69.700418047464
2024-11-05,428.9023742675781,429.64339425416614,420.75115441510997,423.86343232834355,8889823,10568,60.34934519342478
2024-11-06,443.92034912109375,446.588033060869,431.2736204227198,431.8664424262453,12638381,4062,76.26948348026099
2024-11-07,439.57305908203125,449.3051278037639,437.69581444104983,446.0940411289707,9820442,9167,60.49540069313976
2024-11-08,427.56854248046875,441.4503051667958,424.8514691313727,441.4503051667958,9328678,10164,49.02346190924354
2024-11-11,426.33349609375,432.5086626072748,422.92479211741227,426.7781201435959,8278229,7401,46.981095785277546
2024-11-12,409.19122314453125,431.1254264107256,407.56098523403114,426.87689380667507,11039936,8293,48.77168221629721
2024-11-13,394.5684509277344,411.2167061043317,392.19719298483005,408.0550087456721,13327466,5224,48.14848884761543
2024-11-14,399.80499267578125,406.9187968797029,395.70468795709905,397.13733871344687,11063591,6981,74.87425989514998
2024-11-18,399.8544006347656,405.9801478243026,392.8394053311033,403.11487654595624,10703937,6001,47.013413944032266
2024-11-19,403.21368408203125,412.79752454769533,401.38582873918284,401.38582873918284,8869625,13629,64.40807839343742
2024-11-21,403.1642761230469,408.4502249099688,392.64179797468466,406.5729802418401,13362385,4340,66.82739486615625
2024-11-22,408.7960205078125,411.908298379732,404.34990064730454,409.9322451083952,11165181,5655,62.774072829911304
2024-11-25,407.41278076171875,418.3798822196246,405.0909121858275,416.40382898944983,20232580,8168,78.38031676789814
2024-11-26,405.3872985839844,410.4262402329645,403.1148494835515,408.94420034515736,7286324,5939,63.807637372838926
2024-11-27,412.6493225097656,413.48915118897264,404.3499047170539,406.86936060249445,7869397,6765,73.91805542433764
2024-11-28,409.53704833984375,415.95922159487145,407.1657903991927,413.3409569905655,9850477,7210,67.58893639840375
2024-11-29,409.19122314453125,412.501118388383,405.5355427016188,409.53703849577187,8478659,11766,65.88614038958045
2024-12-02,411.51312255859375,413.8843806197315,407.0670023868923,408.0550290917148,8156409,12631,74.0919956928338
2024-12-03,423.4187927246094,424.7526346819158,412.5999194090776,413.39032863820324,14366296,6753,52.86309463093451
2024-12-04,420.55352783203125,426.8275029451095,419.21968585489185,423.4187990204398,6195150,17959,77.53657463798652
2024-12-05,425.6912841796875,428.1119313581152,414.47717577721016,420.5535335871313,10798097,10113,52.02993310289876
2024-12-06,434.4353332519531,437.20179583136974,428.06254925184396,428.605951852457,17372298,11207,47.18931590247207
2024-12-09,435.4727478027344,442.33954510973024,433.8425098538749,437.695807774501,13417161,17964,76.68954150410923
2024-12-10,429.98919677734375,437.34997699977157,426.876888804826,436.6583764575739,9854285,12445,53.9552439789806
2024-12-11,429.5939636230469,433.3484828817854,429.09995031154284,430.38440301276114,5815604,5478,64.40279418105108
2024-12-12,428.35894775390625,431.52064513690357,423.8634384973821,429.79159847636646,6049186,13005,77.02829852645458
2024-12-13,423.3200378417969,427.22272508794805,415.2675963782046,426.82752045129973,8032224,6116,68.21173199148843
2024-12-16,420.40533447265625,425.2466589684623,419.26910986938236,422.8260117966493,4244188,3641,60.62872289344794
2024-12-17,415.86041259765625,422.8754078708091,414.2795639209741,420.3065325402232,6450903,7441,49.007640606788705
2024-12-18,410.0310363769531,415.95919593902954,408.05498318959434,415.8603872492259,6313538,10556,66.43625272622452
2024-12-19,407.6597900390625,408.9442125860705,401.83043900296695,405.09091479286695,7242352,14496,52.14474897512312
2024-12-20,396.2974853515625,410.4262540293895,395.26003930391664,407.6597915400266,10205219,7597,59.421218926557344
2024-12-23,395.1118469238281,401.13881545244124,392.0983777356117,400.00259084797506,9052063,16318,68.80617975833653
2024-12-24,394.6178283691406,400.39779016131297,393.481603779748,396.0504790376224,6762204,3246,59.29553960087528
2024-12-26,399.45916748046875,403.1148781916081,392.93821563146685,396.1986915559678,8622771,11124,78.60317715729883
2024-12-27,394.2226257324219,403.11486541059685,393.3827970657138,401.1388121487802,5983308,11561,64.57688862426471
2024-12-30,385.0833740234375,395.50704277320654,382.36630082635105,394.8154422325286,29023595,7058,48.99787166085282
2024-12-31,387.7016296386719,390.27050481472355,380.8842521672808,384.8363585451514,9685224,16361,46.469756355985304
2025-01-01,387.6522521972656,389.48010748323526,384.6387529008888,387.8004501605216,4404708,17966,63.243319661050194
2025-01-02,390.7645568847656,392.24659692351946,382.4651386981804,387.3064634610066,11244310,9012,68.77708871843929
2025-01-03,391.9007568359375,398.1253426974664,390.7151429710128,391.2585455567475,8254584,11140,66.0933090961612
2025-01-06,374.11627197265625,392.2465663996503,372.4860340873253,392.2465663996503,11688108,5787,65.39904963827851
2025-01-07,374.215087890625,379.84685176925694,373.02944386811936,375.4501211839934,7289119,6507,64.89927445672306
2025-01-08,369.57135009765625,375.8947446720525,367.5952968312024,374.95610730961494,8183207,17171,53.22569034341067
2025-01-09,362.75396728515625,371.4980088973516,361.6177427032731,369.5713449286345,6423717,7933,75.36227880800766
2025-01-10,352.08331298828125,364.08783110415567,350.7988602146511,362.75398905746266,9579404,11476,71.28330251407323
2025-01-13,335.8796691894531,350.60126013273634,334.34820980222116,345.8093248860225,11236512,3068,55.07548454916844
2025-01-14,352.6761169433594,353.8617308057116,336.9170801650881,336.9170801650881,11846097,6083,56.74836545613828
2025-01-15,361.0743408203125,367.1506985109617,351.6880879178233,355.6895836732758,11046133,13157,47.99073561090242
2025-01-16,364.4830322265625,369.5219742697683,363.64320352733137,367.3483035367207,5888896,3438,73.77593502463677
2025-01-17,369.12677001953125,370.90520596503023,360.9261305655098,364.0384386984047,5504954,9290,78.89287974829288
2025-01-20,369.96661376953125,371.69566051272835,366.55790955778406,370.36181842325414,3436674,10102,52.38804725722053
2025-01-21,361.5189514160156,371.59683548004136,360.82735084044117,369.96659750996747,5074789,12403,72.07823731821955
2025-01-22,354.5533752441406,364.2360245133346,347.9335845188351,363.59381321065416,5952212,9756,51.385818777864216
2025-01-23,358.40667724609375,361.5189552496346,350.8482791940142,353.21953718946526,4886732,17799,73.53785085930585
2025-01-24,359.0488586425781,366.2614708783901,357.86324481972025,358.4066473861744,7966520,4514,60.7381932288113
2025-01-27,347.6865539550781,356.67760203117507,345.90811813878594,356.67760203117507,6562351,5915,67.12716698486729
2025-01-28,342.2030334472656,351.83629320564324,338.84374889529306,351.24347119007626,9189775,7892,78.28403376841264
2025-01-29,346.7479553222656,348.2299952564217,340.8691848559078,342.2030268270843,6707937,16986,75.78597271208702
2025-01-30,347.9335632324219,351.98447834699147,344.2284634603483,347.78536527197474,7304454,8888,65.23401512719293
2025-01-31,360.1357116699219,362.55638900813636,345.9081340294474,348.77340526606974,7026507,12299,56.54736951767645
2025-02-01,363.989013671875,374.46210224532007,357.02343781499127,363.49500034437455,14485333,16957,77.03231888055504
2025-02-03,350.6506652832031,362.60579422965816,347.29138057690693,362.60579422965816,8346246,16130,70.45784352605997
2025-02-04,357.71502685546875,359.24648621267994,349.5144179440837,354.701557715692,7633708,11517,78.61057952122793
2025-02-05,361.81536865234375,370.5099910480663,358.15965801313075,362.0623753130425,16453177,8113,50.85267556855553
2025-02-06,360.97552490234375,367.39769781234077,358.15964305752465,366.36025178941844,7562113,7041,50.25740180906693
2025-02-07,362.70458984375,368.33632366673174,359.493503225953,361.1731304424154,5469279,11208,45.13158044872779
2025-02-10,353.9111633300781,364.5324499748128,352.5773213023962,362.65517519027776,5124415,6866,68.33843211104178
2025-02-11,344.92010498046875,354.40516672537143,342.9934409775957,353.91115340690965,4620826,17911,52.46212545913691
2025-02-12,343.9320983886719,346.69856107242157,334.9410494382127,344.8213163832927,7835524,11191,70.96513525654578
2025-02-13,343.6850891113281,353.17015133718365,342.2524383542724,347.19257178938653,5816040,12869,48.93582599629698
2025-02-14,333.1131896972656,346.94556324075614,328.02485831706076,344.87070117879625,8576754,6920,58.628451384038044
2025-02-17,333.16259765625,334.4470202373529,322.4425024985605,333.0637889610466,7217327,13298,69.39622986284652
2025-02-18,335.5338439941406,336.7194578391005,325.7029671283841,333.1625861520415,6538131,9405,53.73914336875423
2025-02-19,343.4874572753906,345.8093259227365,330.69253030755755,332.9649795313206,6083541,9615,64.16439336263367
2025-02-20,353.6641540527344,356.6776232967236,340.4245727227458,343.8332767514122,10098769,12737,64.53686730025063
2025-02-21,352.9231262207031,358.1102660564789,349.4650329968526,353.66414619724253,6119901,3047,69.97867767995429
2025-02-24,350.354248046875,352.67611665130596,347.4395574356689,351.73747929456374,3758390,12820,75.79846756354745
2025-02-25,347.2913818359375,352.33032398974024,345.95753977284534,350.35427060802795,4066133,17732,70.2018968339203
2025-02-27,339.1895446777344,351.7374954819226,336.9170953913922,349.020422131992,6464092,13796,60.77176419283185
2025-02-28,335.1386413574219,337.9544931009352,331.4829308048129,335.9290505920608,8340920,15615,57.593198728199845
2025-03-03,338.74493408203125,341.7090139541467,327.8766412176079,334.69401889303754,9727866,4598,50.66844834717185
2025-03-04,341.8078308105469,343.7344646821288,332.91559098182285,334.8916442770949,5170345,16930,53.82053815088756
2025-03-05,347.19256591796875,348.4275992558615,340.4245771958804,340.8692012583942,6098026,15824,74.96859654371215
2025-03-06,349.8108215332031,353.1701362472927,346.9455502936976,350.7494589066423,4879725,16489,64.45780806082803
2025-03-07,347.2419738769531,356.1836028871738,346.05632985085333,349.7614297421901,5520005,13570,77.72354016343085
2025-03-10,348.2300109863281,358.4560628721829,347.19256489424856,352.23150692842944,11222110,12472,61.64342725964078
2025-03-11,348.2300109863281,349.76144025992716,340.17756952526577,346.00695098467605,5141578,12357,61.87395867270922
2025-03-12,351.9844970703125,355.2943924065326,346.79735711348684,349.31681303164413,5285957,7499,72.85973744053167
2025-03-13,346.55035400390625,356.48000996224766,345.8093340024724,356.1836140225466,4898500,11267,46.869379658208835
2025-03-17,346.55035400390625,350.3542627083697,344.8213073338939,346.59974327646273,3997959,16312,51.093048483078874
2025-03-18,346.55035400390625,346.55035400390625,346.55035400390625,346.55035400390625,0,10888,50.10558803525205
2025-03-19,367.00250244140625,368.8303275785236,358.65366538735753,359.54288332069194,7875564,12067,55.074147923609
2025-03-20,365.9156799316406,370.3123804817804,363.1491871895332,370.3123804817804,4678329,3341,59.24600180929879
2025-03-21,374.95611572265625,377.3273736651698,365.8168691602463,365.91567785622203,7559436,8707,62.27920352325383
2025-03-24,378.7106018066406,380.3902591677339,375.05492130334983,380.3902591677339,6177301,15570,52.74122864229307
2025-03-25,372.5848693847656,381.2794921621802,371.0040206564589,380.3902741750644,6063608,8760,49.30072489217896
2025-03-26,371.498046875,376.43818047706117,370.1148154968594,372.58488229789,8048272,12102,53.807945087737814
2025-03-27,378.8094177246094,380.19264902661206,367.89173512587496,370.01598642739845,6287597,14719,75.30889786121278
2025-03-28,370.90521240234375,381.42769059223,368.83035032846357,379.4516372175216,6458106,14011,48.39422093179141
2025-04-01,370.2629699707031,375.20310299232693,366.1626655931912,367.9905208416278,3414174,5992,75.60458292330186
2025-04-02,373.7210693359375,374.6597066866154,363.89019239762325,370.2629761629678,3283925,9894,59.66238415212974
2025-04-03,381.032470703125,382.6627086415995,369.0773422340111,369.52196628640434,6580525,15999,63.22027225390123
2025-04-04,364.5324401855469,383.5519529688508,362.7045848746375,379.2046116394944,7609077,4835,52.04293647042672
2025-04-07,350.6012878417969,354.4051967466134,330.98895140708953,332.96500484832586,9906124,7376,74.74361509325065
2025-04-08,355.3932189941406,366.2615127841488,351.7375081129922,355.93662162276814,6317158,14328,66.65473072169331
2025-04-09,353.9605712890625,358.6536981938023,349.9096557197979,355.3932220892771,4343527,7919,73.46203088132427
2025-04-11,360.0863342285156,364.4830348466211,357.76446550883816,363.6926255664753,5187303,9306,62.75429606930338
2025-04-15,373.96807861328125,375.99352113935043,367.84230146019706,370.50998541606464,7238758,7729,55.64540962836824
2025-04-16,376.6851501464844,378.3648074670258,372.980050308978,373.4740636206455,5869686,17889,69.43330997006535
2025-04-17,377.1297912597656,379.7480558996911,373.96809386109794,376.4381605312505,6156250,10542,52.970683613029216
2025-04-21,386.1701965332031,389.28247424354703,377.4261552310532,378.51299050430083,7589962,17878,59.34961210423582
2025-04-22,383.9471740722656,390.7151628641186,382.3663253530313,388.294485436024,6180369,15150,60.09737586099091
2025-04-23,389.72711181640625,391.2091517444917,377.6237857370418,385.4291899945226,8443906,3073,65.54628327352067
2025-04-24,391.1103515625,394.46963610882034,387.20763427274915,387.8004562873187,6639147,11546,71.36098198765026
2025-04-25,382.9591369628906,397.6807280709828,377.57437963993925,389.77651484224276,14233760,10547,45.7002065779532
2025-04-28,390.3693542480469,395.60588368439846,381.5265032437481,381.5265032437481,10237785,10065,67.19089698605795
2025-04-29,388.6402893066406,398.47113639544733,387.3064472969929,390.36933594635934,8781695,10192,48.514216372594944
2025-04-30,379.79742431640625,387.1088152281312,377.42616647370886,387.1088152281312,4942900,3636,51.3911933284737
2025-05-02,376.7345275878906,385.7749950292931,376.0923163333232,379.4022114480059,5482908,15587,63.43221354843388
2025-05-05,384.441162109375,385.2315713408783,375.5983118400568,377.4261671091101,4274926,12606,62.24852081263552
2025-05-06,370.4111633300781,385.1327535212259,368.533918835614,383.40370698513385,5610082,11332,66.90959431164974
2025-05-07,372.8318786621094,376.2899720878702,361.6177696652771,361.6177696652771,6822934,6542,63.39593850492467
2025-05-08,365.7180480957031,379.00701822221475,362.90216619262236,372.8318518348357,5891937,10361,74.59122584624564
2025-05-09,366.5578918457031,367.59530778062054,352.97252523417103,353.86174320012606,9008734,11233,62.43219719834816
2025-05-12,386.713623046875,388.29447171022804,373.96808534941806,377.4261786089239,8931721,9408,76.28076092948278
2025-05-13,384.6387634277344,391.15974535908185,383.40373011316785,387.30644744807034,5941514,9038,60.69227002708681
2025-05-14,392.19720458984375,394.1238385338831,385.6268030142185,385.82442041204996,8640596,8260,67.01133912521263
2025-05-15,393.1852111816406,399.16276025830007,387.9486519285282,398.1747336239974,18848985,14911,60.32720585436495
2025-05-16,400.9411926269531,404.8932991295438,392.88878165836053,393.1852077373627,13234846,13537,64.75039681140133
2025-05-19,403.21368408203125,407.0175927355956,401.73164409899425,402.91725799411546,6903749,7743,59.17302763792842
2025-05-20,394.1732177734375,403.85586623639904,393.53097637205275,403.4112422126986,5873673,6138,77.72639968314354
2025-05-21,397.03851318359375,398.0265398282451,391.40674924820877,396.0010671154016,3841567,9694,59.17740328405206
2025-05-22,390.86334228515625,397.7301092974132,384.83637378972077,394.2226268089822,5109983,10227,46.84577428590321
2025-05-23,397.236083984375,397.9771039372016,388.83785785234016,391.4067330525749,5125963,8214,52.20237694977097
2025-05-26,397.779541015625,401.1388256432853,395.80348768733296,397.43372565273773,5935753,10173,56.00918208542855
2025-05-27,397.3843078613281,399.1627436682856,393.6297887157152,398.07590838528773,4088356,17308,60.30233270074165
2025-05-28,391.6043701171875,399.7061705840004,390.7645414313364,396.14929875339897,5224499,17422,72.00228168540528
2025-05-29,392.54296875,394.37082404925076,390.369328251366,393.9262301562524,3547895,15230,77.91380305589136
2025-05-30,388.09686279296875,395.1118581601215,386.36781612546815,392.2465868558425,6602059,11555,68.47707800811963
2025-06-02,392.098388671875,393.43223070222535,386.4172353389072,388.0968625808238,4988795,9821,49.73110500648032
2025-06-03,386.81243896484375,394.3708369141804,385.18220099964265,392.0983876478008,4922600,6168,68.09297508688124
2025-06-04,388.93670654296875,390.27054862567013,384.39177766777766,386.31844180414436,7238701,6351,73.1104030886798
2025-06-05,388.837890625,393.1852321697356,387.60285726619594,388.2944880079989,3947460,11994,67.443279311109
2025-06-06,394.7660217285156,396.001054996534,387.4052415424339,387.4052415424339,6204861,3077,60.82039051631194
2025-06-09,401.33642578125,402.6208483285428,395.2106486660543,395.6058532842844,5981383,13111,55.39591363721476
2025-06-10,408.25262451171875,411.01908707539246,401.33643795035397,404.1029005140277,10129259,10690,70.95562297842318
2025-06-11,407.1163635253906,411.8094900489551,404.448709698041,410.0310541640554,6791313,10542,55.78864368159806
2025-06-12,396.8409118652344,407.5610074242852,395.26006313933414,407.0669940819527,5284359,15802,75.69427666039212
2025-06-13,392.4441833496094,394.61782381025347,389.03547946863154,390.2705127367859,4749159,15687,64.8143722720681
2025-06-16,394.6178283691406,396.4456836575616,386.5654173981831,392.2465704973257,3609820,8620,74.94276834141434
2025-06-17,391.30792236328125,397.38431006716945,390.2705064954939,394.61781749943833,3234777,7666,69.88254305593591
2025-06-18,388.689697265625,393.23462611040276,385.9232345699422,391.3079619869287,2973122,12340,77.26267123995612
2025-06-19,379.94561767578125,389.38128981463785,378.41418850380455,387.80044122126185,4441866,10806,74.8902903548731
2025-06-20,387.6976013183594,390.082815013021,379.24994799960604,381.1382409108116,15318217,7870,75.94470939584657
2025-06-23,390.5797424316406,392.1201847546684,382.18176891671317,382.62900976127645,5195843,11699,50.15847879154144
2025-06-24,395.9961853027344,401.3132134332122,392.41834958838126,392.56741975780477,6296902,17167,52.89210139321313
2025-06-25,400.5678405761719,403.15183477518696,397.5366358595978,398.4807975016197,6324991,17792,47.13821260096137
2025-06-26,403.1518249511719,403.49967556500025,399.0273885205606,400.5678308151236,5064123,6244,54.43781089873917
2025-06-27,406.3321533203125,408.96582755333077,403.84754926470293,404.5929304813858,5243333,13434,64.77044769389664
2025-06-30,402.9530944824219,407.6738421483861,401.0150912034862,406.33214990371056,3232056,17945,57.5255804490568
2025-07-01,404.0462951660156,405.2885971808289,400.51816957580155,403.4996944113534,3180881,6886,73.94487552494908
2025-07-02,404.14569091796875,408.3695178260754,401.90954726073585,404.0463006894972,4283041,7345,49.27856720833219
2025-07-03,397.437255859375,401.2138721949833,394.15759066101435,397.53664608682453,9669274,9545,54.592341895186756
2025-07-04,398.5304870605469,401.0647710434154,396.0458830265036,396.54280383331223,3432678,5418,58.15505051693101
2025-07-07,398.729248046875,401.0647514611318,395.94647346683405,398.5304676020015,6385392,9438,64.29564077311427
2025-07-08,398.38140869140625,404.1456777999844,395.25081373882267,398.7292593149463,5551339,16700,70.62682129260546
2025-07-09,398.1826171875,403.0027548465365,396.0458638874101,398.38139763247295,4148059,14080,68.07680299131
2025-07-10,397.437255859375,400.2200305797663,395.35018240149134,398.1826370707878,4302998,3464,72.23220313848756
2025-07-11,394.4060363769531,399.2261740971795,392.96495395669933,396.5924696512234,6893575,6837,71.07357123232015
2025-07-14,400.0709228515625,400.6672338758558,393.06435172262275,394.406043944873,4074490,14947,73.8797658934411
2025-07-15,401.41259765625,402.803969766136,396.393709939635,400.12061576770674,4286434,14941,51.56177852611904
2025-07-16,412.1461181640625,414.1834812850792,400.0212386736518,400.56783941451823,13501549,12081,75.44508586919912
2025-07-17,410.90380859375,413.8356230227967,408.61795478860887,412.44425089294083,6347491,15504,78.62625470912192
2025-07-18,405.3879699707031,411.5994797775895,403.648747224775,408.4688849008463,4614946,17122,45.13897843074516
2025-07-21,399.375244140625,401.5119974671588,392.5674232661577,401.5119974671588,7045744,17399,68.64122403314661
2025-07-22,396.6918640136719,401.4126115594018,396.04587304702596,401.2635413870433,3980682,17703,73.54505959782539
2025-07-23,400.021240234375,402.505844210986,397.1887856351107,397.6360264827561,3778869,9738,54.02973291556405
2025-07-24,398.2323303222656,401.46231543361785,396.2446471768181,399.82245257491337,4023200,11270,74.92710876934947
2025-07-25,392.915283203125,398.7789425858111,391.87173132380883,397.3378601318386,5831294,14340,48.3746106136354
2025-07-28,396.7415771484375,401.3132242250981,391.07666792090447,391.6729789442719,5758606,7447,62.58006945617411
2025-07-29,397.3875732421875,399.12679605713925,393.56127698336593,394.5551185919098,5038609,10969,59.70504632596321
2025-07-30,398.8783264160156,401.26354015534577,395.2508106947804,399.0273965879166,5468844,10579,48.49261992222959
2025-07-31,395.3005065917969,398.03357106226184,393.6606739754458,394.2569850167479,5285016,12391,72.05041146497202
2025-08-01,386.90252685546875,395.6980311747688,385.8093253475744,392.66682639444525,6240934,3153,50.74308285256909
2025-08-04,384.7160949707031,389.23806218402115,373.93290738936116,387.5982295863146,13251686,12213,49.282617234219465
2025-08-05,383.17559814453125,388.095125957538,380.3431739857596,385.61052207816834,6366590,5494,65.99085038811332
2025-08-06,383.17559814453125,384.6166805264205,379.299622158642,383.17559814453125,6114204,11450,69.8915028891226
2025-08-07,383.17559814453125,384.36822013848354,376.66594811243766,380.64131431942906,5333971,3176,76.38546323344772
2025-08-08,376.4671936035156,384.7160972490383,373.68444919878465,383.17562453992997,3495353,17880,50.177340041897885
2025-08-11,381.9333190917969,383.5234717358091,375.1752082667937,377.6598122950506,3328976,15471,78.11851448632748
2025-08-12,382.0823974609375,386.55468445269423,381.13823585304505,381.73454685120674,2575426,5317,49.38752587187998
2025-08-13,384.8154602050781,386.5546829171859,382.0326856679234,383.1259174386043,3757839,9390,59.65643077815159
2025-08-14,382.9271545410156,386.2068500033211,380.7904011770272,384.8154778358151,2662149,9673,58.835442026710425
2025-08-18,384.9148254394531,387.5982097929517,382.9271423123098,386.60436822938,3712118,15967,68.64129615716412
2025-08-19,386.7534484863281,387.250369281076,384.1197743400922,384.9645457570912,2047149,12637,68.60428085008648
2025-08-20,388.1448059082031,390.0331291202578,385.6602020288019,386.5546836890961,3045301,13390,60.29684378674138
2025-08-21,385.66021728515625,389.88404404722894,384.4179152963113,387.6976107446449,2551655,17225,75.20799516888673
2025-08-22,383.2253112792969,386.3062261786306,382.3308599419774,384.616683396198,3042678,16405,47.31128901715852
2025-08-25,380.8898010253906,386.00807930461804,380.045029582107,383.6725454307067,4216691,17043,72.00874575580528
2025-08-26,375.42364501953125,381.23762414532433,374.28073330445943,379.79654176786175,5561286,11640,65.6063739034869
2025-08-28,368.8146057128906,376.16902712577627,367.9698343284509,375.42364596238303,5704659,17801,50.609719381623876
2025-08-29,371.8458251953125,372.69059661356425,366.23062627226244,368.81462047471086,5793121,8209,77.77734838541541
2025-09-01,378.2063903808594,378.65363121099494,371.84581051568347,371.84581051568347,2169911,5427,51.1523404014388
2025-09-02,383.67254638671875,386.0080802664496,377.6598167000604,378.5542680947379,3362410,12114,78.64100387371936
2025-09-03,386.7534484863281,387.3000795583338,383.32471320035097,383.67253349296374,2628692,14713,67.51621541693476
2025-09-04,380.2438049316406,389.5859099721888,379.3990334997017,387.647906706543,4114491,4081,53.99129834363997
2025-09-05,383.424072265625,384.1197735086214,377.7591934155447,380.2437973839058,3358057,4121,52.13466244065448
2025-09-08,380.8898010253906,385.4117682664391,380.2438100380465,383.4240850256021,2978303,12849,65.81088917776901
2025-09-09,382.2811584472656,383.27500002925757,378.8027129102939,381.13824669390254,3129390,16110,62.830866853529855
2025-09-10,384.1197814941406,388.54238878162084,383.67254063868256,384.4179218446867,4022433,17579,74.99548189889776
2025-09-11,385.7099304199219,386.3062414449127,383.125936198054,384.07009784842603,3078027,6567,77.41134012841188
2025-09-12,383.8713073730469,387.3994328235201,381.63516383495147,385.8093105712514,3626792,17381,55.74519251542324
2025-09-15,385.61053466796875,388.5423794732016,383.12593070747926,383.62285149957717,3837268,16214,61.07646864686811
2025-09-16,393.6109619140625,397.3378679932752,385.6105489958749,385.6105489958749,10102211,7778,58.778856009240556
2025-09-17,392.2195739746094,395.35016888962105,391.12634216930616,394.8035681517885,4229347,9567,66.9084122724087
2025-09-18,390.67913818359375,394.5551143493091,387.6976133900221,392.61711110163213,3956999,15750,72.89536553365903
2025-09-19,393.8594055175781,395.0520275439055,390.7288106105163,390.8282008343166,5457632,9835,45.34096580011693
2025-09-22,392.8655700683594,397.4372474677578,391.5735881277121,393.5612713161777,4424464,11843,69.13311381201498
2025-09-23,393.0643615722656,395.7477460840079,391.82205954454037,394.0582031944458,2963511,7118,76.09713031255762
2025-09-24,387.8963623046875,393.958802098678,386.8031608141575,392.0705091345534,3121538,15795,77.42366626169476
2025-09-25,383.62286376953125,389.9834440458962,382.82780260860034,387.8963705864035,3091484,9950,64.5528273141163
2025-09-26,381.4364013671875,384.6167066809008,379.8462790399701,383.6228650615703,3519702,5290,65.20850890755474
2025-09-29,385.66021728515625,387.05161977637323,380.88978977984715,381.8836313709231,3592071,6916,49.02675517863658
2025-09-30,386.25653076171875,389.63558612693475,383.7222468202164,385.6105397893396,3229139,6072,74.86566279488854
2025-10-01,388.7411193847656,390.3809518897026,386.20683554346635,386.2565154895164,2705427,9627,61.37195093284332
2025-10-03,392.4680480957031,393.06435913123585,387.59823024319087,389.58591347520724,4157330,7767,76.47296771705925
2025-10-06,393.114013671875,393.95878505680935,386.90250397329504,392.4680227291501,4190489,4541,67.44407095547304
2025-10-07,390.08282470703125,395.0520326650826,388.8405227175184,393.06434948186205,5544502,15209,75.5231409115813
2025-10-08,383.0762634277344,390.97728608558,381.8836413554064,389.0889930790933,5286159,13630,73.4754804529984
2025-10-09,385.809326171875,387.25037831246874,379.15057523510404,384.4179236504202,5139999,12107,62.1611955231137
2025-10-10,387.6976013183594,394.3563216188882,387.20068053490326,393.56126049721354,7725390,6895,53.1802946608603
2025-10-13,388.7411193847656,389.63557072112786,382.87746025790494,385.61052454267906,4861965,5964,50.26522429414459
2025-10-14,389.138671875,390.6791445746622,385.3124059243673,388.7411412952817,4978714,16267,57.75754832876219
2025-10-15,394.0581970214844,394.85325817491804,388.8902085352487,389.1386689369016,4091897,9380,75.02191524794574
2025-10-16,396.54278564453125,400.31937147119555,393.7103311097142,394.55510250846845,5611314,3811,76.75488779953088
2025-10-17,395.35015869140625,398.03354302341904,392.12017363566065,396.542780689998,4998891,8669,78.96982741705236
2025-10-20,397.3378601074219,398.53048216095607,394.2072651289431,395.84709770532356,4130123,14947,52.1545917330441
2025-10-21,396.3440246582031,398.72926880229596,395.1017226371711,397.5366467302496,712785,10806,68.33270038166343
2025-10-23,395.20111083984375,401.3629409644462,393.7103484222437,396.3937329057794,5231732,6057,65.2929517307037
2025-10-24,394.4060363769531,396.7415701516647,391.5735818131386,395.20109750766267,5032576,5299,47.25548328538479
2025-10-27,397.78509521484375,399.27585759541154,393.21341784850813,394.4557198323146,2799280,9264,70.21377732658003
2025-10-28,396.1949462890625,399.37525152899764,393.66066235041694,397.78509890903007,3949368,4246,47.411058467034664
2025-10-29,408.1707458496094,409.8602583246296,396.24464698276483,396.5427873225808,10944400,6897,46.323234972878744
2025-10-30,407.2762756347656,410.7050412873503,405.78551323444856,408.5185776350298,3782450,6763,72.78466448203808
2025-10-31,402.4064636230469,407.37567169527426,402.00893304319646,407.07753134279625,5071291,5252,48.79657073170935
2025-11-03,406.08367919921875,406.97813056310014,398.7789374565175,401.3629316530045,4166052,8004,60.9969030507484
2025-11-04,398.1329345703125,405.48735604041207,396.0955411767388,404.9904352609508,6132035,9643,65.11016618077271
2025-11-06,389.3374328613281,399.82244923409854,387.8466705146989,398.23232699473743,5024909,14918,66.59213324545082
2025-11-07,390.7785339355469,391.9711256720575,383.6228621979268,388.5423903087455,4676601,9228,75.52140707256984
2025-11-10,393.4122009277344,395.4495640629415,389.9337553498227,390.7785267703861,2906630,10280,73.84256427446749
2025-11-11,393.1637268066406,393.9587879219863,387.64788795640374,393.3624769206583,3826554,17218,59.364559041513104
2025-11-12,386.25653076171875,393.46188234283403,385.113618990642,387.59822298413,7856248,14643,66.90829474029783
2025-11-13,386.4056091308594,390.2816157066196,382.6290231125136,387.0019201678717,5052456,10312,76.69398693761318
2025-11-14,386.008056640625,387.59820920585855,382.7780715639095,386.405587199524,5263918,17420,48.20879800701887
2025-11-17,390.331298828125,390.9772898194556,386.1074719152809,386.1074719152809,6120004,15925,68.99774559402712
2025-11-18,383.8713073730469,391.57357955982,383.1259261936817,391.57357955982,4583330,12224,55.72755946209769
2025-11-19,386.7037658691406,387.3497568319257,381.8339481801576,384.5670125324034,3747191,17380,54.47150828389836
2025-11-20,385.7099304199219,389.58590658790445,384.6166985957118,386.85284219219847,3477240,11276,48.03369446619564
2025-11-21,384.61669921875,387.7970044707605,383.32471727054246,385.6602207669454,4036922,8284,50.490382158402
2025-11-24,380.194091796875,389.0889862451914,378.85242990111976,387.59822384578456,5819567,16224,50.652773056149265
2025-11-25,377.6597900390625,381.28730564061556,376.66594848632815,380.6413146972656,4238096,14525,60.82365979743402
2025-11-26,389.0889892578125,389.5859100614623,377.95795112420086,378.1567315775164,4917525,7904,49.29205309970775
2025-11-27,389.6355895996094,397.4869625527187,389.0889888480258,389.9834402277257,7412732,17246,59.95563076641446
2025-11-28,387.6976013183594,391.5238974168987,387.0019000896658,389.78467467480243,3760769,16342,68.43632078405429
2025-12-01,387.3497619628906,390.57974714923927,384.3185572275573,388.24421333318253,3420680,9872,75.64212550990983
2025-12-02,386.0577697753906,386.7534406762062,383.52345557557163,384.71607759073794,3302460,8620,50.015257107246725
2025-12-03,381.2873229980469,386.70377183887837,379.94563077484986,384.81547886864934,3885600,13648,55.82235631126906
2025-12-04,382.0823974609375,384.467611123947,379.6474735224595,381.2376260743449,3786100,7877,68.98234329003617
2025-12-05,382.132080078125,383.622842419132,378.2063937816183,382.6290008584607,5332479,11958,50.68479866765142
2025-12-08,371.8458251953125,382.87747292100164,370.00721218609124,380.8401097913695,7008862,11561,69.59722446475477
2025-12-09,373.9328918457031,376.01996521495556,367.52260156792164,371.1998275199206,2822828,4444,71.28048204371896
2025-12-10,377.5107421875,380.04502616492437,374.1813667231063,374.4298271259769,4914788,9260,56.07490261515814
2025-12-11,377.8088684082031,379.89594178018274,373.8832123874595,377.51072806776517,3985013,6924,55.112225576015774
2025-12-12,379.5978088378906,381.23764140153475,377.46102514776805,379.74687901101487,6778054,14233,60.092979304316074
2025-12-15,379.29962158203125,380.04500274470905,375.67210598959355,377.6597890900676,3359948,4262,46.936187345436835
2025-12-16,377.5107421875,379.5481053591832,375.87090959448193,379.29964495631265,2682924,9209,75.61601910653843
2025-12-17,376.2187194824219,380.9394670063099,374.97641750245134,377.51073173937414,2168123,13168,47.457166842379415
2025-12-18,372.64093017578125,375.32428437089953,370.70292687127403,375.17521419277733,3323975,10640,73.05235354739128
2025-12-19,378.2063903808594,379.1008720411305,371.19981957298324,372.7402618463174,3882916,15659,46.02320004138011
2025-12-22,378.4548645019531,380.3431877824816,377.6598033635693,378.6536449513682,3280837,17620,65.04599544675088
2025-12-23,379.84625244140625,381.1382343242097,378.1567096749982,378.45485000806445,2330687,17815,51.98200510218526
2025-12-24,377.3616638183594,381.3370301779749,376.6659625735713,379.84626779311907,5215726,12213,67.001862233523
2025-12-26,377.2125549316406,379.5480886819292,375.7715028560941,376.5665639784896,2459099,3936,63.533489005204046
2025-12-29,373.8832092285156,377.9579353850509,372.83965738652387,376.6659534812184,2379612,4313,66.38039990904434
2025-12-30,372.04461669921875,374.578900699632,370.4047840913255,373.73412925628116,1675136,5743,55.241319391504696
2025-12-31,377.26226806640625,378.40517981212395,372.4918103069736,372.69059075389754,2075846,7975,51.450280222878476
2026-01-01,379.4984130859375,379.8959436516925,376.6659585192713,377.65980009847783,1798707,14719,47.405343467492465
2026-01-02,390.67913818359375,391.22573893055977,378.9021091830582,379.49842020770024,13045325,12365,46.743451498651446
2026-01-05,386.455322265625,390.57975894684574,384.914849547822,390.08283813393626,3966735,10044,73.64484429091762
2026-01-06,384.1197814941406,388.04546797761805,382.3805586801309,386.4553153388814,3689482,8848,58.9987710684512
2026-01-07,378.4051818847656,385.5111431214672,376.66595911838783,384.21916119829893,4136188,14510,49.48171091857577
2026-01-08,371.8955383300781,379.4984204934834,370.7525962279708,377.8088776439984,3791372,7745,50.586086315221685
2026-01-09,362.55340576171875,371.69676066939905,360.7148230542042,370.70291906333114,5875179,17633,55.48562561691698
2026-01-12,368.31768798828125,369.0630691578489,357.88235161433437,362.5533887458424,5589564,14089,51.80504456370784
2026-01-13,366.1809387207031,369.9078446094484,362.9012433408247,368.3176920309895,3242292,17045,76.0650154585168
2026-01-14,365.13739013671875,367.72138430859866,364.0441583336575,364.14354855750634,3084937,12966,51.06607454686282
2026-01-15,365.13739013671875,365.13739013671875,365.13739013671875,365.13739013671875,0,10850,75.1411951822029
2026-01-16,363.84539794921875,370.05690764403045,361.9571050679234,365.73369083051404,3726735,11589,46.74335548613003
2026-01-19,360.9632873535156,366.42941624591407,359.77066528150027,363.84542197630697,2283012,8791,66.47494907388536
2026-01-20,350.7763977050781,361.9074052005099,348.9377847166106,360.2178927127155,3143726,7251,68.73071265426945
2026-01-21,347.1985778808594,351.4224047885836,344.3661231826929,349.78257217268913,4066338,4714,74.42138819293082
2026-01-22,351.12420654296875,352.7640693597875,347.6457611272827,348.83838311594417,3432952,9579,60.978576742254305
2026-01-23,343.1238098144531,352.81376534143624,341.980898048993,352.81376534143624,3122016,12388,58.99535616832492
2026-01-27,345.6083984375,347.79486197571714,340.3907303086808,343.5710353952445,3960617,4041,64.39074526074249
2026-01-28,352.8634338378906,353.7082052300378,346.55256419395977,346.85070453018227,6892969,15913,74.96336808498276
2026-01-29,364.1932678222656,365.2367893743368,354.3045317332002,355.19898311063815,4356054,15463,50.25326589485519
2026-01-30,364.0441589355469,364.739860174001,357.8823593320251,363.74601859314544,5917250,11882,54.07000616381357
2026-02-02,356.5903625488281,358.32958539077686,346.25441572546083,352.81377650959524,3274185,16505,55.25323317637727
2026-02-03,362.8515625,369.3115326912393,361.7583307094012,365.0379957515599,3756665,17691,75.95810946338433
2026-02-04,369.2618408203125,369.95754208436176,361.360818159612,362.8515805857411,4215317,16156,69.6231512117606
2026-02-05,362.2552490234375,364.49139253592784,358.4786632230866,360.76448668177727,5457078,15904,46.817757560766985
2026-02-06,363.69635009765625,364.2926308012342,358.7768219856648,362.1558774010424,2245318,3816,74.57786042884224
2026-02-09,366.4294128417969,366.8269434188959,362.85157698862804,364.7398699770775,2824091,7335,46.63846721677949
2026-02-10,367.6717224121094,368.11893294692766,365.3858684699154,366.72756073364934,1910161,14985,60.60271927363855
2026-02-11,373.3365783691406,375.07580111041943,364.39200427113553,367.8704497536931,3457996,4702,55.35726616224668
2026-02-12,378.2063903808594,379.1505519868624,369.21213646951344,373.88320389452235,6063960,15003,47.31718805599073
2026-02-13,371.796142578125,375.47333824052686,368.36737698204337,374.67827710531515,4441440,11308,45.139655396813964
2026-02-16,379.74688720703125,381.88364061363256,368.61584898572164,369.70908082829226,3884952,7469,53.96635545009474
2026-02-17,376.06964111328125,381.7345501503199,374.67826899197064,379.05116580022,3799013,13780,78.84584287509222
2026-02-18,377.26226806640625,379.7965519516776,375.6224355330167,376.0696460441386,2150233,4802,53.14326940653596
2026-02-19,367.02569580078125,379.3990360229735,366.0318541870996,377.1628923921898,3203557,5137,47.89380503853357
2026-02-20,375.672119140625,376.86474117451405,366.97600527162905,367.0256852190252,2844023,8163,67.28960223461064
2026-02-23,376.9144287109375,379.20025227067106,374.4795046467371,376.6659683096778,3229333,11819,67.88850633656175
2026-02-24,377.4113464355469,378.10704768525585,370.205994857778,374.6782820439794,3005896,17766,67.63079264297924
2026-02-25,378.902099609375,381.2873133180376,374.181352138832,377.65979764344263,3122278,5175,78.7576474896347
2026-02-26,378.0573425292969,383.02655058128454,375.92058913286996,378.4548731075281,3190045,4961,54.98614009852285
2026-02-27,375.2248840332031,379.1505704859485,373.9329020847657,378.05733865977294,3197689,12323,69.09548354675964
2026-03-02,366.08154296875,371.64706174448014,353.8075936945971,353.8075936945971,5645823,3549,71.06265252104492
2026-03-04,363.5969543457031,367.6220006818895,359.87004835677556,360.0687984784019,5707031,16808,68.50185180567068
2026-03-05,374.5292053222656,376.16903786260826,363.99447851302585,363.99447851302585,5981063,15407,64.6963853536924
2026-03-06,373.1875305175781,382.8774863698987,370.8023166813963,372.6906097046386,3748549,16220,64.90941208766357
2026-03-09,370.603515625,371.8955278646121,362.90124345255515,364.2429356388441,5063475,13947,63.66296277723568
2026-03-10,378.9517822265625,381.7842367947757,373.5850437618438,373.5850437618438,7675259,4203,64.80145420962258
2026-03-11,383.3743896484375,390.0828203162974,379.99533434092456,380.6413253022724,9679700,15342,69.75749083234047
2026-03-12,399.67340087890625,404.8413894278032,381.08858080771455,381.6351815661228,25007929,9669,50.442715418261514
2026-03-13,392.51776123046875,403.5493789847206,391.02699879560885,399.6734027200127,9072187,17259,55.410694950916145
2026-03-16,388.1448059082031,396.4433889313306,382.6289974277873,393.11401366700557,8028549,17664,45.692077518220856
2026-03-17,398.38140869140625,399.8224608037316,388.59206293267334,388.59206293267334,12085084,15539,55.24776888876817
2026-03-18,397.8844909667969,403.002769145254,395.79741753908115,400.0212443426997,7348301,12455,54.23794853471264
2026-03-19,396.0458679199219,401.9095271506757,390.6294192004542,395.0520263442132,8123743,6458,74.53533395931075
2026-03-20,399.9218444824219,415.87301998960083,398.5304723406763,399.52431391758574,25154921,15209,61.58099512811735
2026-03-23,384.5670166015625,400.8163023858675,370.7029142452533,400.22002169368784,15173788,10569,76.15369267667342
2026-03-24,382.38055419921875,392.56743056190095,381.436392550822,392.56743056190095,9726871,16158,63.802627230974416
2026-03-25,388.2939147949219,392.5674214279789,384.66636878890245,385.6105304153312,6900597,6558,50.294158190343055
2026-03-27,383.32470703125,389.13865597252146,382.23147523447113,387.5982136654498,9994317,8625,45.53464918780282
2026-03-30,376.4175109863281,386.35592711798034,375.62244982765156,378.6536546159499,9446563,11937,54.64591970303293
2026-04-01,377.85858154296875,388.49266827074854,376.2187186692416,388.29391815216576,6063436,5127,54.2413134574485
2026-04-02,382.6289978027344,384.26883029881867,365.73369140625,376.51687831934544,9543544,15511,60.06846659214288
2026-04-06,381.4861145019531,384.6167095603537,376.11937578331793,382.67870625629456,6691437,4422,56.18304718855322
2026-04-07,385.3124084472656,386.3062500678883,376.1193734565059,379.5978191286853,4381799,4349,67.88762676396325
2026-04-08,392.51776123046875,395.0023652885686,389.6355962593614,392.567441179775,7324411,3426,56.79019671065867
2026-04-09,392.269287109375,396.39372363568623,389.58590268859314,392.56742745406706,8546666,7675,55.92632081485608
2026-04-10,396.8906555175781,398.8783387500892,392.4680481933853,394.058200845322,6096752,7792,66.63257349291584
2026-04-13,407.0278015136719,414.4319333175063,387.84667140805,392.5177389034357,20611836,8039,71.52858647155867
2026-04-15,419.2520751953125,421.28943829568493,407.4750464455323,412.4442543290144,17610989,11252,78.05252852697424
2026-04-16,423.97283935546875,427.0040441517263,413.6368926173384,424.76790051623294,14102437,12164,77.26502978026437
2026-04-17,424.9666748046875,429.3395717847152,421.985150000627,426.3580469806547,7377006,5964,48.79405177296899
2026-04-20,430.9297180175781,435.7995357260118,421.83607356607587,424.86727827336387,13081794,4863,59.260322702417284
2026-04-21,433.3646240234375,436.34614886798715,428.99172698402583,432.3211024597008,9014937,8941,67.04700657920742
2026-04-22,433.3646240234375,438.0853716939745,432.1223220048752,433.3149440745507,5945688,12228,49.026814397168124
2026-04-23,427.6500244140625,435.10383634549265,424.9169600392048,432.8180128183761,7927709,13749,76.28927044531
2026-04-24,432.32110595703125,434.01064884779953,423.3765313510237,428.3457394654723,6780544,13500,74.06343713226366
2026-04-27,450.4090270996094,453.14209151082144,432.51987822622107,433.9112504060013,16399806,8648,76.13133707445547
2026-04-28,458.9560241699219,462.0369390979878,451.2040720680094,451.2040720680094,16158141,17570,64.86510467353827
2026-04-29,448.719482421875,461.5400329965722,446.6324089958455,461.44064277063967,7412182,15480,46.667688433791106
2026-04-30,441.812255859375,447.228704523796,436.5945876399307,447.228704523796,6116311,11031,62.64992714138823
2026-05-01,441.812255859375,441.812255859375,441.812255859375,441.812255859375,0,5181,73.67720042684283
2026-05-04,438.6816711425781,445.2410316932727,435.7995366015627,442.7564277217701,4920694,8219,73.39217198567827
2026-05-05,439.9239807128906,443.00489575659844,433.96093107847764,438.33382807778605,6785881,13986,67.24229720070875
2026-05-06,440.5202941894531,443.55149897192996,436.7933881472412,441.7625962035238,4255437,12336,47.4495403930541
2026-05-07,436.544921875,443.2533526607854,435.5014003290666,442.4085812366477,5471848,5725,51.0817011236133
2026-05-08,433.31494140625,437.8866188723355,432.02295944675666,435.4020148505106,4061354,9347,50.994141821675996
2026-05-11,430.5321960449219,435.2529436755476,426.05990881590805,431.32725719822434,4156495,14226,57.0511087437504
2026-05-12,415.82330322265625,430.7309266436141,414.680391492977,428.5444934063228,6821438,14257,53.0022580852396
2026-05-13,401.959228515625,411.2019428329457,388.3932670442543,388.59204748684414,20958608,17381,68.5993495058129
2026-05-14,405.3382873535156,408.7670225465439,399.72308859101383,403.3506042284079,5795421,6030,46.67466324805793
2026-05-15,404.4935302734375,409.7111986614855,402.5058470779906,406.878744042046,4344049,11909,51.74082978369955
2026-05-18,401.85986328125,403.20155552806244,393.51159977722926,402.1083236851175,6007649,8963,62.598510896992295
2026-05-19,412.4442443847656,415.922689819336,400.91567630711944,401.81012763865294,7454213,5912,52.84450788899754
2026-05-20,410.9534912109375,413.3884152012372,407.22658530515514,409.2639484017943,4390666,7794,78.55575548151111
2026-05-21,407.97198486328125,414.431955390958,406.4812224338174,413.43811377131544,5013888,12660,56.18712543539483
2026-05-22,406.3818054199219,410.4068819119515,403.6487411460503,408.4688787495331,4398760,4752,69.20120912664821
2026-05-25,411.003173828125,412.543646476973,406.8787373315235,408.71735032291593,3635798,13442,66.29956020900289
2026-05-26,418.3576354980469,424.1715846199926,411.45042421571026,412.69272622119246,9332347,16188,62.42932396134142
2026-05-27,423.177734375,427.749411727756,416.91654452706854,418.2085264545343,6171033,7676,48.68657660427538
2026-05-28,423.177734375,423.177734375,423.177734375,423.177734375,0,3396,69.7616969986767
2026-05-29,418.1588439941406,431.3272449042354,417.06561219228064,427.2524883680143,8197538,13746,53.20475453065736
2026-06-01,416.9165344238281,421.1403610538669,414.03439996572916,419.1029979877032,6503865,7238,69.43196237564607
2026-06-02,412.3448791503906,414.68041300677,406.1333690694024,412.9411901840933,5616307,9870,63.00632878241026
2026-06-03,409.2142639160156,412.3945690521967,404.7419768786821,411.89764827027074,3650477,17512,76.15885902338752
2026-06-04,408.2701110839844,412.04672730567233,406.48120836241094,407.4750499476491,2512081,9684,53.00511415454099
2026-06-05,406.67999267578125,411.20195979972954,404.0462881861628,408.91613626381604,2616616,17047,67.0459774910267
2026-06-08,401.7107849121094,406.58060266266665,399.8224616175166,401.56168440911836,2751940,13947,50.1170660380624
2026-06-09,396.1949462890625,404.0959991113034,394.10787287095746,401.85985551968486,5796055,6645,56.70308243761744
2026-06-10,392.3189697265625,400.46848293950165,390.9275975591344,396.19494588212586,3489888,7692,72.44058740416037
2026-06-11,387.8466796875,394.05818961202755,385.9086764591921,389.53622251882683,5580234,17516,71.63076571261351
2026-06-12,391.1263427734375,393.3624863347052,385.61053412083237,393.3624863347052,6317321,5774,66.25726655665336
2026-06-15,401.61138916015625,402.90337108428344,393.1140254403351,395.30048905154524,9202415,9368,56.20587373106546
2026-06-16,399.77276611328125,403.10214139357663,397.78508300022577,402.50583039373254,7499735,12647,59.3285111117604
2026-06-17,399.02740478515625,400.965408048596,396.8906513983117,399.7727859896117,5958070,7399,62.19541430988571
2026-06-18,400.41876220703125,401.4126037763362,395.9961854214069,400.46847248327913,5550321,5666,78.51199574920369
2026-06-19,399.8721618652344,401.21385405103035,397.039707324029,400.02123203484774,4585159,6250,72.74613853342515
2026-06-22,403.45001220703125,405.0898447914891,398.58016407247806,399.87217635844394,6887143,10600,56.61702312759651
2026-06-23,398.29998779296875,406.5,396.5,405.95001220703125,5046417,8558,47.163140753348564
2026-06-24,393.1000061035156,400.75,391.45001220703125,398.79998779296875,5536727,7951,62.679114747806565
2026-06-25,388.95001220703125,395.8999938964844,388.0,395.04998779296875,6391714,4483,66.35808584799598
2026-06-26,388.95001220703125,388.95001220703125,388.95001220703125,388.95001220703125,0,5505,78.42750508890666
2026-06-29,386.5,390.29998779296875,385.1000061035156,388.95001220703125,3614843,8143,51.5163066532173
2026-06-30,385.5,389.3500061035156,384.0,387.54998779296875,3527751,6859,71.45870382584906
2026-07-01,375.45001220703125,387.04998779296875,374.29998779296875,386.25,9752961,8512,58.30358640925634
2026-07-02,376.3999938964844,378.0,374.3999938964844,376.79998779296875,8842116,4271,64.59584778359635
2026-07-03,375.20001220703125,381.45001220703125,374.3999938964844,377.5,5800623,12132,74.56793115544389
2026-07-06,377.54998779296875,379.8500061035156,373.75,375.20001220703125,4121387,11930,54.80802693232509
2026-07-07,377.20001220703125,380.04998779296875,374.6000061035156,377.04998779296875,4480736,17393,69.96126673813228
2026-07-08,372.1000061035156,376.95001220703125,370.1000061035156,375.79998779296875,4750113,8823,72.97657185005053
2026-07-09,375.5,378.8500061035156,372.25,373.3999938964844,4833406,7659,56.69654432622046
2026-07-10,381.29998779296875,382.79998779296875,376.1499938964844,376.5,3546184,10494,45.93429584758346
2026-07-13,377.8500061035156,379.8500061035156,375.3999938964844,379.70001220703125,3204238,6548,70.05783060458056
2026-07-14,377.70001220703125,379.0,374.54998779296875,377.8500061035156,3224890,4159,55.30387162669794
2026-07-15,380.8999938964844,385.0,377.29998779296875,377.70001220703125,5743594,7185,74.84543325014623
2026-07-16,377.1000061035156,385.29998779296875,376.6499938964844,381.1000061035156,3391530,12399,67.85089424363244
2026-07-17,377.25,379.20001220703125,375.25,377.1000061035156,2626498,4258,47.56222518300166
2026-07-20,384.29998779296875,385.5,375.54998779296875,377.0,4957842,3027,55.0627007648163
2026-07-21,381.45001220703125,388.1000061035156,380.0,385.95001220703125,3013353,15378,55.48539543879475
2026-07-22,378.54998779296875,380.8999938964844,377.3500061035156,379.6499938964844,2152210,9930,71.30567456021868
2026-07-23,376.1499938964844,379.5,374.0,376.0,1687994,3137,53.24945198692636
2026-07-24,374.3999938964844,375.75,371.3999938964844,373.3999938964844,1700724,10269,52.616351211044524
2026-07-27,377.3500061035156,379.0,374.45001220703125,376.75,2369047,5644,62.08286956005673
2026-07-28,371.3500061035156,383.5,367.8500061035156,382.0,9124123,11269,66.40806738172752
2026-07-29,377.25,379.70001220703125,370.0,371.3500061035156,4420793,12449,76.23379042047242
2026-07-30,375.95001220703125,377.8999938964844,374.25,377.20001220703125,2740317,12651,65.93995428375415
2026-07-31,380.70001220703125,381.3500061035156,377.1499938964844,378.0,3006383,9376,52.50006556448305
2026-08-03,382.0,382.8999938964844,378.04998779296875,382.0,2051770,7624,78.23261044268199
2026-08-04,380.0,384.20001220703125,380.0,382.0,2280780,5997,59.35515340717431
2026-08-05,383.0,383.25,378.6499938964844,381.8999938964844,1675427,6262,46.04592920315188
2026-08-06,378.6000061035156,382.75,377.20001220703125,382.04998779296875,2531350,17680,54.66696100489231
2026-08-07,380.54998779296875,382.70001220703125,377.29998779296875,378.6000061035156,2614409,14730,66.98733661369013
2026-08-10,382.0,382.3999938964844,378.5,380.54998779296875,5098399,16442,57.91653754421607
