Date,Open,High,Low,Close,Volume,No_of_Trades,Delivery_Pct
2021-08-10,1111.396484375,1116.9825754626554,1077.2494056128903,1081.9535308909246,6314469,4059,46.29811045851947
2021-08-11,1111.858154296875,1114.504256137017,1090.647502352304,1111.3962016214307,3430349,11754,61.408097077939814
2021-08-12,1164.73779296875,1171.6680056935727,1106.943977955769,1111.3541133261106,8613315,15579,63.63702411301996
2021-08-13,1161.8817138671875,1167.635870128804,1147.3912687163083,1159.3195941424658,4760344,16467,58.253899872691036
2021-08-16,1149.029296875,1175.9941051767398,1142.6451211542408,1160.8736404233664,2912430,17085,78.10826617585451
2021-08-17,1187.5445556640625,1200.229028593987,1151.2554783555522,1152.5155171862953,8042970,5273,59.114769169568085
2021-08-18,1186.53662109375,1197.0369451742256,1179.606407200636,1191.1567636891593,2939739,6891,69.97176462823259
2021-08-20,1175.3641357421875,1192.8367145496616,1151.3814590982279,1151.3814590982279,4051399,10840,69.70391611644828
2021-08-23,1189.4766845703125,1212.1153417519888,1183.5965032200356,1189.0146293044722,3987240,7559,67.1816666021478
2021-08-24,1229.2518310546875,1232.3179459754085,1192.8367302556783,1194.432799910239,5366923,17832,56.516598736101585
2021-08-25,1229.0418701171875,1241.5582764983149,1218.0375513684417,1228.957888035883,3105863,17136,71.62836839533279
2021-08-26,1217.6175537109375,1232.1080006247103,1212.997411216691,1226.269861580689,1993944,12002,52.745048428112035
2021-08-27,1214.17333984375,1224.0016009136382,1202.2449116831915,1217.9114137231159,3097939,10707,76.28127537322337
2021-08-30,1192.1646728515625,1222.2376399933735,1189.3926490078375,1218.0375106463173,2742699,3654,65.65709160842054
2021-08-31,1216.0633544921875,1221.3974977462547,1181.8742433394384,1196.8687857134894,6392991,5366,76.74515279895473
2021-09-01,1206.5289306640625,1233.36771024471,1199.1366636297112,1218.0372415152933,1829925,10483,51.676964260787734
2021-09-02,1207.7891845703125,1220.1795656159468,1193.844673698741,1206.2770970529418,3860958,16145,69.42926273682835
2021-09-03,1211.2752685546875,1217.7854690811828,1197.1208530797196,1212.9973626140682,1919590,8040,67.15982501423784
2021-09-06,1227.4036865234375,1233.0738605272024,1206.360999759248,1216.357327029883,1801171,10441,51.37250237353615
2021-09-07,1205.60498046875,1237.2740144787538,1203.1689876960054,1233.9558510617965,1940043,3602,53.11964866848852
2021-09-08,1199.4307861328125,1211.6111599089782,1192.7105799114797,1209.8050839785533,2256454,6473,78.03577978714496
2021-09-09,1203.967041015625,1207.8731816990014,1187.7965435172466,1197.5408228000338,2303457,16957,70.83038820408657
2021-09-13,1200.81689453125,1209.4692013849117,1193.1306378668362,1206.2770622923224,1937241,10525,49.979916223910145
2021-09-14,1219.759521484375,1223.9176082374108,1200.8168984045153,1205.4370403710943,1554999,6932,57.11897537786599
2021-09-15,1230.5118408203125,1243.2382529040917,1207.9151250394905,1211.4012528111448,2410087,8586,67.02360589718074
2021-09-16,1216.6514892578125,1233.998044565631,1209.637293515663,1230.511916579346,1800078,12744,64.75529761090385
2021-09-17,1219.339599609375,1236.5180877325206,1206.7811512555088,1218.8775443613365,2861623,3239,48.411058380809465
2021-09-20,1202.3289794921875,1254.2845551862863,1198.1707902190412,1209.6371630017713,2526342,3215,46.487085421704165
2021-09-21,1227.86572265625,1231.855845374624,1193.1727171776115,1208.7971772084857,1713705,8167,53.13193614738075
2021-09-22,1271.463134765625,1283.4755457087945,1223.4976781558414,1229.7978721731217,5145820,7038,65.41920979457328
2021-09-23,1278.099365234375,1286.0796110245337,1263.39891246303,1281.1234378674649,2015302,10097,52.41607584494708
2021-09-24,1272.4290771484375,1300.233910545665,1269.321022713631,1285.2394705641918,3592146,6009,60.67405311156867
2021-09-27,1230.1339111328125,1281.0394586193402,1225.7657150600564,1279.3594068703312,2728552,10478,74.15412303762328
2021-09-28,1187.8385009765625,1230.6377736578827,1183.092334788143,1230.1337786958848,3995669,11008,57.903036963027844
2021-09-29,1172.130126953125,1183.5544587616453,1153.145561993672,1176.0362679228854,7948104,6257,54.70807073129119
2021-09-30,1159.739501953125,1178.262110310494,1156.7154298345472,1165.955712861548,3856630,5851,73.12159837156534
2021-10-01,1151.885498046875,1162.5958281107567,1146.467372090271,1155.0355951244871,2661824,5538,47.53834277956499
2021-10-04,1175.2381591796875,1180.6983269850255,1152.5574621421295,1163.1837066833623,2538936,17459,59.393482978068974
2021-10-05,1186.99853515625,1193.676699460059,1160.0756663999587,1175.280113351211,2481825,10360,62.09366084632738
2021-10-06,1163.9818115234375,1198.6328770012772,1159.193602768443,1195.272773682214,2769341,6706,66.46358101129789
2021-10-07,1190.484375,1195.6086137778343,1155.5813688669075,1174.3138803568127,1956325,4085,54.895193375234996
2021-10-08,1209.5953369140625,1215.5175609334296,1191.576821136192,1191.576821136192,2665924,12198,77.07362661169299
2021-10-11,1176.2042236328125,1204.975110694841,1163.9398660067868,1192.8367774622034,3073366,4213,72.47856601949856
2021-10-12,1154.573486328125,1178.4302409313689,1143.2751796839182,1175.1961619234398,2965629,12736,73.50052794411317
2021-10-13,1177.8421630859375,1184.4363449233456,1156.71549429748,1165.0317699936813,1738985,16620,55.68423219222239
2021-10-14,1201.908935546875,1226.1016166567626,1184.8563710753092,1202.9169254731248,4328124,7199,57.212596989098415
2021-10-18,1242.9442138671875,1249.0763407725822,1192.8366536474284,1192.8366536474284,3579606,9585,73.96908761133494
2021-10-19,1292.8836669921875,1318.6725201530598,1240.760128485408,1258.358627688872,8645334,9251,56.7977941824407
2021-10-20,1293.0516357421875,1324.3005516042654,1273.3110312622,1296.999715621304,5159270,7067,70.7253688636354
2021-10-21,1280.4093017578125,1298.8058869429783,1239.920099970218,1298.8058869429783,4261416,17482,70.41389551972009
2021-10-22,1274.6971435546875,1312.0782926623583,1246.3883143484609,1286.0795344684034,5223521,4113,50.974906739935534
2021-10-25,1280.2833251953125,1289.4396270948523,1246.4303463480528,1286.0795238320645,3890467,3404,47.04636640024792
2021-10-26,1313.2122802734375,1369.24195611091,1296.1597167356651,1320.4364811285266,16978043,9331,66.97026828442314
2021-10-27,1317.0345458984375,1333.2050439711693,1283.1395223946881,1311.9943906549886,3624131,9840,70.24778932343122
2021-10-28,1288.01171875,1329.6349394471126,1281.8794888284929,1325.5608344504337,3054565,17317,48.30768130798132
2021-10-29,1241.43212890625,1295.949824751847,1232.9899309995535,1283.0134067057745,3795495,10253,65.78650920308758
2021-11-01,1278.6453857421875,1285.155586169584,1249.1604985084875,1251.6385337833183,2271900,9053,61.7392075434511
2021-11-02,1264.6043701171875,1292.0496412625057,1262.4410475798038,1291.4558123846582,2041689,3154,57.03938830125739
2021-11-03,1271.349365234375,1304.5636069159507,1267.1497907995804,1270.8827113318034,2697346,4749,73.18601201517305
2021-11-04,1277.54248046875,1285.3052357736021,1273.427827654242,1280.214918008162,166444,9788,54.83670821029303
2021-11-08,1320.2586669921875,1325.858099203387,1276.2275025947172,1279.3664903568215,3050392,4677,51.428691179506565
2021-11-09,1322.8038330078125,1333.6632187073856,1317.5438795499808,1324.3309697215198,2061369,7350,58.53011198078895
2021-11-10,1329.08203125,1334.8086390954918,1312.071947120693,1320.0466959367782,1299996,7075,46.813278771009564
2021-11-11,1291.2012939453125,1323.4824292373949,1285.3050514709314,1323.4824292373949,3027565,15773,76.66382427399688
2021-11-12,1344.692138671875,1348.4674158695368,1299.133840761538,1305.242180029451,3713868,7139,67.72832930822062
2021-11-15,1339.7291259765625,1358.690537365234,1334.8084444535966,1344.6921646730539,2448280,14634,50.428532532897265
2021-11-16,1357.333251953125,1361.6600013382792,1337.0567988218868,1344.777093381716,2864344,13392,73.42384175210513
2021-11-17,1373.07080078125,1378.6277726128953,1353.1761829646573,1356.145535090285,2304359,10666,57.784080951892115
2021-11-18,1330.0574951171875,1378.4155096103655,1323.0583088089645,1374.5553108879947,2938804,9704,65.0864317016807
2021-11-22,1307.6177978515625,1341.9774417465026,1289.5471288965202,1341.9774417465026,1951782,6648,70.98615640392444
2021-11-23,1323.94921875,1327.2578423119849,1277.924264169964,1291.243887019629,1823592,14108,72.16863558430914
2021-11-24,1304.9029541015625,1331.8816800069358,1298.031045748392,1330.94847578464,1644163,14156,74.91078600112505
2021-11-25,1322.93115234375,1327.5549198029669,1298.0734959637348,1298.879421521278,1557493,5177,57.1569237868252
2021-11-26,1295.8251953125,1314.998704091865,1281.1905323153487,1309.9083865276384,1522173,3918,68.33429258163665
2021-11-29,1303.6727294921875,1311.1809269637997,1255.1026175098661,1285.3051467810783,1995524,6662,61.90899129811045
2021-11-30,1307.7449951171875,1352.7094681372284,1295.061661605514,1297.1826273140064,5662900,3219,61.75110575798724
2021-12-01,1346.8980712890625,1352.667139563262,1314.9987670713713,1314.9987670713713,2761193,4315,74.84314684158664
2021-12-02,1382.57275390625,1384.9906341476424,1340.4503534170137,1348.9342164133238,2664202,12631,66.34922630709949
2021-12-03,1351.73388671875,1389.868808166889,1348.679613293585,1378.627690078556,2400296,11073,57.79193501779052
2021-12-06,1316.4832763671875,1374.0039017379659,1312.326163304578,1362.5082273856633,2911781,15643,60.74430555086274
2021-12-07,1337.6083984375,1341.5957729736356,1303.12147159199,1326.8762900845522,1758254,16922,78.89006498817155
2021-12-08,1361.4903564453125,1369.9742193255481,1342.1895683927767,1342.6985794530349,1604565,4089,62.17195216132898
2021-12-09,1366.919921875,1374.3857625038354,1344.6922429435674,1351.4793331287715,1947954,14362,48.528194233688595
2021-12-10,1359.666259765625,1366.9199001481004,1339.2201716202394,1366.7502643212777,1776362,14186,65.89314893060623
2021-12-13,1389.783935546875,1404.5034160536077,1355.254553546099,1361.6599110637512,3163063,9766,75.47818435522888
2021-12-14,1393.64404296875,1412.5630976537263,1379.1791196319425,1391.3534415327995,2725454,14922,68.16429424773114
2021-12-15,1392.7109375,1396.6984152709529,1370.9074508877936,1390.5051538196758,1622068,9840,64.9894321616936
2021-12-16,1402.0855712890625,1414.8113651707965,1393.2198727471225,1398.9889407319522,2225836,10296,45.312644639530895
2021-12-17,1393.7713623046875,1421.0470015849785,1380.239642729631,1416.1263197961705,3405084,7996,58.91546906906959
2021-12-20,1355.763671875,1389.9535751996998,1337.565724894465,1387.1115020090556,2233189,17617,65.71727451274269
2021-12-21,1385.372314453125,1404.333830386955,1362.08415282924,1362.08415282924,2237445,14713,71.74107441851456
2021-12-22,1408.109130859375,1409.7634426833527,1384.3543149750174,1395.595433206008,1656110,14647,60.301522584828504
2021-12-23,1428.5128173828125,1434.7059749057312,1411.8420067619734,1416.8050456404342,1715034,8789,74.1003337522509
2021-12-24,1462.447998046875,1472.1195167197518,1425.5855599287038,1428.1307182242515,3343946,16927,62.117129063637506
2021-12-27,1514.36962890625,1520.3083333333334,1445.3534203126317,1463.0422549293155,4512000,16359,64.43932239251562
2021-12-28,1532.2705078125,1546.6082572953758,1506.818918279389,1514.369577220102,3605483,17263,55.29577936133741
2021-12-29,1515.9390869140625,1544.9115006788895,1512.4607236876936,1527.5195809842617,1902921,16446,73.23054198421488
2021-12-30,1527.052734375,1559.3338714523177,1515.2177880379975,1516.0661742575035,4650594,11934,62.50962998196742
2021-12-31,1519.078125,1538.1243559360373,1513.0544994431316,1527.2649699130316,2378048,14333,46.26406503476609
2022-01-03,1514.199951171875,1542.3663356788506,1512.6728143649013,1522.8959109852458,1779147,15549,65.57480588785647
2022-01-04,1518.441650390625,1530.3190570983672,1499.098403755766,1521.1564447844303,2701533,12314,46.2665471700876
2022-01-05,1474.113525390625,1512.6301771218787,1470.253326645127,1510.0850184490942,3138050,17024,56.64718046958137
2022-01-06,1435.5543212890625,1466.7325152897477,1433.7727309158636,1463.4662490117541,4290750,17598,72.96974585402045
2022-01-07,1445.522705078125,1463.0843603277735,1438.0993263472105,1443.9532114304268,2103362,17114,73.81804315204707
2022-01-10,1455.830810546875,1463.466286825967,1431.6518023297504,1458.3759693065724,2330348,14399,69.11046074408188
2022-01-11,1473.774169921875,1480.4339811589466,1446.4985317340997,1446.4985317340997,2704832,8805,75.40839832718234
2022-01-12,1468.0899658203125,1488.9178899798997,1460.072757068608,1488.0695037178027,3013194,4654,65.95134488809954
2022-01-13,1458.2064208984375,1483.7428279390504,1443.7838537288735,1467.7083060791554,2768371,16641,56.86273762687411
2022-01-14,1474.283203125,1481.9611400979627,1439.287270379262,1454.5582228501296,1889385,13503,53.80689528020839
2022-01-17,1461.260498046875,1485.5243240898715,1459.2243503338543,1470.210910848758,2522806,16096,66.41521299058306
2022-01-18,1408.957275390625,1481.7488472860082,1399.879585160345,1476.191876669991,4878369,6789,55.533142569612224
2022-01-19,1416.8897705078125,1422.4042808023653,1380.7909998711327,1410.9510671136788,2610709,3672,59.03647548091915
2022-01-20,1414.175048828125,1419.5198200200714,1394.3652507714082,1416.8898433799607,2440011,9777,48.108663478029285
2022-01-21,1351.9461669921875,1402.3826962206197,1347.9586888398503,1399.8375370623244,4079190,17674,69.37198829900694
2022-01-24,1283.7357177734375,1347.2374099941712,1274.2337293184314,1347.2374099941712,3250275,14677,50.32790724824714
2022-01-25,1273.08837890625,1296.0372682653117,1242.8858492879842,1271.7309816264083,3910618,14256,57.63931584740366
2022-01-27,1226.42724609375,1259.4294947246558,1213.1924401860947,1259.4294947246558,4434890,4173,45.487243215083126
2022-01-28,1196.7763671875,1258.0722882400746,1193.0434460924996,1226.7668075020476,7080683,16258,48.20859452196196
2022-01-31,1254.7633056640625,1262.0594069452263,1214.4649574429382,1219.131081973805,4406035,11118,78.10174329116968
2022-02-01,1277.4576416015625,1285.2627539554546,1251.369763481524,1275.9729656109912,2542754,14625,67.15133272928371
2022-02-02,1258.1142578125,1264.0954218712932,1224.221270980051,1255.5267420731755,9031146,11104,45.631337867593146
2022-02-03,1233.8082275390625,1255.4420780141404,1229.396556677065,1254.6785096377582,2433692,14148,45.2060699439329
2022-02-04,1228.6329345703125,1242.8434043589627,1217.4342774157103,1242.037478840836,2406272,3341,75.49656244157705
2022-02-07,1225.3243408203125,1243.5221850297835,1216.585920745495,1230.1601011722232,2741520,7892,63.07521715324668
2022-02-08,1216.755615234375,1235.3777570427153,1204.8782067883892,1227.1908083656042,1981111,3900,75.49720083776518
2022-02-09,1234.232421875,1247.9337776721954,1221.7187240391215,1221.7187240391215,2282701,15534,52.9577877128827
2022-02-10,1245.8551025390625,1248.8244541624106,1230.4145155227586,1242.8857509157144,1850405,8735,76.37395261569432
2022-02-11,1208.8656005859375,1230.1176142261008,1205.5568734648582,1230.0327963127963,2426039,6236,64.5156111280279
2022-02-14,1179.3843994140625,1203.6906909965262,1163.137778800677,1179.257120738834,2149302,3110,50.09347404557319
2022-02-15,1221.37939453125,1223.882092767002,1183.5413851168219,1191.1768620482762,1955525,11425,72.1889631960101
2022-02-16,1225.06982421875,1241.995089575607,1212.216750987555,1230.584335200344,2164650,3512,48.22148360113845
2022-02-17,1228.081298828125,1239.8737823679623,1221.8880390830748,1239.8737823679623,1669669,4142,75.39886365022792
2022-02-18,1219.93701171875,1225.918176426774,1202.248178466947,1220.361204859382,2374188,9687,78.60844752098285
2022-02-21,1203.181396484375,1221.676259053491,1196.309488239755,1210.7745159265767,2109461,10245,65.05450907053697
2022-02-22,1198.3883056640625,1205.3025722906905,1166.531353459026,1171.1974788728621,2111878,15974,71.61043461508156
2022-02-23,1199.0242919921875,1208.907908653119,1195.5458256230252,1206.4052107170355,1319711,16422,78.28788101249393
2022-02-24,1130.89892578125,1187.7408072721305,1128.353766908524,1162.7134116903248,4108603,7825,57.48226315042373
2022-02-25,1179.0023193359375,1187.740739055527,1145.4062448580644,1149.5633581573136,1885454,14031,75.74656058744665
2022-02-28,1196.224609375,1204.5811932031145,1156.5625522911128,1170.7730219414893,4983140,11321,63.19134864684303
2022-03-02,1182.947265625,1205.30222106262,1173.1060065143272,1187.740668320418,2160190,15767,77.78606961413838
2022-03-03,1210.350341796875,1224.7304482302977,1192.1100362536004,1196.05505328133,2730530,16053,46.99523073315469
2022-03-04,1233.2142333984375,1238.643926115884,1186.4681716938792,1200.4665448314902,3567738,15170,48.43988910458943
2022-03-07,1208.18701171875,1242.03764867596,1197.115631701218,1211.495739282289,3341715,8382,56.769950456337
2022-03-08,1240.2982177734375,1244.4977917843069,1204.7084565559262,1204.7084565559262,2365949,3050,45.816357971893716
2022-03-09,1276.6092529296875,1281.9116671717945,1240.2982787746273,1240.2982787746273,3667977,12892,68.40143644964516
2022-03-10,1260.150634765625,1294.5950996035538,1250.9456636500352,1293.7891740022405,2835942,16076,78.114544032436
2022-03-11,1261.3809814453125,1265.6652707651958,1249.2490141106643,1252.2183666060037,1116432,12909,55.32611176077894
2022-03-14,1275.12451171875,1280.1300112198212,1261.5503319532809,1261.5503319532809,1372791,7428,48.403894842923776
2022-03-15,1237.4561767578125,1285.3051824815625,1228.463303124292,1284.4567962224987,2188506,16050,58.703090884810315
2022-03-16,1264.0106201171875,1267.9131759247098,1245.770316816832,1251.5392808392833,1453944,3189,56.848405874563916
2022-03-17,1267.06494140625,1281.0208546420904,1261.550430445995,1276.8213838743932,2346185,12707,75.15781769224044
2022-03-21,1255.442138671875,1289.5472278788193,1252.3878650187762,1268.337569525549,2110200,8035,49.886924613778284
2022-03-22,1304.9876708984375,1309.865891770795,1251.41216277659,1261.4655189922853,3030660,12076,57.71531083923317
2022-03-23,1308.3388671875,1324.9247561237164,1297.3522031875975,1314.9986784918233,3741783,10999,56.50168203482675
2022-03-24,1330.736083984375,1333.620513929235,1298.158036409896,1298.158036409896,2085571,17023,74.85899900106755
2022-03-25,1298.4976806640625,1336.165949179171,1291.583311671609,1332.8148647508356,1755511,17461,64.72674742124111
2022-03-28,1293.322265625,1305.6238651869578,1286.6200976793873,1301.4243950374648,1928306,11068,53.51328638759418
2022-03-29,1291.541015625,1306.1333238460377,1288.7837598243648,1303.969897100422,2311150,3470,53.26850905589254
2022-03-30,1269.4404296875,1301.6791082639693,1259.8536233172808,1301.6791082639693,3792481,17281,76.5845829971218
2022-03-31,1272.1129150390625,1280.72405750167,1261.7201818924511,1269.440580794452,2036984,15271,69.0122019321245
2022-04-01,1261.635009765625,1274.8274556853403,1251.7512905088788,1271.7308255576543,2537230,14211,77.50719954440837
2022-04-04,1271.43408203125,1276.2274850855463,1258.7082882036182,1261.6351793588633,1675276,10163,67.4155848482695
2022-04-05,1263.2896728515625,1291.6681534177965,1255.6117353420946,1279.3665519566746,3207223,16226,48.503531603560155
2022-04-06,1238.092529296875,1257.308499752614,1233.5536832930504,1257.308499752614,2627895,3836,77.00195054314491
2022-04-07,1245.8978271484375,1251.0729632183609,1230.7540478117674,1233.5537642175689,3336784,9206,65.72506141424
2022-04-08,1229.0997314453125,1258.4963393499872,1221.6763508412423,1251.3698732575226,5402943,6877,59.24327895793768
2022-04-11,1229.481201171875,1240.6375000655971,1217.9856306589759,1235.2078078428174,3268704,17706,65.61428848044608
2022-04-12,1200.466552734375,1223.0336064407134,1193.2128088174775,1218.5795785948792,2021088,16272,77.2444746321923
2022-04-13,1196.6063232421875,1212.0893720246174,1190.6252624255426,1203.0964986498427,1430399,8732,63.93112372630391
2022-04-18,1140.6978759765625,1179.25699306572,1128.5234493490022,1179.25699306572,3968044,4153,77.19827387435588
2022-04-19,1103.9202880859375,1155.374941433636,1090.7279423509567,1155.374941433636,2677360,6930,55.44938205773944
2022-04-20,1110.7071533203125,1120.6756910061195,1099.2964005433676,1107.4833479510733,3025261,11504,48.737996058415646
2022-04-21,1113.6766357421875,1119.0215107668678,1100.7387448860884,1114.6947614226299,3728173,10990,57.934825210489706
2022-04-22,1108.416748046875,1123.263508927717,1096.836253847261,1107.1441685428028,1954666,7403,73.3355246018727
2022-04-25,1077.7900390625,1101.1630208523632,1071.172584111622,1098.6603225465803,2686619,11128,62.249007996646085
2022-04-26,1082.07421875,1090.7701779540416,1073.208623718307,1087.122179157329,2568317,6114,62.88722323084234
2022-04-27,1070.027099609375,1081.268216810425,1057.3013065515827,1075.5416099344184,2382463,4240,75.44281524727526
2022-04-28,1078.5535888671875,1089.667429140622,1060.6525543524997,1080.6745547042087,2576887,10385,51.81604286431657
2022-04-29,1068.118408203125,1090.0068173261272,1059.0830729176025,1089.3280668251093,3811317,16467,67.98583738736929
2022-05-02,1044.533203125,1059.6345211526086,1038.59449884312,1051.9990442187627,2149957,8543,77.30646130742863
2022-05-04,1028.9229736328125,1055.3501247356446,1018.0635872767472,1045.5936820242425,2797667,17150,55.81505828863518
2022-05-05,1071.808837890625,1074.141900273305,1036.8553628915874,1045.9330551009016,3563713,17651,73.33374496777299
2022-05-06,1095.0545654296875,1102.0537520768266,1042.4121565554876,1051.74440541834,5745203,9251,49.358670821313886
2022-05-09,1069.9422607421875,1085.934319658987,1026.5472865526363,1085.934319658987,5712061,11833,55.748368318170606
2022-05-10,1053.9503173828125,1078.6806946019506,1047.7570561118578,1064.724781716908,2852416,15615,56.55488193734742
2022-05-11,1038.8065185546875,1073.7600947363467,1024.2567769909647,1054.544125162227,3244609,16437,57.26067842154448
2022-05-12,1028.9229736328125,1045.9330572658914,1015.5608890498053,1025.6990641813227,3110220,7865,73.68241821914464
2022-05-13,1020.4815063476562,1047.3754159374705,1013.8216941738001,1041.8184438873861,1892084,5313,48.871258803252076
2022-05-16,1008.7735595703125,1035.8794547372272,981.5402822098144,1009.579484960934,3474480,10678,69.92477620528862
2022-05-17,1016.5363159179688,1026.5473146262084,1003.7681655885857,1014.5002718631409,4434968,12114,48.44012376259028
2022-05-18,994.3511352539062,1043.9392696184757,991.3393226730508,1025.698965435788,5294021,11061,74.46074395562798
2022-05-19,940.30908203125,978.953125468351,933.2250760303066,978.1895569663122,4393100,13753,59.00564273934034
2022-05-20,959.4400634765625,962.7487906766764,945.7386043604002,956.9797225553098,2461651,7541,57.83905183380222
2022-05-23,969.6207885742188,973.77790243799,946.5022603353261,962.0701292808852,2783695,13385,74.74631678013854
2022-05-24,931.8250732421875,977.2137403579327,925.5894546407114,973.9474738107577,3666196,15263,72.50169762310557
2022-05-25,899.416748046875,928.8981716896308,886.5636750123693,925.6319051784569,4711542,14147,68.03408192155378
2022-05-26,915.0693969726562,924.3168278954549,895.8534275204663,907.7732958679549,2946857,7036,75.74626661343747
2022-05-27,952.9498291015625,955.4525270451157,926.4377595182784,928.9829181982736,3367600,6735,63.00226221962967
2022-05-30,987.5216064453125,993.0361171342254,963.3001373019774,969.6206770753969,2469771,4482,77.53154875530753
2022-05-31,1001.307861328125,1011.2763996637366,974.4988768146948,977.3409500105911,9674664,9873,53.14242413911292
2022-06-01,972.7595825195312,1015.518267110418,969.7902308613136,1006.3132976824969,2419021,15615,70.09352268884393
2022-06-02,972.2505493164062,980.2254000146261,960.1185856790624,967.1602323042785,3206663,7345,75.43614638288773
2022-06-03,973.8626098632812,1002.792560655247,970.6387006458781,984.1280629103948,3229236,17889,58.08071698916103
2022-06-06,970.7235107421875,974.795806187926,942.6419464374925,972.2506474250332,3938875,10964,52.48831837719415
2022-06-07,958.93115234375,966.9908228327591,950.7865603677833,958.7614129326238,1656444,17392,75.99412108049374
2022-06-08,953.755859375,966.5665756552938,950.1078603372202,962.8336551353003,1303551,8184,77.36788349709376
2022-06-09,965.9725341796875,968.8146073182565,943.1085668621772,951.8893435702577,1323539,7697,55.461525146465945
2022-06-10,941.5814819335938,953.501350463429,933.4369944464798,949.3442370239591,3119792,15520,74.055524442311
2022-06-13,892.4598388671875,920.1596695436596,890.8055271704078,917.275135695506,2012004,15724,47.170452485230626
2022-06-14,873.965087890625,896.3625048789654,865.6933222205904,877.2313541349563,5775453,7444,76.64039238923262
2022-06-15,865.3963623046875,879.7765192386848,863.487493289946,879.7765192386848,3238141,14997,58.5604644696196
2022-06-16,827.4309692382812,876.8918694842433,823.7829192928483,868.7898442076381,5600443,9554,60.14854282448866
2022-06-17,818.7351684570312,826.6251504980011,800.6221421070885,823.8678950903608,7043370,8418,46.3985998401086
2022-06-20,830.8671264648438,838.3329675480581,804.3126448553768,818.6928034167473,2985094,12018,59.801992071138095
2022-06-21,848.4710693359375,852.3312682050237,831.4185263948831,841.0901503736643,3433536,17992,50.19184368953596
2022-06-22,831.4185791015625,845.7987373310768,821.2379434390944,845.7987373310768,2719988,13095,55.600892841977284
2022-06-23,840.8355102539062,847.1559975607428,823.9950655344298,832.3516485753021,2915172,9522,64.90765577595621
2022-06-24,832.4365844726562,849.2346215761265,826.3281932219253,849.2346215761265,4056588,6506,62.02923875389664
2022-06-27,854.4946899414062,868.8323873127912,844.9927530448647,844.9927530448647,3796002,10123,68.24904004146131
2022-06-28,865.9478759765625,872.9894716599129,834.854498474565,850.0830423743757,2755698,14860,49.35954985395947
2022-06-29,866.2871704101562,871.6320451562657,850.5496159879337,855.1733313599967,3770663,14048,55.91675625074731
2022-06-30,848.3862915039062,870.4443350830078,845.8411326293945,861.9604721679688,3264301,5024,75.46873017490978
2022-07-01,857.4640502929688,860.2637147480007,839.3085626222199,845.8411475382215,1842102,14644,77.64628859008073
2022-07-04,848.34375,860.093877588928,844.1442281569128,857.4639012087305,1814322,10292,69.61483277025918
2022-07-05,851.1011352539062,866.9659692102496,847.5379024847794,852.6282202174207,3045188,16978,65.91802510165896
2022-07-06,856.7853393554688,861.0272708271141,849.7436916874256,855.1733846836876,2188175,16781,68.91542007036287
2022-07-07,865.9902954101562,871.2078917453154,861.9604605796901,866.1599830224537,1901699,12611,76.67581826725299
2022-07-08,870.868408203125,877.8251334095488,860.7301830606552,874.6861459887207,2841036,5137,49.43453434654421
2022-07-11,854.7915649414062,863.1057399237394,838.2056239334144,861.1120529275461,2892507,6263,48.326248408779
2022-07-12,846.1380004882812,862.639123304935,843.7201204033003,848.3862447494221,2013304,6886,72.08381145810921
2022-07-13,839.9447021484375,851.9493869506236,837.3995436842042,849.5739160736156,2067142,14905,46.825065275129454
2022-07-14,827.8552856445312,847.198481630556,821.9165819429472,846.6894705972608,2212219,3404,69.13172109923129
2022-07-15,826.1585083007812,838.9691715648501,818.7351287174487,831.4185133332485,2544737,9421,70.51927832223669
2022-07-18,855.17333984375,867.05074734158,834.9817574537167,835.6604560973153,3946821,11963,68.37159580417271
2022-07-19,854.9188232421875,857.6760785184396,840.7507626971687,848.3438298911249,2985845,13140,53.504172681837005
2022-07-20,886.9877319335938,892.2476847102943,863.0208228689127,866.4143675152392,5574762,11585,71.45943383495785
2022-07-21,902.0547485351562,904.718811501677,883.1008883999606,895.2855165805231,4935223,8840,45.99019631986184
2022-07-22,898.5173950195312,911.6191366011649,885.0226438393471,908.3874163265937,2985409,16900,61.70020692662213
2022-07-25,888.516357421875,898.6920637440758,880.6553132176018,898.6920637440758,2888919,11849,48.41198625731777
2022-07-26,872.8817138671875,905.9854703832752,868.3398192338577,886.5512195121951,5939871,13117,55.6242512078741
2022-07-27,880.1311645507812,882.1400871783128,866.4616623634455,873.4492564147636,2546052,16788,74.8087097845885
2022-07-28,906.640380859375,911.4006369346483,886.9004478414107,891.9664431608683,3428026,15779,68.29385682301466
2022-07-29,915.9426879882812,932.8439116931053,911.9684507717806,921.4890700713727,6185909,5527,64.5737336159951
2022-08-01,916.7724609375,924.9391914319823,906.4658220805364,924.9391914319823,2540084,8781,53.428826917339784
2022-08-02,901.923828125,916.6851442932364,899.6528810119423,913.6280713965939,2802273,3967,76.31635998466231
2022-08-03,919.4364624023438,923.235945679321,895.0234895531884,897.4254752207552,3509019,16192,74.48371917400982
2022-08-04,922.4061279296875,936.9489727203754,905.0680749288418,928.4765576000079,5360632,4512,47.30680307712613
2022-08-05,924.2839965820312,932.8001271646258,917.5147645804818,925.856247953863,2641829,9795,61.05005963786509
2022-08-08,922.886474609375,930.092431065417,916.2919966138472,922.3624263733806,2579239,6340,64.86006013246632
2022-08-10,921.6636962890625,925.1138851380705,911.0513721591614,922.3624984064455,2823021,14717,61.11943960990444
2022-08-11,940.9234008789062,955.466355250126,934.7655397327269,936.3377913596541,3201408,8506,54.80187499092612
2022-08-12,931.0097045898438,940.1809229727002,927.6032307231924,937.4732512507805,1771561,9336,47.524150940349685
2022-08-16,941.31640625,943.2816674637168,922.8430361388585,939.8315848707563,2222701,17320,48.492634175582815
2022-08-17,964.7247924804688,966.8210922132025,936.5123362533778,936.7744137033071,4280823,4406,70.32781797471802
2022-08-18,965.2925415039062,968.8299472918907,950.4001878845029,960.7942561619742,3041422,15875,70.96555937137519
2022-08-19,964.4193115234375,991.3652079661725,960.7944746808721,969.5289699052437,4577717,12828,52.96508580545607
2022-08-22,942.1898193359375,960.7943340904025,939.1764615733684,957.3005365118919,2157609,16393,72.45773837638167
2022-08-23,931.0097045898438,934.6781492940913,914.5014901762547,927.6032307231924,2875768,3707,77.02592298187797
2022-08-24,935.4205322265625,937.560547092517,921.5763814498133,931.0970006230323,2180800,15349,51.86225923467457
2022-08-25,935.1148071289062,951.7540590828947,930.7039521001058,943.3252519424813,2734931,5926,77.18416857028487
2022-08-26,948.173095703125,958.6544891319405,944.1988580458001,945.9457569506026,2624896,14845,74.01109040074084
2022-08-29,904.50048828125,915.0254886407486,888.5599848394882,913.6279910496314,6118233,7988,77.83382639651725
2022-08-30,939.9188842773438,943.7620829873955,910.3963583340077,915.3749772982791,4453769,13237,49.97425403854626
2022-09-01,919.65478515625,930.2235003142479,911.0949394058754,922.3624566496204,6112823,4745,57.096044345491975
2022-09-02,922.7119750976562,931.533792785996,914.5452444647216,924.2841200572831,1645341,6342,45.13696362977689
2022-09-05,930.2672729492188,935.2896067121659,921.3144171109217,922.362513682121,1677079,6024,69.99881310210574
2022-09-06,929.0880126953125,935.4642354739534,917.383876933014,930.2672545924358,3051076,10978,61.59468993285384
2022-09-07,922.2316284179688,926.729914643848,911.8812732216562,918.8688691850406,2615897,13655,66.84425857237605
2022-09-08,951.7103271484375,954.5927524606552,932.0577180803026,934.5907423513078,2634786,17022,75.53569267774125
2022-09-09,984.0718383789062,989.0504575657245,948.7844594820076,963.1090517022037,3394349,3775,78.19570820798677
2022-09-12,1004.5540771484375,1017.5684938013308,995.6885449123308,995.7322600287699,5230075,8103,46.80754026479586
2022-09-13,1002.239501953125,1017.0881422060636,998.440018271675,1009.7075371998243,2483685,11697,75.63571058685235
2022-09-14,973.634033203125,979.8792179278986,956.4271221476316,971.2757624001518,5179539,7517,74.19909565645095
2022-09-15,945.945556640625,982.0190540349054,941.5783103034106,978.5252569651338,3392174,7394,46.59949669707809
2022-09-16,902.44775390625,938.0408120843588,897.9058602968298,930.2234836732721,6635089,16585,62.63040261871538
2022-09-19,907.9505004882812,918.737577462086,893.6259113831653,904.8934280960649,2485826,10974,70.87971422844019
2022-09-20,922.4934692382812,930.8348458061353,917.1217348951644,920.6155319804794,2321528,12788,47.970878767994634
2022-09-21,925.9873046875,931.9266960052706,914.501424969219,914.6760721818302,2760138,10467,56.576197810456605
2022-09-22,915.7244262695312,936.3378120003125,910.3526908184008,917.1219240674702,3867282,9541,57.19596809629404
2022-09-23,904.1074829101562,917.0345771122105,892.6653167112032,906.6405075794804,3230711,14186,74.020274347662
2022-09-26,902.1859130859375,919.0871377732858,885.2846350874682,898.779439076941,3314114,14193,77.29465998813171
2022-09-27,893.1019287109375,912.7545383891733,890.0885178980516,903.9763300840021,4448875,13506,64.64953049264602
2022-09-28,899.3906860351562,905.2428602174691,880.917265645727,887.4244734806176,1965519,8131,53.358910575844355
2022-09-29,879.6508178710938,912.3178448413686,874.8905615689246,910.8766320913703,3176310,6122,54.14527944401277
2022-09-30,880.9610595703125,889.8702542748991,859.9546117797122,874.3228653337853,3848885,8695,73.90747400820902
2022-10-03,878.2532958984375,889.3897747872542,872.7069140115909,882.1838178591963,2431236,16461,67.76409132492591
2022-10-04,898.1680297851562,904.8935472850011,889.0841350130601,892.665256105474,2715420,3249,72.264393528516
2022-10-06,900.7882690429688,912.7544813166028,897.3380804751836,902.6660996636873,2397633,7082,55.86298181634177
2022-10-07,894.2811279296875,905.2865688122057,891.8354803236967,899.5655393366898,1539126,12690,69.14092462407021
2022-10-10,899.0850830078125,902.2731945161747,876.5064382352192,880.5242839918699,1660433,14238,68.4820067788413
2022-10-11,877.6854858398438,904.0200029009694,873.9296646059561,903.5832782618868,2310765,3148,72.99088671381475
2022-10-12,887.3372802734375,889.8702515852705,871.8772149961949,880.2623080392138,2192421,3776,48.70669862300124
2022-10-13,884.7605590820312,891.7918159204535,876.1133889058573,889.9138784312369,1344162,9953,74.25873722818082
2022-10-14,890.7872924804688,917.0344879261833,887.4681956342755,904.020071371366,3492929,16151,67.20199273895014
2022-10-17,893.757080078125,897.8622495243842,879.956590505573,890.0449202048467,1426207,17035,45.62903570193281
2022-10-18,890.394287109375,903.1029111556247,885.6776393034305,898.2553312452043,2395805,6129,55.46631958045803
2022-10-19,890.2196655273438,899.6529086647105,887.6866408678195,894.8489368223261,1304927,16408,57.903139253369886
2022-10-20,909.8284912109375,911.3570274969273,879.5634514238918,882.1837993427316,1852905,15221,46.26771984973534
2022-10-21,909.391845703125,912.1868410775803,900.6136367621431,909.8285703942736,1202009,7373,75.58482340815182
2022-10-24,915.5059814453125,918.1263295637713,912.7545945964831,917.9952908334008,231316,16452,60.88048273558029
2022-10-25,945.5089721679688,948.5660450571954,917.9953161649285,920.0916160419893,3097049,9522,48.75115469265356
2022-10-27,939.7005004882812,959.047425710254,932.10153347991,954.9422562454537,2342818,14078,57.94817975667461
2022-10-28,916.2046508789062,944.1987451294648,912.7982837197053,944.1987451294648,1542568,15642,46.79442648408513
2022-10-31,928.8261108398438,941.8405281900389,919.7422157793036,919.9605781287289,2629847,16231,49.61526004215307
2022-11-01,935.376953125,943.3253210800231,914.6325305549532,933.7173779949487,4709472,14713,71.52176752758717
2022-11-02,945.0723266601562,959.6588901621109,931.4028211284683,935.4643824889347,4104485,4294,67.54199955635582
2022-11-03,919.611083984375,935.5952489936711,917.2528134981255,934.5907609635167,3460133,10630,52.73705640586779
2022-11-04,920.309814453125,924.8080993704253,907.2953994328449,919.7420511218153,2531080,13769,47.91702699752738
2022-11-07,920.178955078125,932.756647929033,912.2741952546129,924.9392117222283,2588984,14618,77.58062099409952
2022-11-09,914.13623046875,932.1310390092816,910.8928085493712,930.3982489845273,2697639,7759,62.57501296551128
2022-11-10,907.3825073242188,918.8458867946363,893.2977057062941,901.9618714666884,3285774,6578,62.50427790834392
2022-11-11,940.795166015625,947.2822265293958,929.6872599822128,932.1754743239551,5299457,4943,58.18079572874047
2022-11-14,946.70458984375,954.7911237078306,937.9071066061845,943.727692734115,2229790,11871,58.65583611958527
2022-11-15,948.12646484375,951.2811538164951,933.0641863683511,946.3936747450418,1577944,4798,53.966250671395116
2022-11-16,948.03759765625,955.2799745069444,941.0618539561434,947.2822816971188,2335937,7116,46.53970538362512
2022-11-17,940.6619873046875,943.5944095037137,930.6648715623633,941.95046105455,2089630,3154,72.71744935639927
2022-11-18,942.705810546875,946.3936572915452,929.5096389924472,941.9504945812563,1617331,13389,52.127392373369695
2022-11-21,926.4880981445312,940.0842169554122,922.2227278038313,937.5960028999463,1475958,5184,58.24353968055904
2022-11-22,933.6417846679688,935.6412078504642,920.6677714900169,926.4882494470025,1696991,16031,49.643123428150275
2022-11-23,927.77685546875,940.7508689791613,925.3774825028814,938.3514960132926,1704144,3238,46.74406324182457
2022-11-24,950.2146606445312,951.7252923214546,929.5094825100294,932.4420127953911,2208145,9111,58.35147159050325
2022-11-25,959.8562622070312,962.3000011890317,941.9502985165205,950.8366220874311,1943246,12397,70.27596164521397
2022-11-28,957.2347412109375,969.4979112512979,952.0807385738067,955.2797933961,1749691,10316,52.10125660562643
2022-11-29,954.8800048828125,964.5660114253398,953.3248981566369,956.2573200406147,1233868,11604,71.59255992723448
2022-11-30,957.0572509765625,961.5004137016161,944.7940784651533,955.0578277502883,3909954,17837,47.948701564502315
2022-12-01,978.8286743164062,984.5603104080739,966.9654524326662,969.8535079855744,4264917,7945,73.01373867884232
2022-12-02,990.6030883789062,991.9805121566849,977.5402339004327,978.8287076468852,3418928,11753,58.428822676371496
2022-12-05,977.2735595703125,995.2683671004775,974.1633459231235,995.2683671004775,2760688,15197,69.2167443966431
2022-12-06,967.5430908203125,974.0745178748261,959.7675565945475,967.7207739266435,1838107,13288,58.14707118247868
2022-12-07,957.9902954101562,966.21014590984,954.5689735567987,965.0548802871939,1478573,15121,73.25195636968694
2022-12-08,954.524658203125,961.8558766094844,951.1034446419542,958.0347133225761,1110431,10303,53.76928767837013
2022-12-09,920.001220703125,955.9018849739401,915.4691084186079,954.3467781833505,3138360,6603,67.83629169409247
2022-12-12,917.1575317382812,928.087754284851,908.0046283329976,918.8459550917019,1689393,12324,49.508688085969936
2022-12-13,929.2874145507812,930.7980463742326,915.4247695789321,924.044461231603,1983827,15632,76.73634074155035
2022-12-14,946.4823608398438,949.1038915420485,933.9526655189696,933.9526655189696,1983937,7058,65.06103507658824
2022-12-15,908.8488159179688,941.95037386756,906.6272348475264,941.95037386756,5184673,17847,78.96829757088497
2022-12-16,907.1160278320312,918.4016712141087,898.407440345877,901.9619702780071,2994364,11320,50.25687563434652
2022-12-19,912.35888671875,913.6029938352792,897.2966101856131,906.3606719605286,1529622,4796,49.51037930772157
2022-12-20,904.5833740234375,910.8482216761832,892.1869410369638,910.8482216761832,2149130,4353,47.99367205029353
2022-12-21,911.7813720703125,915.7802181100378,906.6272604510765,910.4039483774839,2037666,8767,49.331150693199206
2022-12-22,902.7172241210938,919.734556696155,899.8291687498256,915.2913945865116,1925482,6878,57.490209915191784
2022-12-23,884.8557739257812,902.4062650480853,882.412034655587,893.120044973783,1504806,4314,59.015107363550676
2022-12-26,889.52099609375,894.4084740942651,882.4119371839098,888.9433633621994,966423,4511,49.074741538451924
2022-12-27,897.118896484375,899.8292146619827,882.589777339647,897.2522130495939,1615647,5565,70.68596375079903
2022-12-28,903.0726928710938,905.8719066769654,890.5874182723214,893.342157067133,1077963,10981,62.76908129090815
2022-12-29,900.3624267578125,902.5840079261659,894.8528946127319,897.518792014756,1977329,5321,59.27782267658921
2022-12-30,903.2060546875,913.2031698696765,901.9619475474784,908.8488491174222,1317151,3275,52.126782178720745
2023-01-02,897.074462890625,908.0490520094633,893.2533541835287,904.5389972041597,1348611,9389,52.795318695599065
2023-01-03,909.7819213867188,910.6706081037696,895.7859598388676,900.1847014586139,1439615,15267,68.3190106954498
2023-01-04,906.6717529296875,914.7138664202428,899.3849553890191,909.7819667621097,1702044,9497,52.25294919618606
2023-01-05,898.9849853515625,910.8037311361771,892.631242023318,907.2936765612819,1376035,10491,57.96526750384427
2023-01-06,876.3248901367188,898.985017039584,875.3029411498933,897.0744356251953,2346808,14196,52.49519088791122
2023-01-09,902.1841430664062,907.2937799269154,884.5448096865608,886.8108117075698,2190779,7055,76.25630984137534
2023-01-10,890.9873657226562,901.1177433150193,887.7882562952088,900.1846900711969,1411099,6429,77.13724047302415
2023-01-11,894.2752685546875,903.6948053222011,891.5205295802933,896.1414292928639,1294200,10685,56.16043335259724
2023-01-12,890.0098876953125,900.6290571346475,886.2331994932184,897.5188433211583,1948321,8136,68.2086492720407
2023-01-13,891.431640625,896.6301186265675,876.458151690973,892.5868519322573,2837817,6355,50.04453618130259
2023-01-16,919.2457885742188,920.4010541420124,891.5204997035713,895.919241150221,4286551,12239,77.27680047118382
2023-01-17,929.5540771484375,933.0641321601141,916.0912729749978,918.8460120510076,2466876,4064,52.77938901401643
2023-01-18,931.5978393554688,934.3970533645285,927.2879935196248,929.5540497354457,1138627,12119,62.794008711084714
2023-01-19,935.9966430664062,936.6186424177918,924.266629138595,927.6434759834904,1768051,7833,48.11978022922885
2023-01-20,929.953857421875,939.7288143560753,925.8216948409258,935.285652113257,1160517,15632,71.5282604177667
2023-01-23,946.6602783203125,950.4813331168325,930.620417751335,936.1743710680653,1344952,16716,67.74954196919697
2023-01-24,951.3698120117188,957.3237140911542,946.6601254450845,950.8366542745418,1578750,17497,75.48093509485514
2023-01-25,934.0859985351562,948.7928001355009,932.1754171195263,946.3935359697764,1049973,10654,45.184941510482936
2023-01-27,915.3803100585938,939.8621786501095,907.7380923079585,933.9527508719182,1651820,13226,56.07615654656807
2023-01-30,920.7120971679688,931.2423704332949,904.9833455540025,915.3803022512825,2654212,15105,66.69734921206678
2023-01-31,901.9619750976562,914.2695133582932,885.1223786066429,910.8482999754657,5797831,10362,54.747661329387334
2023-02-01,909.737548828125,919.2903484861492,891.5650028171557,904.6723325804913,1939670,9192,75.84897369690631
2023-02-02,903.42822265625,927.9544571422327,898.4962690556604,912.8921801603944,3860090,15562,71.85878147445081
2023-02-03,898.6739501953125,912.5366484081991,891.2983120004003,910.3594339066647,2980262,6693,54.1082260972977
2023-02-06,893.3865966796875,903.2060284750177,885.9665375438314,893.9642294574668,2003960,13139,48.28898947570933
2023-02-07,890.8096313476562,896.1414261733339,885.9665735334347,893.0756333010049,1697633,5405,57.343206500847536
2023-02-08,898.4518432617188,907.427063704618,892.4979948961958,895.2972088572303,2611176,7771,64.28904251739915
2023-02-09,902.8505859375,904.36127197807,890.942889191621,898.4518443808898,1782899,11508,71.04196207791043
2023-02-10,904.0502319335938,907.8269199740146,892.275851572282,898.896174396584,1116554,10733,52.70297982039699
2023-02-13,890.85400390625,904.4500691282778,889.0767390605517,901.961909191864,1682312,12186,48.04393000581806
2023-02-14,899.3405151367188,911.4703162778203,893.742141207147,894.0087201108745,2440189,7991,63.5037183774598
2023-02-15,952.080810546875,955.2798656110026,896.0080714739003,901.8730780752269,6712218,9161,51.6996708022352
2023-02-16,1004.376953125,1013.9742281841404,954.435846534616,955.2800040781907,14422445,12765,54.437354335298885
2023-02-17,1003.443603515625,1012.1522439123212,984.6934826764661,984.6934826764661,5333732,5618,71.08787013328444
2023-02-20,1016.7732543945312,1028.0144771183072,995.2683914691177,1003.7104001467575,4590531,4447,54.51727975920622
2023-02-21,1008.1090698242188,1023.6601381668106,1005.0878061838877,1018.372818320587,3494288,16840,65.81684408023408
2023-02-22,1000.3336791992188,1007.9315313557082,993.4912515368585,997.0457819538061,2674708,16632,65.32557909833943
2023-02-23,1003.08837890625,1021.4830277069751,998.8673746595271,1001.4887970646027,2576193,7314,66.64074700482703
2023-02-24,994.3797607421875,1013.9296756093262,991.713863260305,1010.3751456334828,1913493,17170,56.44808483808748
2023-02-27,989.8921508789062,993.7133140998203,974.6965565032945,985.4934633013197,2247105,15400,59.16469449878221
2023-02-28,977.7177734375,1009.0420647473586,974.6075601159538,993.4909981396273,3894204,12181,69.53131896343794
2023-03-01,1001.3998413085938,1003.2659475939345,974.8297117011037,977.7177669089693,2084324,3429,64.41251693837395
2023-03-02,986.2044677734375,998.823006854108,981.9389880549727,995.2684765806058,1838692,16129,45.08859274135791
2023-03-03,964.299560546875,994.9129061935638,961.9001877575765,993.4911159160043,2388401,12505,67.90369164526844
2023-03-06,968.6537475585938,973.9410667111624,964.1661107496452,970.3865372706107,2076844,12590,50.75221860017709
2023-03-08,958.21240234375,967.1875682823328,950.4812350392293,959.7230340997623,2230530,13289,68.42828068174109
2023-03-09,941.9503173828125,962.6998616413548,939.5954198942292,961.5002296303803,2550755,7493,60.009920870599714
2023-03-10,943.061279296875,944.5719112185624,925.110945451049,928.6210005797261,1400844,7886,78.46721455037238
2023-03-13,1007.531494140625,1034.9901494911658,999.7114853538241,999.7114853538241,13080169,6198,65.2823472420111
2023-03-14,991.0917358398438,1011.4858055507458,976.0738269373309,1002.377323664609,4325522,16164,63.660489829096456
2023-03-15,990.2919921875,1006.1095842043826,986.8707790599465,999.6226326129934,2583351,16565,65.44356392225798
2023-03-16,993.268798828125,997.5786439854409,978.4286821285261,982.8273688247874,2396839,10869,68.47129780814467
2023-03-17,1001.6220703125,1006.3762321422828,990.1142151995294,998.2452236709061,2507004,15084,50.27940986603899
2023-03-20,985.4934692382812,1010.1974967988065,973.9412464248478,1010.1974967988065,4007438,6581,57.338008204687384
2023-03-21,973.6301879882812,986.2487256789921,965.4547041743806,981.8944048784589,3354949,8976,55.143296470053265
2023-03-22,977.1401977539062,983.0941001167615,971.7640366409747,974.8297751324029,1750203,4797,63.52660527324267
2023-03-23,977.0068359375,988.1592158010476,966.0322476369945,966.0322476369945,1720354,11786,64.95826638195692
2023-03-24,979.228515625,993.4911102854559,974.5188285775486,981.9388880728343,1943460,11973,75.09621849973239
2023-03-27,980.1615600585938,989.625517034432,968.6981801361264,968.6981801361264,1455300,3218,54.84764372467906
2023-03-28,951.1033935546875,981.5834227518752,947.4599135800443,976.6071025233186,2431154,11859,77.24417575385667
2023-03-29,960.7005004882812,966.2989281998349,946.4823815770478,955.9018636606122,1642278,11941,73.3352913054775
2023-03-31,979.1395874023438,982.8274335542975,969.8977887551692,973.0524771627086,2281085,13809,76.1362404305194
2023-04-03,980.33935546875,981.9389373995702,964.2551285060227,981.5834626954269,1508662,11554,58.81561315234927
2023-04-05,980.6058349609375,990.8251073687769,976.251514587688,979.2728863860019,1947605,4225,52.40543271913306
2023-04-06,971.05322265625,981.8944964166692,962.3890552612388,981.0503388812629,1355815,5979,71.07180716492019
2023-04-10,983.938232421875,987.9370782524448,969.3646392553379,974.252117492701,940829,5172,52.12553901961671
2023-04-11,975.9405517578125,992.6024095729356,970.7420738146214,984.6047178216764,1384483,11959,52.160688099773374
2023-04-12,986.2930908203125,989.4921456625776,969.3202342198346,980.1615057618528,1376719,16521,46.42388242812791
2023-04-13,965.8101806640625,977.7178774860378,956.1685400363341,977.7178774860378,2725180,4306,58.20691227666025
2023-04-17,915.2468872070312,922.4004213408238,890.4096552827606,919.7345241693185,4349422,6058,50.22569690260462
2023-04-18,911.0259399414062,922.1783205251977,898.4074026027221,919.5568982006388,2735592,6875,46.82379630266149
2023-04-19,900.9844360351562,914.4027639371631,897.5187478877888,911.0259173370331,1953837,7531,45.76430976510488
2023-04-20,908.0045776367188,909.781842440955,897.5631469118309,902.0507296949638,1250758,10424,60.32466273265569
2023-04-21,887.5216674804688,906.0496325357461,883.1673467408805,901.3398913556292,4269272,11751,45.215888547830296
2023-04-24,894.0531005859375,895.2527869553666,880.6347720709039,890.4097291776445,1625433,9422,76.28797316575967
2023-04-25,885.966552734375,894.0530863350169,883.6561300592831,893.9642447851367,1984203,13831,77.65295304043454
2023-04-26,885.344482421875,890.8540143557286,882.1454273572216,885.9665359727296,1589700,4874,56.33095618033242
2023-04-27,891.431640625,896.3191189723202,882.4119997979996,887.7437943587125,3543950,17216,50.18111208411342
2023-04-28,909.6929931640625,912.3588361099413,871.7927998407256,872.5925906909612,5146250,3679,47.27362089643721
2023-05-02,936.1298217773438,947.1045194409746,906.760584054063,906.760584054063,4762884,11168,59.405009622463126
2023-05-03,923.8222045898438,933.7304773652679,922.622572566728,924.0888376952619,2217136,6174,59.30117739350251
2023-05-04,929.020751953125,930.442650654389,914.2694749704589,917.9573213350357,1744298,8577,52.95518471687174
2023-05-05,920.9786987304688,933.6860777608744,916.6688530156961,929.5095486095775,1222282,15536,73.62139865722679
2023-05-08,927.1546020507812,930.3981320381139,920.0011762451343,925.0218625744778,1487285,3482,49.290855148911454
2023-05-09,931.109130859375,934.3525525435136,924.0444377482413,931.6422886378881,1747630,7681,58.442241927108824
2023-05-10,929.6427612304688,933.9526064633612,922.5337023801292,931.2867093944839,1186977,8843,52.54485921431876
2023-05-11,927.77685546875,940.8841855565406,926.7992728850704,937.5073384826452,1451786,11633,49.78715218628569
2023-05-12,929.8206176757812,936.1743619030486,918.8905027408507,927.7768279606233,1140016,17623,64.77108112709693
2023-05-15,945.90478515625,950.7478971819132,925.955029682428,929.5095595468518,2122222,16881,70.89004064192211
2023-05-16,939.462158203125,952.436278414645,935.729945400898,950.7478551086326,1343911,5331,74.82440370770479
2023-05-17,936.7518920898438,947.6376392912242,923.2890891619884,940.1731052294358,2803566,9184,69.76170514269052
2023-05-18,931.9087524414062,941.9058669194325,928.6653309690431,941.0617095315419,909923,6616,49.87430737671657
2023-05-19,952.7471923828125,958.6121441769735,932.1753318578403,938.8845494668968,2624323,9331,58.40145585650442
2023-05-22,981.4500732421875,986.7818679814646,950.925570054954,952.6139934175202,2996190,10785,67.13690346224502
2023-05-23,969.0538330078125,994.5575447824503,965.4104611079581,981.0503728937414,1414119,11421,45.662377262156724
2023-05-24,976.384765625,980.4724526187259,964.1660711746302,964.3882292555461,1782245,10769,56.156057454166785
2023-05-25,975.8071899414062,977.4956131501556,961.1003892107534,974.8297160233825,1200289,10833,56.39917005239137
2023-05-26,990.6030883789062,995.6238837446713,976.6071263766926,976.6071263766926,2104054,13172,72.39809377885314
2023-05-29,989.9811401367188,1002.4219958922507,986.4709764631586,1002.4219958922507,1432241,10510,49.75138781763438
2023-05-30,976.0739135742188,995.9793023287896,973.0525415218535,990.82519068207,2822485,4137,64.5917016746076
2023-05-31,991.3139038085938,1001.8885424451265,973.9410972332043,976.0738366594986,7599886,8923,51.427480093679094
2023-06-01,995.9793090820312,1010.1084784796927,993.1356201117298,997.0456246486176,1412280,16308,65.3705316352129
2023-06-02,998.023193359375,1012.330155692717,993.1357143434371,1002.377514541432,1907589,10354,55.97411302752981
2023-06-05,985.804443359375,1008.1980474715568,984.1604949275375,998.9117727500578,1754521,17929,60.12952229103455
2023-06-06,965.2769775390625,979.2729383181099,952.214124202207,977.4956734572785,3284841,5142,56.782823761776214
2023-06-07,973.674560546875,976.6070911078842,963.4552870730437,973.0525612039429,2086377,4276,48.39156474358795
2023-06-08,951.9920654296875,978.8287242382428,949.9481672362066,978.3844079766731,4054486,8571,61.85905961763909
2023-06-09,944.6608276367188,958.8344726983021,942.039296662118,958.8344726983021,2782697,17142,74.42977608071266
2023-06-12,955.0576782226562,958.8343659476586,943.8609316036587,947.2821446711808,1767945,16298,47.60620268175877
2023-06-13,959.1898193359375,966.7431946184527,955.6352897912244,959.3231358889908,1846534,4772,63.51571655722094
2023-06-14,957.5901489257812,964.1215746639006,951.7696724209852,959.7228881501284,1321534,16429,77.74504125290063
2023-06-15,961.0560913085938,962.8333563872966,950.2591842603432,958.7900349429868,1389325,10313,74.16278594580955
2023-06-16,957.2347412109375,965.8989067789487,952.1251051067258,962.8331685066738,4392418,7796,52.22861616368323
2023-06-19,971.8084716796875,973.7635282477238,954.4357715442653,958.8344589899664,2188899,16051,64.73906592750696
2023-06-20,984.0271606445312,987.2262158956457,967.0098268603567,971.8084639748511,3318866,9565,51.135853025242916
2023-06-21,995.1793823242188,995.934698120418,981.1389479187523,984.0270030326415,1985965,12123,54.683142065476254
2023-06-22,994.4241333007812,1000.8222432078383,986.7374413248572,992.5135519404851,2360795,4406,71.89869378244327
2023-06-23,991.26953125,993.4911124495742,972.2084079479113,989.9365825302555,3492348,11627,54.24827386510847
2023-06-26,988.0704956054688,1000.6001921243296,984.8714403097921,988.3370202693146,1432154,3284,59.05986138656514
2023-06-27,995.0017700195312,996.1570356634588,983.4495474828453,985.4934456295948,1227245,16787,56.6583882895186
2023-06-28,984.693603515625,1001.4443036282963,981.6722314678963,995.2683514448549,1876800,11146,57.87825776055767
2023-06-30,1004.9099731445312,1006.376238365755,986.9151662333554,990.5141710058465,2478834,3095,51.978563326561954
2023-07-03,996.5568237304688,1010.2862602519544,990.9140293337368,1009.4864693469561,1899656,17118,77.99212476035297
2023-07-04,1020.1500854492188,1027.2591452781332,995.3572176007509,998.4230647373569,2773593,17021,52.826666927761316
2023-07-05,1044.1431884765625,1052.9850384695733,1018.8171622028757,1022.6383253467083,3732838,3372,75.70611959548015
2023-07-06,1047.919921875,1052.1409264362942,1032.5910105734577,1044.1432335833156,2520085,16441,62.982953255647246
2023-07-07,1027.2591552734375,1052.407498053175,1023.0381509589489,1039.7000100950881,2261102,15801,54.5578488481202
2023-07-10,1019.3947143554688,1030.7691443806225,1009.1309663928148,1030.7691443806225,2088505,13457,52.38502741989434
2023-07-11,1032.1019287109375,1036.3229320838598,1017.5728124803186,1026.0592942308635,1212566,8542,75.83152514875026
2023-07-12,1030.2803955078125,1038.811244598094,1024.9929678002277,1036.145347477654,1274203,7136,54.25450385275022
2023-07-13,1044.3653564453125,1059.1611094187356,1025.0375993700643,1030.280552869514,3215610,10478,61.17092411015236
2023-07-14,1091.8182373046875,1094.7951341968649,1051.2521459049442,1052.0963033081043,6033106,15178,52.717605230338236
2023-07-17,1104.0369873046875,1129.2296957890753,1084.7092313468575,1098.2608763287842,4880073,8809,65.6142562891266
2023-07-18,1108.613525390625,1118.2551663781167,1088.5748190056097,1104.5702041012023,2666872,3468,58.59401250305598
2023-07-19,1106.080810546875,1121.1875627899306,1093.9954304475596,1115.233768531455,2293881,3214,60.43656791591869
2023-07-20,1113.4119873046875,1115.6780434474658,1097.9942359581482,1106.347402701788,2000345,11725,51.099072479586944
2023-07-21,1089.8388671875,1110.6762799701676,1076.9807785473297,1093.8513495914665,5032086,5356,77.19142383053453
2023-07-24,1059.5174560546875,1097.9093826976102,1053.4987879910168,1091.115602537331,2669308,9153,69.14587094585853
2023-07-25,1054.638671875,1062.1163939790606,1044.1515601356464,1061.4780925745783,2557865,5412,63.50685078707946
2023-07-26,1042.5101318359375,1064.2139396571993,1039.090421232926,1056.0066342099717,3170213,11075,49.240928905855164
2023-07-27,1003.0237426757812,1025.9129788740343,986.9739263366884,1013.1460618036018,17594818,8009,78.85790277138587
2023-07-28,994.9533081054688,1003.1149717572911,989.4817718958835,1003.1149717572911,4244321,12703,63.86159664680858
2023-07-31,1017.2498168945312,1020.4415464858632,991.3968294684807,998.5554007167294,4766331,17710,46.07126583441636
2023-08-01,1042.7835693359375,1052.8147186692959,1021.2622166662875,1021.3533866692173,3805214,12876,78.01146122695434
2023-08-02,1044.744384765625,1051.0822037386795,1026.4602879812048,1042.3277670664288,2357217,7150,71.43716476240485
2023-08-03,1042.1453857421875,1045.92977618149,1022.5390461936083,1039.5919574595448,2348236,11538,66.84775786754747
2023-08-04,1071.6915283203125,1077.755836628501,1042.1453214594478,1052.3131706594756,3580506,16007,78.01725403826701
2023-08-07,1079.3974609375,1087.7871062979068,1068.864707909464,1076.0689204030214,1694290,8027,65.18946843840641
2023-08-08,1099.2315673828125,1102.4232966078969,1071.6002669924662,1081.5402459857512,5137402,5713,70.32958088405132
2023-08-09,1119.8411865234375,1127.59253024123,1094.4896884248244,1100.645167259542,3396984,9468,60.170010463940876
2023-08-10,1126.9542236328125,1130.0546720507111,1108.5333165616707,1112.5457990844036,3715680,15545,56.24673281194972
2023-08-11,1112.9560546875,1140.2225666612044,1108.2597416686642,1126.9541576905472,2933959,15423,66.99629295294815
2023-08-14,1112.3177490234375,1113.6399924533976,1097.0430433082151,1105.3415178808064,1842625,6183,69.29468724942043
2023-08-16,1119.7042236328125,1129.8721836265217,1112.5456529655823,1113.4575756319475,2341456,4756,63.15889490013615
2023-08-17,1123.2607421875,1125.2213981802429,1107.575716882926,1117.105264201086,2636308,8729,74.50995668006424
2023-08-18,1104.1561279296875,1117.971668758727,1099.0037420458436,1117.971668758727,1794430,9869,51.45817734918142
2023-08-21,1111.4970703125,1116.1934949446754,1098.2741898576814,1098.8669619349134,1175945,5326,67.25480633301032
2023-08-22,1106.344482421875,1115.2813686606094,1102.7424325861339,1111.4968675089408,1003208,12420,71.10629580294218
2023-08-23,1095.21923828125,1111.4970373358458,1093.577732780494,1106.344651461541,1569035,4334,54.794244913860126
2023-08-24,1093.486572265625,1109.3540507422,1091.2979353518392,1099.961201674939,1218843,7684,64.86188525089477
2023-08-25,1084.7320556640625,1091.7538159525711,1074.6552652642977,1085.18801701575,1213340,4445,72.60114493827182
2023-08-28,1080.400390625,1090.9331420625556,1078.1662245957905,1084.7776639982224,950013,14839,78.73676987595692
2023-08-29,1092.4832763671875,1101.5113323838737,1083.5920310044328,1087.376532063597,1419344,7314,77.79271477822712
2023-08-30,1091.7537841796875,1114.0047197582048,1089.337278141023,1101.5569529556665,2016339,11635,61.989464608377546
2023-08-31,1096.08544921875,1107.5301236780158,1092.483399066499,1093.3953217702274,2817747,16827,61.14262599097907
2023-09-01,1119.8868408203125,1121.5738757392128,1098.0006935860567,1098.866975719932,1686038,13660,62.89022697382832
2023-09-04,1146.058837890625,1154.4941227527602,1117.6068945587904,1126.22451943101,3466873,8480,69.84234418521137
2023-09-05,1144.052734375,1155.0413367581184,1138.6723678682254,1147.882765410361,2199985,14794,47.555291474063715
2023-09-06,1138.94580078125,1148.6577997074144,1126.999635788857,1144.0526569075232,1753376,7171,46.843027807219364
2023-09-07,1157.4578857421875,1162.5646305930106,1129.5530734156468,1138.9458104244293,2554884,13096,78.98585437333679
2023-09-08,1151.712890625,1165.4373737082797,1148.1564806522154,1159.9658367425131,1731105,7222,72.47805211928795
2023-09-11,1157.0931396484375,1162.7014867305234,1152.2143752815814,1153.5822593836174,1293853,8579,61.551274331270015
2023-09-12,1154.4940185546875,1170.7262854599417,1141.3167814327783,1159.7832141940205,2335224,15404,70.65289679928831
2023-09-13,1149.3873291015625,1157.0018609572292,1143.4598318828653,1149.296159100396,1204376,4409,61.65002468302872
2023-09-14,1167.124267578125,1175.787533393258,1150.8464693365875,1150.8464693365875,3288631,15942,72.56582430029732
2023-09-15,1185.5452880859375,1188.873717271804,1161.789654469808,1165.6196857262937,4316210,3056,73.58191929853172
2023-09-18,1176.1981201171875,1187.323534205145,1169.9970002958535,1186.411611367814,1967717,13551,76.8357324614683
2023-09-20,1162.1087646484375,1175.6052662295522,1157.2756407380166,1169.0849961324684,2843560,8343,76.02002706209359
2023-09-21,1177.8851318359375,1181.8519738362304,1154.403119238497,1163.5678767814215,2960250,12360,54.46949554473524
2023-09-22,1190.3782958984375,1203.7379859609086,1170.9087681619746,1176.4259451251053,3252940,14355,49.07458578370088
2023-09-25,1184.998046875,1198.6313596291031,1181.8975983865637,1190.3784136993427,2100302,5247,51.47901175554394
2023-09-26,1169.3583984375,1188.2807924510953,1166.4858199741104,1185.4993839842766,1141475,11989,47.77077749969722
2023-09-27,1175.1492919921875,1179.9368865027795,1152.670373597764,1158.0962695156227,1568115,17135,51.56603597656902
2023-09-28,1121.208984375,1161.8351860833682,1114.3695639741763,1161.8351860833682,6570797,7370,48.46112797621762
2023-09-29,1115.0992431640625,1123.1697376716127,1103.4265868091793,1116.1935059954012,2861162,16074,67.05889613411863
2023-10-03,1109.080322265625,1122.3032011658881,1105.7518935284393,1113.09280433358,1622290,3250,57.25619675506688
2023-10-04,1098.8668212890625,1108.4420093583863,1081.5859311580905,1103.426434655407,2340603,6906,51.433939952929
2023-10-05,1099.4139404296875,1116.1476990347498,1093.8512344482106,1107.0741130638828,2497613,12463,60.756965919372455
2023-10-06,1109.7188720703125,1115.281578858935,1098.866968540488,1100.6908141314266,1446719,7297,45.61015197686812
2023-10-09,1105.843017578125,1119.6130272520847,1096.2678298068793,1097.2709224525115,1451064,15211,47.344931960661235
2023-10-10,1119.6131591796875,1122.9872288358501,1106.1622985827416,1108.168484110401,1503359,9754,64.3929731789437
2023-10-11,1123.1240234375,1129.7811039617452,1114.3695874041196,1121.756139328575,1622663,9721,45.55191116080978
2023-10-12,1093.16748046875,1123.4889142335767,1084.5498543472806,1123.4889142335767,2452842,16580,53.08828381678245
2023-10-13,1088.9268798828125,1096.9973735591107,1076.068792004798,1082.4522509404198,3266079,8354,59.64687318691294
2023-10-16,1080.2635498046875,1092.7113162510461,1076.7983105230794,1090.0211889588318,2638043,9633,60.154427003100125
2023-10-17,1092.11865234375,1097.0430574088252,1083.774536999969,1085.1880617759784,1163897,8865,76.77801208230271
2023-10-18,1082.5435791015625,1096.1312516562168,1074.2907442060232,1094.3074059795842,2337078,11100,49.303362090894595
2023-10-19,1068.91015625,1081.0386607013934,1064.9433149870206,1067.4511022740248,3107691,6447,61.94289060024611
2023-10-20,1067.5880126953125,1072.4212482224364,1047.2522003748345,1066.9497112417098,2962470,10558,54.91160513504852
2023-10-23,1054.136962890625,1067.815802902106,1050.124592208872,1061.5691548939333,1203959,16517,78.02775461088581
2023-10-25,1041.5526123046875,1063.2107780565348,1036.4002263989296,1059.6542569956498,1555285,15838,59.472960786638616
2023-10-26,1017.2040405273438,1021.353332970006,1001.4278460146395,1003.1605212539495,7099401,6825,65.81157069371189
2023-10-27,1021.8550415039062,1026.7793351036078,1015.9275438640448,1021.3077988206588,1382498,17492,50.2172594620353
2023-10-30,1027.645751953125,1038.588824769056,1017.249810514252,1021.8550648517669,2255915,7338,48.64850225621166
2023-10-31,1033.34521484375,1036.992905591065,1017.2953978193012,1027.6456980510702,1194765,13776,75.78525932343788
2023-11-01,1026.004150390625,1037.7679748294938,1021.3077264833279,1031.3388756249135,1288497,7657,47.84690707168969
2023-11-02,1028.216552734375,1041.5819852889679,1026.6496159941132,1036.9732154425565,2493118,15048,59.65771436027867
2023-11-03,1044.4393310546875,1047.1124398926781,1028.6773617255535,1036.0513929924034,1108121,8505,72.89671769047072
2023-11-06,1052.78125,1055.2239203633776,1045.5915245000183,1048.4950718180412,572330,7989,53.18366757516672
2023-11-07,1059.09521484375,1060.2935399028713,1047.6194239724086,1052.6429376427873,902481,16055,56.49038556550157
2023-11-08,1050.0159912109375,1062.643974796047,1048.0803304997671,1061.6300679967471,806162,4814,52.19817622383267
2023-11-09,1036.00537109375,1051.7213219196128,1029.7835315468988,1050.799567912672,6042108,13052,48.950962165167255
2023-11-10,1049.09423828125,1050.5690220378658,1033.7470131304815,1034.2078900868482,706806,10977,61.61865933603159
2023-11-13,1042.8262939453125,1052.78128147075,1039.7384407606414,1051.3525178611244,435537,14019,45.94061953274572
2023-11-15,1081.90869140625,1086.609614015311,1054.0256346096246,1055.4082655251598,2816201,3340,66.95573058824283
2023-11-16,1112.7413330078125,1119.8849261817843,1076.055592993401,1083.0609005699243,2294942,6935,67.63235730103608
2023-11-17,1108.6396484375,1118.9632484621973,1104.2613168390146,1117.3501789259133,1176628,4513,66.85269363288903
2023-11-20,1116.9813232421875,1126.844044101248,1108.63940616996,1110.6211993852228,1077366,9459,50.543434736024274
2023-11-21,1110.2525634765625,1125.599788289896,1106.4733950212046,1124.4936161076641,1129326,13945,50.7261697208521
2023-11-22,1120.2996826171875,1122.6962201893687,1109.7916659343184,1110.7134198096792,750622,13499,52.64090999748302
2023-11-23,1116.15185546875,1125.3693947615486,1112.5108599368205,1119.9310240750394,651637,15008,66.8085121762719
2023-11-24,1104.1229248046875,1119.8848945361628,1101.5881014920037,1117.2118981487288,884921,17657,65.50131512603765
2023-11-28,1108.31689453125,1114.4004476723546,1093.2001083038979,1101.588046158965,910795,6110,75.96869533609524
2023-11-29,1126.1065673828125,1137.997213853036,1112.2342402665297,1112.5568315913224,1898448,15102,66.05269402422493
2023-11-30,1125.41552734375,1132.1905094156173,1114.124040582373,1126.3834140736742,2978406,6634,48.627647712689225
2023-12-01,1125.0467529296875,1130.8077147292972,1116.7509679382497,1130.8077147292972,1017856,15487,72.6859419917615
2023-12-04,1128.134521484375,1151.4548255918767,1122.6961514489703,1141.1312278274427,1581599,6197,67.99896741185626
2023-12-05,1125.0927734375,1130.3007054096072,1114.2621652511082,1128.2267591611492,1499843,8332,55.24374279899167
2023-12-06,1129.3328857421875,1149.4271667032983,1123.2954649279561,1127.3050720754882,2637916,5049,64.73918294131214
2023-12-07,1127.535400390625,1134.6789927495274,1124.6318532506698,1130.0702234857195,1076885,8847,51.71847688435456
2023-12-08,1129.4251708984375,1141.0852684640115,1122.0050065214416,1133.7573694979446,2642571,9625,48.59877480268945
2023-12-11,1136.799072265625,1143.4356550017746,1129.4250414393339,1134.678993395554,1558876,11389,73.17219186691092
2023-12-12,1130.2086181640625,1147.5836574620387,1123.2954636010381,1141.085247165279,1114846,8742,54.906305243664114
2023-12-13,1120.9449462890625,1137.398231648927,1103.385601206387,1130.0703328180236,3025706,11309,75.06175180462014
2023-12-14,1165.7420654296875,1170.4431001456144,1133.8955369770085,1138.3660207084229,5287733,8684,73.7301703338666
2023-12-15,1203.9027099609375,1221.1395748821224,1163.7142636372992,1170.6274176787088,5900381,7502,51.20956465580837
2023-12-18,1190.6756591796875,1228.7441421389142,1185.7903182606922,1202.8888989583838,2671348,7535,51.653683914935904
2023-12-19,1181.1815185546875,1199.1557200369639,1169.8900330081294,1198.28009881842,1717860,12715,75.34319781249944
2023-12-20,1150.90185546875,1211.1845808552566,1141.3155927512228,1189.9842419209563,2860865,9440,53.60310549765879
2023-12-21,1152.2845458984375,1160.0734339864632,1130.070299064948,1135.6008225513995,3337533,4352,69.04448356322524
2023-12-22,1175.37451171875,1180.6745966601186,1145.2792242870473,1161.4099175868648,2297352,17651,74.14970938499818
2023-12-26,1181.6884765625,1187.9103152651496,1161.916900803816,1175.236199389382,1720830,17790,76.18060028292858
2023-12-27,1179.9832763671875,1190.4451606175996,1168.09262856574,1187.1268690847921,1584695,14003,48.75720499064836
2023-12-28,1185.3294677734375,1188.1408623777374,1171.1345467096392,1184.4538465131052,2284964,5343,75.69542835278325
2023-12-29,1173.0701904296875,1190.8599742058593,1168.8761649373057,1185.3294504895543,1187193,14956,53.54457275674261
2024-01-01,1195.6531982421875,1201.7828847159276,1166.2492237621295,1173.3928171106033,1776828,5539,56.22037304566467
2024-01-02,1178.0936279296875,1197.4504596792394,1173.2544199922995,1196.4365529008771,1615064,15545,45.29620775267839
2024-01-03,1146.8460693359375,1174.3143784548736,1142.9747482606303,1166.0185939916914,2231707,9427,59.751051918184466
2024-01-04,1149.887939453125,1156.524522232436,1135.3241834689716,1152.2844769834994,3355191,10522,55.35218718953771
2024-01-05,1150.62548828125,1172.3327260564417,1148.0906649463122,1156.7090417813422,1756868,17718,48.24326534085209
2024-01-08,1132.789306640625,1156.1097231821261,1125.8301328443165,1152.376575221546,1320667,11365,52.827784161193144
2024-01-09,1138.9652099609375,1153.2984153545824,1136.1538156055142,1143.4818264990408,994439,13458,68.38120919055557
2024-01-10,1143.804443359375,1148.9201100214839,1132.1903666586995,1139.7487036731172,808638,8806,65.54691528606355
2024-01-11,1151.6392822265625,1163.0690524656818,1143.804374504741,1143.804374504741,930492,12743,59.56793058417567
2024-01-12,1205.7003173828125,1209.1107620414302,1167.8622721604665,1172.2867361943224,5023455,8046,58.43519278604618
2024-01-15,1232.9840087890625,1291.8379671654457,1229.4812992969082,1230.541338684174,6012767,10261,49.77661619703233
2024-01-16,1217.0838623046875,1227.9604907262024,1207.9584762641011,1226.0248300554806,1883106,8984,53.749034494634046
2024-01-17,1222.93701171875,1230.080604589163,1203.1193024653464,1203.8106179044187,2313059,13525,62.69659472229688
2024-01-18,1249.11474609375,1262.3418912714435,1203.8105220887223,1222.8907816809322,4533782,6713,49.160276522978386
2024-01-19,1281.1458740234375,1288.473773126705,1248.976637750316,1266.3978104042455,4463826,13515,46.973309923364006
2024-01-23,1259.7149658203125,1305.4800685828532,1250.5895798812694,1287.229296704767,2683661,15490,64.00051517902179
2024-01-24,1297.783203125,1300.1337202961074,1258.7009324590153,1265.5218204873795,2008135,14350,55.339864928181335
2024-01-25,1218.604736328125,1250.2208262332147,1209.3871977227727,1242.5242040015016,8424862,11417,53.32140162660028
2024-01-29,1211.507080078125,1233.3065798718417,1208.419227363217,1233.3065798718417,2495791,9144,72.18281203720032
2024-01-30,1214.7332763671875,1236.0257675819269,1212.106300425155,1220.3559522912594,2293154,15926,64.55462149262755
2024-01-31,1229.297119140625,1231.4632183157914,1209.617695752884,1214.9638008959764,1798462,15059,71.71999975797071
2024-02-01,1209.8018798828125,1231.785685824928,1207.2670568963913,1225.9325716145834,2286420,5499,61.12592419952125
2024-02-02,1233.398681640625,1248.0545889032874,1219.5263550876366,1219.9410992714188,1838847,5060,58.92570412054576
2024-02-05,1228.467529296875,1247.2251989493293,1224.0891982039018,1240.496462886138,953919,7055,59.83411940645763
2024-02-06,1245.3358154296875,1255.7977010672184,1224.1814931305094,1225.9328482746619,2713529,10583,58.72546328911572
2024-02-07,1214.8717041015625,1252.3870447973334,1211.2308210125689,1245.7504613757676,2004588,8488,58.73197451367339
2024-02-08,1206.80615234375,1225.6099522069185,1200.1234373508212,1222.245528361896,2308756,3538,46.16118584728459
2024-02-09,1208.4654541015625,1218.051604317327,1203.7644193579756,1213.9498446107036,1085349,10808,66.97245099254937
2024-02-12,1215.6090087890625,1226.8543606257538,1208.5114367121914,1215.240284749431,1149683,16517,65.01964235016231
2024-02-13,1224.50390625,1230.3571334478238,1198.2800531708142,1218.512505984146,1127361,5779,68.04356419827828
2024-02-14,1191.7357177734375,1216.6690948882303,1182.28773968038,1207.4976879907797,3426103,15552,76.9933992601627
2024-02-15,1198.6025390625,1205.6539781817676,1190.4911730814106,1202.6121456146248,1703763,7159,45.894972939839455
2024-02-16,1200.6304931640625,1206.760066102663,1196.436468240915,1202.9808979132076,1994659,6441,76.04147154288601
2024-02-19,1207.4976806640625,1214.8717123017057,1186.7120839779386,1200.9992702758723,1496111,12968,47.33713844470756
2024-02-20,1217.22216796875,1220.07958257921,1200.1235879713208,1207.4976192338174,2113200,12395,55.396200673450856
2024-02-21,1195.1461181640625,1221.3239521709563,1191.0903783851709,1216.7151825401227,1769508,4557,60.4419285109773
2024-02-22,1224.181396484375,1226.393628464507,1197.6809704653185,1204.7324106750173,2201424,17759,66.4615944188988
2024-02-23,1218.7891845703125,1237.5008351341,1213.30479346651,1234.1364106460856,1660506,12402,70.91085580430415
2024-02-26,1196.6669921875,1221.2317559520288,1193.6712920337472,1218.7890856305964,1196507,3677,62.64282921229887
2024-02-27,1194.6392822265625,1202.9350679871206,1183.2555306400934,1193.671395546979,1488661,13567,76.67279452555184
2024-02-28,1185.2371826171875,1203.8566781670638,1171.5491602509776,1200.1235300131966,1289779,10510,46.551408269214846
2024-02-29,1174.17626953125,1184.638154563384,1165.327453942976,1179.8450789377175,2251498,5369,50.90773006853149
2024-03-01,1172.28662109375,1186.297234960675,1168.783911367627,1186.297234960675,1560034,12683,53.801163454457054
2024-03-04,1179.89111328125,1184.914626980108,1170.7195945537576,1175.789240954684,1843831,10932,56.72685396386193
2024-03-05,1172.931884765625,1179.7528864027943,1160.580359506771,1175.1441167180571,1420379,3735,61.42354785260416
2024-03-06,1171.549072265625,1174.6369249720117,1152.2843954657635,1168.3229339863726,2064350,6404,64.01328644012793
2024-03-07,1187.357421875,1191.9200591070398,1166.5258042547134,1175.2363344318067,2073691,16872,46.39521825429956
2024-03-11,1188.140625,1194.8694726161202,1175.696948942979,1187.357156789053,1577732,8017,60.1382836844994
2024-03-12,1191.1824951171875,1205.331393614116,1177.7247994598226,1193.6711853996997,1963068,6302,70.95923111752003
2024-03-13,1177.26416015625,1197.7271664043249,1167.2171316023214,1191.1827355282985,2001399,6977,45.796512046133785
2024-03-14,1192.150390625,1195.9295591320501,1159.6125452871247,1172.470967255406,2129097,11437,48.60165284290754
2024-03-15,1181.872802734375,1191.827789837984,1169.244819342214,1191.827789837984,2499025,17736,60.79375231986272
2024-03-18,1173.0701904296875,1186.7120814186305,1168.8301447509455,1181.6885673838374,630807,12158,66.94956122589524
2024-03-19,1154.2662353515625,1173.0700360155672,1151.1783825201792,1170.627365858642,1243420,4746,71.67896569597242
2024-03-20,1165.3734130859375,1172.4708725743558,1149.4270268083505,1154.0357959615515,1139621,11947,65.50055357667802
2024-03-21,1182.3798828125,1186.7120813826236,1171.2266824887151,1175.236289679156,1420041,5855,48.486580437611934
2024-03-22,1163.8526611328125,1179.7529169569532,1139.3800484655305,1160.0273596916518,2990908,7204,67.66037675322126
2024-03-26,1156.201904296875,1172.1021580038234,1153.1140514430494,1163.4837821214942,2144358,8504,59.54781558868941
2024-03-27,1155.695068359375,1164.3134446978097,1149.0123526796008,1159.5663896766957,2128854,10827,71.91434520412922
2024-03-28,1150.44091796875,1165.9724473013553,1144.8182421815973,1161.4098109088668,2436133,17123,52.19898723155749
2024-04-01,1147.1689453125,1162.470038669946,1144.818427687749,1154.1281202561688,1397037,12056,53.135308425177314
2024-04-02,1140.0252685546875,1153.9897501249911,1138.4582194133782,1146.661851627331,1320357,10203,55.29971282319763
2024-04-03,1156.9395751953125,1164.1753217140824,1142.974979355077,1142.974979355077,1819093,13078,69.56344461234008
2024-04-04,1179.1536865234375,1188.140787124261,1149.3349701106163,1161.4099237987346,2460669,14796,71.70293322383975
2024-04-05,1164.5438232421875,1176.111766415792,1161.5941434447375,1175.2361452758432,1184658,17089,49.66402435906476
2024-04-08,1166.1568603515625,1170.627343845959,1157.814943326882,1170.627343845959,686932,16671,53.229889994599205
2024-04-09,1153.4827880859375,1180.7666794875934,1145.5095947956336,1166.11077079816,1198161,13573,57.99267672468997
2024-04-10,1167.217041015625,1173.8074915687507,1154.035914871794,1161.8246905357369,1994380,5643,67.6516526107435
2024-04-12,1144.910400390625,1170.3969160857737,1141.1312322222389,1165.97245273039,2887322,5260,62.464044801768715
2024-04-15,1123.3875732421875,1143.57400629282,1116.24398046875,1138.3660742187499,2153147,6385,66.92456814463232
2024-04-16,1102.2333984375,1118.2258066763495,1097.8089345501844,1110.7134896162656,2085459,13275,70.18766152155918
2024-04-18,1087.3470458984375,1113.340461713818,1084.0287542545918,1105.6899716070056,3242357,6265,70.18301262596594
2024-04-19,1100.251708984375,1110.5753090056176,1071.9537930460388,1072.0460584631223,2572144,14773,66.28296916551005
2024-04-22,1113.5247802734375,1121.4978610378103,1101.5880004392575,1102.5097542865867,1364143,5588,60.53097079205646
2024-04-23,1106.3349609375,1122.6960903327433,1104.9984629803264,1122.6960903327433,1460983,5795,74.11769574691961
2024-04-24,1092.9237060546875,1113.4327331788625,1089.0523841443867,1113.4327331788625,1375843,13497,74.83965463093786
2024-04-25,1097.1636962890625,1100.1593964206807,1081.0330032726572,1092.2783556822944,3357065,16573,61.00833791997019
2024-04-26,1178.69287109375,1241.6025785832112,1143.89665925892,1152.1924448619257,20431926,9839,76.56769014103644
2024-04-29,1187.49560546875,1208.4193741866638,1184.4537725628247,1189.0625421058705,4120529,11259,56.07107562882376
2024-04-30,1164.6361083984375,1190.0764947524526,1161.4561022987325,1187.4956512201857,2613213,10879,47.02983774633528
2024-05-02,1167.7701416015625,1174.6371637558393,1155.418615746386,1164.359584358923,2124221,7442,71.45943837907443
2024-05-03,1152.607177734375,1172.4710202948431,1145.786288543291,1170.6275124012977,2322455,13682,55.7530641093922
2024-05-06,1163.48388671875,1166.6638927385106,1147.675784470705,1159.5664325547139,1363667,13076,78.03324837938214
2024-05-07,1191.3209228515625,1193.4871347858013,1158.5526353724053,1168.7840823593303,2350444,6196,49.062924247176525
2024-05-08,1186.2972412109375,1198.2800416272096,1180.1675554173185,1192.749518358161,1332284,14042,75.04203117635593
2024-05-09,1169.7978515625,1185.2833620844053,1162.7003915425857,1181.6884993719502,2420777,14600,59.755918820645775
2024-05-10,1165.465576171875,1173.5769424412777,1150.579229172912,1166.9403598100591,1322206,6199,63.309939518517886
2024-05-13,1163.299560546875,1167.2630348261969,1152.2385136894031,1165.4656597193725,593453,13651,63.325624789636336
2024-05-14,1175.697265625,1183.532174882399,1155.9717068731995,1165.050961567719,1386032,10078,54.87058570902374
2024-05-15,1174.7755126953125,1182.5642892509734,1166.0188493994274,1175.2363897108853,1008105,13219,52.533715720395
2024-05-16,1205.6080322265625,1209.8942105918895,1181.0433795080912,1186.2973320083033,4868225,3010,55.4277990711416
2024-05-17,1203.257568359375,1216.7151528492532,1196.2522611952124,1206.6680127954528,1925387,11789,60.36031566033664
2024-05-21,1220.31005859375,1223.167473292106,1202.0592856501494,1204.7323945687885,1453689,16687,50.71214955111279
2024-05-22,1226.3013916015625,1230.9101610284183,1208.4654764233874,1225.932667543657,1411627,17796,66.20912764358773
2024-05-23,1232.845947265625,1238.7912154243595,1221.416175418992,1231.463316296729,1440740,15242,76.63184057520594
2024-05-24,1218.328369140625,1239.7591499861098,1214.8717915849018,1232.8459948746631,1288301,13227,70.72298906432448
2024-05-27,1225.6561279296875,1237.7311941539958,1215.102090677948,1219.4804217461976,980450,7825,67.38660360913036
2024-05-28,1212.1986083984375,1226.2553562664768,1208.696010867186,1225.0110109261796,1608944,14770,59.81621392759976
2024-05-29,1185.790283203125,1211.1846486600969,1183.624183998853,1211.1846486600969,1405567,17211,62.58115311658699
2024-05-30,1143.75830078125,1186.9885810615854,1138.6886543468966,1179.891121061005,2610479,13441,74.06851647287776
2024-05-31,1132.32861328125,1157.0316645504302,1128.2729858503412,1148.4593076685296,4649449,14140,50.392171333103605
2024-06-03,1147.9061279296875,1163.069046185429,1139.7947616080455,1156.8010750343049,1091287,4461,78.47888204084308
2024-06-04,1142.3297119140625,1155.6028787403538,1100.2516217154086,1147.9062557840382,2471911,16458,62.099854845983785
2024-06-05,1167.7701416015625,1184.40773345544,1139.9792365571143,1161.4100166258047,2709585,13922,76.94163275349811
2024-06-06,1214.3646240234375,1220.0334329817397,1174.4987680626127,1184.4537551366452,3205121,11244,45.41531765933146
2024-06-07,1269.80810546875,1272.9420911222644,1223.167382273168,1225.9326438758956,5790599,9261,58.3315806674209
2024-06-10,1235.472900390625,1270.1769595616524,1230.6798247960232,1269.8082354731152,2532308,3610,48.83203859924466
2024-06-11,1243.86083984375,1253.4471035587085,1236.2103494653193,1243.353942675588,1465705,15831,64.44992569497687
2024-06-12,1263.3558349609375,1272.9420977372995,1250.9582903851297,1258.0097300124853,2786009,6329,59.688798857867894
2024-06-13,1280.27001953125,1287.5518977604518,1267.7341891405708,1272.020367229558,1953367,16513,75.22057048707963
2024-06-14,1264.139404296875,1286.5380701933027,1257.3645352971976,1285.8467547337684,1733356,10419,66.1165907399702
2024-06-18,1264.04736328125,1282.5745967327734,1262.9413034556196,1272.4353024288869,950760,8586,56.41803113987622
2024-06-19,1273.0804443359375,1278.4265495406087,1254.5070804138556,1269.25514307853,1313197,6352,61.29311557414911
2024-06-20,1284.095458984375,1289.5338300207452,1264.1394626279,1277.5510281692302,1987190,7186,78.96055358781913
2024-06-21,1290.2711181640625,1327.6021500706493,1277.5970023933078,1297.82945492529,6836535,3183,72.50412204389329
2024-06-24,1292.0223388671875,1298.7511870439128,1272.9420789976177,1281.237863726784,1111433,8278,67.13263332740927
2024-06-25,1316.0340576171875,1319.9515114745666,1285.6161806069495,1289.3493287020817,2201375,8512,50.0516009112825
2024-06-26,1302.484375,1322.5325220417442,1299.672980637207,1320.6890142677908,1565878,9570,58.04285948146163
2024-06-27,1320.18212890625,1330.8284323106034,1283.0815314627334,1294.465170534811,4286657,17112,78.57744106315914
2024-06-28,1318.4306640625,1339.3084123331853,1315.0202196511343,1328.24736556925,2222285,16339,55.76913866988641
2024-07-01,1356.9139404296875,1362.8131880966641,1312.715884409652,1318.4307137790038,3837301,3091,66.6202562179764
2024-07-02,1356.9599609375,1380.7872755994622,1354.978167644332,1364.1957061997357,2092643,4196,76.57976042886138
2024-07-03,1364.0113525390625,1368.8044274120518,1346.6823356558973,1364.1495255975167,896602,16975,52.930334209289484
2024-07-04,1344.9771728515625,1375.2567647732767,1339.584935252153,1366.0392261353861,1322999,3648,66.14051050864153
2024-07-05,1347.0050048828125,1354.978198418077,1336.496988187242,1352.2129367886523,1334838,14935,50.824997211560735
2024-07-08,1352.7659912109375,1363.2278753954208,1345.8989697138359,1347.005029378206,807698,3305,60.84622444832432
2024-07-09,1351.0606689453125,1354.4250929101975,1341.1518153269178,1351.2911074015542,1049695,3468,53.9507077254858
2024-07-10,1348.8486328125,1357.5592752325394,1328.7083313208645,1356.9139799502439,802718,3757,45.06917995359838
2024-07-11,1346.313720703125,1360.5087532338478,1328.4778052833897,1360.5087532338478,1408434,7090,65.07551773190873
2024-07-12,1387.2857666015625,1393.5076054911408,1346.7285945806077,1359.5870166115544,4372156,11567,53.055809286080034
2024-07-15,1381.75537109375,1407.9792272417315,1375.2569604220382,1401.158225175557,2374623,11669,51.811059963432854
2024-07-16,1397.563232421875,1400.1441883757047,1372.5837239809441,1385.718717189867,1794159,15653,59.49482344013024
2024-07-18,1418.90185546875,1424.7549702795247,1387.2396312395647,1389.0831390551652,2752497,10911,68.59812387747674
2024-07-19,1400.1722412109375,1445.7524065899881,1395.5719474912685,1443.9217324194894,2504915,17325,74.3871798160379
2024-07-22,1404.068359375,1413.7382472372326,1385.8080327157347,1389.4225081449033,2225781,7663,59.08717813105555
2024-07-23,1402.0499267578125,1410.780984355565,1370.692955405265,1399.7967099378425,1640492,6834,56.97115863552774
2024-07-24,1439.50927734375,1445.7993977132337,1383.2732908366984,1402.0499063914158,2561617,16443,63.025549996771446
2024-07-25,1436.4110107421875,1452.887535824398,1412.8463824408798,1431.7168571123111,3283912,3561,64.0900966076183
2024-07-26,1446.87890625,1450.1648135865037,1355.906191641556,1436.4109213858962,7133745,16015,46.028435784183436
2024-07-29,1432.0455322265625,1459.600193177506,1417.6814898050832,1451.103843232947,1755979,9369,69.35388289197941
2024-07-30,1443.9686279296875,1457.0182831934767,1427.022687672236,1427.022687672236,1622543,11791,70.29235114483166
2024-07-31,1459.3184814453125,1466.2188642568565,1441.105142714439,1443.921634850037,2398955,11796,50.57022775212805
2024-08-01,1449.9771728515625,1473.0255146681184,1443.5462048382167,1459.3186080067944,1315921,8176,72.6162489041185
2024-08-02,1415.47509765625,1439.7439645988827,1410.4055032111398,1432.1863311040543,2894949,10715,55.01849629120174
2024-08-05,1367.26611328125,1393.4595136180883,1339.4767465417601,1380.0811756904766,2186582,8608,77.7301329183492
2024-08-06,1392.66162109375,1411.0626817137208,1375.8565269803446,1375.8565269803446,1665788,16944,72.50059020663636
2024-08-07,1383.508056640625,1422.5633957141488,1381.020132054455,1408.9973362474163,3002937,13888,77.76770280248684
2024-08-08,1376.748291015625,1397.1209868087692,1372.5705400694806,1380.0811859795735,2333194,12563,60.71370019185957
2024-08-09,1414.536376953125,1416.9304414299866,1389.986042236358,1394.116806238464,1521252,17783,70.08959831113563
2024-08-12,1419.9814453125,1431.2474138042355,1398.2944788865807,1414.536181366818,1809860,4406,52.1086145548485
2024-08-13,1411.4381103515625,1430.449432202351,1403.692757004945,1416.0384037447707,580901,9821,45.25082350806203
2024-08-14,1431.153564453125,1435.8945908004898,1412.940225666716,1419.5120406698172,2833790,11012,65.96948887823562
2024-08-16,1488.3284912109375,1491.8021192785461,1437.6316287559082,1463.0739201413696,3224481,3634,51.76588851826195
2024-08-19,1497.1064453125,1504.6639639209125,1479.4563817613346,1490.7223505122843,1640507,7720,63.19749800321895
2024-08-20,1528.979736328125,1533.7208774563464,1497.6697537404177,1503.0680305522073,2442281,10309,66.94844887991167
2024-08-21,1506.494873046875,1528.4165494066963,1504.0069484947958,1517.1505797550499,1935929,11897,78.96848320335654
2024-08-22,1512.6910400390625,1521.5160719753237,1498.3738711573894,1506.8703352531045,1562554,12999,47.480239119160814
2024-08-23,1500.6270751953125,1518.0423166308021,1495.6043536654909,1514.3809684336923,1020913,7819,46.33918366589889
2024-08-26,1539.8232421875,1542.4988868429098,1510.5786420756187,1511.5174728040686,1510157,15396,47.44421717853834
2024-08-27,1525.224365234375,1544.3765348486104,1522.8772884336934,1543.4377041283376,1083351,16789,75.72635683113867
2024-08-28,1527.8062744140625,1563.1532768380102,1517.3382881079572,1520.9058909775235,3033590,9181,63.47195935421347
2024-08-29,1546.582763671875,1554.9383800005498,1520.9527537778815,1520.9527537778815,2194339,13131,47.76693440316117
2024-08-30,1536.3966064453125,1561.9797457827,1531.3268971972298,1546.2543298597188,1926984,5190,54.85111258107897
2024-09-02,1545.92578125,1560.336811309835,1535.5047821456806,1536.3966255767418,1582818,7991,64.74245510843248
2024-09-03,1543.5316162109375,1557.754925022276,1532.2656471886278,1538.7436022971285,1739553,13224,49.17130878072558
2024-09-04,1544.658203125,1549.0706615924355,1510.4847425788955,1520.671032796574,1643875,6958,77.76578318930584
2024-09-05,1539.2130126953125,1556.4875213943283,1533.0167526737532,1551.887227804423,1080904,12784,54.57393243271729
2024-09-06,1523.95703125,1550.197305152032,1515.225859340196,1539.213031100801,1672937,10126,54.79937409977937
2024-09-09,1482.6015625,1531.514739159003,1478.4238112560395,1523.9101179502402,2965098,8034,72.85757914990342
2024-09-10,1509.0765380859375,1514.9911029219932,1481.9443070725217,1494.6185219255333,2541973,6798,69.11362960660212
2024-09-11,1504.570068359375,1527.4775605345287,1500.3453301771958,1513.3950999272652,1395340,7102,59.79075785208789
2024-09-12,1542.733642578125,1548.6951949687993,1507.7621968540811,1520.811967306679,2356422,12234,65.45233008734385
2024-09-13,1554.7508544921875,1558.3653302963735,1537.8049120316855,1548.9770219201118,1373924,4443,70.46343281111123
2024-09-16,1548.1318359375,1567.8472807857033,1545.7847591698567,1550.1033575016488,1060407,5690,75.73758782278264
2024-09-17,1550.5260009765625,1569.7250443438477,1540.7151506873943,1548.1319366764383,1499644,13588,51.017030817432136
2024-09-18,1507.198974609375,1547.33399091976,1491.8021267181678,1547.33399091976,2930297,7488,45.78450683608314
2024-09-19,1497.763671875,1535.3169033237898,1489.9714451113964,1520.9058736759903,3032379,17720,66.26918814789624
2024-09-20,1522.83056640625,1529.6370898020118,1485.6059017418575,1509.6399476393217,3984683,5425,46.99442906661262
2024-09-23,1508.8419189453125,1531.2330102455815,1496.9656865950826,1525.5530381553162,1535902,3165,68.4979324503075
2024-09-24,1536.9598388671875,1542.968378747999,1500.345438641345,1503.5844735771893,1781972,13977,66.44821956812305
2024-09-25,1504.7110595703125,1542.5928593004965,1492.787954292307,1536.9598745196997,2505756,9614,73.44795110356043
2024-09-26,1508.6541748046875,1520.7651155798903,1498.3740229323098,1511.5176547124179,2173853,7767,67.12116775851149
2024-09-27,1510.8133544921875,1562.965447462344,1506.4008958959905,1525.5999385116077,3539822,12457,68.23006042239679
2024-09-30,1480.7237548828125,1507.7621252618528,1471.9457106358639,1507.7621252618528,3460691,8124,73.55760951155177
2024-10-01,1525.9755859375,1542.405124729671,1483.3526452359947,1483.3526452359947,5176596,4134,53.248547409497085
2024-10-03,1505.931396484375,1531.3736849644872,1498.5146111996382,1516.211546578036,2332279,8948,48.0500268855684
2024-10-04,1517.572998046875,1547.5687108141108,1493.6798000718625,1493.6798000718625,2927576,11815,74.91887068599043
2024-10-07,1519.5445556640625,1532.218770784143,1502.3169197255586,1525.55298077904,1619326,13529,68.10197967587276
2024-10-08,1529.4490966796875,1534.988220825356,1505.5089134191085,1525.5999136643445,1311331,13597,60.072328127422864
2024-10-09,1557.3323974609375,1567.659535071147,1532.2186764542917,1538.743503921218,2177241,8589,53.9641965752791
2024-10-10,1520.6241455078125,1573.4333760834686,1512.7849315341437,1570.6638711657358,1518162,13294,66.0406527505763
2024-10-11,1546.3011474609375,1549.070652179552,1504.9456093598922,1504.9456093598922,1019027,5054,58.14515314480443
2024-10-14,1588.97119140625,1593.1959301721752,1547.1932191654357,1547.1932191654357,2070051,15293,70.17832372893719
2024-10-15,1572.8702392578125,1599.2513631824029,1561.7451166227438,1596.0124425961315,2503380,5943,47.678184380203646
2024-10-16,1558.7408447265625,1574.8417014874492,1551.6996136287855,1567.8474577716725,1070524,11964,57.96751827873251
2024-10-17,1595.073486328125,1605.306764693752,1554.7037630131697,1559.1162218132254,3771316,14557,68.5354355889837
2024-10-18,1584.6524658203125,1598.2655118669059,1544.9398787533878,1591.318141308661,3119646,13367,54.480250490493646
2024-10-21,1597.1387939453125,1654.078900708602,1586.6709229759783,1638.2596258098497,5898020,8607,67.68572758444127
2024-10-22,1592.7733154296875,1621.313677842361,1587.9851870402117,1599.20428298774,2484594,5583,47.5354102673239
2024-10-23,1629.76318359375,1642.0149706396965,1582.4930785717645,1592.7733439767235,4198781,9592,48.863355936660206
2024-10-24,1629.5755615234375,1641.0762388264259,1622.3466102029067,1628.9184258046143,1570443,15947,53.27564268993846
2024-10-25,1611.4559326171875,1635.8186583986317,1605.7290881845445,1629.5754112321333,1743714,11559,69.82437723675892
2024-10-28,1598.4063720703125,1622.2525819272025,1589.6282126949,1605.4006154600643,1271473,9126,61.45707188912209
2024-10-29,1594.60400390625,1618.6380478092456,1577.5642031398913,1604.4617266268951,1499121,8667,50.51967804345118
2024-10-30,1581.8828125,1607.4190774380963,1579.3480153385724,1599.8614441255222,1305424,14667,66.46030874943526
2024-10-31,1523.8155517578125,1581.740741686218,1511.4064222252591,1578.7094289089184,3638913,14455,77.07258317922299
2024-11-01,1519.0792236328125,1533.619696080589,1514.4850185160096,1533.619696080589,249236,4297,46.80825710071559
2024-11-04,1551.9967041015625,1553.7491186335815,1523.2472769915482,1528.8834491538487,2746587,14072,53.85452859103735
2024-11-05,1546.5499267578125,1566.7739813224537,1538.1666670943384,1551.9019891796925,1376651,12520,49.077557074889064
2024-11-06,1604.23828125,1608.2167420306337,1548.7759524194291,1562.937496679273,3164061,5118,76.02708110995572
2024-11-07,1563.93212890625,1625.030628188172,1557.6328031405544,1605.611725315623,1285140,14826,72.05442050629213
2024-11-08,1592.681640625,1597.512661888451,1563.0323591405177,1572.4575857659488,1883257,6116,69.35365839740535
2024-11-11,1614.279296875,1624.98330624038,1578.1885766222636,1584.582605961114,1587351,12098,77.47698660127296
2024-11-12,1598.03369140625,1620.2943859812628,1595.1919006094397,1619.8207541817947,1414446,17160,69.32427099973123
2024-11-13,1587.2347412109375,1599.928095587263,1575.9149883271136,1591.40272385234,1063556,14552,77.42673628709571
2024-11-14,1598.50732421875,1602.7700104166665,1575.2993660300924,1575.2993660300924,1919974,5549,65.18710922415931
2024-11-18,1573.2154541015625,1598.9809781118704,1547.1182953206235,1595.9023713708375,1617013,3527,76.6574084283311
2024-11-19,1610.0166015625,1633.4613756726342,1576.341334314838,1577.099191448271,1982317,15540,75.76047649166028
2024-11-21,1612.4793701171875,1634.0296157745033,1595.94966750347,1621.7151896846085,2212146,11276,57.73630412778749
2024-11-22,1655.2957763671875,1657.5692321952708,1612.479506741478,1624.3203020619471,2344087,5465,49.702668570036245
2024-11-25,1641.2288818359375,1674.5726297649892,1636.7293797589596,1667.1839274696888,3913302,14297,66.75278808496108
2024-11-26,1653.3538818359375,1669.0784341961366,1639.7606725387018,1641.2288617135307,1291712,9390,53.98198192847844
2024-11-27,1664.1527099609375,1673.8147522607812,1644.0233588089613,1649.185899086599,2088228,10669,67.98042354861576
2024-11-28,1622.9940185546875,1667.1838873312408,1616.7895115354688,1664.342096614199,1787990,4762,76.02676207437463
2024-11-29,1621.99951171875,1638.7660312185742,1610.821754963691,1617.9262319776444,1556942,17175,59.20080839434622
2024-12-02,1653.874755859375,1655.8166923981855,1615.936919901188,1619.8206773460508,1370756,7742,65.840416747736
2024-12-03,1657.2376708984375,1668.1312023161752,1645.9652109135302,1667.1839387146326,1824151,14002,72.57411740587933
2024-12-04,1666.804931640625,1681.0138849945165,1648.806924059029,1650.227819394418,1811165,8137,47.37819567122181
2024-12-05,1692.7125244140625,1699.343369146523,1662.5422040079186,1666.8048899073576,2762694,17859,53.91246727423845
2024-12-06,1688.7816162109375,1702.2327132680182,1681.9612488148455,1702.2327132680182,1180840,13112,56.63249271329406
2024-12-09,1684.0926513671875,1705.7850120058524,1677.7933249893,1685.2767309257088,1069659,11652,74.72245785559915
2024-12-10,1670.5467529296875,1683.287401981394,1660.8373011174708,1673.0569089407823,1625591,8512,52.76786192026958
2024-12-11,1669.836181640625,1676.4196168607157,1657.7585717437616,1671.9201151344332,1285654,13602,63.79478989250535
2024-12-12,1695.222900390625,1712.3683482719293,1668.178594230265,1674.8094393714252,3018243,6964,54.294602755988066
2024-12-13,1701.664306640625,1709.43182169058,1668.1311530106225,1687.0764244814984,1503188,14892,55.23006617203066
2024-12-16,1681.913818359375,1698.9171525851707,1672.8674053333768,1698.9171525851707,1075193,10158,78.05484905976513
2024-12-17,1677.366943359375,1694.7966159326652,1668.1311236797171,1683.7135629374209,1160899,5955,62.462038833016635
2024-12-18,1685.087158203125,1693.659823981401,1667.7048951254744,1669.1257904555182,1337600,12426,54.396081118926446
2024-12-19,1661.8319091796875,1675.6146411084321,1643.5023812530724,1648.191289920544,2402819,6181,64.30966130291748
2024-12-20,1597.1337890625,1677.461670449569,1591.4975014391882,1676.6565195413132,2921154,4866,67.02900795688748
2024-12-23,1622.0941162109375,1634.029613741279,1596.944222859382,1601.7279500106838,1301223,17560,48.69341060070853
2024-12-24,1614.98974609375,1634.361240596512,1606.2748515329674,1627.0199476450218,711026,7865,73.34858237740204
2024-12-26,1609.11669921875,1624.2256236583253,1601.491296295445,1617.0737369223116,659638,10054,47.09840050123079
2024-12-27,1621.3836669921875,1625.9778720505735,1609.1165347269784,1615.0369318725166,647945,3871,78.97932462606343
2024-12-30,1649.0438232421875,1680.066706298497,1604.4751400172854,1624.5570821853632,6781500,3349,63.768085099030195
2024-12-31,1616.2210693359375,1637.818725151479,1593.7235593750654,1637.818725151479,1459630,16072,70.3442082594074
2025-01-01,1613.9949951171875,1627.0198690795971,1602.0594973763677,1610.9163885442545,721479,17325,69.39687080352907
2025-01-02,1635.876708984375,1644.1652648825352,1606.55894894627,1618.8733748521083,1238954,11813,50.38046279671471
2025-01-03,1600.3543701171875,1638.6238409464588,1592.6815584320552,1621.9046160388923,2448088,17630,71.5558061340195
2025-01-06,1597.37060546875,1621.0521947354232,1586.6664808671096,1614.847572094451,945693,9919,72.59569378443216
2025-01-07,1583.01953125,1615.0843798285487,1573.8784147126883,1603.7172170379665,1305847,7837,58.81261553601207
2025-01-08,1576.009765625,1581.882753509762,1547.8286743989481,1579.988226368515,673344,6075,61.47545495357868
2025-01-09,1556.1646728515625,1581.45656446684,1551.8071678287024,1575.9623893883936,774065,9590,58.39734111775092
2025-01-10,1615.6527099609375,1623.6097470168602,1550.0074144232835,1565.9213729023697,2208899,6152,46.69817130010863
2025-01-13,1572.1260986328125,1611.295426406861,1562.8902782874468,1608.5010449657289,1401093,9215,72.03744986370498
2025-01-14,1560.6168212890625,1582.3564752171903,1535.798560581457,1581.8355496034003,2480288,6084,59.547903276482224
2025-01-15,1587.5662841796875,1590.455484230827,1563.1269542185698,1570.5629498836875,1079742,6824,46.485951066213076
2025-01-16,1598.6494140625,1631.993046037076,1582.8300427964148,1605.611778293148,2334315,9906,58.78876625867843
2025-01-17,1572.7418212890625,1610.2534371984812,1563.3638884035165,1595.9023703498328,2502285,4162,63.66861587323011
2025-01-20,1586.28759765625,1598.1758020610478,1539.3033463346794,1575.2993630489673,4856268,14656,75.50489260458505
2025-01-21,1553.98583984375,1613.7108523889274,1549.8178571345638,1586.287503482619,2500061,12630,53.35398908386607
2025-01-22,1595.1444091796875,1599.69132047396,1549.012720535925,1556.069787732137,2478559,14500,57.23860864985899
2025-01-23,1623.04150390625,1638.2924250078709,1582.87750343345,1582.87750343345,2255334,4652,59.61400402919416
2025-01-24,1632.1824951171875,1644.8284402981928,1615.4158610151549,1628.346031512354,1257165,8189,62.476827947544955
2025-01-27,1566.6793212890625,1623.5151383818436,1558.2486519604136,1619.8207871442596,1174799,12529,73.17799416172628
2025-01-28,1561.4219970703125,1576.8624406475374,1551.6178415278714,1568.6211776040834,1820874,17310,48.258421065957485
2025-01-29,1592.4921875,1596.1391291492487,1566.821367659226,1576.1991845765053,1146508,15797,74.1682463699777
2025-01-30,1582.0247802734375,1614.989596994367,1569.615651298593,1596.139029835926,868832,4713,76.7469784476686
2025-01-31,1586.1455078125,1605.6118212793467,1577.430728840963,1586.666549051862,1065425,8153,67.97928159933768
2025-02-01,1559.5748291015625,1596.9917416598794,1550.3863027139118,1586.1929133899134,410470,3685,71.46306563167775
2025-02-03,1567.4371337890625,1576.2941415266775,1520.5002887606213,1544.0397676127025,1415698,9627,68.48668044388494
2025-02-04,1571.5577392578125,1588.513665379601,1558.296048710773,1575.062568363567,1467006,17528,63.624741182333764
2025-02-05,1573.40478515625,1582.877420828473,1557.6802330669118,1575.1571996290593,1449280,12493,70.4620580511943
2025-02-06,1581.55126953125,1595.8549266389648,1562.984926261005,1581.9301980944717,1288106,16961,53.42292600899387
2025-02-07,1602.8646240234375,1606.1800464364303,1570.4682569838687,1586.6664405036531,1582031,3381,53.28227247036791
2025-02-10,1609.4482421875,1613.9003347889857,1584.9613859810438,1594.2446153777623,1235699,9301,71.57142892302596
2025-02-11,1581.0777587890625,1618.8736021171824,1575.4888800437302,1616.0318111245833,1800036,14138,67.94847777053114
2025-02-12,1591.59228515625,1600.8755148683563,1580.7935724142383,1591.4028786857034,1889477,12602,51.27231154625054
2025-02-13,1586.95068359375,1600.354370421615,1554.0332749818074,1586.6664582734932,1555491,17565,49.64408193107236
2025-02-14,1571.60498046875,1604.6645024955951,1564.9268416178318,1596.1391302863506,961944,8603,67.98747779750235
2025-02-17,1577.146484375,1579.988275174654,1544.9869314120183,1568.5738181757013,1114005,15966,60.66092130301711
2025-02-18,1615.08447265625,1618.8261177034321,1576.2940736569967,1580.0357187041789,2654136,7701,67.26669847735769
2025-02-19,1596.8970947265625,1622.0942844896717,1586.7140105700257,1604.712019776928,1113961,8805,73.58534089041441
2025-02-20,1570.4208984375,1604.3329807565892,1567.721220368855,1591.4028098004087,1485087,4296,64.75694129751946
2025-02-21,1562.5113525390625,1577.1465293212564,1555.5962818097296,1570.326277460825,1479239,7764,62.968301613095875
2025-02-24,1528.5992431640625,1557.2539674033073,1519.6476482911894,1544.0396862799682,1672609,17830,50.40228751302201
2025-02-25,1509.890869140625,1528.8835518338003,1505.201960262645,1523.2473792929738,1425126,6062,62.35205207495212
2025-02-27,1504.491455078125,1511.548522843801,1487.1091906550585,1491.9402120245848,2208643,15743,53.240707958306274
2025-02-28,1409.3861083984375,1489.9509229320818,1400.4345137314826,1487.2038353961987,4155992,6549,56.423746516723796
2025-03-03,1414.31201171875,1450.7342521085243,1398.3505270166308,1420.8954477066839,2851006,5762,74.20461821179356
2025-03-04,1409.7650146484375,1420.3743204289717,1357.4761115928948,1397.2137722872133,2386196,9890,65.84677967450695
2025-03-05,1456.986083984375,1467.3112800954593,1409.0545701368599,1409.7650178192819,1967418,9631,59.39457710598617
2025-03-06,1424.1634521484375,1469.0164773423446,1421.7952930836173,1459.733247555143,2246380,5149,60.87942425228644
2025-03-07,1413.6488037109375,1427.715644978486,1403.8446486234197,1422.7425111017835,893696,10139,58.10466019858907
2025-03-10,1408.43896484375,1420.8955052328458,1404.3183910051291,1413.6489150296038,798491,16440,50.204642100738006
2025-03-11,1401.1922607421875,1408.9598915857184,1376.942335883965,1387.26753217591,1769157,6403,62.34613499068392
2025-03-12,1362.44921875,1410.4754347826456,1334.504943850008,1402.8973263351902,2665932,17410,75.0066827762566
2025-03-13,1364.67529296875,1379.4525816178118,1347.0088041617364,1365.9540756689337,995812,8293,51.17471774633121
2025-03-17,1364.154296875,1371.6377024944438,1350.0400460086908,1366.8539750275281,1747569,13670,62.11085092515356
2025-03-18,1364.154296875,1364.154296875,1364.154296875,1364.154296875,0,3674,47.81108513256918
2025-03-19,1322.5220947265625,1356.2920651027232,1320.8643834309996,1355.2026888390865,5557840,8283,70.39863989860409
2025-03-20,1336.1627197265625,1346.0615781119295,1326.2164519080013,1329.1529459469286,2863413,10855,66.90470988585685
2025-03-21,1334.9312744140625,1355.6289616624938,1309.1657498571199,1316.7438589188992,4056023,4588,56.66359895815053
2025-03-24,1381.72607421875,1390.251446624625,1339.0518027562362,1341.1831458577049,3072831,5832,69.91946074683938
2025-03-25,1378.7421875,1405.6444972119189,1373.0111963933214,1396.2665643249743,2056315,6719,52.57666943046306
2025-03-26,1341.6094970703125,1386.793925013338,1335.1680582693305,1386.793925013338,2231144,3160,65.378250836961
2025-03-27,1348.80859375,1354.5868782860673,1331.8525530560914,1332.9419292665793,2541022,16761,76.56753985348662
2025-03-28,1343.45654296875,1354.5868897904547,1334.2681326967013,1340.472639630422,1642693,3446,61.49025200322215
2025-04-01,1321.5748291015625,1342.2251061149486,1312.3390090404534,1328.0635616076866,1578367,5248,62.95880818956377
2025-04-02,1348.0035400390625,1350.8453308976816,1323.4693891664313,1323.4693891664313,1617949,6152,45.99746864763188
2025-04-03,1297.13525390625,1326.1689033818384,1288.5151791608184,1323.3271128745916,1943422,17428,70.0169201924093
2025-04-04,1251.287841796875,1287.5206755285922,1249.298611306785,1278.8058964135473,1757493,15480,62.818168069826626
2025-04-07,1220.075439453125,1225.5696142379263,1145.6205483397573,1179.3431072353576,3044730,6945,75.0826971741275
2025-04-08,1245.083251953125,1271.2751126306923,1223.0593740847305,1244.7043234008804,2868814,8362,45.34324432975644
2025-04-09,1205.629638671875,1231.3951600258254,1197.6726020196172,1221.9699343050236,3724878,7692,52.76613719890371
2025-04-11,1214.628662109375,1243.1412712538258,1207.0031444349584,1207.761001512539,1803181,15258,60.03051189269477
2025-04-15,1233.052978515625,1244.8937734834433,1218.9388434201962,1244.8937734834433,1511866,13488,45.556917491044466
2025-04-16,1239.683837890625,1245.2727163059744,1215.812841215312,1223.8645818856119,1093342,14523,50.911224733728496
2025-04-17,1237.8841552734375,1239.8733857656036,1208.613686042868,1226.8011014466256,3027966,7162,72.25167525029451
2025-04-21,1301.0665283203125,1315.7491138237451,1234.2844458692152,1235.2317094500818,3759267,7293,46.604281710376114
2025-04-22,1303.908447265625,1322.3800889086906,1289.4152668002646,1301.5402880806166,2471135,15945,56.22178141469264
2025-04-23,1363.6806640625,1372.9638936543477,1333.7471572396405,1344.0723536715286,5944062,8209,69.36829794451019
2025-04-24,1368.9853515625,1390.109376760589,1358.6602705036778,1368.795945089643,2501415,6419,72.29269086591081
2025-04-25,1384.8994140625,1396.1718742802595,1302.4874790259491,1378.6474972897288,8211667,8899,62.57734754079909
2025-04-28,1384.42578125,1401.950158227848,1361.2178225496066,1391.8144837424154,2079431,10120,60.44674586049405
2025-04-29,1416.4432373046875,1425.5369442885453,1386.1308036033229,1388.8777754013026,2652788,17518,75.78107985585353
2025-04-30,1423.7371826171875,1431.125884907827,1411.4227558879636,1416.443299192214,1858465,13042,72.61823843089259
2025-05-02,1415.306396484375,1438.8932811652473,1411.2332327442045,1425.6315919379178,1582577,3931,64.11469607324842
2025-05-05,1415.7802734375,1427.0527343595265,1411.8965154748585,1419.9482567573384,846022,4615,55.827604347185634
2025-05-06,1417.2957763671875,1425.4423359730756,1407.7284369697031,1417.9589302782158,1545773,14027,72.71989407387319
2025-05-07,1416.3485107421875,1425.5370371863562,1402.5184850912317,1410.5702258178637,1272555,16750,76.95241826426737
2025-05-08,1423.5478515625,1438.4198445317488,1409.5283033672981,1421.7480275109476,2829448,12453,60.31237002260488
2025-05-09,1414.9276123046875,1422.1269082687822,1400.1503230703236,1401.9501470613473,923174,6503,50.49835857520472
2025-05-12,1490.140380859375,1493.3611003011988,1437.3778433593723,1441.7352328946556,1891418,6666,58.51548164751193
2025-05-13,1489.572021484375,1516.47433104028,1482.562247668484,1515.9059960028326,3724272,16459,56.83453375632134
2025-05-14,1518.6529541015625,1524.5260577889794,1494.8766609176723,1500.465539272576,2354571,9915,73.83325174800308
2025-05-15,1543.187255859375,1550.1023270566855,1515.8113120633132,1521.3054877241443,2972408,4994,70.84545180553751
2025-05-16,1531.7252197265625,1549.6285246421266,1516.8532276681601,1548.775964287526,1159095,14040,57.20754270808831
2025-05-19,1513.537841796875,1540.440035805523,1509.0856334517287,1531.7252568495899,681874,10130,64.47340211343575
2025-05-20,1492.8873291015625,1534.0932928172465,1490.3297638136912,1526.9888163145424,1869716,15132,46.97556789138993
2025-05-21,1513.9166259765625,1518.4635374697516,1486.6355039157156,1493.8346840859629,930031,7893,67.42221845627635
2025-05-22,1483.0357666015625,1505.8647946582303,1475.8365868653557,1505.8647946582303,1789310,11696,60.81194952366974
2025-05-23,1496.960693359375,1519.410794126721,1485.1198985173648,1491.940150093258,1159290,5750,53.6282684234493
2025-05-26,1516.9478759765625,1519.7896666338313,1499.51820348543,1499.51820348543,711029,16323,77.08467941581395
2025-05-27,1508.422607421875,1519.6950675950964,1495.2556200139197,1516.9479799781786,1394001,13393,70.23522070029199
2025-05-28,1496.960693359375,1517.5162669519993,1494.8766440875238,1516.3795969002713,820958,4283,68.08614979653942
2025-05-29,1515.621826171875,1520.2634411410802,1500.939239730835,1508.1384202785978,1799251,8781,54.05668405385569
2025-05-30,1490.898193359375,1510.8854320613457,1485.309315029586,1510.8854320613457,2780942,4892,76.96742512733519
2025-06-02,1467.406005859375,1486.2565744489834,1460.7751607216167,1482.46752008455,2120693,12859,77.30722722798092
2025-06-03,1462.3856201171875,1482.3728593358423,1453.0076871698968,1473.8474867715356,2316285,5415,64.59840159539822
2025-06-04,1474.6051025390625,1483.983034686647,1462.5749018661932,1463.332758949278,1439090,4561,54.09452228699688
2025-06-05,1480.383544921875,1487.4880216559523,1465.4167343489821,1477.7311606880492,1529586,6542,70.25483278229157
2025-06-06,1488.2457275390625,1490.5191831661532,1473.3737361844699,1482.2780366048005,828051,14447,73.80317565890226
2025-06-09,1495.8238525390625,1507.5699437159299,1488.245744119504,1491.9400951005905,598108,13904,49.69043948525951
2025-06-10,1525.9468994140625,1547.3550328485,1495.7291685753178,1495.8238718052305,3324373,12867,56.51093396345526
2025-06-11,1551.1441650390625,1562.0376965797948,1519.9791690698926,1532.6725246004294,2660949,7328,45.05795883204041
2025-06-12,1557.68017578125,1570.5629366951414,1526.8941109787215,1549.7231389826607,2316173,17349,45.51182946259631
2025-06-13,1571.51025390625,1580.9828895536655,1519.9790928577572,1520.3580214102055,2511076,15755,77.28911562537724
2025-06-16,1604.5699462890625,1616.0318135162872,1564.1217183882122,1570.5631575674115,2160406,11928,58.39754476359731
2025-06-17,1627.96728515625,1634.0297956405427,1595.3813924818498,1603.1490237886144,2105126,9534,61.4894987051736
2025-06-18,1620.48388671875,1641.418505979323,1618.3052496941127,1626.5463972311811,1299278,15229,68.21153229146007
2025-06-19,1595.19189453125,1604.6645304845235,1573.1206065070176,1595.19189453125,3056884,8440,56.917700051533146
2025-06-20,1606.6536865234375,1618.3997776882295,1581.1722738623155,1591.4027664713055,3425550,15988,72.6969046284191
2025-06-23,1593.1080322265625,1602.7700750785386,1587.329631530053,1591.4029114254993,732380,10957,68.8975228289436
2025-06-24,1588.6558837890625,1618.399986265179,1586.3824278459808,1609.2115748848246,1923989,7725,71.83529468688113
2025-06-25,1615.08447265625,1623.6098452391861,1587.42442119583,1600.6861118803974,1416375,7931,45.10973797263642
2025-06-26,1601.06494140625,1613.663593940193,1582.2144876727164,1605.6118530840197,2528268,4434,51.374765372452245
2025-06-27,1586.09814453125,1612.0531894724752,1574.9203881535786,1608.4535416538326,6183785,6363,50.56986801334341
2025-06-30,1598.03369140625,1600.4018504035917,1572.4575742349584,1591.9711812465023,1546996,16813,77.14985037839456
2025-07-01,1583.06689453125,1607.8852704263168,1581.2671861832907,1600.8754966045724,1689051,16839,75.22569048816366
2025-07-02,1588.6558837890625,1609.400981366426,1579.5621756495088,1586.666653201156,1931642,11873,77.16530621311139
2025-07-03,1583.7301025390625,1603.7173422126787,1581.9302784968538,1596.0445298567026,1713273,3978,60.786901303837304
2025-07-04,1596.558837890625,1604.950681314301,1582.3796827115777,1586.7202548372723,1310544,10097,54.830962255473835
2025-07-07,1566.36767578125,1589.517391683443,1558.2652516663736,1589.517391683443,1550115,4684,63.152630221988254
2025-07-08,1577.4603271484375,1585.56275166993,1561.6413302722951,1565.4996164496201,1318755,13188,61.82389465348153
2025-07-09,1557.5902099609375,1578.4249322118237,1554.8893624812356,1576.8816412572307,1173847,4159,70.51180145586703
2025-07-10,1543.410888671875,1560.0980233155121,1533.7651733277028,1557.5901608751371,1631315,14386,74.45421027415443
2025-07-11,1545.7259521484375,1550.066524244954,1521.9010812946674,1524.023091665854,2559235,12080,78.07412835964058
2025-07-14,1520.83984375,1541.3852638900566,1508.6862663447819,1541.3852638900566,2068336,15481,60.12576378177037
2025-07-15,1523.0584716796875,1538.3951828156926,1497.9796114747023,1499.5229023997451,2574760,15694,50.553464511946075
2025-07-16,1550.9345703125,1553.924718474919,1521.4187053542646,1524.023001359635,2207039,6032,73.52390488533001
2025-07-17,1508.300537109375,1547.0763853899784,1505.5998073245396,1527.3026679401762,7617296,9346,64.91576837785743
2025-07-18,1494.02490234375,1518.2356247806592,1483.5110488644561,1517.2710532274314,3619191,7032,76.45959127097797
2025-07-21,1489.1055908203125,1498.365454056882,1477.0484465681254,1496.0504588113524,988104,8702,70.91406269895603
2025-07-22,1492.385009765625,1497.7867044781158,1486.5975806412823,1495.0858571218705,1404790,9540,64.72013965181006
2025-07-23,1491.806396484375,1497.8832445952771,1480.135103802783,1496.0505350264689,2887100,9140,67.52129640698044
2025-07-24,1445.5069580078125,1498.9442475239953,1442.5168096345785,1498.9442475239953,2207437,14162,77.60580058145561
2025-07-25,1410.107177734375,1448.1113204947167,1404.12676345482,1437.3080484472391,1179664,16778,64.20224525577665
2025-07-28,1399.2073974609375,1414.0618221430636,1393.9022541991458,1410.2035361344876,1070496,10967,77.47844802053004
2025-07-29,1402.294189453125,1407.4063481045148,1385.510620659156,1399.2074897952448,1458817,7838,49.03132907556105
2025-07-30,1411.361083984375,1414.158365106025,1397.2783625131153,1399.8827764176394,1299448,11096,61.19990174606856
2025-07-31,1411.84326171875,1421.1032423431718,1395.9278319206494,1398.6286792270298,1382994,8835,77.44812155584478
2025-08-01,1387.82568359375,1408.0816874625336,1381.6524017227232,1404.9949876542412,1620011,10183,45.58958279793648
2025-08-04,1422.7430419921875,1424.6721850999736,1368.8234685804582,1384.1601798364673,1581473,12585,76.41352252742487
2025-08-05,1432.7745361328125,1435.0895312923974,1409.4318350798535,1418.0165450178106,2929677,3956,53.37972372221553
2025-08-06,1407.309814453125,1429.012673140716,1401.811804017153,1427.6622494954904,1039973,11529,71.87637882559605
2025-08-07,1429.4949951171875,1439.1407103339027,1398.628706423699,1403.4515640320565,1587489,9641,68.47500637898807
2025-08-08,1427.9517822265625,1442.9990752374142,1421.58563338492,1421.58563338492,1371665,11244,76.07924961646646
2025-08-11,1428.626953125,1468.753107571732,1417.6308134904896,1427.9518001127149,888886,12170,52.69751389732468
2025-08-12,1455.827880859375,1463.6408868295557,1428.5304590209173,1430.0737499447537,2532937,5965,72.73719067786821
2025-08-13,1452.9342041015625,1464.894797382277,1446.1822031063932,1461.3259296687659,1815196,13547,64.26339467392391
2025-08-14,1434.028564453125,1475.698128622366,1432.3888398155325,1456.4066964362983,1715172,3928,75.25698435732124
2025-08-18,1419.07763671875,1446.8573448378577,1416.0874884218622,1446.8573448378577,1249405,14875,59.52260959457043
2025-08-19,1443.6741943359375,1446.471475384987,1412.518603863255,1419.8493241070892,1807647,5633,57.36682584418961
2025-08-20,1470.1033935546875,1477.7235319224565,1434.7036667484963,1435.2823860970072,2329633,6785,76.52920200852046
2025-08-21,1467.4027099609375,1477.434159637353,1455.6348666935305,1473.8652920884992,1251760,16239,74.5261724012795
2025-08-22,1451.6802978515625,1475.4087363138449,1445.8928680926858,1475.4087363138449,969599,4899,45.65502652503941
2025-08-25,1472.9971923828125,1485.1507703796012,1451.6801846490364,1462.2904717129165,1386218,11234,47.805499576415606
2025-08-26,1448.9793701171875,1472.4185064434307,1445.79635457306,1467.1133627909978,1510822,4291,56.88352241992178
2025-08-28,1442.6131591796875,1455.7313084609548,1430.0737292682977,1446.8572974680367,1771867,12168,47.308453835485366
2025-08-29,1428.916259765625,1451.390705321784,1426.3118460389235,1445.699827604033,2279980,6904,70.51756825664812
2025-09-01,1452.1624755859375,1456.4066139756842,1432.3887587147906,1432.3887587147906,1241192,15260,69.54916084250286
2025-09-02,1459.203857421875,1466.0522917345436,1445.50687105099,1448.7864378015145,1137022,8809,75.52509702869256
2025-09-03,1454.766845703125,1462.3869849219955,1444.2531094185108,1459.2039692768988,1431929,10145,69.79731880295438
2025-09-04,1447.2431640625,1457.2747316407617,1442.3238727511605,1452.7411747494884,1038934,13521,78.00338119670019
2025-09-05,1425.5404052734375,1453.9952677545714,1410.300126744641,1445.8928426854081,1875965,9008,70.55484806618388
2025-09-08,1408.94970703125,1435.186125533943,1407.3099823885134,1429.8809816661317,1308412,5093,55.1454484944547
2025-09-09,1445.12109375,1446.857369691852,1413.7725174066766,1414.6406553776026,1749566,3420,77.6063989169534
2025-09-10,1471.9361572265625,1481.581872542595,1448.593573259983,1449.7510119996878,1660976,8378,61.68017051429641
2025-09-11,1467.30615234375,1477.2412861197577,1452.3552937509612,1471.9361427481228,896908,4759,70.95116470613888
2025-09-12,1471.453857421875,1475.794429272677,1458.9144276306693,1474.8298577502767,770698,6488,63.30830131150809
2025-09-15,1465.9559326171875,1473.7689388566696,1452.2589455503464,1473.7689388566696,825515,14457,54.06362198215408
2025-09-16,1477.2413330078125,1479.6527618896405,1456.5030446240921,1468.9460412034346,1011289,12892,68.27359078162749
2025-09-17,1492.385009765625,1494.5071377585455,1471.5502884671007,1483.800417427621,1946337,14910,67.09015359533483
2025-09-18,1495.7611083984375,1511.3872387085328,1487.176515496203,1500.8733848925015,2246114,17052,51.890601935666055
2025-09-19,1498.7513427734375,1502.2237768536427,1486.9834990489805,1496.05049529686,2621234,11836,71.22004373744097
2025-09-22,1452.0660400390625,1456.5030456355971,1401.8118856559774,1445.8927585481856,5723501,6661,53.13155229275655
2025-09-23,1419.7529296875,1458.1428078575518,1416.1839442003604,1458.1428078575518,1380054,11570,45.59545131910681
2025-09-24,1400.9437255859375,1417.9201611086041,1388.0184434253615,1417.9201611086041,2122106,14891,55.49603240525493
2025-09-25,1393.1307373046875,1408.467330759208,1386.0893178887304,1400.557891144354,1581629,9460,52.42482117452761
2025-09-26,1357.827392578125,1390.4299597168822,1353.7762389612515,1388.8866687078616,1851067,3164,61.56618006558692
2025-09-29,1360.720947265625,1374.5143666041504,1342.5870739886293,1364.8686517507879,2708118,17543,55.91576739838288
2025-09-30,1350.6895751953125,1376.1541696668467,1343.165870081555,1358.116728958585,2225340,15871,62.013086737194044
2025-10-01,1365.8333740234375,1373.1640945721922,1344.034079597316,1351.3648001460706,1683484,17583,57.837036347222835
2025-10-03,1350.9788818359375,1373.3570123182903,1347.7958663860445,1372.58530798438,2568702,16214,69.58415401268698
2025-10-06,1388.307861328125,1390.9121573817297,1347.6028717893191,1355.126576881698,3036770,13549,52.15427718522115
2025-10-07,1387.9219970703125,1394.5775641716468,1376.0577201616054,1388.9830022034416,1105550,17477,73.46192406234871
2025-10-08,1406.5382080078125,1420.6210470434726,1381.3629137279095,1381.3629137279095,1154614,14907,45.26367547558898
2025-10-09,1414.640625,1423.128901818139,1400.5579037865186,1406.538200354604,1354036,5186,50.866207902679825
2025-10-10,1405.5736083984375,1425.3473250726631,1398.72517397745,1424.6721720893242,937053,14782,66.79422683076221
2025-10-13,1399.496826171875,1409.7212606197343,1388.2112688675168,1403.4515458102726,1229414,17946,51.819005286981735
2025-10-14,1415.9910888671875,1427.3730806851866,1406.2489393934384,1408.2745161758132,1430713,13545,50.193848939101656
2025-10-15,1407.309814453125,1426.6012443976504,1389.3688081538253,1417.920100922614,2810322,16220,71.66923453627193
2025-10-16,1411.9398193359375,1414.736982510378,1396.6031088223663,1414.061829553557,1619438,3089,51.40372166227131
2025-10-17,1396.3138427734375,1413.097412380861,1389.0795556793375,1413.097412380861,1433539,8416,61.28360181593076
2025-10-20,1407.81494140625,1418.1464311294503,1402.55169374246,1403.5263648291468,1800507,12472,66.70836416131078
2025-10-21,1412.0059814453125,1420.388248126426,1405.4757326367678,1413.273101472478,114229,11857,47.56734722134067
2025-10-23,1426.3336181640625,1449.8231663406925,1423.896940573574,1427.8930680262956,3244860,12032,53.10749528008283
2025-10-24,1416.8792724609375,1430.8171162115796,1413.2730371299663,1428.2829952510267,969361,10209,56.981054140471045
2025-10-27,1425.7489013671875,1438.2246197862232,1420.0957615199472,1420.9729892863677,1036807,12411,64.6560697103077
2025-10-28,1410.7388916015625,1432.3765411673749,1398.9453957755404,1431.791762337185,1432913,7757,69.28359436288336
2025-10-29,1415.417236328125,1424.189275685841,1406.0604181422407,1416.1970207512813,1311858,16512,65.75766135331077
2025-10-30,1397.4833984375,1421.167833554548,1396.216278481724,1416.3919216160687,1797868,9271,76.40861968827099
2025-10-31,1388.321533203125,1401.0897007674814,1384.325405504443,1397.4834653029552,1757591,14048,71.40703168668918
2025-11-03,1383.8380126953125,1387.9315835385464,1378.1848729799892,1383.1556715691734,2136091,7486,59.17279084272135
2025-11-04,1373.5064697265625,1389.1987696558233,1369.9976775540742,1383.9355219078877,1191278,7852,63.43774673719315
2025-11-06,1377.7950439453125,1384.910190570708,1374.2862517790047,1376.2355939801098,2502412,15178,58.72663584514019
2025-11-07,1351.5762939453125,1374.0912903247558,1349.9194007559609,1364.6369097771872,1209479,4896,74.66268029260357
2025-11-10,1362.395263671875,1368.7306256009945,1348.5548631473728,1351.5763196563494,2883323,16398,74.10415615507175
2025-11-11,1372.3369140625,1374.6761485071515,1356.9370630320839,1369.4129007512872,2488036,9101,52.679811049908764
2025-11-12,1419.218505859375,1423.2146334074114,1378.184878052502,1379.159549111945,2958869,12784,63.651345671614074
2025-11-13,1414.6375732421875,1426.723517950873,1405.768090561387,1425.9437335264165,1178211,17463,57.967326439787
2025-11-14,1402.74658203125,1409.1795063937325,1386.8595146864634,1407.6199374704613,1220596,11774,78.16406853250895
2025-11-17,1416.002197265625,1419.023653827867,1401.869466559212,1403.526359809292,999416,9194,62.59839090703828
2025-11-18,1385.9822998046875,1414.3452049290602,1383.5456220624149,1407.425063936687,1553597,8356,70.46166797046085
2025-11-19,1397.580810546875,1406.9376286180004,1381.8886307951004,1391.3428921733257,5777445,15544,72.54024179287866
2025-11-20,1419.12109375,1427.6006845622271,1394.4618678125705,1408.6921607760282,2818268,13348,78.59325192591419
2025-11-21,1424.4818115234375,1431.7918447676564,1403.5263828900104,1418.1464493784479,2615232,6469,54.637463081105665
2025-11-24,1456.8408203125,1475.45713318236,1424.7742368613585,1432.7664921513858,6808658,16402,59.419619161770164
2025-11-25,1456.8408203125,1463.9559668104635,1445.9245517731842,1463.1761823526251,1675981,3400,69.3437593434826
2025-11-26,1481.889892578125,1484.1315646126843,1458.3027817116485,1460.0572371981734,1592891,16251,56.36504136040948
2025-11-27,1471.5584716796875,1493.1961224687473,1466.8800028168828,1484.4240825847924,1426194,10508,71.42950873913033
2025-11-28,1478.868408203125,1486.66577647894,1465.6127869515212,1477.4064016514096,1247146,10785,49.336235748657394
2025-12-01,1490.7593994140625,1493.1960770855467,1471.4608646645465,1476.9191178313927,1527101,16980,76.04585812271505
2025-12-02,1497.7769775390625,1500.0187685792419,1481.5000183498685,1484.5214748547703,1754978,6128,67.41728950401968
2025-12-03,1502.650390625,1511.519992837477,1491.5392352429803,1498.9467118237953,2142830,4728,51.881639126942495
2025-12-04,1522.7286376953125,1537.933482366394,1502.0655399303655,1505.964224152612,2422663,9221,69.81122050681196
2025-12-05,1531.0133056640625,1542.9042446709254,1517.1729056135198,1527.4069514562518,2223397,9491,63.64846061174043
2025-12-08,1551.4814453125,1555.2825672745914,1532.8651328308258,1540.9549502431973,2833786,5853,71.36744706287061
2025-12-09,1522.0462646484375,1545.8282617010564,1519.5121437528037,1539.1030077630455,1533609,7702,67.3131972714067
2025-12-10,1511.5198974609375,1533.060103664044,1508.985657572479,1523.4108365657405,735586,4096,61.17472045019554
2025-12-11,1528.4791259765625,1532.1829236377857,1501.9681204362773,1510.740160075425,1248064,10700,54.89659427756712
2025-12-12,1538.4207763671875,1540.4675617329374,1519.219685703883,1535.1068710720508,754479,10947,64.40221985739592
2025-12-15,1535.496826171875,1548.4598800048436,1527.9917875521965,1531.2082496718306,784781,12288,51.657298478012194
2025-12-16,1538.225830078125,1540.2727345011872,1525.0677706759338,1530.233574921488,999338,12587,59.635218177582786
2025-12-17,1539.3955078125,1546.0231996844905,1530.526024893888,1538.2258311444532,582251,9656,77.87899269613277
2025-12-18,1564.931884765625,1568.0509036535375,1534.717080850951,1540.954999648371,1748780,12157,76.68649924106265
2025-12-19,1571.6571044921875,1582.8658218265502,1554.6003607225048,1570.1950978833574,1802793,15232,75.48972554759162
2025-12-22,1604.9908447265625,1608.012420304128,1571.9495897850516,1574.971046384212,1466208,6298,51.22252726854905
2025-12-23,1591.6378173828125,1604.7958764977348,1587.544246582863,1604.7958764977348,1161166,7692,77.57153652692995
2025-12-24,1590.1759033203125,1595.1467021461046,1574.3862790552305,1588.7138966669381,955523,5493,69.19384665834146
2025-12-26,1571.462158203125,1592.3200231811038,1567.2710251589156,1589.201123458714,461192,16785,73.0445974656503
2025-12-29,1571.5596923828125,1588.5189931776351,1569.3179012800697,1573.119142334179,891096,8366,76.91148355877792
2025-12-30,1563.9571533203125,1575.2633137789921,1558.4990192000948,1573.996312792699,1973547,9494,77.29749371575986
2025-12-31,1550.604248046875,1573.8989107008142,1548.0701270295233,1573.8989107008142,729913,13249,75.65966085707566
2026-01-01,1566.9786376953125,1572.6317775144914,1546.9978806831978,1550.7016783548534,565878,11001,74.19021321534494
2026-01-02,1571.1697998046875,1578.0899407600073,1561.325645574297,1570.1951287129973,637080,3733,77.42063174051832
2026-01-05,1556.4522705078125,1569.3178811646821,1536.179064464693,1561.3256259048696,907810,14300,66.72921164648207
2026-01-06,1561.2281494140625,1584.230362603659,1555.6724529924427,1563.2749348416485,570335,10889,72.7566266179646
2026-01-07,1584.035400390625,1592.5151102205934,1555.3801656627709,1558.4990655446693,1309781,10053,61.29232359466886
2026-01-08,1537.9334716796875,1591.4429360538782,1534.6195663181254,1583.8404542819649,1657201,4532,50.39494803304486
2026-01-09,1542.12451171875,1565.7116228828763,1538.1283841472382,1542.9042961622456,1410053,10173,59.3306579427977
2026-01-12,1545.92578125,1553.6257066028718,1523.2160163987442,1532.2803860853573,652320,10037,72.24890940639933
2026-01-13,1573.89892578125,1581.7937378248917,1541.9296663960881,1541.9296663960881,2573438,4728,55.721810681401976
2026-01-14,1548.2650146484375,1572.1444561711864,1543.0017670069265,1572.0470128586112,1570385,3191,55.50520949705526
2026-01-15,1548.2650146484375,1548.2650146484375,1548.2650146484375,1548.2650146484375,0,15646,54.59359187496442
2026-01-16,1628.18798828125,1638.1295853953488,1559.4736792876383,1559.4736792876383,3733401,14400,48.504359820645504
2026-01-19,1674.77734375,1692.028974062386,1631.112032311868,1647.1941049340048,10621562,4339,78.88281532246944
2026-01-20,1635.9853515625,1673.2177379477191,1632.5740028997245,1671.5608447600164,1825981,8373,73.94473706818007
2026-01-21,1643.9776611328125,1651.3852565149207,1618.0514342306435,1635.9854058774683,1766163,11011,50.34493407375569
2026-01-22,1644.6600341796875,1669.2216982522325,1640.079008633106,1652.0675107270895,3123567,9806,63.37764427925981
2026-01-23,1658.012939453125,1666.3950868901406,1646.4143298819693,1655.96615399431,1831521,5113,65.61036807957821
2026-01-27,1700.8984375,1704.6996784173655,1656.9407966320878,1676.4342177689357,2932973,10547,73.86876167755881
2026-01-28,1718.2476806640625,1720.976688316802,1695.8302456944257,1703.7250576923996,2534826,14988,74.14358862133813
2026-01-29,1723.6082763671875,1731.6005312362936,1692.1263544498504,1706.7464199263109,1893136,3142,53.67395978878055
2026-01-30,1698.9490966796875,1715.421061348544,1687.1556006785963,1712.5944914858692,1672787,6101,70.89262959217581
2026-02-02,1680.3328857421875,1685.7910198120276,1665.9077066490968,1670.2937263624608,1030696,10740,69.49431366784964
2026-02-03,1673.0228271484375,1807.040094106148,1669.3190296338837,1798.2680548143705,2711705,5125,64.46463156982357
2026-02-04,1603.6263427734375,1614.0552755251442,1557.52435403936,1609.1819202246454,4823180,11597,60.712304173911214
2026-02-05,1604.50341796875,1617.0766981766064,1588.7137947169106,1588.8112380252012,1720981,16047,73.12183500784926
2026-02-06,1578.86962890625,1604.2110757442492,1559.4736515691789,1603.333848019562,1988639,14849,62.901216189705096
2026-02-09,1580.6240234375,1594.5618673017304,1572.7292115821144,1583.840485553369,933821,17030,49.373845935259176
2026-02-10,1602.9439697265625,1616.4919209878626,1570.2924898633769,1583.840441124677,1527966,12892,67.56515321805134
2026-02-11,1593.00244140625,1616.0046551629491,1583.8405094329264,1613.0806419147652,1521823,16530,77.38189593993822
2026-02-12,1497.6795654296875,1570.195117950064,1489.297417894288,1564.347091440008,5343729,7585,46.178870645723315
2026-02-13,1495.5352783203125,1508.790780763902,1427.3083050299551,1445.0472704940883,7058376,3300,50.212443461968746
2026-02-16,1474.3848876953125,1502.845354474944,1456.840808343716,1487.3480605853533,1873472,10649,56.334625470830275
2026-02-17,1485.203857421875,1508.3035147084388,1467.8546643947714,1474.38491311911,1781501,11565,58.108715164504304
2026-02-18,1466.68505859375,1489.8821584333555,1444.1700619263436,1485.983474193583,1989222,10133,71.30462799970954
2026-02-19,1441.8309326171875,1493.9758338197034,1435.0082352635873,1468.6343865063313,1108260,17326,47.94060142282032
2026-02-20,1419.998291015625,1439.881604433988,1416.29449339651,1427.893102805422,1599813,5392,77.14362650364433
2026-02-23,1404.403564453125,1432.76646871153,1393.779626025502,1422.5324225064478,2660793,16501,53.64590600831013
2026-02-24,1311.322509765625,1387.1518492663938,1301.478355541166,1384.0329493662261,7441035,5932,66.44177617682368
2026-02-25,1327.30712890625,1362.2977256160254,1317.1705258436616,1320.7767612607192,2683571,4499,50.57240699862036
2026-02-26,1327.30712890625,1361.2256112200141,1325.94256559387,1331.790592094009,1587449,12028,71.25506608320187
2026-02-27,1323.408447265625,1374.6761225588132,1319.7046495499726,1355.767479707542,2601590,17663,59.711795590087284
2026-03-02,1311.322509765625,1328.2818105464978,1288.7100690649931,1301.185906622473,1564363,8201,69.04669726093005
2026-03-04,1316.9754638671875,1327.6968453251834,1287.54044600114,1287.54044600114,1820421,13726,45.88255711086806
2026-03-05,1299.5289306640625,1332.0828478526253,1285.883536256939,1323.603257490986,1210010,7653,66.43617273581911
2026-03-06,1297.9693603515625,1325.0652625203886,1292.998561904613,1296.3124671953783,1033627,6798,56.03632681348785
2026-03-09,1302.4530029296875,1306.4491305348056,1271.0685229802766,1271.945750741986,1032250,6945,76.72160067135499
2026-03-10,1302.745361328125,1313.7591922891556,1283.3493827486914,1306.0592668456532,1069187,12411,62.09452289393715
2026-03-11,1300.60107421875,1321.0691662892568,1296.5073844176088,1309.860449203027,1499971,15581,67.3828765855404
2026-03-12,1315.611083984375,1322.1413326916006,1293.3885355560294,1300.6011254128366,3067753,3437,49.13797959484821
2026-03-13,1299.0416259765625,1308.4958875916375,1286.3709022978353,1308.4958875916375,1150005,11564,62.70347301303231
2026-03-16,1305.5718994140625,1312.297153598662,1282.5696859374982,1290.4644978157662,2062060,17216,75.65139623736584
2026-03-17,1307.813720703125,1320.4844449172053,1284.8113877163782,1306.9364929233923,1634005,12686,66.42001523369541
2026-03-18,1350.1142578125,1369.1203428221559,1310.250308026247,1312.6869855915875,2969039,5751,62.43502441106897
2026-03-19,1306.64404296875,1344.3638856401308,1297.3846675888738,1329.548813645286,1219405,16553,62.462887666364374
2026-03-20,1349.7244873046875,1355.7674000875506,1321.2640218971198,1326.234820344752,3397016,10708,49.41383574231326
2026-03-23,1348.9447021484375,1378.7696117962134,1323.2133632250711,1331.4006236522873,3647386,6123,67.41635927975425
2026-03-24,1396.4111328125,1402.746494488095,1364.5394378204803,1378.1848321986852,3988700,14625,48.11545107049271
2026-03-25,1372.82421875,1392.5125270114963,1357.7168169817182,1386.372170583043,4938929,9632,76.25402523787554
2026-03-27,1356.3521728515625,1385.007524745423,1350.406703402381,1359.6660781279838,2584016,10089,77.09907473906256
2026-03-30,1348.9447021484375,1385.9822011958656,1332.4727379869282,1345.046018038182,3048646,7271,75.68754783316436
2026-04-01,1368.925537109375,1386.7620655331336,1359.6661618138685,1376.8203490919684,1624500,11527,57.674271242081645
2026-04-02,1404.98828125,1410.3489718825876,1348.4573618518036,1354.792723508498,2501510,13266,55.61329708980742
2026-04-06,1412.7857666015625,1427.7957254132245,1397.3859155522457,1398.653035580022,1476736,13896,59.30089908471241
2026-04-07,1436.080322265625,1444.4624693446854,1395.0466956163577,1398.6529308432007,1673236,13474,67.09018173152437
2026-04-08,1414.6375732421875,1455.1838647675595,1409.179439206187,1446.4118253952167,2736951,12198,61.124052304514066
2026-04-09,1424.5792236328125,1426.9184580154035,1397.28843345219,1415.222405080851,1805451,10495,58.14100139507282
2026-04-10,1403.72119140625,1423.9943967334452,1389.880910158722,1423.9943967334452,2045026,16635,48.94893302818671
2026-04-13,1399.0428466796875,1402.9415308733173,1377.1127480905207,1389.4910228139352,1285567,13982,68.0644892684274
2026-04-15,1446.2169189453125,1448.0686987158047,1413.2729906073816,1418.146345747407,1678561,17530,75.83524944005522
2026-04-16,1453.234619140625,1473.215376814926,1442.025901420895,1452.0650614047113,1768783,4574,51.56247181954618
2026-04-17,1473.117919921875,1483.9367453037783,1437.5424248784675,1448.3612502603708,1859402,12845,69.8164040410473
2026-04-20,1466.295166015625,1492.513841317365,1458.302791939005,1472.6305279037063,1341688,13825,51.17068541176434
2026-04-21,1462.786376953125,1472.630530880362,1451.2852108340003,1462.9812635740996,2001948,14115,66.18049125451327
2026-04-22,1425.5538330078125,1464.73568002968,1368.5355774198156,1426.3336174277256,11668801,8183,70.01217202267807
2026-04-23,1385.494873046875,1436.5676589583873,1378.0873969936933,1432.9613047501925,4101549,6570,73.16749959382528
2026-04-24,1324.0906982421875,1390.5632201172343,1313.2718727552126,1371.459690224622,3693260,12684,55.5521723624399
2026-04-27,1360.73828125,1365.0268578300092,1325.7475654185482,1328.3792487414287,1834277,13159,65.57916259863391
2026-04-28,1372.434326171875,1377.2102382672795,1348.554884673256,1357.2294810949656,2009200,17204,61.653255179606134
2026-04-29,1422.8248291015625,1426.9183998704875,1369.6076952351495,1378.1848479623422,3334783,10679,52.34364239565603
2026-04-30,1436.1778564453125,1444.4625607410608,1408.9845091377047,1422.7273477620297,2635309,13505,51.33954796839317
2026-05-01,1436.1778564453125,1436.1778564453125,1436.1778564453125,1436.1778564453125,0,4565,51.63706494869058
2026-05-04,1434.325927734375,1454.599133651249,1418.341298335886,1446.411872839496,1483759,17071,52.540696190342125
2026-05-05,1415.417236328125,1446.2169363668247,1410.4464378210987,1427.893073228236,711081,9698,74.31261482616877
2026-05-06,1429.550048828125,1443.0980008574127,1418.5363368310132,1430.7197255302997,877900,8754,57.395674965764236
2026-05-07,1411.5185546875,1438.517013923679,1407.4249839046215,1429.8424178587811,1147147,12148,63.75252079449138
2026-05-08,1425.9437255859375,1432.5715362217152,1411.713552256836,1416.6843507444703,1360644,6249,57.483850711583514
2026-05-11,1420.485595703125,1438.029674401035,1415.027461681677,1423.0197166082546,1348443,9799,57.44591081874448
2026-05-12,1357.619384765625,1410.3490669276396,1353.7207004064608,1410.3490669276396,1474910,17513,53.20384939346315
2026-05-13,1340.1727294921875,1364.4420630801267,1336.8588240381264,1357.6193655481663,2142904,9233,55.433313933870544
2026-05-14,1309.3731689453125,1339.1980805684038,1293.680988157914,1335.2993961999368,2337353,5587,56.14355230790972
2026-05-15,1335.7867431640625,1352.5510385004068,1315.8059856048774,1315.8059856048774,5306932,4694,48.08867159105701
2026-05-18,1393.7796630859375,1401.2845829111923,1329.1589220242276,1329.1589220242276,6204623,17555,71.49651408308557
2026-05-19,1429.93994140625,1468.6344553115377,1408.984512838435,1409.6668539928023,6697277,5068,63.118614412084085
2026-05-20,1402.5516357421875,1439.1017999814733,1398.3605026513899,1416.7818092236696,2216454,17442,65.70588140500377
2026-05-21,1384.032958984375,1413.2730919206647,1380.4267235135949,1408.4971797453895,999422,7754,51.05352361912068
2026-05-22,1386.1771240234375,1393.0973836826483,1370.484943865385,1388.9062505632728,654078,7181,63.71657853713219
2026-05-25,1399.1402587890625,1408.3996335424558,1385.20241551628,1393.1947893220367,887430,10738,77.63258250718332
2026-05-26,1421.752685546875,1428.672945537498,1393.682229262443,1397.2884647399856,1725570,9100,70.78842285021926
2026-05-27,1418.731201171875,1441.5385282543384,1414.3451813090323,1423.1172210347179,1825192,9942,53.86155531502642
2026-05-28,1418.731201171875,1418.731201171875,1418.731201171875,1418.731201171875,0,17927,46.614880600642515
2026-05-29,1446.314453125,1458.6927283670382,1423.1172336096286,1439.4917555002912,3955137,8203,63.87357124854758
2026-06-01,1504.1123046875,1522.9235033927669,1457.3280946632742,1457.3280946632742,5243443,17905,78.56261483526782
2026-06-02,1531.59814453125,1548.7523315825506,1514.6388441027586,1523.3134404290147,4169279,15319,46.79979567311713
2026-06-03,1435.00830078125,1515.321103827723,1430.4272752476386,1509.8629694913225,3493572,10330,58.567394456384925
2026-06-04,1449.6282958984375,1461.714121699385,1416.294474701607,1423.0197287220692,2061503,8434,52.16889346208492
2026-06-05,1445.924560546875,1485.3987396517948,1430.7197153539942,1470.4862243985744,2201977,14509,50.52095714480268
2026-06-08,1465.320556640625,1472.825476524922,1422.0451359723115,1431.8892902940534,2467960,9707,78.71897048724004
2026-06-09,1446.2169189453125,1479.9405127186092,1435.8853108657408,1478.0886139697202,1330108,6884,71.52252050394048
2026-06-10,1441.4410400390625,1458.4003401094296,1433.9360015649486,1442.5131543986788,1082678,6858,65.54041628744602
2026-06-11,1427.9906005859375,1444.3651226088136,1401.2845887293347,1419.900901866935,2088978,8036,53.53422494036057
2026-06-12,1392.9998779296875,1441.148653699018,1388.9063069321967,1439.5892037465644,2460369,15853,77.6626499443866
2026-06-15,1389.4910888671875,1417.8539939284715,1387.5417466777053,1404.6959341494671,1926338,3068,72.62106576715858
2026-06-16,1410.1541748046875,1418.8286522872936,1386.8595120537962,1398.7504517115378,1987359,8252,54.388577003367544
2026-06-17,1425.3590087890625,1439.3942961131243,1417.1717479351594,1418.1464190135193,2126833,9511,65.63730556701078
2026-06-18,1411.03125,1423.019751663595,1399.1403106254045,1417.1717252868953,2273483,9637,62.653504456159595
2026-06-19,1373.8963623046875,1381.3038388880946,1309.957961775607,1315.8059883906765,5864187,11417,57.23775025239807
2026-06-22,1398.847900390625,1407.42505357162,1378.184920879689,1378.184920879689,2165308,5717,59.203391033155505
2026-06-23,1379.744384765625,1396.9961346151827,1365.0268749576924,1391.0505457250379,2402816,5397,76.0280560813282
2026-06-24,1424.5792236328125,1429.355135710102,1384.032930588711,1384.032930588711,3451553,17943,49.0342369232913
2026-06-25,1400.69970703125,1438.6144337210685,1398.7503649801374,1427.8930524399495,2553830,11129,55.86250174338754
2026-06-26,1400.69970703125,1400.69970703125,1400.69970703125,1400.69970703125,0,6571,46.91152192463862
2026-06-29,1397.4833984375,1417.074262737794,1392.4150375927952,1403.2338624471308,2466821,8562,64.9229288653404
2026-06-30,1369.120361328125,1407.230094147885,1363.467340687163,1401.5769545285245,2421536,17063,51.402913265801764
2026-07-01,1327.6968994140625,1369.1204203711397,1321.2640940728795,1369.1204203711397,3793024,14920,72.5988560198443
2026-07-02,1385.300048828125,1389.8809552969994,1338.6132804611077,1343.389192532353,3034626,11636,70.25080112100501
2026-07-03,1410.0999755859375,1445.0,1398.5,1399.9000244140625,2849871,7036,72.54960222280047
2026-07-06,1406.5,1417.4000244140625,1391.0,1409.800048828125,1158020,17332,65.15136217337566
2026-07-07,1447.5,1463.300048828125,1398.5,1398.5,4066916,16496,48.70138416129894
2026-07-08,1428.800048828125,1452.9000244140625,1422.800048828125,1441.0,1489170,6257,62.20628982719419
2026-07-09,1426.300048828125,1436.300048828125,1399.0,1426.0,1379708,3743,49.72778608632286
2026-07-10,1454.800048828125,1478.9000244140625,1445.300048828125,1448.0,1732609,12451,73.9229346018266
2026-07-13,1504.5,1524.800048828125,1444.199951171875,1444.199951171875,2285072,16878,71.00635744215043
2026-07-14,1484.300048828125,1519.9000244140625,1480.0,1509.0,2011058,15867,54.95273482497458
2026-07-15,1498.699951171875,1507.0,1453.0,1465.199951171875,1834279,16767,60.86035855019473
2026-07-16,1510.300048828125,1538.300048828125,1504.199951171875,1510.0,2903245,12779,69.2377918058581
2026-07-17,1572.9000244140625,1585.0,1527.300048828125,1540.0,10632264,7606,74.22934199935081
2026-07-20,1576.4000244140625,1608.0,1572.4000244140625,1577.5999755859375,2324331,3716,49.334233705361
2026-07-21,1576.300048828125,1614.5999755859375,1572.0,1577.0,2624717,6099,73.42184184760478
2026-07-22,1560.5999755859375,1574.0999755859375,1551.5999755859375,1574.0999755859375,975901,11790,76.72827963064172
2026-07-23,1555.800048828125,1567.5999755859375,1539.0,1550.0,2424854,11387,65.11851340381315
2026-07-24,1559.5,1579.800048828125,1531.0999755859375,1549.0,1231512,12160,63.244375008365964
2026-07-27,1575.0,1599.5999755859375,1571.0,1576.0,1513324,3202,54.2637051790717
2026-07-28,1635.199951171875,1643.9000244140625,1595.800048828125,1599.0,5082959,11753,61.60055375208681
2026-07-29,1644.199951171875,1673.0,1640.0999755859375,1661.0,2189575,17855,72.60501389588401
2026-07-30,1669.0,1686.5999755859375,1638.0999755859375,1649.0,4167643,8469,46.863509141156
2026-07-31,1651.300048828125,1661.5,1610.5,1620.0,3355677,6269,73.7280328604831
2026-08-03,1649.0,1670.0,1634.300048828125,1663.4000244140625,4154154,15595,55.004354102071574
2026-08-04,1648.5,1659.0,1640.0999755859375,1652.9000244140625,1978047,4918,60.27387638063165
2026-08-05,1650.0,1664.800048828125,1639.0,1663.0,2127405,7991,77.79904559902234
2026-08-06,1632.199951171875,1670.0,1631.0,1655.0,3585913,4097,51.815819969809944
2026-08-07,1635.0,1681.5,1634.300048828125,1639.800048828125,6089110,13663,77.94059000774281
2026-08-10,1632.699951171875,1665.9000244140625,1631.199951171875,1644.0,2405318,9267,47.27406188337933
