Date,Open,High,Low,Close,Volume,No_of_Trades,Delivery_Pct
2021-08-11,548.2772216796875,549.8902569668884,531.8538446049921,545.1000779727677,1737537,14179,59.34272721544201
2021-08-12,539.6255493164062,552.6762520499609,538.7457011844558,548.4237919683042,1066784,3232,65.1790190714257
2021-08-13,540.9453735351562,544.4158399201319,535.2265384974287,541.5808261690877,1898186,10642,45.726290288663506
2021-08-16,526.1838989257812,540.4565827679174,492.21289941315536,535.2265390838184,3196518,5369,71.70707691029877
2021-08-17,517.9232788085938,529.5565362726201,511.86225441277264,528.1390294891514,1687108,16300,56.71894845595637
2021-08-18,513.2308959960938,518.2654705569148,509.320565359933,517.1412266322545,2265646,8317,67.46228613271181
2021-08-20,499.05596923828125,512.7421270626415,497.5895951856712,511.2757530100315,1591038,3684,55.931721126186424
2021-08-23,490.06219482421875,503.6994854016638,488.79134924955247,502.67303550162234,1343003,10335,64.6427252807373
2021-08-24,496.6608581542969,498.7137877056432,483.9034163830353,491.72407765791263,1716068,13024,68.69894383691687
2021-08-25,507.6098327636719,512.5954808219801,496.66089424973404,496.66089424973404,2806811,8012,53.11011965043821
2021-08-26,497.78509521484375,511.031328133119,495.14561013758924,509.5160869653888,1187899,12897,74.27465772268825
2021-08-27,499.64251708984375,501.98870957100144,495.0478665294239,499.15372574654185,1162494,5352,53.63844023102963
2021-08-30,508.1474304199219,511.52010236892266,493.728086874883,501.49988058338715,1986619,6613,46.10183844695607
2021-08-31,513.3775634765625,524.9618942596621,506.5833519806018,524.9618942596621,4309112,14844,57.86787539176021
2021-09-01,517.97216796875,521.9314256238312,511.37348476616484,517.1412465433376,1619926,12407,71.58096654592123
2021-09-02,518.2655029296875,521.8336440579171,513.4753237344142,521.0515898152171,1142560,5814,62.79874993793575
2021-09-03,528.2857055664062,533.5157490517753,517.6300304588457,518.9008760128977,2265705,16160,59.152788317460555
2021-09-06,534.2000732421875,537.5238185902695,527.4547288098983,533.3690921549828,1460001,13374,73.42395327979654
2021-09-07,541.38525390625,545.6866413874852,529.458733769106,535.7152865296465,1930617,3797,55.643613026967316
2021-09-08,534.3466796875,546.4687290282368,531.8049885355291,546.4687290282368,1941273,3176,65.24649840773007
2021-09-09,532.5381469726562,535.8130249734618,526.5259898266233,532.5870141716262,1421480,11243,77.43641259648987
2021-09-13,533.4180297851562,534.4444796976717,526.5260239434523,526.5260239434523,773914,5171,65.54295188146637
2021-09-14,537.6216430664062,538.5503586084382,532.0982766850449,534.2489706595093,1274163,10429,63.123080213192786
2021-09-15,536.0574340820312,542.3139870467666,533.0758188671618,537.6704693568663,866324,15060,60.81268813960644
2021-09-16,532.4892578125,541.580764121593,531.5116752057824,537.6704336947223,1160127,14237,53.51815959013312
2021-09-17,534.8355102539062,548.3750674351045,529.3610706019823,536.6929413859432,3038827,6065,66.98675628335857
2021-09-20,533.1736450195312,537.4261060299464,523.1534220330702,532.5870595811506,1363420,7611,54.55890835865014
2021-09-21,521.1981811523438,535.3731286917622,508.3429462412122,533.17356786668,2119176,17461,73.78239426268772
2021-09-22,527.9923706054688,528.87221886591,519.0963922694976,523.1044573072626,789554,7506,48.06135160296069
2021-09-23,527.601318359375,532.684759593136,525.3528904098954,530.8273288666201,1058373,12713,67.86574108964267
2021-09-24,525.1574096679688,531.3650356068911,521.1004178179612,529.5565315775101,1374432,3586,59.2498318143781
2021-09-27,542.7538452148438,544.5134818763956,525.9394133743283,527.4057872034389,2327317,13698,68.8111164190976
2021-09-28,543.1448974609375,549.3525830998719,531.8538297662868,547.4951521947303,1555165,16477,56.450914813691895
2021-09-29,538.4036254882812,544.8556468838381,530.8762274155266,537.8659669831361,966528,12746,52.85246136499691
2021-09-30,537.1327514648438,546.2242573722903,535.9107732604315,537.6704099414043,1339499,6636,52.71721557764605
2021-10-01,551.3078002929688,556.9777682735596,532.7337281609852,538.5503574199105,3518568,12806,48.48408509086437
2021-10-04,547.9351196289062,562.1100692000376,545.1978999209673,561.1324864709941,2842764,5608,67.89803734377153
2021-10-05,549.4014282226562,556.244506510127,541.9228973703002,546.4686803851688,1910687,7925,65.40720154234721
2021-10-06,531.804931640625,553.3117487290326,527.9434684572796,552.8229574315689,2025110,4194,45.74153791530239
2021-10-07,545.2467651367188,550.57460292397,532.0005311398415,535.5198050848054,2873448,6448,68.70585069957386
2021-10-08,547.201904296875,556.0001484034794,542.6072537744881,555.2669613945958,1781059,4200,70.3491799606644
2021-10-11,546.517578125,554.191637862108,543.927019857255,548.4238762592835,1680108,15525,46.41283822244595
2021-10-12,560.9857788085938,566.9979359618496,546.0287762243613,546.4687003494379,4445077,3096,54.472512753822606
2021-10-13,564.2607421875,573.4499836991833,561.1324656373241,566.0692463023188,1587573,9440,70.51627971161709
2021-10-14,570.7127685546875,575.502947653367,558.2485891247065,566.0692507278319,2413386,12463,51.838997233943104
2021-10-18,572.7657470703125,577.6536607347906,561.034754275565,570.7127875310828,2022170,13356,61.292514657717064
2021-10-19,570.1751098632812,585.3765089172524,564.2607464607481,578.7289584896057,2398150,3610,49.26899228205857
2021-10-20,566.3136596679688,577.555860985793,558.0530737227933,567.975562230943,1094973,17011,73.83466156325238
2021-10-21,564.1140747070312,575.0630126786644,553.3117980044608,569.8329691968004,1429062,13189,76.68178110228304
2021-10-22,605.90576171875,618.6632043612954,585.5231857458143,600.2357938406092,18455677,17862,74.40740034222101
2021-10-25,586.0609130859375,606.101361323238,578.777908988266,605.1237784823942,2875675,3462,75.58617414059853
2021-10-26,611.8690185546875,615.2416310411191,586.5496034714073,590.264405693344,2525727,6736,65.25788329932055
2021-10-27,611.820068359375,614.7039490665318,606.7855535883538,613.7263664313538,1380261,15482,68.27215479888879
2021-10-28,637.3350219726562,641.783011106348,608.3496724710054,610.7936291012658,7408494,12857,56.60309757605817
2021-10-29,647.6973876953125,666.4181197394063,623.9421406882717,638.3614851068412,6069828,7191,58.00026803588494
2021-11-01,656.2512817382812,663.4854178844608,640.4144294094252,647.697432759245,3395775,5947,78.61937948264566
2021-11-02,682.3526611328125,690.9553761592716,661.8234263422837,661.872293539356,6921074,17622,68.58715136774227
2021-11-03,690.7110595703125,698.9716454959198,680.348706594761,684.3079046813201,3662182,3052,67.55783408242002
2021-11-04,692.8616943359375,697.8962687858829,689.1957594452712,696.0388379078483,273871,6618,58.256824565785784
2021-11-08,696.2832641601562,703.3707385935169,689.782315468309,693.1061204486497,1531643,5851,72.85020786972441
2021-11-09,715.0528564453125,795.7034267812675,710.409338759303,738.0749164078302,25844281,4623,70.22686161523873
2021-11-10,736.6085205078125,739.8833984906854,705.4725372369866,715.0528351920938,3682913,12888,66.59428808531837
2021-11-11,730.3031616210938,748.6328376858102,726.3928307272876,734.1646253121102,3344306,15109,70.1087272015074
2021-11-12,712.7066040039062,735.1421372811749,702.6863820529328,735.1421372811749,4094224,13279,61.318870941312156
2021-11-15,719.6475219726562,727.3215222315874,714.4662859759175,716.0793212831154,2138789,13146,53.58694382487532
2021-11-16,721.5537719726562,733.9202170795905,716.9591809845431,723.4112029822138,2419607,17647,69.6761679338669
2021-11-17,723.1178588867188,732.4537607540733,719.7451869939092,721.4559565385467,1754996,7553,46.733493270256155
2021-11-18,707.6232299804688,725.366380264762,703.3707690033642,724.3887975420332,1834193,8882,54.80651428061455
2021-11-22,693.93701171875,714.8573040387502,689.1957597912053,707.6231686507739,1714646,14722,48.975786949097746
2021-11-23,696.7720336914062,703.8595079029287,680.5441855704082,680.5441855704082,1642526,16041,74.14128636753391
2021-11-24,686.4097290039062,717.2524518096487,684.6011651762656,717.2524518096487,2966210,4543,52.70655704729888
2021-11-25,685.774169921875,697.016369428791,683.6723435386028,686.2629612047845,2020161,14256,71.9345812624558
2021-11-26,661.6279907226562,684.2101879609771,659.8683537128052,684.1123938862037,1323904,3233,60.34792556280044
2021-11-29,668.9597778320312,678.9799997304609,639.3390362510303,659.1839515896608,1687675,5310,63.937556934561414
2021-11-30,671.1105346679688,679.1755920765787,659.0374119897242,669.644160593676,6521283,15661,51.57972546876562
2021-12-01,662.99658203125,682.352707060324,660.3570968757147,674.3365171929952,1802639,10595,64.92645643764655
2021-12-02,665.0006103515625,667.6889626903597,654.2472009963737,660.8458840097851,1032008,9169,64.84144969906596
2021-12-03,657.228759765625,670.3283902674709,654.6870689121472,662.8009924318402,784522,8450,45.942931463198654
2021-12-06,646.3287963867188,658.4996527110798,643.7870456829171,656.4467530018144,1068384,16717,48.943082948477894
2021-12-07,651.314453125,661.823466815197,648.3817051184334,648.3817051184334,644440,10578,62.93442418261755
2021-12-08,667.2490234375,669.2041887305068,648.8216144176752,659.3306278675865,879154,6042,45.31092915381241
2021-12-09,669.3019409179688,670.5727863455261,658.8906625173638,669.6440709560745,871861,14990,56.638363333555255
2021-12-10,666.955810546875,675.5096593446546,663.3387425504311,669.6441630261771,1066005,4421,78.85462329172132
2021-12-13,660.1615600585938,676.3894680563809,658.010866267693,668.6665411557997,780239,12579,62.36347936544522
2021-12-14,645.3511352539062,661.4812471040734,643.0537804932861,661.4812471040734,1294853,14153,72.71043078777495
2021-12-15,658.6951293945312,692.9105196386347,648.0395150900822,648.1372494811603,14240307,16273,51.602198254050755
2021-12-16,622.3292236328125,663.2899692561515,618.8588164197573,663.2899692561515,6951407,16858,55.20131356025718
2021-12-17,601.7509765625,620.8138378664878,596.3254048939775,619.7873880373471,3261223,5868,59.11039319310535
2021-12-20,593.4904174804688,600.2357617973995,576.7737776229083,591.4375177319653,2559927,14573,65.94311789477628
2021-12-21,600.9200439453125,605.4169000968591,593.4903802888305,594.8590198133398,1412370,4972,70.41133878450307
2021-12-22,603.4129028320312,610.6959056541921,599.7958350210006,605.221406904091,1160140,7979,55.13847867352746
2021-12-23,606.4434204101562,609.3761685891371,602.7774851864302,609.0340385016884,504198,6208,46.73251186727231
2021-12-24,596.814208984375,608.8384636693514,592.4150870508292,608.5940680063767,1040322,5983,66.37469678935439
2021-12-27,592.0729370117188,594.174703842238,586.5495713480943,594.174703842238,868742,7788,53.813054975674
2021-12-28,596.9119873046875,600.9201122725449,593.0505832790849,594.3702960894916,713046,7647,48.298533056360704
2021-12-29,609.2783813476562,610.6470209125936,589.3356715932196,596.3254113470844,1165031,13464,66.18558121699729
2021-12-30,601.897705078125,611.9667953688622,599.0138240611346,610.9892126286563,756389,8547,62.00038448754522
2021-12-31,612.9442749023438,616.3658139169502,601.8976037314242,601.8976037314242,728420,8866,78.03998404766385
2022-01-03,615.1439208984375,618.7609888625301,602.4842128575701,610.9891943766761,1188070,16229,61.97508280741276
2022-01-04,616.3170166015625,621.3026644356586,612.4555530567291,616.854675145724,574936,3773,78.29545353288958
2022-01-05,624.382080078125,629.7587849079293,615.2905729356564,618.6143183030242,1056096,14594,47.8304307511297
2022-01-06,634.3534545898438,635.4287717213757,615.8771172068718,620.7650308354978,1042775,6775,59.85929301543755
2022-01-07,626.6793212890625,639.3390280438006,622.9645192980305,636.2596189502211,715951,16220,77.47464377229711
2022-01-10,635.2332153320312,638.3614918502849,628.0968736811761,630.5408303881068,771849,10115,64.92946820115527
2022-01-11,628.2922973632812,638.1658569457845,626.7770563910815,632.4958902647361,389969,6428,45.77008942171939
2022-01-12,640.1211547851562,643.3960927058105,628.0968992313094,630.5408560376569,810304,6952,69.92058145359552
2022-01-13,645.6444091796875,648.1860999511883,628.5855816933533,642.7116615201539,1892618,6995,74.19414037692161
2022-01-14,643.9825439453125,649.2615139028605,638.0681810917959,644.1780724005748,697133,6548,69.36822520671052
2022-01-17,642.7117919921875,655.5669693759656,638.7525937814713,642.2718678205711,1356881,14820,67.05495377696225
2022-01-18,628.7811889648438,645.8888857901711,625.8484409376448,645.2045659837758,900906,14992,77.10397965331533
2022-01-19,628.39013671875,634.4022940861535,616.9035401931393,625.6529171396464,519529,11738,68.25536832215346
2022-01-20,621.88916015625,633.1313594289517,615.53487361081,624.6752465440278,545287,11820,47.61727927800705
2022-01-21,616.952392578125,637.3838940295797,613.2375904051997,615.9259427189747,3144751,6196,66.89778516168009
2022-01-24,598.47607421875,616.952349390827,593.7836897147419,616.3658237029157,712987,7074,70.4144667221471
2022-01-25,606.7855834960938,609.3272746060699,581.6616966003113,593.3926888006538,1227614,6470,74.73430467378837
2022-01-27,615.7304077148438,621.7425648740216,586.5495895037939,595.3478333463509,2490371,11135,62.19598933553884
2022-01-28,588.4558715820312,625.6528784369727,571.9347013940417,625.6528784369727,6413288,5252,50.1591183047658
2022-01-31,592.7084350585938,599.7470430967808,583.8613227213567,594.370337738945,2066796,17433,50.32786938255515
2022-02-01,612.211181640625,615.7793824542782,593.0016572241774,596.325462356537,1547133,12825,78.22101511948202
2022-02-02,612.1134643554688,626.1417529873254,607.6165478937396,611.9668030758247,2011120,13447,58.72920832078431
2022-02-03,642.5161743164062,648.1372743579724,612.3088476175748,613.9218828006134,4972594,15883,72.90128616927389
2022-02-04,638.3614501953125,640.3166154332768,629.0744153149825,640.3166154332768,1376064,15111,69.29782777678756
2022-02-07,622.6712646484375,638.6058494954239,614.508413933196,638.3614538392833,1305798,6866,45.22449968260832
2022-02-08,641.7830200195312,654.0028033405429,624.1865320372746,654.0028033405429,10100060,17370,64.5052868379847
2022-02-09,645.057861328125,650.9233569880013,634.2555854212344,639.3390269265086,1943723,11917,57.80873176356113
2022-02-10,653.4651489257812,661.8234688366432,650.0924767745462,653.0252247900704,3502156,5821,50.047954652534095
2022-02-11,645.6444091796875,658.0597195384269,626.239359698965,645.1067507088204,6277578,7259,52.41609141232378
2022-02-14,627.3148803710938,653.4163524685522,622.86689066603,639.339136603183,2853430,7105,53.30119577145062
2022-02-15,648.4305419921875,651.0700270080341,616.4147110845101,630.6385263177455,2567801,10782,71.21900282445111
2022-02-16,650.1902465820312,661.5791091959455,642.2718503756722,650.0925121762892,2258102,12137,76.2455416011149
2022-02-17,656.1535034179688,664.1696932866514,648.2350479500252,650.0924788993594,3282622,13545,75.618998065796
2022-02-18,648.6260986328125,666.3203210136049,647.0130633677902,655.957968624894,1962790,11859,70.3036119872603
2022-02-21,643.6405029296875,656.2512845352363,642.2718632204424,648.6261510605228,1757845,9102,54.09108664196715
2022-02-22,648.6260986328125,651.5588466296451,623.6977406597352,625.652905990957,1225239,13725,72.27480928927392
2022-02-23,636.84619140625,656.4955776360484,634.3044408672476,650.0924235926897,1558086,15140,46.14394811546561
2022-02-24,605.2213745117188,630.4919209694046,601.9953638079674,622.7201272283846,2115554,14685,56.82993704604722
2022-02-25,617.7833862304688,623.6000151067542,610.3537220662773,612.7488115643845,2854919,9428,54.94504539180035
2022-02-28,603.7550048828125,615.8281860927004,596.3254008051185,610.9891401691789,1615551,9607,52.838121698084144
2022-03-02,584.5455932617188,598.1828839968914,582.6392950442149,596.3254529814951,3546669,3575,64.2748050093492
2022-03-03,572.4235229492188,597.3030139411992,570.126227531594,597.009751072319,2284162,5352,53.653947106893334
2022-03-04,542.3140258789062,565.5804831945867,540.5543888774862,565.5804831945867,2215341,9487,54.01156733879907
2022-03-07,518.216552734375,531.8049757989434,501.49991283981245,531.8049757989434,2581507,12271,61.01636559454693
2022-03-08,523.1533813476562,525.4018095193028,507.80532174081816,513.2308935391355,2002029,16446,77.67606483293915
2022-03-09,542.9982299804688,546.41976884655,523.0555224371201,526.9169853765065,1835596,14328,69.43958446715341
2022-03-10,552.57861328125,565.2383209987848,547.1530413071384,562.1100444700907,2099008,10463,60.69427617256235
2022-03-11,568.56201171875,571.0059681990866,545.051162311293,552.3341645560773,1993394,15491,65.21899435457902
2022-03-14,578.9732666015625,579.9997163481002,561.6211762981809,568.5131213585377,1892847,4594,71.37909520439844
2022-03-15,581.4661865234375,586.5496285711031,573.0589990473504,578.973362535393,1578493,6212,46.30950242151446
2022-03-16,596.0321655273438,598.1828593336253,587.0383930345645,589.4823497083137,1238848,12110,52.11020209463361
2022-03-17,597.9872436523438,609.5227055366579,596.3253414231938,604.0971344456142,1019241,13065,71.54083570817357
2022-03-21,595.0546264648438,607.6654080253909,592.0730110377522,607.6654080253909,780297,15272,53.279116468469056
2022-03-22,598.8182373046875,600.968931057225,586.1096629187682,592.4150829128562,821505,3698,54.654710892730265
2022-03-23,597.44970703125,603.1685421132075,594.3214303737791,602.19095938693,382090,6463,66.89993841619456
2022-03-24,595.2990112304688,602.9730117408803,591.7308104239963,599.6003394124323,789555,9274,55.11016412309743
2022-03-25,593.1349487304688,604.7418892853655,590.6266786162965,600.512249087813,784429,10879,75.038700477043
2022-03-28,597.4630126953125,601.004092992895,591.6595121689465,595.1022524725065,696633,9044,78.10594293811434
2022-03-29,603.4140014648438,606.9059116395617,598.5941411989236,599.0367912293243,1488760,8164,55.86861220108728
2022-03-30,611.6273803710938,616.7423207160961,605.9222800017786,608.8732001965925,1536320,5903,45.42280025447672
2022-03-31,615.4143676757812,617.578327567935,607.1025979701652,613.2995177378996,990282,17354,55.36499269593764
2022-04-01,618.463623046875,619.5948330122244,608.873133464836,611.1354933589164,1025492,3480,60.34603379937191
2022-04-04,623.2343139648438,624.4638640318803,616.5455736074897,624.3163540458105,750972,13585,60.708601762906355
2022-04-05,626.5787353515625,631.5461057830526,621.7097049141113,623.2835650751177,747815,7235,62.50541818980613
2022-04-06,637.3004150390625,639.3660351379352,619.693234056768,634.7920848719141,1725636,7200,70.28015286004589
2022-04-07,627.51318359375,640.251334282859,625.004913466824,636.9069340892081,742601,3073,51.56267801299183
2022-04-08,642.71044921875,645.267889399892,628.0050180856194,629.4313082021364,1370697,7774,78.69420508814864
2022-04-11,640.300537109375,650.3336781681497,638.3824269010372,644.2842675195368,975863,15543,78.73189505429556
2022-04-12,639.6119384765625,641.7759585802324,629.0378080057851,637.3987483780277,1061190,13822,66.13547682272474
2022-04-13,639.4152221679688,649.10411298054,637.2512019840639,646.2023627364374,884084,11615,61.733556246113196
2022-04-18,645.267822265625,653.8255020377521,630.3164826692196,633.5133125813587,5207648,9814,78.87925824425002
2022-04-19,630.1198120117188,649.2024536019414,623.6769814870853,645.9072833445214,690068,5275,58.34386690773603
2022-04-20,641.0382080078125,646.5957380552006,626.578687820026,631.4968878814077,605933,9777,58.2616552929105
2022-04-21,647.431884765625,652.1533449388531,641.3333045250863,641.8742945384499,634287,17552,76.91555561998575
2022-04-22,635.0379638671875,650.8254339929895,618.7587337750007,640.2513039283523,1266650,12263,52.641372560798295
2022-04-25,638.7265625,643.4480821782812,626.9721134031671,629.6771232020665,1120487,17562,66.18796546363347
2022-04-26,670.3507080078125,673.7934482543676,642.4153059925433,644.2842461410377,7352944,3950,57.77261731803252
2022-04-27,675.3672485351562,678.711648790222,661.0061275174336,668.7276780578605,2798687,15304,67.24032214634198
2022-04-28,670.2030639648438,682.351053515173,666.7603240985075,678.6624036583842,1424197,9985,70.40791906076103
2022-04-29,644.1366577148438,674.7770690485338,640.4972375874669,668.875228794465,1769821,4526,48.757358910546095
2022-05-02,638.4315185546875,648.9073083816542,632.5296786604234,644.1366184451521,853787,3963,57.372235290961065
2022-05-04,617.234130859375,643.7924121871887,613.9881307044114,638.3823919167081,2056479,6510,46.9063093636734
2022-05-05,620.7260131835938,637.546293292033,613.9881031636052,620.6768431906652,1563698,12388,75.49817217921726
2022-05-06,618.7587280273438,626.5295080173103,609.0698980727663,610.6436980531191,3963203,8038,53.32047712629118
2022-05-09,605.3812255859375,616.2012651494516,597.3153659039941,613.1027752597978,981633,16402,72.77466358000746
2022-05-10,606.1190185546875,617.8242992771359,601.397558261741,605.3812885077701,1204286,7571,74.65782067779368
2022-05-11,610.00439453125,613.6930446795001,598.8400440605725,607.0042443813745,1977793,6743,59.59118557826919
2022-05-12,592.397216796875,608.8731875421596,579.4131562022214,605.4304473864285,1947444,12425,46.74135695410736
2022-05-13,624.2671508789062,631.005060873586,596.1841808107303,600.0204008306897,2489259,9854,64.03653646962543
2022-05-16,642.8087158203125,644.8251657371381,622.0539366156661,628.349196356893,1247350,12868,58.69411182819681
2022-05-17,665.0881958007812,671.1375456495256,642.8578962539012,644.2841862307437,2524634,14691,54.55898372999742
2022-05-18,669.0719604492188,681.6625408265696,663.2192902630802,666.1210403590604,2014804,5803,63.734363444456754
2022-05-19,667.9898681640625,678.3180876720531,654.907468794598,660.1699785658785,2516859,11773,55.35208430778326
2022-05-20,673.3507690429688,684.5151193808007,666.5636888729227,682.4986092944532,1957573,17421,54.2517555901255
2022-05-23,684.5150756835938,698.3843751759617,674.1376260231627,674.1376260231627,2656671,5211,66.8010292465766
2022-05-24,697.253173828125,700.8434837595763,681.023114204219,683.5806141669276,1995805,16409,62.63324843448032
2022-05-25,690.662841796875,703.2534216397431,685.7446418553936,700.3516716669451,1126056,3246,65.87412495892686
2022-05-26,696.712158203125,700.3024680024228,682.449379058622,690.6628085879443,984399,16176,64.11431154295833
2022-05-27,711.8603515625,717.9589321828447,697.4500000993438,705.6634309469187,1809438,3762,61.33301118137527
2022-05-30,727.5493774414062,730.352727532437,718.057227068928,721.9917872172508,1080849,8498,66.09266506473779
2022-05-31,724.5001220703125,737.4841837277976,721.0082116338455,724.8936021349689,1712518,5975,61.0786295921812
2022-06-01,725.1394653320312,732.6642757803954,716.1391347548189,724.9427253124098,1950546,17535,55.4477612097845
2022-06-02,726.6640625,728.5821725403193,718.549032360406,720.0244923857867,719240,11564,63.23633041159241
2022-06-03,718.3523559570312,731.9758074196573,716.1883357208661,730.8445972853855,831010,12591,56.85879770536907
2022-06-06,716.7785034179688,727.3034637690479,711.4176532355542,717.8604834386588,897590,12468,64.27611391262091
2022-06-07,731.8773803710938,733.9922305313169,704.3354584752592,712.64722905472,2341860,12589,61.99909978582882
2022-06-08,738.7628173828125,742.6482074290038,724.155787251341,734.779087350286,3376027,8315,66.07772684434397
2022-06-09,751.69775390625,753.4682940258787,733.9922326367123,738.7628629641321,2206938,14531,68.98046303789276
2022-06-10,751.15673828125,753.6650083683139,741.6645879094046,749.5337082055257,1330054,10550,55.957700082804124
2022-06-13,738.1726684570312,750.0746887398591,736.1069883834296,746.3860386476658,1450884,13181,59.924192684908675
2022-06-14,737.6317138671875,748.3533546279734,730.8445733570279,731.4347333854654,1342735,11252,61.056001234099355
2022-06-15,741.5169677734375,745.5007576834012,737.3364978986622,738.9103578734904,694564,4221,69.12528391629635
2022-06-16,734.87744140625,753.8125119581872,727.0083211768734,747.7139918097187,1719322,15765,48.30270592692667
2022-06-17,728.0411376953125,738.3693572368203,719.9752780460494,728.877207643549,1829920,11580,70.3762859464656
2022-06-20,718.6965942382812,734.6807443322168,711.122554186446,727.7952642917522,1866728,14626,58.075926703600736
2022-06-21,732.2216186523438,736.7463385056882,718.0571790509377,719.286729015066,1053612,11067,61.065071514838905
2022-06-22,731.7298583984375,734.3364685131978,722.3852779082561,728.8772782341536,1294272,9980,56.39595701071491
2022-06-23,759.3700561523438,763.107876027635,732.6150369852483,733.7462469643715,2403326,15305,66.30120100757627
2022-06-24,785.6824340820312,792.5187439508514,764.2882645154783,765.2719044955497,3909837,8924,47.59416026562817
2022-06-27,788.387451171875,797.5844610542413,782.9774312324548,797.5844610542413,2192974,16787,58.13349711904657
2022-06-28,806.7815551757812,810.1258952166861,780.1248746526311,785.8300347891918,3330788,17037,66.64203552613651
2022-06-29,819.7163696289062,827.2412396402826,795.3712796394925,800.5846196665224,2359911,15238,53.78903892335262
2022-06-30,828.1757202148438,836.0940103051149,811.6997500117724,818.7819701063871,4098480,14073,64.71905787647792
2022-07-01,846.373046875,871.8001167662491,813.7653569810286,823.7984969512214,3263584,11400,63.12424001430819
2022-07-04,827.1428833007812,837.569443075446,807.7159936933356,826.2575833040219,4102568,11192,70.20993036437262
2022-07-05,799.1091918945312,832.897203227831,796.945171800875,826.2084629683128,2427183,3818,53.340075808091825
2022-07-06,811.601318359375,821.9787681121538,801.7649186214763,803.6338585863249,2184396,9672,59.157219524234364
2022-07-07,812.4374389648438,826.6510484290792,807.0765891623527,822.4213485613952,1581958,5217,46.39128573654959
2022-07-08,825.4215087890625,828.0772886914726,811.5029791323269,821.2410388965626,1066301,16470,52.01016049212461
2022-07-11,840.9630126953125,843.4712826363532,816.2736131815942,824.0443930362738,1110345,17238,47.853564622265054
2022-07-12,834.9628295898438,844.6517200713861,829.9954593615525,841.9958799380884,808629,15177,70.7508272210905
2022-07-13,842.9303588867188,851.5372093858082,835.8973084642415,836.9793485489589,891323,16004,76.28093210558796
2022-07-14,822.7657470703125,848.4387288362159,818.9295267896026,842.9303684688315,923118,8221,57.663230426586615
2022-07-15,857.3898315429688,859.7013615324407,822.765691473926,823.5525914680045,1584738,9606,69.45213728072167
2022-07-18,863.8327026367188,867.3246128017173,856.750482279893,861.668682522602,1456093,15753,61.83586892425174
2022-07-19,865.750732421875,874.1608420493656,856.2585828193962,856.2585828193962,1289938,11219,75.0303821257684
2022-07-20,863.094970703125,875.4396412778644,858.8653305110174,867.5705209068275,679275,8748,60.21111044752547
2022-07-21,865.1113891601562,872.734599240874,858.7177290924576,861.6686491237032,815859,4221,68.6692645590658
2022-07-22,871.2591552734375,883.9973056502693,860.9801049679392,860.9801049679392,2263170,15885,78.7177917197603
2022-07-25,856.75048828125,878.3905695007535,853.5044881056493,870.3738790343331,980576,13003,53.7911366367334
2022-07-26,850.3075561523438,858.4717556279328,846.4221663911042,855.7667457992569,1080149,12034,67.4777748370392
2022-07-27,835.9464111328125,853.7503307532653,823.3558314240836,850.3075908309071,1305629,7425,55.370320932950065
2022-07-28,856.3569946289062,859.9473047887991,835.1103937840326,843.9139841475022,1418272,13642,59.32068378683401
2022-07-29,893.1943359375,937.6057082366151,882.3251253857253,884.2432354917147,9480378,4489,68.89407682074956
2022-08-01,911.4900512695312,928.1627016290212,893.1943108209233,894.0304408623936,2767083,3204,52.50633628128864
2022-08-02,922.9985961914062,925.4576962612257,902.391385635617,915.7688660007859,1898797,13196,58.93451347539381
2022-08-03,912.572021484375,928.1135216726346,901.309331335314,919.7034115741209,1237195,12323,74.69961475320932
2022-08-04,918.818115234375,929.1955654358997,909.0801150947324,919.7034152637161,1265730,12559,68.39978858085294
2022-08-05,932.8350219726562,935.6384321508642,919.7034512554765,919.7034512554765,2153657,10993,69.78254456198695
2022-08-08,941.0484008789062,945.1797008900569,926.6872208436325,934.3596608800356,1356911,16958,52.94291409612135
2022-08-10,950.7864379882812,953.1471980972893,934.5563773395659,944.2452677488034,1247420,17215,59.72241355811242
2022-08-11,942.5730590820312,958.950689601993,939.4745689717823,955.1144694689823,1035579,10091,53.492441880033894
2022-08-12,936.96630859375,948.7208190853357,935.3925085435611,944.2944389029781,653263,15624,49.314636869730165
2022-08-16,963.0819091796875,965.639409226076,934.0153589095196,942.3271289961945,965828,14051,75.82514417884256
2022-08-17,954.6718139648438,969.8690643537766,952.4094539153592,964.9508642302787,1182141,8136,74.24428643828323
2022-08-18,958.0653686523438,974.6889088171204,955.1144486256939,955.1144486256939,2149414,12923,66.92803175303816
2022-08-19,943.0648193359375,975.2298582974049,938.9335194629439,965.3442886261616,1831816,5381,58.19840522447491
2022-08-22,921.6215209960938,943.999331262911,918.326290934831,937.4089311770075,1465242,15763,54.19724063683313
2022-08-23,939.5238037109375,943.5075338464909,909.8670326326405,914.7852328090331,1292054,12245,56.465522588969144
2022-08-24,944.2452392578125,950.8848093228584,934.9498291594239,943.3107692413336,1250754,13898,46.199664470096856
2022-08-25,933.57275390625,952.1635749946591,930.4251537537491,949.1634848287055,1538844,4942,47.946448101826974
2022-08-26,938.8352661132812,951.4258468583857,935.9826859281591,943.1140763543398,1280541,14986,67.87649792389013
2022-08-29,942.1795654296875,944.2944154790029,919.2115950678419,919.7034150759039,680203,14950,51.44932199840284
2022-08-30,969.4755859375,973.557716061424,946.9502653564864,948.2289853833926,1055038,11741,75.38490804752561
2022-09-01,998.4929809570312,1011.9689215539419,961.9999594742427,967.8034597270291,3390887,3401,49.43581556136037
2022-09-02,1009.0670776367188,1020.4772777085894,1003.2144676216375,1005.2800876226519,2684334,10729,74.03456885619545
2022-09-05,1021.067626953125,1025.8873672576344,1005.2801557344527,1009.0671460051035,1159599,13145,56.93016533783534
2022-09-06,1037.297607421875,1041.576417396471,1024.7069674242268,1025.7889474068586,2050061,11229,71.62102464466675
2022-09-07,1024.36279296875,1045.5601644344604,1021.0676227487197,1030.8547934164553,1263932,13622,59.69307830287615
2022-09-08,1027.70703125,1045.3140896704065,1020.2312718372058,1031.6907008619223,1430694,10307,62.72768433614095
2022-09-09,1036.56005859375,1041.3797993654355,1027.2645869485073,1038.7240189372308,1205966,6729,52.572039556498126
2022-09-12,1033.3138427734375,1053.8227132107886,1029.920332727944,1041.7240129880881,1677576,17809,48.23652330661377
2022-09-13,1021.7069091796875,1042.1174409618059,1017.6248988818659,1035.3304204278,903787,4789,67.4024498895152
2022-09-14,1020.8707885742188,1032.3302190220331,1007.7884481236522,1014.1328783341745,893907,3852,78.35875848413217
2022-09-15,1024.5103759765625,1044.3798576141376,1014.5264051243481,1024.7562859971922,1604996,10247,50.228570133825016
2022-09-16,1008.1326904296875,1026.4283709670137,995.7387900337948,1022.9856308631474,1601671,14034,72.8673532755964
2022-09-19,1010.39501953125,1023.9693003607206,999.5258689344829,1002.8210391140775,1895834,15042,46.03386017148934
2022-09-20,1064.446044921875,1070.1510848506343,1016.5919351361815,1016.5919351361815,3241244,11528,69.96872701150093
2022-09-21,1050.9700927734375,1076.4956223997028,1049.1996128463536,1058.3966226812124,2001040,9569,48.36625882156492
2022-09-22,1049.0029296875,1068.2331415447948,1042.6584991137038,1042.6584991137038,2452415,7955,55.20468836720466
2022-09-23,1020.5757446289062,1053.0849750500142,1010.1982944511572,1050.5275350280776,1935689,10427,46.21911433435939
2022-09-26,1008.0834350585938,1017.8707251517942,977.7873349134509,1017.8707251517942,1652899,16040,48.133599611193866
2022-09-27,1017.9198608398438,1025.9365510974885,1004.0505604340954,1018.0674308589652,1417788,15359,65.35545750788947
2022-09-28,1004.5423583984375,1024.2151585629113,1000.4602283496606,1007.4932784231086,1241220,15870,49.21538554707471
2022-09-29,995.3453979492188,1020.0347393716256,993.1813778159367,1009.5589487472287,1056799,8112,49.79379452204348
2022-09-30,1015.3624267578125,1019.1986469113385,968.1477050485609,994.4600760011125,2086641,17483,63.90064210021856
2022-10-03,979.2136840820312,1019.0018766565667,970.4100934985795,1018.2150366490193,1747293,15605,67.41516732004287
2022-10-04,1017.9690551757812,1021.8052751721943,990.5746452840266,999.9683952320496,1378191,14959,69.21524237532685
2022-10-06,1057.21630859375,1065.0854285086323,1020.5757189900787,1022.739678937375,2710620,15355,71.47190785015688
2022-10-07,1067.101806640625,1069.4133365754078,1051.8062770191868,1062.3311767596394,1271663,9131,78.20187458605155
2022-10-10,1049.1995849609375,1059.0359845385524,1038.1336354361208,1048.953674971497,1019624,15458,67.98097900356687
2022-10-11,1037.9368896484375,1052.839059802034,1031.5924596185787,1052.4948098134726,928746,14427,50.339355356794925
2022-10-12,1069.9051513671875,1075.3151712225526,1030.0677324322262,1033.2154523920183,1218634,3999,66.3983368966978
2022-10-13,1059.970458984375,1078.4137093149538,1049.1504187904354,1069.905199147798,1370021,8053,75.69894441038328
2022-10-14,1060.708251953125,1088.7912241525744,1055.101551549156,1073.1513229293298,1723553,14781,55.00308075344063
2022-10-17,1057.4622802734375,1063.1182105421728,1042.658449540753,1053.4784900548552,966318,5204,64.25758821646002
2022-10-18,1110.578857421875,1116.4314677477284,1071.970985079057,1074.1349451810745,3359533,6799,64.8170081552919
2022-10-19,1152.2850341796875,1157.6459442432147,1113.3329140520543,1116.4314040780207,3440709,16373,72.24832528614115
2022-10-20,1123.5628662109375,1145.989907761454,1114.2675156097334,1137.3338271450177,1988428,15626,49.21482463055888
2022-10-21,1123.120361328125,1137.4322533396062,1116.4315603382047,1129.2188821746774,965954,6878,49.43677249063411
2022-10-24,1127.349853515625,1136.0059341095061,1123.513633250763,1136.0059341095061,110280,16898,62.064801176375646
2022-10-25,1138.0223388671875,1142.4487192129536,1126.8089380498477,1131.2844283555048,952625,16346,46.134461363864986
2022-10-27,1106.1524658203125,1145.9406577978127,1100.6932155156674,1140.924117559442,1269462,11783,77.97050127665739
2022-10-28,1108.7098388671875,1116.97243879876,1096.0208589801198,1101.6767889232526,885662,4249,59.5333602802423
2022-10-31,1127.30078125,1136.891272196208,1112.5461797942953,1114.2675499641275,1201542,13644,54.532682534907124
2022-11-01,1119.38232421875,1137.087844285479,1110.2836541844588,1131.1860042632359,1150562,3383,47.91234430439435
2022-11-02,1096.758544921875,1124.9889634748745,1093.414145075179,1121.7921336354161,1142831,13703,61.44025005963427
2022-11-03,1116.087158203125,1125.9726682317073,1092.135548042046,1093.46343803714,1493565,9388,72.98154576634145
2022-11-04,1095.9224853515625,1122.8742442678224,1093.8076354231025,1118.398634420924,1182660,10355,68.6097412758997
2022-11-07,1094.54541015625,1104.4801501430197,1063.4131801371573,1096.758600156566,2256933,4764,48.47490310312234
2022-11-09,1126.0220947265625,1146.9244485269028,1096.808029444334,1101.7753403035151,3041336,5775,70.44401131784592
2022-11-10,1087.8565673828125,1125.9726158906285,1080.0859077456155,1125.9726158906285,2235744,3783,57.44910488423827
2022-11-11,1089.3321533203125,1123.8580160206325,1082.1024227817825,1119.3824056488868,2217061,3932,54.67986938300848
2022-11-14,1082.74169921875,1106.2998285197193,1073.3478894565096,1091.7911389321866,1178046,15971,57.40193625149668
2022-11-15,1085.1517333984375,1111.4641066337458,1078.807302647638,1084.9550534035511,1691513,3485,68.1722374248787
2022-11-16,1100.201416015625,1117.415117204962,1086.6763650811458,1087.6107751164097,2034541,10473,51.28006333823812
2022-11-17,1090.9552001953125,1111.5133020983305,1082.2500094103434,1100.3981210480458,1597488,12943,51.479073929329786
2022-11-18,1064.15087890625,1102.8079778065453,1048.5602093762323,1094.7912880260287,2508863,3834,74.87582543419343
2022-11-21,1031.2972412109375,1062.2327891923146,1028.0513014712997,1052.4947298269326,2657824,14620,52.23709991462073
2022-11-22,1026.231689453125,1039.5108298338607,1020.5757592909598,1030.8547495563791,1994682,10268,72.7546053096023
2022-11-23,1034.7894287109375,1038.1338292062142,1028.543337827952,1032.2319883580528,1095450,12280,71.04554611799375
2022-11-24,1035.4287109375,1041.3796611287519,1026.2317005886587,1040.0026611329229,1035756,4916,64.78032171731229
2022-11-25,1020.477294921875,1038.3796154035408,1018.0674248922494,1036.313995367684,1461816,17281,76.87289714501199
2022-11-28,1043.150146484375,1045.6092463110708,1012.1654886680074,1017.6738482651593,2723439,17948,58.50688215400082
2022-11-29,1022.838134765625,1042.2650267557299,1020.5758345778187,1036.0189361305243,1325447,3822,72.68398827038266
2022-11-30,1031.002197265625,1048.8060556493404,1015.3622986579429,1027.952937554585,27363975,16244,63.97515536600861
2022-12-01,1032.8221435546875,1045.5602352958917,1026.920302734375,1041.5273347499965,1621405,4609,74.30947191233449
2022-12-02,1031.2481689453125,1036.65818878232,1014.1328094463138,1032.8219688832487,1040471,9555,60.73927622817134
2022-12-05,1001.1488037109375,1036.2647645501957,993.9190735543061,1032.8220244686336,2896073,15362,61.68089561741857
2022-12-06,1023.9200439453125,1029.2809541671377,991.6074928878007,1000.3619131929289,1970222,13840,60.597809283639165
2022-12-07,1008.4768676757812,1030.018606786356,1002.5750279234724,1023.969197025592,1319008,7572,68.21432751557454
2022-12-08,1009.1654052734375,1019.4936252253636,1004.6899153382144,1013.5426752970083,988773,16022,64.95944617200622
2022-12-09,1019.1986083984375,1024.215148375834,1006.2637184043008,1017.6248084155816,1253296,15311,47.78014417159547
2022-12-12,1020.8217163085938,1028.5923768306504,1014.919875867588,1018.0674760734905,903199,15944,55.843616592427864
2022-12-13,1019.8380737304688,1030.6088844795518,1015.1165533599593,1026.1332741268136,1040540,15275,77.88257046289749
2022-12-14,1011.919677734375,1031.592478273561,1010.2475377178424,1028.887468199423,747736,11748,49.11399009765843
2022-12-15,1022.0512084960938,1035.1827787187112,1008.1326782299601,1011.1819382704068,1711006,13435,60.07819927134216
2022-12-16,1022.838134765625,1034.3959059496115,1006.7064731350587,1015.1165839892723,1308612,7046,51.23993910240676
2022-12-19,1038.8221435546875,1042.0682034701476,1016.9853843497821,1022.9855641247121,1806966,3553,50.18194151222065
2022-12-20,1038.723876953125,1054.3145474931225,1029.379296620687,1037.0517369229347,1747561,3606,68.5324227207756
2022-12-21,1016.4443969726562,1046.00282778675,1012.3622668496243,1034.8385375049788,1417265,15211,54.096232746195334
2022-12-22,1022.100341796875,1029.2809621199128,1004.6899611139576,1016.3953016074416,1373045,6574,61.26333761674654
2022-12-23,993.96826171875,1016.6903226577899,989.5418815329664,1010.1983223999567,931666,8875,68.87625596843556
2022-12-26,998.9356079101562,1006.4113080662173,981.5743976207283,989.0500377401672,1043410,14526,55.896712801033715
2022-12-27,1026.9693603515625,1031.8383301815604,1001.4930610731375,1003.9521610020735,1356572,9808,68.35525452702731
2022-12-28,1064.9869384765625,1067.6428384170283,1023.2807001601194,1027.8545299233197,2613737,9700,58.58924264634025
2022-12-29,1082.9876708984375,1116.9232518666447,1054.1669700468647,1060.2656102648086,2629509,9119,55.79430912512898
2022-12-30,1067.642822265625,1087.3647311549175,1064.3476524585099,1084.9548613145648,1035831,13821,59.420046584921366
2023-01-02,1055.494873046875,1074.9217616299766,1042.6583239538106,1067.2493221602685,913740,11522,71.06268638908752
2023-01-03,1024.5103759765625,1060.1673289678622,1017.7723453527082,1057.4130887075091,2199825,14838,49.2174885454774
2023-01-04,1008.2802124023438,1033.3138019354049,1001.3455024942809,1029.6743820283268,1391583,9386,52.26766462367796
2023-01-05,1013.345947265625,1015.0673173799389,997.4110262367055,1013.1000372492945,987083,11262,59.83550991912833
2023-01-06,1007.7391967773438,1021.9527469846812,1001.8865266725815,1015.1164969001647,873454,16886,62.277031087756086
2023-01-09,1004.3948364257812,1018.9035272410749,1000.9029262368829,1012.7557768956115,1045256,6888,71.5173779763693
2023-01-10,999.67333984375,1013.7886101460174,993.4764197280184,1009.4605700454247,1107876,6708,60.04819008957412
2023-01-11,998.0504150390625,1010.1000058241106,994.4601047905002,1005.2801454954414,1194680,7606,75.672147336466
2023-01-12,989.0991821289062,1004.4931720211657,984.9187121621428,1003.0668820251811,834703,12968,71.97059598055175
2023-01-13,985.7548828125,994.3125030679307,972.3281723511205,994.3125030679307,1944766,13255,76.45108481376415
2023-01-16,972.5249633789062,992.8863251317475,963.278722571606,985.7549345203953,1237660,8838,73.3821084731201
2023-01-17,970.5084838867188,992.4928150924012,961.557323367875,972.8691839957864,3049007,8135,55.28842799366733
2023-01-18,985.656494140625,991.4599944152145,974.5905436449766,974.787283661113,2202723,14833,53.630768646769745
2023-01-19,997.460205078125,1004.0506055815524,977.8858036266025,977.8858036266025,1285537,14339,77.96055022284726
2023-01-20,954.032470703125,997.7060511704481,951.7208806552545,988.5582110752847,1697151,3391,72.9777098764719
2023-01-23,965.6394653320312,968.8854655442963,952.7045744423482,952.7045744423482,948214,7301,66.49129214863748
2023-01-24,967.7542114257812,976.6562016523002,955.0161211728679,967.9017814436991,1062016,16778,51.21697288009135
2023-01-25,1020.920166015625,1026.5760970460765,975.7710577752812,978.721978312908,5461484,13202,50.03379350961251
2023-01-27,1033.6090087890625,1057.3147098927136,1015.8542579221979,1022.9856482586162,3629172,3917,59.50752336373457
2023-01-30,1016.7886962890625,1039.6583280056166,1001.8374151961427,1033.805717595627,1451127,15296,74.08790568711453
2023-01-31,1019.7888793945312,1026.8219301636273,1003.312907627125,1020.6741795041474,1311390,11438,47.24718469979741
2023-02-01,1001.6897583007812,1040.6418778317618,983.6399885259776,1024.9528680440687,1354579,16589,73.98649573880411
2023-02-02,990.5198364257812,1010.2402925594364,978.6579151824219,1006.6322673814407,1224788,7162,59.02026152916858
2023-02-03,1023.683837890625,1027.8355829633801,988.098072119231,993.732497099606,1252136,3311,59.39104666496685
2023-02-06,1044.98583984375,1052.2512423250666,1014.3918961902567,1023.6837584425659,2089402,3290,49.00767796262011
2023-02-07,1038.5606689453125,1064.8050976830555,1028.0331895537604,1038.956090459051,1669515,5323,54.14008200664952
2023-02-08,1027.58837890625,1043.5030987712857,1025.7595695540238,1032.9756197573647,582218,6347,65.93981404810523
2023-02-09,1037.720458984375,1042.5639802957055,1018.7413125843938,1027.5884012497013,539534,12976,72.48536181513364
2023-02-10,1062.976318359375,1074.4922902211954,1032.9755687959055,1032.9755687959055,1989509,9242,65.5347139545167
2023-02-13,1056.84765625,1073.207148281709,1052.4487885805875,1065.546325058676,710879,14789,73.00750919960451
2023-02-14,1065.9420166015625,1075.5798289047696,1042.8607158854873,1058.7260859432079,1083378,7891,72.33296770389211
2023-02-15,1093.7679443359375,1110.0780853947201,1071.5268428921431,1071.9716166547398,3016998,10112,61.224766130612316
2023-02-16,1110.9677734375,1119.963039382365,1097.2276908335614,1097.6724646041057,2188324,8851,75.88333943899347
2023-02-17,1091.1484375,1107.013805156788,1079.5336398153604,1107.013805156788,1382070,13705,48.27110013923265
2023-02-20,1117.6895751953125,1122.9286391194614,1091.8405661706875,1092.235867046258,1635712,5326,46.644857415317446
2023-02-21,1112.845947265625,1125.8445392850635,1101.6759232854586,1120.9515450926067,1622529,3414,64.75430139444606
2023-02-22,1101.478271484375,1113.9332645033014,1095.3001875795799,1107.1126357392675,746146,11874,46.78214739544169
2023-02-23,1104.44384765625,1112.895394772427,1097.1289715446903,1107.0139066506597,871201,12011,48.31090628467137
2023-02-24,1092.5819091796875,1114.5264165202773,1090.308325873052,1108.1012087975441,979359,4734,62.08097463635586
2023-02-27,1072.713134765625,1088.331380868166,1046.7158272224262,1085.3659002663455,1555124,8371,66.44581903430586
2023-02-28,1067.8695068359375,1080.769273772195,1060.3568601921754,1078.1003897621285,1418799,7607,68.47589550349477
2023-03-01,1050.7191162109375,1072.7130965577253,1047.8031086559622,1071.526952625531,1907551,9770,58.68892900637849
2023-03-02,1054.5743408203125,1060.55477518396,1037.9677212469098,1048.0008344479218,1068509,14691,55.060293138624516
2023-03-03,1058.033935546875,1066.584427985927,1051.7570262993756,1060.1592205884215,847485,11691,65.29877102660275
2023-03-06,1085.860107421875,1089.3198346644572,1059.6650297280382,1062.5316850050342,950986,5344,61.787027912217944
2023-03-08,1097.030029296875,1100.1931599270613,1074.6406295371871,1086.3542522550229,1206161,12297,47.960263836499124
2023-03-09,1074.047607421875,1098.1173988199464,1070.9831811912925,1095.2507436789813,906722,4378,72.37416764013577
2023-03-10,1059.8626708984375,1075.3326181382085,1055.859344666435,1074.0476490016201,1066823,17195,53.95675673270409
2023-03-13,1036.633056640625,1064.014398236122,1033.9641725303954,1054.7225354588259,972966,8697,48.60653036294875
2023-03-14,1033.964111328125,1045.2329603839617,1025.2159687449612,1039.7962466054676,1076802,6475,50.04705752241895
2023-03-15,1020.86669921875,1045.1836160691764,1018.4942905994051,1035.0515573260225,590578,12142,69.59405177607002
2023-03-16,1041.4766845703125,1045.5789565594894,1014.6390630175637,1023.0412574214924,747118,6517,61.91410891487087
2023-03-17,1034.8043212890625,1052.7949740836539,1028.6757102998456,1047.8030340044277,1797251,14544,51.008703590750116
2023-03-20,1029.7630615234375,1034.8043540341837,993.4359268836618,993.4359268836618,816115,8988,57.126983862986094
2023-03-21,1041.9217529296875,1045.579131073202,1031.1471482919828,1031.1471482919828,972168,5227,54.823929699180155
2023-03-22,1042.662841796875,1063.8165031156238,1038.9559917061092,1046.2707460193326,658312,16288,59.79268030107565
2023-03-23,1035.4468994140625,1060.851133071352,1030.8503806916372,1044.8375872846436,1063113,17463,67.31365800617124
2023-03-24,1030.0101318359375,1051.6086886822748,1028.3790935784893,1036.8801127599263,753161,11084,46.89172131148492
2023-03-27,1034.606689453125,1043.7502538291913,1018.1482494430647,1030.3067670958994,521344,11395,65.23758052518109
2023-03-28,1022.3988647460938,1037.9181642693613,1017.3574514156466,1030.504463096009,435620,8347,68.32286824439078
2023-03-29,1066.7821044921875,1069.0556877393306,1018.1482740374577,1018.1482740374577,977216,8368,62.76330650828581
2023-03-31,1064.80517578125,1072.5154735346973,1052.6467778355382,1066.7821628292402,911502,7273,72.86885187633327
2023-04-03,1072.268310546875,1084.8221295716219,1060.6535120689532,1064.805136450097,842497,14164,69.94880505540632
2023-04-05,1077.4083251953125,1087.0461357749266,1070.9831181422364,1077.952044827621,739800,15891,64.84857882560806
2023-04-06,1086.0576171875,1088.3806731392024,1068.0670861225149,1071.2302166397558,630530,9268,67.97659252703313
2023-04-10,1094.90478515625,1098.2162140537846,1084.2290077164485,1087.0461898929868,1236292,17803,77.96755749915476
2023-04-11,1115.86083984375,1124.5596307268527,1092.8783664527214,1094.9048263513318,1112123,16255,77.83654763966416
2023-04-12,1122.6319580078125,1130.83650187335,1110.7700366594906,1118.9745805250282,1393983,14618,50.901952535451485
2023-04-13,1149.568359375,1156.0430394569642,1121.5940683570343,1122.6319140349383,2035284,5363,55.675932896488874
2023-04-17,1156.19140625,1159.5028352268416,1142.8467444635019,1152.5833809671758,2075441,16945,68.01375439672938
2023-04-18,1131.7755126953125,1159.3051514548545,1129.1066286810606,1159.1568533061286,1071740,7349,71.70435443842827
2023-04-19,1156.6856689453125,1170.7717010254505,1133.8020207661923,1133.8020207661923,2292305,14233,72.7568512544487
2023-04-20,1114.9710693359375,1154.5602778131909,1111.5608154117576,1154.5602778131909,2592124,17724,63.892604949027444
2023-04-21,1080.3739013671875,1117.4918798304027,1071.5269329820048,1115.3172424393424,2877179,12489,64.04241869862247
2023-04-24,1089.1220703125,1104.6413683396734,1075.5302861382982,1077.4577999912697,1329750,7172,77.24246945407754
2023-04-25,1098.71044921875,1105.1356565241229,1089.4680597664697,1090.3082550501856,908834,10794,45.5360949296947
2023-04-26,1112.5494384765625,1115.8115153052393,1093.8175348466843,1100.1932696796216,1009517,13897,48.35313484174364
2023-04-27,1119.4688720703125,1122.6320029568988,1109.485112002209,1110.5724307028663,733407,17074,52.09281755030596
2023-04-28,1125.2515869140625,1128.4641908899077,1113.0437159389935,1125.8446588995373,713046,6241,57.96098175581474
2023-05-02,1144.6260986328125,1153.5720138445101,1123.9666792362116,1135.2848825196402,932329,16123,68.0679787020047
2023-05-03,1143.9339599609375,1153.275174102636,1129.9962274853497,1146.6523167463276,642953,4926,45.18674000176052
2023-05-04,1155.598388671875,1166.422344363882,1134.3951304363416,1146.6524741204264,632211,10136,58.56314599682078
2023-05-05,1200.97021484375,1220.7400862476768,1176.307348533639,1176.307348533639,5319185,4559,66.20577960811522
2023-05-08,1215.6492919921875,1229.1421310400913,1207.49422103696,1209.9159817210186,2132720,4745,46.6938041270059
2023-05-09,1215.7974853515625,1224.8422246622338,1206.2091470362009,1215.846958290946,848071,15679,75.79671427058635
2023-05-10,1226.7698974609375,1231.1686452374531,1212.0906725608256,1216.8354895923762,801636,7616,53.19108616813376
2023-05-11,1225.5341796875,1231.6627905717376,1217.0330398171257,1230.6248242235154,555502,7685,62.26602063823178
2023-05-12,1223.211181640625,1235.567349868704,1217.08257046578,1224.150322825382,482504,3820,61.63007451295536
2023-05-15,1220.295166015625,1226.1766537864376,1213.079115552572,1222.7663996446563,436418,16102,74.77919590187828
2023-05-16,1229.78466796875,1238.1868622319653,1220.7894017730368,1225.089324115777,673132,17052,45.17055463709419
2023-05-17,1237.5938720703125,1242.3386891752052,1211.4482670488496,1220.789482433575,691664,4501,66.28886145386042
2023-05-18,1226.275634765625,1239.0765770641449,1205.962045487241,1237.5938368442835,516649,4231,71.97204908861758
2023-05-19,1225.880126953125,1230.377699570704,1207.1481044279635,1221.2836084619535,615310,4378,63.54344522343864
2023-05-22,1224.94091796875,1232.700687342609,1210.9043605857878,1214.018138789004,418657,17169,51.570975741038254
2023-05-23,1246.638427734375,1251.333771204308,1215.8468353720975,1224.9903989714405,793692,11120,78.33158131466129
2023-05-24,1258.2532958984375,1264.2830816150642,1232.6512922392378,1248.4177139899712,1070539,15647,59.40129809418592
2023-05-25,1268.3359375,1272.6853328677962,1247.824698154752,1250.4442299633104,1004944,6647,52.473645041204854
2023-05-26,1278.3197021484375,1286.029999450627,1255.7326505802362,1263.3441226689527,1409077,17602,51.9986913348394
2023-05-29,1284.84375,1289.8355691944853,1263.8382655702096,1281.4333754225693,875198,3346,56.63268077050567
2023-05-30,1267.9405517578125,1291.9115188978953,1265.3211405410514,1284.1025168569925,531133,5763,58.45321829647039
2023-05-31,1287.8094482421875,1301.846008418991,1263.3442328220128,1265.2717469827703,3346979,15678,59.6084400968315
2023-06-01,1257.4625244140625,1275.6508284727354,1255.3867122513552,1271.2520807787675,727641,11957,55.142384729568
2023-06-02,1290.5277099609375,1294.926457676839,1266.853218736047,1272.092282441786,1923687,5326,69.22961052014662
2023-06-05,1279.802490234375,1297.8424966664727,1272.33943668518,1294.877016157087,551021,4028,58.96162492578123
2023-06-06,1316.67333984375,1323.5927943324184,1271.2026389182151,1281.087573902027,1703583,16084,58.6707997283321
2023-06-07,1331.9949951171875,1338.914449637277,1312.6698988697967,1327.4973014128452,1067501,13938,65.40178148742523
2023-06-08,1310.841064453125,1335.8499955647644,1302.7354668960065,1334.416607745355,511069,4765,49.71110436634326
2023-06-09,1320.6273193359375,1335.5535470904995,1315.6848518234526,1316.6733453259496,805323,10307,76.31266674957105
2023-06-12,1324.1859130859375,1368.8658931908772,1319.7871651290038,1352.2591535650208,2237766,12687,71.89118516686572
2023-06-13,1330.611083984375,1337.431713307333,1324.9272463261952,1330.1168372314899,651920,16815,69.22303015509415
2023-06-14,1330.3638916015625,1334.4661635708658,1317.6617748444178,1331.4512102683682,663045,6618,60.20471756854744
2023-06-15,1317.5135498046875,1341.3856921886447,1314.696367436181,1333.1317955187103,808772,9127,56.73357747381135
2023-06-16,1337.2833251953125,1341.187946679886,1307.727347227733,1323.5927151944404,1182213,8346,52.211112990479684
2023-06-19,1322.5548095703125,1345.1419822279709,1320.6272955414568,1336.5420165117712,445580,12578,48.74145258124263
2023-06-20,1328.3375244140625,1333.5271149407597,1311.7307864623501,1317.6617470642898,1139873,6393,71.25407591140595
2023-06-21,1335.3558349609375,1340.9408471251518,1321.170977988609,1328.3375555506057,846723,8688,72.22324159326682
2023-06-22,1310.890625,1333.428203469456,1307.7768464705007,1330.4133708184372,558699,9160,51.51562636420301
2023-06-23,1286.2772216796875,1314.6469380721578,1280.395733370378,1312.3734753247181,705445,3213,64.79925578849374
2023-06-26,1275.5025634765625,1299.770127165653,1274.3164195429538,1286.2771667587306,607694,16570,67.43881484117739
2023-06-27,1289.1932373046875,1294.4817743201654,1274.1681836382345,1276.1451707346475,882785,9873,78.64963329923623
2023-06-28,1314.745849609375,1323.44452015331,1282.174915848153,1294.827681122965,1266056,8048,49.638190582928026
2023-06-30,1310.3963623046875,1324.6306920763227,1303.2297848130843,1314.745757605146,875476,5428,66.71082635709361
2023-07-03,1303.1802978515625,1323.0984647297948,1297.8918820995298,1319.6387377021115,651040,14417,78.39657177178117
2023-07-04,1288.7484130859375,1314.6963677118288,1285.0910353668585,1306.6895944175533,576982,13066,77.10028178172202
2023-07-05,1304.61376953125,1308.6170958067162,1278.616342215664,1292.949497965279,1700571,10026,77.81041556661751
2023-07-06,1299.3251953125,1312.4722067493847,1289.0449597417376,1308.2216365557645,1151516,9211,54.919539646366076
2023-07-07,1306.788330078125,1327.4478671451786,1295.8160770071302,1304.6136927724156,1205329,10749,76.81776833364337
2023-07-10,1294.18505859375,1317.3651818944134,1291.2690511618448,1311.681344516591,588008,15571,56.506321930190985
2023-07-11,1327.4478759765625,1339.408622568945,1295.9643837784702,1300.956203293419,1492542,5464,61.63786762672986
2023-07-12,1323.246826171875,1338.8155985411352,1315.882477318419,1329.3260852301564,831708,11265,48.74112212694965
2023-07-13,1314.44921875,1332.4892249482987,1310.0998232594602,1323.5927835354391,841814,4362,46.17363888629963
2023-07-14,1335.2076416015625,1337.3329268336827,1307.4309974178416,1320.627361969045,1109229,5101,47.762621455729835
2023-07-17,1327.4971923828125,1347.3165337538358,1324.0869383442869,1330.6604437316184,739899,12448,67.16742903355984
2023-07-18,1330.6605224609375,1352.3085538097525,1323.1479961448042,1330.9076458309794,1011369,13114,61.13222106474595
2023-07-19,1318.7491455078125,1337.6293470999851,1312.1262873678343,1333.082301163156,810110,13448,47.51833236618109
2023-07-20,1329.6719970703125,1332.48917928804,1315.6847905284728,1318.6502708978082,898508,12660,57.76822914059542
2023-07-21,1327.4971923828125,1329.4741792261784,1315.8330424063745,1316.1789909708234,768440,7780,64.80810802642712
2023-07-24,1292.0596923828125,1357.2014312419878,1280.0989464372717,1329.4247909775308,2508323,4184,51.241459549676065
2023-07-25,1368.074951171875,1372.4736988107336,1298.5344602653186,1317.6617846185761,5467323,15620,56.277295226072724
2023-07-26,1356.2625732421875,1384.7805869688568,1349.6890672453449,1376.9714640803413,1745448,7213,51.464279151950755
2023-07-27,1340.199462890625,1362.094496195744,1330.7098292726557,1360.1669822415522,991461,9241,49.52548302859198
2023-07-28,1342.225830078125,1354.9279469963626,1329.96848695377,1340.1994908701306,722899,5614,52.25888387741422
2023-07-31,1360.85888671875,1363.5772437109842,1331.7972757707005,1338.420133630953,771838,4764,54.65184426304165
2023-08-01,1353.9393310546875,1363.42896401236,1343.411973115631,1359.178394222332,325587,8182,54.80564655173765
2023-08-02,1363.8739013671875,1379.9369206802637,1346.8718614990155,1359.1785572602882,1941995,11318,54.33121370199166
2023-08-03,1347.5638427734375,1375.3899605607694,1338.815698919385,1366.0486240394177,1042110,4315,69.90133324589605
2023-08-04,1343.1649169921875,1369.0139235779532,1330.9569266351011,1356.2129819634563,539333,4330,67.90758960235303
2023-08-07,1324.8778076171875,1341.7810213299772,1316.3273152169534,1341.7810213299772,866160,13236,75.73005851122713
2023-08-08,1316.228515625,1329.7708277678757,1303.130977273077,1329.424879189834,1246119,8197,58.171257621503486
2023-08-09,1324.5811767578125,1334.0706894133853,1301.8458282015217,1315.7835612268034,1333966,10553,59.36639340770435
2023-08-10,1334.07080078125,1339.8041113359925,1315.9814421670917,1327.003048137336,960273,4678,77.37777122386774
2023-08-11,1334.1201171875,1346.3774592577888,1326.805242027352,1336.443052502127,724490,4266,54.25023826058265
2023-08-14,1329.4249267578125,1337.2340495084986,1305.602257639966,1337.0362784098943,951927,14455,59.381760445254336
2023-08-16,1324.334228515625,1330.0675393498464,1307.2332419001539,1318.650390625,1426246,7131,53.87191646164174
2023-08-17,1321.2698974609375,1325.5203472290996,1308.8642554264525,1323.4940078974673,702360,10097,45.34783705407103
2023-08-18,1325.965087890625,1329.5236400431022,1314.053694001654,1326.558159805088,727872,14279,52.017171998975044
2023-08-21,1333.9718017578125,1344.7957558844566,1313.8559858273934,1324.6305876849933,1480040,8901,61.86368824840504
2023-08-22,1337.9752197265625,1341.3854735115863,1320.281164660589,1330.7096970847163,819736,5441,61.024008929937615
2023-08-23,1339.705322265625,1351.0729977994495,1333.7743611175426,1339.30990072261,919117,17189,69.7362952715258
2023-08-24,1346.8223876953125,1367.2841547870419,1339.0132649472766,1349.293621434203,1183583,6503,48.25715961934861
2023-08-25,1324.1859130859375,1342.3742182319431,1305.8987827197438,1339.40873763202,1437121,16275,67.14920389432041
2023-08-28,1333.724853515625,1336.3937376966205,1320.5778417127408,1321.566335211733,784438,3884,56.088154985736054
2023-08-29,1364.714111328125,1372.770357541529,1327.596252547941,1339.4087016876845,1231116,6355,62.9254312594572
2023-08-30,1399.261962890625,1404.7480291836996,1369.1622646918227,1375.4886469568528,2457022,14340,57.74250735635451
2023-08-31,1403.5618896484375,1419.8720317577427,1393.0838830931764,1404.6492083225833,2229952,15016,78.10296433001301
2023-09-01,1437.368408203125,1443.5959656666585,1397.7793149914758,1403.3148545892202,1801951,13181,69.88783473252157
2023-09-04,1436.1326904296875,1452.0968838440274,1427.0385989196827,1444.1889362124737,1530060,3980,49.777037147663904
2023-09-05,1441.1246337890625,1447.1544197381638,1435.2924982649001,1440.1854926063395,554308,8005,58.976911429827204
2023-09-06,1461.0428466796875,1466.973807601497,1442.360295642846,1443.1016657580722,1249970,14880,68.7011995540353
2023-09-07,1462.772705078125,1469.1979127205611,1457.0393946078218,1461.0428414820847,645256,14953,50.52908109975542
2023-09-08,1463.5140380859375,1469.7414744743726,1457.1381828798972,1466.9242922511016,515325,15065,48.619337013549995
2023-09-11,1471.8668212890625,1478.63797762995,1459.0658787321813,1467.5174257565436,754214,16505,68.82565244669475
2023-09-12,1454.7657470703125,1481.3068924611937,1445.1774089706464,1481.3068924611937,623844,3786,64.47340163696644
2023-09-13,1437.6649169921875,1458.571577871732,1422.6397439523228,1449.1314170320145,801352,6637,74.6867420812652
2023-09-14,1447.10498046875,1450.5647076456157,1434.6499867651748,1438.7027858963618,285610,17889,73.61231328823564
2023-09-15,1485.6068115234375,1491.0928777027743,1446.1658992294927,1446.1658992294927,1369061,11641,72.80324232805887
2023-09-18,1508.3914794921875,1513.5810699248568,1472.4104156915728,1490.4009475918801,1464894,6407,64.86657968491274
2023-09-20,1494.700927734375,1515.7558865719009,1491.5871492209797,1506.9582706977237,537988,16204,53.516449413715755
2023-09-21,1481.65283203125,1492.6250850131066,1474.9310284152411,1488.6711112779726,542059,9896,71.94818628561049
2023-09-22,1476.9080810546875,1481.2574764901692,1466.034652798837,1472.805808988657,1048434,11199,68.95793128380001
2023-09-25,1498.111328125,1503.6468674290325,1472.1633745132476,1480.7632194440027,1238681,12696,78.13545178383902
2023-09-26,1513.383544921875,1526.2339603914925,1499.7422863878433,1505.2779465073233,1247558,8361,46.82469586051778
2023-09-27,1510.6651611328125,1517.1398416944794,1501.5710693811525,1514.1743612538455,1087855,10946,51.36408480859574
2023-09-28,1506.365234375,1528.8039880461736,1495.145857539413,1512.296195239526,4734327,5623,55.14457487493512
2023-09-29,1504.2894287109375,1517.3869673434067,1482.690749603318,1499.0503649916666,775781,3424,73.00298455510043
2023-10-03,1512.3948974609375,1526.8268769244842,1504.3386521419766,1519.3638241763015,791678,11207,67.6033127590499
2023-10-04,1478.8355712890625,1512.394873316306,1475.771145274623,1512.394873316306,797755,5610,50.427925399965886
2023-10-05,1480.91162109375,1496.9251681755677,1472.311654896265,1489.6597647896638,586529,15990,69.42599263063464
2023-10-06,1483.975830078125,1499.1491807937423,1477.7977458563175,1486.69418713572,537906,9551,57.0216286222682
2023-10-09,1504.9813232421875,1516.200700106615,1477.847225483513,1481.7517264630799,1131037,3770,67.81220636589488
2023-10-10,1510.5167236328125,1541.0117205510307,1504.9811847874234,1512.4937104108585,1691714,13254,58.46625458181788
2023-10-11,1532.4119873046875,1552.0335583645785,1524.899461137222,1548.9692527698405,1007780,8913,48.62802190495835
2023-10-12,1579.4642333984375,1582.4791866842586,1535.2291515543732,1547.980741179993,1822514,9569,71.00100362405769
2023-10-13,1582.479248046875,1587.4710677586147,1561.0288669717497,1561.0288669717497,810988,7198,62.381540271596236
2023-10-16,1583.27001953125,1598.690614944785,1575.955264030542,1588.4102582243327,582454,17197,51.98290739230896
2023-10-17,1590.8814697265625,1597.3560297793772,1582.8252235345249,1592.4630352000747,456174,11855,51.72356819953669
2023-10-18,1582.1826171875,1588.508999501606,1565.427701208884,1588.508999501606,359998,14687,74.03605212471285
2023-10-19,1580.6505126953125,1597.355955607325,1566.366709824047,1570.7161051735277,830994,13609,78.0584224183686
2023-10-20,1578.080322265625,1591.2768063747499,1572.396484919915,1580.650501771901,597980,14326,78.98262631089517
2023-10-23,1567.00927734375,1589.942277640391,1561.9679847669383,1565.7736605030752,950311,12453,76.84801887706713
2023-10-25,1556.7288818359375,1589.9422375425027,1551.9347127481683,1567.1080630358456,890501,9353,57.25598229085547
2023-10-26,1558.854248046875,1564.93350719935,1530.6821833231363,1547.832521399007,988912,3879,57.45554912789919
2023-10-27,1573.5333251953125,1581.5895712067886,1560.8312080846995,1566.762168976725,737466,5367,65.11261053181957
2023-10-30,1590.288330078125,1597.0594861603065,1545.1635794005342,1566.2184177436468,912901,3436,62.643680960834836
2023-10-31,1572.4954833984375,1615.1983536622704,1567.2069467238307,1615.1983536622704,2389756,6252,66.1283635875889
2023-11-01,1542.8900146484375,1580.0573451350144,1540.0728323808823,1573.6816104944573,1697994,9501,78.33255896464676
2023-11-02,1551.9842529296875,1556.3830006958563,1536.6131308870806,1551.9347799888817,802352,5313,59.25154179103335
2023-11-03,1580.6998291015625,1582.8745870598086,1554.4059278416423,1559.7438165282615,552856,3720,73.49928528418862
2023-11-06,1596.6640625,1598.3939260563382,1581.7871876492106,1588.4595185093717,505748,12230,51.21683688303166
2023-11-07,1591.9686279296875,1603.435127288621,1586.136492710062,1598.4926602661758,342837,5596,53.97008380462154
2023-11-08,1627.999267578125,1629.9762545125727,1593.4514691649322,1596.2192991394415,589975,12035,59.75704338587199
2023-11-09,1627.949951171875,1634.819932654161,1615.7420807158321,1633.9797373216504,442148,3199,64.28033743390773
2023-11-10,1613.171875,1626.0717630889642,1610.058217092608,1626.0717630889642,390701,3356,49.16211386458039
2023-11-13,1629.086669921875,1632.9911707624408,1616.8786793463846,1630.3222867278394,364986,4307,45.32430804683152
2023-11-15,1653.8978271484375,1657.4069064692462,1628.0981724370638,1634.2267835131574,1011532,8038,62.35037918048815
2023-11-16,1664.771240234375,1669.0711625371462,1649.0541705079029,1655.2322544675458,468330,5822,63.96390857365438
2023-11-17,1727.4910888671875,1734.4600157937177,1670.5538916059477,1677.2756951757315,1721816,9095,53.29223636331794
2023-11-20,1699.4674072265625,1744.5921585022909,1686.3698686802475,1734.7565760246903,1110928,7444,67.01946256413525
2023-11-21,1704.8052978515625,1718.2487849946629,1695.8100313513362,1711.9718755539707,521686,3989,78.47084303201135
2023-11-22,1719.2867431640625,1723.9326142136076,1704.7064644601344,1709.9948803992652,2016499,14890,51.35079269975251
2023-11-23,1755.61376953125,1764.4112643498677,1728.4302007495228,1733.8174415690762,1599755,6039,62.303197058619375
2023-11-24,1779.23876953125,1797.476546416001,1758.2827562750972,1762.4838535142646,1298959,5984,47.81943913089173
2023-11-28,1803.1109619140625,1808.8936247324998,1778.2997992976925,1779.288292793689,957141,11580,68.7003092956233
2023-11-29,1842.2059326171875,1854.1172068747157,1801.57887396188,1808.943102259439,1212566,6901,64.17477437163703
2023-11-30,1843.0460205078125,1876.1605507770598,1828.7623385534782,1831.9254692979907,2171737,12538,61.10773271076431
2023-12-01,1887.8248291015625,1901.8613877511157,1846.209158543884,1861.333156515255,1269657,16474,78.32842238993211
2023-12-04,1882.0419921875,1935.4701096186884,1868.2525572928093,1935.4701096186884,818769,16855,60.852757763162316
2023-12-05,1881.10302734375,1901.4166159210743,1873.4422031388556,1895.9304290306425,970173,10018,48.338637531082725
2023-12-06,1867.01708984375,1878.6813613582965,1850.2127004182867,1867.3630384340734,1053331,12815,76.45405153491397
2023-12-07,1898.1051025390625,1906.8038932941934,1872.0089716050816,1872.552570611211,720562,3703,71.102805261579
2023-12-08,1880.806396484375,1907.792315324941,1864.8916764326802,1902.3556014729786,493461,8969,69.07681312839787
2023-12-11,1910.164794921875,1917.6773211188902,1881.1030629326021,1885.2053349433945,674733,3509,51.93473299087796
2023-12-12,1915.502685546875,1928.8966996038203,1903.9867125416524,1913.723349042846,716644,5041,54.46006788201457
2023-12-13,1999.0303955078125,2003.676266557178,1909.8188597126546,1917.677334544117,2224533,16595,78.63140081419837
2023-12-14,2025.176025390625,2034.813836859842,1983.0167541639335,2002.6877986291183,1066303,12151,62.91626499466478
2023-12-15,1995.323486328125,2030.5631810154503,1980.743208053417,2028.3885437085548,902030,6080,67.36119810826455
2023-12-18,1976.6409912109375,2011.8808075458758,1973.5766855874008,2000.7107830697669,936244,10788,53.337722334452145
2023-12-19,1946.0469970703125,1986.476403107383,1935.5689906855644,1981.9293573931382,1139789,10290,45.64454575854289
2023-12-20,1926.7713623046875,1975.7512604549167,1920.7910494004184,1961.1709822351745,743248,10288,51.48660202122112
2023-12-21,1923.3116455078125,1949.2595984098887,1902.5532831861512,1913.7233073683742,733570,17091,72.42794095193753
2023-12-22,1944.86083984375,1965.9157983456967,1912.141731169354,1927.5622046736023,1070784,8005,59.21968703461019
2023-12-26,1973.2305908203125,1987.7615170392792,1944.8608768674856,1944.8608768674856,890867,5053,70.7742065419876
2023-12-27,1990.430419921875,2002.6877630390659,1967.645717919497,1985.5867778031013,477198,14572,60.49662411346458
2023-12-28,1981.484619140625,1998.7337818003646,1972.390406883356,1992.2591013526815,1261169,13126,69.85535281578996
2023-12-29,2002.4901123046875,2006.6417365968812,1976.9869326077646,1989.8373476697152,476136,13188,76.08620019443771
2024-01-01,1995.8177490234375,2023.0013189057197,1988.848821932789,2008.618690938085,474552,9800,77.0536032849001
2024-01-02,1946.491943359375,2016.3290312476054,1929.6875543454116,2001.6992796044603,1407673,6159,56.05001477699589
2024-01-03,1974.9111328125,1992.704015317244,1937.7931546543757,1954.2515951044056,837553,12705,51.058040789142645
2024-01-04,1959.787109375,1990.9246533604264,1956.5251533569026,1984.8948673884533,982876,5251,57.24848785768624
2024-01-05,1956.525146484375,1988.1074641495172,1946.5907389814477,1966.9043277763924,2259906,11882,46.472925120577756
2024-01-08,2014.35205078125,2039.1630921945543,1957.2170796837936,1971.8468313739756,2195125,7303,63.24413705156518
2024-01-09,1995.66943359375,2025.4230620559654,1981.9293506208935,2015.5381276389035,1424396,6102,57.351345335769416
2024-01-10,1997.00390625,1999.6727903172782,1969.8698091250867,1991.9131408139572,650058,16213,76.64935544564867
2024-01-11,2063.331787109375,2071.38791175592,2000.0187368159106,2001.254353561172,1305313,9550,76.36554119206164
2024-01-12,2061.799560546875,2075.836118414638,2039.0642125832862,2075.836118414638,765951,3567,52.73149637076206
2024-01-15,1998.33837890625,2084.6832595542182,1987.8603722359599,2074.155900609751,1349721,3589,78.06294493463432
2024-01-16,2010.249755859375,2020.3818138586344,1990.1832902872422,2006.641730585034,1347953,10394,75.66727400438705
2024-01-17,1993.59375,2023.94045235015,1980.3972651700567,2000.364906378994,727553,15856,64.54520468272142
2024-01-18,1988.354736328125,2002.7373654612138,1957.2171901216443,1992.8029572147652,815604,5178,54.84085413286849
2024-01-19,2013.561279296875,2021.469227374624,1987.8604480441902,1992.6052651571244,747716,3693,72.06527916716765
2024-01-23,1964.4825439453125,2022.4082392322007,1955.8332257725265,1992.259187315632,910575,7537,77.61126029771575
2024-01-24,1977.9259033203125,1991.8142844383851,1937.2494947389102,1952.27454678204,903005,17850,52.4015496241238
2024-01-25,1918.7646484375,2031.354078683565,1900.9224137224528,2031.354078683565,2078701,3180,77.61912335773516
2024-01-29,1942.093017578125,1951.286054856649,1905.7658835781342,1918.6657712648205,1563040,4870,46.570624957177394
2024-01-30,1935.07470703125,1973.8730740103072,1931.0219081168964,1950.3963551376291,1011435,17348,59.26960295459704
2024-01-31,1978.3214111328125,1983.7581252977327,1929.5887547448635,1937.496702621111,1064182,16919,66.6668227045704
2024-02-01,1972.2916259765625,2001.5510089998704,1962.1595677551568,1993.791359275643,588605,5929,74.70283832906277
2024-02-02,2021.7657470703125,2025.0278237950383,1974.5651837701157,1974.5651837701157,830770,6404,45.97928898700807
2024-02-05,2000.8590087890625,2053.7432868483024,1987.0694529837915,2025.67016985211,829877,8558,55.234035323327944
2024-02-06,2023.9403076171875,2044.2044230292277,2000.8590100492968,2010.595646248283,707510,7637,47.86057778898159
2024-02-07,2040.201171875,2051.0251277563666,2016.4773271678168,2030.464655408617,413546,6649,66.99807745653283
2024-02-08,2010.3486328125,2049.6907219323484,2003.182055018823,2044.204534803319,223855,7996,66.66170145539724
2024-02-09,2014.154296875,2022.4576662655368,1982.621330633417,2021.2715223521923,235265,9111,48.083593452228385
2024-02-12,2012.3255615234375,2030.8103409621722,1992.3580418944607,2020.4806325697684,309481,7384,45.906902814866314
2024-02-13,2020.727783203125,2036.494205839173,1997.7453099442414,2011.5842185732465,436456,12703,58.37394024132848
2024-02-14,2063.925048828125,2080.7789120351235,1997.943104705396,2007.6303897117984,597383,12019,74.60023332842236
2024-02-15,2068.916748046875,2093.8267342052386,2027.844797782817,2080.7786692014674,754820,12973,56.33529248892762
2024-02-16,2114.140380859375,2160.846696696011,2072.969724913719,2074.600642584974,2287490,8289,78.86265393407083
2024-02-19,2096.00146484375,2135.145902930033,2068.817894320335,2128.226448614982,981429,14129,75.46515178476803
2024-02-20,2093.826904296875,2113.893370813104,2069.7572321308944,2109.3462041352273,611276,13652,62.518619869293325
2024-02-21,2069.4111328125,2114.387586857386,2057.05496411885,2097.583197434022,407855,7920,72.59414001253944
2024-02-22,2104.156494140625,2109.197907288148,2066.7916346478187,2080.235000822198,482482,4446,76.4733862787027
2024-02-23,2091.602783203125,2114.3876067549168,2080.1364033463647,2110.43363273574,345944,15494,46.273870660943196
2024-02-26,2137.221923828125,2142.0654455156878,2063.974457884982,2082.805307598924,661221,3645,64.33622904726533
2024-02-27,2108.60498046875,2143.2022557166447,2102.9211423923102,2142.0655846339328,626537,5999,50.68823046782965
2024-02-28,2070.448974609375,2117.501117363434,2048.010221878789,2110.433485828701,808633,15421,50.10390666488213
2024-02-29,2114.585205078125,2134.5527251166086,2060.860729215387,2067.9283610679236,1749636,10890,75.50827947875352
2024-03-01,2216.79541015625,2248.8224999972786,2097.236939563804,2115.326417170721,1643917,5645,49.76341037066728
2024-03-04,2206.663330078125,2241.6064268434848,2194.455340099518,2237.3558569725083,794390,14806,56.70410688045543
2024-03-05,2254.654541015625,2263.5509817793295,2206.3667823359137,2213.2367633260496,942601,4812,77.45654794436751
2024-03-06,2253.76513671875,2268.790189363925,2205.4279020295853,2268.790189363925,1248715,16835,65.57983780273594
2024-03-07,2233.698486328125,2286.8300065451667,2229.1515614897835,2257.718924199504,873474,3182,60.00172524862469
2024-03-11,2242.249267578125,2277.8350326309783,2229.10225611176,2249.8111461192902,715668,4579,66.83691801386856
2024-03-12,2216.79541015625,2253.6167895518097,2206.712584343891,2245.5604234892444,471203,12358,49.214063435121375
2024-03-13,2121.553955078125,2231.5238455859603,2101.2898404227485,2216.7953904909523,999329,6291,78.67811632580283
2024-03-14,2125.063232421875,2175.2787471292686,2084.633706177333,2115.2277710210483,970661,11499,74.36138919443476
2024-03-15,2042.672119140625,2134.1572307249176,2031.3044451464905,2128.2262703801516,1517532,15531,50.078333654221346
2024-03-18,2008.0750732421875,2043.9574355751517,1988.8983958658414,2037.2851044470501,1291028,17914,70.54590571344994
2024-03-19,2026.28564453125,2040.3776988580823,1994.7272250509463,2016.2127440169902,895151,17387,67.12294481106868
2024-03-20,2019.487548828125,2089.0053280352913,1990.5591396557725,2040.0302130980144,1492834,4309,75.04866564013702
2024-03-21,2039.43505859375,2065.1381644057565,2007.9263062170007,2064.3441946289154,1087462,9205,64.42916534969065
2024-03-22,2035.21728515625,2069.157372009804,2019.0410903376242,2046.3321348125737,833468,9793,46.55884188194851
2024-03-26,2067.123046875,2072.134723854847,2012.9379389567778,2037.6984337498134,1066097,12950,71.08958394376405
2024-03-27,2107.017333984375,2117.7849881250013,2068.313672064565,2084.0433341436283,1315796,11732,68.69065563158388
2024-03-28,2135.49951171875,2148.5494960391325,2088.4098612681123,2123.7394556691656,934714,6481,46.58567691505066
2024-04-01,2122.846435546875,2178.32159006062,2112.0291123479055,2157.4811557137987,591922,5781,67.48627110778634
2024-04-02,2134.209228515625,2158.7711671854763,2100.814770568929,2158.7711671854763,899959,8440,53.840861421787466
2024-04-03,2088.409912109375,2133.663523760091,2085.23427532182,2133.663523760091,718065,9945,55.63346314910619
2024-04-04,2070.84423828125,2102.750093059114,2052.0382776169245,2102.750093059114,797799,10836,46.07258644909397
2024-04-05,2053.67578125,2078.0889576089085,2044.3473030918583,2070.149744781367,586351,6315,69.60776940191954
2024-04-08,2116.7431640625,2122.7472428230644,2050.599687468474,2064.1955423431386,935056,9574,53.278842402081786
2024-04-09,2083.1005859375,2127.7089885224073,2080.0737126599656,2127.7089885224073,546070,10834,46.928963629450955
2024-04-10,2081.463134765625,2126.1212092509845,2073.2263948556624,2084.9862090988045,592948,17818,63.561853548714694
2024-04-12,2031.2972412109375,2093.123789741717,2022.9114959396538,2081.9592714642686,770726,8451,58.69579486663135
2024-04-15,1984.9520263671875,2031.098699416432,1973.688292765442,1995.8187751119983,1014530,5068,67.03616039232098
2024-04-16,1960.588623046875,1986.1926333888337,1945.8018146290083,1974.978446586809,1225387,9328,69.45671781996379
2024-04-18,1925.953857421875,1973.390705333316,1912.804535397401,1964.9552912044082,2514361,4325,46.962022696175815
2024-04-19,1884.620361328125,1906.8500608954657,1858.7682504449117,1903.4263237337645,2046537,9078,77.28532366103988
2024-04-22,1928.4844970703125,1935.1832081755356,1875.7383253984083,1884.5210557300338,1222136,11186,71.57774381043792
2024-04-23,1938.2596435546875,1957.016059018256,1903.9225706016857,1935.7290920261078,1278413,5416,70.89854259626439
2024-04-24,1949.37451171875,1956.1227699144072,1926.2018374399945,1944.114734780611,1129487,13897,67.56222177250004
2024-04-25,1990.5096435546875,1998.796173245454,1936.4734212444798,1953.0464806260127,1052042,17143,73.37096757860436
2024-04-26,2001.1778564453125,2023.3084609146867,1980.4863070032081,1991.750041103765,809102,7893,54.249996845940245
2024-04-29,2021.1251220703125,2026.4841150654463,1996.9601667680922,2004.651279349756,420629,11037,56.90295925804498
2024-04-30,2044.3472900390625,2089.402225633472,2028.1710955491199,2033.4308724708928,1223892,3132,65.74312479860511
2024-05-02,2057.198974609375,2101.7579545573712,2050.8477008935192,2101.7579545573712,1595338,6258,62.43956403071985
2024-05-03,2037.15234375,2070.0009329687473,2020.3807328161115,2068.065556058929,527068,12757,76.10678688899219
2024-05-06,2041.2213134765625,2054.2712975102963,2015.0714345867907,2044.347281580295,304143,9984,50.64469670995416
2024-05-07,1964.5582275390625,2049.3093503233636,1958.0084010595624,2047.3742156167305,725249,14240,64.14570139501899
2024-05-08,1981.4786376953125,2009.6131982421482,1903.922430038302,1964.558142309795,2130967,9542,78.68803202865993
2024-05-09,2047.9200439453125,2106.8686022228203,2008.5216276382419,2008.5216276382419,5353261,7057,67.36067345386182
2024-05-10,2047.8704833984375,2071.4896912418517,2007.3804474219505,2064.195442164211,1125560,4041,49.573876716032956
2024-05-13,2052.882080078125,2069.554233400972,1960.4397241626016,2047.870403459467,1593052,17720,60.60126819038744
2024-05-14,2118.5791015625,2123.6898731715532,2049.3094175860156,2059.0350022621797,1387841,8321,77.64351922423126
2024-05-15,2083.99365234375,2133.5640628761425,2069.157297159356,2123.7393841347825,724319,17674,45.74996079958712
2024-05-16,2111.7314453125,2117.735523954524,2074.61571926546,2103.8915689274218,535364,4433,70.46972105910244
2024-05-17,2167.851806640625,2175.9894519791133,2098.9792267969574,2111.731443044334,1090700,7081,73.41270576417395
2024-05-21,2139.5185546875,2182.737693676293,2125.8236061660623,2182.291161404603,772583,7057,68.9919159268467
2024-05-22,2126.02197265625,2153.511448215533,2104.983107425723,2150.5342434484146,609077,9853,70.41988184429968
2024-05-23,2158.6220703125,2164.4277161213968,2120.811717754323,2127.4607594842937,457984,11896,76.01364551383816
2024-05-24,2221.4912109375,2236.873437325497,2143.5876772950637,2148.599354349558,1224582,10065,45.26836631801211
2024-05-27,2232.45703125,2247.1940493978113,2191.669229242414,2242.827579343395,809083,10680,46.5532972271898
2024-05-28,2234.541015625,2253.694415389821,2209.7309750709705,2232.903649862655,678357,9237,69.83985794470928
2024-05-29,2236.724609375,2247.8891282050836,2198.219375975021,2213.6512704594943,518041,10392,65.51613335040312
2024-05-30,2213.8994140625,2242.083525233536,2205.8111948920423,2227.892132564476,741013,16023,78.53526968172804
2024-05-31,2162.691162109375,2221.78872517179,2129.4457088889258,2210.227101292456,2814422,15889,56.862493259617764
2024-06-03,2232.90380859375,2237.8658170572917,2190.5283047722182,2217.5712508985202,895334,17239,66.63344866698564
2024-06-04,2194.646728515625,2235.881068312457,2053.2791523916885,2233.896264878536,1169349,12186,55.95575618019781
2024-06-05,2333.93017578125,2352.0911738641926,2185.1690277371204,2206.2081358861974,1794260,17884,77.85168754363181
2024-06-06,2379.9775390625,2391.6382582074234,2317.7540053590405,2342.0678452782427,1606531,10402,73.00292129618029
2024-06-07,2389.35546875,2411.188302610658,2369.0112371980235,2381.7636938899386,747356,14577,65.57470116941319
2024-06-10,2418.333984375,2426.3722921248836,2393.672707206188,2401.264482684226,1482253,14483,64.90249141961877
2024-06-11,2423.891357421875,2433.368841620207,2399.627185578165,2421.460021840663,937870,8548,76.30404685819461
2024-06-12,2402.108154296875,2429.4985363003734,2397.2454832061167,2429.4985363003734,630482,14384,53.873361681603846
2024-06-13,2423.09716796875,2442.300235036543,2392.680157120319,2422.2041034804724,990069,12914,50.935779923572206
2024-06-14,2484.824951171875,2499.8597391517164,2423.097375138095,2427.8112829431648,813619,5888,72.88287674620852
2024-06-18,2452.373046875,2491.4738141694347,2434.658824192326,2490.927944847918,1090211,12260,77.05159674425619
2024-06-19,2419.22705078125,2455.2512780685765,2411.684701549959,2451.281671585908,674896,6944,61.429799205714815
2024-06-20,2409.50146484375,2430.689336345163,2370.3512693915054,2413.1733023806732,759638,15456,73.3614000821224
2024-06-21,2416.89501953125,2450.1901452474376,2406.57413869602,2421.4601642962016,1274845,12983,77.38388278735191
2024-06-24,2421.162109375,2444.2851148667805,2408.608326182411,2416.8947340831664,838611,6726,76.30412562494027
2024-06-25,2396.352294921875,2464.679247694653,2388.562087083489,2422.154738673833,709617,13320,70.33929765046283
2024-06-26,2358.6904296875,2401.5621290214935,2335.120892418087,2401.5621290214935,1328074,14334,52.02116841340012
2024-06-27,2326.338134765625,2384.9394982327362,2316.81122469079,2350.8506483357583,2892926,17804,45.815343068904966
2024-06-28,2346.881103515625,2357.946284831991,2309.4179417932314,2345.045063576597,531757,3339,71.71761533391398
2024-07-01,2336.708984375,2370.5000661848976,2322.567261090231,2346.881101123693,531888,9835,68.74654316101281
2024-07-02,2320.582275390625,2351.396149876047,2297.161501754772,2336.7088006756517,879900,4894,72.12759983155487
2024-07-03,2297.012939453125,2355.1675303527572,2283.7146120676107,2332.143860695766,745901,11520,45.69353086521819
2024-07-04,2347.972412109375,2375.759655667295,2300.1387055846335,2302.371609084824,1348615,16132,58.105867363343656
2024-07-05,2411.6845703125,2420.4674210916855,2351.048979960698,2351.048979960698,1253460,10755,64.12905506419625
2024-07-08,2380.02734375,2427.364855721063,2363.3052784245615,2427.364855721063,752377,17999,45.2345895266873
2024-07-09,2419.673583984375,2428.9029675172405,2379.2828864647945,2384.840432456889,761404,14173,76.35482310450902
2024-07-10,2421.7080078125,2457.6328973260133,2388.164785228124,2433.368726628931,1400944,13593,52.344776480588884
2024-07-11,2456.888671875,2472.9655298562216,2425.6280204671307,2425.6280204671307,2112524,13615,65.48446795157805
2024-07-12,2420.9140625,2472.0724140253587,2406.673244747579,2461.1559962998354,742628,10986,70.05574532514045
2024-07-15,2432.2275390625,2436.8917780885486,2405.879228333511,2426.421892834139,320518,16872,53.423795309276905
2024-07-16,2436.74267578125,2454.0602767056857,2418.383247054824,2440.3154182854714,424872,9336,76.04008571106645
2024-07-18,2389.30615234375,2446.22023785749,2364.8929764448317,2441.3078984701156,894461,11199,60.446895324603275
2024-07-19,2386.279541015625,2399.3295263734,2351.992014041576,2392.233951177756,858204,14338,78.88424141776795
2024-07-22,2407.66552734375,2422.4025451733996,2352.9841043437727,2386.52732560848,510664,16156,52.25773550272363
2024-07-23,2453.415283203125,2471.0800808324525,2342.018199237887,2407.4670388654745,836325,9303,53.04478951566533
2024-07-24,2430.9375,2466.1180898875623,2402.7531478870933,2466.1180898875623,542901,6153,74.25804995537557
2024-07-25,2430.689208984375,2439.819254952961,2402.60419615258,2426.967703104337,395417,4483,60.74218037224157
2024-07-26,2488.943359375,2509.585362327726,2420.2195445278235,2430.8878623560854,1328315,12119,68.46350362546573
2024-07-29,2465.72119140625,2520.6504763577595,2447.0143237316743,2509.783726946124,715525,17507,51.482487966177665
2024-07-30,2477.72900390625,2492.863128169694,2451.8274677512886,2465.6714214892645,635216,9842,48.55439364090745
2024-07-31,2511.7685546875,2537.6206659062113,2473.164227746589,2473.164227746589,1913288,8900,52.612651185008
2024-08-01,2564.564208984375,2582.377769544011,2500.8520736601436,2512.760893058525,2477455,10851,68.83760966824417
2024-08-02,2549.876708984375,2565.2589345979145,2505.814172528202,2555.2358232791375,907741,7415,65.5579104395319
2024-08-05,2474.40478515625,2541.5406607928394,2442.7966952524694,2496.2870480128768,1605272,14252,76.94227699082873
2024-08-06,2459.965087890625,2510.7263318538585,2408.558637528298,2495.7906395999635,2149602,10910,74.84827592462432
2024-08-07,2554.987548828125,2598.752313350319,2515.7380176887327,2515.7380176887327,2338106,4441,59.309207998229894
2024-08-08,2509.833251953125,2570.9650436077013,2485.1223073619153,2559.4036621720516,608596,15178,57.72048794395458
2024-08-09,2561.835205078125,2569.923423941612,2514.7954635226633,2522.288144478639,554497,6668,51.072259121970006
2024-08-12,2558.411376953125,2563.472722130519,2515.738107283232,2558.808240686996,788200,15770,50.846748646584885
2024-08-13,2615.772216796875,2634.826279286014,2536.0823189135253,2569.2284358328843,2005430,16363,69.64830235005866
2024-08-14,2585.702392578125,2632.990232338765,2574.7859748777378,2615.7722097917563,1364898,7664,54.18557903137509
2024-08-16,2580.492431640625,2615.127152864755,2553.300722910411,2605.0543728705475,1089926,8953,78.155881372132
2024-08-19,2587.78662109375,2605.054312767011,2565.6063474593966,2602.6229771988737,464963,8165,53.77637150870434
2024-08-20,2616.169189453125,2627.284039510767,2592.2027864449105,2604.06193774238,546115,8180,48.343663921109446
2024-08-21,2611.5048828125,2616.169122004722,2585.8017775740163,2616.169122004722,968366,10617,47.14027288635075
2024-08-22,2685.686767578125,2694.568713234578,2609.3711832261033,2626.8869741447747,1415927,17988,47.11137239976175
2024-08-23,2745.975341796875,2796.587825509069,2730.2953474053975,2739.028530306966,2526589,10203,73.14380022799112
2024-08-26,2754.113037109375,2767.8082284681946,2719.8751798551075,2760.563647896411,694903,3779,56.06295839635419
2024-08-27,2720.272216796875,2765.674591567818,2701.4660119977343,2763.8385516300714,917102,8401,52.913681973554915
2024-08-28,2716.451416015625,2741.2117887219397,2701.267622316011,2735.4558106957747,615924,7429,52.200089220365946
2024-08-29,2730.642822265625,2744.486776895729,2704.8403792356885,2729.1045512432665,545401,5046,59.23457784020769
2024-08-30,2791.923583984375,2802.5422330817873,2736.8949614696785,2757.884159254351,1691050,10095,69.74217298091158
2024-09-02,2769.495361328125,2838.268847237533,2759.2241491578907,2837.772646390114,1086763,7335,78.67256106620547
2024-09-03,2761.456787109375,2784.678887618633,2756.246678713082,2784.678887618633,732254,4011,74.13641983675939
2024-09-04,2753.815185546875,2762.449273554356,2725.184543899215,2735.753524342091,512770,14560,48.671030268484756
2024-09-05,2740.71533203125,2781.205364021661,2731.3868543078897,2749.944714970213,472195,9316,50.861142664970025
2024-09-06,2731.386962890625,2761.903311987319,2712.0848002930775,2740.6657724478855,638798,12202,66.96861435274276
2024-09-09,2744.08984375,2750.5404543443483,2695.412495346307,2732.925325413628,420546,15602,73.21000613145638
2024-09-10,2734.06640625,2767.9073977025582,2726.7721575804503,2757.6856127719916,361187,10836,60.35254431462801
2024-09-11,2738.68115234375,2758.8766230997303,2705.6837970494817,2743.792166279463,451598,17158,70.89755429085226
2024-09-12,2801.401123046875,2806.5118946820185,2744.3380275927675,2758.9262835387053,640298,6516,65.36129764785706
2024-09-13,2807.15673828125,2821.993336290545,2796.935195449972,2813.3098221378714,372568,7995,78.89246745508578
2024-09-16,2820.1572265625,2828.2948711669947,2783.6864680242147,2819.2144935063743,237258,17595,52.28239823819606
2024-09-17,2797.33203125,2828.3445814855877,2761.9530108554613,2828.3445814855877,998069,11964,63.26690156006959
2024-09-18,2763.59033203125,2813.4585120059587,2751.135643600358,2798.522819596226,537825,5593,61.98122119584762
2024-09-19,2749.5478515625,2795.495849836942,2707.3707853773585,2788.449944151452,541355,14611,52.38775187328069
2024-09-20,2794.2060546875,2803.435195781384,2745.925571254774,2763.838468674026,1029376,17321,60.47154093554631
2024-09-23,2823.5810546875,2857.1242780659827,2792.072303097158,2811.3744662442095,1352527,17105,60.07978070977944
2024-09-24,2846.902587890625,2863.9718479513713,2806.561557406538,2810.977696327593,716361,17772,54.652461147012275
2024-09-25,2849.681396484375,2876.873105338449,2824.474490971053,2843.2307856269317,901475,8781,59.71022093712898
2024-09-26,2869.13232421875,2879.949404599548,2809.8857556644043,2848.1925538251903,717570,3150,61.88654370739678
2024-09-27,2927.286865234375,2935.5238467299746,2847.3488702410605,2865.5098674456863,1294096,16668,73.76748367576366
2024-09-30,2818.271728515625,2925.0043247918557,2785.0262755309086,2925.0043247918557,1318103,8348,61.17255813781807
2024-10-01,2817.08056640625,2853.4025600944688,2789.64076042972,2835.2912317850264,853088,15278,68.18215386833748
2024-10-03,2704.889892578125,2778.7244745593403,2695.6108407220745,2740.020812235121,1164231,9758,67.56648754905302
2024-10-04,2667.079345703125,2730.394617325206,2637.8034980014536,2708.2640128088665,1039593,17865,45.44161999780075
2024-10-07,2617.806640625,2679.4843027538,2601.2333401832348,2667.5754836304495,658074,10243,56.99314817978926
2024-10-08,2719.726318359375,2726.4746978578223,2601.5311880593886,2604.5580614688633,1114457,11116,77.89746958565294
2024-10-09,2761.4072265625,2783.2897311397974,2700.3248572801076,2739.0285211661508,884279,4170,58.91310575692106
2024-10-10,2772.27392578125,2806.511781675094,2741.0132747477405,2758.876503909746,498243,15480,69.15134416548747
2024-10-11,2773.117431640625,2778.7244036122697,2743.6429111024486,2770.338658779905,272568,10838,59.49738542489035
2024-10-14,2808.893310546875,2823.3824704023473,2767.8079824084875,2773.067759193586,446302,6739,54.14528847746465
2024-10-15,2812.069091796875,2826.3595770136303,2779.3692673284922,2824.474111007785,671968,14977,72.82870612965901
2024-10-16,2753.071044921875,2808.3974390092035,2733.570448673483,2802.592034507704,336618,16183,68.55630642268059
2024-10-17,2658.89208984375,2728.955742433243,2574.88538806234,2723.15009593403,2812222,15618,65.72952372814709
2024-10-18,2695.263427734375,2732.8755940137576,2630.9559974245067,2658.5942368101505,570397,5306,72.4602774233905
2024-10-21,2716.89794921875,2735.406385365793,2645.842136437771,2694.7179177087414,685233,6157,57.71525768785962
2024-10-22,2642.26953125,2728.1122784624413,2637.8533921337576,2728.1122784624413,453367,5534,68.90101631175764
2024-10-23,2543.475830078125,2750.838112068324,2467.01123239409,2669.411748283941,2474437,16708,63.186361262371015
2024-10-24,2463.48828125,2628.871915848078,2456.3427956910523,2605.0542767463967,2651875,9208,65.72993091784952
2024-10-25,2431.185546875,2483.088200266087,2356.9538569444394,2483.088200266087,2013642,8552,50.21141784756367
2024-10-28,2443.64013671875,2462.8429619934404,2390.199214518333,2431.1357798489876,887553,6822,50.18882559425941
2024-10-29,2428.605224609375,2455.598500534173,2391.8863642369247,2441.3080139520903,817875,6210,66.817304444772
2024-10-30,2440.216064453125,2477.083927256954,2406.573748959208,2406.573748959208,844370,17414,67.08080725254632
2024-10-31,2474.751953125,2481.6987646945854,2429.7466835419514,2441.3577344225746,1006395,15310,60.02186768605861
2024-11-01,2490.630126953125,2505.813919158001,2482.740583070705,2505.813919158001,84638,13276,64.89561709293892
2024-11-04,2393.821533203125,2504.6729908767334,2386.428189398406,2504.6729908767334,791508,15158,52.001110513294854
2024-11-05,2439.719970703125,2449.3958862007125,2376.8018068432866,2393.821397188928,496975,8708,47.3275929758237
2024-11-06,2467.010986328125,2493.905166011507,2443.689549240473,2459.1711107745778,606094,12016,63.62922622363564
2024-11-07,2460.610107421875,2494.897631281037,2424.6355492938173,2478.026804020982,626252,13000,63.2398720059784
2024-11-08,2449.14794921875,2471.377891678047,2426.422048217157,2467.110516101371,229547,17097,60.79577864422941
2024-11-11,2441.80419921875,2474.6527899326625,2422.5020360624467,2436.345990279224,304447,10058,51.27572171950665
2024-11-12,2421.7578125,2466.1181181193197,2411.5360269738217,2441.3080766895478,488274,11363,51.90693070953702
2024-11-13,2367.622314453125,2407.516813639736,2339.041097534836,2403.398443570842,1158274,15267,58.06016012635499
2024-11-14,2377.94287109375,2396.64973717807,2342.067652066354,2356.9536752786403,308515,14352,66.91606395118744
2024-11-18,2397.642333984375,2424.7349468942066,2376.8515683285004,2390.6955225862416,369073,7649,53.070554979326545
2024-11-19,2410.79150390625,2451.132530644927,2395.260516314493,2401.413357565822,349283,13139,46.09185709588384
2024-11-21,2370.301513671875,2410.791546736098,2363.454039659889,2396.6498241711133,526062,3231,76.58245045332146
2024-11-22,2395.905517578125,2406.8716035082534,2343.060133375563,2360.675261443084,483482,16216,50.771441148403184
2024-11-25,2439.670654296875,2469.9389041393188,2427.464065739369,2446.27002824994,1152942,8690,55.63991614886794
2024-11-26,2406.17724609375,2449.9916840043493,2394.714958061851,2444.4838061411697,522817,17096,72.25127630711663
2024-11-27,2422.10498046875,2427.4144261892334,2386.7259587020058,2411.5359998527542,560953,11483,58.6537447826671
2024-11-28,2397.096435546875,2440.5140062584087,2391.687895195348,2422.9485461076524,920475,10661,76.9836010063421
2024-11-29,2415.9521484375,2426.4220343023376,2378.6874180220843,2383.7487633514174,598013,8426,65.11747224918449
2024-12-02,2474.4541015625,2477.5306434976874,2432.3763698028565,2438.3804480589497,886621,6790,47.669554175814596
2024-12-03,2536.77685546875,2553.2508185143993,2481.0039354567893,2481.1526987787006,1504046,3810,59.57915328801219
2024-12-04,2499.561767578125,2550.2239158123393,2484.4773122818137,2550.2239158123393,565355,3556,47.24030062065377
2024-12-05,2493.111328125,2514.547300261805,2453.861795174687,2514.547300261805,518320,14117,50.01426202929555
2024-12-06,2502.39013671875,2518.615756429654,2486.2139432561257,2500.7525288161983,328425,16288,73.50994473519529
2024-12-09,2469.93896484375,2512.7609994967793,2462.198183449799,2508.2455234931776,343525,3408,66.95839163610597
2024-12-10,2501.050537109375,2504.821711756928,2465.0759780558137,2478.8208375325685,549109,6988,54.808677149289345
2024-12-11,2512.215087890625,2524.1239075932353,2493.9549945941785,2501.050569419428,394565,12449,65.744438475553
2024-12-12,2504.573486328125,2518.318345118774,2477.6298803582176,2510.775996200161,282735,16858,49.53314336016647
2024-12-13,2502.737548828125,2510.776098865195,2446.2699935583814,2498.9169479620523,286975,14641,57.43908427622583
2024-12-16,2508.69189453125,2527.746198979471,2492.7640427634606,2502.7374849625676,311223,11852,50.40535933770612
2024-12-17,2434.410888671875,2508.6920059694944,2414.5628558945996,2494.8977201035104,934501,7778,57.46302258535129
2024-12-18,2460.41162109375,2473.0647412586973,2409.997572293166,2419.524724390402,671227,9207,72.01554992201994
2024-12-19,2440.960693359375,2447.5106413564004,2404.5892687304845,2430.3917123899946,622765,15986,68.96423750264285
2024-12-20,2373.477294921875,2451.2320606423023,2363.652615560649,2451.2320606423023,575609,13511,46.92704296720092
2024-12-23,2370.15283203125,2401.4631515270758,2361.9158501471557,2377.2484066836478,624465,3025,47.93279917957532
2024-12-24,2408.70751953125,2415.1581301267615,2354.5225359002866,2370.84749425797,377743,3914,62.00247734179088
2024-12-26,2420.021240234375,2429.399387943956,2398.4365030253143,2412.627895946317,384423,3330,56.610234537142276
2024-12-27,2402.05859375,2470.881747053354,2399.379157675741,2420.9638941784597,456684,15646,60.47348386131137
2024-12-30,2335.716552734375,2410.444200987535,2315.7195146944614,2400.421089984043,2546678,10639,46.68554524527875
2024-12-31,2350.503173828125,2356.854447111289,2328.223806514729,2341.9684232111745,649708,10497,69.53915317603936
2025-01-01,2388.313720703125,2401.85990525019,2329.1664900825103,2347.0297183831003,330907,5465,57.56026188259101
2025-01-02,2482.44287109375,2488.9431498664985,2383.798251462221,2400.9171786293646,1247379,16608,56.722905905748455
2025-01-03,2464.08349609375,2494.8976141287017,2448.750939881691,2494.8976141287017,766578,11497,57.998339255131995
2025-01-06,2395.5087890625,2476.042085013548,2383.50063233719,2469.095273552588,592677,5275,72.15559433757274
2025-01-07,2366.3818359375,2432.227785153868,2348.7667058943503,2401.661764565542,529516,8896,76.75434440669262
2025-01-08,2343.854248046875,2376.8019341254485,2325.1970487081107,2363.00764820696,678020,3332,56.23070989197592
2025-01-09,2308.772705078125,2348.419101420487,2293.4401484751143,2342.067827953816,956229,9685,48.51451232209438
2025-01-10,2265.90087890625,2332.094014998818,2255.3813253769436,2314.7766561037242,638304,15405,65.5072348587509
2025-01-13,2160.0615234375,2260.9390540184945,2154.90084104068,2259.797889037789,896851,4464,45.666573052036554
2025-01-14,2218.017822265625,2246.797471861018,2161.897457097494,2161.897457097494,707155,17465,45.564702152034194
2025-01-15,2233.399658203125,2244.663512558175,2208.4902827193064,2220.051905992454,1051263,12024,63.240470370378375
2025-01-16,2260.740478515625,2288.626817674772,2245.8047862085655,2252.602833978076,661212,12505,50.300568259537606
2025-01-17,2283.76416015625,2289.6192326260284,2236.9725220780215,2270.614839082021,569486,17038,59.122527663632084
2025-01-20,2275.52734375,2297.2114169915435,2227.9417324865203,2296.417447204369,684192,11293,52.94511938013759
2025-01-21,2274.485107421875,2308.82229935334,2264.8588604550737,2285.5008619861346,687145,14964,58.85586016840652
2025-01-22,2255.97705078125,2291.4554097674722,2227.0486395990156,2286.493401517651,600777,10350,62.98915291844849
2025-01-23,2282.623046875,2288.9743202837003,2231.5143638077507,2245.2589807758654,336213,10364,61.039489829030316
2025-01-24,2253.4462890625,2289.7682849300018,2240.842837063143,2283.516106325196,576285,6885,77.25134909778268
2025-01-27,2214.44482421875,2257.465530316044,2201.2955030728276,2247.591182893762,663070,11939,48.47199403158278
2025-01-28,2318.0517578125,2356.8545158728816,2200.204065165033,2236.873256651703,1446186,13187,61.962676010281925
2025-01-29,2446.02197265625,2519.9062272173987,2338.892262741015,2341.075497919097,3167978,4681,73.64635037585936
2025-01-30,2436.593994140625,2486.0653101192593,2411.3870907692617,2440.3651686247103,879247,16013,66.12072401472494
2025-01-31,2439.223876953125,2473.561070370789,2422.0058539910847,2438.8766817528913,681021,14409,53.83267847088669
2025-02-01,2535.685546875,2667.575628936076,2417.043881438979,2447.262463153409,2148989,7077,63.53134142821925
2025-02-03,2633.585693359375,2640.979036674486,2508.443757186518,2530.5246923451596,3036331,4084,61.36833455279167
2025-02-04,2624.306884765625,2699.3325480899994,2617.4097416016994,2639.68911068305,1473984,11596,71.59434941371285
2025-02-05,2597.164794921875,2639.788397469009,2577.6639570654766,2634.8263892030895,594760,8834,73.87640074063222
2025-02-06,2571.66015625,2607.9819118845817,2566.0529414610814,2597.115162089923,306299,4273,55.20580026933212
2025-02-07,2585.851318359375,2610.562265350391,2557.2206755087177,2590.7639004616176,493929,10613,48.67285575641209
2025-02-10,2538.960205078125,2629.864290290696,2516.3336419938764,2596.1226352454564,440811,16488,71.59635289962688
2025-02-11,2466.1181640625,2538.960350143118,2451.9267716431764,2526.406565860004,366437,13342,60.69187400592365
2025-02-12,2474.503662109375,2483.484944832511,2401.6118147830875,2481.003940891619,527642,12964,75.06157844926007
2025-02-13,2456.5908203125,2505.0200667823196,2442.3003342065745,2471.079980566587,396181,4651,77.95114895902631
2025-02-14,2383.1533203125,2466.7137363990087,2350.503401641336,2457.1865832653357,483107,17537,76.30867109154347
2025-02-17,2347.724365234375,2384.74099256061,2338.1477869183755,2383.153053121176,459708,14852,73.86780758358
2025-02-18,2335.76611328125,2353.927112451756,2319.342059333383,2342.5641616920198,514133,17215,51.222356835213695
2025-02-19,2363.80126953125,2378.786630576342,2312.345392042593,2324.9985124179993,631536,7451,46.7990865560818
2025-02-20,2400.86767578125,2406.573985230766,2327.1818537592358,2356.9539030610595,645674,17095,66.57535038767531
2025-02-21,2307.283935546875,2398.9323156167557,2285.054237737895,2396.2528798884778,1384743,16863,67.33411598532399
2025-02-24,2344.4990234375,2357.797349749536,2257.267022986888,2292.0010776827803,505656,6682,50.513470276696125
2025-02-25,2342.712890625,2377.794386352904,2329.7125742011694,2349.0147381040583,455790,9436,47.60345522439056
2025-02-27,2321.177734375,2366.133576484089,2286.5926830847106,2342.712801199301,558324,14934,70.91389443171951
2025-02-28,2208.58984375,2300.3869951977085,2176.0886901293247,2300.3869951977085,1399849,14558,65.22121513844097
2025-03-03,2306.192626953125,2317.2578082237833,2231.018203410105,2251.7096320436826,1316845,6235,61.524048720589164
2025-03-04,2276.469970703125,2317.2577740470383,2235.186208836615,2272.5500327758728,1208564,9489,63.10652854639708
2025-03-05,2312.990234375,2329.5632917330113,2263.17172523217,2291.0583055837983,695924,3094,68.46578467348441
2025-03-06,2301.87548828125,2340.082949500835,2275.1303138846492,2340.082949500835,651917,17109,65.37492344381837
2025-03-07,2315.173583984375,2341.174699600948,2290.165112248315,2314.280519463123,683846,12824,72.92638024891184
2025-03-10,2240.0986328125,2323.609135057063,2227.941712554685,2315.17372100062,480419,7614,59.22168086834544
2025-03-11,2271.45849609375,2281.6800387319004,2201.940715647858,2229.926392274027,574902,9014,53.38504069195625
2025-03-12,2241.835205078125,2282.474001972034,2225.162809810342,2273.5920561460753,519721,16392,51.32045703081657
2025-03-13,2233.796875,2270.565406201537,2228.9838721578344,2237.915487399395,413139,4486,57.276233206682434
2025-03-17,2249.576171875,2295.8716132338654,2238.907853837792,2241.3888580324915,582066,17700,64.97382329984046
2025-03-18,2249.576171875,2249.576171875,2249.576171875,2249.576171875,0,14585,78.11107175266827
2025-03-19,2302.12353515625,2324.700670806559,2286.195441548045,2306.341241816198,610676,9573,61.58900763518773
2025-03-20,2328.96826171875,2335.1707720872882,2290.959229723236,2330.3078585870176,597377,11001,64.80616232571404
2025-03-21,2395.5087890625,2431.384011335949,2332.193516146926,2337.9494941002613,1871573,9182,59.73550874211736
2025-03-24,2426.124267578125,2439.075157579909,2376.851622523539,2415.505618370257,703461,3033,69.84484854515499
2025-03-25,2403.1005859375,2445.2776558951064,2391.6879670077947,2445.2776558951064,767700,10714,69.01589670708907
2025-03-26,2420.73876953125,2441.466369407125,2398.616143331816,2406.5882784155947,512282,6023,74.03181045196766
2025-03-27,2447.0966796875,2452.378268026745,2361.745102721701,2403.5489388987435,636174,3564,68.4699924306068
2025-03-28,2411.42138671875,2459.4035755297828,2393.1352052815128,2454.4209913005893,582409,8036,57.34289539359336
2025-04-01,2432.348388671875,2450.6343279329353,2384.5652083705313,2416.5534983869325,463333,15160,52.37366977694839
2025-04-02,2487.406005859375,2509.6780132668678,2435.038992538869,2441.4664780782055,832671,8891,70.21832727500987
2025-04-03,2467.42578125,2492.288829875188,2432.7469435956828,2461.396805194608,529522,14875,60.408817233833844
2025-04-04,2456.3642578125,2542.064710298947,2441.8648884140093,2464.4361419325587,567198,16188,53.29240583445109
2025-04-07,2359.9013671875,2386.558193898423,2213.3637536761094,2237.4295391663168,1050483,5252,69.31279588347412
2025-04-08,2429.1591796875,2440.4697431468057,2352.278002735008,2386.7077082430865,692612,7968,54.78446191115343
2025-04-09,2466.62841796875,2480.0315214051057,2408.6810584603363,2441.466366639102,898839,4184,50.73954179708004
2025-04-11,2504.5458984375,2521.1876815111636,2487.3559824271965,2502.901499627581,912929,10916,56.93073636601639
2025-04-15,2577.490966796875,2591.442203423651,2536.932777547085,2576.992708345919,1045478,16312,51.26120960177609
2025-04-16,2605.094482421875,2615.657659085179,2558.4574419290198,2579.982304707342,591510,6814,52.41227527360783
2025-04-17,2669.9677734375,2680.6304555879206,2590.943934768994,2590.943934768994,891895,7045,59.82476336333765
2025-04-21,2726.07177734375,2735.538688061787,2658.906391117412,2685.6130931695066,454985,13928,48.11411044357307
2025-04-22,2728.96142578125,2761.8464822175406,2713.8144181413722,2745.403953999395,1128946,8194,54.12230760513876
2025-04-23,2796.923828125,2806.291232602645,2711.0241232722724,2728.961426789604,465708,3516,58.89480844378585
2025-04-24,2764.238037109375,2810.1775619452183,2740.9196397625255,2788.2541908945814,605270,14268,75.58970268491659
2025-04-25,2728.363525390625,2799.913487526285,2685.613047662308,2781.278670139333,711996,6186,59.615373187657624
2025-04-28,2783.371337890625,2838.9767840246204,2700.5606895409987,2735.4387796273218,859499,7647,66.84625713191795
2025-04-29,2693.1865234375,2788.054878452491,2670.7648944181365,2764.3377288761817,2948364,3278,69.74904358953363
2025-04-30,2662.693115234375,2699.4644909542567,2645.752328198827,2693.485389647593,1551074,8968,70.17112222664585
2025-05-02,2710.52587890625,2742.414418658088,2690.595541561351,2691.0937999949733,1412488,4423,67.26495049032874
2025-05-05,2772.907958984375,2786.460442536094,2717.8005270336284,2722.284852979689,833618,10755,78.56516201964962
2025-05-06,2763.839599609375,2820.0430549949015,2748.3935877853455,2784.2681958927687,961359,11914,68.7574548704596
2025-05-07,2782.57421875,2801.2090363243437,2745.4040893182378,2745.4040893182378,779782,5644,55.41492282171718
2025-05-08,2686.2109375,2798.4185896430445,2670.864431925453,2790.247200072311,888115,3390,66.51049889840984
2025-05-09,2654.421875,2676.7439983326867,2630.8044743992377,2635.7870586310546,964332,5911,72.13784605280382
2025-05-12,2751.084228515625,2764.3379522873847,2710.2270345560783,2715.508622921097,701314,5699,57.787782118597434
2025-05-13,2702.952392578125,2771.1142957815878,2690.5956801041225,2754.372762891776,657860,9631,66.7332861986462
2025-05-14,2717.800537109375,2728.4632190737084,2679.6338919244713,2710.924424659105,609489,17772,71.85392642834854
2025-05-15,2780.082763671875,2785.0653479342127,2699.564153334452,2717.8004603926565,1126642,14636,60.4657216216347
2025-05-16,2831.602783203125,2843.959495498747,2767.3274428840678,2790.1475826734895,823478,15838,76.83094961130207
2025-05-19,2815.260009765625,2868.8724247011432,2805.3943464174818,2844.5575094995424,841294,5983,60.30825600778123
2025-05-20,2741.6171875,2830.1079349697816,2734.741318354379,2830.1079349697816,680986,10100,54.20004469072925
2025-05-21,2757.6611328125,2798.2193200251863,2731.5524399517963,2751.4827769890126,486324,12607,58.111216669285
2025-05-22,2793.03759765625,2800.2124706311324,2707.53639953907,2757.461993217671,785085,16109,57.304352701671306
2025-05-23,2770.9150390625,2814.363030706174,2767.8257393010904,2812.1707421449782,537902,8322,53.03159735878049
2025-05-26,2767.128173828125,2805.195070712243,2760.0528065290528,2784.26821583304,656043,11158,69.43969811895742
2025-05-27,2789.9482421875,2795.7280887120733,2736.2360800198794,2780.2820771722277,457064,10231,70.88295626216174
2025-05-28,2791.741943359375,2803.102138084789,2769.4200633307473,2789.948164378982,479024,11574,74.20221609954
2025-05-29,2798.8173828125,2823.032548159492,2781.0793338404724,2807.9852893729094,601733,9154,61.499213065187995
2025-05-30,2771.1142578125,2799.2159858727146,2723.580450106676,2785.3644982106657,1690693,5817,71.17327545153942
2025-06-02,2753.774658203125,2787.1579737961965,2712.61870555193,2775.299520200133,673513,17557,67.56088867141568
2025-06-03,2735.239501953125,2768.822071182005,2725.9718465785045,2754.4723258401873,453177,4183,68.9198977079653
2025-06-04,2750.78515625,2770.715494270331,2736.1364064631084,2740.4214777955312,440642,9309,60.4937197250115
2025-06-05,2708.13427734375,2760.052659033512,2694.7808056364665,2760.052659033512,969443,9291,72.60414155944332
2025-06-06,2738.229248046875,2749.390188919776,2698.56782587704,2729.459850471644,825448,13527,67.46980940297269
2025-06-09,2733.64501953125,2759.3552033450615,2708.5328431534404,2755.369135879052,645071,12490,75.29754043972395
2025-06-10,2735.43896484375,2754.3727864583334,2722.583993800481,2735.43896484375,570176,7495,62.619871510276134
2025-06-11,2761.348388671875,2799.216031677841,2735.438948720425,2740.421533326473,1303148,8177,78.17938485547518
2025-06-12,2729.858154296875,2780.282004088558,2717.501442705913,2772.3098693098095,418847,8968,60.853713860219294
2025-06-13,2731.35302734375,2738.2291398107163,2645.8520734131403,2695.5781685595603,554368,15811,72.12089257546964
2025-06-16,2786.759521484375,2789.8488212022676,2710.0277198915637,2731.3530843168387,568490,13398,77.33738182348773
2025-06-17,2767.526611328125,2798.219379677798,2759.4549706301286,2797.2228628046932,480492,9107,59.350365578454046
2025-06-18,2766.231201171875,2815.160278910819,2750.8849380294923,2767.5267218166828,792908,6089,56.78136849276402
2025-06-19,2770.21728515625,2807.188160158504,2752.578984352178,2752.578984352178,597873,9806,72.2529049494453
2025-06-20,2802.30517578125,2823.829794109524,2746.5002312934835,2781.876580031264,1007979,8156,64.70879896130954
2025-06-23,2768.921875,2800.1126584292347,2757.4619309838176,2790.2472387227085,414211,10767,78.95590628767363
2025-06-24,2827.21826171875,2863.690635154248,2791.1441544463864,2791.1441544463864,1407004,12369,72.61538518203687
2025-06-25,2906.640380859375,2914.811770326686,2839.0764901404204,2840.0730069849765,1137136,16084,54.08119535095802
2025-06-26,2918.6982421875,2926.670377363173,2886.5109410479263,2918.797991193299,949146,10623,64.97128912963787
2025-06-27,2929.06201171875,2949.988865467695,2901.4585437650953,2916.80480586489,2231250,6007,59.204723509361095
2025-06-30,2907.836181640625,2940.8209868430517,2871.961574876039,2937.73168727778,1372365,8939,52.429511857700085
2025-07-01,2883.521240234375,2925.7734571495926,2874.851349049998,2924.776940304514,840834,8753,45.99691376556388
2025-07-02,2888.204833984375,2905.7433845639807,2869.968526977821,2894.482938795188,606782,6791,65.13296323590036
2025-07-03,2889.101806640625,2936.3368546364295,2883.1227051188976,2907.83637340009,787076,13915,64.15130043388505
2025-07-04,2870.068359375,2902.3554089255726,2839.3755908560365,2889.8989479430593,494247,11477,75.4703147628738
2025-07-07,2866.87939453125,2882.425155607936,2852.13113892906,2866.0823756372747,256130,17317,61.601064426185445
2025-07-08,2820.84033203125,2878.937315791639,2790.247311947591,2878.937315791639,495704,17760,72.5006594580228
2025-07-09,2830.207763671875,2834.0940822914026,2800.212507467947,2800.212507467947,316919,6576,60.255714580252075
2025-07-10,2820.242431640625,2834.0939185254774,2812.1705478477134,2830.1078511295204,307147,4442,57.520184165623654
2025-07-11,2744.90576171875,2818.9470149858785,2736.4353681901207,2800.2124488762706,553847,17900,61.88429156431493
2025-07-14,2792.439453125,2797.920295769996,2740.91958092009,2744.9056482982687,1072824,11373,54.70855501664995
2025-07-15,2874.951171875,2891.592954957093,2789.250720997617,2790.247237868284,916986,12857,56.35133143267133
2025-07-16,2887.20849609375,2891.892076919337,2855.020951197071,2873.9547725139105,451252,7822,70.523343739476
2025-07-17,2868.77294921875,2899.664973644685,2861.996585525331,2887.2085121826144,586027,5730,78.7641098086587
2025-07-18,2839.37548828125,2888.105064568344,2835.0904172000164,2880.1329298275355,410749,7068,76.74238709636829
2025-07-21,2825.62353515625,2875.2501230669113,2821.2389583215154,2840.471538941836,485377,17972,49.21806478203182
2025-07-22,2785.6630859375,2833.8946471185845,2777.790700192961,2825.6235086626516,355925,9373,64.54897675476289
2025-07-23,2792.83837890625,2825.7234368140766,2783.371468296421,2799.6144992368663,545414,12728,45.3618117350413
2025-07-24,2787.955322265625,2818.149833424656,2772.3100553703653,2808.9819264718503,395856,16733,77.56232505588201
2025-07-25,2764.736328125,2790.1475085058923,2719.1955554729807,2787.9552200330427,909208,17292,46.572523899507615
2025-07-28,2789.151123046875,2822.9331927661856,2740.421542748293,2764.7364583932995,601547,17774,75.93269026426127
2025-07-29,2792.041015625,2815.160158355926,2775.199734544224,2780.2820678984185,820647,13639,65.80620363160696
2025-07-30,2783.86962890625,2815.1601613481425,2744.905721923348,2805.0952436321777,624411,11932,65.18818879844541
2025-07-31,2792.041015625,2836.08701263043,2745.4039774409116,2750.386561791984,1287444,9524,61.366234899131115
2025-08-01,2848.24462890625,2874.0545632608287,2789.35062456061,2815.1603156249234,2512045,13684,45.01176934003805
2025-08-04,2932.2509765625,2957.6621574978763,2872.5597116029558,2879.9338393426083,1942925,15512,59.674491274964254
2025-08-05,2972.80908203125,2978.4891795400436,2902.8536463186956,2940.721287430989,1159503,3016,67.84800421038379
2025-08-06,2942.415283203125,2991.344358334236,2929.65981873994,2969.620242133065,700188,16041,64.98357029588936
2025-08-07,3002.90380859375,3009.580666187918,2921.089920362285,2941.717770706138,830216,12818,60.27942879778128
2025-08-08,2958.558837890625,3013.666269457137,2949.6899350641343,3004.3986139085137,387198,12184,62.94417679861428
2025-08-11,2970.816162109375,2988.5542117575183,2946.999505287098,2974.602975023739,569270,17113,77.4014148653379
2025-08-12,2953.476806640625,2989.5506693932525,2945.2056677972523,2983.9700774942826,612973,8272,57.19425247263062
2025-08-13,3008.683837890625,3034.194768373015,2953.4768978078177,2967.42813469563,1546062,3726,51.57876959972999
2025-08-14,3009.780029296875,3029.311614482049,2975.2009416677474,3023.432262112436,1075908,11441,63.82288846179046
2025-08-18,3208.4853515625,3244.459708265489,3121.489379234774,3144.907525927069,3748828,6646,62.80285159870691
2025-08-19,3240.5732421875,3246.4528379304293,3198.62002625228,3208.7844500758342,1233895,17772,77.45995810660528
2025-08-20,3218.55029296875,3261.0017664161196,3209.980150417317,3240.772668225392,886979,8479,63.97828310572912
2025-08-21,3269.47216796875,3296.477873011153,3216.7565217896013,3236.4876048749866,1427568,3358,60.37489452309835
2025-08-22,3283.12451171875,3293.4881896438906,3262.0979088651366,3269.5717852410303,1323997,8141,72.90245332692766
2025-08-25,3273.259033203125,3306.4430948383065,3248.4458595543488,3298.4709595885456,733843,9554,67.62862039544294
2025-08-26,3260.90234375,3285.815266580211,3241.868773391614,3262.6961228518276,1060760,11500,63.46883166596865
2025-08-28,3244.658935546875,3337.3350046518685,3234.693766825908,3337.3350046518685,856511,5096,68.04339486498128
2025-08-29,3265.187255859375,3302.357140276697,3226.7216075697747,3227.817873436933,1023381,17150,69.83247513059081
2025-09-01,3344.510009765625,3361.949055717122,3269.173477229315,3283.6229724462696,803428,13621,66.5763562040364
2025-09-02,3357.86328125,3382.1781951186076,3321.4904161581235,3349.293139008144,641932,5843,76.21411979425736
2025-09-03,3388.456298828125,3401.7100216111817,3339.527224103165,3355.3719880162316,752456,3981,78.95350796236224
2025-09-04,3421.24169921875,3487.8090753724814,3410.4792682709785,3487.8090753724814,1331870,11642,49.10691501774314
2025-09-05,3464.49072265625,3469.1743033887237,3434.0969574624187,3438.2822797490917,786141,15654,51.44105753013207
2025-09-08,3578.791015625,3590.151210410208,3476.2492856837926,3476.2492856837926,1406946,8084,68.77178426616408
2025-09-09,3553.878173828125,3584.770196899732,3532.054308329193,3578.7910956600663,675896,3760,63.23900544359565
2025-09-10,3483.12548828125,3579.887131048383,3467.380472969108,3570.8189734432794,916961,7126,55.84879961577817
2025-09-11,3499.866943359375,3512.721913471298,3443.463992056758,3483.1254115392494,545731,16953,75.94208617656832
2025-09-12,3480.2353515625,3544.4111827123957,3467.7788909305614,3507.739313953919,437676,17715,58.504446150268976
2025-09-15,3465.28759765625,3516.7079644439577,3457.614466567567,3496.08011430235,561079,13440,46.281824446155746
2025-09-16,3487.709228515625,3509.832097233786,3469.8716742038523,3477.245801583075,771880,10248,74.38710067943894
2025-09-17,3487.908935546875,3512.323599852653,3478.9402833529157,3492.6920220847774,335818,5915,56.75413728565927
2025-09-18,3534.246826171875,3540.1261783849714,3478.9401399226517,3506.5436085457454,637171,5604,76.53991794248937
2025-09-19,3517.106689453125,3533.6489674969366,3503.4544564262624,3531.7556826815567,469027,7206,71.96624979342987
2025-09-22,3513.320068359375,3557.067062808872,3508.636244312628,3524.6802636657735,364825,6337,53.01955124482496
2025-09-23,3500.46484375,3587.361068220306,3484.221569725065,3526.4740319909897,491046,16898,50.9946974910173
2025-09-24,3440.972900390625,3503.1554584421356,3431.306734993135,3487.809195298925,693587,14315,67.1520073072264
2025-09-25,3396.528076171875,3450.240482605776,3387.459918432046,3440.972826855412,786698,15675,49.450550900535994
2025-09-26,3402.507080078125,3441.76999045871,3380.3844543751884,3392.1434020179067,610742,5511,72.73733441468458
2025-09-29,3427.61962890625,3438.979824257936,3376.0000047928056,3404.0019837278496,743356,10037,68.17082538820029
2025-09-30,3426.72265625,3447.5500056826086,3391.4460548852817,3441.3714061966957,499575,8900,51.199858936919746
2025-10-01,3445.756103515625,3468.6759916704414,3418.052885696535,3436.2891931908093,287239,13137,65.42069320773855
2025-10-03,3444.06201171875,3452.9309144426334,3355.471517030618,3447.9483301505084,515537,10219,56.41294837247601
2025-10-06,3498.671142578125,3508.8358097521113,3415.661478119165,3447.9485288769365,806627,5206,53.07944441532636
2025-10-07,3501.261962890625,3529.5629441987167,3482.3281426843,3496.7776370522847,403033,4714,60.88508467325019
2025-10-08,3470.868408203125,3522.6872876824714,3462.0990107101065,3510.5298300011386,281210,9211,48.503776236866216
2025-10-09,3474.455810546875,3482.427945493771,3435.1928999592637,3474.954068981056,454868,13047,63.30539364365548
2025-10-10,3478.142822265625,3510.728874715494,3453.927414068664,3472.562230570188,315926,8880,53.45602579208651
2025-10-13,3490.997802734375,3522.6870874264164,3426.7224654956185,3462.9958250432674,610644,14849,57.370578221105816
2025-10-14,3492.791748046875,3505.74646779712,3462.0989787497806,3491.79523114301,509821,14744,48.04935871202574
2025-10-15,3562.447998046875,3566.2348107437447,3492.8913163870548,3510.6291217261737,1116729,4479,65.01843465885524
2025-10-16,3564.042724609375,3617.05737550374,3544.0126374247825,3572.5131183348553,757797,16812,75.82792416157042
2025-10-17,3641.272705078125,3645.258772626103,3563.046129449052,3564.0426463360463,1173044,7784,75.31067293316207
2025-10-20,3639.279541015625,3687.112349878919,3626.1255672362686,3686.1158330276003,607833,14108,71.23713816535152
2025-10-21,3645.557861328125,3668.1787465321427,3627.3215532129852,3655.2240266992394,60230,10302,66.07892422890177
2025-10-23,3584.67041015625,3707.0427295644376,3571.71569094003,3707.0427295644376,870969,17479,47.975272309799486
2025-10-24,3587.261474609375,3626.524141942,3571.6162084200905,3583.474661848148,450646,12052,45.1109514451724
2025-10-27,3627.2216796875,3632.304013071273,3590.749307999537,3607.191836453769,363802,3393,47.696536800134304
2025-10-28,3549.593017578125,3667.182005807833,3511.5261225889303,3637.286500325704,1390930,7739,46.79774613121357
2025-10-29,3486.712890625,3601.21282862363,3477.8439875144904,3587.4608467198186,2288619,15040,60.6215559267128
2025-10-30,3479.537841796875,3522.6870701257717,3468.3769017178925,3493.68833243042,1453161,17330,59.719707840928606
2025-10-31,3496.478759765625,3534.64540527226,3481.53100643067,3484.8195608224114,838519,4009,68.13056189760337
2025-11-03,3498.2724609375,3522.687124174352,3474.3560561340532,3499.667487234934,932956,4607,51.6240190658489
2025-11-04,3461.0029296875,3519.000164391291,3443.0656255549716,3497.874054848809,3540359,6147,59.6143550879605
2025-11-06,3434.79443359375,3504.949124689936,3400.215346486085,3462.8961609758485,972150,9942,51.80241572280822
2025-11-07,3444.759521484375,3456.9169784871915,3329.3628207338443,3418.0528210467182,1074925,10813,62.86519795923163
2025-11-10,3478.64111328125,3491.6953382096335,3439.079442486584,3439.079442486584,782233,5365,63.552821557678016
2025-11-11,3462.098876953125,3492.791645347755,3434.0968987520205,3489.1045815699176,633478,11994,47.95077205641338
2025-11-12,3442.467529296875,3479.737162939148,3432.3031058753686,3469.5727395176423,641642,5214,70.31611034028732
2025-11-13,3438.581298828125,3462.8962137756553,3430.210410927146,3442.9658758546443,415874,8892,63.62728601655674
2025-11-14,3374.704345703125,3458.611016639997,3357.2653006566748,3433.0005820012598,1156532,4228,50.462591452125096
2025-11-17,3463.294677734375,3468.875269595071,3373.2096488305992,3395.631278697272,1333551,17227,77.91637310831625
2025-11-18,3467.779052734375,3485.517102159948,3448.9449806961998,3472.8613862254424,727156,12701,71.49526543474438
2025-11-19,3465.586669921875,3492.6918801261113,3429.213804169174,3462.896123031095,652297,12151,49.5579505417525
2025-11-20,3474.25634765625,3489.303849836705,3451.9344668954295,3485.8160407621863,517982,5895,62.90220629428736
2025-11-21,3429.911376953125,3472.8613521102466,3417.156155428368,3467.978516678762,535665,5782,56.60354136009205
2025-11-24,3429.512939453125,3456.9171544276887,3411.87463883664,3439.7771122652866,1480534,12890,72.88503347656977
2025-11-25,3435.791015625,3462.69697191832,3425.327588177598,3429.2139067705293,361442,5821,78.05343955545504
2025-11-26,3526.274658203125,3531.0577444990495,3422.3379010443923,3445.7560472549967,689565,14223,45.28734044910383
2025-11-27,3505.746337890625,3562.3485445907977,3490.8983338893377,3529.662742697156,565331,4950,66.74192875922353
2025-11-28,3519.199462890625,3557.5653638735753,3494.1867911674544,3507.639769434203,542882,5556,66.5039624919158
2025-12-01,3649.045654296875,3653.131227636477,3536.738247671871,3537.635015570982,1616247,8653,57.65776568278181
2025-12-02,3657.91455078125,3671.0685252557337,3633.3006319109963,3647.052613843972,939558,4280,69.40867310590959
2025-12-03,3619.150146484375,3662.1996281490547,3594.934737019786,3657.217043620961,506439,15187,78.20004301518944
2025-12-04,3633.698974609375,3662.1994540714454,3610.878835871533,3627.32136403267,602960,13885,51.612771596282016
2025-12-05,3652.6328125,3674.356928772496,3614.0676585580927,3633.4997373875285,331003,7574,53.74737737401052
2025-12-08,3600.116455078125,3661.003733277853,3577.6948254564945,3657.3166695092355,472896,7693,63.70164447725715
2025-12-09,3601.91015625,3609.7825420531085,3530.6592014369207,3575.502459710887,606495,6015,76.82084542558614
2025-12-10,3594.037841796875,3640.9736404145956,3581.9798903499536,3619.3492729867944,400339,8409,60.86082877527684
2025-12-11,3624.73046875,3629.8128022476994,3576.499148185859,3582.577998581911,446958,9088,47.45600674674881
2025-12-12,3642.468505859375,3647.251835613313,3610.3807104991893,3618.3528456589997,290853,7238,76.49986287543317
2025-12-15,3626.6240234375,3641.173024286024,3578.9904666887555,3639.179990474698,327503,9837,68.5083611000623
2025-12-16,3606.99267578125,3638.681718632519,3585.3680643757266,3626.3250063638707,266040,16957,55.70604585521308
2025-12-17,3626.22509765625,3646.4544385339095,3598.4223746311122,3605.198737924302,423064,12655,57.20397901055905
2025-12-18,3579.68798828125,3639.578751768517,3548.9952188566117,3626.2252792270797,835779,4212,59.418471899425285
2025-12-19,3653.23095703125,3661.900605407069,3579.7877101265076,3579.7877101265076,602861,15438,70.63156051176927
2025-12-22,3696.67919921875,3721.890882222443,3657.2170325594975,3664.7906583353974,592689,15948,50.37763290164351
2025-12-23,3673.659423828125,3701.0636376231264,3662.6977383101244,3701.0636376231264,261018,7943,49.708357506733954
2025-12-24,3652.43359375,3703.1564485527474,3638.3828518168193,3673.659451799978,644417,4558,67.28398642542544
2025-12-26,3621.442138671875,3662.2993312905664,3613.7687639625005,3652.134664348345,223878,17314,64.73567245308558
2025-12-29,3561.75048828125,3651.138001361059,3556.4689003008966,3621.441993765964,462957,11878,51.72669757922033
2025-12-30,3621.9404296875,3641.2727602721293,3536.7382345579795,3562.5479250062567,1497535,10285,63.99363189780886
2025-12-31,3706.843505859375,3712.0253449311613,3628.3179277568747,3636.2900627258546,602873,16765,56.20770151144414
2026-01-01,3781.18359375,3786.6644366502906,3709.434377600738,3723.983621524885,611579,8603,74.4601885379216
2026-01-02,3834.397705078125,3883.924545427839,3812.3745846821116,3829.614375389143,1002294,15460,65.3463531800288
2026-01-05,3850.740478515625,3895.3844833916205,3829.116110880609,3849.544706917838,528557,13265,47.23853680004298
2026-01-06,3852.634033203125,3868.478554386442,3821.742009713692,3855.523834858615,382299,15646,54.80040638461161
2026-01-07,3826.823974609375,3868.8769371960225,3807.2923902423845,3837.3871505793554,341204,16831,47.03418254125894
2026-01-08,3788.458251953125,3840.576134507056,3778.692337670224,3826.8241526221755,367668,17267,61.18706807964017
2026-01-09,3746.106201171875,3835.2944618017373,3738.2338151474637,3786.7641384746007,567897,9319,66.66953638119386
2026-01-12,3741.7216796875,3758.0644594218084,3641.5717319090672,3732.952282368253,588225,13344,57.743460320983175
2026-01-13,3742.3193359375,3757.865096341089,3686.614140523431,3745.2093808189397,1075385,16983,53.50369077243785
2026-01-14,3677.5458984375,3756.9684906042744,3669.1752537298858,3756.868741597412,601520,15501,73.53828139329667
2026-01-15,3677.5458984375,3677.5458984375,3677.5458984375,3677.5458984375,0,17388,50.72318251879476
2026-01-16,3655.024658203125,3707.4413000751124,3628.1187024646124,3696.4796144038664,1324087,15707,77.43263972773102
2026-01-19,3689.005859375,3697.974511583385,3618.3529076272725,3647.2518980765126,589483,3953,61.99565664807848
2026-01-20,3603.10595703125,3706.4447066114335,3584.670395146898,3688.1088937290424,533454,7942,67.18184608706801
2026-01-21,3589.453857421875,3597.326243579851,3512.9213111930294,3587.3610746253203,965963,17974,65.1677218969719
2026-01-22,3557.6650390625,3652.134645409976,3534.74515063916,3614.9647601208508,436109,7824,66.2464096510814
2026-01-23,3537.435791015625,3600.4156113408953,3523.883063665134,3557.665133033827,618661,14186,68.15563953003762
2026-01-27,3555.572265625,3587.460806123879,3495.282993744307,3587.460806123879,963692,15506,56.00304080889251
2026-01-28,3715.413330078125,3735.941674525519,3483.822911213981,3565.6370419999503,2151909,12737,49.43583206169549
2026-01-29,3642.269287109375,3744.3125208466226,3589.85240059985,3703.953586201498,950498,4802,69.87689666610028
2026-01-30,3664.591064453125,3696.9778629405073,3614.466460195625,3652.2343525001943,994421,17728,60.20908343076772
2026-02-02,3633.101318359375,3642.2692250694877,3546.404349116955,3597.425965116512,594725,15308,59.91786349605016
2026-02-03,3713.32080078125,3806.694381319439,3683.2260404560934,3803.4058270440196,895529,9859,48.97282582624888
2026-02-04,3714.4169921875,3761.851293898187,3692.9918788580135,3705.8470928298607,889710,11756,76.06186300025175
2026-02-05,3699.76806640625,3725.976508262293,3678.9409615231825,3714.416815467231,593814,7651,68.894658901293
2026-02-06,3745.40869140625,3759.8581861582497,3654.3271459407815,3687.112453958527,735378,12257,70.11680683611992
2026-02-09,3751.587158203125,3771.8165001114444,3702.857578674989,3766.8339155670437,545338,6240,69.19168562308658
2026-02-10,3749.294921875,3765.837199001479,3731.955625895882,3738.9312438882107,816771,5477,75.3563528171812
2026-02-11,3851.637451171875,3875.454107046417,3746.5049213972807,3766.833768227168,1125178,17529,67.38343411435001
2026-02-12,3867.681396484375,3890.302281765499,3840.0779266351497,3861.5030402779826,445270,14011,77.99818241457453
2026-02-13,3851.13916015625,3880.4366585673924,3818.8518678704454,3848.1496095718376,260604,10361,60.42013907121583
2026-02-16,3794.13818359375,3876.2513185753505,3780.386445600914,3846.555067582082,333076,15689,60.60589715718825
2026-02-17,3864.293212890625,3870.0730594630986,3773.809431365403,3794.1382784379607,377690,10557,69.27385935574078
2026-02-18,3871.667236328125,3884.7217044445224,3840.675708112253,3871.467981615178,245619,17976,68.66746360681337
2026-02-19,3816.759521484375,3883.326656565343,3806.694603358344,3874.45775336577,309698,12542,64.04139968603795
2026-02-20,3802.90771484375,3854.427589505505,3778.493050988136,3816.75944561762,386586,12177,66.68096673634422
2026-02-23,3815.762939453125,3881.234050787866,3800.9146917454455,3821.64229181674,605954,9431,77.58599552236151
2026-02-24,3802.90771484375,3821.64228107264,3730.361236443303,3816.6596966123107,896496,4156,63.3562360802227
2026-02-25,3918.304443359375,3931.2591630347747,3786.9634675307316,3798.822164592368,647290,8347,45.43982145208857
2026-02-26,3940.427001953125,3956.172017330021,3904.4528885253594,3937.1384475879736,642743,12840,51.96138165623551
2026-02-27,3856.221435546875,3954.378351120223,3842.5692025465023,3940.427114388986,1408870,13145,47.38598654870596
2026-03-02,3799.818603515625,3893.5906957291354,3732.9522237086403,3766.833797549028,1002069,13209,76.89831438174951
2026-03-04,3733.649658203125,3752.6832274814974,3632.6029462535444,3712.0252910715762,1217791,6285,69.24597341590952
2026-03-05,3805.099853515625,3820.3466100219157,3722.9869621588414,3761.851119419065,711113,3493,72.58992104604566
2026-03-06,3770.81982421875,3811.6770157602323,3754.7758053461166,3793.639963153868,571666,9325,67.2358537438465
2026-03-09,3615.1640625,3693.2908902308145,3570.021798221727,3686.116017200884,1049321,8898,70.8306348427866
2026-03-10,3771.916259765625,3779.88839505917,3648.746672164254,3695.084708557983,957425,14976,70.09374115059552
2026-03-11,3588.258056640625,3784.2728797250124,3577.9938840428326,3766.8338341963254,1248097,13111,51.08403689997976
2026-03-12,3410.6787109375,3552.383360128151,3390.947628401783,3541.7206783573606,2588732,8578,63.72645143265779
2026-03-13,3312.92041015625,3394.1365369204955,3270.8674459375998,3387.758926122596,1447445,9922,63.19695969617152
2026-03-16,3363.045166015625,3377.89316999401,3275.8499402929783,3318.3014127849397,985489,14295,57.43565516751541
2026-03-17,3479.8369140625,3492.791633387475,3340.5238068174112,3378.1921932050045,1460188,11545,73.49168264629405
2026-03-18,3560.35546875,3566.4340755922867,3487.808993036785,3497.7741615883187,1218633,15419,46.89972969606379
2026-03-19,3442.16845703125,3495.681363255812,3408.3866331086056,3487.7092284502087,1045013,5201,62.27186255558068
2026-03-20,3450.140625,3519.697550505526,3438.082916964773,3457.016737310075,744363,15800,76.80103494394295
2026-03-23,3400.61376953125,3428.017983058608,3370.220005437271,3428.017983058608,748254,7111,67.2216320308439
2026-03-24,3467.579833984375,3488.5066890395497,3398.720661657933,3446.4537242057745,1302031,4005,61.02620798932249
2026-03-25,3530.858642578125,3577.4956823035322,3490.7987117296025,3507.739499083129,1068845,15477,50.804288313336926
2026-03-27,3433.199951171875,3508.7359803207855,3425.0285613071687,3508.7359803207855,950570,8329,57.3567830604464
2026-03-30,3363.800048828125,3415.10009765625,3350.0,3395.10009765625,1324384,7392,73.54164254405578
2026-04-01,3425.800048828125,3502.0,3394.300048828125,3434.699951171875,1234217,14114,46.1739566730575
2026-04-02,3391.39990234375,3405.89990234375,3293.800048828125,3400.0,920766,4975,64.57719977498625
2026-04-06,3487.800048828125,3504.10009765625,3410.39990234375,3467.89990234375,959786,10251,56.34700500081144
2026-04-07,3470.60009765625,3478.89990234375,3410.10009765625,3465.0,617694,16886,55.30297534113385
2026-04-08,3701.39990234375,3736.0,3573.89990234375,3640.0,1532962,9422,76.28793600660765
2026-04-09,3727.10009765625,3768.5,3663.699951171875,3705.300048828125,796908,6436,57.373463355306654
2026-04-10,3839.89990234375,3850.5,3755.0,3761.0,1331891,8187,67.92362589736223
2026-04-13,3738.10009765625,3779.39990234375,3711.0,3769.800048828125,625221,12856,49.921688976886685
2026-04-15,3783.300048828125,3824.0,3747.0,3790.5,567723,15578,77.69573632070922
2026-04-16,3757.199951171875,3828.0,3739.89990234375,3828.0,784975,10082,52.95162934116321
2026-04-17,3735.800048828125,3787.0,3722.0,3760.10009765625,574208,3867,46.73261544042292
2026-04-20,3761.89990234375,3782.0,3701.10009765625,3735.800048828125,724613,14800,66.6664108846054
2026-04-21,3752.699951171875,3807.89990234375,3748.10009765625,3781.0,439113,3360,59.253370639699476
2026-04-22,3660.699951171875,3770.5,3648.39990234375,3724.10009765625,571597,7762,59.022446993015805
2026-04-23,3513.0,3636.0,3482.199951171875,3636.0,2250372,6921,45.46522561524495
2026-04-24,3488.199951171875,3543.300048828125,3462.699951171875,3513.0,734340,15492,69.53880687275215
2026-04-27,3552.60009765625,3564.10009765625,3483.60009765625,3500.5,1025395,11728,76.99508335409006
2026-04-28,3495.89990234375,3565.0,3482.800048828125,3557.89990234375,446619,9703,65.62774537068199
2026-04-29,3553.89990234375,3602.0,3501.0,3513.0,753712,16324,61.3697076807363
2026-04-30,3492.89990234375,3519.0,3415.10009765625,3462.0,947815,12356,48.19193815334329
2026-05-01,3492.89990234375,3492.89990234375,3492.89990234375,3492.89990234375,0,12462,60.943173278838316
2026-05-04,3495.5,3536.800048828125,3367.800048828125,3400.0,1154996,11440,76.97678611273918
2026-05-05,3534.39990234375,3544.0,3462.800048828125,3499.89990234375,391351,7089,54.09048102014628
2026-05-06,3617.89990234375,3625.0,3514.60009765625,3575.0,899005,10677,67.7911907935992
2026-05-07,3706.699951171875,3730.0,3592.60009765625,3600.0,1058111,7543,54.96551629902874
2026-05-08,3695.199951171875,3718.699951171875,3633.10009765625,3654.5,365671,14466,62.90624728065978
2026-05-11,3613.699951171875,3684.89990234375,3601.0,3651.0,518265,17551,50.50940400032894
2026-05-12,3561.0,3613.0,3535.0,3596.199951171875,891189,8970,61.14577561281961
2026-05-13,3527.199951171875,3647.5,3483.0,3565.0,1518811,5835,76.37022313616029
2026-05-14,3460.800048828125,3543.800048828125,3382.800048828125,3543.800048828125,1847461,4698,67.9979831019685
2026-05-15,3466.800048828125,3498.89990234375,3418.699951171875,3455.60009765625,1007746,10477,54.83507198490118
2026-05-18,3291.0,3435.89990234375,3275.0,3430.0,2579482,12571,46.9542191467345
2026-05-19,3283.39990234375,3316.0,3228.0,3285.0,2484911,13366,55.996531512950064
2026-05-20,3361.89990234375,3380.89990234375,3232.199951171875,3285.39990234375,1265474,6469,73.23831450490769
2026-05-21,3380.699951171875,3400.89990234375,3342.0,3378.5,823043,12794,61.003248174861554
2026-05-22,3417.5,3443.39990234375,3380.0,3380.0,924915,8238,65.18044167406131
2026-05-25,3469.5,3501.699951171875,3420.0,3458.0,918345,10018,75.66293198342858
2026-05-26,3454.89990234375,3484.5,3419.699951171875,3469.5,651538,13013,49.83214671405523
2026-05-27,3384.60009765625,3475.39990234375,3361.10009765625,3441.0,2535619,14015,48.10027256033141
2026-05-28,3384.60009765625,3384.60009765625,3384.60009765625,3384.60009765625,0,17184,69.62130592696207
2026-05-29,3355.699951171875,3465.0,3315.199951171875,3417.89990234375,2519839,3265,70.0006193847712
2026-06-01,3344.39990234375,3420.0,3335.10009765625,3382.0,1210591,17262,57.673136896454835
2026-06-02,3366.89990234375,3383.0,3291.60009765625,3328.0,516666,4221,63.09136631728031
2026-06-03,3316.89990234375,3366.800048828125,3301.39990234375,3360.0,846948,5635,73.08815242847832
2026-06-04,3362.5,3400.699951171875,3292.199951171875,3310.0,1089659,5363,47.625464103102225
2026-06-05,3383.89990234375,3397.0,3345.0,3380.0,813580,10740,62.378797323355535
2026-06-08,3317.60009765625,3378.89990234375,3301.0,3325.0,949326,8834,71.28700860608072
2026-06-09,3358.0,3372.699951171875,3325.0,3357.0,797346,6189,72.3532409283751
2026-06-10,3334.89990234375,3381.199951171875,3323.0,3350.0,843833,5629,78.41315755148973
2026-06-11,3287.39990234375,3333.89990234375,3278.699951171875,3300.0,913252,5463,69.81168302611326
2026-06-12,3312.800048828125,3366.800048828125,3265.60009765625,3320.0,2401100,3574,46.52605466639565
2026-06-15,3459.5,3481.699951171875,3333.0,3362.10009765625,1924317,9600,56.224194785251626
2026-06-16,3435.5,3475.0,3411.0,3464.89990234375,886854,10763,47.642213886759635
2026-06-17,3448.699951171875,3480.0,3415.5,3454.89990234375,492280,9195,56.69388187504737
2026-06-18,3457.60009765625,3475.0,3447.0,3459.89990234375,349614,4851,56.63854240463148
2026-06-19,3442.89990234375,3460.800048828125,3414.300048828125,3437.60009765625,926221,4799,72.5292581621006
2026-06-22,3488.699951171875,3496.60009765625,3443.10009765625,3470.0,990508,8236,67.85636106907202
2026-06-23,3456.199951171875,3520.0,3443.0,3495.0,820710,6627,60.56756160764536
2026-06-24,3440.60009765625,3470.0,3375.699951171875,3450.10009765625,920550,17246,78.50477952240243
2026-06-25,3569.699951171875,3602.300048828125,3452.0,3452.0,2126765,10229,70.52784123200075
2026-06-26,3569.699951171875,3569.699951171875,3569.699951171875,3569.699951171875,0,7578,61.29303303984624
2026-06-29,3456.800048828125,3578.0,3436.60009765625,3542.39990234375,4095846,7541,47.54466888828002
2026-06-30,3460.60009765625,3509.800048828125,3429.0,3490.10009765625,1071980,14993,78.25334880437075
2026-07-01,3494.0,3509.0,3463.39990234375,3484.0,768295,6556,72.44374719632512
2026-07-02,3626.800048828125,3634.39990234375,3527.0,3586.0,1765454,16222,66.64710866626436
2026-07-03,3627.39990234375,3674.89990234375,3603.0,3674.89990234375,731645,4609,45.12568801247375
2026-07-06,3705.0,3737.0,3619.0,3627.39990234375,701935,3763,68.49844333883394
2026-07-07,3712.699951171875,3775.0,3702.60009765625,3727.0,836397,14771,70.13117016582959
2026-07-08,3639.699951171875,3767.699951171875,3624.699951171875,3666.0,1176977,11295,71.94805381303203
2026-07-09,3626.10009765625,3698.89990234375,3617.5,3657.0,511357,10460,48.40967889161801
2026-07-10,3623.10009765625,3668.0,3608.60009765625,3644.10009765625,345846,9548,68.32202426349392
2026-07-13,3676.89990234375,3695.0,3572.800048828125,3599.800048828125,497827,13764,54.28344809214825
2026-07-14,3608.39990234375,3655.0,3589.699951171875,3640.0,636848,4770,58.827074204905564
2026-07-15,3612.300048828125,3650.89990234375,3582.5,3607.699951171875,709493,14854,49.487525881053735
2026-07-16,3563.5,3629.89990234375,3549.89990234375,3622.10009765625,1209278,17450,61.05141873383012
2026-07-17,3618.199951171875,3628.0,3563.0,3563.5,825661,7020,66.1549603291601
2026-07-20,3590.199951171875,3619.800048828125,3550.10009765625,3619.800048828125,438353,14577,59.5865575616409
2026-07-21,3792.0,3810.0,3576.800048828125,3590.199951171875,2391097,7214,45.07663167518905
2026-07-22,3907.60009765625,3965.0,3828.0,3850.699951171875,3225267,5444,73.76384441919122
2026-07-23,3919.800048828125,3974.699951171875,3897.0,3907.60009765625,1761279,3610,45.0708062353089
2026-07-24,3870.199951171875,3899.89990234375,3823.300048828125,3879.800048828125,1226472,10466,53.75921627998795
2026-07-27,3876.39990234375,3905.10009765625,3850.0,3905.0,576740,15916,72.70642134359356
2026-07-28,3993.5,4001.39990234375,3852.0,3855.0,2042411,9724,60.163791470164924
2026-07-29,4075.60009765625,4085.0,3996.800048828125,4013.0,1925276,4140,62.813998870034595
2026-07-30,4208.39990234375,4219.0,4070.0,4080.0,2913373,6538,54.51848436563387
2026-07-31,4313.10009765625,4325.0,4198.0,4208.39990234375,2991859,8769,49.6346962293854
2026-08-03,4389.0,4389.0,4281.89990234375,4336.5,1612965,4948,71.1783466446349
2026-08-04,4360.0,4392.7998046875,4336.0,4389.0,1390832,14123,67.45644480185346
2026-08-05,4455.2001953125,4455.2001953125,4365.0,4398.0,1392666,12488,76.37247069543274
2026-08-06,4375.0,4436.89990234375,4370.39990234375,4410.0,1143968,6615,50.90966951867202
2026-08-07,4440.89990234375,4458.0,4378.0,4380.0,840158,4473,46.986109404429776
2026-08-10,4466.2001953125,4475.0,4411.10009765625,4435.0,724181,17573,71.03494510572162
2026-08-11,4399.2998046875,4460.0,4370.0,4460.0,729020,6363,49.47390151970178
