Date,Open,High,Low,Close,Volume,No_of_Trades,Delivery_Pct
2021-08-10,183.67108154296875,194.00166424347273,183.67108154296875,194.00166424347273,25353,9389,55.9941699818789
2021-08-11,186.5811004638672,187.21159993177773,174.50448541491133,179.74253906053303,61801,14703,47.62343102694861
2021-08-12,193.46815490722656,195.8931756877161,179.64553645843606,188.18161256598975,34557,10674,53.64372991482966
2021-08-13,191.9646453857422,198.85171054962947,185.02909164556985,193.95316545146903,34425,6506,70.1030385035683
2021-08-16,193.85617065429688,198.85170763290645,184.93208217814202,194.0016659833234,22733,17742,62.4050699036772
2021-08-17,199.67620849609375,203.507738206127,198.85169554532325,198.85169554532325,45416,17295,52.32132382196681
2021-08-18,193.46815490722656,203.3137481567055,190.70364009815978,203.3137481567055,13635,9391,56.44249049167489
2021-08-20,184.10757446289062,191.8676407011482,183.81656901872563,189.63661869741878,27453,15447,63.54591746667282
2021-08-23,175.42601013183594,192.74064971768058,174.94100597310944,192.74064971768058,22294,7701,48.3360629305474
2021-08-24,184.1560821533203,184.1560821533203,166.69593270801366,168.78144463796446,37371,3941,68.72680124297877
2021-08-25,192.93466186523438,193.3226740999449,189.20013846349838,193.3226740999449,48557,4479,49.79683511043534
2021-08-26,192.0616455078125,198.1727008251097,191.57664135248973,197.8816953716856,16445,6176,77.30421937042465
2021-08-27,190.8976287841797,194.00165226011117,185.85358878564708,192.15864248410068,11813,9609,51.94044375075234
2021-08-30,190.99462890625,196.91168547395785,181.92506015550526,196.91168547395785,11914,10738,57.49382226914467
2021-08-31,189.58811950683594,194.87466178807657,189.10311535624226,194.87466178807657,8981,3195,50.057722430749074
2021-09-01,187.21160888671875,193.90466048604196,186.24160055051814,193.90466048604196,9207,11435,74.78490473448349
2021-09-02,186.4355926513672,190.99462870973463,184.30157734757307,184.30157734757307,7048,10397,72.63561800199597
2021-09-03,185.8050994873047,188.66662111467463,179.5485486882054,183.42858202732464,9431,3052,61.34627642209969
2021-09-06,184.10757446289062,188.6666104176366,181.39154831927016,181.39154831927016,8328,9872,76.84418753862374
2021-09-07,182.65257263183594,188.08461043282782,180.42155049877115,187.21160885087545,10685,3392,52.02392022657855
2021-09-08,183.57408142089844,188.08461435701417,182.45857773166853,188.08461435701417,7685,8575,76.43239305197255
2021-09-09,182.3130645751953,186.29010469036373,179.4515429319169,183.57407837765012,21363,7821,76.20832156246084
2021-09-13,180.3245391845703,186.14458905347934,178.5785360648194,186.14458905347934,18229,5789,75.39070000874165
2021-09-14,186.33860778808594,189.10312267273915,177.12352857027003,180.32454424711557,32680,8783,55.105272690185316
2021-09-15,185.85360717773438,190.1216380293609,183.38008290640752,188.18162131477558,12769,12283,66.59186894885184
2021-09-16,186.33860778808594,189.05461929557273,185.27159269503568,186.24160103375314,8512,6390,54.31271240373092
2021-09-17,181.2945556640625,189.05462250556164,179.35453895368772,184.30158748560456,17970,8908,69.77171545372511
2021-09-20,177.6570281982422,185.271599872631,176.05652029781425,185.271599872631,13722,16439,74.36396192696343
2021-09-21,178.28753662109375,186.24160208316505,172.66148526460094,183.0405715871301,14626,14478,73.71461354497268
2021-09-22,176.9295196533203,181.3915640476817,175.57151386433364,181.3915640476817,8319,16983,63.70760663850736
2021-09-23,176.4445037841797,179.45153543352663,174.35899186041303,179.45153543352663,18764,3197,47.584580924984614
2021-09-24,182.3130645751953,184.3015846327795,175.5715095712268,182.36156795243448,50141,17242,78.54386381454093
2021-09-27,177.89950561523438,184.30156593119966,175.66849850014603,184.30156593119966,15840,16168,74.8020430319699
2021-09-28,176.63851928710938,182.36156239939547,174.79549461621139,180.4215457781253,19861,10892,67.27974633537053
2021-09-29,178.09352111816406,179.45152675149868,175.57149374065546,175.57149374065546,11651,14688,73.1827694863353
2021-09-30,178.14202880859375,180.4215543675699,175.71700791655653,179.451546010755,9198,9193,68.64212349980748
2021-10-01,178.7725372314453,180.42154842347236,175.86251225687317,179.451540098615,18941,16111,46.05143236853762
2021-10-04,187.69659423828125,187.69659423828125,180.4215324460998,180.6640345058392,54864,15053,73.41626042903067
2021-10-05,193.03164672851562,196.42667569107746,189.15161362844498,190.99462343051786,48068,3704,60.57018869807971
2021-10-06,185.22308349609375,196.81467981919965,184.495577264922,195.94167826225444,17892,12786,77.0139924355771
2021-10-07,185.0775909423828,190.9946328305128,181.44005973204176,188.86061748067655,10815,7905,74.51651377783168
2021-10-08,184.10757446289062,189.1516145575277,179.54853850814467,184.7865772985078,19234,15346,77.5438895954775
2021-10-11,184.0105743408203,188.13310967835045,181.34305147535963,182.16756446332658,28017,9749,55.73747810598084
2021-10-12,185.22308349609375,190.07312503723864,181.4400570144616,181.4400570144616,43589,10313,77.23127421081246
2021-10-13,185.27157592773438,188.2301040533028,181.39154292401219,186.14457743311135,50971,16587,51.90959150955654
2021-10-14,184.8350830078125,187.2116003630719,183.33156719492533,183.33156719492533,30855,11901,76.22714166474901
2021-10-18,188.9091033935547,193.0316383841714,181.8765437036791,181.8765437036791,72057,4855,57.64073461696589
2021-10-19,184.4470672607422,190.84912778544128,181.44005049398785,189.15161330704473,46709,11804,45.00351903478447
2021-10-20,181.8765411376953,187.50259177045152,178.43300899859145,183.38005683799707,39409,17074,76.33632670985926
2021-10-21,179.83953857421875,187.16310443053789,178.5300362085898,185.17458439256146,20471,17291,64.77568240195184
2021-10-22,177.26901245117188,187.1630939068209,175.71699328900465,187.1630939068209,107170,13676,65.75672213805163
2021-10-25,174.01950073242188,177.99654108586446,168.9754600215545,176.54152848843233,40253,8071,65.12153907007726
2021-10-26,177.7055206298828,180.42154687642505,174.5044902250706,174.60149697718552,23602,14659,76.1904559806932
2021-10-27,176.25050354003906,180.2760468289642,172.7099791978362,177.8995146747479,24040,7986,60.5825224282141
2021-10-28,169.36346435546875,177.5115286002657,168.78145342320346,177.4145218445039,62519,12161,51.66180209188225
2021-10-29,165.33792114257812,171.0609793175296,161.8943885222421,163.30091247785538,36288,8723,68.90021023044869
2021-11-01,169.55746459960938,170.6729682951967,165.87142986460967,165.87142986460967,26168,13648,51.584029442853925
2021-11-02,171.83697509765625,174.60150484482722,168.78145468333295,168.78145468333295,20167,5112,55.30831945699531
2021-11-03,170.7699737548828,174.98950121589365,169.75146202251713,174.98950121589365,12017,11299,52.863193027259875
2021-11-04,172.1279754638672,174.9894970815521,169.75145801193065,172.6614830064209,6550,8144,58.77225798102826
2021-11-08,171.01246643066406,175.9594998851924,170.7214609801266,174.98949158416897,12626,4305,77.84755929939578
2021-11-09,169.94546508789062,173.48600455291844,169.2664621826322,171.69148313080746,13599,7966,72.34050770685964
2021-11-10,180.95506286621094,184.0105832856256,167.8114466027049,169.94546203857806,101751,5291,67.7188722747279
2021-11-11,175.5229949951172,185.07758245666753,174.55298671683397,185.07758245666753,53813,5130,75.33389518204028
2021-11-12,176.3475341796875,177.99654553779047,174.60151605886804,175.52302110005905,17587,16501,64.8005571954132
2021-11-15,171.83697509765625,179.88804744795388,170.9639734938933,176.5415215653253,17702,10461,61.51886070558187
2021-11-16,171.1094512939453,175.37749652238782,169.7514456492122,175.37749652238782,13959,3787,54.69387536206432
2021-11-17,169.16944885253906,174.2135040697204,168.00544180286363,174.2135040697204,21972,6510,76.95252951658746
2021-11-18,167.32644653320312,174.40751070904182,165.96844071368483,174.40751070904182,19679,8660,64.98096806006824
2021-11-22,158.06285095214844,169.4604485800739,156.36533641181913,169.4604485800739,41400,5923,64.94347832817738
2021-11-23,160.1483917236328,163.3979109619027,155.68634719205943,156.70485896569613,20652,14361,59.791169190428455
2021-11-24,166.16244506835938,169.36347581000769,160.14839583319963,161.21539621297984,23749,16541,58.82984316229488
2021-11-25,166.06541442871094,172.03097422611918,164.36789994021416,172.03097422611918,12100,10282,45.594833895077954
2021-11-26,160.7788848876953,166.550431641382,160.05137862123516,164.80441364164705,25465,13039,78.8012124597025
2021-11-29,151.70928955078125,160.0028633312106,149.6237776626539,155.3953239866556,27899,6302,58.20011329676693
2021-11-30,150.20579528808594,157.0928455259617,149.38128229005002,151.32129894316756,28542,10602,55.76418304564638
2021-12-01,153.06732177734375,154.86182835806937,151.66081261916614,154.86182835806937,11611,6862,56.77349880794002
2021-12-02,157.33535766601562,159.08137572567443,152.6308258621374,156.9473602310485,22325,3324,56.526235932156794
2021-12-03,158.9358673095703,161.99138756168006,158.11135432666975,160.09987431984297,22574,10832,61.31458843917984
2021-12-06,157.09283447265625,161.02137087903156,155.24982470233272,159.76035718300164,16671,13711,72.34273738771785
2021-12-07,168.10243225097656,170.52745286971208,158.11134434155596,158.11134434155596,97075,5312,73.8331082288164
2021-12-08,166.64743041992188,174.8439976694376,165.87142081261487,172.6614789745348,39199,11822,76.51143092254975
2021-12-09,180.4700469970703,183.57407059377562,165.24091966233493,167.8114357343365,193228,11802,78.23319585830805
2021-12-10,176.97802734375,181.29456170800668,175.5715181420691,180.179057982814,51759,5919,71.53207680029534
2021-12-13,172.85548400878906,179.16053824727743,170.7214686113774,178.19052990289458,53331,17092,76.27778029130633
2021-12-14,170.86695861816406,173.92249368844762,168.781446663189,171.20646744857964,34953,7507,51.94073669821246
2021-12-15,171.15797424316406,178.53004378927452,167.37494751362112,169.12096554308445,50283,7297,62.48613608986093
2021-12-16,173.3889923095703,178.38452938432198,163.93141091086648,171.8369730313732,56026,8707,54.020954003656286
2021-12-17,170.33346557617188,179.4515377921784,169.79995804412684,177.99652532359318,55804,10102,63.61244632908258
2021-12-20,158.40235900878906,169.75145320574256,157.62634940533238,169.75145320574256,36059,14400,59.73451540376506
2021-12-21,161.79739379882812,165.77441910541623,159.08136749118708,159.08136749118708,24450,11243,73.3894369026136
2021-12-22,164.85292053222656,166.0169276231342,162.96140715935752,165.77442552914704,22593,4900,58.63957850891799
2021-12-23,168.34495544433594,169.75146461952426,165.04691810817906,165.72593580757962,31895,8790,60.03665230206545
2021-12-24,163.54342651367188,170.67297956275468,161.9914071118987,170.67297956275468,18428,4678,70.04573048361576
2021-12-27,165.87142944335938,167.42344873872918,164.46492028257902,166.06542815499236,17307,9573,58.839149743321336
2021-12-28,180.71253967285156,182.604052797375,166.5504133229532,168.78143525494423,228344,11104,52.48354080998764
2021-12-29,186.09609985351562,192.06164502864135,183.86507778436663,185.46558557247778,286749,9977,45.81036612614531
2021-12-30,179.01504516601562,187.9876224643278,177.6570245861199,187.0661174858128,79165,7495,57.0140101304944
2021-12-31,175.2320098876953,182.3130741011756,174.84401245181422,179.98505988358232,41558,11269,53.99722710712281
2022-01-03,177.12350463867188,179.451518416589,173.72847591187156,173.72847591187156,39899,9732,53.34068884480322
2022-01-04,212.52880859375,212.52880859375,178.23901182664065,179.3060267974918,1250220,14535,68.13922400933075
2022-01-05,201.32522583007812,217.28185942108354,200.74321492902513,213.40182621713564,674863,15962,63.66330291229268
2022-01-06,208.35780334472656,229.89198645775386,196.5721926266434,196.5721926266434,1290278,12969,49.913744070590184
2022-01-07,210.49180603027344,215.58434972455424,204.23525530895893,210.685804734587,228456,10759,52.85376499244398
2022-01-10,210.976806640625,216.21484557469,209.95829495868122,213.40182740660921,198364,5859,51.39231724125586
2022-01-11,205.69027709960938,215.00234853836122,203.7017569878309,210.97681973739626,207383,4325,77.25347602196555
2022-01-12,207.09677124023438,214.32333008674752,205.88426086997538,208.40628836057488,144908,7254,71.76017799700762
2022-01-13,221.6468963623047,226.8364466833709,205.15675527626888,207.58177602421534,807544,10518,66.01246482460304
2022-01-14,222.180419921875,228.824968370095,218.25188306644833,221.16190817400096,445514,10302,69.96940599336277
2022-01-17,224.84793090820312,232.21998523892069,217.81537060784592,223.1019129768495,500997,10048,64.37208983504277
2022-01-18,216.4088592529297,229.01896724630527,214.5658345885912,226.88493712958154,300586,12620,57.89201264942668
2022-01-19,219.60987854003906,222.13190610183085,212.3348161131232,216.40886291311799,207714,15021,62.6746979200317
2022-01-20,223.15042114257812,227.9034560788591,220.19189275111023,220.77390367443763,253614,7707,76.68767863013657
2022-01-21,207.48477172851562,223.10191145051238,202.87723225290722,220.19188651854918,183174,8201,69.14304068783903
2022-01-24,194.7776641845703,209.9582877370226,190.26711683429178,208.84278414349924,164119,12714,46.030387677581444
2022-01-25,197.00869750976562,199.87021911964075,187.1146007145802,189.24863087897077,147203,17612,72.09626536756922
2022-01-27,202.052734375,207.96977619824574,191.38264294167084,191.38264294167084,174949,13892,48.27440466268133
2022-01-28,201.5192108154297,210.92828773442773,195.84465672038317,204.08972671764502,128153,10393,60.16346746744256
2022-01-31,202.8287353515625,207.53326658440977,199.96719911168498,206.66026506112104,76624,15228,53.73736433168692
2022-02-01,201.76173400878906,206.6602790687522,194.0501706932029,205.69027073217148,81120,5801,50.63244606586407
2022-02-02,204.62326049804688,206.75727592894316,202.6347404006299,202.68324377884065,66247,15672,45.88001598106065
2022-02-03,213.0623321533203,219.22189121181256,203.79876407799142,204.18676150480772,378600,6725,53.26235026768676
2022-02-04,220.19189453125,224.0234245375324,209.37630739433914,214.37184445553413,385630,16636,76.70798242630082
2022-02-07,242.7445831298828,258.0222142359593,233.77200613107595,237.6520394278573,1535903,3059,49.08781950923455
2022-02-08,228.5824432373047,247.15811051549704,225.1874142873697,246.18810224408705,346274,6457,68.28074565195173
2022-02-09,230.47398376464844,237.45804073909028,221.6954054698645,230.57097571638297,559574,11005,54.07857586774481
2022-02-10,224.02342224121094,233.18999805627215,222.13190894622252,233.18999805627215,210236,13872,53.194410947721096
2022-02-11,212.1408233642578,223.9264337074211,208.79429751415694,218.34888569020202,263822,5428,48.043349778479914
2022-02-14,192.93466186523438,209.18230231475877,187.26012169340592,207.58179439989382,258863,13788,78.20407753840763
2022-02-15,200.01571655273438,202.63473610795003,189.9276357470323,199.7247110907876,233544,5063,54.68384184484918
2022-02-16,206.7572784423828,212.91683752120232,200.93722821401283,201.8102446289602,310960,14382,52.234052849487334
2022-02-17,207.2422637939453,215.58434095027727,205.54474929827384,212.81981142258016,155394,7047,57.073978434270074
2022-02-18,200.8887176513672,211.46180182200692,199.045693066723,207.9697661466875,117511,7009,54.34620852934542
2022-02-21,193.46815490722656,202.29523646866943,192.35265126866224,198.85170400014383,79189,11716,66.0510615968661
2022-02-22,184.9320831298828,189.1516253071967,177.85103412597135,187.3086153913312,214101,16165,47.88470516277601
2022-02-23,194.48666381835938,198.6577024614773,187.79361248023326,187.79361248023326,194165,8365,46.814826959420294
2022-02-24,177.8025360107422,189.63663508660673,176.54152217781294,182.84657654130623,185024,12462,63.05826237494519
2022-02-25,188.1331329345703,192.83767976294524,185.51411312132362,186.2416194472896,147113,15432,67.51331552076857
2022-02-28,188.18162536621094,192.7406617834091,182.60407719169694,185.51410232622598,111802,10010,66.9214505602537
2022-03-02,192.30413818359375,197.34817819211347,184.30157001201923,188.86060588892835,123960,13671,65.44862924539541
2022-03-03,197.1056671142578,205.64174240054848,194.38964114119022,195.02015536414655,227530,3996,48.81753589481147
2022-03-04,194.7776641845703,199.7246974963302,193.27414840114415,196.81467267724145,131873,9991,54.215981924604904
2022-03-07,199.0457000732422,201.47072082170067,187.30860853139433,187.30860853139433,209984,7103,59.45771789475621
2022-03-08,200.3067169189453,207.58177927677627,197.6391940544073,202.87723303158467,487604,8754,45.240594731561586
2022-03-09,212.09231567382812,222.18041119792508,198.85170787481943,202.2467370336578,927476,4601,67.23301670540594
2022-03-10,211.21929931640625,220.6768798828125,204.2837461548356,215.82683856670673,372482,12353,65.0213914495616
2022-03-11,226.8849334716797,231.78347830420722,207.72726971368579,212.33480909851974,900985,6056,47.99781564207861
2022-03-14,241.24107360839844,256.76122200463794,222.81091496423298,229.4554780800906,1608558,14433,49.24923911572612
2022-03-15,238.7190399169922,255.11217367366035,231.0559657434423,243.95707862709344,756456,14933,60.01753729375115
2022-03-16,239.59205627441406,248.12813249462369,233.14150683364082,241.5320729244093,362845,13594,71.27079251518259
2022-03-17,232.12298583984375,242.93857231013808,229.11595423226726,240.27104952318055,280254,17877,64.9116041129038
2022-03-21,233.7720184326172,245.3151121775009,231.00748864272455,234.83903356584145,395477,14600,69.51018925873146
2022-03-22,233.5294952392578,237.55502371232944,230.2314729818848,234.69350222414522,217104,3199,46.60260598211017
2022-03-23,224.94493103027344,237.84604507909725,223.00491432522185,235.32403224322186,215940,9489,51.72938354103082
2022-03-24,223.24742126464844,231.2499903468868,222.13191755546436,223.29592464355932,237997,17586,73.31821749487634
2022-03-25,216.6028594970703,227.1759442002169,211.8983132532611,224.55692471239777,248390,8678,59.78636454839263
2022-03-28,215.39035034179688,222.907914819199,210.83131419960284,218.25187192457753,231450,4675,66.65698527418422
2022-03-29,210.39480590820312,217.6698685578803,208.6002993353078,215.34185443044476,170046,4144,51.16095260246613
2022-03-30,213.9838409423828,218.49437370212104,211.46181339428364,211.7528188500108,182998,17166,49.93427612077524
2022-03-31,210.73431396484375,216.89387290568118,209.71580223746435,215.2448468703275,174737,15961,54.845616831200765
2022-04-01,216.5543670654297,218.25188170088097,209.03680225128824,209.03680225128824,185786,16174,47.21370661551089
2022-04-04,224.99342346191406,228.92196005874587,218.2518687000755,218.2518687000755,260346,7504,63.503335682992784
2022-04-05,229.26145935058594,235.42100295257453,225.18741279671138,226.69092856767446,235715,10619,52.53297065351943
2022-04-06,249.38914489746094,264.5212806041576,225.3329356103942,227.95195511316606,1287300,14764,69.54483638762974
2022-04-07,250.69866943359375,266.7038071789181,247.35212879137643,251.13515542890107,931470,7102,70.81112470283205
2022-04-08,252.5901641845703,260.39874903253366,249.34063034609142,252.68717093840502,342614,10909,70.67836614682882
2022-04-11,268.9347839355469,273.54232306519106,253.17215007097468,253.2206386419448,742798,14423,51.12703291309471
2022-04-12,262.6297607421875,270.5353228736149,258.02222108004383,269.51682594711593,387777,5973,52.14133378635265
2022-04-13,264.1332702636719,271.60234663711515,261.95075140676647,264.6667926345215,370641,3412,75.07655947301667
2022-04-18,294.3490295410156,301.67258034183305,260.9322318712318,263.84225676198906,1501720,4056,53.66162514745403
2022-04-19,280.4779052734375,296.8225517044197,272.5723432318364,294.1065401964125,889837,16700,75.0586272465136
2022-04-20,275.53082275390625,287.8984275456121,271.1657857685983,280.3323752786656,370918,8249,58.99021122421697
2022-04-21,314.0401916503906,318.0172316581615,276.50085805851865,277.85889337993154,1841534,5121,60.15667809388987
2022-04-22,313.5551452636719,327.0382530915955,305.6010663193886,311.13012480532944,1329527,9750,49.74341903632653
2022-04-25,289.01397705078125,318.45370448194166,277.2283528409984,310.0146502603541,501389,15329,57.63168834185975
2022-04-26,277.3253479003906,300.70255223666953,245.70308838457984,292.26346876846156,353594,14604,59.37208601679693
2022-04-27,264.1817626953125,281.15690770562975,255.11217929791084,273.7363502358661,363932,14515,77.03309073617473
2022-04-28,266.6553039550781,276.1614040619709,261.9022687027853,265.6852955524752,191343,5886,51.0299110272268
2022-04-29,254.82119750976562,271.6023296051627,251.42616838970108,268.15881191001915,207176,16195,57.66633796067576
2022-05-02,248.56463623046875,254.3846862495236,240.5620674542683,249.7286580752018,201605,16883,74.0486189669542
2022-05-04,246.1396026611328,258.0222041689116,238.23404104784683,249.29212959176803,203987,12735,59.08312684069806
2022-05-05,249.09811401367188,258.07069058748414,247.3521109537433,250.16512904020755,155365,13990,63.55851990996035
2022-05-06,229.74647521972656,244.9270994218475,221.16189571556922,239.59205369186665,331683,6068,70.97423236248937
2022-05-09,226.8849334716797,237.5550246786636,220.82238164952972,224.168922096278,201932,15734,74.47366152340086
2022-05-10,212.81982421875,236.48803663361093,211.461818461021,225.04193524292145,188302,11184,75.88994048168647
2022-05-11,199.87020874023438,222.66540328442312,188.1816060243668,218.05786396166158,341520,16805,48.495618336259255
2022-05-12,204.38075256347656,207.5817830188577,194.58367729234348,195.45667887055993,187747,15325,45.25104073206074
2022-05-13,209.52178955078125,220.14337731083356,206.2722558757135,213.25632736832765,176913,4971,51.28860643292049
2022-05-16,215.24484252929688,217.76687010802453,201.13123316722664,210.39480087878408,216968,10867,62.753651729372336
2022-05-17,258.2647399902344,258.2647399902344,228.5339880489093,228.5339880489093,876144,6108,48.150230885974985
2022-05-18,287.7044677734375,302.4485761757949,266.5097804926006,267.72229086790816,2519502,13940,62.89415288907293
2022-05-19,273.3968505859375,284.7459301550003,271.6023292756198,276.3553641174822,473640,11575,59.24526008926337
2022-05-20,295.8040466308594,300.7025767662917,281.3024105233051,282.27241883545446,1086207,3485,71.67321326360405
2022-05-23,277.3253479003906,298.85954251438903,273.73633519959225,297.88953428136756,363186,12449,65.83660019366071
2022-05-24,263.1632385253906,279.84739303605255,250.11664472235387,279.84739303605255,588266,16616,78.99466872534526
2022-05-25,238.7190399169922,267.6737925452808,237.16702077266143,260.7382097692685,400754,14862,57.556452349735096
2022-05-26,262.5812683105469,262.5812683105469,233.14150940208026,241.53207558528473,608945,4360,58.98115652531096
2022-05-27,273.78485107421875,284.2124406191181,268.78931409642564,281.3024156298439,422880,12278,72.70384852488584
2022-05-30,270.82635498046875,283.43646408080576,269.3713423919683,278.3924085997482,211421,7889,49.816077580469724
2022-05-31,278.4893798828125,289.15947083922447,268.69229044782816,273.1543344046065,448617,15255,58.51248729779236
2022-06-01,283.242431640625,289.9354831801651,271.60233171018837,281.05991290366813,293239,4904,57.837519881758965
2022-06-02,295.02801513671875,305.26162034558826,279.4593939414156,281.2539151962698,594202,7578,77.6148901785215
2022-06-03,282.0299072265625,300.7025666044174,279.79890002493494,297.7925417663102,235904,8207,71.5559885536056
2022-06-06,285.8614807128906,288.5290037512276,276.84038504003985,284.115447871868,269193,17044,45.22178474405927
2022-06-07,282.51495361328125,294.6885474988703,280.33243465832885,286.97699828608995,306522,16523,60.54528640631524
2022-06-08,263.30877685546875,284.3579401617431,261.90225291555566,281.54492188422233,469061,10499,62.139184727973145
2022-06-09,268.69232177734375,270.535331782431,254.14219604932873,259.9622463405347,422551,15249,58.0002208355102
2022-06-10,268.8377685546875,273.542314277437,263.06623748645563,266.4612662097572,301305,14958,76.79391251082112
2022-06-13,254.045166015625,264.2787712681326,252.20215617939022,260.9322308163691,150439,16251,54.09282583351413
2022-06-14,255.7911834716797,264.4242508447868,250.31061326077548,250.35913143391835,317370,5346,62.134351061514735
2022-06-15,256.2762145996094,260.7382292701118,251.71716357259407,258.94373752764267,157017,10054,50.81423169515971
2022-06-16,239.2040557861328,264.2787765850512,235.7120199406256,261.9022443784729,264181,5426,71.44168707955251
2022-06-17,233.38401794433594,244.92711153794002,230.3769861000426,238.13705300025455,280500,6230,49.38102137012074
2022-06-20,215.53585815429688,236.87604242306196,209.57031256326243,234.6450201983695,213034,11899,60.985258146453376
2022-06-21,232.17149353027344,234.45100416444768,220.28889180384684,221.74390426014398,224573,5722,60.938630758322944
2022-06-22,220.2888946533203,230.86197938538325,218.25187126769424,230.66798068226464,220548,9537,51.26269378269574
2022-06-23,226.15744018554688,228.97047327257533,221.21040649647384,222.61691563941167,177090,9506,60.285972886306475
2022-06-24,240.36805725097656,242.98707667405938,227.80645285420465,230.57096760034415,251203,16867,60.82368049361785
2022-06-27,238.76754760742188,250.16514563282357,234.79052228350525,250.16514563282357,235385,15892,65.51958691647658
2022-06-28,240.46505737304688,242.98708493353655,235.27552172521766,237.65203915655272,89992,5719,63.38241402367804
2022-06-29,242.64756774902344,247.255107125118,236.92452476022993,238.62203926721213,184816,4495,74.26281272924498
2022-06-30,232.55950927734375,245.9941312707611,229.16447994482778,243.27810484451769,92952,7481,71.03385666271731
2022-07-01,234.16000366210938,236.68203122679023,228.4369604668406,232.7534945515249,62738,15640,59.22590910021141
2022-07-04,236.14852905273438,241.5320783373517,232.07449695667225,236.00303372118503,90431,12619,76.78976191705817
2022-07-05,236.342529296875,246.0911162051221,235.2755289892266,238.33104938083034,193529,7852,63.00638618030777
2022-07-06,233.0445098876953,240.61057810130373,230.86199106460555,236.34253241101416,100544,15667,74.30085357895695
2022-07-07,233.09300231933594,238.62204678460236,229.94047527848244,236.58502339158994,127892,13128,56.828121276302845
2022-07-08,262.1447448730469,269.1773050962831,234.25700605676528,236.34251799560897,1530225,14298,72.51544341135839
2022-07-11,262.1447448730469,269.41980717294643,257.0522012631172,265.78227602299665,412316,16183,69.21716032498543
2022-07-12,268.4013366699219,280.041437493731,258.99224332975325,258.99224332975325,848454,7593,70.5733163367295
2022-07-13,265.7822570800781,273.05731886146714,261.36873144028965,271.40829301676473,201713,7071,59.56861384991804
2022-07-14,264.0362854003906,270.6323303566924,258.99223012629704,267.6738167223892,264433,8468,54.641753745820374
2022-07-15,260.10772705078125,266.75229001339403,250.45616195531596,264.8122733587512,367548,8143,69.20360243634545
2022-07-18,258.167724609375,264.52129726450465,257.1007094701167,262.87227117635035,130216,17673,56.328827086969454
2022-07-19,260.6412658691406,265.7822984880227,258.1677267167184,258.45874699469516,139626,3114,60.8324015497596
2022-07-20,268.207275390625,276.45234533934223,261.41721778579904,263.9877336728799,438505,5749,77.43738350756946
2022-07-21,281.8359375,289.06251214453664,268.692335114217,270.6323519742474,1074545,7065,74.06891005636413
2022-07-22,277.0828552246094,289.9354647473546,275.5308360787607,284.11541515214924,287420,7706,52.200410120431506
2022-07-25,267.0918273925781,278.0529108218017,263.9877885724983,277.4224112621221,280517,15917,65.69985370563603
2022-07-26,262.9207763671875,268.4983249087726,261.9507679251727,267.04331224575037,134164,12036,66.81508261212976
2022-07-27,260.6897277832031,265.24877858442625,258.99221327670784,262.87224643441135,113329,12067,59.642398957637695
2022-07-28,270.9233093261719,281.0114194388703,263.59975842161725,263.59975842161725,534710,6857,72.98287586213513
2022-07-29,282.22393798828125,285.8614692584397,267.57680615331554,271.8933254991871,450960,11699,63.08122652132364
2022-08-01,282.6604309082031,287.31648880952355,277.08288282390384,284.21245020864325,255946,12191,49.44625670241137
2022-08-02,282.22393798828125,292.94251829009266,279.4108901241812,283.727439072358,399326,10979,73.57603754888598
2022-08-03,271.06884765625,283.1939521389539,268.255799734418,281.8844349343607,235357,12221,76.32681826144389
2022-08-04,261.5142822265625,274.75489155676206,257.8282323807443,271.60236411612846,278047,10105,54.78343507244912
2022-08-05,267.81927490234375,271.6023010319716,260.10769772855105,263.2602244369579,254642,9990,63.90267939283156
2022-08-08,269.22576904296875,273.93031482034445,267.23726403715193,270.0502819486616,143225,17020,48.19731635648311
2022-08-10,262.43572998046875,271.3113294807028,261.0777243003013,270.58382326608057,148825,13576,54.6944637381945
2022-08-11,262.24176025390625,266.1217936082017,260.49572748309015,266.1217936082017,145475,14021,65.85907222623806
2022-08-12,263.01776123046875,268.3043186401633,260.0592475696012,260.0592475696012,196652,6492,53.73114581411639
2022-08-16,265.20025634765625,269.5652935832324,262.3387496990494,262.435726844664,129272,15329,65.23837874034734
2022-08-17,263.8907470703125,267.23728755759976,262.96925694356537,266.6552766551623,93505,7774,62.289321538102584
2022-08-18,263.7452392578125,266.26726664742904,261.9022294892745,261.9022294892745,105270,14670,54.340360992725664
2022-08-19,257.48870849609375,270.6323087843025,256.27619815207805,265.5397653394366,154065,6744,70.0972137342987
2022-08-22,248.75863647460938,256.0821871838316,247.35211262074642,255.59718304143797,127602,3946,47.84011133935245
2022-08-23,251.5231170654297,255.40314990625268,246.0425765982275,246.38208539225977,141612,3361,61.341471951539674
2022-08-24,251.5231170654297,254.7726504900792,250.69863376859587,252.63865018900736,81163,10443,46.65178405350859
2022-08-25,253.07518005371094,259.96224546216234,250.26216167626077,253.17218681203127,130481,14788,75.66555890966805
2022-08-26,256.13067626953125,259.4287281262484,252.5416633700209,253.1721628359332,80078,17781,62.25371451238741
2022-08-29,251.1351318359375,255.1121716104005,247.4491122999783,247.4491122999783,71490,15620,66.87300709836192
2022-08-30,261.5142822265625,262.77528136189255,252.2021952506907,252.2021952506907,162802,14068,59.917358682497316
2022-09-01,265.4913024902344,271.3113527054184,257.5857105994311,260.44724712948573,122905,11998,74.7149882434415
2022-09-02,260.9807434082031,269.61384169223095,260.44725063887853,267.5768181690075,166229,14725,56.76111967749348
2022-09-05,259.6712341308594,263.8422579860406,258.9922164789443,260.9807216559321,75243,3483,60.9552990594633
2022-09-06,260.7867126464844,271.50529150417856,258.99219154118816,259.67120912772225,480680,4743,62.73305581508936
2022-09-07,265.20025634765625,269.85631382698614,257.63420364691217,259.9622175854255,200274,5556,46.566105839841626
2022-09-08,264.42425537109375,271.45681519690845,262.8722362476948,266.36427187476676,227151,9956,59.84208385633699
2022-09-09,258.55572509765625,266.6553010929146,258.0222323228738,266.36431041618,87860,5523,64.50257384952099
2022-09-12,257.77972412109375,264.8122847979627,256.7127089944869,261.41725550568117,106305,12782,63.744116686339154
2022-09-13,254.96670532226562,261.70824571512406,254.14219228941505,260.64126019270043,114170,11411,48.33740749056879
2022-09-14,250.01963806152344,254.04516656571957,249.2921318401999,253.3661785205333,104019,17009,69.95279072373488
2022-09-15,255.49417114257812,259.1601482591242,252.26809337973867,253.68561646498907,108644,9119,55.37108072281125
2022-09-16,244.25184631347656,255.73857484689228,242.63880739907003,254.95648181242302,180105,5625,60.346666381120855
2022-09-19,243.5675048828125,248.55323954847947,239.80377746220768,246.01148953913972,127831,3968,57.36440035150826
2022-09-20,254.46768188476562,256.81393112700175,245.47383584678795,246.1581485978407,170434,7412,53.12677760614445
2022-09-21,251.63265991210938,261.79963034449605,248.11333087792886,254.1744099786555,235470,10572,51.46243921946698
2022-09-22,254.51657104492188,258.475814300827,248.60212512425431,248.60212512425431,122064,9506,77.97074493094763
2022-09-23,256.3739929199219,260.03996993974914,248.21107812234695,256.0318290979785,113897,4731,55.52073342518144
2022-09-26,242.05226135253906,256.12960787994416,238.53291726223804,256.12960787994416,94783,4730,64.77109021703076
2022-09-27,250.75283813476562,253.78338522518138,242.05225829489993,242.05225829489993,78917,15043,45.125617139709185
2022-09-28,246.69583129882812,253.3923556072747,242.63880758693662,250.26404313457303,48510,14788,46.0488778499206
2022-09-29,241.12351989746094,251.19275456806744,240.29257406558267,248.55323920931696,65292,3957,56.64398945568281
2022-09-30,244.34959411621094,246.10926613251442,237.60420212343,242.7854528148628,37428,6473,62.18531188055779
2022-10-03,239.9015350341797,247.1357387822284,237.6530810169973,247.1357387822284,32974,15214,63.75050529828317
2022-10-04,243.90968322753906,245.62047258885445,241.75897958526528,243.4208862671632,20647,17706,67.57331868519417
2022-10-06,252.41476440429688,255.15201547200954,242.44329439485963,247.2334986802563,91924,8712,61.18262877264695
2022-10-07,255.15200805664062,257.35159433299094,251.53489869090075,254.17441415604046,68295,8440,63.76512388742651
2022-10-10,253.00128173828125,258.866844960966,247.9178115122329,258.866844960966,41104,16535,52.014862436836566
2022-10-11,255.39642333984375,263.95037053304424,253.00130619222753,254.61436010141406,192815,16290,54.33899517349321
2022-10-12,259.45343017578125,261.99518043029786,255.2497880949345,261.99518043029786,87606,11106,64.00946667749264
2022-10-13,256.9116516113281,261.897386208524,255.98295535495618,259.69780004803727,39434,17179,50.998803340500025
2022-10-14,252.70803833007812,265.9055567728482,251.63267900872205,260.0399930205059,164795,16444,67.49434641902268
2022-10-17,251.3394012451172,257.88926256835026,250.2640419730047,253.19682371487585,51552,7549,55.76219054993624
2022-10-18,251.48602294921875,255.7385622486472,249.2864367426658,251.77928917657357,41019,13392,75.19323974020533
2022-10-19,249.0420379638672,254.0766404191447,248.4066079161948,253.1968119043831,29426,7167,46.27347412793807
2022-10-20,244.54510498046875,250.7528321325767,238.7284243334827,249.28644130139205,65370,7179,68.73867132025357
2022-10-21,240.3414764404297,248.69989270520105,239.5105156235473,245.66936043724704,42791,12959,61.30019656342147
2022-10-24,244.93614196777344,246.64693120434373,241.46568081877973,241.46568081877973,13079,4365,68.78268308421944
2022-10-25,244.69175720214844,246.5980623319392,243.71416329795838,245.13167147565412,18418,13805,56.74431700898388
2022-10-27,241.8567352294922,246.94023566026547,240.78139084367456,246.59807181388274,24476,5116,73.92853435898601
2022-10-28,234.866943359375,243.42089030794745,233.64495093815037,241.56346779444587,55160,9005,71.65368511049216
2022-10-31,233.15615844726562,237.21316739688365,230.85880668448436,236.47997193006836,58476,17550,51.11849869333384
2022-11-01,243.22537231445312,247.03798266759355,232.66735490673403,232.66735490673403,74045,5182,49.48101917759836
2022-11-02,241.22129821777344,247.42902553684468,239.5105088687112,246.15815046559,38906,14688,52.81314184367149
2022-11-03,240.3903350830078,244.44735873569525,239.51050653596192,243.32311679569307,31076,6529,73.68322728487198
2022-11-04,237.6042022705078,243.2253672402712,236.675491041492,243.2253672402712,27149,14419,69.18648902730372
2022-11-07,238.92393493652344,244.3984665540946,237.75082528044348,239.5104972230127,38400,12947,48.229527002432704
2022-11-09,238.67955017089844,242.83432434081467,237.6530884859681,240.4881048939747,45910,10187,71.36912352109934
2022-11-10,238.8750762939453,240.9768972197719,236.5777246538937,240.9768972197719,54318,16990,73.38455065513021
2022-11-11,238.48402404785156,241.46568836529673,237.70194596045465,240.68361027789982,26819,11007,53.053227075856114
2022-11-14,244.0074462890625,246.35366571001725,238.97282869445235,240.39033688281663,69311,12738,59.888203430044165
2022-11-15,245.62046813964844,251.24163308214787,233.74270818443108,240.48810014867072,163748,12004,70.73136884858323
2022-11-16,254.27220153808594,259.06240609919774,246.35368429055785,246.35368429055785,377245,16853,74.98811306255466
2022-11-17,257.1072082519531,263.070537299842,256.12961430422706,257.1072082519531,173198,5780,52.43163202100053
2022-11-18,260.4309997558594,262.97274977246417,254.1744049845379,261.5063589744765,160055,10700,64.06861957856927
2022-11-21,258.8668518066406,261.9951642083189,258.1336563844159,261.0175703120192,56736,15100,72.98942135361776
2022-11-22,252.5124969482422,259.9911142839048,250.31291063394113,259.0623881287915,53407,4280,54.61761866832547
2022-11-23,254.07666015625,259.0623952389289,253.19683157314185,255.15201946173752,49411,17173,74.00296146817432
2022-11-24,257.40045166015625,263.168279306923,255.15199771344166,255.39639617868443,77526,17321,54.19551284148671
2022-11-25,254.12554931640625,259.8444498336332,250.26404143111762,258.08479272584003,112116,7898,76.7542432357782
2022-11-28,256.08074951171875,261.84854790346753,254.17442935801364,254.4676956122144,157442,13200,54.908867474990565
2022-11-29,254.32102966308594,260.9197880351846,253.29456807205574,256.6183811371684,81535,11940,77.36267495811899
2022-11-30,256.0318298339844,259.551173749895,254.90760284476502,255.49416513638306,89356,4704,72.46357588741935
2022-12-01,260.1866149902344,262.9238958575607,256.61840316066485,257.30273083594614,105522,3553,61.1430368080472
2022-12-02,267.02978515625,271.7711218458605,258.3292048480886,258.3292048480886,390334,11791,63.25477109101742
2022-12-05,271.3311462402344,275.5836852210659,269.81588778942773,269.81588778942773,225378,17113,69.22942105600389
2022-12-06,273.3841247558594,278.4187273112578,271.3311716247247,271.3311716247247,194304,14922,75.05918589108633
2022-12-07,265.3678894042969,274.50836896091437,262.6306084466651,274.50836896091437,108183,8807,45.43075107297903
2022-12-08,263.119384765625,269.424877175547,261.0175639069168,265.9544010285661,64994,3930,74.70660171420965
2022-12-09,257.25384521484375,266.4921200921835,255.2008919272349,264.34140144158374,84993,14407,62.93424884081608
2022-12-12,251.38827514648438,258.5247287929304,247.72229787961808,257.20497101009863,75423,15276,72.45672515628002
2022-12-13,252.0725860595703,255.93406395671906,251.2416253009594,252.21921917372578,53107,7083,46.71371812357197
2022-12-14,254.4188232421875,257.1560743445106,250.26404899135446,252.85466696923163,72774,15230,52.74299019484947
2022-12-15,257.7426452636719,260.675427185505,255.49419105712002,255.59195642127455,72524,8060,48.13329956841948
2022-12-16,271.0867614746094,277.53888682288203,255.83632134897877,256.17845532793086,707237,4052,53.22614201536933
2022-12-19,292.6427307128906,304.81375648419845,274.6061118925632,274.70387724624305,1755971,17392,58.385211144454466
2022-12-20,285.4574279785156,295.037836573042,280.56945832134926,290.345397635682,486647,5971,72.5360641935074
2022-12-21,268.3006591796875,296.0643201168855,264.3902835594118,289.75882749567154,334675,10212,48.0682826094032
2022-12-22,258.1336669921875,273.23750524421575,255.6896821510049,269.8159264665601,168537,15580,55.670739250082036
2022-12-23,235.4046173095703,256.12960528846304,234.62253919553865,256.12960528846304,216006,15849,65.48897974268753
2022-12-26,252.903564453125,258.37806665531537,232.66735794227304,232.66735794227304,185724,17433,65.26503209982502
2022-12-27,273.6773986816406,280.03175843825,260.03995311663,260.03995311663,695640,16139,60.38657376983393
2022-12-28,267.0786437988281,273.62850449846854,263.9991993960092,273.62850449846854,163433,15917,53.31617446037487
2022-12-29,282.13360595703125,288.43906872181554,256.22736756568617,265.02571267972786,663539,7119,45.07679576539361
2022-12-30,281.5470275878906,288.8789814313253,279.1030429734124,284.96860604816015,192494,13588,50.65148458597013
2023-01-02,287.3637390136719,288.7812322692569,277.73443312604303,283.4533634112884,144244,13099,62.78230987060067
2023-01-03,285.35968017578125,295.2333854575112,283.0134605627467,284.52871931617705,228530,5194,46.420444322840105
2023-01-04,283.74664306640625,291.0297299037839,281.64482204748913,285.8484640853234,208738,17850,76.89883233129427
2023-01-05,278.66314697265625,286.2395001791915,273.7751771619884,286.2395001791915,115285,14449,63.89152082806427
2023-01-06,276.8546142578125,282.5246471459061,271.6244807400817,275.9258880862699,104985,9539,53.65173477457725
2023-01-09,299.7791442871094,303.05408960932425,279.78736821154627,281.1559936172162,623556,5342,45.99283616648668
2023-01-10,297.3351745605469,310.288293554421,290.58978271162863,306.96448030765816,606494,4269,63.808882045880566
2023-01-11,299.58367919921875,314.49198700082394,296.4553666122472,306.96450161993613,1543556,12218,67.53648447455001
2023-01-12,295.1355895996094,302.41867601795616,289.90545631824205,300.95228518208484,345420,5855,75.41114209300096
2023-01-13,300.2679748535156,303.05412356921835,294.3535434077007,296.8952936366541,242604,4067,72.42172723314775
2023-01-16,294.40240478515625,302.71195315437853,293.3270455000265,300.56126441791804,100791,4029,50.25293586082355
2023-01-17,291.6651611328125,295.62440469928424,288.487980793313,295.2333730857981,150127,12455,47.275612596305706
2023-01-18,296.65087890625,307.6976779689142,291.66514408280585,291.66514408280585,464739,13915,66.13584315058816
2023-01-19,283.1112060546875,297.3840832965983,280.9604874906657,296.11319329647677,208754,3584,70.54631995125007
2023-01-20,278.32098388671875,285.6529378370138,275.77923388385705,284.38204791868446,160966,5935,61.47413229260574
2023-01-23,270.9890441894531,280.5694525882142,267.8118639772173,279.98289027458014,137061,13118,73.0163213485816
2023-01-24,271.0867614746094,275.63259672407645,268.20287753012,272.89531605588377,126558,4740,61.971511229014524
2023-01-25,265.95440673828125,272.25989928357444,264.39028037604237,271.7711023369253,84913,12030,58.36002307469498
2023-01-27,256.56951904296875,274.6061077579292,254.27216751817087,268.2517477037801,144353,3375,57.77321245059139
2023-01-30,252.61026000976562,262.48396445316195,246.4025476404356,253.19682232167207,145378,5037,55.29560631945053
2023-01-31,262.875,265.12348392379573,252.12146684405224,254.07665469058819,129071,9291,71.81751208478184
2023-02-01,254.56544494628906,266.8831340217446,249.04204539208584,263.4615553804402,203343,7327,55.89402375033455
2023-02-02,252.8546600341797,259.60005207788384,250.26404212735548,254.56544938465967,80535,12617,52.83897947620303
2023-02-03,250.21514892578125,256.1784626036783,246.35365610903915,253.93000862826557,69262,16742,54.117674722531305
2023-02-06,255.78744506835938,260.7243123006753,247.57566204717727,251.92596695645184,93361,9230,45.602802634877605
2023-02-07,252.0725860595703,259.01350852297105,249.28643755542663,257.00942318352156,48407,5216,70.78332134446997
2023-02-08,253.14796447753906,255.15202013511882,251.33940970905513,252.85466839319594,31767,5692,59.22148028747149
2023-02-09,247.8689422607422,253.3923568780761,246.35366869609663,253.3923568780761,64656,6695,74.04729002777351
2023-02-10,250.36180114746094,256.08073136961724,246.40254291034495,247.86893374506204,104779,15745,68.56119752215275
2023-02-13,247.0868682861328,254.17442434973108,245.8648758613745,252.02370574863664,78479,17648,61.506719704915376
2023-02-14,243.1276092529297,249.2375713618036,239.65714779170938,249.18868868155266,52030,14806,72.38062536675926
2023-02-15,252.46360778808594,254.07663164843353,240.976880231416,240.976880231416,93719,6037,76.55966586995504
2023-02-16,252.26808166503906,258.4758085942121,250.85058847941164,256.03182396334057,71121,16702,48.68168345481188
2023-02-17,251.48602294921875,259.5511723732462,249.2864367426658,249.33531941952452,96396,13143,66.57872997190745
2023-02-20,248.69989013671875,253.8322582756467,246.79358495421116,252.2192342558863,37685,14385,67.56543967796776
2023-02-21,246.45144653320312,252.12147964246506,245.13168870303687,248.69990073733794,71959,7821,50.736507599235594
2023-02-22,245.8648681640625,253.58785407999105,245.0339073744819,251.24163466466823,109156,7000,66.14617422427139
2023-02-23,242.6876983642578,248.21109822129665,240.6836277810924,248.21109822129665,43717,4273,73.54471083455672
2023-02-24,244.0074462890625,248.30885353311263,240.68361803966081,246.30478303106,39255,5128,57.0488137038287
2023-02-27,233.8404541015625,243.61639294290626,231.88526633329377,241.56345473636338,56325,7196,59.82246020978314
2023-02-28,231.4453582763672,238.72842992512645,228.85474038068816,236.77324210441796,55573,11653,55.08901443044569
2023-03-01,233.8404541015625,235.60012607638416,231.98303168846675,231.98303168846675,69825,7611,53.29567161390706
2023-03-02,228.95249938964844,237.50644642536147,228.65921822218687,234.6225472652725,117412,17809,73.57649243882535
2023-03-03,228.36593627929688,230.9076714165403,226.899545459653,230.71215562396753,92782,12049,54.50452696057221
2023-03-06,229.29464721679688,234.62253087196805,227.97488951388254,230.27224109543008,102669,17750,52.77891399692442
2023-03-08,246.69583129882812,257.00943520542484,227.77938300920124,228.75697692769566,898733,7022,56.394377786341686
2023-03-09,238.7772979736328,250.80169040071058,237.6530710123689,248.89540029260135,199905,16760,71.17600510828282
2023-03-10,241.367919921875,247.2334831269451,235.89340321394874,237.99522406233942,195685,6101,76.30800933829153
2023-03-13,233.1072540283203,244.39846614772492,230.71215204345233,241.41680187734298,86000,3624,74.16634919742675
2023-03-14,233.6449432373047,236.0400453205834,230.95655999921854,235.0624514158248,71728,7232,61.71823360792975
2023-03-15,226.31300354003906,235.4535131055005,224.84661258837576,230.8588095234353,78141,17082,73.44977898515803
2023-03-16,224.01564025878906,226.80178889080221,221.32725698529896,225.13988221420638,70618,16989,62.16259048822987
2023-03-17,223.08692932128906,229.49017247379945,221.327257283797,226.50850803761836,39973,10779,62.20379700566511
2023-03-20,224.7488250732422,229.636794430354,215.90161247038873,224.8465904271439,110331,7557,70.81845017118745
2023-03-21,228.8058624267578,231.7386442183841,224.74883866486837,224.74883866486837,53852,9607,45.96308518185151
2023-03-22,227.87713623046875,233.30277025560963,226.89954236404358,230.17447286642877,16057,3843,73.44287405175984
2023-03-23,232.12966918945312,238.72842803201627,227.33946503346323,227.87714466327412,93138,8605,62.81574487316947
2023-03-24,226.0196990966797,235.40460618787066,224.21115939263154,234.13373117722418,54548,3879,63.74016377670533
2023-03-27,215.11953735351562,229.93007874284586,212.82218575726358,226.3618670297554,128025,12141,72.37158729921192
2023-03-28,212.7244415283203,217.02584878063627,211.16028530007853,215.11954363283485,62844,13508,46.58378743965688
2023-03-29,221.6205291748047,224.7488266012449,213.11546541898636,213.11546541898636,204809,8209,64.39730674966128
2023-03-31,226.11749267578125,233.25393178001966,223.96678888301224,226.70404011913615,173207,7114,59.552159086232066
2023-04-03,235.01356506347656,238.19074520427637,226.50850120840772,229.05025128780713,113318,5214,62.01343956033247
2023-04-05,237.75082397460938,245.18054328380592,235.55123778770363,239.41273055466957,198081,13600,49.472474550180436
2023-04-06,233.2050323486328,246.69583141350708,229.97896943272164,241.56346333902553,252999,9902,69.58654093320075
2023-04-10,240.63473510742188,242.44328980864123,236.33332786789924,238.92394576401415,116039,16925,50.699410324492334
2023-04-11,243.4697723388672,244.8872805603275,238.6306853471029,241.4657017900235,112679,6001,74.96022270414335
2023-04-12,249.3353271484375,255.0053747511364,247.82005362023963,248.79764752012224,297456,17765,65.41402264685134
2023-04-13,249.92189025878906,252.8058043783657,247.03799105611247,248.7976631699677,86781,5988,70.47649063846464
2023-04-17,254.4188232421875,258.37806677122626,245.96264161607544,251.1438775718298,151931,17039,57.45704430104233
2023-04-18,257.302734375,261.99517330667453,253.24569569742823,255.15201579493302,88954,16876,54.59539632755
2023-04-19,261.0664367675781,265.2212108060715,253.49008410914897,256.1295995494757,270972,4252,70.22177054445146
2023-04-20,263.7059631347656,270.50025289511245,260.4799150929573,262.77723696592426,273515,13874,45.95583560400652
2023-04-21,266.7853698730469,271.96663545361525,262.2884319573568,270.79351083776623,165712,12197,64.83003481093169
2023-04-24,266.29656982421875,268.88718766746683,263.46155350832845,268.34952296117314,89443,8687,60.58754918128639
2023-04-25,267.8118591308594,273.53075954235516,266.0033044606317,268.838320785795,137845,7311,72.66498749736155
2023-04-26,271.6244812011719,273.4819037136108,266.4921130349647,268.83833251561384,117713,5104,52.417016354588874
2023-04-27,271.3311462402344,275.68145056745874,269.27822313495955,272.7486691784432,90931,8100,49.23082171797463
2023-04-28,271.5755920410156,275.4371001433601,269.815934834312,270.3535995825269,86622,8978,46.02503278399901
2023-05-02,268.59393310546875,276.6590830531307,267.32307292602354,271.9666441080107,116707,16613,75.82558288561845
2023-05-03,274.0195617675781,278.3698666121567,266.8342703770249,267.07866885517427,133967,8479,65.46690317654269
2023-05-04,278.0277099609375,283.9910389486501,273.7263026011085,273.7263026011085,154720,10168,54.72548764685578
2023-05-05,277.7832946777344,281.9380686623872,273.97068451740074,278.41872473215705,76869,11859,76.62977640054974
2023-05-08,280.5694580078125,283.5022397988349,278.17434094495786,281.0582549729829,74383,7391,59.952591991453694
2023-05-09,271.6244812011719,284.6753662191443,269.52266020462787,283.40447620151815,112049,9027,69.97454681224279
2023-05-10,273.2863464355469,277.2456193935773,269.4737364207667,271.2822909941537,55370,13035,76.34245157817043
2023-05-11,272.6998291015625,276.65907244508423,268.8871890418179,274.6061192976367,59148,8857,62.57214055156382
2023-05-12,265.5145263671875,274.312872035832,263.2171745869481,272.50431723718395,104661,14750,63.623000026515086
2023-05-15,266.44317626953125,270.1091529921929,263.9503240316393,265.5633478228514,44216,5241,53.84887768317468
2023-05-16,267.8118591308594,276.0725096329077,266.83426523709284,276.0725096329077,169460,13746,68.54277599352176
2023-05-17,263.5593566894531,269.7181871504165,262.33736415086497,267.3719674430877,68739,13591,65.87260498347129
2023-05-18,257.6448974609375,266.345508289128,256.47180251252485,264.43918797647893,100254,3900,74.42723064072338
2023-05-19,253.19680786132812,258.76910475550153,251.19275239671663,258.1336448841789,155347,13253,71.5625820688598
2023-05-22,250.9972381591797,254.12555062671817,249.3842141630859,253.19682447216178,90874,3785,70.10042500663192
2023-05-23,249.677490234375,253.83226454469147,249.33534130013598,252.17037272084482,35052,5382,76.63173153755201
2023-05-24,252.5124969482422,257.2538334147176,247.3801437984391,248.50437083676655,87392,8238,54.279881379362244
2023-05-25,248.748779296875,254.6143579539264,246.35367708635982,251.53491312330695,61634,14207,61.06686384475961
2023-05-26,250.75283813476562,252.95242443419338,247.96668952206406,248.30885335762366,39060,5872,75.81978015338402
2023-05-29,250.50843811035156,253.196821348609,247.13574212209934,251.73043049137766,97436,14978,78.14443356191137
2023-05-30,251.53489685058594,253.09905304686194,249.87300513200358,251.48602908943275,34541,11374,65.57386670905969
2023-05-31,253.29457092285156,255.0053601496874,250.45955474228293,251.19275012521257,35242,9713,53.27250388020609
2023-06-01,253.00128173828125,256.71615634625994,252.70801551066594,254.27217167014135,40490,4349,69.0202421058449
2023-06-02,261.3597412109375,262.19070201202516,253.19682598930999,253.19682598930999,160572,5659,67.00659601004872
2023-06-05,261.017578125,265.4167507900281,259.0623902738764,263.46156293890454,58348,11240,57.899391161382816
2023-06-06,258.9646301269531,263.2660375192432,257.20497295904346,263.2660375192432,35062,7196,67.82182005850922
2023-06-07,263.75482177734375,269.7181505225921,250.8017026273477,259.4534145924066,206248,13155,58.41908925430127
2023-06-08,266.63873291015625,271.6733354658066,261.84852882646754,264.87907584555154,121135,14422,72.70301386095908
2023-06-09,296.4553527832031,298.1661421232546,268.83832486522954,269.0338555804691,911281,16651,50.87133229064733
2023-06-12,292.78936767578125,301.39218190435525,289.61218755909914,298.21500178767315,358867,12878,77.03422269998032
2023-06-13,289.8077087402344,295.6243742469388,287.4125918744288,293.2781549739069,110993,4608,67.45392330435648
2023-06-14,287.5592346191406,292.78936785815773,285.65294444822257,288.3901953861654,111871,6446,58.26495002578666
2023-06-15,281.44927978515625,289.1722656816829,279.494091971666,289.1722656816829,180206,13211,59.573469385321054
2023-06-16,288.39019775390625,295.4777534614175,283.5022283004502,284.3820568353127,161965,17602,69.38367550871142
2023-06-19,292.3494567871094,295.9665663105517,287.75478315424425,290.34540113702343,82233,7265,73.11681358039701
2023-06-20,298.7527160644531,302.07652951631934,288.6834805136294,292.3005900497718,152805,12724,59.605198957755775
2023-06-21,297.6773376464844,306.3779172464037,297.18854070453614,299.82805612457577,147348,4201,56.18329272206368
2023-06-22,332.1864013671875,346.6548092523122,294.69569848295487,294.69569848295487,3926952,9533,65.77032940214407
2023-06-23,335.4124755859375,341.1802736726699,327.0051620157825,335.3147102284406,865991,5708,73.1943746873884
2023-06-26,326.3208312988281,338.4430195040365,322.65485418042994,336.29230099439036,206649,17034,54.043673253167476
2023-06-27,328.7159729003906,334.28827047118136,326.02758947890044,329.44916837897887,249701,6460,48.26178595606524
2023-06-28,320.504150390625,330.622252727026,319.18439272347763,330.622252727026,136228,10320,49.49968119061218
2023-06-30,329.64471435546875,343.917563131845,322.6060255019064,322.6060255019064,635346,4797,67.41804299090492
2023-07-03,324.8055725097656,336.732229995186,323.14365095016177,332.2841598603866,179471,9247,54.539255662209605
2023-07-04,320.4064025878906,327.68948911875486,318.01128558544576,327.5917237614268,139621,12773,59.849151326041735
2023-07-05,321.2862243652344,326.3208269066439,317.9135433619823,319.6732004216097,60415,11875,65.10683331274414
2023-07-06,323.3880615234375,328.9603588823038,320.3575441942358,322.60599830954015,93660,14047,46.72802896451469
2023-07-07,316.64263916015625,330.91551520673323,315.0296152891279,323.5835613986077,140355,15865,70.55972650058416
2023-07-10,308.0398254394531,319.57542083623537,306.2801386243836,319.477655485321,126126,12035,58.883583426190896
2023-07-11,310.82598876953125,314.7852320842771,307.551043276429,309.89726264197463,138999,6617,76.66107603599556
2023-07-12,321.872802734375,325.2943815030016,312.194628755591,313.51438653310686,197364,6069,78.50302971516953
2023-07-13,316.2516174316406,328.178274597512,314.98075733220395,324.756696047247,124798,13613,73.89067577395491
2023-07-14,325.2455139160156,328.47156196609143,316.54490403261246,318.0112949342468,160317,8643,62.112257622629265
2023-07-17,331.1110534667969,339.22507059949066,321.6283810583067,326.4185850222029,296330,14670,64.97570939193236
2023-07-18,317.9135437011719,333.4572805237902,316.3982552774004,332.3819212822938,208346,16199,74.77761626637667
2023-07-19,317.9135437011719,321.67725629571254,313.9542705620894,320.35752841648286,70067,14198,56.41367209510945
2023-07-20,333.0173645019531,347.045843288986,319.0377833114375,321.1396042829068,807368,4348,74.83626254155601
2023-07-21,342.3533935546875,346.3615046523744,327.5917197910129,328.66707904099144,469483,4411,68.87915647998672
2023-07-24,362.44293212890625,378.0844342571935,349.0010162374094,349.0010162374094,1601446,17164,64.94238180138368
2023-07-25,370.2637023925781,375.39607054455445,354.71996481335253,364.93580352034013,407753,3969,59.583436422613985
2023-07-26,372.7076721191406,382.8257748896592,361.02541315132964,371.14351592184823,479197,3560,51.94887156227383
2023-07-27,366.7443542480469,374.36960474775447,363.32277551753424,374.36960474775447,104033,8138,67.46512375747675
2023-07-28,354.6221923828125,369.4816318124553,352.22707535945733,368.1129764655103,165356,7972,60.79910474833002
2023-07-31,360.4877624511719,370.36146713184854,355.3065265447154,355.3065265447154,159580,11485,64.29481746859861
2023-08-01,352.3248291015625,366.06004104376655,347.33909433666634,362.68733021739035,170035,8915,51.482771256719325
2023-08-02,342.5489196777344,357.7993915122288,338.24751219462064,351.5427960973542,145013,8772,70.863034608921
2023-08-03,354.1333923339844,356.82177557461506,338.7362883194633,338.7362883194633,198229,16148,47.12250086533067
2023-08-04,356.3329772949219,361.8075091131262,353.8889925398127,356.7240088889797,184220,16302,72.57429907954952
2023-08-07,359.363525390625,365.5223550576779,357.7993691761009,359.26576003338005,115783,6755,73.85997256958888
2023-08-08,352.911376953125,362.785080723836,348.46333690565547,360.6343623379715,174933,5435,63.98870919570099
2023-08-09,347.0946960449219,368.35736298910183,343.52648434058915,368.35736298910183,206858,13228,45.75663168727104
2023-08-10,342.0600891113281,352.0315585178293,337.7586820505266,341.08249524142786,290591,9152,50.42323030402636
2023-08-11,329.1558532714844,344.0152615319941,327.640564940337,343.91749618259814,185934,10146,45.90192692784364
2023-08-14,328.5693054199219,336.43892413382326,320.45525840491206,327.4939461969932,136843,12218,68.38420828449942
2023-08-16,331.1110534667969,333.79943659114446,323.14363961305645,328.56930345519976,103841,14636,78.50250188628175
2023-08-17,337.3187561035156,338.58964604682603,330.4267311882849,331.11105883728266,126493,15157,73.4916326189567
2023-08-18,339.7627258300781,341.1802488260545,332.13750584140973,337.6609050490551,93537,9347,50.456972383078956
2023-08-21,343.7708740234375,346.459257131565,332.3819115503112,335.31469312281394,90951,9093,77.63706880086025
2023-08-22,346.8503112792969,348.46336511618136,343.526497914254,345.97048271705006,77115,13002,58.89193882807707
2023-08-23,346.2637939453125,351.7382962760873,344.0642075265476,347.9256857836548,70431,8725,62.11956611084315
2023-08-24,351.982666015625,360.4388769796222,345.9216018348463,348.3655865449501,190643,12293,49.793425292897666
2023-08-25,352.47149658203125,354.86661375993674,346.9480965770458,352.3737610513417,53834,8273,75.3060436365413
2023-08-28,361.85638427734375,368.0641116490746,356.82178154558363,356.82178154558363,219576,5366,70.96282939878625
2023-08-29,356.0397033691406,364.10485288683384,353.9867502524228,361.8563690604105,84859,16328,66.06751716069749
2023-08-30,361.0254211425781,364.4469998476048,356.0397160394354,358.3370378743429,87293,5495,68.81198372717037
2023-08-31,377.15570068359375,379.306419117262,358.04375258169387,364.59364340203143,406255,6663,46.833632915986975
2023-09-01,369.04168701171875,385.1719859142177,367.57529620240064,379.25755491682037,200884,15208,65.0146562828321
2023-09-04,394.1169738769531,395.92552855439334,370.5569549764629,371.9256103002327,481630,17881,72.14678337828539
2023-09-05,390.7931823730469,406.6790840955284,385.07425178619354,398.0762692501045,291860,12378,64.78224396762063
2023-09-06,411.224853515625,434.2960747059296,395.9255154888047,397.39190628691136,1461534,5080,57.38444732960619
2023-09-07,412.1535949707031,417.62812678761003,409.1230479083262,413.47335270490896,224089,9025,77.4239534050678
2023-09-08,415.18414306640625,418.1169247791415,409.61184587868996,412.5446275914252,128663,5535,68.2481810656225
2023-09-11,418.4101867675781,428.91932113148346,415.52627284582445,420.5120076735996,191131,5772,52.93557135054621
2023-09-12,387.4204406738281,423.6403116377004,383.31456429969114,420.3653661901571,251219,13893,49.38465967209253
2023-09-13,403.0619812011719,404.9194336080033,383.26570334287084,388.54473463879134,176697,16743,75.22078964837745
2023-09-14,422.4183349609375,442.2634794231177,407.2167317427702,408.9275210872271,740508,15878,73.63667418585663
2023-09-15,424.28656005859375,433.5785952192728,414.7978863275954,427.13807439122473,215938,15731,74.0329630242813
2023-09-18,419.91094970703125,427.9247293339343,415.9286659719669,423.10661912643764,146533,10192,72.04891947188815
2023-09-20,418.1902160644531,438.34751603008226,415.191215145703,419.46850187159964,213197,13259,67.84694161665405
2023-09-21,401.326904296875,418.33771624512144,398.3279034947193,417.5019197897529,190348,17428,58.0743125616825
2023-09-22,405.899169921875,411.0122530149786,397.7870859807899,404.4734277184956,167552,4181,69.32398883934599
2023-09-25,435.64349365234375,440.46160405419187,406.9808020128103,406.9808020128103,751815,9581,64.99182664480021
2023-09-26,419.9601135253906,436.97089492014,417.9443656674575,436.97089492014,189954,14226,59.50081216247271
2023-09-27,420.9925537109375,424.5815301757645,412.97880434244155,422.12332300705947,123792,4159,54.02429685175257
2023-09-28,414.3062438964844,431.75951486512395,412.9788060185139,418.87850324734984,203180,15664,57.643782186833555
2023-09-29,411.0614013671875,418.73102593613015,408.1607348376272,415.2403536619445,85090,14987,73.33981159971287
2023-10-03,406.2433166503906,420.35343200696053,405.3583680581742,413.0771446824745,86504,10965,46.29654222754192
2023-10-04,402.85101318359375,421.82836101169084,400.3928059515909,406.2433211593102,261932,17086,57.05101575785788
2023-10-05,404.325927734375,412.6346499729494,400.44194839887365,405.8008520378699,83044,15927,46.64898707116312
2023-10-06,404.9650573730469,411.7988553380847,402.85100519691883,407.42326455631485,111778,3502,71.6821619328022
2023-10-09,400.1961364746094,411.9955311618214,396.5088256348556,405.55504023134984,121209,12428,60.60421548489549
2023-10-10,403.2934875488281,407.6199264373158,401.08110095736595,401.08110095736595,59362,16597,50.98496774991929
2023-10-11,402.85101318359375,409.9306320073145,401.1794202628668,406.0958347268725,50150,15867,48.53019270735595
2023-10-12,408.6031799316406,412.09385208448805,402.1135370701209,403.1459720687959,108367,12826,77.5432446057747
2023-10-13,416.76446533203125,418.87851757653357,404.5225811604561,404.5225811604561,126832,4393,60.906250375319026
2023-10-16,428.07220458984375,434.07023611421346,418.8785037295095,420.84506947471846,223201,16355,60.81778453615304
2023-10-17,426.10565185546875,435.59432586434957,422.8116481301813,431.4645256703455,121199,7333,59.94452934518217
2023-10-18,436.7742614746094,461.79879243246165,425.7614813624992,428.3180228178903,566677,4368,75.7114586966488
2023-10-19,444.689697265625,456.7840650887895,428.66219779168654,436.282640365061,172257,16090,63.30769617992642
2023-10-20,446.3612976074219,450.146912878013,434.90602747902835,444.7388567686959,164752,3699,75.53295334250123
2023-10-23,426.69561767578125,446.7054002730128,421.0417411171485,446.7054002730128,172671,7701,57.90986754195147
2023-10-25,434.5618896484375,442.8214600067739,423.7949298907085,426.7447785906438,266803,4058,57.16343659183198
2023-10-26,432.7919616699219,437.5608897279904,414.4537416187594,433.6277581349298,164271,8596,49.98230494574206
2023-10-27,449.3111572265625,456.09580359851833,433.62778212847394,433.62778212847394,197990,16403,49.87724065041974
2023-10-30,450.0977478027344,466.666070681281,445.6238226074418,447.0004126669616,210911,14865,57.82294008121426
2023-10-31,452.0643005371094,458.50479134766954,444.09970327004663,450.09773479252163,130990,15613,74.17710128564393
2023-11-01,452.90008544921875,462.09378607257753,449.95023690744017,453.7850340102701,109973,9426,45.93604537144921
2023-11-02,452.9984130859375,457.81649296530315,444.68966114559294,448.5736403382202,104829,6715,63.361486234973675
2023-11-03,447.54119873046875,467.8459842871864,444.1488907845146,455.06330679292,174748,16944,72.46494340437124
2023-11-06,451.3760070800781,460.17640111287284,443.01810235901104,447.983699050681,205020,17789,47.45664659973499
2023-11-07,438.9374694824219,457.17738482160564,435.74180013806097,457.1282026733991,230055,15868,52.74406875815503
2023-11-08,426.15478515625,447.7378559176646,424.77819515491547,442.4772866197036,146620,13438,49.83398671466875
2023-11-09,426.3514709472656,431.02206471685156,422.22167076908767,429.5962925105392,107155,10610,75.6703662875614
2023-11-10,431.46453857421875,433.62777302766233,424.827378782979,428.6130240727985,92076,4530,47.137919758650966
2023-11-13,423.7949523925781,433.8736026524944,420.8942556806609,430.6779330578868,83276,13218,71.15254335692454
2023-11-15,420.7959289550781,429.3996543279745,419.81264605531857,429.15383360303457,93769,12538,70.98488462244096
2023-11-16,418.7801818847656,427.7280622928339,415.3878738779253,426.2531379401,105160,7185,51.963695817035386
2023-11-17,446.95123291015625,450.3435709387517,418.92767008973175,420.55011089052874,224959,13137,51.866237245668025
2023-11-20,455.9482727050781,460.86468698912074,447.0495448465141,451.22849698795034,211270,12603,77.32121097111568
2023-11-21,454.7683410644531,461.061345620403,449.4094372586745,459.24226625466264,80638,8818,59.744385505105775
2023-11-22,462.339599609375,466.07606236801087,448.5244578153283,450.49102347932836,122683,10988,50.713199468971425
2023-11-23,500.2451477050781,514.9452382499411,461.30714101736277,461.30714101736277,1686929,7364,57.27315098063097
2023-11-24,491.29730224609375,504.424135156623,486.43006982359174,504.424135156623,221169,6219,64.56438758582996
2023-11-28,492.47723388671875,503.9324733776253,483.87350873149103,493.7063374803227,175462,3210,45.35606348420927
2023-11-29,513.568603515625,526.8429215502812,492.0347158164425,493.6079743257356,500266,9200,60.756552098325756
2023-11-30,494.984619140625,524.7781098145325,491.78894962987437,512.4379210913687,542103,3218,54.86205271981854
2023-12-01,493.3130187988281,505.0632608819413,492.1330673735893,497.54112305901333,165293,12414,46.35156352349385
2023-12-04,488.7899475097656,502.6542427393046,486.2334059059463,500.3926740097126,183545,7806,60.88579213175956
2023-12-05,492.1330871582031,496.55786016961554,481.4644617847596,486.8233655459907,147400,14814,53.152252608524
2023-12-06,438.24920654296875,497.34448563745156,434.95520278131335,496.36120272396715,623864,8041,59.64666289072701
2023-12-07,401.5235900878906,427.62973985177746,379.4980584781684,417.89524485545087,2762694,10317,69.86775409647731
2023-12-08,387.6593017578125,401.4744151567423,383.4803492341075,392.37904789926665,1062316,9819,76.76913268468516
2023-12-11,405.8500061035156,408.84900686521644,393.70645661232174,403.14597820094826,885812,17474,68.13858691084701
2023-12-12,401.03192138671875,411.84803287191573,398.62286637114204,405.89915355061044,317306,5200,57.44063929796653
2023-12-13,395.0339050292969,406.5874791029602,384.3652795640486,405.5550440610447,513411,7673,48.05524003436304
2023-12-14,395.3288879394531,409.29151747551725,391.3957562399887,400.1961504205057,483668,11888,71.294298010817
2023-12-15,392.968994140625,402.0152085739848,390.85494196543897,401.1794121305638,227588,14645,67.8924248660864
2023-12-18,410.9631042480469,431.61204535857854,408.06240766050695,430.6779145910893,656271,10514,57.01639980778598
2023-12-19,405.99749755859375,413.91294279398954,402.94931461103175,412.7329913280261,188836,11896,66.11154429431085
2023-12-20,392.6740417480469,406.93164414775936,387.6101406903213,406.93164414775936,245541,8001,66.18523748868759
2023-12-21,397.541259765625,399.2128526788215,387.4134580183637,388.3967409067352,156258,4268,76.66808845458803
2023-12-22,391.7890625,401.0810674023095,387.61011039907794,397.983732434873,170717,10425,61.23717049942667
2023-12-26,387.4626159667969,395.08305846588496,386.6268495050852,395.08305846588496,82914,6181,67.18165652881024
2023-12-27,387.31512451171875,392.18238682197074,383.6769958218305,390.36330747332033,133833,17467,45.95186905296701
2023-12-28,385.34857177734375,390.3141685462293,383.8736473918672,387.31513762464573,158873,5338,47.539373528046994
2023-12-29,398.81951904296875,403.14595746304127,387.02012516600166,388.2983808330423,554701,7344,70.37251749133497
2024-01-01,405.7025451660156,410.0289840804901,397.78709953123655,399.2128717905971,289912,4953,67.91215225867566
2024-01-02,407.81658935546875,409.04569300030136,398.18042878294614,407.07912716856913,224133,9670,74.1655983308957
2024-01-03,402.85101318359375,409.53732485167654,399.9994687885404,404.12926894127025,107612,12235,59.752733659597894
2024-01-04,398.3279113769531,406.48914749696104,397.5412670473995,405.1125574295084,115491,11024,55.19503116892592
2024-01-05,394.4931335449219,403.6868051681461,392.13323044701457,398.7212382484128,144649,3458,72.86830036291768
2024-01-08,381.4154357910156,396.263013772562,378.56392134599594,394.29644794738795,280475,10720,78.69125616223094
2024-01-09,381.2679443359375,387.61013104158934,376.59735056264105,382.20207509356186,268245,4532,67.25447525479878
2024-01-10,376.35150146484375,385.9876611519004,374.0407808234077,384.16861193063096,154931,8451,77.49456965604705
2024-01-11,370.7467956542969,380.7762929724826,367.55112631366273,376.4498543281834,254646,12573,45.7651360021499
2024-01-12,371.04180908203125,376.5973514770111,369.46855043730267,374.3358128053101,119592,17621,75.08232136332265
2024-01-15,369.07525634765625,374.04082317577684,363.81468663403274,373.4508474121848,189845,8351,65.54519057868373
2024-01-16,369.173583984375,376.30238514795263,365.7812459104658,369.71437758692247,164553,3640,63.092339090584574
2024-01-17,366.322021484375,371.87759370988164,364.2079693138059,366.7645107791645,109450,9422,69.47730591723499
2024-01-18,373.0575256347656,376.40068148769336,362.388900186121,365.87957247973225,214845,6697,50.3256743299067
2024-01-19,369.4685363769531,379.3996993109896,366.0761984910863,376.0073614251228,129810,13669,68.50399126046669
2024-01-23,346.459716796875,368.53439868559303,341.7891232782767,362.9788566070583,252393,5535,46.93060820826794
2024-01-24,341.4941101074219,348.475424104826,340.21585444916076,348.475424104826,166022,16485,63.628828195849955
2024-01-25,349.55706787109375,359.8323860885536,341.83829117259836,343.85403910429125,190347,15200,52.940776636228215
2024-01-29,344.00152587890625,355.16179270819714,338.6426221128086,353.98184123445066,320854,12980,71.10486675680713
2024-01-30,350.4420166015625,356.83335539763374,342.03495988046456,347.8854750816515,340009,9176,56.35672693300715
2024-01-31,359.5865478515625,361.8480863885264,351.4252822465051,354.8667721985699,313715,8683,55.71597134770877
2024-02-01,364.1588439941406,377.23649513496423,360.7173536931434,374.5324670413236,569611,7945,71.20140198228245
2024-02-02,358.3082580566406,370.40265489729694,354.22764030444216,367.60029282401007,304690,15991,57.43509936070435
2024-02-05,379.8421630859375,384.95524604531516,356.24337405633963,360.86481557760067,591454,6985,45.785756321849604
2024-02-06,380.97296142578125,384.9552450613825,375.4173891833337,383.4803207508025,235306,16918,66.6490258066646
2024-02-07,383.8736267089844,400.8844383760623,380.9729602449482,380.9729602449482,681435,16958,73.01174349714893
2024-02-08,382.4970397949219,389.2816856561258,378.9572154302988,386.38101916855493,226137,8608,75.50476433708072
2024-02-09,366.3712158203125,382.4478972929112,360.7664912677839,378.56391782138894,309120,4099,63.68774461386323
2024-02-12,343.9031982421875,369.1243989166509,339.28175655591053,366.9120123661293,249496,4975,74.14208140139843
2024-02-13,336.9710693359375,347.6888471830962,334.56201417433255,344.1490226627962,146047,13268,67.32777645482129
2024-02-14,349.55706787109375,351.22866078933544,333.3329001639966,334.11951447410297,122998,10764,73.86657896020787
2024-02-15,351.32696533203125,358.7999213132114,348.67211952790194,348.67211952790194,93090,10051,68.73746028314936
2024-02-16,348.9670715332031,355.65341280402276,347.83630227640157,354.4734614011103,50839,6669,67.70106473763877
2024-02-19,363.3721923828125,366.4695575978224,350.14705506595436,350.14705506595436,182767,17198,78.57300174989885
2024-02-20,370.00933837890625,379.1538872325469,364.79795108071806,365.7812339677281,226851,13591,55.52618415236721
2024-02-21,362.1430969238281,373.45085080017384,360.815688952971,372.5659021504644,138141,10152,58.92225732003812
2024-02-22,356.3908996582031,361.8972599007743,350.04871294044625,361.8972599007743,105340,11916,60.97403829054375
2024-02-23,356.9808349609375,359.83237929793796,352.9985513291307,357.0300171090238,44801,5603,71.43334973195101
2024-02-26,354.32598876953125,359.73404456313267,351.3761401548396,358.40660668503904,49100,12062,56.71891164207901
2024-02-27,349.55706787109375,356.44004811046835,348.5737849797545,354.3259958955715,63953,12328,51.80708426718766
2024-02-28,339.6258850097656,355.94838606274374,337.5118329172287,355.94838606274374,128372,14169,59.76706844793619
2024-02-29,337.46270751953125,347.3938409282783,335.20113881669147,340.117553378413,130748,13125,51.97526015973381
2024-03-01,337.26605224609375,343.85406002179656,335.6927935227632,341.3466704919033,99562,16487,56.22087724605361
2024-03-04,364.5521240234375,370.6976419604476,340.265025133409,344.0998523320327,435706,13882,53.679519981613325
2024-03-05,370.3043518066406,377.33481864771477,366.81367945379037,367.74781022604645,361258,10987,64.22133610352745
2024-03-06,365.387939453125,372.7133792102882,355.99756955292025,367.8461467556791,160728,7973,60.64848356795625
2024-03-07,368.4361267089844,375.6140801112869,366.3220443987621,366.76453372123046,144433,9099,68.12938604229666
2024-03-11,356.7842102050781,370.9926302624794,353.78517932252373,369.9110430664698,130062,14208,51.85568160154755
2024-03-12,353.0968933105469,375.26991057190764,345.5747851713601,354.080176204752,187652,4063,75.5640104326109
2024-03-13,330.7272033691406,365.33874281182153,327.7281725745302,356.24337615313016,195283,12978,47.2178161010808
2024-03-14,327.8265075683594,343.16572656231193,321.5335031113926,329.5964347642456,128722,11272,46.43601356354979
2024-03-15,334.0703430175781,342.13327426335076,324.4833353813121,327.82649101709194,175365,9017,61.31175188305531
2024-03-18,326.8924255371094,338.74097296589724,323.50008738978283,334.0703789990235,90589,5770,53.52560022206515
2024-03-19,316.1254577636719,329.20310855466255,313.37227759948854,326.89241770602194,113550,15158,69.6641042837195
2024-03-20,313.96221923828125,320.6977131320361,308.3083425403885,319.27197092571083,90716,17834,71.10846038795859
2024-03-21,325.6141357421875,328.3673459461896,315.6338200202873,317.60038587711153,101894,8586,58.93553474776148
2024-03-22,330.383056640625,335.9877812116008,324.18838633157844,325.6141285418001,87260,13656,61.65319342573221
2024-03-26,313.17559814453125,333.0870765194975,309.3408009034276,331.3171793335765,223340,4993,45.74160364941871
2024-03-27,310.5207214355469,321.38601526170265,307.7675413750923,314.65052153364076,232575,5032,52.639519292967
2024-03-28,306.83343505859375,317.79706404685635,304.8668691424806,315.1913402020748,135941,17737,74.01909277195878
2024-04-01,327.2857360839844,329.7930956048594,307.1284355982062,309.7341294156166,138545,7868,51.32701782040009
2024-04-02,332.3496398925781,336.7744132047574,326.99073576708406,327.62989369588604,75227,14545,54.86064762762881
2024-04-03,341.9366149902344,345.8205942950291,330.628862086172,332.3496070933119,134802,3571,74.50446588947983
2024-04-04,347.5413513183594,350.7861728696193,337.2660330603487,344.14901332688646,86003,9987,55.88852734767829
2024-04-05,348.9670715332031,350.5894822066498,339.2325774851125,344.0998395128631,108516,13907,55.58965586907378
2024-04-08,342.919921875,353.9818548387097,340.56004884422464,351.22867463737407,70345,16910,55.59494968134147
2024-04-09,351.42529296875,358.70158023078113,336.28274271913676,342.9199021149092,154783,15628,48.827013646388544
2024-04-10,350.14703369140625,357.81662802368845,347.98379938875655,357.4724730199835,118380,13328,51.712857794580984
2024-04-12,341.6908264160156,348.96711427202484,340.2159019854429,345.67311037559625,51590,5330,61.69346638591516
2024-04-15,331.6121826171875,336.9219046694712,328.4165129551983,334.31621079271684,62400,11327,61.48971732540032
2024-04-16,331.1205139160156,335.84025979514973,329.39976885483367,331.51382107137476,39618,13249,66.0687984763916
2024-04-18,326.7449035644531,339.0851222621636,325.6633163542413,332.3496282328843,116160,5401,45.08540790731808
2024-04-19,326.15496826171875,332.15297028285505,321.4843742242479,326.3516068483215,52208,12682,60.75781157373518
2024-04-22,334.3653259277344,345.5747745841856,328.02316945885974,330.4321944714109,189881,4576,45.88434135552448
2024-04-23,326.6466064453125,338.249333197373,324.4833719625962,336.2336151623892,177759,17281,63.558372962018396
2024-04-24,331.26800537109375,334.11951979994797,325.4666422212014,329.30143955706836,117300,13110,68.01733018853983
2024-04-25,342.3791198730469,347.9346622904786,330.9238500121871,330.9238500121871,312474,14186,45.88555247991322
2024-04-26,339.42926025390625,345.279775352278,338.24930880163345,344.6406474853852,68507,16768,57.48761066031226
2024-04-29,352.16278076171875,368.5344357950183,341.19918192609504,343.067413520173,823001,14635,50.52502913470302
2024-04-30,354.2276611328125,358.1116405513905,352.0152746302481,354.62096828734144,121168,7975,45.83255059257261
2024-05-02,351.96612548828125,355.26009919201954,349.9995596914643,353.9326912850982,64026,9926,68.71586238225242
2024-05-03,347.7872009277344,357.8658514408214,344.1490419102882,353.8835373799819,66412,9903,67.58312935795588
2024-05-06,345.9189147949219,352.7035908614134,342.18245175004176,351.523639369655,68821,3253,57.01966877877582
2024-05-07,325.4666442871094,340.215887985921,324.2866927882392,332.3496246798881,161088,15469,75.15198296286145
2024-05-08,323.6967468261719,332.005469433073,322.5167953281038,327.0890548701446,52641,8850,75.73370750071525
2024-05-09,319.96026611328125,326.8432467672559,319.566958934537,325.4666566379438,37440,7813,52.279059091360025
2024-05-10,318.6820068359375,324.6800387710524,315.43715512968816,324.4342180360675,33797,6940,59.06946571275502
2024-05-13,323.5492248535156,326.4499213990323,314.6505266496697,318.6328103746145,52270,12235,69.73943472359704
2024-05-14,321.9759826660156,326.8432147906942,319.56692766984764,325.9582662232446,47346,7993,49.66312318352791
2024-05-15,322.2218017578125,326.15493315549145,321.23851890839273,322.0251331849641,27011,9933,59.57635380454894
2024-05-16,318.239501953125,325.3191507775736,317.5020397842204,324.1883814534024,36081,11699,51.122529111701816
2024-05-17,325.958251953125,328.9081003870899,318.73111728842895,321.3368107369493,56636,8681,62.158043917028024
2024-05-21,323.0084533691406,329.54727907208627,320.5502459614607,329.3997926291084,31340,7346,72.9593778080407
2024-05-22,321.7301940917969,326.8432474408383,318.3378559023811,324.23755361794645,31688,5842,70.2872373100503
2024-05-23,320.05859375,323.6967525943633,319.66528657943974,323.4509318618364,23679,8858,60.52723710130523
2024-05-24,320.8451843261719,325.4666257583333,318.58364575740177,318.58364575740177,48461,13914,69.95586672011737
2024-05-27,318.0920104980469,323.30339773971775,317.0103933325835,323.30339773971775,34610,8440,51.40292478781397
2024-05-28,314.60137939453125,323.45092559401274,313.6672486260652,318.0428695832185,39849,6716,64.30489488753038
2024-05-29,315.1913146972656,319.0752940702692,313.2739310886558,315.1421625563059,28457,5226,49.7840284877002
2024-05-30,307.9150085449219,317.7970188731469,305.80095648708806,313.17557762423644,60624,11632,58.76976563213442
2024-05-31,303.1461181640625,311.74984388239363,299.9996307629497,310.32410162494716,68670,6595,50.91406812242765
2024-06-03,303.8835754394531,320.1077436737191,302.0645260372995,311.7006866825648,164105,4701,56.011862884969176
2024-06-04,286.77447509765625,306.83344188692394,270.40281948315896,304.8668759270464,151628,4301,45.929336025705105
2024-06-05,301.2287292480469,303.8344229906588,285.5453546343986,294.98487668996006,76113,4643,64.51830064709534
2024-06-06,308.40667724609375,312.0448359986716,302.85113483262717,304.12939060655293,69263,8284,67.91933868966896
2024-06-07,320.8943786621094,330.82554189929687,307.3742388610258,308.75082891201725,228792,15303,46.78886862178951
2024-06-10,318.1903381347656,326.4007559820851,315.7321309952934,323.40172526748216,95679,17443,57.1448153435226
2024-06-11,334.61114501953125,338.2984557419361,318.3378257009492,318.6819807031893,268540,10945,71.52129898822297
2024-06-12,338.79010009765625,342.28077228279466,336.5285615046801,337.216871515105,195675,5948,48.824790698693015
2024-06-13,364.2571716308594,369.7143798625675,348.7704655594885,354.031005203198,1342081,13074,53.27805935962109
2024-06-14,365.83038330078125,375.4173913755334,363.8146654008495,367.6986447776883,517670,8077,58.772508549395994
2024-06-18,353.3918762207031,368.5344272203937,350.0978724300042,368.5344272203937,226409,17655,48.807117908943184
2024-06-19,355.7517395019531,367.7478028270851,344.44398620646786,353.9818422934509,823293,17528,65.83003187519716
2024-06-20,353.34271240234375,363.76551703426765,351.3269644740845,356.9316889481359,263253,6827,58.004293003975214
2024-06-21,352.6543884277344,363.1755269339545,349.1637463104599,354.5226198427181,271120,16870,49.38929682825665
2024-06-24,340.5108642578125,355.1618038175567,330.3830621531082,351.03200353767744,237241,16307,61.07934406203088
2024-06-25,344.83734130859375,352.4086019914944,341.54333743664085,342.9690797044854,181827,6368,50.76989739503169
2024-06-26,340.60919189453125,346.6072236095406,339.2326018306142,345.1322992537553,99866,12751,76.85049060707175
2024-06-27,338.1018371582031,343.9523525124362,334.2178576314075,341.49414521887275,105468,6052,67.13083275248982
2024-06-28,339.23260498046875,350.0487170233243,337.7576806109885,341.69081226293594,119616,9564,67.2868464785112
2024-07-01,340.21588134765625,345.1322958179981,338.1509812686302,340.8550092273182,67418,9181,46.40704467290362
2024-07-02,338.2492980957031,348.62292008956916,335.3486017049994,341.1991466256075,117681,8082,60.43906261759506
2024-07-03,340.21588134765625,346.90219302435617,339.23259845358785,339.92090848240076,123482,15436,77.52623562080547
2024-07-04,344.59149169921875,347.0496988592719,336.3810737831588,341.93661596339666,317005,9082,55.054254984434664
2024-07-05,343.2640686035156,347.0988659367449,341.0516820642587,345.8206101614728,120892,3867,74.99811824533921
2024-07-08,338.44598388671875,345.32896414002,336.2335973767291,340.7075225384099,124006,3481,73.05379892079034
2024-07-09,336.82354736328125,346.5088899864469,335.59444373108795,339.7733960805451,519126,7805,78.23263484988661
2024-07-10,331.6121826171875,339.2326256573156,327.92487146873844,338.20019053871584,133456,15246,45.638229588093225
2024-07-11,340.21588134765625,344.1490129239297,331.7104903154474,334.2178496923567,212363,15797,75.23521734789406
2024-07-12,338.4951477050781,346.0172560970416,337.2660440460183,341.5433307810292,112057,10568,52.52095202085394
2024-07-15,337.3643798828125,343.16574317861875,335.49614831398185,343.16574317861875,85870,8294,46.95982306489515
2024-07-16,337.41351318359375,345.13228976821136,334.80781956147,336.774385315135,132055,8444,73.07448484601139
2024-07-18,331.169677734375,338.83930256765706,329.39978046914797,337.41353032086994,127534,4860,67.14661969521336
2024-07-19,322.025146484375,332.74292398420454,320.55022214933206,331.36633393964695,83624,15545,75.83214936616992
2024-07-22,320.0094299316406,327.0890487656828,314.8963468786553,320.50107137875796,109276,4290,70.48322563603045
2024-07-23,314.1589050292969,324.23755534713814,299.95045428556944,321.681013655276,131595,7141,62.73749041243727
2024-07-24,322.7626037597656,326.4499145414842,313.4214164460786,313.47056858687006,95521,15175,60.817991956777284
2024-07-25,321.4351806640625,329.7930854871189,317.60038327614285,318.5836661965024,141206,13744,46.643164880441326
2024-07-26,322.6151123046875,327.43319231626737,319.66526372526164,323.9917023069372,104892,9661,78.35741100558592
2024-07-29,327.2365417480469,333.87370141697517,325.9582859629222,326.7940824412329,95210,12112,64.16816854580976
2024-07-30,329.7930908203125,333.2345810972245,326.5974212774656,329.1539629132259,99385,9891,70.1462726394742
2024-07-31,338.5934753417969,344.5423249317136,330.2847227669552,331.6121606941222,346993,14549,47.42762694417537
2024-08-01,328.2198181152344,341.93662649372027,327.48235594450745,341.29749861390616,121040,7374,67.09909802415457
2024-08-02,321.6809997558594,328.26900729168176,321.23854044839896,327.4823629549524,107832,11389,64.25895013764779
2024-08-05,307.8166809082031,319.56692284340977,305.11265309952813,319.56692284340977,117892,11340,62.80509227983209
2024-08-06,303.9327392578125,316.37126148568177,302.8511221059518,312.6839507457554,55662,13232,69.35699196288842
2024-08-07,313.37225341796875,317.35453692090573,304.1785528534797,308.7508120624769,63576,12511,51.420526950967755
2024-08-08,316.7154235839844,325.5157874092898,312.58562345979465,314.6505235218895,190398,17397,54.39497650644976
2024-08-09,314.5030517578125,319.22279782778867,312.9297930653492,316.76459049813155,46820,13682,62.71657323422808
2024-08-12,318.2886657714844,320.55020428958153,310.47155522832935,313.66722444287274,115035,16429,49.204366675766906
2024-08-13,318.92779541015625,330.3830345038215,317.5512054345392,324.43418532003545,234449,3763,76.90817362839158
2024-08-14,313.7164001464844,321.18935625715307,312.73311723738095,321.18935625715307,64405,8845,70.5527076440481
2024-08-16,315.2405090332031,319.5669478643455,309.7832708421487,309.8324529924219,103778,8298,63.93757815191474
2024-08-19,325.5649719238281,327.62987200092806,316.1746022897871,318.28868451599214,132634,7380,58.87826996565332
2024-08-20,340.21588134765625,343.95234434215104,325.3683036457413,327.4823558665058,365833,8913,70.16169414753978
2024-08-21,339.23260498046875,343.8540466744723,336.38109053428946,340.21588789345566,122316,11276,71.48828920222992
2024-08-22,337.7576599121094,346.3122327338085,335.79109420665316,340.26501918360157,146629,17615,55.39786599145551
2024-08-23,331.26800537109375,345.1323003614553,328.9572845381313,341.1008344412207,204992,10426,62.70921154628465
2024-08-26,325.6141357421875,333.4803991694844,323.450931304129,333.1854262939262,63931,16952,62.1968911507648
2024-08-27,327.1873779296875,329.79307155709665,321.58265351740874,321.58265351740874,65518,14310,56.21044732932499
2024-08-28,331.26800537109375,336.08608561397335,327.18738730847366,327.18738730847366,167929,11472,65.62720486658789
2024-08-29,334.5128479003906,340.7075180436744,328.9081234793913,333.0870757209082,228577,16505,53.4741684405348
2024-08-30,345.0831298828125,358.3082662749577,342.2807677452494,349.2620820155646,1964958,8857,67.98938949971298
2024-09-02,348.0329895019531,354.86678755519176,344.1981622406311,351.52363174428103,174061,7611,60.31816932714173
2024-09-03,337.954345703125,349.50791981129163,335.59444273042027,348.96709621029146,128359,15932,71.0293141812812
2024-09-04,339.13427734375,345.1323092321736,334.02122410031416,337.2168936302417,116060,4915,73.28941455370858
2024-09-05,336.7252502441406,343.41156214259144,335.2994779974909,341.19917555756405,71732,13421,64.16125010270008
2024-09-06,328.2198181152344,337.7085220511842,326.49907305020486,335.20113266626515,107056,8838,68.83299874490345
2024-09-09,337.9051818847656,348.47547366354394,321.58267881093667,329.35063817057505,155201,7704,63.008286595292304
2024-09-10,334.66033935546875,341.3958331885211,333.33290144557463,339.2325988162928,48445,11811,59.406994044767806
2024-09-11,334.1155090332031,339.4150052599982,331.8372356266545,336.7900301882463,74369,13072,63.103053885534436
2024-09-12,344.0706481933594,346.6461074408733,330.9952583087253,336.4928784729403,121386,4025,63.59760955131101
2024-09-13,336.9385986328125,346.8937335631406,335.84897781359564,345.2097713671274,82805,17112,45.2880416743168
2024-09-16,342.63433837890625,351.5989151087896,340.00936317956644,341.74284136037994,130876,17593,76.95180999250417
2024-09-17,337.2853088378906,341.7923397863784,335.799470472966,340.0093458402524,46761,7892,68.11936006148377
2024-09-18,335.7994689941406,341.7428224276652,334.80891008855315,337.5329470789186,82750,16219,47.07714002974742
2024-09-19,330.3018798828125,342.48574235642,325.39860119763983,337.78058754458203,133358,11751,54.81907611278103
2024-09-20,350.0635070800781,350.6578484623467,332.33250892406016,332.33250892406016,775456,3864,77.70961756090497
2024-09-23,356.2545166015625,362.7426957939884,350.70738049359426,353.6295414573648,438512,3198,57.639470968782234
2024-09-24,350.3111572265625,356.6012124362606,347.88430600182465,356.05641712015563,125407,7614,64.83764625270287
2024-09-25,347.1908874511719,361.55399121163407,343.7734472232787,350.2120799434859,282863,9971,55.43923595969534
2024-09-26,345.06121826171875,348.6767524041079,342.53527478702415,347.83477124587637,61189,14532,64.31852077084488
2024-09-27,357.98797607421875,371.4595829967941,350.6083304963574,350.6083304963574,935175,6032,78.77136130484999
2024-09-30,367.7449951171875,369.2803493349841,358.63184105886353,360.51392717030313,474586,17589,75.90989992486932
2024-10-01,387.259033203125,392.26134380378824,365.51625218080267,370.17189133288423,1020493,9042,48.10462863537716
2024-10-03,383.148193359375,391.81558425311243,377.6010873709514,386.21893217904835,479790,10113,75.79847641797191
2024-10-04,376.70953369140625,386.7141845240721,366.2096336433089,382.80149504711756,325676,8558,49.56831595860682
2024-10-07,353.0847473144531,390.9736268831643,344.7145121545487,378.145876479882,311730,8501,52.65363382015756
2024-10-08,361.1082458496094,365.21908959278966,346.69562550949837,348.18146390453904,312993,7163,61.06522398161512
2024-10-09,359.7710266113281,370.46905129490483,356.8983814417832,363.8818402522645,157648,10569,67.05206988204759
2024-10-10,352.2922668457031,361.5539986093972,349.17201235565074,360.61295556232903,145146,5542,51.07902395511349
2024-10-11,360.61297607421875,364.52569604474405,348.72626859449883,353.08475218729774,129826,3366,57.03836307190787
2024-10-14,358.8299560546875,362.4950360205973,354.5210188594849,361.6035088406216,84250,12751,54.08486677019229
2024-10-15,363.8818359375,371.4596058509677,352.2922841431658,360.46439547188703,137196,13318,61.62152643247663
2024-10-16,345.95269775390625,365.21908055811207,344.7144991220025,365.120018621668,226557,14051,75.38378583652116
2024-10-17,333.12493896484375,349.46916047074427,330.1532623274073,348.627209607037,154220,5955,70.50462004357765
2024-10-18,332.5306396484375,336.5423911598843,324.9033239159442,333.76883829140985,97222,12232,77.92835220293244
2024-10-21,324.65570068359375,334.2641347330618,323.16986223652924,332.53065654481986,92454,4256,58.995881014072864
2024-10-22,310.1440124511719,325.9434095232187,306.8256339317644,325.3986141939778,136255,7865,76.7404438240289
2024-10-23,311.6793518066406,316.1864129388463,302.1204644685281,310.094451520914,101241,11799,46.90499567210992
2024-10-24,307.0732727050781,315.19586813938355,304.10159587244834,312.5213468982327,73689,7604,54.85217652327806
2024-10-25,298.0096435546875,308.95530703037053,295.28560664875704,308.01429423690564,97518,16360,76.20849922034161
2024-10-28,298.1582336425781,306.42940663503316,293.50259464674093,298.25729558004554,83372,14022,51.86276228361303
2024-10-29,305.0426330566406,306.52847144419474,298.6535158983742,298.6535158983742,52581,15986,78.97406708600434
2024-10-30,320.5943908691406,323.7146454451624,303.3091557203423,305.09214969822347,129158,15413,72.46101514604064
2024-10-31,320.00006103515625,325.2500416788619,317.07793023079734,320.99061999855803,43764,7687,53.31161054003178
2024-11-01,320.6439208984375,323.6155975324195,319.207598433563,320.49531288317206,14253,9502,72.30719053568495
2024-11-04,311.5802917480469,321.18872522672075,310.54021698867217,320.2476821743655,33862,6281,67.72089802764795
2024-11-05,318.3656311035156,324.20992269042245,311.03550113538876,314.4529415039785,65769,15982,73.7029667452318
2024-11-06,318.5637512207031,324.30898080184835,313.71001861187915,318.3656273470944,118474,11801,52.69449455144614
2024-11-07,317.8208312988281,322.7240797499078,315.7406515486161,319.95052690259763,36975,12728,60.80457747583095
2024-11-08,315.93878173828125,320.54487470118767,309.5496645697773,317.8208376529736,53186,13252,49.779222974004526
2024-11-11,306.4789123535156,313.21473089557304,303.8044215070974,313.01660702719033,46729,11818,59.927426578714616
2024-11-12,302.0709533691406,309.89636275558564,300.3869911210313,307.96476077860495,26241,16745,68.6742637225401
2024-11-13,288.4507751464844,300.63463800515655,287.3116081829958,298.15824065750286,56381,15233,63.24565894200411
2024-11-14,288.8965148925781,293.4530921584838,287.26209865303053,292.21489345739315,31923,9076,58.91835052716034
2024-11-18,282.259765625,286.8658583821597,277.35648706545254,285.7762375656538,70895,12498,59.88478536156089
2024-11-19,279.5357360839844,292.01675414812007,278.44611523868997,285.23144980813447,41000,10463,51.441838895515666
2024-11-21,270.4225769042969,281.1701469040773,269.43201801453756,278.8423274672512,73902,4466,72.31333586463995
2024-11-22,274.2362365722656,282.85408083509424,269.580597666417,270.4225787744269,73153,3620,59.521352090330545
2024-11-25,279.8824157714844,284.48853901562273,276.8117072480052,276.8612231031091,45628,5667,71.61448905980056
2024-11-26,289.5403747558594,291.02621321043165,278.6442260889963,278.99092777428865,76991,8691,59.06021881805975
2024-11-27,290.5804748535156,296.4247666292189,288.99557448312316,290.7290526505455,94965,16188,66.27126526634515
2024-11-28,289.0450744628906,297.1676695215977,287.75735998674713,291.323378066898,61693,4967,49.19495876557151
2024-11-29,292.9577941894531,294.1959928124009,286.37058356126244,289.0450744491546,50383,5701,74.01640323947932
2024-12-02,289.6394348144531,295.23608691104033,287.46022323293397,295.23608691104033,60006,7309,63.426262088828494
2024-12-03,294.79034423828125,298.8516419057753,290.23376710473815,290.38234489866096,55835,7894,63.38440198242634
2024-12-04,293.99786376953125,298.0591612272537,292.51202544812975,293.205428756567,32562,14436,51.524905190681594
2024-12-05,294.1960144042969,299.04974731659007,292.2148964621804,295.0379955755885,51934,7234,60.41276477338215
2024-12-06,292.8092346191406,297.7124833334183,290.1842594210574,294.88941448101315,59789,3937,70.9083782196572
2024-12-09,293.7997741699219,295.9294697473163,292.1653580398033,293.6016502992282,26936,4221,46.75901922068961
2024-12-10,293.35400390625,296.4742583072578,289.7879859210449,294.54268664447096,87470,17416,71.70465845650477
2024-12-11,289.58990478515625,301.22897203395513,286.56868195736706,293.99787381830254,115803,12745,64.34220446883006
2024-12-12,287.5097351074219,291.2738470239348,286.8658778361052,289.2432132691376,41177,7085,69.52138714901727
2024-12-13,284.488525390625,288.89649431485753,281.7644884422552,287.5097179143064,39040,10006,46.35721378085182
2024-12-16,279.3376159667969,288.3517082016882,278.3470570449288,285.1819075599267,105966,13521,65.00073981450315
2024-12-17,270.5216369628906,281.41778467467014,269.23389227746003,279.1890271881698,88695,13806,66.62276718142873
2024-12-18,267.5994873046875,274.2857600424865,266.41083473342104,271.9084246704943,75542,11971,73.54906768027806
2024-12-19,267.0546875,271.46265650056944,262.4981104797429,263.4886693872136,99915,17103,55.72298746874647
2024-12-20,263.2905578613281,272.50277427050145,262.4981227899727,270.4225944213681,76715,12592,69.52402014856767
2024-12-23,260.66558837890625,266.2622405450609,260.17030889111453,264.08302893645373,43067,10218,48.07818059780829
2024-12-24,262.7952575683594,264.03345616268723,259.7245492379926,260.5169842465793,39414,17575,71.94025053141698
2024-12-26,258.98162841796875,265.17262134984355,257.89200761606725,264.72685776696545,28601,12437,63.96204713604798
2024-12-27,256.6042785644531,260.8637000984686,254.27648926397458,258.53588056853056,45052,16004,76.27042054595022
2024-12-30,255.4651336669922,267.45090237486875,251.40385125532248,257.09954980228025,50626,9148,77.42307404792032
2024-12-31,257.4462585449219,258.1396618841607,254.57364370849996,255.46514069505028,34535,4125,62.90965598858988
2025-01-01,263.78582763671875,266.1136471387201,258.68445525751935,259.17973471626607,43940,14380,74.72168927376049
2025-01-02,259.92266845703125,265.6679286378364,258.53589194078893,265.61838255151224,27026,13810,66.23352379096193
2025-01-03,259.1302185058594,265.42027366918546,257.54531819415735,260.9627585465943,51196,4921,69.0010711132509
2025-01-06,251.00762939453125,259.922659856109,249.62085292417777,259.922659856109,50787,7369,46.847465276063026
2025-01-07,251.00762939453125,253.08780921479135,249.22463539399962,251.75054859966272,32700,4776,69.71675169820394
2025-01-08,248.92745971679688,253.28591292061827,247.73879203527554,252.2458230312635,28329,16816,56.67241073722482
2025-01-09,248.48170471191406,252.8401578014838,247.63972360576278,249.62084139460887,31108,15717,54.64243020025701
2025-01-10,240.26007080078125,248.48171291899018,236.99122331827292,248.48171291899018,50772,13542,73.75606370405902
2025-01-13,216.78382873535156,240.40865024062202,210.7909441621601,239.71526200982058,206856,3021,57.79887716265142
2025-01-14,224.06442260742188,227.38280100460335,216.43712201695558,218.91351929403746,81694,17345,69.36334471979049
2025-01-15,218.0220184326172,226.44176902456252,217.4276770508235,221.09274193260677,68091,3464,75.48209814459283
2025-01-16,228.472412109375,230.45352997761924,222.2319029161895,224.75781610641707,180371,8901,45.09069265417147
2025-01-17,227.03610229492188,228.22476998044647,223.37103730008374,226.88752450225493,38173,17447,68.23197259674492
2025-01-20,235.05963134765625,246.8472762796998,233.27662229443442,233.27662229443442,186424,7022,77.20852306009772
2025-01-21,227.58091735839844,240.06196609728636,225.84743920659344,233.9700195235337,101842,17140,66.1713476124624
2025-01-22,221.29086303710938,228.07619787986155,217.92296865828249,227.5809184056382,55417,14855,78.36911988788859
2025-01-23,219.60690307617188,223.32149891682002,217.97248695217837,217.97248695217837,31456,4401,78.4486661075205
2025-01-24,215.64466857910156,220.894633749456,214.9512803750312,220.34982333385454,54214,5108,63.802371866683714
2025-01-27,205.93719482421875,214.70364737179645,203.06457998255257,212.62346757974183,71371,16241,69.68129454056763
2025-01-28,204.35231018066406,209.40415165232238,198.21084784065388,206.0362573378835,53867,3245,47.22346595585304
2025-01-29,215.9418487548828,216.9324076941254,202.2226014004811,202.2226014004811,64624,12976,59.0816569648302
2025-01-30,213.66355895996094,218.41824486430679,211.13763065627128,214.65411789358592,45096,4584,60.931883017797816
2025-01-31,220.30029296875,224.8073389796303,213.61402040423187,214.95128096302722,64135,17193,63.97698793655323
2025-02-01,222.5488739013672,225.8474369655527,218.17060522659204,218.17060522659204,37322,4039,72.2325815708833
2025-02-03,215.71401977539062,220.8946386836956,215.44656463544302,220.8946386836956,28255,16536,54.4531924941555
2025-02-04,214.81260681152344,220.27058098933088,213.5645080205069,215.54562584958495,59417,13999,74.41230509432422
2025-02-05,218.071533203125,222.87574985704632,215.44655819514477,215.44655819514477,51539,5055,50.19538953221302
2025-02-06,215.8130645751953,221.31066954074961,214.67392787622228,218.71541003698843,42855,16166,57.07138821489597
2025-02-07,211.24659729003906,217.45740616966194,209.99849844811257,217.44750602141534,39533,10666,50.82521475325836
2025-02-10,207.3636016845703,212.36592727762294,206.03625635290882,211.26640626653506,31666,7586,53.55117644444363
2025-02-11,196.64576721191406,207.02682078770923,196.13067232519822,206.68011910891911,48551,5961,67.34520452611929
2025-02-12,200.61790466308594,202.66836896232562,188.503372832317,198.58725577514141,119858,10526,57.87573909736222
2025-02-13,197.1806640625,203.500435060913,194.991537226223,199.12216627362872,120098,14933,77.40625515814003
2025-02-14,190.1278839111328,198.02263981186806,187.6217710212348,196.5268861504547,35519,15836,73.68193985967585
2025-02-17,191.42550659179688,194.76368523355364,185.10573600059107,188.2160903284637,65142,15014,74.06236016586658
2025-02-18,190.95994567871094,194.15944672954075,185.878373627894,191.1778698483382,48696,11115,51.45538073773592
2025-02-19,198.0424346923828,199.87497471317974,190.17740968024364,190.9599445649925,54802,9640,53.43842418376824
2025-02-20,204.5504150390625,206.6801106509624,195.14010538835504,198.09196670982112,76232,9245,64.08254905406903
2025-02-21,206.10560607910156,212.77206351894205,201.47968252433893,202.1730858747225,47547,11799,68.11025075826586
2025-02-24,202.91600036621094,206.62068104552012,199.10234248662016,205.04569599368344,34900,4151,67.7313863276838
2025-02-25,195.08067321777344,205.03579323845537,193.25804845965334,204.0551344809579,45307,5254,77.43442694229951
2025-02-27,188.6915740966797,195.17972293036567,187.71091532465718,194.14954830413092,41144,7705,46.98275838888902
2025-02-28,184.29348754882812,187.800059426816,181.37134179805,187.21563329960625,37347,11131,70.61447268825889
2025-03-03,175.98269653320312,188.31515172637552,172.3572473577972,184.29348503971693,96877,14497,58.62543793188358
2025-03-04,178.9345703125,184.14490501194052,169.89076215164425,169.89076215164425,131073,6259,58.167019637343714
2025-03-05,186.94818115234375,188.20619521564632,178.93456309938108,178.93456309938108,127595,11807,70.43354554323801
2025-03-06,193.61465454101562,194.793406967889,186.92838178310552,187.31469916008447,89319,6347,75.0031884940533
2025-03-07,194.89247131347656,196.82405822222705,191.48494614381937,192.06937229048978,73673,14458,71.5050207331268
2025-03-10,185.2939453125,196.64575695066196,183.94678460466073,196.21980876423981,77794,13783,75.73578949630107
2025-03-11,180.4501190185547,183.25340261283208,178.3006079476204,183.25340261283208,54054,7124,74.21507322190618
2025-03-12,179.98455810546875,184.1052869630216,179.27135445263343,180.46993743203808,120354,6784,68.9744740203932
2025-03-13,184.75904846191406,191.6632451368957,179.95483179778049,180.9255752782083,133228,9890,71.0140069610468
2025-03-17,190.6033477783203,192.16843270379923,184.7392407178276,184.76895627659312,100434,14819,69.33826984066793
2025-03-18,228.7200469970703,228.7200469970703,192.0396516528451,192.0396516528451,778067,4504,53.45777926877584
2025-03-19,250.16566467285156,254.17743142449334,234.26719057692603,234.2770907250768,1618613,13896,67.87515705793584
2025-03-20,248.95716857910156,258.53587126786374,243.67748786166467,245.678421059157,372802,17835,77.24185922262669
2025-03-21,256.9014587402344,258.5358748919353,239.81431758358346,239.81431758358346,218866,11714,72.65321153702162
2025-03-24,249.52178955078125,261.8047142924985,247.74869570853494,259.4273788956274,127286,15586,76.10239199392944
2025-03-25,257.6542663574219,260.4179342104694,245.6586123376858,251.800074623182,202678,4621,63.03848077645534
2025-03-26,253.76138305664062,263.48867914323966,251.60197181346942,254.573648645912,117505,15338,66.51501604125174
2025-03-27,251.83970642089844,259.4273762958172,247.23359835286647,254.54392805281714,110407,5901,74.60894195329666
2025-03-28,257.9217224121094,266.8565525024291,251.18591909915403,254.41513556159157,195064,9574,57.51594227934793
2025-04-01,261.3589782714844,269.2834496673712,256.50524558739556,259.5264382152937,116548,17934,64.37758466359412
2025-04-02,268.1938171386719,269.4815315927068,254.62314837172778,265.3707182807942,107945,8721,45.184962835324505
2025-04-03,270.769287109375,274.38482112524173,264.182076330419,264.182076330419,74028,3944,58.872890199613416
2025-04-04,260.5169982910156,272.89898490180536,257.49580564976674,272.849469047146,85983,5595,54.85925417145121
2025-04-07,247.8378448486328,250.80952168162537,233.77191086208074,233.77191086208074,66476,15997,73.69952046182172
2025-04-08,256.95098876953125,260.1207895406113,253.88024994057125,260.1207895406113,28864,14919,78.47148511147161
2025-04-09,251.3543243408203,256.9509761570985,250.71046709283416,254.57364081021015,20724,3539,66.02037099663691
2025-04-11,256.2575988769531,262.84480949948573,254.07835721065337,262.399045903824,29626,12647,56.53708990263705
2025-04-15,279.38714599609375,282.80458654170957,258.5358917246452,258.5358917246452,167817,15039,71.80088409993324
2025-04-16,278.44610595703125,283.2998384012307,273.6418893648251,279.38711875110886,67683,13041,73.30154251798692
2025-04-17,277.90130615234375,285.4791064348878,276.3659518449892,280.32818771373456,70347,11285,70.5857008616355
2025-04-21,289.4413146972656,293.75022160998225,277.40600021028865,277.40600021028865,111568,12912,59.4531766349235
2025-04-22,300.4860534667969,308.55910259308365,285.77624750595385,290.23376263169666,174226,7061,72.82430757132849
2025-04-23,304.3492431640625,307.5685598126653,293.65121839279755,305.09216239066313,87808,16421,72.12553627093598
2025-04-24,308.1628723144531,312.9175428266208,302.1204571260407,305.09213375351,124879,6006,65.55958713145208
2025-04-25,288.6983947753906,311.03548520381804,273.93904342769423,309.0543674636663,195163,13184,69.3887957989399
2025-04-28,289.3422546386719,301.12989925438274,285.1818952545584,291.12524852931597,61967,9820,61.51650059299781
2025-04-29,293.7997741699219,296.17710947095424,289.3422591444393,289.3422591444393,36100,14785,68.94329147344327
2025-04-30,281.9130859375,292.16537721486833,279.634782192829,288.25265723281063,47428,14109,57.055523281161
2025-05-02,282.0616455078125,292.11581225175155,281.02157075926857,283.2998441272498,39355,12622,65.70804044800599
2025-05-05,283.349365234375,287.1135072449377,277.4060117508688,286.17246418493227,61306,5674,75.04410464460767
2025-05-06,273.44378662109375,289.8375554151659,271.85891648138494,285.92483546279186,35992,3766,70.52448060338705
2025-05-07,269.2339172363281,275.07823937072783,265.2221654805082,269.332979179692,140442,10228,57.57599383689601
2025-05-08,267.89666748046875,278.2975359647771,267.30232609261657,268.19382305966553,63804,3450,78.1817517191999
2025-05-09,273.1466369628906,274.78105322339474,260.5665259067229,265.4698049176961,53288,13984,72.1588618470151
2025-05-12,286.9649353027344,291.1748107726914,281.516861165143,282.25978036572366,66867,10362,66.77188696965653
2025-05-13,291.6700744628906,294.3445653026381,284.290398711183,284.290398711183,55239,8595,65.91794217664437
2025-05-14,300.33746337890625,305.33977361232087,292.21486850165337,292.21486850165337,127769,8276,62.603814550472904
2025-05-15,310.6888122558594,317.96942666941567,302.219545226075,302.219545226075,173719,11249,69.75619318903107
2025-05-16,314.898681640625,316.58264393394114,308.0638309861805,311.2831475479332,72688,16141,75.03221667281807
2025-05-19,322.0802307128906,325.9434045020264,315.9882993266235,315.9882993266235,188892,8047,66.2696738896103
2025-05-20,315.4435119628906,325.3986173894127,313.85861158572595,324.3089964907707,92379,12631,51.25430747729029
2025-05-21,316.4340515136719,320.2972251633362,312.52133178151763,315.0472448752901,89609,9430,60.02592871603972
2025-05-22,319.702880859375,324.30897363918774,311.4317081049604,317.96940280669054,62385,16194,48.126800291636464
2025-05-23,323.7641906738281,325.39860685414425,316.83027819900616,317.7217751855914,111010,16731,63.086733982725896
2025-05-26,307.56854248046875,327.3302048862148,306.18176604818774,323.9127645446482,235261,13739,61.76972754400853
2025-05-27,304.05206298828125,311.0354910620634,302.12046106346924,311.0354910620634,101091,12352,48.33046037715394
2025-05-28,306.9246826171875,312.37275659215,304.44828535584094,305.5874220501686,92830,8113,63.264687892069375
2025-05-29,307.0732727050781,310.2430734183339,303.4577386046039,308.6086269768195,50361,3407,58.173397865581414
2025-05-30,304.2997131347656,307.4199676952715,302.16998726746635,307.07326602644656,39481,8400,72.17216238977669
2025-06-02,310.73834228515625,314.9977335081049,301.5756723639299,305.7360016499465,87975,15488,60.36861247646612
2025-06-03,312.1746520996094,317.9199122402809,309.5496768855124,312.02607430059646,58148,17292,47.12783767440164
2025-06-04,310.54022216796875,315.5920787180285,309.1038996387255,315.29489290363716,49891,5552,61.91324794507749
2025-06-05,310.3916320800781,317.12742039369607,308.26193652720315,311.9765323390053,76300,17981,61.70328685777286
2025-06-06,309.6982421875,314.00717956176305,308.4600435299221,310.0449438575137,45453,4943,62.201097788093
2025-06-09,313.6604919433594,319.4552679663149,307.5685603210567,307.5685603210567,97979,15828,58.687826232974146
2025-06-10,314.99774169921875,325.497672468418,312.6699221533483,313.66048108950935,147964,11136,75.4065448000783
2025-06-11,313.8586120605469,322.4764568622031,310.2430779077535,314.99774881698033,86423,15830,67.23591519942723
2025-06-12,306.28082275390625,316.03780369654226,304.94356219833196,314.5024494994308,92604,10517,55.63265494243376
2025-06-13,303.85394287109375,306.08270039826556,296.4742669671191,302.12046479440454,47035,14139,55.734291427063546
2025-06-16,298.2572937011719,305.5379077320066,296.47426952636766,302.3185912760794,43968,10843,65.31075168211939
2025-06-17,289.0450744628906,302.26904180249346,287.65829805101487,299.64406676761104,91720,15505,66.65940966796184
2025-06-18,283.39892578125,291.76913089335966,280.87298228417075,290.4319004748913,83500,6748,71.79872317928772
2025-06-19,280.5758056640625,285.18189845784565,275.6725270655286,283.94369984502987,51363,15014,68.98975000865286
2025-06-20,289.3422546386719,297.1676637378777,278.8423244740419,281.26920581968443,110566,5096,66.2907956555034
2025-06-23,292.2148742675781,292.66063786248156,286.32103674565207,289.34225951558517,40743,5957,59.76221857145012
2025-06-24,292.264404296875,296.6724036888777,291.27384535300564,295.63232888959885,34807,10635,53.589325681807466
2025-06-25,302.318603515625,304.0025355923019,293.4530888247473,293.6016666212982,69066,9025,68.59450301663999
2025-06-26,297.16766357421875,303.8044201524928,295.92946497599286,302.12045796712243,35142,15006,69.55489814121941
2025-06-27,298.60400390625,302.12047604382866,297.0191035598002,297.16768135458557,40077,10175,54.71469158782016
2025-06-30,298.7030334472656,300.0402940495419,297.167679196534,298.65351759251666,33133,13238,68.86988030517608
2025-07-01,295.582763671875,301.08038359216914,291.0261867791278,300.0898247124179,57681,11242,52.71487325378514
2025-07-02,292.8092346191406,296.96956411342524,289.58991799917084,295.1865700772262,51410,8827,47.80841078224848
2025-07-03,291.07574462890625,295.7313534142873,290.18424764697875,295.7313534142873,20909,3297,57.67579861686232
2025-07-04,288.2526550292969,293.6016673241547,286.8658785424019,289.24321398128757,42344,12605,64.69351587596445
2025-07-07,291.07574462890625,299.74313517714984,286.271527821988,286.271527821988,101308,5009,61.30342315015264
2025-07-08,288.7479248046875,292.9082843550636,285.5781241730239,291.2243221014687,29056,5853,53.42971414284676
2025-07-09,288.10406494140625,290.23376055143797,286.3210407662135,289.986120824005,23298,17256,46.69654911297964
2025-07-10,290.778564453125,292.90829035555356,287.3116081666076,289.24321018945125,40017,14624,45.54697253278585
2025-07-11,285.4790954589844,292.5615857561719,283.29985372317617,289.3422692365903,35230,17604,76.35436986173482
2025-07-14,284.24090576171875,286.6677570768786,281.0711049968424,286.1229617404751,44260,9547,63.891652419790155
2025-07-15,289.9861145019531,290.82809560276075,284.24088504254485,284.24088504254485,33767,12636,72.58741076282143
2025-07-16,288.5002746582031,292.6606340583622,286.27151717157324,287.26207605451987,34927,7111,75.52383164287137
2025-07-17,287.7078552246094,291.7196068260186,286.4696565538708,290.13470648158125,14885,9611,71.94226660715536
2025-07-18,282.5074157714844,290.23376324737836,281.0710932472478,286.51916730137947,34015,15194,56.88937007180542
2025-07-21,279.684326171875,283.64656198028274,277.9013019204154,282.80458082510404,35639,11886,57.758478263553684
2025-07-22,278.891845703125,283.69606240540213,277.90128680490125,281.41778903127084,24631,3705,73.41703492307826
2025-07-23,275.3753662109375,281.17014165371387,274.6324470574907,278.94138419337355,40466,13301,46.034159650018594
2025-07-24,272.15606689453125,279.33761916017403,269.927309294849,279.33761916017403,51346,8382,55.68866879133758
2025-07-25,266.41082763671875,271.7598396385781,263.4886667966269,271.4131379784803,30614,11516,49.6249013221213
2025-07-28,264.6773681640625,266.608940012692,262.597188286764,266.3613002708579,30801,12085,62.78611562796453
2025-07-29,269.5805969238281,271.2150130528401,261.012268537649,261.012268537649,21134,8170,61.53391979253782
2025-07-30,262.2009582519531,270.37306934308043,260.81415158019445,268.5900451491589,27965,11671,62.144830028179584
2025-07-31,258.882568359375,265.469778840687,257.64436976403596,257.64436976403596,32193,7637,62.80834709710409
2025-08-01,256.8023986816406,263.2410316283356,249.62084654878856,259.52643569755,30996,5012,52.49485051470064
2025-08-04,256.5052490234375,259.52644169180627,254.92034867713755,259.377863897035,22884,15572,62.73502931971336
2025-08-05,251.65150451660156,258.2882464651473,250.9581162738693,257.3472033699428,16823,8665,63.259692846269886
2025-08-06,240.11148071289062,253.6326041812618,238.7247042444992,250.7104734495548,83386,14451,65.01169910849636
2025-08-07,237.53602600097656,240.7058114414573,233.2766197303012,239.66572157894961,29752,16018,69.85704118362459
2025-08-08,238.62564086914062,251.30479823211323,233.87097008341448,233.87097008341448,86609,5806,70.07260876586984
2025-08-11,241.99354553222656,243.8260704529188,235.65395941852844,238.62563615830675,44439,8011,60.94070747903866
2025-08-12,241.44873046875,246.7482265987763,239.21997295673077,246.0548232810314,24618,15459,45.61834171080042
2025-08-13,248.08547973632812,262.4981151176188,240.70581876823158,244.27183694402316,77042,17607,56.65641194455344
2025-08-14,241.99354553222656,248.97698889365148,239.71525700878394,248.97698889365148,89354,9533,55.782026870412366
2025-08-18,240.9039306640625,249.32368163585352,239.71526296157916,247.6397344644413,22348,17709,68.28121061427936
2025-08-19,248.03594970703125,251.30479719477214,241.34967693813257,241.3992079075148,34340,9556,67.6285362186128
2025-08-20,260.3188781738281,267.15375906528317,247.04539438121478,248.97699641218423,95320,3101,50.292971442383354
2025-08-21,264.72686767578125,265.8660043719929,258.58539036570085,262.3990482003737,32552,14305,45.02608426313429
2025-08-22,260.6160583496094,266.46034994184726,259.130219967034,263.09245565390165,23455,11670,72.12583977033671
2025-08-25,263.9344482421875,265.4202866892718,259.17974707384144,259.77408849856727,33547,16977,54.79811015509943
2025-08-26,260.66558837890625,265.9650849441702,258.5358926272939,261.30944566714334,50700,10331,60.9309145091386
2025-08-28,273.44378662109375,278.59470526352794,255.0689301523856,258.73401036674767,174834,3936,68.17023169812092
2025-08-29,266.8070373535156,281.17014095091884,263.3400813127631,275.2763035898565,73062,6536,74.41009010010913
2025-09-01,259.6750183105469,267.45091198259956,258.13966405576394,266.80705472186673,42204,7819,62.14345868970538
2025-09-02,264.6278076171875,296.1771150487019,260.5169941732729,272.94849644222916,2238212,3991,52.805801369682214
2025-09-03,267.3023376464844,273.1961452380043,266.5098723519417,266.5098723519417,244711,6638,66.83049917295028
2025-09-04,263.1419677734375,270.0263642734437,262.15140886577956,269.58060067321406,82699,12346,53.51477545972553
2025-09-05,262.1018981933594,266.0145878182782,258.04060054578713,260.61605980250073,90548,5847,76.48585294235292
2025-09-08,263.8848876953125,267.35184388185235,258.28823589721856,260.6160553826442,62716,3001,57.76966513870251
2025-09-09,262.25048828125,269.2339169538956,260.96277370725295,265.42028908880394,58142,4031,76.50742479981062
2025-09-10,261.8047180175781,265.4697982191035,260.31887959471004,263.9344439405905,51143,17319,74.5014282604312
2025-09-11,262.29998779296875,265.3212106120962,260.4179319061528,264.3801675539587,51262,6950,64.07904607974675
2025-09-12,263.6000061035156,266.29998779296875,262.5,263.75,29467,8328,56.03754770992728
2025-09-15,265.0,269.5,264.04998779296875,264.95001220703125,60613,13262,71.96014417746404
2025-09-16,262.54998779296875,267.8500061035156,259.6499938964844,266.3999938964844,57844,3605,68.80583618097145
2025-09-17,264.1499938964844,265.20001220703125,262.0,262.0,22483,11696,61.546347031639286
2025-09-18,269.1000061035156,274.0,264.20001220703125,264.20001220703125,109414,10711,65.60672735842991
2025-09-19,267.8500061035156,270.45001220703125,267.0,269.6499938964844,25046,3295,55.98289827775278
2025-09-22,263.3999938964844,269.0,262.54998779296875,269.0,22214,5606,45.156308153782454
2025-09-23,262.1499938964844,263.29998779296875,259.79998779296875,263.29998779296875,24316,4378,58.254653637461715
2025-09-24,255.6999969482422,264.54998779296875,253.8000030517578,260.1000061035156,77369,9288,78.87607760790794
2025-09-25,252.60000610351562,258.3999938964844,251.14999389648438,255.3000030517578,26350,17257,68.76230431138092
2025-09-26,245.0,252.39999389648438,244.0,250.3000030517578,62820,15469,63.94457188931588
2025-09-29,248.14999389648438,249.75,243.14999389648438,247.89999389648438,43977,12789,60.61880141715963
2025-09-30,246.10000610351562,249.64999389648438,244.0,249.5,18900,3873,59.156609644848714
2025-10-01,253.10000610351562,257.0,244.0,247.08999633789062,33404,15255,53.903916258806646
2025-10-03,257.05999755859375,258.75,251.0,253.10000610351562,26076,10450,53.19379401389275
2025-10-06,260.489990234375,265.0,257.30999755859375,258.8999938964844,44493,7286,64.89102160626652
2025-10-07,259.1600036621094,263.70001220703125,254.41000366210938,261.75,78983,16328,74.55286960688052
2025-10-08,262.92999267578125,266.8999938964844,259.4100036621094,261.0,66815,14230,47.53455331135833
2025-10-09,261.70001220703125,264.5199890136719,261.0,263.5,17661,9619,77.48200283812547
2025-10-10,257.989990234375,263.17999267578125,257.5,262.57000732421875,32205,15823,47.78485803252365
2025-10-13,258.8900146484375,269.75,254.11000061035156,254.11000061035156,113579,4942,56.896638489602395
2025-10-14,256.6499938964844,260.3500061035156,255.0399932861328,260.3500061035156,23097,4797,61.545585037980835
2025-10-15,255.50999450683594,259.0,253.8699951171875,256.0,37287,5441,58.58788281984877
2025-10-16,258.3599853515625,260.989990234375,255.50999450683594,256.1000061035156,15981,3038,61.532419527998094
2025-10-17,247.86000061035156,256.989990234375,245.85000610351562,255.8000030517578,45739,11508,67.0609706131245
2025-10-20,248.3000030517578,250.25,244.02000427246094,250.25,74765,14586,74.43711539355512
2025-10-21,249.82000732421875,252.0,248.75,249.85000610351562,8047,11841,49.50882441583339
2025-10-23,254.47999572753906,255.67999267578125,249.10000610351562,250.55999755859375,55701,13137,50.64921261107627
2025-10-24,251.33999633789062,258.3900146484375,248.22000122070312,255.0,50289,6560,64.3808256504415
2025-10-27,250.17999267578125,252.5,246.97999572753906,252.3000030517578,24066,16322,64.55459492569005
2025-10-28,250.1699981689453,252.3000030517578,249.0,249.0,10391,15261,75.91109829096341
2025-10-29,254.13999938964844,259.0,249.05999755859375,251.0,63390,12116,59.75878077357106
2025-10-30,250.64999389648438,254.64999389648438,249.39999389648438,253.86000061035156,19339,13066,63.44744077805511
2025-10-31,246.7100067138672,251.92999267578125,246.5,251.49000549316406,30303,9648,72.59295602139503
2025-11-03,245.3000030517578,247.89999389648438,242.07000732421875,247.89999389648438,33609,13165,63.483889475946725
2025-11-04,244.75999450683594,249.0,244.0,249.0,10763,14420,53.162193373220475
2025-11-06,238.97999572753906,245.99000549316406,238.25999450683594,241.0,26391,3063,61.88961170708215
2025-11-07,235.66000366210938,243.8000030517578,235.0,243.8000030517578,22913,13731,69.24991505981276
2025-11-10,242.94000244140625,246.89999389648438,240.0,241.89999389648438,47134,16038,70.13278032267199
2025-11-11,240.17999267578125,242.64999389648438,238.3800048828125,242.0,9050,10115,48.19593965254037
2025-11-12,239.42999267578125,244.3800048828125,238.85000610351562,242.0,22539,7717,73.32415628846101
2025-11-13,237.67999267578125,241.6699981689453,237.0,240.00999450683594,15404,16366,60.931478960147096
2025-11-14,238.19000244140625,244.8000030517578,236.10000610351562,244.8000030517578,43351,15158,67.3431538161804
2025-11-17,234.6199951171875,238.25,233.0,238.19000244140625,26493,7874,53.40734739612142
2025-11-18,231.4600067138672,236.0,230.64999389648438,236.0,21177,15762,59.13181040393748
2025-11-19,234.36000061035156,235.3000030517578,230.27999877929688,230.75,32902,13137,76.2324444228109
2025-11-20,232.35000610351562,236.83999633789062,232.0,236.0,14861,7581,53.10985615945628
2025-11-21,228.35000610351562,234.7899932861328,227.0,231.00999450683594,25694,9444,57.177151605663155
2025-11-24,228.38999938964844,231.0,227.0,231.0,11752,7625,65.8002615185928
2025-11-25,231.11000061035156,233.25999450683594,228.0,230.0,15607,16038,72.70075300706013
2025-11-26,237.13999938964844,240.0,231.36000061035156,234.10000610351562,34197,17868,75.69730667860458
2025-11-27,232.22999572753906,240.5,231.0,240.5,22828,10613,68.08382978866824
2025-11-28,229.97000122070312,237.0,229.64999389648438,237.0,19760,6343,62.30655746846857
2025-12-01,232.7899932861328,236.8000030517578,228.0,235.0,22277,17693,64.50241641856597
2025-12-02,231.8000030517578,236.0,230.99000549316406,234.0,17729,12887,75.52145375042429
2025-12-03,234.25999450683594,234.7899932861328,230.05999755859375,234.4499969482422,24962,4968,63.35654349964584
2025-12-04,230.89999389648438,233.85000610351562,229.30999755859375,232.6699981689453,8378,7451,49.14893013669982
2025-12-05,228.3300018310547,230.99000549316406,227.97999572753906,230.13999938964844,19521,7152,78.99960620217425
2025-12-08,221.17999267578125,228.47999572753906,220.1999969482422,228.3300018310547,16251,17364,54.275036986814214
2025-12-09,221.97000122070312,222.85000610351562,213.64999389648438,220.0,31481,10163,71.86332191368243
2025-12-10,241.75999450683594,249.0,223.52000427246094,224.39999389648438,428252,16796,60.29407587067532
2025-12-11,256.1199951171875,260.0,236.0,240.0,282277,3491,71.30439193929698
2025-12-12,253.52000427246094,259.29998779296875,252.0,256.0,38494,15183,52.308344860213715
2025-12-15,251.1300048828125,255.64999389648438,249.5500030517578,249.5500030517578,54656,17601,54.371814922461034
2025-12-16,251.52000427246094,256.1499938964844,249.85000610351562,254.8000030517578,34149,12035,45.01925942422578
2025-12-17,254.69000244140625,255.9499969482422,251.16000366210938,253.0500030517578,53903,13966,65.07895816761759
2025-12-18,266.3500061035156,268.010009765625,249.3000030517578,252.99000549316406,208775,6376,58.67254926972832
2025-12-19,262.94000244140625,267.3800048828125,253.02000427246094,266.3500061035156,140426,4587,67.59180676458996
2025-12-22,268.5299987792969,270.1000061035156,261.79998779296875,262.04998779296875,60537,7690,68.54077404216189
2025-12-23,264.2300109863281,269.010009765625,257.989990234375,268.0,150808,14497,60.78698083304727
2025-12-24,262.1000061035156,265.8999938964844,258.2300109863281,264.0,187842,13854,59.69479152540828
2025-12-26,256.54998779296875,261.79998779296875,255.2100067138672,261.79998779296875,68515,7544,62.31662291747891
2025-12-29,254.39999389648438,258.0,252.0,253.0,187878,16204,54.18177812815087
2025-12-30,251.92999267578125,257.8999938964844,250.35000610351562,253.0,82068,6775,50.84454807937533
2025-12-31,254.60000610351562,258.70001220703125,251.0,252.0,107872,13545,60.614283957867535
2026-01-01,251.3000030517578,256.6000061035156,250.4499969482422,255.0,96049,3457,72.72350762940825
2026-01-02,253.1999969482422,254.85000610351562,251.0,252.1999969482422,27188,6578,45.191238688493236
2026-01-05,252.35000610351562,255.0,245.0,251.35000610351562,62929,13763,50.65780520988938
2026-01-06,245.4499969482422,254.85000610351562,244.25,254.85000610351562,42588,12679,49.40899828086586
2026-01-07,248.0,250.6999969482422,241.5500030517578,242.0,33107,16507,67.48937605778943
2026-01-08,241.5500030517578,248.1999969482422,240.60000610351562,246.3000030517578,29026,16605,56.131694857587625
2026-01-09,235.4499969482422,244.89999389648438,234.10000610351562,244.0,68255,13405,66.81415233873447
2026-01-12,231.9499969482422,235.5500030517578,226.5500030517578,234.0,35241,3284,59.67413075035621
2026-01-13,229.14999389648438,236.14999389648438,226.5,230.5500030517578,37937,14533,47.64396503282521
2026-01-14,230.10000610351562,233.5,228.14999389648438,229.1999969482422,23902,12769,74.3369980248736
2026-01-15,230.10000610351562,230.10000610351562,230.10000610351562,230.10000610351562,0,4755,70.96460689694717
2026-01-16,225.1999969482422,231.3000030517578,224.0,229.25,30906,6382,71.9252144203134
2026-01-19,221.89999389648438,225.5500030517578,220.39999389648438,223.0,27086,5784,65.16415785048076
2026-01-20,216.14999389648438,222.1999969482422,215.1999969482422,221.89999389648438,24033,14224,55.67287401401882
2026-01-21,217.0,219.0,213.10000610351562,216.0,39493,7455,76.84257446587887
2026-01-22,220.39999389648438,224.0500030517578,217.14999389648438,220.89999389648438,35651,10285,55.637286473187785
2026-01-23,207.14999389648438,223.1999969482422,205.60000610351562,221.89999389648438,103830,4114,53.32832695797364
2026-01-27,210.5,212.5,206.0,209.89999389648438,31381,14749,59.848469815011505
2026-01-28,213.35000610351562,216.60000610351562,210.5500030517578,214.89999389648438,54171,4830,62.88494172793904
2026-01-29,208.14999389648438,215.1999969482422,206.3000030517578,213.35000610351562,65462,7060,68.97631161988913
2026-01-30,216.4499969482422,217.9499969482422,205.60000610351562,205.60000610351562,53499,4162,67.24143158692506
2026-02-02,214.2100067138672,216.57000732421875,208.1999969482422,215.5,44942,11942,45.38390894479703
2026-02-03,219.08999633789062,222.89999389648438,214.11000061035156,222.89999389648438,47536,11572,46.163848088917
2026-02-04,223.05999755859375,227.1199951171875,218.88999938964844,219.0,43542,15391,67.5673356267799
2026-02-05,216.0399932861328,224.89999389648438,212.0,222.0500030517578,88118,3725,47.767789406342416
2026-02-06,214.4600067138672,215.47000122070312,212.05999755859375,215.0,28848,3508,69.00489136501335
2026-02-09,222.1199951171875,224.0,215.8000030517578,219.0,43174,4897,77.9189766140995
2026-02-10,225.42999267578125,226.89999389648438,221.5,223.6999969482422,53634,7930,56.042445296993314
2026-02-11,222.82000732421875,226.89999389648438,220.14999389648438,226.5500030517578,35123,9961,74.46143684725953
2026-02-12,221.22999572753906,225.5,218.25,222.9499969482422,61215,16074,74.42022218248215
2026-02-13,214.10000610351562,221.5,210.1199951171875,217.89999389648438,70501,8162,76.42610886345719
2026-02-16,208.35000610351562,219.69000244140625,207.3000030517578,218.0,91219,17780,78.55286388152199
2026-02-17,210.24000549316406,213.75999450683594,207.8000030517578,208.0,71147,13866,59.30348368214645
2026-02-18,208.17999267578125,213.0,207.25,209.3000030517578,32468,6528,74.73466688412933
2026-02-19,201.05999755859375,208.9600067138672,200.0,208.39999389648438,45701,12801,55.09484416680375
2026-02-20,198.27000427246094,202.5500030517578,198.0,201.07000732421875,52919,7654,63.840377067180086
2026-02-23,195.9600067138672,202.0,195.0500030517578,199.9600067138672,38803,3829,55.23489182709939
2026-02-24,193.8800048828125,195.6999969482422,192.50999450683594,195.0,37226,16738,58.36345498362125
2026-02-25,187.3800048828125,196.63999938964844,186.0800018310547,194.5,131779,17774,55.52999692038761
2026-02-26,196.99000549316406,198.8000030517578,185.30999755859375,189.25,179996,10499,66.73072883368182
2026-02-27,198.2899932861328,209.32000732421875,196.22999572753906,196.66000366210938,351042,8047,59.969628153867546
2026-03-02,195.0800018310547,200.0,192.0,193.99000549316406,122062,13999,66.43973556307074
2026-03-04,203.39999389648438,215.0,191.85000610351562,193.8000030517578,598120,17845,76.77647889307738
2026-03-05,201.33999633789062,207.25999450683594,197.24000549316406,203.39999389648438,144622,10367,69.43153820403194
2026-03-06,195.1199951171875,202.9499969482422,192.35000610351562,201.0,119509,12612,68.32298850364258
2026-03-09,196.91000366210938,206.8000030517578,186.00999450683594,186.00999450683594,292254,16070,52.21788090165342
2026-03-10,201.5500030517578,206.5500030517578,196.3699951171875,199.9499969482422,137940,7890,74.76694414807784
2026-03-11,200.80999755859375,210.0,199.1999969482422,201.0,143034,9372,74.15423045020378
2026-03-12,197.02000427246094,203.6999969482422,196.5,202.00999450683594,79214,17115,48.67046239821772
2026-03-13,191.10000610351562,198.60000610351562,190.85000610351562,196.1999969482422,74427,10465,72.86940856270051
2026-03-16,189.89999389648438,193.89999389648438,181.10000610351562,190.0,120398,16657,55.403958838442996
2026-03-17,194.9199981689453,198.89999389648438,191.3000030517578,193.6999969482422,114232,15251,74.08260387783056
2026-03-18,203.27999877929688,204.69000244140625,194.14999389648438,194.9199981689453,135026,16652,54.22300430497406
2026-03-19,206.6699981689453,207.50999450683594,198.0,200.0500030517578,145436,15414,48.09935802420409
2026-03-20,230.47000122070312,234.9499969482422,208.0,209.0,939798,3527,74.03453041708362
2026-03-23,216.5,233.58999633789062,215.8000030517578,226.25,320692,14309,53.48566170751104
2026-03-24,224.72000122070312,226.89999389648438,210.02999877929688,222.55999755859375,200797,8594,62.795783698095505
2026-03-25,238.0,243.89999389648438,226.5,229.0,274298,14681,77.66017892591144
2026-03-27,236.69000244140625,247.6999969482422,233.61000061035156,235.55999755859375,386404,12133,54.21262902985245
2026-03-30,249.86000061035156,252.25999450683594,231.60000610351562,234.0,572941,4960,66.19124591328261
2026-04-01,244.52999877929688,268.79998779296875,243.0,258.4100036621094,457943,3507,77.52828357302386
2026-04-02,247.66000366210938,251.3699951171875,236.30999755859375,240.64999389648438,233848,14522,72.54973926753277
2026-04-06,259.42999267578125,266.8999938964844,246.49000549316406,249.9499969482422,218750,10635,52.10239210927426
2026-04-07,247.63999938964844,266.79998779296875,244.50999450683594,259.0,213943,15222,52.09483406753362
2026-04-08,243.49000549316406,254.8000030517578,238.6999969482422,249.0,225197,4256,77.4647133831331
2026-04-09,242.0,248.64999389648438,241.1999969482422,246.7899932861328,60072,4765,50.14734317785329
2026-04-10,240.2100067138672,250.0,239.11000061035156,244.39999389648438,104362,6166,49.40282323343021
2026-04-13,245.32000732421875,247.38999938964844,236.5,236.5,99560,15715,45.352542430698186
2026-04-15,246.5800018310547,250.8699951171875,242.0,249.89999389648438,121564,6754,53.222422771738024
2026-04-16,246.3699951171875,248.5,242.3000030517578,248.5,66540,9110,65.24172963633806
2026-04-17,247.3300018310547,251.38999938964844,245.00999450683594,246.3699951171875,70620,10439,60.16065858216622
2026-04-20,243.97999572753906,251.77999877929688,242.0,248.0,164629,13731,73.8957262971102
2026-04-21,242.89999389648438,246.7899932861328,242.36000061035156,245.0,27951,12478,66.12467964429956
2026-04-22,252.42999267578125,254.25,242.1999969482422,242.1999969482422,151565,5588,46.81668931370506
2026-04-23,264.6400146484375,277.0,254.0,256.3999938964844,1135703,11788,63.29808114865164
2026-04-24,261.2200012207031,274.0,258.4200134277344,271.0,109379,16248,64.19323185274159
2026-04-27,260.4100036621094,266.19000244140625,259.010009765625,264.79998779296875,72791,7624,77.31757825287909
2026-04-28,253.3000030517578,263.510009765625,250.6199951171875,260.04998779296875,101236,8918,53.12741221718725
2026-04-29,258.45001220703125,263.70001220703125,255.52999877929688,256.989990234375,122288,15470,53.34427803814836
2026-04-30,256.6400146484375,287.3999938964844,251.3000030517578,257.6000061035156,3242167,12068,58.539405977849384
2026-05-01,256.6400146484375,256.6400146484375,256.6400146484375,256.6400146484375,0,15486,68.12891292603354
2026-05-04,263.75,264.95001220703125,257.8999938964844,260.45001220703125,226715,17089,78.7896615660834
2026-05-05,269.29998779296875,276.25,262.04998779296875,265.0,386003,16131,57.97507889753224
2026-05-06,258.3999938964844,271.8999938964844,257.0,269.0,214367,17710,54.753294918623176
2026-05-07,253.5,260.5,252.1999969482422,259.25,189407,6068,58.73782763724047
2026-05-08,252.14999389648438,256.3999938964844,250.10000610351562,253.10000610351562,75116,6160,77.18464826935363
2026-05-11,254.0500030517578,259.8999938964844,250.5,253.0,118053,4711,73.71717998634318
2026-05-12,250.5500030517578,255.5500030517578,248.0,252.0,64351,9764,67.72730654637847
2026-05-13,253.39999389648438,257.0,248.64999389648438,249.0500030517578,87471,16667,70.08076269937958
2026-05-14,240.5500030517578,247.0,236.0500030517578,247.0,183114,5987,63.162275118678934
2026-05-15,242.3000030517578,246.5,235.0,239.5,91802,15323,72.52893322434798
2026-05-18,233.25,242.3000030517578,232.0,242.3000030517578,59544,16263,52.82363155822256
2026-05-19,245.60000610351562,256.79998779296875,233.3000030517578,233.3000030517578,269394,16307,46.55528446884984
2026-05-20,245.25,248.4499969482422,240.39999389648438,241.4499969482422,82693,13682,62.47436313861442
2026-05-21,241.64999389648438,247.89999389648438,240.5500030517578,247.89999389648438,53293,15944,53.95880204926095
2026-05-22,245.1999969482422,247.60000610351562,240.0,243.8000030517578,51857,12608,73.1508172251455
2026-05-25,245.60000610351562,247.64999389648438,244.5500030517578,247.0,26297,10766,67.80431632542448
2026-05-26,243.5,248.60000610351562,241.25,243.35000610351562,52621,3867,60.95245758671519
2026-05-27,238.5500030517578,245.5,238.0,245.5,43724,16003,74.26154686132347
2026-05-28,238.5500030517578,238.5500030517578,238.5500030517578,238.5500030517578,0,4437,55.22123149099871
2026-05-29,236.39999389648438,239.75,235.8000030517578,238.0,40002,11550,56.33967652784898
2026-06-01,233.97999572753906,240.0,232.0,240.0,43055,17666,46.39644294695917
2026-06-02,231.66000366210938,235.38999938964844,226.10000610351562,231.10000610351562,77172,14441,65.16488298230047
2026-06-03,230.7100067138672,239.0,229.1999969482422,233.0,36147,4946,78.31335227424967
2026-06-04,232.13999938964844,235.8000030517578,228.6300048828125,230.1999969482422,78889,12994,52.288871002994384
2026-06-05,246.85000610351562,248.89999389648438,231.22000122070312,233.5,245140,14311,51.470070933698004
2026-06-08,237.9199981689453,249.32000732421875,234.82000732421875,246.5,264662,16640,67.39758018432282
2026-06-09,234.7899932861328,239.6999969482422,233.5,239.6999969482422,74585,3913,53.975172753231675
2026-06-10,232.1300048828125,238.35000610351562,230.11000061035156,234.10000610351562,63496,3170,60.1839960830892
2026-06-11,231.2100067138672,236.0,228.1999969482422,232.8000030517578,100532,4617,63.21671294586364
2026-06-12,230.8800048828125,233.89999389648438,228.61000061035156,233.89999389648438,36270,8881,45.030075054388355
2026-06-15,238.17999267578125,253.0,235.00999450683594,235.00999450683594,391586,17505,60.38524423733767
2026-06-16,236.8000030517578,241.39999389648438,235.8000030517578,239.86000061035156,51343,7777,75.74615838292117
2026-06-17,239.66000366210938,241.0,234.3300018310547,236.0,62884,11408,62.26468132915282
2026-06-18,239.9199981689453,241.50999450683594,238.00999450683594,239.39999389648438,23985,16490,74.21574013773814
2026-06-19,237.85000610351562,240.0,235.6699981689453,240.0,28052,17636,64.34981797913323
2026-06-22,234.75999450683594,240.0,233.0,239.88999938964844,49927,10530,74.97509572305255
2026-06-23,230.07000732421875,236.49000549316406,229.5,234.1999969482422,45820,13005,61.13026107588718
2026-06-24,231.63999938964844,232.5,228.1300048828125,230.5,26036,8802,77.44708452068113
2026-06-25,227.30999755859375,232.3000030517578,224.6199951171875,232.3000030517578,81555,3409,68.56600038070135
2026-06-26,227.30999755859375,227.30999755859375,227.30999755859375,227.30999755859375,0,14181,59.99857254016903
2026-06-29,228.72000122070312,230.0,225.00999450683594,227.35000610351562,42369,3779,75.0228307525521
2026-06-30,228.5500030517578,229.6999969482422,223.80999755859375,228.14999389648438,42250,4149,77.87622506809416
2026-07-01,232.82000732421875,236.0,229.0500030517578,230.25,94364,5294,72.6758135756738
2026-07-02,233.66000366210938,234.99000549316406,232.02000427246094,232.8000030517578,52260,5984,67.00461995539453
2026-07-03,236.67999267578125,243.9499969482422,233.8800048828125,233.88999938964844,96335,3353,58.1982672417724
2026-07-06,241.82000732421875,251.5,236.67999267578125,238.10000610351562,415779,14916,55.09251373133927
2026-07-07,239.7100067138672,246.8699951171875,238.1199951171875,242.0,144008,7519,57.70280525400469
2026-07-08,232.16000366210938,239.8800048828125,229.0,238.0,102388,5862,64.93865392616502
2026-07-09,233.08999633789062,238.6999969482422,232.24000549316406,235.0,84581,9996,53.434067915914966
2026-07-10,232.4499969482422,236.0,232.0,236.0,47424,16748,48.618834251113626
2026-07-13,237.25,241.4499969482422,230.89999389648438,231.0,122682,17591,76.07443510812264
2026-07-14,234.05999755859375,242.0,232.0,237.25,90158,10029,52.061960859925314
2026-07-15,231.25999450683594,235.7899932861328,230.9499969482422,234.1199951171875,59092,3709,55.59367570412734
2026-07-16,234.5399932861328,235.1999969482422,231.0,231.49000549316406,40418,11359,68.20204613020738
2026-07-17,236.4600067138672,244.0,232.6199951171875,233.35000610351562,140479,15748,53.013157167194194
2026-07-20,234.72000122070312,237.7899932861328,233.5,236.3000030517578,43910,6085,75.45623256205674
2026-07-21,238.47000122070312,241.50999450683594,233.75999450683594,234.8000030517578,91296,10422,57.773451154819924
2026-07-22,233.00999450683594,238.47000122070312,232.00999450683594,238.47000122070312,44668,4140,60.85692017125757
2026-07-23,228.72999572753906,233.89999389648438,228.22000122070312,230.5,37938,17634,58.72510589253196
2026-07-24,228.4600067138672,229.38999938964844,225.74000549316406,229.0,39135,5088,45.07000007895764
2026-07-27,228.7100067138672,231.11000061035156,228.14999389648438,228.4600067138672,21010,6356,71.91312653402895
2026-07-28,223.7899932861328,228.38999938964844,222.5,227.4199981689453,46161,6193,45.010154810380996
2026-07-29,222.47000122070312,225.99000549316406,221.6999969482422,223.0,37037,7230,63.760030561408904
2026-07-30,225.07000732421875,225.8000030517578,219.4199981689453,221.41000366210938,76986,13949,74.99742229049242
2026-07-31,222.3300018310547,225.6999969482422,221.5,225.6999969482422,19016,14620,67.33856382424287
2026-08-03,240.4499969482422,243.0,223.0,223.39999389648438,459755,15449,75.47406156388065
2026-08-04,253.1199951171875,263.0,239.10000610351562,240.10000610351562,856990,6175,64.07401557749867
2026-08-05,250.44000244140625,260.0,248.14999389648438,253.0,125437,8361,75.68228833237274
2026-08-06,254.82000732421875,259.0,247.1999969482422,248.49000549316406,137088,3210,49.50117785891104
2026-08-07,252.77000427246094,257.0,251.0,253.10000610351562,61564,14236,58.20972362111303
2026-08-10,258.7200012207031,261.3999938964844,250.10000610351562,250.10000610351562,291383,15898,69.0346757197576
