Date,Open,High,Low,Close,Volume,No_of_Trades,Delivery_Pct
2021-08-11,155.5572967529297,155.82098795682072,147.38267922114107,147.45459367387244,31209044,7767,68.18750730989436
2021-08-12,155.1257781982422,156.9716604897229,153.11210039704974,156.3004345559921,11383091,10496,51.427284610008485
2021-08-13,157.5709686279297,159.65657546802674,153.7114086171645,155.3415328878098,20764801,11853,54.31413160563392
2021-08-16,161.3346710205078,163.70795063705725,154.91005406072736,158.1223552248027,24614283,6347,72.70872856714128
2021-08-17,145.34500122070312,163.6120160487331,140.71832003019242,161.04696027006872,82029102,8437,77.90963734123699
2021-08-18,141.86900329589844,146.56761383552967,140.26284568608384,143.30735077364994,36805826,15582,47.70196797547409
2021-08-20,129.09169006347656,138.5608112473342,127.8451192850989,138.5608112473342,33985528,14924,70.95001676694983
2021-08-23,131.34510803222656,133.62249162541139,125.13623533078736,131.9444195041173,32529835,7984,63.58851165873129
2021-08-24,137.3142547607422,138.56082566886403,132.3759336085866,134.14988695754957,32936022,11157,72.88602357988063
2021-08-25,139.06422424316406,139.99915596613678,136.1875292575585,138.08135930906644,17963680,12000,72.57456727522566
2021-08-26,137.8656005859375,140.67038110804017,135.87588949132697,139.16011917510096,15369839,14550,59.218692826810525
2021-08-27,140.2868194580078,141.58132334012404,138.2971084793212,138.41697076275562,14509752,15689,45.22302387885846
2021-08-30,143.16351318359375,145.1292575434582,141.48544122813348,143.83473903945261,22246795,13299,67.12109088059543
2021-08-31,145.17718505859375,146.6634802300472,141.22172989010707,143.76281895914062,27040537,11812,60.2491251464418
2021-09-01,142.8998260498047,146.35186609033613,140.95806267177338,146.23200379214583,25319582,14463,64.55866783730775
2021-09-02,146.6155548095703,148.2696603492217,143.83475539132257,146.23200131451128,33332582,17384,57.73217041062747
2021-09-03,147.81417846679688,149.10869712406213,145.3450180806179,146.42377875112962,17893322,15510,65.2020182784608
2021-09-06,151.098388671875,151.4819567504812,148.14977948229054,149.20457340892494,12586099,4928,62.128898419641914
2021-09-07,149.5641632080078,152.10523776562619,147.0949884625397,151.74565091511644,16328996,3549,78.48597083846595
2021-09-08,152.3673858642578,153.79447000222746,149.84448775693411,150.32868535055803,13318639,17386,75.14363522276162
2021-09-09,153.84544372558594,155.45091730166178,152.21447706014487,152.6731815741593,7343112,13924,76.87052582238196
2021-09-13,157.26025390625,157.56606209266118,154.12575499214873,154.12575499214873,12916710,17359,62.23867485133718
2021-09-14,154.5334930419922,157.6170211055415,154.20219179125525,157.6170211055415,8122323,11688,61.049544470522015
2021-09-15,156.57223510742188,157.99931951366585,154.53353421047134,155.4254658528872,6917307,12846,64.02568774182724
2021-09-16,157.5406036376953,158.96768794171422,155.11964649598485,158.02478573360597,9401199,13993,54.2587842355624
2021-09-17,153.92189025878906,157.43864556779894,151.22061827388092,157.43864556779894,16865737,5946,52.01157707132554
2021-09-20,146.04739379882812,150.50705092735342,144.95159544377185,149.89545013929975,13157824,12053,71.7669673221351
2021-09-21,149.28384399414062,149.7170709698849,144.2125857311656,145.76708867195603,10413898,17385,72.40999546632995
2021-09-22,150.30320739746094,151.88320356549633,148.1370878835235,149.84450284649637,7386307,4178,75.38967126852893
2021-09-23,152.6986846923828,154.12576895283283,151.9341719341306,152.39287647827155,7756451,10538,64.64145578825912
2021-09-24,149.3857879638672,152.39286820560915,148.5448270862518,152.39286820560915,9015535,4914,62.00309767727285
2021-09-27,146.5825653076172,149.79351229128187,146.2257865076322,149.79351229128187,8561365,9399,57.69807288015875
2021-09-28,148.13706970214844,150.30318895023058,145.4357978026308,146.25128110095412,7363760,9431,62.93263935061145
2021-09-29,148.90158081054688,150.43060614603917,146.27675709542845,147.2451366970969,7701691,3511,78.40341675816285
2021-09-30,146.6080322265625,149.5896345263993,146.0219090010678,149.30931945674283,6824351,16059,74.0358371628314
2021-10-01,145.69064331054688,147.95868837338938,144.3145141974124,145.66515022086597,7227287,4337,47.23441987436641
2021-10-04,152.0360870361328,152.90254099002996,145.84353723684674,146.83740997490227,8623041,11648,61.90457992852059
2021-10-05,154.43157958984375,156.97995549066627,152.4948201268395,152.74965771692177,12193085,11014,55.247462692301745
2021-10-06,148.2899932861328,156.5212439683862,147.29612050745502,155.0431891225473,9850825,6152,46.35541751992968
2021-10-07,148.21353149414062,150.30320277769727,147.8567682117125,150.30320277769727,7738137,17452,57.77834043314446
2021-10-08,149.86996459960938,153.66705051045986,149.15642253391982,150.30319156757997,7025380,3717,48.918404074753255
2021-10-11,151.75579833984375,153.81997678077943,149.18194467358535,149.81903870523877,6922845,6823,45.43245934307402
2021-10-12,159.12059020996094,159.7576841561026,151.83222613366954,154.71188765941955,21173375,17919,51.14787756860686
2021-10-13,162.8157501220703,164.62509087445636,159.1206048934641,160.6751080438773,16291520,7981,62.50244117288176
2021-10-14,169.16119384765625,174.5382764790086,165.13476292420376,165.13476292420376,26405427,5622,74.367927682707
2021-10-18,191.0007781982422,192.83561200021657,175.96536003453798,175.96536003453798,48802954,14504,60.28772723714902
2021-10-19,189.1149139404297,196.6835912579672,184.37494237601703,193.11586604267455,28838312,4749,71.19177219405138
2021-10-20,181.5717315673828,185.725579999799,177.46885374937403,185.4197718674023,15654936,13105,54.06260967805915
2021-10-21,178.59019470214844,184.6808198274937,171.7860273767173,181.95405427861417,17004410,12653,68.6962409209868
2021-10-22,165.05828857421875,176.6024267811367,163.6821595465119,176.34758922445397,23046439,9821,45.87692098180916
2021-10-25,165.873779296875,169.33956400139306,160.34380095832935,166.15409440016293,17295947,8285,68.79298215709368
2021-10-26,168.47312927246094,169.51797275332046,163.32542225271638,166.68926609221805,14570005,6443,57.73367178946553
2021-10-27,160.72604370117188,168.6005145562199,160.19087552104955,167.68310561036657,16987345,14910,69.39996348622998
2021-10-28,153.33578491210938,158.68737443816434,150.35418192249682,156.4702842379882,25364271,10779,62.09765429780734
2021-10-29,154.94126892089844,158.58544368108915,151.06773408706528,154.22772671431028,19418592,14776,55.985664688035484
2021-11-01,153.99835205078125,159.0186556690935,152.9025535279745,159.0186556690935,20031854,12626,69.49135856165579
2021-11-02,156.9799041748047,160.47118112846283,155.55282035847074,155.96055414769558,16357465,11192,64.19614385034123
2021-11-03,158.33058166503906,161.6944407537041,157.23478320730567,157.591562032638,15956363,5031,47.645437115263775
2021-11-04,159.12059020996094,160.16541806001268,158.05026926963268,159.12059020996094,2988176,15463,50.640643497571034
2021-11-08,165.51699829101562,166.76570857980442,158.5599358847438,160.80250334354253,19796688,11475,75.46069095850906
2021-11-09,162.3824920654297,165.10925699641297,160.64959981388654,164.49764064690368,19869811,15724,63.234138612036624
2021-11-10,164.7015380859375,166.103144888633,161.26123047932123,161.54156117229198,24331479,7020,60.83761842065692
2021-11-11,165.05828857421875,166.6127914483634,161.61798155900178,164.29377590417053,15963978,4542,65.87203929695863
2021-11-12,167.27536010742188,169.03372972351818,165.00729987973358,166.1030981426426,15039279,16343,61.46347068221977
2021-11-15,165.41505432128906,169.03375079168828,165.1347392263213,167.68311483166576,8320124,6146,46.19314252444503
2021-11-16,169.59439086914062,172.93275657897937,165.1347337087951,165.4660194156108,20023683,6067,47.43188185287714
2021-11-17,172.37213134765625,173.5189003646095,167.68311403449408,168.57504549212436,13264427,11909,45.71574862359262
2021-11-18,157.76992797851562,174.84404458554047,147.9586818685088,174.84404458554047,69494735,9499,61.06818730397286
2021-11-22,167.35182189941406,169.41599982913834,157.79541379133937,157.79541379133937,58648584,17393,64.49577718669042
2021-11-23,180.7307891845703,183.99270663459538,172.0663126948525,175.78693461293514,333341211,5504,56.93792489067166
2021-11-24,176.1437225341797,180.0427340460224,173.51889880751762,175.78694373270906,29083799,16977,51.987012522336876
2021-11-25,187.35658264160156,190.2107665069613,174.48728548939133,175.8379214856448,40281820,13142,52.32505993250839
2021-11-26,180.37399291992188,186.94879780232066,178.02948463323955,183.35559500439567,24405163,6333,68.11056019554174
2021-11-29,176.75531005859375,181.3933563589939,174.86952161064022,179.76240544892994,11884679,17757,60.67887887378846
2021-11-30,172.70339965820312,180.42497381666595,171.25082260564903,176.83177081397045,17562378,7570,76.52108943522543
2021-12-01,176.98468017578125,178.2588679380259,170.74116014078248,175.32823608486322,10966477,11240,74.13706353866525
2021-12-02,172.21922302246094,176.95921105580697,170.23149312966123,176.8572698083606,14527577,6958,58.95324313151703
2021-12-03,171.91342163085938,177.08663683930243,171.07246074535595,174.66567988021768,12609066,7591,77.60035241828342
2021-12-06,171.09796142578125,175.12439217291805,170.28247803994358,171.63311413464714,8612257,17569,63.04684031518272
2021-12-07,175.40469360351562,177.62178353898744,172.29567218685807,173.2895449160853,20032367,5366,49.90591751031707
2021-12-08,174.20693969726562,177.87660657019018,171.78598301758538,176.34758129881317,20455793,8343,74.59555868559742
2021-12-09,177.59628295898438,178.87047062391022,174.99693701172592,176.09273529275242,14212623,7749,52.655630989621685
2021-12-10,178.23341369628906,179.6604979548773,176.3476093401065,176.8572845116097,8770813,6364,55.42476798839498
2021-12-13,181.52081298828125,183.68693251213676,180.78179330669127,182.2088775949046,16823625,6275,68.98430684698495
2021-12-14,183.4320831298828,184.3240146411949,180.67984043435868,182.20886588232224,11846524,11244,57.1569510403351
2021-12-15,179.88983154296875,184.09465108936664,179.40563397964252,183.4575572187003,7353408,11670,62.2954413205374
2021-12-16,182.20887756347656,183.71242557198488,179.60953102448786,179.99178741098467,13849801,14668,76.9744297181223
2021-12-17,176.14404296875,184.1421672254314,175.16415365567812,183.08281344744591,12501229,11549,48.91328874300438
2021-12-20,171.19158935546875,173.6810612149057,167.19251885599897,173.2043552132652,10352390,9247,64.40351827088521
2021-12-21,178.4216766357422,180.3020232665309,172.72764965316642,174.26370951324893,8777083,4459,73.63835057162538
2021-12-22,181.14952087402344,181.94403631645338,179.26917412605584,180.09016695078355,4817620,11421,65.50490304579515
2021-12-23,182.20884704589844,186.68462315568604,181.41433172447736,182.73852392684583,7557268,12719,48.558423928197556
2021-12-24,183.16224670410156,185.57228604974642,179.85176641979916,183.34763683291342,6096013,7417,46.47111925168248
2021-12-27,180.30203247070312,184.64538997282435,178.26277295855527,184.32758056654217,7521417,11884,75.7853699511116
2021-12-28,182.63259887695312,183.48008519728182,180.75225224248447,182.023473640749,4120120,17808,52.20572435116173
2021-12-29,179.798828125,183.1622634701653,178.76595171596978,181.44081356475226,4510924,14149,57.848494260425454
2021-12-30,176.5413055419922,181.4143395219407,176.14404786420693,179.93125065732485,5044789,5428,49.31344473075475
2021-12-31,180.7257537841797,182.4472036047682,176.54129359641584,176.54129359641584,6299731,10493,74.30931676011392
2022-01-03,187.39968872070312,188.03530749350617,180.32851473666776,180.6198305782693,9043533,16180,75.64395479800048
2022-01-04,177.5741729736328,189.30651256360815,174.81984674808064,189.1476159663267,28238896,7066,60.19543891744408
2022-01-05,176.8326416015625,179.26915864753124,176.19702283671617,178.26275957578179,9231180,17722,67.32270138678015
2022-01-06,179.24267578125,180.27555229454362,175.85274655051708,176.91210044539972,9683833,9313,52.8808448087499
2022-01-07,179.13673400878906,180.80521301055325,176.64724611352068,180.0371750399294,6418949,9689,59.62291684309363
2022-01-10,179.66639709472656,180.7787055674102,177.97142467961493,179.5339778799352,4237835,8766,73.04468069654357
2022-01-11,175.34951782226562,179.98419034158422,174.47555423722798,179.95771296439867,8957542,15583,64.558675633839
2022-01-12,176.19703674316406,178.3157445739298,174.97878620625696,175.8527499535562,6781225,5351,71.45710422672711
2022-01-13,179.93125915527344,182.20886348302847,176.83264588931308,177.65363866306134,10653446,5340,71.0825633722013
2022-01-14,178.07736206054688,181.7850999819132,176.9385439102779,180.09012760922107,6325976,12799,61.8654426503265
2022-01-17,172.5687255859375,176.91208258218063,169.3641868432702,176.91208258218063,13870740,6459,62.95208240803842
2022-01-18,170.79434204101562,173.70756531800052,169.5760753356017,172.09204089299774,10477124,12199,49.77820688941075
2022-01-19,171.9331512451172,175.03176481649172,168.43727993803972,169.23179540944557,37369055,9485,67.71642380867979
2022-01-20,173.28379821777344,174.42260034364395,171.7477384086139,172.11851871213292,7463125,9044,58.4226037512928
2022-01-21,171.2445526123047,173.8399826161958,168.75508062936166,172.11853251720484,10563621,11726,72.20859392704102
2022-01-24,165.31216430664062,172.5422507842802,164.33225880528914,170.55596240226626,10949389,11347,54.198014235584075
2022-01-25,168.46372985839844,168.96692937404086,162.71674848366752,164.49115314897742,7732802,5922,63.877336336096164
2022-01-27,173.83995056152344,175.85271614803833,165.28565640769804,166.84820959828937,13373574,7997,55.03743936639651
2022-01-28,173.5486297607422,177.91846410286786,171.16508375594637,175.27007965309474,15967353,14907,69.81848337594438
2022-01-31,170.4235382080078,175.13765926432032,167.11305766783673,174.79337252103366,14273583,14059,58.748448655462376
2022-02-01,179.11024475097656,179.56047335954815,170.5559658459425,171.56234874692476,12026843,9775,69.75561272655266
2022-02-02,181.81163024902344,182.20888799902133,178.0509203161518,179.56050299903555,8070763,13722,55.749179790457504
2022-02-03,182.89744567871094,186.34034587836112,174.34316610785623,177.441779520433,15147036,12564,55.84172248752945
2022-02-04,188.7503662109375,192.14029513199463,181.9969857479935,182.73853017377849,20184671,6450,78.4050955439914
2022-02-07,193.5174560546875,196.5101272666934,188.53849649429858,189.7037759600097,15757583,16042,51.01184641079152
2022-02-08,195.68914794921875,198.52290658873548,190.31291418653421,195.05352916842682,14209893,9248,50.9311631469304
2022-02-09,199.50282287597656,200.72108957730737,192.90835445157845,196.774989776834,17184515,7126,52.85715256707798
2022-02-10,201.01239013671875,204.37584179482263,198.8936824672935,200.21787476068428,11642228,11630,56.01562199734418
2022-02-11,200.2443389892578,203.63428396926102,197.17221953614248,200.21786161091163,9277013,13498,53.49060609668477
2022-02-14,191.47821044921875,198.54940070699834,190.47182751377403,196.00694174094855,11817623,4406,64.83504035440733
2022-02-15,197.01332092285156,198.25804865259678,188.27365244982656,195.45076766946792,12010968,15588,52.536922497962756
2022-02-16,194.44436645507812,198.6288101561434,191.76948877963633,198.6288101561434,9223294,3023,65.15584798244728
2022-02-17,195.42425537109375,197.75482998122635,193.64983491681065,195.90096124245795,7177358,10788,52.78153392429873
2022-02-18,192.8024139404297,196.8279620797698,192.00789849836747,194.9211217859289,4497068,14501,55.27428779118961
2022-02-21,187.47915649414062,193.64988951730334,187.02892786917656,192.53756472752661,5793689,16853,58.15942268646199
2022-02-22,185.43988037109375,186.68462428171918,179.74585386656454,183.26820191321937,9895715,15233,69.88233347228734
2022-02-23,186.55224609375,188.51204129746932,184.38056715820437,186.55224609375,9341304,10269,46.27208125926847
2022-02-24,179.0572509765625,186.15493363073347,177.81252332244497,181.14948097997856,13040748,8004,63.51507365191479
2022-02-25,192.0608673095703,193.6234046297213,183.00338813704496,183.21525568636704,12293768,4827,60.21721609190828
2022-02-28,201.43614196777344,202.01878985824305,188.9622559917732,191.16041214883492,13822663,6570,55.555522219955336
2022-03-02,205.1438751220703,209.75207102708478,202.33659376855147,203.39594766262766,15610682,5390,53.94136200081279
2022-03-03,209.7255401611328,212.40040159574673,203.02511555828275,211.87072478378727,59451460,6668,75.44938239437565
2022-03-04,197.78135681152344,211.2086698385388,196.24529699104357,208.37489511063512,19180902,5618,76.27450682996141
2022-03-07,205.1968231201172,206.1502512169203,197.80784023328613,198.0991560558212,17901437,3271,62.65972805975426
2022-03-08,201.9923095703125,209.9639412594479,197.30466529615654,209.9639412594479,19093725,7095,45.75969968882981
2022-03-09,203.58258056640625,205.63897026909723,200.40203785355445,202.8697054967836,10587981,5496,76.49191286631185
2022-03-10,207.42115783691406,208.10662101548945,199.30528049655774,203.71965667260693,12346925,14825,57.7632963659192
2022-03-11,207.3937530517578,211.1226661759539,206.29701192876584,207.17439143920623,9045446,9619,66.62562321016341
2022-03-14,206.07766723632812,208.38083047769024,203.8019325662577,207.39377007993096,5116985,17050,71.74117920172564
2022-03-15,196.1521453857422,203.66481161002025,194.0134869295821,203.3906263448654,8197001,17204,67.2841592265724
2022-03-16,204.73414611816406,205.91313944174777,197.02952992764807,198.510137091645,9118574,5365,75.63003254395855
2022-03-17,207.53082275390625,209.75171658851468,204.81638208054963,205.58409743480073,10989483,11498,58.83412500204677
2022-03-21,219.37562561035156,223.4335809531898,208.6824001886933,210.0259146920574,26819133,3146,74.52417419282767
2022-03-22,221.56912231445312,228.12215732584284,220.44496933891543,221.92557657322814,22136086,16306,48.21912237764531
2022-03-23,224.0916290283203,225.791581134304,218.25148583230845,223.54325846090245,12118980,12579,53.975178128961495
2022-03-24,225.46258544921875,228.9173305246399,223.18685063859044,223.62554045692463,11816201,9358,72.02206375438783
2022-03-25,225.13351440429688,227.73827442187525,222.77552781920215,226.97055902684025,8213490,9638,50.74010794924178
2022-03-28,226.6963653564453,229.13662081851578,222.63842693177045,223.73516795113878,8658384,10050,56.58372791907839
2022-03-29,225.02383422851562,227.95761970104553,223.4883868134366,227.51891326747753,6273174,12272,47.58944515331632
2022-03-30,218.63536071777344,224.9964461677329,217.4563505624477,224.83194168486725,8216568,15542,50.79513034848094
2022-03-31,221.185302734375,225.298082566792,218.93697974566493,218.93697974566493,9571444,15676,76.97209747949819
2022-04-01,222.52880859375,225.32550232508441,221.10305825635302,222.2546232619514,8522750,6897,77.42043398526064
2022-04-04,231.11080932617188,232.34464324697493,222.63847637601364,222.63847637601364,11316771,9184,77.11443873285563
2022-04-05,229.71240234375,233.1671465834526,228.8898465821455,233.1671465834526,6544847,8143,76.27764115240073
2022-04-06,237.22512817382812,238.37670979667516,227.1899360146674,228.91731681640937,9864785,6401,70.9725227494638
2022-04-07,233.33169555664062,239.82989066002452,232.6736441278386,237.9928457616499,7125701,13447,65.29104089135873
2022-04-08,235.96383666992188,238.26699963191672,232.8929750338498,234.15422058188364,5251094,9988,54.48324161191269
2022-04-11,240.04925537109375,241.6943673439396,236.04615626447986,236.3203415932875,6488235,14146,51.08100124073772
2022-04-12,228.67051696777344,238.43150596210967,227.10765756956664,237.44444567636904,10163306,8564,70.32195589766607
2022-04-13,233.49623107910156,234.45587977826287,231.08340341105642,231.41242916918648,4532025,8491,74.82256380437516
2022-04-18,232.5913543701172,236.78638553105287,229.6301568879826,233.57843135412224,5410588,16240,61.095215879116296
2022-04-19,234.455810546875,239.91210394777772,231.43977266867438,234.12680162084172,6170452,11736,72.46056813440276
2022-04-20,231.35752868652344,235.22355105466565,228.9447016449185,234.67518051180357,4326156,8625,69.79887341580474
2022-04-21,233.03004455566406,233.6606672671324,228.75274472691103,231.412344929127,8243160,11590,68.40117665125767
2022-04-22,228.0124969482422,233.0301015058127,227.46412632861202,230.26081983571447,4288543,16597,51.44087406863695
2022-04-25,220.49981689453125,224.77710078914134,217.73053538274996,221.98040744192292,6329044,6147,57.66168053124661
2022-04-26,225.70932006835938,226.23026204606657,220.49979988164162,222.58360126235235,5690783,15641,65.24850156235547
2022-04-27,226.28512573242188,229.21891180223813,222.3368674361241,225.81900737339532,7572088,11083,73.48536740797988
2022-04-28,225.73670959472656,229.1914537339115,222.11746100198306,229.1914537339115,6480515,11139,54.11133227377047
2022-04-29,223.92710876464844,230.15111761302123,222.69327507494663,227.02539890513378,18580213,17274,49.382769915734414
2022-05-02,223.65293884277344,224.475494692335,219.07404126655916,223.7351910807413,9271760,11004,60.340713579749625
2022-05-04,216.716064453125,225.92868369627786,215.23545716210936,225.92868369627786,16352730,12029,70.98901587111196
2022-05-05,222.19976806640625,224.5577548914359,219.70467185998052,220.71916079072759,11573563,12214,71.41069536782886
2022-05-06,214.29165649414062,221.1889499607395,211.7051691759701,217.02679230018796,17372415,6609,67.28924933561619
2022-05-09,208.19703674316406,212.86460217985194,206.41325516065132,211.91324837339891,7155146,7593,64.69803556436915
2022-05-10,196.42413330078125,209.83222086348934,195.0268337590644,205.13493185023543,10077453,3127,49.70713987822797
2022-05-11,193.77813720703125,202.3997482598821,188.2186809334938,197.01868103339766,12430816,9866,52.73580077316182
2022-05-12,186.85113525390625,193.71868762076375,180.87547374744926,191.37005257571536,16664763,5556,46.01332558648697
2022-05-13,174.15655517578125,191.37005638211875,172.75925583758126,189.05114372806682,20305913,10230,54.62977337811133
2022-05-16,170.7376251220703,179.8349221660977,166.2187081079356,175.10789366959244,18365763,15478,78.14537552223773
2022-05-17,190.8646240234375,195.59165234392583,174.84031266106345,175.40518407138336,27785998,10128,65.27926142691666
2022-05-18,190.15109252929688,193.65921051274657,188.0402917692428,193.21326515677208,12682808,9446,46.64879737523237
2022-05-19,180.48898315429688,185.33493827975087,177.01062312318578,183.13493344443185,15575272,15908,58.13781581378274
2022-05-20,186.94033813476562,190.1511419023599,184.08629437369683,187.89169210364443,11619010,7135,63.49856175031268
2022-05-23,181.73765563964844,185.21603422941092,174.03767409273354,182.54036118275812,18449758,5702,61.98037740777862
2022-05-24,181.64842224121094,188.42678854188463,180.25112305639644,182.92679539710167,11923967,5114,74.68814182965302
2022-05-25,181.261962890625,184.591692522246,178.43764172778367,182.5700586471273,10971726,6070,52.08095615595294
2022-05-26,186.13760375976562,186.8808460973235,174.81059779360973,182.4213920719763,11117630,4480,55.938263373034275
2022-05-27,183.04574584960938,189.70518700992093,180.42953617428816,187.8916827730282,11035458,10387,48.80823985618493
2022-05-30,186.226806640625,187.1484198774269,182.65924343406562,183.8781536047475,7700826,11802,45.13135907803103
2022-05-31,190.80517578125,194.67003606846524,183.84843815160195,184.3241060056484,52366423,5643,78.7910493392539
2022-06-01,187.92140197753906,193.24302484298005,186.25654625250306,190.567352191308,9150761,13106,59.67343165297521
2022-06-02,191.31057739257812,192.05381972899062,187.68355116177213,188.0403111123631,6242334,4066,78.15470488419285
2022-06-03,188.42681884765625,193.36195951270946,187.5646685087697,192.3511425409751,10358738,13383,75.4546883336001
2022-06-06,190.68626403808594,192.29165662223306,184.32410228174794,184.5619362039662,11751642,16336,58.4954069688427
2022-06-07,187.23760986328125,190.6862652671523,185.66193970466855,188.48626064493172,11390344,10750,56.36689037423558
2022-06-08,186.25653076171875,188.75383228714097,185.24571391915143,188.42679476957392,4734993,10023,50.52182687624534
2022-06-09,180.10252380371094,187.8917090418377,177.99172230529777,185.15657293932998,11747620,14863,67.67185676772608
2022-06-10,179.09169006347656,180.3403227378972,175.22682971077364,178.28898466880204,6147803,6743,47.135524272810464
2022-06-13,172.2538604736328,176.9808711018697,170.38087516798947,175.5241269309498,7487440,11892,56.70200835502784
2022-06-14,173.11602783203125,176.11873821749575,171.3917089770736,171.837654447092,7645723,8751,52.798694409912656
2022-06-15,173.23492431640625,175.97005969482944,172.78897892249697,173.5916842606466,6160021,8778,57.84963412586527
2022-06-16,159.02415466308594,176.26737872268927,158.07280074102894,175.8808781497275,14390002,17611,53.8636925446947
2022-06-17,156.9430694580078,161.72954316476807,156.25927194655685,159.0241481384368,13852870,6568,49.44185976319505
2022-06-20,137.02413940429688,156.25924339187083,131.8511751585189,156.25924339187083,49070694,10667,56.469219091017095
2022-06-21,140.35389709472656,144.8728054580013,134.97282028637395,140.59173103439983,51220904,14731,66.22208039278856
2022-06-22,132.059326171875,139.64039939303757,131.40526916681793,139.64039939303757,22944315,8790,71.06527262239078
2022-06-23,130.48362731933594,134.37821911259832,128.49174323191176,131.43498117225502,20938353,6361,49.66215533239419
2022-06-24,131.67279052734375,133.72413725006257,129.3241469151648,131.07819674842347,21355402,12840,60.84544870085247
2022-06-27,135.44850158691406,137.44038584577862,133.6647197637487,135.29985310165029,15977006,17015,46.944625995270286
2022-06-28,139.6106414794922,140.17550383734493,131.99983818405335,134.9133444968407,23261360,3229,58.89464115301408
2022-06-29,137.9755096435547,139.93767123331347,137.2322673044629,137.767398159496,14692258,11371,72.67278646118025
2022-06-30,132.5944366455078,139.34308088415682,132.17822273965243,138.27281007425537,13598410,5567,61.08500141394268
2022-07-01,127.21336364746094,132.9512002512544,122.48634393631974,131.46471549474566,26130465,16354,53.74584467668993
2022-07-04,128.78904724121094,129.2349926830811,124.50796374103096,126.58904246975831,10536164,17631,59.59136917849959
2022-07-05,129.05662536621094,132.83229170117673,128.55121685334282,130.63229578644942,13760066,8562,45.51986778746239
2022-07-06,127.51065826416016,127.83768671916107,122.63499016663708,126.94579588158554,21776088,15466,53.901287037505874
2022-07-07,135.3890380859375,136.10254899812912,128.4620223262026,129.62147869261193,18550009,11516,67.79985470960197
2022-07-08,133.18905639648438,138.54040241241455,131.4350059058197,138.18364238223876,20385518,11380,58.39602665717263
2022-07-11,136.4295654296875,138.12416163516184,131.58362888429374,132.59443667668955,16001815,9696,55.09756342529624
2022-07-12,137.20252990722656,140.79982448858132,133.9025322487477,135.805230740597,17927232,9448,64.5737403033857
2022-07-13,137.91604614257812,138.89713147040052,135.56740217385942,137.0538868468184,13199027,16250,68.0283084416036
2022-07-14,135.50794982910156,140.29443266752227,134.67552197580366,140.29443266752227,15126859,8524,70.01322212612068
2022-07-15,135.47825622558594,137.17284380320058,133.66474258123193,136.90527829860721,12239038,15454,61.90913826753932
2022-07-18,141.18630981445312,141.54306975848456,136.25117897685698,137.38091275110168,15984360,14920,51.6379687964132
2022-07-19,141.9593048095703,143.118761191364,136.4593108012414,141.15659935221427,20854834,7171,70.84629144357878
2022-07-20,150.55116271972656,154.47547673074232,145.67549490876516,147.45927647907658,58620970,14086,47.67013951215787
2022-07-21,151.50254821777344,152.2457816214572,149.3025523019853,152.2160591806258,19890154,8685,67.30044019956404
2022-07-22,153.61334228515625,154.5646961827025,151.68091205240168,152.8106368670526,15511814,6221,58.73552155944805
2022-07-25,153.4052276611328,155.4565838938976,150.78901810532747,154.83224940561155,23018426,11586,47.51713881348633
2022-07-26,155.27052307128906,157.5217527502034,153.63034929974603,154.3700351255563,18479077,8077,52.65775661569161
2022-07-27,156.5569610595703,157.0715298753561,151.7328968139231,154.37005586071044,10992106,12774,45.64314122539434
2022-07-28,157.90768432617188,159.25842608127158,154.788119223223,156.4283028359633,11285482,8771,45.09836172216945
2022-07-29,163.56790161132812,164.98295815893684,157.7468635028431,157.97199037353195,20997947,12692,76.96106298785782
2022-08-01,164.2754364013672,165.56185331857313,162.89254214120365,165.14377174631406,10114375,10015,67.70652751599073
2022-08-02,162.47445678710938,164.0181531259918,159.00112530275098,164.0181531259918,11012297,6060,59.59787054247363
2022-08-03,160.09458923339844,163.69656070319172,158.39009066075036,161.76693523321305,9843948,13536,71.88662249238283
2022-08-04,160.9629364013672,163.18200389133648,158.06849798455937,160.73780948755987,9463532,4229,70.63369161933774
2022-08-05,162.89256286621094,165.2081175376252,160.89861246501624,160.89861246501624,13811834,10889,64.82802470832368
2022-08-08,165.14378356933594,165.94779420015064,162.8282290267565,162.89255380305482,7700478,3940,45.30293283964023
2022-08-10,164.886474609375,167.13770397310583,162.08851418861994,165.78696242903487,11891569,4088,59.94001050536299
2022-08-11,165.01513671875,167.5236656312999,164.3397756294734,165.947796917433,6782061,8091,60.53918952800901
2022-08-12,168.81007385253906,170.41809505658622,164.2111273202146,165.01512810765564,14399499,9949,63.713366807353054
2022-08-16,168.84222412109375,171.54370755869718,163.69655633835566,169.80703683035713,18353026,12000,78.15185771200308
2022-08-17,171.28640747070312,172.86227607167356,168.9065479125175,170.77184854708588,14443487,13200,75.36151002751082
2022-08-18,170.77186584472656,172.54068931392806,169.13169193404275,171.70452607106313,9656896,16042,53.20976041037581
2022-08-19,168.5206298828125,172.3798809488311,167.4593397654906,171.57587031007725,11007005,6360,59.047416677855445
2022-08-22,165.20809936523438,169.9356855432752,164.05032215687922,167.2342021189191,9077185,11050,72.759735695012
2022-08-23,168.68141174316406,169.42109751610974,163.08550033271328,163.08550033271328,6629601,6283,78.22371624947873
2022-08-24,171.54371643066406,171.89747325735712,168.35982647376323,168.6814307268172,7607934,11582,70.74315464616765
2022-08-25,170.73971557617188,174.50246984906116,170.19298438883604,172.66934120500412,6531499,8172,62.48797812637436
2022-08-26,173.40899658203125,176.88231817676038,172.7014633834915,172.7014633834915,11188255,5115,76.33664831189887
2022-08-29,171.12562561035156,171.86533114071514,165.97995724840402,167.94175508889674,7471816,8687,72.51307572317104
2022-08-30,173.8271026611328,174.95271757198196,172.47636084228057,173.02309201052628,5956473,11819,72.69053869466443
2022-09-01,169.29249572753906,172.95877263124132,168.64928718697723,169.48545043804086,8676894,5364,49.29667858762687
2022-09-02,165.4653778076172,170.9648023378955,164.66136722546162,170.7075228774386,10204135,8194,60.2486984100365
2022-09-05,167.49148559570312,169.0673542358783,165.65833748731873,166.20506862549163,6625211,13878,64.55638152743253
2022-09-06,169.71055603027344,170.28943971821352,166.14073730117485,167.8774079941595,6046145,16738,53.169473600253795
2022-09-07,168.48846435546875,169.42110484722187,167.23420000377465,167.23420000377465,4912037,10118,46.113492740604194
2022-09-08,168.68141174316406,170.45023493589503,167.8774012010136,169.61407182372403,3584327,13469,75.04067841053491
2022-09-09,171.51153564453125,173.56981061273632,169.6783875680306,170.4502455883987,9391783,11774,73.05796579165923
2022-09-12,173.89141845703125,174.85623118792378,171.99394556794314,172.34772201343623,5914506,11305,71.35233338528548
2022-09-13,178.5225067138672,179.77677110814824,175.3386364985744,177.1717846020755,15735934,6777,52.28571520622534
2022-09-14,196.56451416015625,202.51419256220953,175.82104081245689,177.52553934775267,61991651,12775,54.55307076762742
2022-09-15,202.09613037109375,206.40561579563112,195.92132448413213,203.86495384954196,72693576,7155,74.38906062562077
2022-09-16,187.01287841796875,192.89823248878008,184.6008464521308,190.4862005229421,45232346,15137,64.93615825149978
2022-09-19,181.15965270996094,189.61783974724085,180.35564216213655,187.81686397177972,17630437,13817,58.654458293822096
2022-09-20,180.16268920898438,184.98675254216408,179.90540975704758,183.5716861127658,14832173,10310,69.03570220391781
2022-09-21,178.7476348876953,182.22095679702977,178.16875117433378,180.74158512630973,8891248,11622,55.67679046232661
2022-09-22,180.51644897460938,182.1244701121512,177.20392935710615,177.20392935710615,8750415,8621,61.95999418599912
2022-09-23,179.80894470214844,184.5687037390479,178.9727814276485,181.35266094609824,11611515,5410,63.333805714785555
2022-09-26,169.99998474121094,178.29738941332047,167.23419626995044,177.52553142502433,13655836,10969,68.64829564664112
2022-09-27,168.64926147460938,172.57281727051532,167.26634761990783,170.77184148318682,8506360,12190,64.71195111583316
2022-09-28,165.17593383789062,168.39197631626985,164.14680613355893,166.91260462788162,7527753,8098,68.65104259911706
2022-09-29,167.0090789794922,169.80703981130696,165.04730095455034,167.23420587477202,7865169,12028,58.73506268783806
2022-09-30,173.6984405517578,174.79190280922202,167.42715793026778,169.0995038884981,11747174,14442,76.1633577291895
2022-10-03,172.60499572753906,175.59591116775024,170.83617244654525,174.30949423611835,6570803,12716,49.27153362206711
2022-10-04,179.5516357421875,180.67725053501945,175.46725813950735,179.4551584000633,11559416,7271,59.67582368473071
2022-10-06,188.07415771484375,188.84601575108172,181.38479337438736,181.38479337438736,16940276,10219,73.9599121922151
2022-10-07,187.7525634765625,188.13849251524758,184.7616477777944,187.81688825453773,8499499,14641,46.16773145679438
2022-10-10,191.0650634765625,191.6439667886985,184.27922213612987,184.40787167864104,11439140,17098,68.35061363567357
2022-10-11,183.9897918701172,196.5002056109245,183.3144307663289,192.96255870139885,21039535,15207,78.28891492179065
2022-10-12,184.98678588867188,186.53048250772994,180.29135162045955,185.24406538698696,10044150,3328,65.82372284821098
2022-10-13,188.46006774902344,189.68215982565883,184.82594408856946,188.3314182128878,10965277,7157,61.577927493997066
2022-10-14,185.1475830078125,192.54448125149065,184.24709497354593,192.54448125149065,10076381,9125,75.10751753031809
2022-10-17,180.13052368164062,183.82897237407596,178.58682728367447,183.79681980232934,9189148,13829,70.05157288493493
2022-10-18,179.90542602539062,182.92849421005243,179.45517222191307,181.70640198096933,6076753,3464,62.712554796602106
2022-10-19,178.3295440673828,181.9958401108757,177.71848818374593,180.7415757725323,5047001,15854,46.278154693227854
2022-10-20,181.9315185546875,182.5747270207609,176.04616501594904,177.139607630775,5655577,3900,47.655996155002825
2022-10-21,180.16268920898438,183.2179293199982,178.6511454387553,182.67119821640503,5352956,12691,45.923746087843824
2022-10-24,181.22398376464844,181.8350396538525,180.41997318894013,181.8350396538525,1607171,5975,55.62714993706837
2022-10-25,180.09835815429688,181.64205444121532,179.26219505738865,181.38477499825615,5339921,10784,46.01766499172837
2022-10-27,185.46920776367188,188.07419479857694,182.67124636707476,182.73557115430543,14336599,16488,66.27770403083593
2022-10-28,183.2179718017578,186.36968998437425,179.80895447838202,186.36968998437425,9449012,12933,62.84063604782283
2022-10-31,180.61293029785156,183.2822611483361,176.1104710134975,176.23912055900206,12599029,11651,68.81383579254964
2022-11-01,184.53651428222656,185.7586065034667,180.74158806714806,181.0953448896346,9070975,7779,73.89673693956301
2022-11-02,191.19374084472656,192.6088075016361,183.47523827067536,183.63604040763477,20332664,7032,58.892708628087654
2022-11-03,194.827880859375,195.72836897282582,188.13851535052348,188.13851535052348,19690261,13875,73.4969601971364
2022-11-04,207.0809783935547,208.78547694306258,195.21377406262837,195.21377406262837,52129584,5187,63.48158407962505
2022-11-07,197.17556762695312,208.68901605273723,192.0298993711092,208.68901605273723,38854124,16462,73.45297380063121
2022-11-09,197.8509521484375,202.4820418898019,194.3454577304079,198.01175428450918,20764922,9645,61.071131674506994
2022-11-10,197.56150817871094,199.23385438509737,195.53540511079774,195.79268461274157,8723702,7569,67.38076571141423
2022-11-11,200.93833923339844,202.61068532380918,198.75143417478424,200.13432857735157,15276115,14047,54.20069207399868
2022-11-14,202.44989013671875,206.46994355484264,201.35642775532224,202.6106922734437,19802445,6150,64.44585873092136
2022-11-15,204.95835876464844,205.44076507884228,200.87398137864147,203.38250991577988,10006142,16217,59.82188460711624
2022-11-16,200.64894104003906,206.24484437309607,199.13739682572086,205.82676268722162,9748748,8299,63.97428624277758
2022-11-17,197.657958984375,200.35944246477965,195.278099374652,200.35944246477965,10016310,12780,57.52642274106419
2022-11-18,199.6519317626953,204.12223907646043,198.36551465130015,200.93834887409048,18774925,10052,78.66320261314955
2022-11-21,198.0438995361328,201.90315065913313,197.143411533266,201.90315065913313,11979024,12868,62.706580767448315
2022-11-22,199.45895385742188,200.61672127140196,197.17555197267635,199.04087227066046,9990931,14576,66.22033426939592
2022-11-23,198.01174926757812,201.64587352488874,195.95347412634328,201.64587352488874,19347161,17419,72.44588637398229
2022-11-24,199.97349548339844,200.29509969602185,197.9473928697037,198.7192508316652,9754111,15439,53.04239766315412
2022-11-25,203.60763549804688,204.12221405703303,199.13734836137587,201.00264901843394,11546335,10459,75.4074394928534
2022-11-28,199.7484130859375,204.44384741325143,199.16952930015023,204.2187204884542,16890293,10030,74.33050968574781
2022-11-29,205.74668884277344,206.49647386489985,201.07759477004447,201.75921373536667,14184054,9245,73.88990440832576
2022-11-30,207.45069885253906,209.35922329078858,204.92870081502141,205.16727157014165,10300275,9790,51.64331376165038
2022-12-01,211.47225952148438,213.00590201599957,207.68928302222326,208.57537925406677,14208907,17426,64.56770258102239
2022-12-02,213.9260711669922,215.28930880922076,210.21124027137702,211.40407320832705,14526593,12413,55.33607098919809
2022-12-05,217.6068115234375,219.61759539290432,214.77809753861152,215.0507409103979,17018137,13204,49.240951905471874
2022-12-06,214.33505249023438,217.368243846454,213.4148628962564,217.09560047081212,7693396,11715,48.223479737106544
2022-12-07,213.27853393554688,215.05074710524332,212.0857009484338,214.70993768035387,5552148,9788,73.57931060850012
2022-12-08,213.9260711669922,215.73235688267394,212.05161940892788,213.14221368298186,5763591,17962,73.53326313870748
2022-12-09,210.51795959472656,216.4139577479026,208.57534195545887,215.3915296010621,7643243,13887,64.94591036660984
2022-12-12,210.5520477294922,211.02918922038992,204.17890765090033,210.41573644734672,8476131,12357,55.16986216033633
2022-12-13,213.44895935058594,215.49381609825502,211.23369787394444,211.47226865477754,8177297,3114,52.28543081890664
2022-12-14,215.42564392089844,216.75480908963277,214.02833350359964,214.36914295185377,7878753,12256,55.421483630954036
2022-12-15,211.9494171142578,216.07320336905414,211.5063481634232,214.70996549290868,5846776,6157,57.331286964423896
2022-12-16,209.80226135253906,214.5735930215175,209.25697462519793,211.3018310547601,7609735,3268,74.84662486364235
2022-12-19,214.2668914794922,214.7099395754877,210.27941701281893,210.55206039486566,5148697,5309,62.07233310966073
2022-12-20,212.73324584960938,214.3009608737816,209.3251516219686,213.9601514510175,7495069,8991,78.82218452572098
2022-12-21,206.66685485839844,214.64178335546282,204.51973872326798,213.78975974671508,10996743,12026,49.873876883953464
2022-12-22,205.88291931152344,209.56367692003795,203.42910864098292,208.3708441991106,9075631,9868,47.82704208404635
2022-12-23,194.397705078125,205.06503596082763,193.54568151239226,203.80403692327184,11859798,15007,51.16251499531997
2022-12-26,201.8273162841797,202.74750575808523,192.08015566634666,194.77255805270852,7669940,10897,71.03439868118471
2022-12-27,209.70001220703125,210.6202017145989,203.8040139568449,203.87217999469328,11251874,5973,59.017522864365915
2022-12-28,207.82559204101562,209.222923223741,207.28030525837383,209.222923223741,5313187,4053,64.1743977129863
2022-12-29,209.3251495361328,210.27941175009215,205.20134308096561,206.56458075843784,6837877,4551,47.97435410684957
2022-12-30,210.21124267578125,213.92607361388679,209.52962384687058,210.96102754785417,6318160,6613,52.73062789705613
2023-01-02,215.459716796875,216.7547884164505,210.75655101980811,211.2677651434318,13487019,14017,57.093590961164
2023-01-03,217.81134033203125,219.2086717449015,214.19876799897315,215.45976729304994,10680716,3795,70.02628926656521
2023-01-04,210.14308166503906,217.02743616217174,208.71169873113317,216.7547927843495,16035314,6031,61.27250537933486
2023-01-05,212.22203063964844,212.66507872672454,209.56372131583564,211.30184104257887,6589413,13157,55.69556300616597
2023-01-06,211.06326293945312,214.36911836868487,210.34757150073582,212.83547602741447,4971988,3176,49.4768535246384
2023-01-09,215.0507354736328,216.00499765143806,212.80140171156643,212.80140171156643,6356082,5999,55.97721625050649
2023-01-10,215.42564392089844,217.91356953424,213.34671460709137,216.4139996413786,8269189,17428,52.63765323765951
2023-01-11,216.85702514648438,218.15209675450754,215.73235824481574,216.1754063210663,6183545,14656,57.583222104066856
2023-01-12,215.80055236816406,218.1180525158735,214.43731453993985,218.1180525158735,4051242,17447,67.84722937703414
2023-01-13,217.57273864746094,219.48126304908456,215.5960274012758,216.07316890235964,8446441,9806,57.44816856565613
2023-01-16,216.14132690429688,218.79963607957205,214.36911385366173,218.66330399823278,5228181,17941,71.83056619624138
2023-01-17,216.720703125,217.09558513986448,213.68749118162486,216.14132299182833,4146953,3312,65.60041206443961
2023-01-18,220.94676208496094,222.07142910872338,216.92521473868658,217.09561946354023,12239219,5810,77.38910130822066
2023-01-19,225.4794921875,227.66068068224317,219.17451824644985,220.57184927636052,14218085,4007,47.5427212049441
2023-01-20,225.5476837158203,232.2616338585019,224.96830350630532,230.11453854216512,19053763,12920,68.63047318857701
2023-01-23,224.3548583984375,227.9674510753975,223.87773764579927,225.58178490813188,4686210,9208,52.84671536821659
2023-01-24,224.69564819335938,226.19521797356515,223.09383974662964,225.75216988439047,5123504,7447,56.1904260816508
2023-01-25,222.378173828125,226.77462420596015,221.2535067644384,224.93424479166666,7049679,3696,45.2715113557212
2023-01-27,217.9475860595703,224.5933685899247,213.65339643742084,223.57094050833172,11670027,5152,47.80847696555434
2023-01-30,219.41307067871094,221.42385430454894,215.6300949503043,218.11799921862104,9562174,5089,55.32618499684568
2023-01-31,226.57009887695312,229.3647402888869,219.58350574779683,220.3332906341239,12559707,9565,47.09936604244864
2023-02-01,223.57098388671875,230.5575771331787,219.03822267245752,229.70555356653728,11727712,14009,67.7152329489655
2023-02-02,222.9234619140625,228.17193597625553,219.82210411454042,224.2526271432056,11308985,6037,73.46458329700057
2023-02-03,222.7462615966797,228.8057101783703,218.2814229600557,227.14024694382417,11362212,17626,57.006217675995565
2023-02-06,217.0411834716797,223.17148522618018,216.15530109016262,222.74625735745443,7244255,6330,61.22356187152181
2023-02-07,218.38772583007812,218.95470354522757,212.00937252356803,216.86401242134284,10473033,6414,66.27765280444916
2023-02-08,222.60452270507812,223.59670661803935,219.30904466689148,219.34447130993084,7819410,14361,60.77253760769008
2023-02-09,219.7696990966797,223.73845637525378,218.9901182981761,223.20692696190866,5202003,14760,66.98310067328893
2023-02-10,220.19493103027344,220.90363692785658,217.9270635068124,219.69882825077022,4235865,8631,72.39561766525743
2023-02-13,218.81295776367188,223.10062002574023,218.28142831161438,220.4075461198444,5188595,15278,64.04195450524358
2023-02-14,222.6754150390625,223.0651946549367,219.0610104188176,219.69884143933402,6566932,13917,56.29719330732744
2023-02-15,221.82493591308594,223.80930368539492,220.47839909416294,222.46276686647192,5810417,11127,68.57794608029725
2023-02-16,223.1360626220703,224.4825995407582,222.60453318353655,223.8801951848223,4366228,17622,77.6094046706252
2023-02-17,222.53367614746094,225.2976251243314,221.82497017246902,223.13608055180205,4291109,3734,48.463955145500904
2023-02-20,220.30126953125,223.73849803650856,219.80516666855613,222.073034572312,5264100,14914,54.78899163847104
2023-02-21,218.31683349609375,222.46276714018367,217.572700987559,220.86817894076344,6336180,17063,78.63388428618494
2023-02-22,214.91505432128906,218.17510563741544,213.42676767392848,217.46639976990912,6166923,16585,60.64644375777388
2023-02-23,214.66700744628906,217.39552941903656,213.78112509331825,214.4189560618598,4584146,6655,62.81176845055194
2023-02-24,208.67848205566406,216.0490198370672,206.94214377349192,215.37574051263556,10491706,8162,64.39308757583441
2023-02-27,203.6466827392578,208.32414687877701,198.96921859973864,208.32414687877701,10621491,17996,74.7424022433604
2023-02-28,190.1812286376953,200.45746397410454,185.6455152975673,199.92593456015234,51008515,4339,57.08390854335666
2023-03-01,197.44546508789062,198.36677409280114,188.62206811476264,189.25989908954585,18728209,10609,76.20821143508532
2023-03-02,194.82322692871094,199.8904692508705,193.97279291566886,198.43763096109944,11979398,6539,65.6325026371943
2023-03-03,204.99319458007812,206.1625550636666,195.99262042787302,196.24067183420732,16106822,16221,67.3295836279845
2023-03-06,203.3631591796875,208.78475478976873,202.83162977422882,207.29646812888703,10687170,10135,68.05449699236033
2023-03-08,202.01661682128906,202.37096978651007,196.55959413367904,201.20160932687853,9159693,3757,48.801590928051745
2023-03-09,202.3355712890625,206.09170459174337,201.69774018853067,203.39863033261275,6175922,13479,75.48175080651313
2023-03-10,198.3313751220703,201.94577998746473,193.15780843144995,199.0755077584793,12081164,15286,72.10128976393915
2023-03-13,197.58718872070312,203.68206355346808,195.35476954658213,196.9848060311051,11122038,16979,52.45209299299033
2023-03-14,198.01243591308594,199.67789920275283,195.28391371018344,199.67789920275283,8027650,15961,76.463002643554
2023-03-15,198.7211456298828,201.9103224301669,198.22506443774333,200.59921208667444,6345240,12149,58.082429796351995
2023-03-16,194.92955017089844,197.5517706659101,190.50013827255964,196.24066041840427,11692502,13565,75.64318088521134
2023-03-17,201.6268310546875,203.2568459937411,196.66588969306073,198.4376544650703,14420400,12759,60.522788942700025
2023-03-20,198.36679077148438,200.7763866721462,194.89413594747268,199.1817982871214,8043963,17526,76.58643610741399
2023-03-21,201.0598907470703,201.55597194534565,199.28812583610912,199.85508195642086,4662762,5053,75.08648421337654
2023-03-22,202.22921752929688,203.96553387561394,198.50851183692112,201.98116615754128,9306264,14020,62.49011124483435
2023-03-23,192.23648071289062,201.98118710847493,189.40165703417517,201.98118710847493,31634089,14688,48.34064610253268
2023-03-24,191.1734161376953,198.08329864869634,190.110357289849,197.72894569941423,21108973,7427,71.55313894031988
2023-03-27,193.29953002929688,194.32716221318645,191.03166254732747,192.41364767352556,9242191,5055,52.59090884313238
2023-03-28,194.3625946044922,195.46108010694138,191.35059450578993,194.7523742013644,10805861,14074,66.49535550298208
2023-03-29,199.6779022216797,200.17400503988577,193.40585021316483,196.3115489455378,24728158,11810,49.55464325262461
2023-03-31,194.50436401367188,201.98120341885817,193.47673169595888,201.94577677120878,41562626,13349,65.72608822786091
2023-04-03,200.13851928710938,200.5637471048014,196.02803418138527,196.98479136419604,13738062,5414,53.68679042443344
2023-04-05,202.8670654296875,203.57577133511873,198.72113155731728,201.27247714246724,16288540,6478,60.050832433016744
2023-04-06,208.55418395996094,209.5465627345089,203.05787135657332,203.40139963042384,23000052,15859,66.96180477531759
2023-04-10,206.03506469726562,208.40153365815314,205.4243735508829,208.40153365815314,9479279,15657,74.45287392392483
2023-04-11,208.210693359375,209.05041117243653,206.2259121547862,208.40153725796287,8814894,12679,64.40226796028952
2023-04-12,210.38632202148438,211.1496976287493,208.40154078332066,208.43970024513402,7011009,10885,59.11550699016585
2023-04-13,210.46263122558594,212.82907659977604,209.0121991622164,209.92825906577914,6795496,11456,59.71921610388546
2023-04-17,212.98179626464844,213.5543279750373,208.7832303884636,209.9282938092413,8147387,17884,45.30035605709878
2023-04-18,213.43978881835938,213.97413767641441,211.45500791154006,212.98175887119018,4609166,12919,54.68422970611179
2023-04-19,214.92837524414062,216.7986546467906,213.7451524686668,214.50852801319775,9731032,16553,66.79848103569887
2023-04-20,213.43978881835938,215.9207591277908,212.82907445667684,214.16498154637068,4378157,17153,67.36989822616172
2023-04-21,211.26422119140625,213.63069047829995,210.69168942665988,213.43984655671784,4599260,10311,50.17726174176959
2023-04-24,210.11911010742188,211.26417337776203,208.85954516932205,210.3099539858119,4484853,7128,45.446543283753954
2023-04-25,212.75277709960938,214.81387712612297,210.27180653883278,210.61531156173177,5696665,15406,68.47195398059921
2023-04-26,210.84434509277344,212.18025236143706,210.08096951067992,211.91306624842952,3570055,4709,56.55719384813513
2023-04-27,210.76800537109375,212.06572989819531,209.92828756157263,210.99700872988396,3689315,7859,72.63743372467559
2023-04-28,213.24899291992188,213.74518243415451,210.88252374083996,211.45505547950287,4837041,9740,48.32666088269729
2023-05-02,214.58486938476562,215.9207765824519,213.82149384323063,215.2719027128726,4879314,5276,50.59866531361389
2023-05-03,212.40927124023438,213.9360225159953,211.0733638739436,213.17264687811485,4587957,7565,77.68033407394934
2023-05-04,212.33291625976562,214.43219913780754,211.76038456575418,212.63826183729688,3969851,5411,76.58907966793895
2023-05-05,209.69927978515625,212.371094297836,209.20306702427388,212.3329115412592,5353349,16708,76.54173525970396
2023-05-08,213.0581512451172,213.74518467945444,209.73746246671467,211.14971209619347,4388448,16269,50.11927849663283
2023-05-09,216.6078338623047,219.8521802725771,213.5924908212661,214.12686307797873,11933072,15189,76.74368137516313
2023-05-10,218.24903869628906,219.47044408787823,216.72228778089513,218.32538090133278,5747802,15183,48.28708993025032
2023-05-11,214.85206604003906,219.08879118517495,214.50853771092045,219.08879118517495,5313663,16282,70.88386268919174
2023-05-12,210.00462341308594,215.4245946050835,209.2412478450968,215.4245946050835,9987592,13072,76.61131084742875
2023-05-15,211.56954956054688,211.989420131628,204.9663550713411,207.6381697556975,9215600,5551,46.95345641800852
2023-05-16,213.6306915283203,215.34828683100156,211.53140838059878,212.2184418423958,5374740,17780,51.15668801570098
2023-05-17,213.32530212402344,216.03527594900436,210.30995944858907,213.4779632528777,8194381,10260,65.19003967651403
2023-05-18,212.6382598876953,216.95135058013574,212.21841263448604,215.2719149745506,7505208,5758,60.90744020914712
2023-05-19,215.23377990722656,215.5009427551617,211.6077454674457,214.50856370071972,6918149,12169,67.72036777404534
2023-05-22,219.47048950195312,219.73767562670875,215.65361142365828,216.79867484714674,8718882,14563,72.49337257863093
2023-05-23,220.11936950683594,223.6690615582983,219.8521833747096,223.6690615582983,19814977,4831,69.41662904298795
2023-05-24,222.40948486328125,223.63089047785527,217.25669958311292,221.37892314797267,12159427,6207,72.71253147641009
2023-05-25,225.80648803710938,226.3408602635324,221.87510844560106,222.48582288956652,13711792,10784,71.68823168576665
2023-05-26,227.21871948242188,227.63858999737914,225.57746676926342,227.48590557441793,14274998,9192,63.58856648031686
2023-05-29,229.27984619140625,229.73787617087146,226.87521791967953,228.93631788271423,13277968,15230,48.85758623806339
2023-05-30,232.3304443359375,234.64887280316213,230.21538635135542,230.3780926676688,14960466,7619,71.61835391341133
2023-05-31,226.39195251464844,230.41869695473375,225.98521165506375,227.77488136743318,13042404,10368,70.57452133892006
2023-06-01,226.2292938232422,228.18164518054368,225.82255292274212,226.1479406780433,5137986,7089,45.895737729086584
2023-06-02,227.85626220703125,228.7917613327149,226.67670364062906,227.49018545870092,4851414,5364,72.05393196377804
2023-06-05,226.39195251464844,227.81554552319488,224.76498907630963,227.81554552319488,6297485,10953,76.96637053736774
2023-06-06,225.65988159179688,227.61223325155862,225.37515795223828,226.96145764013747,3892263,9455,68.13291906375721
2023-06-07,226.51402282714844,226.88007475104206,225.09042964140716,226.10728191693664,4434944,10950,58.72471018872511
2023-06-08,225.78187561035156,228.38502743833317,225.41582367627322,227.65289874468075,5236354,10133,73.46490002504234
2023-06-09,225.13111877441406,226.88009991722774,224.60236049758635,226.88009991722774,3951837,12882,49.25210994119508
2023-06-12,226.02589416503906,227.36813399814093,225.09039517987662,226.79868688082925,3615243,16679,74.67015114315387
2023-06-13,226.14796447753906,227.20548099993306,225.45649990882129,227.20548099993306,4423326,11318,72.50267485881533
2023-06-14,228.58839416503906,230.21535782457673,226.96143050550143,227.04278365357737,8520513,15214,78.97291328343088
2023-06-15,228.83242797851562,230.05265071887493,228.2630055949784,229.32052203975837,3650454,6965,54.73216960491487
2023-06-16,227.8155517578125,230.09331552911743,227.04275899874773,229.5645573622852,4363955,16918,46.05351906857277
2023-06-19,228.2222900390625,229.32049534263362,227.4901614451792,229.32049534263362,3070098,16343,62.309000363497915
2023-06-20,229.93064880371094,231.31357793223617,226.96144490181524,226.96144490181524,5600444,5131,72.82569000526885
2023-06-21,228.791748046875,230.33735844635962,228.0189304343859,229.93061756094295,3186136,8815,77.52999920615335
2023-06-22,228.3036651611328,230.09333507450444,226.96142513885147,229.40187057045202,3205576,3469,74.3860927733572
2023-06-23,224.68368530273438,228.46637074488487,224.4396258650344,228.46637074488487,5178936,11390,48.20877912780139
2023-06-26,227.61221313476562,228.3036776767241,223.1380629315587,224.68369831669975,4184383,9806,77.0183931474713
2023-06-27,227.40882873535156,228.22231054062985,226.71738906126063,227.77490547792462,5026622,8556,55.55522345107104
2023-06-28,227.7342529296875,229.03580402410128,226.96143524507048,228.9951398619618,6885093,17081,72.05954187396706
2023-06-30,226.10731506347656,228.01897776131906,225.65988510135492,227.73427894283097,5227979,6808,59.41576653030993
2023-07-03,226.2292938232422,228.05962787549257,225.9852343876455,227.20545708914574,3717787,11130,74.76641692306568
2023-07-04,225.78187561035156,227.69356290663532,225.33447052686833,227.69356290663532,3459962,11105,51.82470660316473
2023-07-05,225.7005615234375,226.71741389140126,225.33448474077161,226.71741389140126,2945805,9291,59.20956742424906
2023-07-06,227.77493286132812,228.1410096479114,225.13111667633055,226.96145095825196,9098372,4127,66.35106360207318
2023-07-07,228.2222900390625,230.2559943695674,226.9614032843464,228.18162588264934,8454807,3256,63.32944977799055
2023-07-10,229.60525512695312,230.94749523168372,227.40884417339672,230.21536652233033,8227148,13865,69.14606591148471
2023-07-11,225.78187561035156,227.61220975723046,223.70750684075378,224.6836949826208,13640445,6017,52.68227549839947
2023-07-12,225.8632049560547,226.22928167704796,224.56162917923686,225.78185181522363,5782947,4520,55.20709173356013
2023-07-13,226.1886444091797,228.91381388439245,225.74123927055467,226.554721213872,5632082,5643,63.39131563388835
2023-07-14,231.72032165527344,232.98120865633584,226.75807715424259,227.4495417268079,10425854,6356,66.05967246597825
2023-07-17,230.90682983398438,232.45244039557488,229.7272712123648,231.84232900346052,4852437,12977,66.02208402831927
2023-07-18,228.9544677734375,231.76096515228934,227.9376155001952,231.35422424299242,3886657,3903,55.4821022475618
2023-07-19,230.74415588378906,232.0863961695288,229.44257976635978,231.028879538461,5190259,8990,48.32890185242127
2023-07-20,229.5645751953125,231.19153880456207,228.9544638418439,231.02883251343928,3435623,11764,65.87091918298596
2023-07-21,226.35133361816406,229.40189067501262,225.98525684114347,229.40189067501262,7273251,10615,68.99435503447957
2023-07-24,220.6975860595703,223.54477214863843,219.88410431983655,221.67377407744783,16254554,17269,77.22558534436622
2023-07-25,225.25311279296875,225.94457731059344,221.34840995596304,223.62614913996717,7486014,3465,45.22458319249147
2023-07-26,226.92076110839844,227.6122007873519,224.3582735433555,225.49716793915002,4427527,10130,54.75157291492216
2023-07-27,225.4564971923828,228.30368376121265,225.13110940675875,227.36818456798218,4048684,17572,62.48316952748486
2023-07-28,226.7987060546875,227.2461359205419,224.68367332698782,226.02591327356438,3466932,8358,69.95700873595311
2023-07-31,224.52098083496094,229.27985441558354,224.27694622077306,228.18164900074834,9590319,14961,58.220406260025136
2023-08-01,225.25311279296875,226.96142959371943,224.19559634871578,226.96142959371943,5615483,4074,56.32754749944263
2023-08-02,221.38906860351562,225.6598480862833,219.9248112824788,225.537830780446,10728356,10710,46.11805079034658
2023-08-03,206.66505432128906,212.31875036375138,201.41809917990673,212.2373972184365,226675327,17416,51.62499933206466
2023-08-04,200.97068786621094,207.11247814332287,199.62843540385668,207.0311249955144,31876311,6502,66.51187087101087
2023-08-07,193.56800842285156,202.15024463119227,192.79520312914514,201.74350369632066,34406950,12690,76.67354054251538
2023-08-08,195.2763214111328,198.3268783616939,192.9578931636072,193.60868112894315,24176083,8715,48.731993233933935
2023-08-09,198.53024291992188,198.89630726055125,195.43900948608362,197.5947313685938,10427414,10304,76.41708172833461
2023-08-10,198.36756896972656,199.22171504610878,196.6999285695656,199.22171504610878,8194222,4922,60.462752860091236
2023-08-11,193.77137756347656,198.40822170671345,193.4459897829066,198.36755754370333,12825769,4681,77.59008204893013
2023-08-14,190.354736328125,194.34079208100837,189.17519023086336,193.77135731813172,8996918,15524,65.42149248259366
2023-08-16,192.38844299316406,192.7138307434871,188.76845151664548,190.35473852177756,7462518,6642,63.27746913397236
2023-08-17,190.354736328125,193.07990525347682,189.947995438535,192.71382852264833,6139153,14361,45.85362197526363
2023-08-18,189.8259735107422,191.98169520793604,189.25652634899595,190.35473168922474,5574667,7781,51.588168252779084
2023-08-21,190.63946533203125,191.1275469657576,190.07001814022965,190.31406516346644,3857957,17887,50.66684641103369
2023-08-22,191.16822814941406,192.7138386459486,190.63946993027002,190.63946993027002,4862624,14511,72.11934646829569
2023-08-23,193.60867309570312,194.42215491543297,191.5749685463785,191.98170945624344,5524962,3991,76.77467640984328
2023-08-24,193.24261474609375,195.88643074212203,192.95789113526848,194.13743732786997,5052952,14497,54.463698743777655
2023-08-25,189.7853240966797,194.2594744133437,188.7277951756458,194.2594744133437,6099075,17186,74.16746273831791
2023-08-28,193.77137756347656,195.3983412918227,192.02239652060373,192.99857227506178,8338095,13503,64.10555229712324
2023-08-29,192.79519653320312,195.072948173107,192.2257617264141,194.42216021702762,4115948,4871,69.00186878304656
2023-08-30,192.38844299316406,194.5848413397121,192.18507254602542,194.21877701741192,3960361,7660,55.86263879851208
2023-08-31,188.9718475341797,193.07993360480833,188.40241268768878,192.83588655266976,11631767,11701,71.20178199735773
2023-09-01,192.10374450683594,192.63251518614618,188.97184665926196,188.97184665926196,6220159,12435,57.58455398929203
2023-09-04,196.6185302734375,198.89628158394186,192.10370422119146,193.60865037618882,14056203,8295,72.13723244210638
2023-09-05,196.37449645996094,198.44887747869052,194.25945128248412,197.6760722712904,5648932,4315,74.4191297257023
2023-09-06,196.3338623046875,200.5639657188266,195.39835066834743,199.3437428640125,10891500,14170,72.65858640183504
2023-09-07,194.5034942626953,196.82190983678782,193.24259504902398,196.3338282272273,6429626,6662,75.10909114553499
2023-09-08,193.4053192138672,195.19497688808093,192.55116074740766,194.4628481526862,6836165,4748,48.13174323851348
2023-09-11,193.8527374267578,194.25947837292694,192.38846753799922,193.60869037650662,7148576,11575,67.83016888914645
2023-09-12,188.5651092529297,194.91027063456903,187.1415159101852,194.91027063456903,10667079,13706,50.155080321621746
2023-09-13,189.7853240966797,190.5988059724368,187.9143132998887,188.56510128304404,6192848,15259,72.08026868401271
2023-09-14,192.14439392089844,193.56798703565727,190.354736487751,191.12754169607072,8069630,14698,65.8653182702416
2023-09-15,192.2257537841797,195.6830514694608,191.53428928202453,192.1444006382506,20035443,16347,69.48014158236131
2023-09-18,192.38844299316406,194.09675971422755,192.0223786708639,193.52731253204172,4974748,15318,56.812103604491284
2023-09-20,188.5651092529297,191.94105421490983,188.11769171980308,191.1682488828269,8778511,3237,55.476776984564935
2023-09-21,184.253662109375,188.56511893708907,182.7487155332273,188.56511893708907,11856688,9851,64.7449252356029
2023-09-22,183.07411193847656,186.08399261516655,181.04040710115234,185.88062213143414,7322963,9640,73.40693065624207
2023-09-25,182.6673583984375,184.25364557982004,182.0572469892328,183.3994871243838,4962618,17234,46.66330693843024
2023-09-26,182.2199249267578,184.82306422887632,181.93520132896083,183.03340673446655,4392920,16197,58.02641229470434
2023-09-27,170.0177001953125,179.33206454164497,169.2855715232068,176.9322956578013,35505658,6510,74.2315615165059
2023-09-28,169.4889373779297,173.39364007351352,169.2042137838676,170.0176955809054,17396618,16849,59.23428462122927
2023-09-29,181.04039001464844,182.83004762003688,170.8311902122703,170.8311902122703,27711678,8379,75.04090014982212
2023-10-03,187.71092224121094,190.15136760079332,183.1147551124296,187.10081090131536,46754460,8284,78.336905004199
2023-10-04,181.73182678222656,188.93114558333178,179.73879888079682,187.30418200457328,15548752,13239,47.37723688833739
2023-10-05,180.5929718017578,183.5215114447234,179.00668466712983,183.11477051724194,10155103,3831,71.17992671843905
2023-10-06,181.16241455078125,182.30129664524972,179.65748050084773,181.12173797370227,5523734,12689,56.71185658608549
2023-10-09,178.11183166503906,179.94216565376743,176.81026827625809,178.92531343780723,5142409,4861,76.17102388400862
2023-10-10,180.71499633789062,182.21994279482226,177.8678097317215,178.31522725238352,5621177,5984,57.152420774584996
2023-10-11,185.18914794921875,187.06015878539435,180.71499753837423,180.91836801159445,12216514,11897,65.44485496641234
2023-10-12,184.0095977783203,185.1891440153916,183.23679247904937,183.84690388574987,7239091,6777,53.45712745571847
2023-10-13,184.0095977783203,186.61273729769277,182.87072811757872,183.0334220101492,7221397,5320,50.64928482243432
2023-10-16,186.97882080078125,189.29723678202774,182.4639937461713,184.49769850836057,10185425,13167,67.89420901362145
2023-10-17,187.06015014648438,188.36172608008306,186.28734486648742,187.30419718562763,5064750,12425,55.00539838856398
2023-10-18,187.50755310058594,189.1345166849728,185.71789564030982,187.1821653488074,5784720,11200,58.49493179569586
2023-10-19,184.78240966796875,187.87364338805168,184.25365139506917,186.28735615660415,4657398,8466,60.302746249407164
2023-10-20,181.2030792236328,186.89745208363473,180.83701487946794,184.41632999779864,5244069,7721,77.01412644801397
2023-10-23,174.93927001953125,183.19610562871895,174.49185253049328,181.20307762781994,7384814,9743,48.59301087285262
2023-10-25,176.3628692626953,178.88465557435666,174.32916461809032,174.89859943603008,6955789,6533,54.7140585186747
2023-10-26,172.66151428222656,175.50870061903595,171.80735589863426,175.34600673948202,7706350,6068,73.11042421785726
2023-10-27,175.5493621826172,176.76958479406346,173.4749812606093,173.96307527028634,4623399,11341,66.5078620050333
2023-10-30,176.07814025878906,176.52555774945935,174.45117659289542,175.50870545827584,2745365,15640,72.33758286899592
2023-10-31,176.20016479492188,177.5017282416766,174.4511714579193,177.25768121642656,3233237,12774,45.4152241801314
2023-11-01,182.0165557861328,184.57901853377717,175.95611875759096,176.52555354454,11714180,4473,67.78904594444938
2023-11-02,186.4093475341797,187.42619977342952,182.34193857718037,182.34193857718037,7719938,15590,61.85358469612227
2023-11-03,189.33790588378906,191.69699834968003,188.07700649846873,188.07700649846873,9794909,15595,73.53701808138933
2023-11-06,189.6226348876953,192.34779179114307,187.42622383870184,189.3379112590484,7768055,4805,51.98402281675266
2023-11-07,193.4053192138672,194.34081842162138,189.62263339308026,189.62263339308026,8362338,11858,68.25572164499067
2023-11-08,192.91720581054688,195.07294004948963,192.06305984230733,194.3407989746092,5322427,17318,77.47232581859012
2023-11-09,191.3309326171875,193.8527313697408,190.55812732616255,192.79520246019433,3824543,17283,59.400161167378336
2023-11-10,199.50643920898438,200.11655064387423,190.27341452921826,190.3547676856365,17676902,15524,48.141239756237795
2023-11-13,196.8219451904297,199.0590204377977,196.37452765840632,198.8963265387207,4210127,7502,51.902402941158726
2023-11-15,195.31698608398438,199.9131533109792,193.24260500146343,197.67607835022562,6420011,4229,54.68114589885685
2023-11-16,194.25946044921875,196.61855275423426,190.63946884486842,196.04911796468716,6844037,15813,51.474352223895345
2023-11-17,194.8289031982422,198.44889495048247,193.60868042247031,193.60868042247031,9273728,16211,71.35973035359959
2023-11-20,194.86956787109375,196.3338375951351,193.64934516985053,194.5848442757048,4219360,16010,47.157189529484384
2023-11-21,195.47967529296875,197.31000930804757,194.86956395460913,196.4965275235681,4018369,8086,67.18812951409191
2023-11-22,192.26644897460938,195.35767021528486,190.31408499798704,195.23565289732343,5432510,9985,67.22549095427932
2023-11-23,190.4767608642578,193.07991258669972,189.7446322002881,192.42912465608924,3977608,17799,45.341037242496206
2023-11-24,188.89048767089844,191.57498032358754,187.99566506183425,190.9648689212831,3866099,17895,64.59704445594247
2023-11-28,190.6801300048828,191.1682240526694,188.6464254936842,191.1682240526694,7469037,4380,55.97171725962896
2023-11-29,189.90731811523438,192.55113388710328,188.44304843595762,191.49360509580634,7774049,14285,76.91642464511368
2023-11-30,189.8259735107422,191.0868603075462,187.71091597131883,190.27337854819055,19036194,6863,72.0283098743759
2023-12-01,194.74755859375,196.86261646299732,189.98869700706632,191.00554936482973,9817732,14742,64.65012140364291
2023-12-04,196.78125,198.89630772619563,194.8288985702407,198.89630772619563,12552937,17854,52.47734278832518
2023-12-05,197.18798828125,200.76731573832066,194.42215505725005,197.02529439973486,10005319,7059,73.71431348018126
2023-12-06,202.9230194091797,205.16009421456056,195.8864072591712,198.4895463683378,17430210,9565,78.33232755330914
2023-12-07,202.4349365234375,204.38728773973344,199.66909115214756,204.14324073450987,6937185,7014,61.15212407343469
2023-12-08,199.14036560058594,206.6243963724723,196.4558729289451,203.16709840167303,13224817,8443,50.56782233021483
2023-12-11,202.19091796875,203.16709371425688,198.7336200777166,201.05203592170193,5346227,13204,69.50376494900752
2023-12-12,200.6453094482422,204.46868438043893,199.83182753292354,202.55699691434057,5675356,4523,67.71211553051279
2023-12-13,206.09564208984375,208.08867024062982,198.20485781541745,201.09272101157617,15557190,10190,73.52399316214515
2023-12-14,207.1531524658203,209.8783216853613,202.39429099153372,208.0886640605164,18271383,6335,68.5121705545366
2023-12-15,209.2275390625,211.38326097220883,207.9666273158999,210.32571968549624,17235864,8483,46.43188495074674
2023-12-18,212.07472229003906,214.3524614760955,208.98347645125367,211.50527508077735,12388584,12599,64.55303134079028
2023-12-19,213.21359252929688,216.71155446680592,210.89516434955468,216.58953715745008,17762921,17178,62.442380633275064
2023-12-20,204.5500030517578,214.7592024699031,204.02124482895746,214.6778493220503,15309407,5656,67.09490197500723
2023-12-21,208.21066284179688,208.98346806410436,202.63831999652945,204.18393044114444,10812029,15849,63.20219890430464
2023-12-22,211.30189514160156,212.60347097186522,209.63426740080678,211.09852469391956,9677532,4331,77.14748601966532
2023-12-26,212.88819885253906,213.86436212578187,211.13919310684327,213.13223346447612,12322864,6445,63.186715859741426
2023-12-27,214.33180236816406,216.0301526657165,212.9731299045528,213.90721479377595,10673963,17851,60.410822096518544
2023-12-28,218.70501708984375,220.2335476820744,214.8412810961161,214.8412810961161,15441735,9848,64.27806967428546
2023-12-29,219.55421447753906,220.36094119850816,215.77540078426733,217.38882831143772,9136816,3605,68.6712504934913
2024-01-01,218.36537170410156,221.04026808519328,217.38882552240364,219.55421166072372,6352734,14722,67.1741387980425
2024-01-02,219.2145233154297,220.2759920763167,214.92619988735208,218.66256474272137,5803881,8563,48.35555742114437
2024-01-03,224.01239013671875,226.9420547169327,217.26146336565614,219.5117722893437,22285124,3807,78.5759441825119
2024-01-04,226.0079345703125,229.82922229862245,225.32860489563043,229.27726369859755,10745140,15562,78.92019177676102
2024-01-05,225.7532196044922,230.33876024766704,223.4179879337785,226.00796178448059,12327980,11410,48.37552554134143
2024-01-08,219.4693145751953,227.23926154358634,218.91733002935146,225.75320512119805,7890414,4970,66.37139584586564
2024-01-09,221.12518310546875,224.5218833863969,217.09160152186658,222.3989457108168,10284498,7280,54.77422943253637
2024-01-10,226.77220153808594,227.74877364113985,213.94966522058476,217.09161051918392,19849401,14010,46.705725480346054
2024-01-11,233.18348693847656,234.37232689193144,226.34761185526816,228.08843635386938,24108269,13563,55.796937411731946
2024-01-12,231.44264221191406,233.523131384702,229.44710163916596,233.18346655836817,10048702,13809,69.96813249324175
2024-01-15,231.8247833251953,233.52313338618575,229.0225160904672,232.67395835569053,9881531,5886,57.86237128364793
2024-01-16,231.99461364746094,236.11309154638042,228.72528480918615,235.22146818810714,12507371,9944,71.03514040514708
2024-01-17,224.90402221679688,231.357757924414,223.8425533805035,229.6594077863446,10649774,4072,50.04610296310781
2024-01-18,227.19677734375,228.34316885975517,219.0871658721412,225.45597883354066,9930238,3260,52.72196675649578
2024-01-19,226.26271057128906,229.02252958298916,225.79564872814123,227.70629265931825,4537034,13744,57.727622047390255
2024-01-23,214.11949157714844,226.7297467180138,212.84572895513713,226.60237563876606,8740319,3861,46.67900625284243
2024-01-24,222.95089721679688,223.58777849916987,214.9262086077567,216.3698035896589,6563186,15183,70.52776170033107
2024-01-25,223.84255981445312,226.55990456460947,221.33748292289022,224.47944113453516,5195068,11244,64.00027225043598
2024-01-29,227.40908813476562,228.5554797365987,221.2101200874731,223.96993924403466,11648515,14451,60.03293568840585
2024-01-30,226.0928497314453,230.38117322899018,225.2436747089798,227.7062770911768,6620878,6415,51.02418141756816
2024-01-31,232.54656982421875,235.13654310686502,225.66824741068638,226.55987075985615,9537630,3482,64.99126571705946
2024-02-01,228.0034942626953,234.7968944641909,225.07383005989428,233.90527105365067,7974578,8773,65.29142954069073
2024-02-02,231.44264221191406,235.05163606058673,228.21578748959513,229.44710163916596,9665486,17385,71.12680006055072
2024-02-05,232.3343048095703,237.64164900791224,230.59348036365418,231.69742350576928,10619393,8732,66.06079355152994
2024-02-06,240.3165283203125,241.59029083791134,229.1498820989824,232.41921107710567,11559491,5269,70.2407686553351
2024-02-07,239.7221221923828,242.73670936923463,235.73101474080428,242.01490534577616,7603119,4454,66.56669317685619
2024-02-08,236.58016967773438,242.43947222993557,234.88181960957368,241.1657096788151,6966850,5142,68.27174444570097
2024-02-09,232.97116088867188,238.15113344835103,227.91855939300865,236.91981936174824,4627489,14645,54.91148827938046
2024-02-12,227.70628356933594,238.66063648783543,225.07383574184763,235.17903952848872,6191878,3376,47.63828631565614
2024-02-13,228.8527069091797,230.12646965635508,221.3799758249918,227.1968049719439,4469509,14924,46.81976481817423
2024-02-14,237.47178649902344,239.97686314585846,224.6492386577553,228.428077820317,11916664,5745,74.4123184673692
2024-02-15,227.5364532470703,241.16570172886998,226.7297266253813,239.93438760413716,108103036,9364,62.4368929357026
2024-02-16,226.5598907470703,230.97561132957134,225.1163087251199,228.64037996502603,16394886,16215,75.84757585727861
2024-02-19,229.4046173095703,231.9946165660067,226.8146439678979,228.34314857695637,10944899,10213,63.45435910616
2024-02-20,229.4046173095703,231.14544157991554,227.66381895398905,230.04149854913868,9025475,8853,77.7072905645384
2024-02-21,229.2772674560547,234.71198268687456,228.0035048590766,231.82479265001083,12329064,16861,63.336706264851
2024-02-22,230.551025390625,231.78233957537628,226.81466036466932,230.89069022666354,6661898,10625,51.29237218406737
2024-02-23,227.87612915039062,231.14545826580004,227.5789127008505,230.97561289041545,5955886,17085,58.83677263708731
2024-02-26,225.24368286132812,228.38564092407492,224.22466243158158,228.38564092407492,4923166,17019,60.1046929247111
2024-02-27,224.09730529785156,227.57892841552015,222.99338802592214,226.47501114359073,5033046,14809,59.4923763917474
2024-02-28,223.2906036376953,231.2303701167245,222.1017377620117,228.0035150921284,17579831,6238,49.659042133823036
2024-02-29,227.62135314941406,229.19233211525585,221.46483427052553,223.4179523602733,9404521,6613,51.70338571003103
2024-03-01,230.80575561523438,231.73985330215805,223.84253613449283,225.1162986399075,12244554,14728,55.33218409542552
2024-03-04,234.66952514648438,236.91983379708788,231.6124898500205,231.86723199357357,10443351,14872,54.83291638144921
2024-03-05,242.60931396484375,244.90207097362259,233.18346604493516,235.64606842388946,19847512,9701,65.30744840503291
2024-03-06,239.8494873046875,245.62386689517663,233.52312323655516,243.2886356628111,13944430,6024,63.42312844641752
2024-03-07,240.1891632080078,244.05289924130264,238.660632600124,240.9109671688336,9134995,5140,51.163331640903955
2024-03-11,233.82037353515625,240.18918690955798,232.67398194481035,240.18918690955798,6214148,10129,54.310626816420495
2024-03-12,229.53199768066406,235.0516353140444,227.15431798911393,234.37230566353438,7220451,14767,53.17556214965446
2024-03-13,213.90719604492188,229.70185761071951,211.86918104944368,228.00350746202656,15451474,10245,70.96219939262024
2024-03-14,220.91285705566406,222.05924841590715,213.65242163206244,213.8222540298144,10335603,7114,61.128287312874484
2024-03-15,225.1163330078125,225.88058544478477,216.66703006605695,220.9129057323123,17681404,3879,62.810748487057054
2024-03-18,230.16891479492188,231.7823683170178,222.69618381637167,225.03141548651473,7234156,11313,59.31025846422926
2024-03-19,226.4325408935547,233.31086455848737,225.54091738216835,229.27728273263546,5908875,11749,57.767535523090054
2024-03-20,227.28172302246094,229.19236710414293,222.314043227134,227.5789395070097,4421057,10190,61.729666974146184
2024-03-21,232.1644744873047,232.84383013761482,229.40465532516737,230.1264593659108,5477627,17046,55.095516753064025
2024-03-22,230.21136474609375,233.01363208789053,229.19234430465875,231.82479218272724,9338889,4228,70.33755690421235
2024-03-26,228.04595947265625,231.6549535959625,227.02696491611238,230.80577850812574,10405333,8984,69.83488244557952
2024-03-27,230.635986328125,232.88629539419418,227.366656670175,229.19237814208884,5949040,15368,60.888010442870744
2024-03-28,230.6784210205078,233.52316291533933,229.91416857937497,230.97563750171744,6625066,17476,60.49923195580418
2024-04-01,244.13784790039062,244.77472924273945,232.12202509102937,232.2493961765455,17331916,4964,70.41019602216525
2024-04-02,255.8564453125,256.40842985510363,242.73670566643375,243.67080345226225,27928247,4980,48.818411350747304
2024-04-03,253.7335205078125,261.54594213221463,252.88434537101958,255.77156156793032,19966252,7160,50.78426150242716
2024-04-04,263.2018127441406,265.3671987197879,256.19611869793823,259.89000937230526,24723528,11240,77.3940875976719
2024-04-05,270.84442138671875,273.7740600721319,259.8051445619169,264.13591704598576,22256365,10563,68.78141828422388
2024-04-08,274.5382995605469,276.27912406501895,269.2734294875576,275.04780980367934,16694867,12190,69.15197308508058
2024-04-09,287.02117919921875,288.2949418288011,272.2455378790171,275.21765068137586,32086038,16250,58.04237272189581
2024-04-10,307.23150634765625,313.8975353177884,293.55980950321486,294.6637266434661,75804480,13723,53.36205854828434
2024-04-12,316.69989013671875,318.3557661699808,306.38239108551613,310.4159731445357,39995547,10721,48.885943461167784
2024-04-15,314.66180419921875,326.0407705933515,305.9153115560284,317.5914684856478,44715399,12500,66.56136209669447
2024-04-16,321.1580505371094,323.96031815260045,309.14220149111526,314.27972667254073,28859435,12468,54.553661707308464
2024-04-18,329.904541015625,335.21188562655846,325.2765261489836,326.97487642448226,35907412,9307,47.43810951448728
2024-04-19,327.7391052246094,336.91018495968547,324.5546989395462,329.6497489956473,33307212,9170,54.325143812307246
2024-04-22,323.5357360839844,333.85320909898434,317.08199968255735,333.00403393865895,19626373,3279,61.7448393095887
2024-04-23,320.1814270019531,325.4038740427752,315.1288512437207,325.4038740427752,14434838,11163,58.72748100290079
2024-04-24,325.6162109375,328.29110738918064,319.28984591190215,319.28984591190215,11074253,17113,45.244810199116564
2024-04-25,323.5781555175781,329.22519056017813,320.2239294833396,322.68653204493967,10150138,15499,68.04887709376733
2024-04-26,336.7403564453125,342.1750975089669,327.7815700141987,328.5458223779107,24602811,14093,58.159029909641404
2024-04-29,345.0198059082031,346.633259204428,337.20741114517017,340.6465596665644,11228541,11997,62.554892730170465
2024-04-30,337.84429931640625,348.11932261929104,336.2733202886701,347.39751864278895,11863519,10453,64.41452227122087
2024-05-02,348.8410949707031,351.4735427693902,337.37723196670066,339.67001493340734,12788526,7703,76.49311284984958
2024-05-03,352.9596252441406,356.65354211326724,343.4064053661067,352.40766661191884,14324148,17145,56.7379720167926
2024-05-06,348.58636474609375,355.5496106562585,343.44886596044404,354.95517774389083,8108475,12163,77.10381271574573
2024-05-07,336.2733154296875,349.4355285336273,332.8766152738321,348.58635349466346,8797213,6733,77.78243066975705
2024-05-08,343.7885437011719,348.1193418850959,333.5984425224177,333.72581360419866,8831897,4926,74.10827771068593
2024-05-09,335.126953125,346.8031109274436,333.72581937166035,345.44442556384206,6134997,11265,56.59718719852921
2024-05-10,348.7562255859375,349.7327717726042,335.6364598629585,337.1225162949893,11076423,15300,76.2975574147848
2024-05-13,351.6009216308594,352.83223582817584,338.056595034209,350.3271590466421,10884162,17920,67.70747589032214
2024-05-14,367.3106689453125,372.36327101599727,352.45010510772994,357.5027071784147,22195946,11110,53.34218221527561
2024-05-15,371.4291687011719,381.2796046501422,369.17885995912985,371.9386789237467,20115791,3341,52.05593489432729
2024-05-16,367.7352294921875,379.62367968965503,362.6401794075586,377.88288127664606,16155897,6148,53.705071435708504
2024-05-17,375.8873596191406,377.8829263231264,367.3531600759525,370.2403502851306,13366917,3923,68.1306892220327
2024-05-21,417.5393981933594,419.40756782493526,393.16806297358255,399.9614636297136,34592201,15310,73.48462525185265
2024-05-22,413.5482482910156,430.31945548556916,404.8866524372893,422.8891738170961,33932802,7850,55.96237565234376
2024-05-23,401.40509033203125,407.68898104869544,392.14906077510415,407.6040583535848,25849836,15932,64.84561185560032
2024-05-24,400.6225891113281,408.6211412117519,399.57931701052485,403.3177551363961,12873214,6985,55.97545999369271
2024-05-27,399.6662292480469,407.31699680352114,397.1884151029974,401.57890787082334,11775106,4286,63.66893841025964
2024-05-28,395.5365905761719,410.27301828885857,394.1020482889003,402.44835795328396,17930755,8778,75.4324649641034
2024-05-29,394.9280090332031,401.92672263104294,392.2328428505896,394.53676538991533,11526945,15342,51.18372366108746
2024-05-30,383.2344665527344,398.18827255410395,380.1046236274038,394.71064571957027,13122990,9972,75.69968195796505
2024-05-31,391.2329406738281,396.31897420902425,382.53887532552085,388.45082914949705,35126841,5933,69.78709613734152
2024-06-03,398.057861328125,410.5338527302514,393.31958421897815,410.3599607780639,14471274,12957,60.260438399804364
2024-06-04,363.2815856933594,398.1882585071445,318.46365552504477,398.1882585071445,30797125,15194,51.99878739836148
2024-06-05,383.14752197265625,387.75536661325805,349.19717630839494,364.28138702007874,16642007,5088,68.94721532305402
2024-06-06,391.14605712890625,398.1882564911921,388.01618779764743,392.1024097762612,13579110,17836,74.80534002209546
2024-06-07,400.4921875,402.49183881159416,392.8414192206644,395.0583956731461,11283521,16033,54.01306380273816
2024-06-10,386.1034851074219,396.01471526536517,383.62567093488997,396.01471526536517,13920775,10445,73.79494643835618
2024-06-11,385.7991943359375,396.2755336762986,384.53854410213484,386.01654599471834,10546091,5164,78.19520479236837
2024-06-12,386.2338562011719,394.4062723877935,384.7993407136141,388.84207582661594,11163309,4477,45.537076296532256
2024-06-13,382.3650207519531,391.18951916813495,381.6695060690291,390.3635722665013,11641274,3535,70.80796360583966
2024-06-14,389.14642333984375,392.8848613363164,382.53892746804945,383.4952800931567,9634670,12878,49.20975551233223
2024-06-18,393.23260498046875,395.40612153802647,389.146409771571,391.18952064211214,8601634,12451,75.60866322340789
2024-06-19,389.88543701171875,396.1016894792847,387.7988397499406,393.44998318085266,6416994,12675,47.2943245906461
2024-06-20,408.5776672363281,416.4457868339918,390.4939929325763,391.2329938941468,28530186,17795,52.70939995484359
2024-06-21,408.8384704589844,412.62039463091116,403.4046789855795,411.0119870483463,17801714,16367,62.794009491581164
2024-06-24,402.839599609375,409.92525890543885,397.49275371269795,399.97054158107466,7716484,6789,72.31902584654563
2024-06-25,394.75408935546875,407.3604861169289,392.10240961507054,404.44799498744385,8309097,5911,51.743856565032736
2024-06-26,384.36468505859375,388.4943666438069,370.4106924145096,379.62640820584346,162210828,11980,66.20655220866468
2024-06-27,385.4079284667969,387.8422828237858,376.9312142641648,384.27771051931927,20922873,9116,62.215526179648336
2024-06-28,394.7106018066406,398.75333724558016,385.8861300022021,386.53818496113377,15248617,16741,75.92426252110852
2024-07-01,404.2740478515625,407.621268392899,396.66674049951695,397.31879541540656,15408362,7678,54.23878201594391
2024-07-02,398.057861328125,411.31631345072134,395.5800469364811,406.01292729524545,11050920,7428,78.29162217811256
2024-07-03,403.3177185058594,404.49142272832677,398.4055764970569,400.05744373910767,7347763,14143,50.32824470581432
2024-07-04,407.83868408203125,411.6206084945735,402.9265415839874,406.9692773909726,12818706,15801,71.71917442991851
2024-07-05,411.9683532714844,416.9674415922589,406.0129123133419,408.96888966614534,12860621,7075,57.73004163815743
2024-07-08,404.8392028808594,415.1416770308903,404.1002019189746,413.75062107890466,8576939,9380,77.06742394912854
2024-07-09,404.8392028808594,406.8823138229459,402.1875232006567,406.3606645244281,5474279,5712,61.10287290301637
2024-07-10,397.05804443359375,405.96946297237713,387.0163812827747,405.14351600712746,11556309,15161,68.82308093051472
2024-07-11,389.23333740234375,398.1882145847162,383.97341166155445,397.3188080026535,13978497,17987,63.93940627768171
2024-07-12,390.97216796875,395.05836316701243,386.9728922068161,392.8848466151118,11038603,4270,55.76217384560435
2024-07-15,399.4489440917969,402.10062408096894,387.9727643159619,393.05879913780217,10391508,3834,52.218580663260916
2024-07-16,396.01470947265625,406.4910484737135,394.36284222585914,405.9259394856229,23302200,14152,75.06658425453843
2024-07-18,392.45013427734375,400.361739650711,389.4941571411911,399.0141700324041,16469541,12522,51.12729630086362
2024-07-19,382.3650207519531,394.92795702017423,380.8000994492819,393.8411987454902,14552716,4189,67.27290538973512
2024-07-22,390.1462097167969,392.1023745566025,379.93068222003393,384.27771519737985,17818304,14074,66.63630408049579
2024-07-23,378.1484375,390.71134782167945,356.9348937635126,390.71134782167945,33154992,14950,49.24663480775968
2024-07-24,376.1922607421875,383.4083251837931,374.58385316457134,379.75680671202593,36773405,6318,68.08988572122112
2024-07-25,374.6272888183594,377.6267521226472,368.62838874196683,372.8450159479283,18871603,4560,62.294786694179344
2024-07-26,386.4512634277344,389.6245924554057,377.84414273206903,381.6695267598996,28749214,15094,77.25087183315591
2024-07-29,390.32012939453125,396.01473238677977,380.80011588454346,388.62477579997926,45433689,14657,55.88635936519153
2024-07-30,388.79864501953125,389.624565376353,382.71279877434654,388.45086115120205,16607270,16539,78.91103347230725
2024-07-31,391.885009765625,395.0583384262312,387.3206252924813,393.84117453982947,14227543,17877,56.82646324954983
2024-08-01,389.5810852050781,401.88318273409305,385.6252694340863,398.18820485065356,19749880,17890,58.74022783678736
2024-08-02,380.896484375,387.6950741283755,379.22971192176016,385.9844505142233,13093052,15603,56.56733491675324
2024-08-05,362.5183410644531,375.8523597201153,354.62320477992785,371.94864273763613,20763297,14887,58.27526104116632
2024-08-06,363.0885314941406,370.1503081792797,360.80770904446115,366.29044244697945,17994697,5084,47.59647753636612
2024-08-07,379.2297058105469,381.11578758027593,367.12384076614865,373.26450237991935,15297435,9522,74.24509718213463
2024-08-08,370.4573059082031,378.5278998818176,369.3607592689163,377.25589507178154,9305734,11325,51.13290941451166
2024-08-09,376.2032470703125,379.1858487391298,371.55387300109874,377.29979376996295,8363641,14936,57.779699181209594
2024-08-12,379.0542297363281,382.47544973523304,372.60653044734,373.8346572711575,8178539,8083,53.04689688614329
2024-08-13,370.5011901855469,380.7209996845999,369.5362237722067,380.0192205318936,8522806,4678,71.55919770198099
2024-08-14,368.61517333984375,375.8962331926368,355.4566120845589,372.82590223307034,18914429,10601,47.71698666014983
2024-08-16,376.378662109375,377.9577053508887,369.79938219763096,373.7030989870625,9815524,14609,73.43758129561317
2024-08-19,388.3968505859375,389.84428691090767,376.55414593791903,377.65069266458744,10922980,6510,72.45138369960503
2024-08-20,391.8180847167969,392.8707803196647,386.116041538779,389.9320296352232,8887888,3241,62.80165231566954
2024-08-21,399.4061584472656,402.5642182907588,392.6952980118175,394.4059215686312,13609457,9650,56.849301084658634
2024-08-22,403.1344299316406,404.9327826352078,398.8798500274842,403.5291974637106,8864437,12636,45.362780797912805
2024-08-23,394.14276123046875,403.70467050436287,393.3094017459989,403.48536114984535,6908675,5568,75.46845218867949
2024-08-26,406.2486267089844,408.74875853883935,396.5112866602205,397.3885240200882,11143399,4058,51.56708626343323
2024-08-27,406.95037841796875,410.9856753551969,404.27481535944503,406.16087020161405,10906758,13540,65.7720942756227
2024-08-28,408.83642578125,411.6435958004459,406.68721049666453,410.459320111999,9277650,15577,45.24493941630925
2024-08-29,406.5118103027344,413.13496880869843,402.6958222162885,412.4770407514202,12608981,16308,47.24428796951466
2024-08-30,410.9418029785156,415.1086799414418,407.4767051114092,408.4855226008337,14026797,11161,64.65741674890265
2024-09-02,406.3802185058594,415.50348195348573,404.40643439007266,414.6701225006276,11933834,9224,69.99031384455647
2024-09-03,407.5205993652344,415.15257500242734,405.37138392501197,414.9332656653949,23319237,4533,45.99027558203157
2024-09-04,402.958984375,406.1170442072438,399.14299652650374,403.9239508197355,15530065,15576,50.0007496570957
2024-09-05,409.40667724609375,411.8190799308559,405.4152312867919,406.5995070499069,12242972,4859,54.7622145744334
2024-09-06,403.35369873046875,412.6085682828997,401.0729031736211,410.4593261953035,17832425,13554,63.31184578744656
2024-09-09,403.74847412109375,404.7572916788431,396.11649877416545,404.3625509498933,14042464,6414,53.712771594096985
2024-09-10,403.51922607421875,407.18758267489346,400.7221153611402,403.3357970492491,13192375,8949,78.40485240678964
2024-09-11,390.4965515136719,403.93193004182734,389.3501900684259,403.51922872660276,13394230,8748,77.78700750308496
2024-09-12,405.07830810546875,406.77490072416384,393.2478351153109,394.3941966075866,13025897,9408,45.461976881023716
2024-09-13,416.4043273925781,418.55949254445795,407.64613699405373,408.0129670654217,15909513,7885,67.37824526866906
2024-09-16,409.296875,431.9489881196836,407.5544112186412,420.0268292119216,34590598,11697,77.90607687812275
2024-09-17,412.50665283203125,416.5877103918395,409.98465788744664,413.3320553855834,11644008,9422,58.29207759583639
2024-09-18,411.13104248046875,413.60719430650755,408.7007619029648,413.42376528704585,5180919,14604,74.0803058054298
2024-09-19,412.4608459472656,415.7165012406294,400.76795926393567,413.6072073868078,7777695,10258,69.19310116894583
2024-09-20,412.6442565917969,420.4395140334533,411.45202395537564,414.5242780739668,17249829,5068,76.22793991862615
2024-09-23,415.5331115722656,418.4219368814861,412.73597279084527,415.44139705712485,5177341,3874,55.46023840242961
2024-09-24,431.2153015136719,434.24168431714554,418.19262523467444,418.46774076686734,28418267,13587,63.50505002798141
2024-09-25,440.0652160644531,445.70530850673106,434.51681014351965,438.3685956095009,24495683,5282,74.3029189595735
2024-09-26,460.14947509765625,463.03830028555484,437.45151892691985,444.37553072548144,42980530,16054,57.39372932593258
2024-09-27,470.46673583984375,473.126316775399,464.0471117640564,464.0471117640564,24451210,7014,76.41741820508848
2024-09-30,470.145751953125,480.2337321056575,466.33980977843515,475.96924537857984,19027211,14978,49.436714962771084
2024-10-01,473.3555603027344,478.12437883239346,464.1846413357805,467.99055549485337,14071685,12079,46.384557562213764
2024-10-03,469.32037353515625,477.34490361514185,466.7983783671608,470.4667349751542,13155901,3350,78.29513897910641
2024-10-04,466.52325439453125,473.1721506264893,459.59921462953685,471.38381561744075,12088199,15007,62.42630331871716
2024-10-07,458.8196716308594,471.20037464534715,450.6117408692133,470.37502802918766,15751180,10592,69.39269902892153
2024-10-08,456.2060241699219,461.9378315497463,444.4214225995347,458.81970594524927,13145961,8422,54.678850685156945
2024-10-09,455.1054992675781,460.8373065631395,448.59416058235223,457.62749447762513,11444008,7302,54.626324726415035
2024-10-10,451.6663818359375,457.99429102967383,447.1267795951385,447.5394808851523,9613583,4185,63.706766130470484
2024-10-11,456.2518310546875,461.7543657005732,453.4088492235122,454.96791190144853,8286066,4069,71.9681243901262
2024-10-14,457.76507568359375,465.01007487851325,453.2713441313532,458.5446071131545,7263419,17196,48.60242183568637
2024-10-15,449.23614501953125,459.41584061921424,446.07217612120377,458.5445946943585,7413480,5695,52.30703038849127
2024-10-16,446.3472900390625,455.3347523034908,445.5677586823641,449.4195162296881,7989101,10874,45.239236189423366
2024-10-17,433.0036315917969,451.7581156883963,432.08654245235124,448.594146962373,12114419,11719,58.408856011737804
2024-10-18,440.9822998046875,443.5501380925019,425.52934285567227,433.46215798169936,10334732,8836,50.39648112749099
2024-10-21,435.6173400878906,448.91513257478414,434.70025095086345,444.3296868896484,5567492,11045,63.014377114434176
2024-10-22,422.548828125,438.96471840042943,420.531220789261,436.5344377373847,7805984,5215,63.00233115657761
2024-10-23,424.61224365234375,431.765527274878,416.450156445263,421.8609764148556,9830637,4733,64.4457606055903
2024-10-24,430.16064453125,433.1411841988976,418.42191488129663,424.61226649871855,7269166,3646,47.56451801896015
2024-10-25,417.64239501953125,433.09535285765895,411.81887329576125,432.59096501803333,11660475,3039,46.67971887976843
2024-10-28,430.25238037109375,432.6368178208868,417.64240422899053,420.02684167878357,6637174,12202,59.63708363550176
2024-10-29,433.1412048339844,434.6085531069686,420.89808677501895,431.0319109328661,6379918,16133,68.5737798350425
2024-10-30,429.65625,435.1129414243912,428.32645958948285,431.8114150158242,5903663,13477,47.0876195617639
2024-10-31,425.5751953125,430.8484577571024,421.86099556819386,429.1977085345972,6616282,16547,46.776018244190944
2024-11-01,428.6015930175781,430.1147844228776,426.44642805253324,426.44642805253324,995005,13066,65.42248469923246
2024-11-04,420.760498046875,430.0231042183236,415.16627652572924,429.9313897042815,5030700,12386,59.81018740596868
2024-11-05,430.8484802246094,432.22411397754536,419.38486561680963,420.9439283984065,5654407,14896,60.6039162980812
2024-11-06,434.70025634765625,436.94713595620345,423.0532129678781,433.4163371373463,8641368,12774,75.85119550860918
2024-11-07,419.93511962890625,435.6173498198903,413.9740401050551,434.7002606623747,16220004,7883,74.02702125399404
2024-11-08,419.93511962890625,429.0142966908423,415.76237515714644,422.7781016146725,13143777,10485,75.21778568417596
2024-11-11,418.3760681152344,423.60345931153273,415.53308624320954,422.3195401398457,7271375,15189,70.3686606846633
2024-11-12,407.8753967285156,420.8063592543075,406.3163339890301,418.3760786205656,8421968,11065,54.45706468387557
2024-11-13,398.7044982910156,408.47149190412705,396.4576187330829,407.1875727227394,7960930,7087,67.3297141595579
2024-11-14,397.4664611816406,403.4275410941099,394.5776357446046,398.9338095267937,7028180,9289,47.88189036147541
2024-11-18,410.39739990234375,421.3107553302118,402.64798529025734,407.508574640164,13385897,6719,70.14125250591418
2024-11-19,406.7748718261719,414.0657415940256,404.5738635148343,411.7730187723533,5930593,17962,63.600483002236686
2024-11-21,406.0870666503906,408.79249085265207,400.81380400899354,405.35340652130617,6484933,17427,70.84845112106467
2024-11-22,408.4256591796875,410.6266675456131,404.71143132405695,406.95831093995713,6859041,4629,54.464136757164454
2024-11-25,407.004150390625,416.1750418188711,406.041217985595,414.52429255672257,12634711,9121,76.54849923844803
2024-11-26,411.2227783203125,415.6248231296778,406.3163456622732,408.1046807390998,6483177,5538,78.36941430498501
2024-11-27,408.83831787109375,414.11158030296826,407.37099767122584,413.974022532648,6120311,5124,45.893491130868135
2024-11-28,414.3867492675781,418.5136505545439,411.6813250067421,414.5243070463422,10793434,5213,52.98932230474046
2024-11-29,415.89990234375,419.8433742360874,411.8188446980327,414.89109874721265,6826623,6106,62.46131789820789
2024-12-02,422.36541748046875,422.96154784697615,415.44140525449694,415.89994985190805,5709168,11574,78.93174476848554
2024-12-03,429.5187072753906,430.3899251719887,422.77809645248715,425.9879084645993,5333303,4217,59.12526083904105
2024-12-04,429.5645446777344,432.7743566460589,425.62107259729993,430.9860496275388,4980949,10790,59.08500166039296
2024-12-05,433.3246154785156,435.06707923429474,428.32646850716105,430.9401781344993,7267698,16035,46.682318699628674
2024-12-06,459.8284912109375,463.63440556112596,433.5997360946814,435.6173434064471,25827648,13228,77.1370557385926
2024-12-09,455.8391418457031,460.10362869918777,448.2731565070344,458.498722718258,11524481,10852,55.321820964556224
2024-12-10,458.77386474609375,463.0383238584094,452.4917982320624,457.1231154082106,10316327,10363,49.59976542595576
2024-12-11,471.70477294921875,481.471794600996,457.1689325878029,457.6274771540896,32419915,17918,51.31164813036034
2024-12-12,478.72052001953125,482.93910757619244,473.2179853066631,475.96925266309717,20273326,8826,69.82447556610293
2024-12-13,476.42779541015625,477.9868581011404,464.6890659289609,477.34488452547896,10678273,12357,60.79664222897226
2024-12-16,470.87945556640625,483.260159625253,467.71548666754234,478.7205569420728,13821306,14673,48.664357024106245
2024-12-17,461.4792785644531,472.30091950576565,457.94847968524294,470.879442496364,12711460,4711,66.87378132982325
2024-12-18,455.5640563964844,465.7437520311966,454.18842260766763,461.29586384988755,6546985,3999,45.47143941722928
2024-12-19,451.4829406738281,452.5834587593634,437.0387877346995,442.2662066599858,9500042,14318,76.51866834559638
2024-12-20,437.6807861328125,453.5005735833961,435.6173355957799,451.43712304636347,13786961,10527,72.44476562394003
2024-12-23,433.9665832519531,444.3296791243132,429.6562531883194,440.61547937920034,9725884,9357,64.82661820273464
2024-12-24,431.5385437011719,435.9276872348217,427.24276376456015,434.9004596732709,8942361,17332,65.55932085571446
2024-12-26,429.9976501464844,434.0599353686784,423.88082441669104,432.1922075426527,5351568,12344,72.89965351666251
2024-12-27,421.2660217285156,432.47238881418167,420.4255498969437,430.6046609665707,4487792,3749,57.5596380467545
2024-12-30,410.5732727050781,422.94696982520855,408.33200496430385,421.3127079414177,18171489,12486,67.72876733220706
2024-12-31,415.05584716796875,416.97025688047944,409.0790950426093,409.966277201636,7109627,13925,70.10884746504398
2025-01-01,415.05584716796875,417.8574390395061,409.7794930104937,415.33599495541597,5403126,9411,77.642086986858
2025-01-02,420.00531005859375,421.9664300466583,413.001330457839,415.14920613569745,7704338,6632,71.22970726205168
2025-01-03,427.94317626953125,434.7136902421534,419.3983264039375,420.7057302987972,8814796,7544,52.63179305149181
2025-01-06,413.04803466796875,429.3906546231673,411.8340228710038,429.3906546231673,7485474,15130,62.9218632310973
2025-01-07,418.6045227050781,424.4411724918193,413.7017368842155,413.7017368842155,5869461,10356,63.750712131918334
2025-01-08,416.8768615722656,419.7251637192714,411.8340019422142,418.6045155795862,4953341,17497,73.97636647935754
2025-01-09,409.8728942871094,418.41774398684754,408.19195052624076,417.437198209552,4870742,10372,62.6276820485364
2025-01-10,403.5693054199219,410.66667722994595,398.1995876392006,409.87288716250777,6250604,12407,54.0548108939565
2025-01-13,386.33953857421875,400.4408618234761,384.75195841406565,399.88056623684975,8467239,8902,64.89139778419563
2025-01-14,402.121826171875,404.8767077494923,385.3122749213028,386.3395309753577,8727736,14745,56.63733062754023
2025-01-15,406.46429443359375,413.23480824093105,401.98175876085645,406.2775102392019,4794795,17853,55.70810582717178
2025-01-16,420.09869384765625,422.85357533659544,409.0324005973942,409.96626452569876,6641373,5260,56.65141698060706
2025-01-17,424.02093505859375,427.9431752329397,418.41775109482364,422.10652527067924,5594080,14360,47.33506626942783
2025-01-20,430.464599609375,433.68641314073705,421.68625567063924,426.44896752055064,4806736,17567,60.18405004949288
2025-01-21,423.8808288574219,436.86153168443843,423.04035702675816,434.2467241003147,7353985,14876,73.89950633956495
2025-01-22,421.63958740234375,425.70190141936257,409.87289554242494,425.32836152683296,6538867,11594,63.13066426107329
2025-01-23,416.9702453613281,422.3399629667652,413.23478963580675,421.1726330525397,5671143,8706,54.424512590900626
2025-01-24,412.7678527832031,423.507287866929,411.320375106407,416.5033084644991,4758741,7622,70.36327790127002
2025-01-27,395.86492919921875,410.6666787493912,393.71705347868976,410.43321275806125,6314851,10155,57.50053536050835
2025-01-28,397.21905517578125,404.2230351242224,387.08662515051617,396.84551527838454,8080097,13434,47.50381294473755
2025-01-29,402.121826171875,403.756088099014,396.23846613461495,400.160706159455,4671527,5465,52.256580014814205
2025-01-30,403.8494873046875,408.6588810750866,399.6937812170928,403.42923711631795,4765643,12547,72.7472468893929
2025-01-31,412.20751953125,414.44878719015253,398.6664929887693,406.09072238935244,11277319,16785,54.18224048521321
2025-02-01,410.8067626953125,417.11034461544745,402.915629094852,415.52279293512197,6736515,13565,76.47994447490892
2025-02-03,393.8104248046875,407.16466740472356,382.8842055870107,407.16466740472356,18277593,10212,73.27253371136746
2025-02-04,408.75225830078125,413.70172578747133,400.3474828333157,400.3474828333157,9934297,3507,73.92088525165352
2025-02-05,415.05584716796875,418.2309789225245,408.7522654570096,409.9195954034836,7176758,5624,54.61065390312024
2025-02-06,414.4021301269531,420.47224583585495,413.04801599218393,415.66285216634753,5475073,6029,55.699313498008976
2025-02-07,425.6551818847656,426.68243794138266,412.4877228383888,414.40213255810556,8580933,12199,58.63071899894365
2025-02-10,406.9779052734375,423.97424086646953,404.92342164633175,423.97424086646953,10212102,8108,55.570555501690606
2025-02-11,393.5769958496094,406.7444555053942,392.5030294456932,394.8843997552366,7728184,11479,73.53010280508538
2025-02-12,393.9971923828125,398.47975641481287,384.98541102057106,393.5769707074557,8868601,15272,49.00671633372383
2025-02-13,396.4719543457031,403.2424684233247,393.2034303082307,396.89220455022814,5255713,8591,65.83619950632013
2025-02-14,386.0126953125,403.4292534478366,381.436767350561,401.3747412203858,10205699,6244,51.173496540796535
2025-02-17,387.693603515625,388.3940014607331,374.8529745219774,386.0126598470718,9351334,12963,73.72627146522345
2025-02-18,390.5419006347656,392.2228442819824,378.2148855576259,391.1955882756766,9347116,10692,58.77523786474994
2025-02-19,395.49139404296875,399.1334578514213,386.61968626632597,388.58080631680565,9389191,16304,74.96048051557123
2025-02-20,404.8300476074219,406.6977756240651,394.1372933124322,394.93108341935914,10218019,16812,64.59175593452542
2025-02-21,409.2192077636719,413.0013454859963,403.9895637716273,406.46429762075724,11856575,4413,76.21498428852728
2025-02-24,394.8843688964844,406.8845261088755,391.33566885936517,406.23080995751354,6486110,13083,57.64178965254324
2025-02-25,382.183837890625,395.67818394523607,379.475638019598,394.9310756537087,16517618,10028,65.00849083100513
2025-02-27,377.7946472167969,385.21887697270444,374.15258353436263,381.95035316808753,9800701,15434,58.85853567742576
2025-02-28,368.6427917480469,374.3860493015198,366.4015239831874,373.54557745210576,13633752,5223,52.173385630927065
2025-03-03,382.0904235839844,384.05154354876737,363.45985516670993,373.49889247527955,10995655,5948,54.91242110791134
2025-03-04,379.8491516113281,382.2304932211091,368.68946630441764,374.6195079298563,7083802,10533,54.02194129514875
2025-03-05,400.5809631347656,401.9350487978022,374.3860615587668,374.3860615587668,14319490,5734,58.75532340025537
2025-03-06,413.6550598144531,417.2971236231617,402.72883988906057,405.296965824585,13001883,15711,51.470496830553685
2025-03-07,415.98968505859375,420.3321464875181,412.394303348893,413.5616332222202,7860045,9115,78.77413655181073
2025-03-10,408.4720764160156,421.9197112796479,407.3047465059908,415.9896981361344,6433534,11895,75.22734666513406
2025-03-11,412.3476257324219,413.8885240867396,397.826052357121,400.16071228879423,6287024,11861,62.73214999510688
2025-03-12,415.5227966308594,418.6979285190178,408.93903835615646,415.4760863314752,5120030,7723,74.24164050836818
2025-03-13,413.6550598144531,420.23878944945454,412.76787763701975,418.277669398837,5054710,14092,59.825878190442154
2025-03-17,417.3905029296875,421.21932231681217,413.84180282797126,414.63559288357,4865003,13482,61.006530003369015
2025-03-18,417.3905029296875,417.3905029296875,417.3905029296875,417.3905029296875,0,16852,66.75029897454365
2025-03-19,430.0910339355469,434.5735980280699,428.9237039894627,433.96659215595935,5728903,13800,53.04921441814129
2025-03-20,439.616455078125,443.77216106115094,429.7642017915346,434.2467373581054,10370120,12881,47.8022299237448
2025-03-21,436.3946228027344,441.8577327398749,431.44515514985613,440.22347078854966,12194708,6741,72.03671507444575
2025-03-24,441.0172424316406,444.5659139779169,434.8537347729758,437.9821846488924,7110186,13533,71.37747601181009
2025-03-25,431.25836181640625,442.60483163742106,429.6708101968941,442.60483163742106,6983464,14360,67.22148667097946
2025-03-26,433.45294189453125,442.09118333641004,432.47239615759185,433.6864078794469,9260792,6397,47.182868980186754
2025-03-27,441.11065673828125,443.3519245908619,431.16501104920854,433.03273900957026,7585534,6882,71.45461503226662
2025-03-28,432.7525634765625,443.9589312584291,431.4451596018648,441.62427130387357,6966128,13175,73.92178384449976
2025-04-01,427.14935302734375,434.90044069409953,424.53454544052573,427.709677081452,4385769,16404,67.85184903295453
2025-04-02,427.3828430175781,429.0638152743356,420.00532330528745,423.9742452042257,4104869,5430,69.84965492203474
2025-04-03,410.4331970214844,427.3828216423138,409.1257932200176,427.2427477527397,13020114,8684,67.25969595069532
2025-04-04,374.8996887207031,408.05185846760907,371.67784673995953,407.8183924834759,32283095,16674,45.555016859135115
2025-04-07,349.311767578125,355.9889170175344,338.99258326146884,345.48294852802604,26557078,4838,58.90170073956105
2025-04-08,351.22625732421875,364.9540410725129,343.802027098631,361.82561946102135,17126260,8456,49.351328588243426
2025-04-09,346.0432434082031,352.48692686926427,344.22222597294694,351.13281286674834,13982904,15985,69.95663536890034
2025-04-11,355.0083923339844,363.0863101984941,353.0472722427826,359.53763841385654,12949202,7854,74.05060324373626
2025-04-15,369.62335205078125,371.39771641299404,358.65045028083875,364.1602705647341,10517215,15466,59.21897434550902
2025-04-16,372.3315734863281,375.4133131648404,365.2342016669406,371.6778573124539,9739439,7314,53.7259582812453
2025-04-17,373.59228515625,377.04759338699586,367.14862919822053,371.9113413408572,8212290,4072,57.094073035459985
2025-04-21,384.70526123046875,385.59241487332764,373.5922575523425,377.28103151263025,7998005,6515,53.0565014289663
2025-04-22,385.73248291015625,390.6352685175325,385.03208496624535,386.61966503881615,7329286,8540,62.83853977684009
2025-04-23,390.5419006347656,391.9426965072013,383.44452918123864,388.487388622154,8692823,5007,66.10063514969809
2025-04-24,392.45635986328125,402.49539821790415,388.95436973957555,390.5419499953629,13580010,11431,60.513794817632615
2025-04-25,385.9659729003906,397.6392726917074,382.41730116353716,394.88439104051685,11205671,11709,50.86287492107338
2025-04-28,388.5807800292969,390.0282576952257,381.90365874896355,386.61966011148706,6864935,12734,56.92737179704322
2025-04-29,388.7675476074219,393.53025941089345,386.9932118176917,390.35512770833435,7054453,17533,75.50318909380226
2025-04-30,391.47576904296875,395.2579065422493,386.2928071559093,390.6352687104484,13507492,10506,75.08595792513566
2025-05-02,387.2734069824219,394.9310745796985,385.6858268041025,393.1567387034556,13939534,5248,61.819979629493005
2025-05-05,391.75592041015625,392.64310254738245,387.553532706114,388.16053856351147,7450806,12702,48.783753354857105
2025-05-06,383.77142333984375,396.5186612778607,382.23052493585186,392.2228811652449,7943490,8351,57.38485259172605
2025-05-07,388.4873962402344,390.355124106774,375.4133011744573,376.1136991244096,8806194,4774,55.107766155065434
2025-05-08,380.176025390625,390.2617448006957,378.26158716513515,387.55354500533105,10344459,15213,74.35070892418476
2025-05-09,380.923095703125,381.71688575255536,372.2381724545163,374.4794402122928,7120988,4171,46.7061543084487
2025-05-12,407.21136474609375,409.2658768395756,390.2150579244206,392.1761779228776,16818909,4351,67.43524380932007
2025-05-13,406.6043701171875,411.1802979072365,403.94285208137046,407.1646942035595,7806161,9938,45.61256185246402
2025-05-14,413.4216003417969,417.5305962035996,406.8845524027984,409.4993601786909,11385432,3075,51.35094258738464
2025-05-15,414.4488220214844,418.7446020199801,411.2270083970628,415.28932240106707,7108289,5651,68.08780955131692
2025-05-16,412.0207824707031,415.28930626659724,410.61998655817706,414.448805919669,5525659,7318,48.19857047843148
2025-05-19,412.8145751953125,417.34382135435817,411.50717127807974,412.76789339440944,4707043,10679,48.29313481480371
2025-05-20,406.5577087402344,419.86527108851834,405.2969866073854,417.9041509373386,6201064,8964,68.10245360324913
2025-05-21,408.7989501953125,410.1063540449131,403.14908461345055,407.44483604795727,5310912,7897,59.34321878624348
2025-05-22,406.32421875,410.4332145151447,402.9623027606028,409.96628253048584,5505100,3070,60.14732686882276
2025-05-23,410.9468078613281,413.32817796421784,404.5031524933454,406.60434631981354,4707367,15718,70.84880571098157
2025-05-26,416.0830993652344,417.81075348819456,413.0013595237244,414.6823033464993,4402485,11668,62.58432919855401
2025-05-27,418.3710632324219,422.43337724714365,414.5422152128075,416.50333527156283,7017265,7741,49.030033346620755
2025-05-28,417.297119140625,419.72517115343794,414.6356011361813,419.02477317854573,5398706,12810,46.2680766049565
2025-05-29,421.7796325683594,427.2427421846721,415.56944321787785,420.2387628045956,8539002,17063,67.98524283756302
2025-05-30,406.74444580078125,423.04038367999334,406.2308320105896,422.9469915819766,13752148,16044,51.54385710184381
2025-06-02,403.80279541015625,406.184165754006,397.73267929726296,405.11019933461813,9008143,12965,73.9244306095907
2025-06-03,405.2969970703125,411.1803291764642,402.9623369489397,407.16472516741067,6553349,4497,50.13073630091057
2025-06-04,407.95849609375,409.3592921005964,401.9350618646034,405.2969779808883,4747404,16714,64.90351221406493
2025-06-05,410.10638427734375,413.094760581815,404.8300581922239,409.03244633954796,5877012,6892,72.47613902664278
2025-06-06,418.4177551269531,419.7718693309536,409.5927573985326,411.64724110548616,10475617,5255,74.56074490551447
2025-06-09,427.6163024902344,430.88482635716014,421.2660389484852,422.57344279540223,8982580,17685,45.84713025498372
2025-06-10,431.02490234375,436.76818853721,428.7369527253564,429.4840324988591,8036246,9705,59.46584614505066
2025-06-11,438.2623596191406,441.8110598848455,431.58523778269586,433.7798238616124,15635681,7224,60.94267910943209
2025-06-12,430.04437255859375,440.643734672215,427.7097125555612,439.3830125707239,7559224,7302,59.356307464963955
2025-06-13,427.8031005859375,432.98603434365856,417.0636646741498,420.61233644529443,6666190,6101,77.94527210428225
2025-06-16,433.219482421875,436.11446637820023,426.49567905479006,433.3128745170983,8258945,11377,62.020285762848246
2025-06-17,428.59686279296875,435.0405182209368,427.52289647225285,433.31286424768234,5621986,6034,65.5441691446186
2025-06-18,426.30889892578125,436.8148685050037,423.36723314345227,433.3128786452629,15852801,4079,64.31910596432598
2025-06-19,410.4331970214844,427.10267386316565,407.9117530120899,426.30888382322553,12549420,14205,45.08409249579254
2025-06-20,417.53057861328125,419.7718463980897,408.7522631648763,409.4526611288331,11493281,7886,70.01655150725901
2025-06-23,420.09869384765625,421.5928818327966,412.8145381073215,414.6355841672215,7310603,9159,74.46258816047637
2025-06-24,422.8971252441406,428.63632538156384,421.66392399794796,425.93273762672356,6350436,4059,61.44768376879014
2025-06-25,419.24493408203125,424.93668549059055,416.9207906769716,424.93668549059055,6329973,10195,64.43623832716438
2025-06-26,432.09881591796875,433.52175384085996,418.4860373323601,420.2409998938752,10412097,9334,69.21705213066927
2025-06-27,439.9249572753906,446.8024903001811,435.41898736259685,435.8458803026543,23776172,8730,66.31163651915203
2025-06-30,437.1739501953125,443.8617465964448,433.4268688955464,442.10678410225376,6466543,14571,49.123441404782085
2025-07-01,441.9645080566406,446.09103377625854,432.9051482966915,438.26487528895575,11455315,7722,53.39452073297432
2025-07-02,445.3321533203125,450.5970120922284,439.07122062550275,443.1502977866497,11881474,17904,65.68139184670517
2025-07-03,434.7549743652344,448.0831775359319,433.56919271035457,443.9566515870007,17268863,3188,60.364873126610696
2025-07-04,435.4664306640625,439.83011281676585,431.71937811371953,437.31626157165033,4456947,8787,55.54901314186678
2025-07-07,430.8656311035156,436.0356217178234,429.7272691417842,435.41902105094687,4498429,12509,74.81995071427697
2025-07-08,432.8576965332031,434.66010769522376,428.9683561092527,430.5810016887638,4116967,3427,74.8235340284221
2025-07-09,418.1065979003906,437.7905727306416,399.0392237206561,437.3162600841295,38812827,15547,74.87934187419138
2025-07-10,416.6362609863281,420.00386936406284,410.94450894525664,416.0670799922714,13276890,16731,47.860128326879696
2025-07-11,420.00384521484375,423.32403371456587,414.122356864009,415.49787510807806,8741844,14205,73.57707129473508
2025-07-14,425.1738586425781,427.3082655053426,416.7310705589576,417.9643007828468,5611380,15760,50.46710167907407
2025-07-15,426.8813781738281,428.06715977986653,422.2331200681068,426.8813781738281,5408813,8815,61.51636307648819
2025-07-16,424.46240234375,427.3082782456196,421.7588144470245,426.8813852804405,3554230,12494,70.27391791937313
2025-07-17,421.52166748046875,426.691658113801,420.66791048090215,424.4624117676402,2713654,17194,58.92371438744448
2025-07-18,422.8971252441406,425.7430009966577,420.7627184297528,421.52163600027114,3419720,3760,78.05594078817538
2025-07-21,430.5335998535156,433.04745111825054,425.60073669461383,428.39919292029316,6402589,14729,71.10744598886313
2025-07-22,427.4505615234375,433.2371815831921,426.9762488783715,430.4861450820121,2871620,12576,53.234801442565505
2025-07-23,432.2410888671875,433.6166070579774,427.3556746253484,427.6876992524093,3049686,9622,65.54197547685673
2025-07-24,428.16204833984375,433.85380031790817,425.12643570497704,431.6245250032167,4846149,16397,70.29489246836937
2025-07-25,420.7627258300781,427.7351273363238,419.8141005625548,426.88137038550195,2481198,6387,46.484747118015754
2025-07-28,415.450439453125,420.90503463584236,412.41482707588864,420.71529800611063,3837524,15495,58.895437484654416
2025-07-29,416.9208068847656,418.818057428041,411.13418693782654,414.59666338935494,3034968,14157,77.7884816972952
2025-07-30,412.2725524902344,418.059172488356,411.32392721020614,417.86943585245194,2945839,10065,54.53117725689822
2025-07-31,403.7823486328125,412.0828199148498,402.2171226952919,406.96024914217037,7762131,7035,45.60715193567617
2025-08-01,402.6440124511719,408.85749646723724,400.6518935693869,403.2606130944099,4291007,16646,56.69455915318838
2025-08-04,409.2843933105469,411.08677557318356,400.5096093703255,402.5965676403141,3635372,17068,50.13692674495427
2025-08-05,415.92474365234375,416.5413442618636,408.5728981202159,410.1855436412875,5703172,8919,60.470508186309075
2025-08-06,417.9168701171875,419.8141207434369,414.9761548062986,417.30026945360584,4042034,11078,49.447049555817884
2025-08-07,415.3081359863281,417.0630985442022,407.9088703825432,415.02355998223874,4103120,11005,72.88234565909241
2025-08-08,409.2843933105469,417.30025964825256,408.28831938532255,415.30814074755034,2396484,6833,55.25073639771334
2025-08-11,408.0037536621094,412.4148555857278,404.7309847463376,409.8061359701769,5148588,17959,50.178133337655794
2025-08-12,410.99188232421875,414.7389635756242,407.00764476449,407.9088503160163,4915393,5826,73.46985626311138
2025-08-13,416.2093505859375,422.42283472418785,412.746874029132,413.4108943696205,5925324,4840,59.08700406481121
2025-08-14,408.0986022949219,417.11054235022806,406.1064834401156,416.8259373996867,5618967,4983,47.99843504979017
2025-08-18,415.6876220703125,417.3951360469695,410.84962720345504,417.3951360469695,4699393,15208,53.747139738084854
2025-08-19,427.0711364746094,427.83002516107143,417.5374345085994,419.292397164509,12000341,7470,72.95586000040024
2025-08-20,422.6125793457031,429.53753259009966,415.3081528141501,427.83001859688466,19775631,17635,76.19382357505005
2025-08-21,423.9406433105469,425.9327622423871,420.3832984143131,422.75486167846896,8103807,9266,56.20888736312499
2025-08-22,421.4267578125,428.7786033342712,420.90502551665924,428.4465787143069,16717742,16236,49.271057721148615
2025-08-25,427.16595458984375,428.30431651263297,421.23704655395454,423.94063440826926,13543057,16144,68.70021241505358
2025-08-26,421.1661682128906,428.2478791257895,419.0022945911193,427.8544557444529,10665952,8533,54.82447418895978
2025-08-28,417.5269470214844,422.7398745184205,414.18280315460385,421.16618094549847,6955858,12375,62.56756035668339
2025-08-29,413.74017333984375,421.51039773433047,413.10085658885515,417.5269371951643,7712901,9046,68.73823331900115
2025-09-01,423.920166015625,427.75609654940126,415.8548515466346,415.8548515466346,7817717,8630,46.247404342177326
2025-09-02,424.51031494140625,428.19871544770393,416.4450004944567,424.90373832548863,6420682,15959,71.73979689016839
2025-09-03,432.23138427734375,434.44442464054634,425.4938998350042,426.1332166033398,10052593,10361,74.099505469385
2025-09-04,428.5429992675781,438.67379462574047,427.8053191196649,438.67379462574047,7605728,3782,57.22274436772722
2025-09-05,438.1820068359375,439.46064041615136,428.4446349095064,428.8380583175505,8277809,17945,76.47709149802074
2025-09-08,427.2643127441406,434.6903105111438,426.23157259898437,433.75590370074116,11885826,17381,58.453703063159985
2025-09-09,425.6905822753906,430.70681293400173,424.8545688458554,427.8544558979381,6379983,16321,59.10530343170744
2025-09-10,426.5758361816406,430.3134034508153,424.90374923600507,427.8544697168107,5516735,7998,74.3595134944658
2025-09-11,430.5101318359375,432.57561216753635,425.83815772309816,426.92006455725715,6964582,3919,55.872970078854024
2025-09-12,443.4932861328125,447.525943495035,431.88713081351966,432.7723409622316,15838929,16502,67.89007801630966
2025-09-15,446.935791015625,455.19780238683757,445.3129007488963,447.5751077853932,14003502,3914,74.25242864819853
2025-09-16,453.7224426269531,455.787952976037,447.5259415959827,449.49308859200903,9675778,10650,57.19731769147339
2025-09-17,448.65704345703125,463.26311585179303,436.70663150360105,457.36167488552815,27609041,10303,61.86930245448734
2025-09-18,448.1652526855469,451.4110631976154,445.1653655611454,448.6570394283196,7741800,16728,60.76503574083498
2025-09-19,448.1160888671875,450.96844599015037,444.7227483139663,450.4766592442505,10444975,7140,55.457324943469516
2025-09-22,450.9192810058594,455.00110500881385,447.18168371329546,447.52594043996703,6873708,12764,47.93365736807221
2025-09-23,449.6898193359375,452.34544979464954,444.8211184705434,450.9192862194935,6504267,9032,78.05950896104987
2025-09-24,441.08355712890625,451.4602457602378,439.6573635181401,449.44393205039216,8390096,17530,72.78112333893657
2025-09-25,454.06671142578125,456.37811521081653,442.1162991104785,443.5916593967204,12571562,6312,64.09308397100017
2025-09-26,440.5917663574219,456.1813824972305,437.7885758471892,454.6568555613524,10271939,12631,75.90771336955045
2025-09-29,444.82110595703125,450.0340333901482,440.2966619495688,443.5916391080621,11707970,3063,53.909004819855554
2025-09-30,458.1485290527344,460.50912949028117,446.5423736386821,449.8865175701648,16517105,6127,50.55241514740443
2025-10-01,457.2141418457031,462.1320092851185,450.96844419438946,460.85334574110203,7779725,4638,51.01635836525399
2025-10-03,463.2139587402344,472.01692368675975,456.8698975641018,457.21415429749254,21404838,13830,67.76898228827037
2025-10-06,463.0663757324219,470.1481166933101,459.42717191841325,467.1482296288711,9042871,12279,75.05881519352738
2025-10-07,464.0991516113281,468.6727622809077,462.5254280432253,467.19740206386393,5931853,6478,65.45308395541382
2025-10-08,464.9352111816406,470.0989721202263,457.95183324239235,464.1483343621825,10158945,7932,67.3015226714181
2025-10-09,476.2463073730469,477.0331541775488,459.6730876627974,465.2302720123311,16201074,15952,49.959978348324704
2025-10-10,474.2791442871094,477.03313802590134,465.9679363706614,475.0659910649698,13091981,6552,54.457394494762596
2025-10-13,471.4267578125,472.75458801616435,466.8531471254611,471.623484515369,8312537,10918,76.16434762595026
2025-10-14,472.1644592285156,481.065817650069,467.0006982161546,475.902056637708,14181566,10664,60.440443927125784
2025-10-15,475.11517333984375,476.54136693988124,468.3777187903546,472.1644528015163,7569516,14752,61.53058544796005
2025-10-16,471.2300720214844,477.0331496949293,467.197414649673,477.0331496949293,5099739,6064,57.54053055046802
2025-10-17,466.26300048828125,473.19721159601045,459.86977280931035,470.14812777662974,5816016,9351,71.61576483322621
2025-10-20,466.115478515625,470.63992264672856,464.29586152616923,468.18098888159415,4010765,7638,71.48775559228403
2025-10-21,467.83673095703125,470.0989680249492,466.7056274312129,469.6563479418423,841526,13913,75.21024767597918
2025-10-23,475.3118896484375,476.8856132376999,466.85315162039797,469.2629186804823,11194491,12850,78.79184770175738
2025-10-24,487.45904541015625,492.81950311622165,479.2462004661258,481.9510276621891,25748299,15425,64.30188183762766
2025-10-27,496.95050048828125,497.63901393040317,489.0819126527419,492.770313200651,13611047,15971,63.60857066752078
2025-10-28,494.1965026855469,501.37657701987854,491.442478956003,497.6390098352665,10881126,12648,54.08291623656658
2025-10-29,507.72064208984375,515.7859566277068,495.77020030170803,495.77020030170803,25108474,9025,74.46579318642348
2025-10-30,498.6225891113281,506.4420103060903,494.9341885508329,504.5731966757482,7439433,14739,47.163247479864324
2025-10-31,485.44268798828125,499.065186940434,483.1313142807352,498.6225968760508,13235197,13169,74.40337444886592
2025-11-03,504.5732116699219,506.0485719379626,492.18017941512363,493.75390303762333,16492217,14535,65.63849086977552
2025-11-04,499.8028564453125,509.09760779525885,496.8029693463083,502.6060468586412,9015840,3850,62.141318405937334
2025-11-06,496.65545654296875,505.95023823136967,494.34405278813176,501.62249076857637,7236023,16748,69.89015981450382
2025-11-07,506.5895080566406,508.75338171568933,489.32780551678195,492.77031269127184,9229050,7339,61.11180597339387
2025-11-10,511.06475830078125,517.9497726891504,509.7369581103345,512.4417851914795,9368684,5118,74.05758889881771
2025-11-11,515.2449340820312,516.277734243232,507.0812863535256,511.5565335993426,6857737,14892,50.02098514429963
2025-11-12,512.04833984375,520.1628212148956,509.4910727579896,516.3760872547192,8017904,14294,78.91041288283688
2025-11-13,520.9005126953125,526.7036204820902,515.5892517015859,518.3432455538031,14483739,7420,51.74611199850079
2025-11-14,516.7203369140625,522.5726115026944,512.9336027857174,519.3268308166037,6780850,10422,74.40784231495941
2025-11-17,512.2450561523438,519.3267972117434,510.81886260045843,518.2940570647095,4575270,3893,57.718397942245424
2025-11-18,502.3110046386719,513.2286466100152,499.9012375275014,513.0811466027371,7919977,4440,77.87770144758252
2025-11-19,503.3929138183594,506.3436343683293,499.2127263725686,500.6389199782334,4009545,7213,51.552787072172
2025-11-20,501.3765869140625,510.4746417035771,500.78643681635134,507.5239212313021,5736356,12506,71.51036564292525
2025-11-21,488.2458801269531,502.6060592516861,486.4262631459755,501.6224857502151,8023391,6130,73.68539789569043
2025-11-24,487.01641845703125,495.2292632853777,485.6885882125927,489.9671389929918,10371411,15016,45.97452132867966
2025-11-25,496.3603515625,498.5242252288649,487.45902355916365,487.45902355916365,7658295,14104,70.32709915335668
2025-11-26,507.8189697265625,508.50748316095206,497.78653835868704,499.55695859528856,7777469,8137,59.661837843510874
2025-11-27,510.5729675292969,515.1466082070713,508.85171394578873,510.1795741583172,5978457,3358,69.30250312111889
2025-11-28,517.3596801757812,522.0808211442564,510.13043869585647,510.8681188481984,9990143,3449,72.94118295345947
2025-12-01,524.5397338867188,528.8183146177421,521.2939533534831,526.2118208379499,10279499,10808,45.651368700304765
2025-12-02,529.5559692382812,531.0313294125715,521.392261581161,522.1299416683062,9490883,17410,55.75195274599456
2025-12-03,524.0479736328125,532.1624553924304,520.0645127755131,532.1132887216124,9182829,10294,46.25672034651381
2025-12-04,520.94970703125,534.0803887074421,519.5726801744131,525.9167409970632,14735849,16479,70.61051939235861
2025-12-05,515.88427734375,522.7201248651123,509.29432318623117,520.1627978616038,14808276,14759,55.39418490197003
2025-12-08,502.8519592285156,518.6383021278566,500.8356455305423,515.6875815847064,7598744,12724,55.476650421240684
2025-12-09,507.6714782714844,509.0976117986171,494.0981461693654,501.5241139742478,7594795,3096,78.52352008852952
2025-12-10,515.5892333984375,522.0316277256092,507.6714788421779,510.72053263593506,14712797,12855,72.64877687835609
2025-12-11,520.3595581054688,525.7200457893471,516.4744306997644,519.3268179172596,11125398,17167,73.4534456497821
2025-12-12,534.6705322265625,537.5720860669727,526.2118241136484,526.2118241136484,18629112,16719,53.07918258805479
2025-12-15,540.3753051757812,542.7358455573917,530.4903434699249,532.0640970902275,13889922,11005,47.91609117334606
2025-12-16,560.1450805664062,563.4892543141548,536.2442577041496,538.9982513615288,34011443,11706,75.88327335610424
2025-12-17,560.440185546875,570.9152676573798,556.8009514783272,570.472647562241,30344596,4534,60.674715558816956
2025-12-18,569.6365966796875,573.4233305096517,554.7354346611382,560.3418154222043,14766995,16723,69.9862819213366
2025-12-19,572.0463256835938,573.8168060161327,562.1122573102091,572.4397790980607,16753034,3916,53.03080760601172
2025-12-22,576.0298461914062,584.734447682144,571.9479921398936,580.3083669175189,16201067,15493,73.89918362246456
2025-12-23,576.7675170898438,581.095204415358,574.9970367862736,576.3740636818145,7941430,10512,64.98782987874159
2025-12-24,588.3245239257812,589.9473842112772,577.5543818949525,580.259209070009,15686960,14544,56.37360481213045
2025-12-26,591.0784912109375,597.9143388617973,587.1441973149101,593.7833182644564,12119491,11398,45.88446119301203
2025-12-29,583.357421875,605.8812791553253,580.7018214372199,598.9962646194692,25560591,16368,57.189965436701215
2025-12-30,595.6029052734375,597.0290988174872,581.4394832650137,583.9967502848156,14079178,8852,50.68068297566445
2025-12-31,594.4718627929688,600.0290171922039,589.5047684634122,599.9798505224444,8925223,9730,52.54690265166463
2026-01-01,592.7506103515625,596.9307978433717,587.8819093840015,593.0948370731566,4250535,11507,73.89760364390321
2026-01-02,606.815673828125,608.2910340562349,593.6849317784098,594.2751118891906,9255218,4964,61.26378577642019
2026-01-05,605.5370483398438,614.2416497881887,599.6847740174951,610.3073557943493,8336113,16927,77.68995573885141
2026-01-06,611.5368041992188,617.585805045094,607.8484036913827,608.045130391646,10820314,15005,63.54968893081934
2026-01-07,611.9794311523438,619.5529589534925,608.1434705680099,615.6678317016797,10182854,7639,62.49508335082935
2026-01-08,593.5866088867188,608.9303315160017,585.2262341136664,608.8319981787555,18002061,8539,69.19684694662455
2026-01-09,599.832275390625,605.1927629759681,592.4554741353534,593.0948209238352,10839255,17281,67.3293872959852
2026-01-12,617.0447998046875,618.3726600246767,604.7009646144,609.6679986910622,13566302,16279,57.81446826658325
2026-01-13,626.7330322265625,631.94595965377,618.7660510347372,620.7331979908578,17754332,16027,59.708113206773135
2026-01-14,664.6497802734375,668.28901416232,631.6017353006129,636.3720426739387,45759805,3015,53.808802687781615
2026-01-15,664.6497802734375,664.6497802734375,664.6497802734375,664.6497802734375,0,3424,72.4747499549939
2026-01-16,671.4856567382812,674.7314373604705,653.4370465561124,664.6498087410174,27743749,13268,77.89795035464479
2026-01-19,663.7153930664062,676.698575415187,662.4367595089076,673.6986882138269,16748844,13496,62.17728152421567
2026-01-20,660.7646484375,675.2231905251776,658.158214748527,664.8956690386308,18175860,6872,61.70343525422004
2026-01-21,665.5350341796875,666.7645010572584,648.1749378553619,660.7646666751751,16508847,4501,70.13535171852091
2026-01-22,667.502197265625,682.6000268729155,653.879667914401,668.8299975123667,19313521,8893,56.97812950470514
2026-01-23,672.9118041992188,687.5178460135207,670.2561438604657,673.7478176241226,21435331,15974,52.60988231965298
2026-01-27,693.8619384765625,695.7306921094357,683.140963299708,685.6490637214309,18667388,8025,72.01511343647917
2026-01-28,724.9920043945312,729.7623718993171,698.435519837478,699.419093339591,26645434,9317,75.27100116952194
2026-01-29,753.7615356445312,757.1548762617551,730.7951181908585,733.0081585891485,30290476,14541,48.676637993448665
2026-01-30,670.3544921875,742.5979761814675,664.0104312453977,742.5979761814675,54628339,5298,69.40414474757472
2026-02-02,649.7978515625,663.4694870830185,628.5526281138119,642.6177170441912,35747809,9059,47.931863590809975
2026-02-03,664.5514526367188,688.5014431089852,642.814442484741,683.5835756582068,21124257,5101,71.16637872826249
2026-02-04,676.5018310546875,682.5508320011612,666.4693695000155,668.8299698773129,13319058,4024,52.23405260470528
2026-02-05,644.4373779296875,654.3714464011313,633.6180692832362,649.207685456234,18234038,8251,64.31523846622346
2026-02-06,660.0269775390625,662.2891845564005,629.7329260957518,632.437753189486,16866400,7897,56.697570441250605
2026-02-09,668.5841064453125,674.8297743424417,659.8795047252877,670.7971468859186,10904101,13411,64.71999724866791
2026-02-10,678.8132934570312,681.3705606133956,666.8628510947416,674.7314393082488,10605218,13242,75.3333549226574
2026-02-11,689.632568359375,693.419302238005,678.1739133235524,683.5835674544871,11146383,7442,69.81345260418121
2026-02-12,691.206298828125,697.3536333961447,686.5343245564301,689.6326051917376,8735305,5906,55.086988238024354
2026-02-13,662.5842895507812,673.7478243796685,651.6665880558958,673.7478243796685,15868021,12220,53.44756748315081
2026-02-16,668.6332397460938,670.2561600012361,654.3222576175656,658.0106581678338,6387272,17689,76.19129871500664
2026-02-17,657.2238159179688,668.8299710562562,649.4535613588495,668.6332443523744,10070194,17262,63.21276017331667
2026-02-18,666.8628540039062,667.6988674922129,657.322178746895,658.9942657560725,7902530,8851,52.12469411218784
2026-02-19,665.0432739257812,677.4854432029907,662.6826734137676,672.2233487703563,8113467,16505,65.52672657586352
2026-02-20,671.23974609375,672.2233195923026,661.5023444450542,664.6006249785198,6871777,5219,54.765829017013736
2026-02-23,670.0594482421875,684.3212640212873,659.2893063886997,683.5835838947821,10762317,11457,54.994247615656214
2026-02-24,683.681884765625,687.4195119218106,664.8956557824293,667.3545894206779,10730605,4855,70.81927506724689
2026-02-25,715.8447875976562,720.3200350555555,694.7963505318281,694.7963505318281,23666523,9177,67.05173935781752
2026-02-26,725.3363037109375,726.2214838586433,713.2875281012294,721.0085562136088,13822953,15358,75.30540175383025
2026-02-27,706.5992431640625,722.7298129269254,703.2550691717587,722.7298129269254,12543859,15434,62.07719781948674
2026-03-02,711.4678344726562,718.9921954144357,683.5835510438206,683.5835510438206,13268756,3610,46.14730871620775
2026-03-04,689.4850463867188,706.9434765912326,680.5345512526416,698.4355415207959,14669674,5442,75.44171898653502
2026-03-05,699.566650390625,725.7789081230314,694.4028895265817,694.845509607155,22092809,9903,64.63976316768176
2026-03-06,709.156494140625,717.3201421914873,690.173537579989,700.4026659696923,13468762,4660,61.983427879938404
2026-03-09,697.7470703125,701.5338043037785,686.5343083127058,697.4027835652984,10105473,17863,70.86402609513003
2026-03-10,710.1400756835938,712.0580560385592,691.5505122932557,708.1729286595395,14950497,6508,60.352073134506135
2026-03-11,709.6974487304688,731.2868991171028,703.2550542955327,715.6480564141492,15906006,3278,68.36955587020316
2026-03-12,707.7794799804688,718.3037286361342,692.9767105318646,718.2545619667163,10180516,16366,67.89866021347768
2026-03-13,678.2230834960938,703.7468273977443,673.2068827435997,702.7632539143093,15416801,7704,63.06033894035255
2026-03-16,674.3379516601562,686.0425000467378,666.125137142155,676.6985520174273,11112301,11660,57.71860252016625
2026-03-17,687.8621215820312,690.8128421608333,667.2563042327819,678.3706730730898,9586258,11297,62.08205532189891
2026-03-18,667.8463745117188,688.5014170223905,663.4202939737177,688.5014170223905,11227748,6019,77.89145915737888
2026-03-19,654.4205932617188,677.3870701219638,649.5519525442343,656.0435135225877,13840558,16283,69.21609700229816
2026-03-20,661.1581420898438,676.8461519761977,653.4862805250237,658.9942683068011,25993024,9755,70.32172755305743
2026-03-23,635.142578125,650.0437404401442,623.8314830441832,649.15850029036,21999651,7011,64.00402855287521
2026-03-24,640.896484375,653.0928200884729,632.9787295114643,653.0928200884729,14286858,11662,53.96357759693621
2026-03-25,658.6500244140625,662.7318184574896,648.1749425286099,650.1420895469062,12926445,8612,48.24592193838888
2026-03-27,649.4000244140625,666.7000122070312,648.0499877929688,655.4500122070312,17226044,15708,51.03451182494988
2026-03-30,654.7999877929688,678.5999755859375,650.25,652.9500122070312,24457507,10963,48.96998064542723
2026-04-01,677.2000122070312,689.5,663.1500244140625,664.0,16756679,6965,73.07918939143956
2026-04-02,687.6500244140625,689.5999755859375,652.7999877929688,669.9000244140625,16016248,9912,70.29036843104953
2026-04-06,690.0,708.4000244140625,686.7999877929688,687.75,13013026,14899,69.42438301319318
2026-04-07,713.25,718.9500122070312,693.0,700.0499877929688,20950898,3922,71.5751238527594
2026-04-08,721.4000244140625,735.0,717.2999877929688,734.0,16394216,10528,66.5433469294252
2026-04-09,737.0,739.0,722.2999877929688,725.0,15515507,16808,54.06085004901883
2026-04-10,745.1500244140625,746.5,731.75,740.0,15333995,3404,70.4287004018375
2026-04-13,752.5499877929688,754.5999755859375,734.0,735.0,12586088,13778,72.81746774109945
2026-04-15,766.0499877929688,768.0,741.0999755859375,752.0,23115401,5278,66.37716168669706
2026-04-16,782.8499755859375,787.8499755859375,770.2999877929688,772.0,15151305,3874,45.80104160683689
2026-04-17,787.5,791.1500244140625,772.4000244140625,782.8499755859375,9934013,4717,56.39731853281745
2026-04-20,771.0,782.9500122070312,768.1500244140625,782.9500122070312,10554185,17710,58.134884854614654
2026-04-21,766.7999877929688,795.0,763.1500244140625,791.7000122070312,30562626,15577,70.04282507662265
2026-04-22,757.0,773.8499755859375,755.5,769.7000122070312,14257215,7317,78.00067298429114
2026-04-23,735.5999755859375,758.7999877929688,733.0499877929688,758.7999877929688,17456241,3213,46.90098611259305
2026-04-24,720.9500122070312,734.9500122070312,707.5999755859375,734.9500122070312,19062006,9978,59.2517317428825
2026-04-27,742.5,746.5999755859375,720.5499877929688,724.25,22351684,16890,76.27863232904377
2026-04-28,739.2999877929688,757.9500122070312,728.7000122070312,747.0,37978285,3878,56.09454438358571
2026-04-29,773.5999755859375,780.0,732.2000122070312,745.0,54738724,16077,78.51791519206566
2026-04-30,271.54998779296875,292.0,268.70001220703125,289.5,73870853,16844,63.18156287064272
2026-05-01,271.54998779296875,271.54998779296875,271.54998779296875,271.54998779296875,0,9702,59.67182224619452
2026-05-04,294.6499938964844,296.0,274.95001220703125,277.0,86297119,14791,62.877825752358994
2026-05-05,303.8999938964844,305.8999938964844,292.0,296.95001220703125,69612545,5955,50.677878109438694
2026-05-06,316.3999938964844,318.0,308.6000061035156,310.0,75050951,10506,50.12711751743464
2026-05-07,305.3999938964844,322.75,303.6000061035156,319.8999938964844,64690914,5124,76.48956495075026
2026-05-08,296.45001220703125,306.3999938964844,295.8999938964844,305.6499938964844,32681575,17504,48.53878681905264
2026-05-11,298.3999938964844,301.54998779296875,294.20001220703125,296.6000061035156,25738983,8817,64.40451037952107
2026-05-12,305.04998779296875,309.8999938964844,298.1000061035156,298.1000061035156,47596105,15915,62.66124621421653
2026-05-13,323.3500061035156,325.5,308.79998779296875,311.95001220703125,72680545,11416,46.62701338953332
2026-05-14,338.8999938964844,340.6499938964844,325.1000061035156,329.0,77635934,7601,68.51159435422831
2026-05-15,331.04998779296875,338.8999938964844,325.0,338.8999938964844,56392805,10141,71.78697549210514
2026-05-18,327.0,329.3500061035156,320.6499938964844,323.8999938964844,21115770,7035,64.5254233133563
2026-05-19,337.6499938964844,339.0,325.3999938964844,325.3999938964844,35074019,17574,45.53348371580855
2026-05-20,333.75,339.45001220703125,331.45001220703125,332.54998779296875,21015658,9250,46.41790912152276
2026-05-21,329.75,338.25,328.8999938964844,338.0,14507403,11239,51.88350646132146
2026-05-22,329.95001220703125,333.6000061035156,327.0,331.0,14086715,4857,50.358949676583414
2026-05-25,332.5,335.3999938964844,330.5,333.0,11129217,4050,64.60316622132251
2026-05-26,344.8999938964844,348.5,332.1499938964844,332.5,39844071,7444,72.51131007094446
2026-05-27,354.70001220703125,357.95001220703125,345.8999938964844,347.3999938964844,26959207,8994,50.50812394435931
2026-05-28,354.70001220703125,354.70001220703125,354.70001220703125,354.70001220703125,0,7218,52.95977835389192
2026-05-29,352.6000061035156,360.0,350.0,359.95001220703125,32684449,6223,70.48402143649884
2026-06-01,337.1499938964844,356.6499938964844,335.04998779296875,355.1000061035156,21598323,7058,51.63321003870068
2026-06-02,333.54998779296875,343.5,328.20001220703125,336.45001220703125,30249461,13861,75.5779679000765
2026-06-03,328.20001220703125,334.0,325.0,333.54998779296875,20194365,3793,72.5426628191673
2026-06-04,327.5,330.79998779296875,325.0,328.20001220703125,13730888,4438,64.57275420139737
2026-06-05,315.6000061035156,329.70001220703125,312.3500061035156,329.6000061035156,20824974,11949,71.43114968740103
2026-06-08,304.25,314.79998779296875,301.6499938964844,311.0,14491919,16924,64.43411540642268
2026-06-09,306.25,309.79998779296875,303.25,305.0,12416474,16168,51.07878417736606
2026-06-10,299.29998779296875,306.3999938964844,296.3999938964844,306.29998779296875,13610674,4349,71.28079448852223
2026-06-11,304.8999938964844,310.0,292.79998779296875,295.04998779296875,21784565,13537,58.39325320464174
2026-06-12,309.6499938964844,314.0,303.70001220703125,314.0,18636477,7039,58.225883539822085
2026-06-15,302.5,318.45001220703125,300.3999938964844,313.1499938964844,28394765,14887,54.55992797313386
2026-06-16,299.95001220703125,304.29998779296875,295.6000061035156,302.5,21934302,10507,69.87771940298862
2026-06-17,306.5,308.20001220703125,297.29998779296875,299.0,17292581,16627,70.54744448154226
2026-06-18,306.0,309.0,302.75,307.0,12373677,7051,60.79004654899016
2026-06-19,300.79998779296875,304.8999938964844,299.5,302.3999938964844,15040336,4989,60.74577365649618
2026-06-22,305.8500061035156,306.79998779296875,300.79998779296875,300.79998779296875,13551008,11647,70.78147998622788
2026-06-23,281.70001220703125,294.5,279.0,294.5,174644055,12110,63.720726979119334
2026-06-24,282.54998779296875,284.3500061035156,278.1499938964844,280.95001220703125,21011503,15437,47.542899053608636
2026-06-25,273.45001220703125,279.0,271.3999938964844,279.0,39094966,3387,76.8419823882073
2026-06-26,273.45001220703125,273.45001220703125,273.45001220703125,273.45001220703125,0,12003,71.44645171774589
2026-06-29,284.54998779296875,287.3999938964844,270.5,270.5,57647547,5488,56.38510022442614
2026-06-30,280.75,283.8999938964844,278.04998779296875,283.8999938964844,17134140,15937,45.23465637055027
2026-07-01,275.54998779296875,281.0,274.6499938964844,280.75,15467108,10071,73.62365400649543
2026-07-02,276.1000061035156,279.75,275.25,277.0,11185934,17932,49.759634040874595
2026-07-03,280.3999938964844,282.79998779296875,278.79998779296875,279.0,12313780,16153,49.476287469918745
2026-07-06,282.0,282.8500061035156,278.54998779296875,281.95001220703125,9188601,13975,50.53273740142878
2026-07-07,275.04998779296875,282.3500061035156,274.1000061035156,282.0,13028080,5411,74.32935490345058
2026-07-08,272.29998779296875,278.79998779296875,270.6499938964844,273.6000061035156,20776930,5064,69.96269311063924
2026-07-09,271.3500061035156,274.70001220703125,270.79998779296875,273.25,10018324,16637,60.02331214585787
2026-07-10,272.54998779296875,276.75,272.20001220703125,273.79998779296875,11889321,15050,67.52148559363096
2026-07-13,269.6499938964844,271.25,268.1000061035156,271.0,9688301,12390,64.30912817038768
2026-07-14,267.70001220703125,270.95001220703125,266.20001220703125,269.6499938964844,11000576,17084,52.342443836031734
2026-07-15,260.54998779296875,271.29998779296875,260.1000061035156,268.0,21696090,10762,54.79453225462703
2026-07-16,257.8999938964844,262.3999938964844,256.1000061035156,261.0,15712716,4923,60.53467502663642
2026-07-17,253.0500030517578,258.3999938964844,249.6999969482422,258.0,24108053,15015,72.66669380246191
2026-07-20,261.8500061035156,262.95001220703125,252.8000030517578,253.0500030517578,13725150,5789,51.8117962763419
2026-07-21,264.8500061035156,266.29998779296875,259.54998779296875,261.8500061035156,11178039,6812,58.99706661544461
2026-07-22,262.29998779296875,266.1499938964844,260.95001220703125,264.8500061035156,6972972,5212,74.2929488605711
2026-07-23,264.6000061035156,268.29998779296875,261.0,261.0,9488717,3682,59.88987925970888
2026-07-24,264.6499938964844,266.04998779296875,260.1000061035156,262.0,6744189,17673,46.44452447054513
2026-07-27,264.6499938964844,268.1000061035156,264.0,267.04998779296875,7084059,15038,77.15524862067252
2026-07-28,259.3500061035156,266.0,259.0,264.6499938964844,5991534,6467,76.26286935764706
2026-07-29,264.5,265.5,260.1000061035156,260.1499938964844,4780075,12993,61.96686910150126
2026-07-30,267.5,269.70001220703125,263.25,265.3999938964844,9414948,3991,78.1511529853218
2026-07-31,264.25,269.0,263.0,268.79998779296875,15446979,4988,62.53787587876832
2026-08-03,267.25,268.79998779296875,264.5,267.8999938964844,6725800,7163,64.07330028236751
2026-08-04,269.0,271.8999938964844,266.04998779296875,268.0,14077888,5495,48.369637719582386
2026-08-05,277.0,277.20001220703125,267.6000061035156,270.0,17363666,13894,47.74434389936909
2026-08-06,275.0,282.3500061035156,273.6000061035156,280.95001220703125,18499108,8511,76.52261455779177
2026-08-07,278.8500061035156,278.8500061035156,271.8500061035156,273.95001220703125,10287563,16499,74.44279542345377
2026-08-10,283.6499938964844,285.79998779296875,277.20001220703125,280.0,26401833,15507,51.96784863492641
2026-08-11,277.0,286.3999938964844,276.8999938964844,284.8999938964844,10783072,5712,65.11816897437063
